filename,nct,pos_idx,arm_name,tt_12mo,original_label,ctgov_label,ctgov_type,ctgov_label_text,confidence,match_status,n_pipeline_arms,n_ctgov_arms,label_flipped
30738780 CT_Summary_SoE.pdf,NCT02043678,0,Arm B (Placebo + abiraterone acetate + prednisone/prednisolone),17.0,control,control,PLACEBO_COMPARATOR,Placebo + Abi/Pred,0.7,confident_2arm,2,2,False
30738780 CT_Summary_SoE.pdf,NCT02043678,0,Arm A (Radium-223 dichloride + abiraterone acetate + prednisone/prednisolone),17.0,intervention,intervention,EXPERIMENTAL,Radium-223 dichloride + Abi/Pred,0.75,confident_2arm,2,2,False
PIMD 27718847 a_Summary_SoE.pdf,NCT02142738,0,Arm B (Standard of Care Platinum-based Chemotherapy),24.0,control,control,ACTIVE_COMPARATOR,Paclitaxel+Carboplatin,0.0,count_mismatch,2,6,False
PIMD 27718847 a_Summary_SoE.pdf,NCT02142738,0,Arm A (Pembrolizumab Monotherapy),18.0,intervention,intervention,EXPERIMENTAL,Pembrolizumab,0.8,count_mismatch,2,6,False
PMID 19213681 a_Summary_SoE.pdf,NCT00295646,0,Arm A (Nolvadex alone),3.0,control,control,ACTIVE_COMPARATOR,TC (Tamoxifen Control),0.3,count_mismatch,5,4,False
PMID 19213681 a_Summary_SoE.pdf,NCT00295646,1,Arm C (Arimidex alone),3.0,control,control,ACTIVE_COMPARATOR,AC (Arimidex Control),0.3,count_mismatch,5,4,False
PMID 19213681 a_Summary_SoE.pdf,NCT00295646,0,Arm C (Arimidex alone),3.0,intervention,intervention,,,0.0,count_mismatch_leftover,5,4,False
PMID 19213681 a_Summary_SoE.pdf,NCT00295646,1,Arm B (Nolvadex plus zoledronate),3.0,intervention,control,ACTIVE_COMPARATOR,TZ (Tamoxifen+Zoledronate),0.4,count_mismatch,5,4,True
PMID 19213681 a_Summary_SoE.pdf,NCT00295646,2,Arm D (Arimidex plus zoledronate),8.5,intervention,control,ACTIVE_COMPARATOR,AZ (Arimidex+Zoledronate),0.4,count_mismatch,5,4,True
PMID 20525992 a_Summary_SoE.pdf,NCT00094653,0,Arm A (Melanoma Peptide Vaccine Monotherapy),11.0,control,intervention,EXPERIMENTAL,2,0.033,uncertain,3,3,True
PMID 20525992 a_Summary_SoE.pdf,NCT00094653,0,Arm B (MDX-010 + Melanoma Peptide Vaccine),11.0,intervention,control,ACTIVE_COMPARATOR,1,0.5,confident,3,3,True
PMID 20525992 a_Summary_SoE.pdf,NCT00094653,1,Arm C (MDX-010 Monotherapy),11.0,intervention,control,ACTIVE_COMPARATOR,3,0.0,uncertain,3,3,True
PMID 20525993 a_Summary_SoE.pdf,NCT00471497,0,Arm C (Imatinib 400 mg QD),11.0,control,intervention,EXPERIMENTAL,imatinib 400mg QD (control arm),0.2,uncertain,3,3,True
PMID 20525993 a_Summary_SoE.pdf,NCT00471497,0,Arm A (Nilotinib 300 mg BID),11.0,intervention,intervention,EXPERIMENTAL,nilotinib 300mg bid (investigating arm),0.2,uncertain,3,3,False
PMID 20525993 a_Summary_SoE.pdf,NCT00471497,1,Arm B (Nilotinib 400 mg BID),11.0,intervention,intervention,EXPERIMENTAL,Nilotinb 400 mg bid (investigating arm),0.2,uncertain,3,3,False
PMID 20525995 a_Summary_SoE.pdf,NCT00481247,0,Imatinib (400 mg daily),8.0,control,control,ACTIVE_COMPARATOR,Imatinib,0.7,confident_2arm,2,2,False
PMID 20525995 a_Summary_SoE.pdf,NCT00481247,0,Dasatinib (100 mg daily),8.0,intervention,intervention,EXPERIMENTAL,Dasatinib,0.7,confident_2arm,2,2,False
PMID 20570559 CT a_Summary_SoE.pdf,NCT00312377,0,Placebo + Docetaxel,18.0,control,control,ACTIVE_COMPARATOR,1,0.5,confident_2arm,2,2,False
PMID 20570559 CT a_Summary_SoE.pdf,NCT00312377,0,Vandetanib + Docetaxel,18.0,intervention,intervention,EXPERIMENTAL,2,1.0,confident_2arm,2,2,False
PMID 20818862 a_Summary_SoE.pdf,NCT00065442,0,Arm B (Placebo),12.0,control,control,PLACEBO_COMPARATOR,APC-Placebo,0.833,confident_2arm,2,2,False
PMID 20818862 a_Summary_SoE.pdf,NCT00065442,0,Arm A (Sipuleucel-T),12.0,intervention,control,ACTIVE_COMPARATOR,Sipuleucel-T,1.0,confident_2arm,2,2,True
PMID 20826719 a_Summary_SoE.pdf,NCT00075803,0,Fluconazole,4.0,control,control,ACTIVE_COMPARATOR,Fluconazole,0.7,confident_2arm,2,2,False
PMID 20826719 a_Summary_SoE.pdf,NCT00075803,0,Voriconazole,4.0,intervention,intervention,EXPERIMENTAL,Voriconazole,0.7,confident_2arm,2,2,False
PMID 21121833 a_Summary_SoE.pdf,NCT00121992,0,Arm B (FAC),9.0,control,control,ACTIVE_COMPARATOR,Arm A: FAC,0.5,confident_2arm,2,2,False
PMID 21121833 a_Summary_SoE.pdf,NCT00121992,0,Arm A (TAC),9.0,intervention,intervention,EXPERIMENTAL,Arm B: TAC,0.5,confident_2arm,2,2,False
PMID 21282542 CT_Summary_SoE.pdf,NCT00364351,0,Arm B (Erlotinib / TARCEVA),16.0,control,control,ACTIVE_COMPARATOR,1,1.0,confident_2arm,2,2,False
PMID 21282542 CT_Summary_SoE.pdf,NCT00364351,0,Arm A (ZD6474 / ZACTIMA),16.0,intervention,intervention,EXPERIMENTAL,2,0.5,confident_2arm,2,2,False
PMID 21306237 a_Summary_SoE.pdf,NCT00428597,0,Arm B (Placebo),15.0,control,control,PLACEBO_COMPARATOR,B,1.0,confident_2arm,2,2,False
PMID 21306237 a_Summary_SoE.pdf,NCT00428597,0,Arm A (Sunitinib),15.0,intervention,intervention,EXPERIMENTAL,A,0.75,confident_2arm,2,2,False
PMID 21306238 a_Summary_SoE.pdf,NCT00510068,0,Arm B (Placebo plus best supportive care),15.0,control,control,PLACEBO_COMPARATOR,Placebo,0.5,confident_2arm,2,2,False
PMID 21306238 a_Summary_SoE.pdf,NCT00510068,0,Arm A (RAD001 10 mg/d plus best supportive care),15.0,intervention,intervention,EXPERIMENTAL,Everolimus 10 mg/day,0.5,confident_2arm,2,2,False
PMID 21410393 a_Summary_SoE.pdf,NCT00414648,0,Placebo,5.0,control,control,PLACEBO_COMPARATOR,Placebo Arm,1.0,confident_2arm,2,2,False
PMID 21410393 a_Summary_SoE.pdf,NCT00414648,0,Sirolimus (Rapamycin),5.0,intervention,intervention,EXPERIMENTAL,Active Agent (Sirolimus),0.5,confident_2arm,2,2,False
PMID 21612468 a_Summary_SoE.pdf,NCT00638690,0,Arm B (Placebo + Prednisone),17.0,control,control,PLACEBO_COMPARATOR,Placebo plus prednisone/prednisolone,0.727,confident_2arm,2,2,False
PMID 21612468 a_Summary_SoE.pdf,NCT00638690,0,Arm A (Abiraterone Acetate + Prednisone),17.0,intervention,intervention,EXPERIMENTAL,Abiraterone acetate plus prednisone/prednisolone,0.7,confident_2arm,2,2,False
PMID 21621716 CT_Summary_SoE.pdf,NCT00130728,0,Arm 1 (Tarceva + placebo),18.0,control,control,PLACEBO_COMPARATOR,erlotinib HCl + placebo,0.889,confident_2arm,2,2,False
PMID 21621716 CT_Summary_SoE.pdf,NCT00130728,0,Arm 2 (Tarceva + bevacizumab),18.0,intervention,intervention,EXPERIMENTAL,erlotinib HCl + bevacizumab,0.857,confident_2arm,2,2,False
PMID 21631324 a_Summary_SoE.pdf,NCT00019682,0,Arm 2: High-dose IL-2 alone,103.0,control,intervention,EXPERIMENTAL,Arm I (aldesleukin),0.5,confident_2arm,2,2,True
PMID 21631324 a_Summary_SoE.pdf,NCT00019682,0,Arm 1: gp100:209-217(210M) peptide vaccine + high-dose IL-2,103.0,intervention,intervention,EXPERIMENTAL,Arm II (gp100 antigen in Montanide IDA-51 and aldesleukin),0.5,confident_2arm,2,2,False
PMID 21639808 a_Summary_SoE.pdf,NCT01006980,0,Arm B (Dacarbazine),19.0,control,control,ACTIVE_COMPARATOR,Dacarbazine,1.0,confident_2arm,2,2,False
PMID 21639808 a_Summary_SoE.pdf,NCT01006980,0,Arm A (RO5185426),19.0,intervention,intervention,EXPERIMENTAL,Vemurafenib,0.5,confident_2arm,2,2,False
PMID 21639810 a_Summary_SoE.pdf,NCT00324155,0,Arm B (Placebo + Dacarbazine),17.0,control,control,ACTIVE_COMPARATOR,Arm B: Placebo and Dacarbazine,1.0,confident_2arm,2,2,False
PMID 21639810 a_Summary_SoE.pdf,NCT00324155,0,Arm A (Ipilimumab + Dacarbazine),17.0,intervention,intervention,EXPERIMENTAL,Arm A: Ipilimumab and Dacarbazine,1.0,confident_2arm,2,2,False
PMID 21751904 a_Summary_SoE.pdf,NCT00002597,0,Arm 2 (Radiation Therapy Alone),41.0,control,control,OTHER,Radiation therapy alone,0.5,confident_2arm,2,2,False
PMID 21751904 a_Summary_SoE.pdf,NCT00002597,0,Arm 1 (Neoadjuvant TAS + Radiation Therapy),42.0,intervention,intervention,EXPERIMENTAL,Neoadjuvant TAS + RT,0.5,confident_2arm,2,2,False
PMID 21962393 CT_Summary_SoE.pdf,NCT00075829,0,Arm B2 (Auto-Auto + Observation),36.0,control,control,ACTIVE_COMPARATOR,Auto transplants,0.0,uncertain,3,3,False
PMID 21962393 CT_Summary_SoE.pdf,NCT00075829,0,Arm A (Auto-Allo: ASCT followed by NMSCT),45.0,intervention,control,ACTIVE_COMPARATOR,Auto transplants plus Therapy,0.062,uncertain,3,3,True
PMID 21962393 CT_Summary_SoE.pdf,NCT00075829,1,Arm B1 (Auto-Auto + Maintenance),51.0,intervention,control,ACTIVE_COMPARATOR,Auto and Allo transplants,0.0,uncertain,3,3,True
PMID 21990397 a_Summary_SoE.pdf,NCT00281697,0,Arm B (Chemotherapy + Placebo),18.0,control,control,PLACEBO_COMPARATOR,Standard chemotherapy + placebo,1.0,confident_2arm,2,2,False
PMID 21990397 a_Summary_SoE.pdf,NCT00281697,0,Arm A (Chemotherapy + Bevacizumab),18.0,intervention,intervention,EXPERIMENTAL,Standard chemotherapy + bevacizumab,1.0,confident_2arm,2,2,False
PMID 21991949 a_Summary_SoE.pdf,NCT00021255,0,AC→T (Doxorubicin and Cyclophosphamide followed by Docetaxel),11.0,control,intervention,EXPERIMENTAL,Doxorubicin+Cyclophosphamide (AC) followed by Docetaxel (AC→T),1.0,confident,3,3,True
PMID 21991949 a_Summary_SoE.pdf,NCT00021255,0,AC→TH (Doxorubicin and Cyclophosphamide followed by Docetaxel and Trastuzumab),26.0,intervention,intervention,EXPERIMENTAL,AC followed by Docetaxel + Herceptin (AC→TH),1.0,confident,3,3,False
PMID 21991949 a_Summary_SoE.pdf,NCT00021255,1,"TCH (Docetaxel, Carboplatin and Trastuzumab)",31.0,intervention,intervention,EXPERIMENTAL,Docetaxel + Carboplatin + Herceptin (TCH),1.0,confident,3,3,False
PMID 22025146 CT_Summary_SoE.pdf,NCT00410761,0,Placebo,8.0,control,control,NO_INTERVENTION,1,0.5,confident_2arm,2,2,False
PMID 22025146 CT_Summary_SoE.pdf,NCT00410761,0,Vandetanib 300 mg,8.0,intervention,intervention,EXPERIMENTAL,2,0.75,confident_2arm,2,2,False
PMID 22119496 a_Summary_SoE.pdf,NCT00412061,0,Arm B (Placebo + Sandostatin LAR Depot),15.0,control,control,PLACEBO_COMPARATOR,Octreotide+ Placebo,0.455,confident_2arm,2,2,False
PMID 22119496 a_Summary_SoE.pdf,NCT00412061,0,Arm A (Everolimus 10 mg/d + Sandostatin LAR Depot),15.0,intervention,intervention,EXPERIMENTAL,Octreotide+ Everolimus,0.5,confident_2arm,2,2,False
PMID 22149875 a_Summary_SoE.pdf,NCT00567190,0,Arm A (Placebo + Trastuzumab + Docetaxel),25.0,control,control,PLACEBO_COMPARATOR,Placebo + Trastuzumab + Docetaxel,1.0,confident_2arm,2,2,False
PMID 22149875 a_Summary_SoE.pdf,NCT00567190,0,Arm B (Pertuzumab + Trastuzumab + Docetaxel),25.0,intervention,intervention,EXPERIMENTAL,Pertuzumab + Trastuzumab + Docetaxel,1.0,confident_2arm,2,2,False
PMID 22149876 a_Summary_SoE.pdf,NCT00863655,0,Arm B (Placebo + Exemestane),11.0,control,control,ACTIVE_COMPARATOR,Placebo + Exemestane,0.727,confident_2arm,2,2,False
PMID 22149876 a_Summary_SoE.pdf,NCT00863655,0,Arm A (Everolimus + Exemestane),11.0,intervention,intervention,EXPERIMENTAL,Everolimus + Exemestane,1.0,confident_2arm,2,2,False
PMID 22204724 a_Summary_SoE.pdf,NCT00262847,0,Arm I (Standard Chemotherapy + Placebo),30.0,control,control,ACTIVE_COMPARATOR,"Arm I (placebo, paclitaxel, carboplatin)",0.278,uncertain,3,3,False
PMID 22204724 a_Summary_SoE.pdf,NCT00262847,0,Arm II (Concurrent Bevacizumab + Placebo Maintenance),30.0,intervention,intervention,EXPERIMENTAL,"Arm II (placebo, paclitaxel, carboplatin, bevacizumab)",0.364,uncertain,3,3,False
PMID 22204724 a_Summary_SoE.pdf,NCT00262847,1,Arm III (Extended Bevacizumab),30.0,intervention,intervention,EXPERIMENTAL,"Arm III (paclitaxel, carboplatin, bevacizumab)",0.188,uncertain,3,3,False
PMID 22257673 a_Summary_SoE.pdf,NCT00553358,0,Lapatinib alone,21.0,intervention,intervention,EXPERIMENTAL,Arm 1 Lapatinib,0.5,confident,3,3,False
PMID 22257673 a_Summary_SoE.pdf,NCT00553358,1,Trastuzumab alone,22.0,intervention,control,ACTIVE_COMPARATOR,Arm 2 Trastuzumab,0.5,confident,3,3,True
PMID 22257673 a_Summary_SoE.pdf,NCT00553358,2,Lapatinib + Trastuzumab,22.0,intervention,intervention,EXPERIMENTAL,Arm 3 Lapatinib plus Trastuzumab,0.667,confident,3,3,False
PMID 22271472 a_Summary_SoE.pdf,NCT00004859,0,Arm A (Standard Treatment: Induction Chemo + Concurrent Chemoradiotherapy),36.0,control,control,ACTIVE_COMPARATOR,Arm A (Paclitaxel + Carboplatin + RT),0.5,confident_2arm,2,2,False
PMID 22271472 a_Summary_SoE.pdf,NCT00004859,0,Arm B (Induction Chemo + Concurrent Chemoradiotherapy + Thalidomide),47.0,intervention,intervention,EXPERIMENTAL,Arm B (Paclitaxel + Carboplatin + RT+ Thalidomide),0.5,confident_2arm,2,2,False
PMID 22375970 a_Summary_SoE.pdf,NCT00934544,0,Best-available therapy (BAT),13.0,control,control,ACTIVE_COMPARATOR,Best Available Therapy (BAT),0.7,confident_2arm,2,2,False
PMID 22375970 a_Summary_SoE.pdf,NCT00934544,0,INC424 (Ruxolitinib),14.0,intervention,intervention,EXPERIMENTAL,Ruxolitinib,0.75,confident_2arm,2,2,False
PMID 22375971 a_Summary_SoE.pdf,NCT00952289,0,Placebo,14.0,control,control,PLACEBO_COMPARATOR,Placebo,0.625,confident_2arm,2,2,False
PMID 22375971 a_Summary_SoE.pdf,NCT00952289,0,INCB018424,14.0,intervention,intervention,EXPERIMENTAL,Ruxolitinib,0.5,confident_2arm,2,2,False
PMID 22454414 a_Summary_SoE.pdf,NCT00110214,0,Arm A (Docetaxel + Prednisone + Placebo),18.0,control,intervention,EXPERIMENTAL,Arm I,0.786,confident_2arm,2,2,True
PMID 22454414 a_Summary_SoE.pdf,NCT00110214,0,Arm B (Docetaxel + Prednisone + Bevacizumab),18.0,intervention,intervention,EXPERIMENTAL,Arm II,0.75,confident_2arm,2,2,False
PMID 22508813 a_Summary_SoE.pdf,NCT00602420,0,Matching Placebo,2.0,control,control,PLACEBO_COMPARATOR,Placebo,0.833,confident_2arm,2,2,False
PMID 22508813 a_Summary_SoE.pdf,NCT00602420,0,Naproxen 500mg twice daily,2.0,intervention,intervention,EXPERIMENTAL,Naproxen,0.5,confident_2arm,2,2,False
PMID 22529265 a_Summary_SoE.pdf,NCT00434642,0,Arm B (Placebo + Carboplatin + Gemcitabine),24.0,control,control,ACTIVE_COMPARATOR,Carboplatin and gemcitabine + placebo,1.0,confident_2arm,2,2,False
PMID 22529265 a_Summary_SoE.pdf,NCT00434642,0,Arm A (Bevacizumab + Carboplatin + Gemcitabine),24.0,intervention,intervention,EXPERIMENTAL,Carboplatin and gemcitabine + bevacizumab,1.0,confident_2arm,2,2,False
PMID 22551107 a_Summary_SoE.pdf,NCT00094497,0,"Arm B (Sz/M: Streptozotocin, Mitotane)",32.0,control,control,ACTIVE_COMPARATOR,Sz-M,0.7,confident_2arm,2,2,False
PMID 22551107 a_Summary_SoE.pdf,NCT00094497,0,"Arm A (EDP/M: Etoposide, Doxorubicin, Cisplatin, Mitotane)",78.0,intervention,control,ACTIVE_COMPARATOR,EDP-M,1.0,confident_2arm,2,2,True
PMID 22564989 a_Summary_SoE.pdf,NCT00457392,0,Placebo + Erlotinib,19.0,control,control,ACTIVE_COMPARATOR,2,1.0,confident_2arm,2,2,False
PMID 22564989 a_Summary_SoE.pdf,NCT00457392,0,Sunitinib + Erlotinib,19.0,intervention,intervention,EXPERIMENTAL,1,1.0,confident_2arm,2,2,False
PMID 22571200 a_Summary_SoE.pdf,NCT00405756,0,Arm C (MP plus placebo induction followed by placebo maintenance),25.0,control,intervention,OTHER,MPp+p,0.013,uncertain,3,3,True
PMID 22571200 a_Summary_SoE.pdf,NCT00405756,0,Arm A (MPR induction followed by lenalidomide maintenance),25.0,intervention,intervention,EXPERIMENTAL,MPR+R,0.158,uncertain,3,3,False
PMID 22571200 a_Summary_SoE.pdf,NCT00405756,1,Arm B (MPR induction followed by placebo maintenance),25.0,intervention,intervention,EXPERIMENTAL,MPR+p,0.333,uncertain,3,3,False
PMID 22571201 a_Summary_SoE.pdf,NCT00114101,0,Arm B (Placebo),19.0,control,control,PLACEBO_COMPARATOR,"Arm II (melphalan, autologous PBSCT, placebo)",0.5,confident_2arm,2,2,False
PMID 22571201 a_Summary_SoE.pdf,NCT00114101,0,Arm A (CC-5013 / Lenalidomide),19.0,intervention,intervention,EXPERIMENTAL,"Arm I (melphalan, autologous PBSCT, lenalidomide)",0.5,confident_2arm,2,2,False
PMID 22585697 a_Summary_SoE.pdf,NCT00317642,0,Arm A (Placebo + Intermediate Dose cytarabine [IDAC]),31.0,control,intervention,EXPERIMENTAL,placebo and cytarabine,0.8,confident_2arm,2,2,True
PMID 22585697 a_Summary_SoE.pdf,NCT00317642,0,Arm B (Clofarabine + Intermediate Dose cytarabine [IDAC]),31.0,intervention,intervention,EXPERIMENTAL,clofarabine (IV formulation) and cytarabine,0.571,confident_2arm,2,2,False
PMID 22663011 a_Summary_SoE.pdf,NCT01245062,0,Arm B (Chemotherapy - Dacarbazine or Paclitaxel),19.0,control,control,ACTIVE_COMPARATOR,Chemotherapy,0.143,uncertain,3,3,False
PMID 22663011 a_Summary_SoE.pdf,NCT01245062,0,Arm A (GSK1120212 / Trametinib),19.0,intervention,intervention,EXPERIMENTAL,GSK1120212,0.25,uncertain,3,3,False
PMID 22663011 a_Summary_SoE.pdf,NCT01245062,1,Arm C (Extension Arm - Crossover to GSK1120212),20.0,intervention,intervention,EXPERIMENTAL,Crossover,0.367,uncertain,3,3,False
PMID 22689805 a_Summary_SoE.pdf,NCT00260832,0,Arm A (Supportive Care or Low-dose Cytarabine),144.0,control,intervention,EXPERIMENTAL,A,1.0,confident_2arm,2,2,True
PMID 22689805 a_Summary_SoE.pdf,NCT00260832,0,Arm B (Decitabine),79.0,intervention,control,ACTIVE_COMPARATOR,B,0.75,confident_2arm,2,2,True
PMID 22735384 a_Summary_SoE.pdf,NCT01227889,0,Arm B (DTIC),20.0,control,control,ACTIVE_COMPARATOR,Dacarbazine (DTIC),0.8,count_mismatch,2,3,False
PMID 22735384 a_Summary_SoE.pdf,NCT01227889,0,Arm A (GSK2118436),20.0,intervention,intervention,EXPERIMENTAL,GSK2118436,0.5,count_mismatch,2,3,False
PMID 22808955 a_Summary_SoE.pdf,NCT00007644,0,Expectant Management (Watchful Waiting),6.0,control,control,NO_INTERVENTION,Watchful Waiting,0.5,confident_2arm,2,2,False
PMID 22808955 a_Summary_SoE.pdf,NCT00007644,0,Radical Prostatectomy,6.0,intervention,control,OTHER,Radical Prostatectomy,0.5,confident_2arm,2,2,True
PMID 22851564 a_Summary_SoE.pdf,NCT00449033,0,Placebo + Gemcitabine + Cisplatin,30.0,control,control,PLACEBO_COMPARATOR,Placebo + GC,1.0,confident_2arm,2,2,False
PMID 22851564 a_Summary_SoE.pdf,NCT00449033,0,Sorafenib + Gemcitabine + Cisplatin,30.0,intervention,intervention,EXPERIMENTAL,"Sorafenib (Nexavar, BAY43-9006) + GC",0.9,confident_2arm,2,2,False
PMID 22853014 a_Summary_SoE.pdf,NCT00075764,0,Arm 1 (Anastrozole alone),14.0,control,control,ACTIVE_COMPARATOR,Arm I,1.0,confident_2arm,2,2,False
PMID 22853014 a_Summary_SoE.pdf,NCT00075764,0,Arm 2 (Anastrozole and Fulvestrant),15.0,intervention,intervention,EXPERIMENTAL,Arm II,1.0,confident_2arm,2,2,False
PMID 22894553 a_Summary_SoE.pdf,NCT00974311,0,Arm B (Placebo),10.0,control,control,PLACEBO_COMPARATOR,Placebo,1.0,confident_2arm,2,2,False
PMID 22894553 a_Summary_SoE.pdf,NCT00974311,0,Arm A (MDV3100),10.0,intervention,intervention,EXPERIMENTAL,Enzalutamide,0.5,confident_2arm,2,2,False
PMID 22915657 a_Summary_SoE.pdf,NCT00475085,0,Arm 3 (Aprepitant + Palonosetron + Dexamethasone),1.0,control,control,ACTIVE_COMPARATOR,Arm III,0.338,count_mismatch,5,4,False
PMID 22915657 a_Summary_SoE.pdf,NCT00475085,1,"Arm 2: Granisetron + Dexamethasone (Day 1), Compazine + Placebo (Days 2 & 3)",1.0,control,intervention,EXPERIMENTAL,Arm II,0.533,count_mismatch,5,4,True
PMID 22915657 a_Summary_SoE.pdf,NCT00475085,0,Arm 1 (Palonosetron + Dexamethasone + Compazine),1.0,intervention,control,ACTIVE_COMPARATOR,Arm I,0.133,count_mismatch,5,4,True
PMID 22915657 a_Summary_SoE.pdf,NCT00475085,1,Arm 2 (Granisetron + Dexamethasone + Compazine),1.0,intervention,intervention,,,0.0,count_mismatch_leftover,5,4,False
PMID 22915657 a_Summary_SoE.pdf,NCT00475085,2,Arm 4 (Palonosetron + Dexamethasone + Compazine + Dexamethasone),1.5,intervention,intervention,EXPERIMENTAL,Arm IV,0.133,count_mismatch,5,4,False
PMID 22949154 a_Summary_SoE.pdf,NCT00574873,0,Arm 2 (Imatinib 400mg daily),9.0,control,control,ACTIVE_COMPARATOR,2,0.5,confident_2arm,2,2,False
PMID 22949154 a_Summary_SoE.pdf,NCT00574873,0,Arm 1 (Bosutinib 500mg daily),9.0,intervention,intervention,EXPERIMENTAL,1,0.5,confident_2arm,2,2,False
PMID 22965961 a_Summary_SoE.pdf,NCT00384176,0,Bevacizumab + FOLFOX (Arm C),28.0,control,control,ACTIVE_COMPARATOR,1,0.5,confident_2arm,2,2,False
PMID 22965961 a_Summary_SoE.pdf,NCT00384176,0,Cediranib + FOLFOX (Arm A/B),28.0,intervention,intervention,EXPERIMENTAL,2,0.5,confident_2arm,2,2,False
PMID 22965962 a_Summary_SoE.pdf,NCT00532155,0,Arm B (Placebo + Docetaxel),36.0,control,control,PLACEBO_COMPARATOR,Placebo/Docetaxel,0.533,confident_2arm,2,2,False
PMID 22965962 a_Summary_SoE.pdf,NCT00532155,0,Arm A (Aflibercept + Docetaxel),36.0,intervention,intervention,EXPERIMENTAL,Aflibercept/Docetaxel,0.5,confident_2arm,2,2,False
PMID 22965965 a_Summary_SoE.pdf,NCT00399035,0,"Placebo + XELOX (Arms C, E)",20.0,control,control,PLACEBO_COMPARATOR,Xelox + placebo Cediranib,0.375,uncertain,4,4,False
PMID 22965965 a_Summary_SoE.pdf,NCT00399035,1,"Placebo + FOLFOX (Arms C, E)",28.0,control,control,PLACEBO_COMPARATOR,FOLFOX + placebo Cediranib,0.316,uncertain,4,4,False
PMID 22965965 a_Summary_SoE.pdf,NCT00399035,0,"Cediranib + XELOX (Arms A, B, D)",20.0,intervention,intervention,EXPERIMENTAL,XELOX + Cediranib,0.364,uncertain,4,4,False
PMID 22965965 a_Summary_SoE.pdf,NCT00399035,1,"Cediranib + FOLFOX (Arms A, B, D)",28.0,intervention,intervention,EXPERIMENTAL,FOLFOX + Cediranib,0.286,uncertain,4,4,False
PMID 22987089 a_Summary_SoE.pdf,NCT00091169,0,Arm B (Placebo),3.0,control,control,PLACEBO_COMPARATOR,Arm II,1.0,confident_2arm,2,2,False
PMID 22987089 a_Summary_SoE.pdf,NCT00091169,0,Arm A (Levocarnitine),3.0,intervention,intervention,EXPERIMENTAL,Arm I,0.7,confident_2arm,2,2,False
PMID 23075175 a_Summary_SoE.pdf,NCT00075816,0,Arm B (Marrow Transplantation),29.0,control,control,ACTIVE_COMPARATOR,Bone Marrow Transplant,0.5,confident_2arm,2,2,False
PMID 23075175 a_Summary_SoE.pdf,NCT00075816,0,Arm A (PBSC Transplantation),29.0,intervention,control,ACTIVE_COMPARATOR,Blood Stem Cell Transplant,0.5,confident_2arm,2,2,True
PMID 23177515 a_Summary_SoE.pdf,NCT01271712,0,Placebo,0.0,control,control,PLACEBO_COMPARATOR,Placebo,0.714,confident_2arm,2,2,False
PMID 23177515 a_Summary_SoE.pdf,NCT01271712,0,Regorafenib,0.0,intervention,intervention,EXPERIMENTAL,"Regorafenib (Stivarga, BAY73-4506)",0.5,confident_2arm,2,2,False
PMID 23228172 a_Summary_SoE.pdf,NCT00887198,0,Arm B (Placebo + Prednisone),17.0,control,control,PLACEBO_COMPARATOR,Placebo + prednisone,1.0,confident_2arm,2,2,False
PMID 23228172 a_Summary_SoE.pdf,NCT00887198,0,Arm A (Abiraterone Acetate + Prednisone),17.0,intervention,intervention,EXPERIMENTAL,Abiraterone + prednisone,1.0,confident_2arm,2,2,False
PMID 23234763 a_Summary_SoE.pdf,NCT00374322,0,Placebo,1.0,control,control,PLACEBO_COMPARATOR,Placebo,1.0,confident_2arm,2,2,False
PMID 23234763 a_Summary_SoE.pdf,NCT00374322,0,Lapatinib,1.0,intervention,intervention,EXPERIMENTAL,Lapatinib,1.0,confident_2arm,2,2,False
PMID 23248256 a_Summary_SoE.pdf,NCT00110019,0,Arm 1 (Carboplatin and Paclitaxel plus Placebo),18.0,control,control,ACTIVE_COMPARATOR,"Arm II (carboplatin, paclitaxel, placebo)",0.733,confident_2arm,2,2,False
PMID 23248256 a_Summary_SoE.pdf,NCT00110019,0,Arm 2 (Carboplatin and Paclitaxel plus Sorafenib),18.0,intervention,intervention,EXPERIMENTAL,"Arm I (paclitaxel, carboplatin, sorafenib tosylate)",0.643,confident_2arm,2,2,False
PMID 23295789 a_Summary_SoE.pdf,NCT00210353,0,Arm A (Chlorambucil alone),18.0,control,control,ACTIVE_COMPARATOR,ARM A,0.75,confident,3,3,False
PMID 23295789 a_Summary_SoE.pdf,NCT00210353,0,Arm B (Chlorambucil plus Rituximab),19.0,intervention,intervention,EXPERIMENTAL,ARM B,1.0,confident,3,3,False
PMID 23295789 a_Summary_SoE.pdf,NCT00210353,1,Arm C (Rituximab alone),19.0,intervention,intervention,EXPERIMENTAL,ARM C (Since April 2006),0.6,confident,3,3,False
PMID 23295793 a_Summary_SoE.pdf,NCT00106691,0,Arm B (Placebo),4.0,control,intervention,EXPERIMENTAL,Placebo,1.0,confident_2arm,2,2,True
PMID 23295793 a_Summary_SoE.pdf,NCT00106691,0,Arm A (Toremifene Citrate 20 mg),4.0,intervention,intervention,EXPERIMENTAL,20 mg Toremifene Citrate,0.7,confident_2arm,2,2,False
PMID 23358971 a_Summary_SoE.pdf,NCT00066573,0,Arm 2: Exemestane + Placebo,5.0,control,control,,,0.0,count_mismatch_leftover,4,2,False
PMID 23358971 a_Summary_SoE.pdf,NCT00066573,1,Arm 4: Anastrozole + Placebo,5.0,control,control,,,0.0,count_mismatch_leftover,4,2,False
PMID 23358971 a_Summary_SoE.pdf,NCT00066573,0,Arm 1: Exemestane + Celecoxib,5.0,intervention,intervention,EXPERIMENTAL,Exemestane,0.55,count_mismatch,4,2,False
PMID 23358971 a_Summary_SoE.pdf,NCT00066573,1,Arm 3: Anastrozole + Celecoxib,5.0,intervention,control,ACTIVE_COMPARATOR,Anastrozole,0.55,count_mismatch,4,2,True
PMID 23358972_Summary_SoE.pdf,NCT00457691,0,Arm B (FOLFIRI + Placebo),29.0,control,control,PLACEBO_COMPARATOR,2,0.5,confident_2arm,2,2,False
PMID 23358972_Summary_SoE.pdf,NCT00457691,0,Arm A (FOLFIRI + sunitinib),29.0,intervention,intervention,EXPERIMENTAL,1,0.5,confident_2arm,2,2,False
PMID 23460714 a_Summary_SoE.pdf,NCT00088907,0,Arm A (Docetaxel + Placebo),40.0,control,control,ACTIVE_COMPARATOR,Arm I (docetaxel and placebo),1.0,confident_2arm,2,2,False
PMID 23460714 a_Summary_SoE.pdf,NCT00088907,0,Arm B (Docetaxel + ZD1839),40.0,intervention,intervention,EXPERIMENTAL,Arm II (docetaxel and gefitinib),0.5,confident_2arm,2,2,False
PMID 23478059 a_Summary_SoE.pdf,NCT00418574,0,Arm B (Placebo),15.0,control,control,PLACEBO_COMPARATOR,Placebo,1.0,confident_2arm,2,2,False
PMID 23478059 a_Summary_SoE.pdf,NCT00418574,0,Arm A (Abagovomab),15.0,intervention,intervention,EXPERIMENTAL,Abagovomab,0.7,confident_2arm,2,2,False
PMID 23509322 a_Summary_SoE.pdf,NCT00281658,0,Paclitaxel + Placebo,22.0,control,control,ACTIVE_COMPARATOR,Paclitaxel and Placebo (Blinded),0.6,count_mismatch,3,4,False
PMID 23509322 a_Summary_SoE.pdf,NCT00281658,0,Paclitaxel + Lapatinib,22.0,intervention,intervention,EXPERIMENTAL,Paclitaxel and Lapatinib (Blinded),0.4,count_mismatch,3,4,False
PMID 23509322 a_Summary_SoE.pdf,NCT00281658,1,Arm A (Lapatinib + Paclitaxel),22.0,intervention,intervention,OTHER,Open Label - Combination Therapy (Extension Phase),0.0,count_mismatch,3,4,False
PMID 23569308 a_Summary_SoE.pdf,NCT00617669,0,Arm B (Placebo + Docetaxel),21.0,control,control,ACTIVE_COMPARATOR,Placebo + Docetaxel,1.0,confident_2arm,2,2,False
PMID 23569308 a_Summary_SoE.pdf,NCT00617669,0,Arm A (Zibotentan + Docetaxel),21.0,intervention,intervention,EXPERIMENTAL,ZD4054 + Docetaxel,0.6,confident_2arm,2,2,False
PMID 23690416 a_Summary_SoE.pdf,NCT00499109,0,Arm B (Standard Gemcitabine/Carboplatin),17.0,control,control,ACTIVE_COMPARATOR,C. Standard of Care Control Arm,1.0,confident_2arm,2,2,False
PMID 23690416 a_Summary_SoE.pdf,NCT00499109,0,Arm A (Personalized Chemotherapy based on RRM1/ERCC1),21.0,intervention,intervention,EXPERIMENTAL,E. Dual Agent Chemotherapy,0.5,confident_2arm,2,2,False
PMID 23724913 a_Summary_SoE.pdf,NCT00932893,0,Arm B (Standard of Care Chemotherapy),19.0,control,intervention,EXPERIMENTAL,PF-02341066,0.5,confident_2arm,2,2,True
PMID 23724913 a_Summary_SoE.pdf,NCT00932893,0,Arm A (PF-02341066),19.0,intervention,control,ACTIVE_COMPARATOR,Pemetrexed or Docetaxel,0.5,confident_2arm,2,2,True
PMID 23733756 a_Summary_SoE.pdf,NCT00775645,0,Placebo + Taxane,15.0,control,control,PLACEBO_COMPARATOR,Arm II,0.833,confident_2arm,2,2,False
PMID 23733756 a_Summary_SoE.pdf,NCT00775645,0,Acetyl-L-Carnitine + Taxane,15.0,intervention,intervention,EXPERIMENTAL,Arm I,0.5,confident_2arm,2,2,False
PMID 23733779 a_Summary_SoE.pdf,NCT00129389,0,Arm A (6 cycles of FAC),9.0,control,control,ACTIVE_COMPARATOR,Arm A: FAC,0.5,confident_2arm,2,2,False
PMID 23733779 a_Summary_SoE.pdf,NCT00129389,0,Arm B (4 cycles of FAC followed by 8 weekly Taxol),15.0,intervention,intervention,EXPERIMENTAL,Arm B: FAC-wP,0.5,confident_2arm,2,2,False
PMID 23816960 a_Summary_SoE.pdf,NCT00949650,0,Arm B (Pemetrexed/Cisplatin),20.0,control,control,ACTIVE_COMPARATOR,Cisplatin/Pemetrexed,1.0,confident_2arm,2,2,False
PMID 23816960 a_Summary_SoE.pdf,NCT00949650,0,Arm A (Afatinib),20.0,intervention,intervention,EXPERIMENTAL,BIBW 2992,0.5,confident_2arm,2,2,False
PMID 23835708 a_Summary_SoE.pdf,NCT00961415,0,Arm A (Bevacizumab Maintenance),18.0,control,intervention,EXPERIMENTAL,Part 2A,0.4,count_mismatch,2,3,True
PMID 23835708 a_Summary_SoE.pdf,NCT00961415,0,Arm B (Bevacizumab + Pemetrexed Maintenance),18.0,intervention,control,ACTIVE_COMPARATOR,Part 2B,0.55,count_mismatch,2,3,True
PMID 23857972 a_Summary_SoE.pdf,NCT00435409,0,Arm B (Capecitabine Monotherapy),20.0,control,control,ACTIVE_COMPARATOR,B,1.0,confident_2arm,2,2,False
PMID 23857972 a_Summary_SoE.pdf,NCT00435409,0,Arm A (Sunitinib + Capecitabine),20.0,intervention,intervention,EXPERIMENTAL,A,1.0,confident_2arm,2,2,False
PMID 23863050 a_Summary_SoE.pdf,NCT00699751,0,Placebo + Best Standard of Care,11.0,control,control,PLACEBO_COMPARATOR,Placebo,0.857,confident_2arm,2,2,False
PMID 23863050 a_Summary_SoE.pdf,NCT00699751,0,Alpharadin (Radium-223 chloride) + Best Standard of Care,11.0,intervention,intervention,EXPERIMENTAL,"Radium-223 dichloride (Xofigo, BAY88-8223)",0.5,confident_2arm,2,2,False
PMID 23940216 a_Summary_SoE.pdf,NCT00777153,0,Arm C (Lomustine + Placebo),22.0,control,control,ACTIVE_COMPARATOR,Lomustine and Placebo Cediranib,0.667,confident,3,3,False
PMID 23940216 a_Summary_SoE.pdf,NCT00777153,0,Arm A (Cediranib 30 mg Monotherapy),22.0,intervention,intervention,EXPERIMENTAL,Cediranib 30mg,0.75,confident,3,3,False
PMID 23940216 a_Summary_SoE.pdf,NCT00777153,1,Arm B (Cediranib 20 mg + Lomustine),22.0,intervention,intervention,OTHER,Cediranib 20mg + lomustine,0.5,uncertain,3,3,False
PMID 23940225 a_Summary_SoE.pdf,NCT00093795,0,Group 1 (TAC),11.0,control,control,ACTIVE_COMPARATOR,Group 1: TAC X 6,0.1,uncertain,3,3,False
PMID 23940225 a_Summary_SoE.pdf,NCT00093795,0,Group 2 (DD AC -> P),13.0,intervention,control,ACTIVE_COMPARATOR,Group 2: AC X 4 then P X 4,0.0,uncertain,3,3,True
PMID 23940225 a_Summary_SoE.pdf,NCT00093795,1,Group 3 (DD AC -> PG),13.0,intervention,intervention,EXPERIMENTAL,Group 3: AC X 4 then PG X 4,0.0,uncertain,3,3,False
PMID 23960180 a_Summary_SoE.pdf,NCT01144364,0,Arm B (No further therapy/Observation),27.0,control,control,,,0.0,count_mismatch_leftover,2,1,False
PMID 23960180 a_Summary_SoE.pdf,NCT01144364,0,Arm A (Maintenance Rituximab),29.0,intervention,intervention,EXPERIMENTAL,1,0.3,count_mismatch,2,1,False
PMID 23980091 a_Summary_SoE.pdf,NCT00049543,0,Arm 2 - Placebo,5.0,control,control,PLACEBO_COMPARATOR,Arm II (placebo),0.625,confident_2arm,2,2,False
PMID 23980091 a_Summary_SoE.pdf,NCT00049543,0,Arm 1 - ZD1839 (IRESSA),5.0,intervention,intervention,EXPERIMENTAL,Arm I (gefitinib),0.5,confident_2arm,2,2,False
PMID 24043745 a_Summary_SoE.pdf,NCT00879333,0,Arm B (Placebo + Best Supportive Care),19.0,control,control,PLACEBO_COMPARATOR,Placebo + BSC,0.636,confident_2arm,2,2,False
PMID 24043745 a_Summary_SoE.pdf,NCT00879333,0,Arm A (Everolimus (RAD001) + Best Supportive Care),19.0,intervention,intervention,EXPERIMENTAL,Everolimus + BSC,0.714,confident_2arm,2,2,False
PMID 24081940 a_Summary_SoE.pdf,NCT00354432,0,Arm D (Casein protein powder + Placebo pill),1.0,control,control,ACTIVE_COMPARATOR,Arm I - Placebo,0.778,confident,4,4,False
PMID 24081940 a_Summary_SoE.pdf,NCT00354432,0,Arm A (Soy protein powder + Placebo pill),1.0,intervention,control,ACTIVE_COMPARATOR,Arm II - Soy,0.9,confident,4,4,True
PMID 24081940 a_Summary_SoE.pdf,NCT00354432,1,Arm B (Casein protein powder + Effexor XR),1.0,intervention,intervention,EXPERIMENTAL,Arm III - Venlafaxine,0.1,uncertain,4,4,False
PMID 24081940 a_Summary_SoE.pdf,NCT00354432,2,Arm C (Soy protein powder + Effexor XR),1.0,intervention,control,PLACEBO_COMPARATOR,Arm IV - Soy + Venlafaxine,0.2,uncertain,4,4,True
PMID 24101040 a_Summary_SoE.pdf,NCT00304031,0,Arm 1 (Standard Arm: RT + TMZ 5/28),54.0,control,intervention,OTHER,No adjuvant TMZ (not randomized ),0.0,count_mismatch,2,3,True
PMID 24101040 a_Summary_SoE.pdf,NCT00304031,0,Arm 2 (Experimental Arm: RT + TMZ 21/28),63.0,intervention,intervention,EXPERIMENTAL,Dose-dense adjuvant TMZ,0.0,count_mismatch,2,3,False
PMID 24101054 a_Summary_SoE.pdf,NCT00257608,0,Arm 1 (Bevacizumab + Erlotinib-placebo),19.0,control,control,PLACEBO_COMPARATOR,2,0.727,confident_2arm,2,2,False
PMID 24101054 a_Summary_SoE.pdf,NCT00257608,0,Arm 2 (Bevacizumab + Erlotinib),19.0,intervention,intervention,EXPERIMENTAL,1,0.857,confident_2arm,2,2,False
PMID 24131140 a_Summary_SoE.pdf,NCT00844649,0,Arm B (Gemcitabine Alone),42.0,control,control,ACTIVE_COMPARATOR,Gemcitabine,1.0,confident_2arm,2,2,False
PMID 24131140 a_Summary_SoE.pdf,NCT00844649,0,Arm A (ABI-007 plus Gemcitabine),42.0,intervention,intervention,EXPERIMENTAL,Albumin-bound paclitaxel (ABI-007)/Gemcitabine,0.5,confident_2arm,2,2,False
PMID 24145346 a_Summary_SoE.pdf,NCT00762034,0,Arm B (Paclitaxel + Carboplatin + Bevacizumab),26.0,control,control,ACTIVE_COMPARATOR,Pac/Carbo/Bev,0.75,confident_2arm,2,2,False
PMID 24145346 a_Summary_SoE.pdf,NCT00762034,0,Arm A (Pemetrexed + Carboplatin + Bevacizumab),26.0,intervention,intervention,EXPERIMENTAL,Pem/Carbo/Bev,0.75,confident_2arm,2,2,False
PMID 24297945 a_Summary_SoE.pdf,NCT00631371,0,Arm B (bevacizumab + interferon-alfa),53.0,control,control,ACTIVE_COMPARATOR,2,0.875,confident_2arm,2,2,False
PMID 24297945 a_Summary_SoE.pdf,NCT00631371,0,Arm A (bevacizumab + temsirolimus),53.0,intervention,intervention,EXPERIMENTAL,1,1.0,confident_2arm,2,2,False
PMID 24297950 a_Summary_SoE.pdf,NCT00474786,0,Arm B (Sorafenib),27.0,control,intervention,EXPERIMENTAL,1,1.0,confident_2arm,2,2,True
PMID 24297950 a_Summary_SoE.pdf,NCT00474786,0,Arm A (Temsirolimus),53.0,intervention,intervention,EXPERIMENTAL,2,0.75,confident_2arm,2,2,False
PMID 24297951 a_Summary_SoE.pdf,NCT01099449,0,Arm 2: Placebo before and after FOLFOX,15.0,control,control,PLACEBO_COMPARATOR,Arm II,0.455,confident,3,3,False
PMID 24297951 a_Summary_SoE.pdf,NCT01099449,0,Arm 1: CaMg before and after FOLFOX,15.0,intervention,intervention,EXPERIMENTAL,Arm I,0.0,uncertain,3,3,False
PMID 24297951 a_Summary_SoE.pdf,NCT01099449,1,Arm 3: CaMg before and placebo after FOLFOX,15.0,intervention,intervention,EXPERIMENTAL,Arm III,0.312,uncertain,3,3,False
PMID 24323035 a_Summary_SoE.pdf,NCT00676650,0,Arm B (Placebo plus Prednisone),15.0,control,control,PLACEBO_COMPARATOR,B,1.0,confident_2arm,2,2,False
PMID 24323035 a_Summary_SoE.pdf,NCT00676650,0,Arm A (Sunitinib plus Prednisone),15.0,intervention,intervention,EXPERIMENTAL,A,1.0,confident_2arm,2,2,False
PMID 24395863 a_Summary_SoE.pdf,NCT00262821,0,Regimen I (Weekly Cisplatin and Radiation Therapy),44.0,control,control,ACTIVE_COMPARATOR,Arm I (cisplatin),0.75,confident_2arm,2,2,False
PMID 24395863 a_Summary_SoE.pdf,NCT00262821,0,"Regimen II (Cisplatin, Tirapazamine (TPZ), and Radiation Therapy)",44.0,intervention,intervention,EXPERIMENTAL,"Arm II (cisplatin, tirapazamine)",0.667,confident_2arm,2,2,False
PMID 24401022 a_Summary_SoE.pdf,NCT01998880,0,Arm C (Clb: Chlorambucil alone),15.0,control,control,ACTIVE_COMPARATOR,Chlorambucil (Clb),0.6,confident,3,3,False
PMID 24401022 a_Summary_SoE.pdf,NCT01998880,0,Arm B (RClb: Rituximab + Chlorambucil),15.0,intervention,control,ACTIVE_COMPARATOR,rituximab + chlorambucil (RClb),0.75,confident,3,3,True
PMID 24401022 a_Summary_SoE.pdf,NCT01998880,1,Arm A (GClb: Obinutuzumab + Chlorambucil),17.0,intervention,intervention,EXPERIMENTAL,obinutuzumab + chlorambucil (GClb),0.75,confident,3,3,False
PMID 24439929 CT_Summary_SoE.pdf,NCT01121393,0,Arm B (Gemcitabine / Cisplatin),24.0,control,control,ACTIVE_COMPARATOR,Arm B Chemotherapy,0.857,confident_2arm,2,2,False
PMID 24439929 CT_Summary_SoE.pdf,NCT01121393,0,Arm A (BIBW 2992 / Afatinib),20.0,intervention,intervention,EXPERIMENTAL,Arm A BIBW 2992,0.5,confident_2arm,2,2,False
PMID 24450857 a_Summary_SoE.pdf,NCT01539512,0,Arm B (Placebo + Rituximab),14.0,control,control,PLACEBO_COMPARATOR,Placebo + rituximab,0.667,confident_2arm,2,2,False
PMID 24450857 a_Summary_SoE.pdf,NCT01539512,0,Arm A (Idelalisib + Rituximab),14.0,intervention,control,ACTIVE_COMPARATOR,Idelalisib + rituximab,1.0,confident_2arm,2,2,True
PMID 24552317 a_Summary_SoE.pdf,NCT00884741,0,Arm 1 (Conventional Chemoradiation + Placebo),64.0,control,control,ACTIVE_COMPARATOR,"Arm I (radiation therapy, temozolomide, placebo)",0.5,confident_2arm,2,2,False
PMID 24552317 a_Summary_SoE.pdf,NCT00884741,0,Arm 2 (Conventional Chemoradiation + Bevacizumab),64.0,intervention,intervention,EXPERIMENTAL,"Arm II (radiation therapy, temozolomide, bevacizumab)",0.5,confident_2arm,2,2,False
PMID 24552318 a_Summary_SoE.pdf,NCT00943826,0,Arm A (Placebo + Radiotherapy + Temozolomide),50.0,control,control,PLACEBO_COMPARATOR,Placebo + RT + Temozolomide,0.8,confident_2arm,2,2,False
PMID 24552318 a_Summary_SoE.pdf,NCT00943826,0,Arm B (Bevacizumab + Radiotherapy + Temozolomide),50.0,intervention,intervention,EXPERIMENTAL,Bevacizumab + RT + Temozolomide,0.75,confident_2arm,2,2,False
PMID 24552320 a_Summary_SoE.pdf,NCT00803062,0,Regimen I (Cisplatin + Paclitaxel),71.0,control,control,ACTIVE_COMPARATOR,Arm I (paclitaxel and cisplatin),0.429,uncertain,4,4,False
PMID 24552320 a_Summary_SoE.pdf,NCT00803062,0,Regimen II (Cisplatin + Paclitaxel + Bevacizumab),79.0,intervention,intervention,EXPERIMENTAL,"Arm II (paclitaxel, cisplatin, bevacizumab)",0.529,confident,4,4,False
PMID 24552320 a_Summary_SoE.pdf,NCT00803062,1,Regimen III (Topotecan + Paclitaxel),93.0,intervention,intervention,EXPERIMENTAL,Arm III (topotecan hydrochloride and paclitaxel),0.4,uncertain,4,4,False
PMID 24552320 a_Summary_SoE.pdf,NCT00803062,2,Regimen IV (Topotecan + Paclitaxel + Bevacizumab),93.0,intervention,intervention,EXPERIMENTAL,"Arm IV (topotecan hydrochloride, paclitaxel, bevacizumab)",0.5,confident,4,4,False
PMID 24590644 a_Summary_SoE.pdf,NCT00079001,0,Arm B (Placebo),14.0,control,control,ACTIVE_COMPARATOR,Placebo + androgen deprivation therapy,0.5,confident_2arm,2,2,False
PMID 24590644 a_Summary_SoE.pdf,NCT00079001,0,Arm A (Early Zoledronic Acid),14.0,intervention,intervention,EXPERIMENTAL,Zoledronic acid + androgen deprivation therapy,0.5,confident_2arm,2,2,False
PMID 24637997 a_Summary_SoE.pdf,NCT00976911,0,Arm 1 (Chemotherapy alone),53.0,control,control,ACTIVE_COMPARATOR,Chemotherapy,0.5,confident_2arm,2,2,False
PMID 24637997 a_Summary_SoE.pdf,NCT00976911,0,Arm 2 (Chemotherapy plus bevacizumab),53.0,intervention,intervention,EXPERIMENTAL,Chemotherapy + Bevacizumab,0.5,confident_2arm,2,2,False
PMID 24733799 a_Summary_SoE.pdf,NCT01156142,0,Doxepin then Placebo Crossover,11.0,intervention,control,PLACEBO_COMPARATOR,Arm II,0.5,confident_2arm,2,2,True
PMID 24733799 a_Summary_SoE.pdf,NCT01156142,1,Placebo then Doxepin Crossover,11.0,intervention,intervention,EXPERIMENTAL,Arm I,0.5,confident_2arm,2,2,False
PMID 24768112 a_Summary_SoE.pdf,NCT00984282,0,Placebo,7.0,control,control,PLACEBO_COMPARATOR,Placebo,1.0,confident_2arm,2,2,False
PMID 24768112 a_Summary_SoE.pdf,NCT00984282,0,Sorafenib,7.0,intervention,intervention,EXPERIMENTAL,"Sorafenib (Nexavar, BAY43-9006)",0.75,confident_2arm,2,2,False
PMID 24868024 a_Summary_SoE.pdf,NCT00486954,0,Arm B (Paclitaxel alone),40.0,control,control,ACTIVE_COMPARATOR,Paclitaxel alone,1.0,confident_2arm,2,2,False
PMID 24868024 a_Summary_SoE.pdf,NCT00486954,0,Arm A (Lapatinib plus Paclitaxel),40.0,intervention,intervention,EXPERIMENTAL,Paclitaxel plus Lapatinib,1.0,confident_2arm,2,2,False
PMID 24881463 a_Summary_SoE.pdf,NCT00066703,0,SOFT Arm A (Tamoxifen alone),5.0,control,control,ACTIVE_COMPARATOR,T+OFS,0.3,count_mismatch,6,2,False
PMID 24881463 a_Summary_SoE.pdf,NCT00066703,1,TEXT Arm A (GnRH analogue + Tamoxifen),14.0,control,control,,,0.0,count_mismatch_leftover,6,2,False
PMID 24881463 a_Summary_SoE.pdf,NCT00066703,0,SOFT Arm B & C (OFS + Tamoxifen/Exemestane),14.0,intervention,intervention,EXPERIMENTAL,E+OFS,0.244,count_mismatch,6,2,False
PMID 24881463 a_Summary_SoE.pdf,NCT00066703,1,TEXT Arm A & B (GnRH analogue + Tamoxifen/Exemestane),14.0,intervention,intervention,,,0.0,count_mismatch_leftover,6,2,False
PMID 24881463 a_Summary_SoE.pdf,NCT00066703,2,TEXT Arm A (GnRH analogue plus Tamoxifen),14.0,intervention,intervention,,,0.0,count_mismatch_leftover,6,2,False
PMID 24881463 a_Summary_SoE.pdf,NCT00066703,3,TEXT Arm B (GnRH analogue plus Exemestane),14.0,intervention,intervention,,,0.0,count_mismatch_leftover,6,2,False
PMID 24881631 a_Summary_SoE.pdf,NCT01578707,0,Arm A (Ofatumumab IV),15.0,control,control,ACTIVE_COMPARATOR,Ofatumumab (Arm A),0.7,confident_2arm,2,2,False
PMID 24881631 a_Summary_SoE.pdf,NCT01578707,0,Arm B (Ibrutinib PO),14.0,intervention,intervention,EXPERIMENTAL,ibrutinib (Arm B),1.0,confident_2arm,2,2,False
PMID 24881730 a_Summary_SoE.pdf,NCT01212991,0,Arm B (Placebo),9.0,control,control,PLACEBO_COMPARATOR,Placebo,1.0,confident_2arm,2,2,False
PMID 24881730 a_Summary_SoE.pdf,NCT01212991,0,Arm A (Enzalutamide / MDV3100),9.0,intervention,intervention,EXPERIMENTAL,Enzalutamide,0.75,confident_2arm,2,2,False
PMID 24888818 a_Summary_SoE.pdf,NCT00382018,0,Arm A (Low Risk Group - Regular Treatment),5.0,control,control,ACTIVE_COMPARATOR,Group 1,0.0,uncertain,4,4,False
PMID 24888818 a_Summary_SoE.pdf,NCT00382018,1,Arm B (Moderate Risk Group - Maintain Current Therapy),7.0,control,intervention,EXPERIMENTAL,Group 2,0.0,uncertain,4,4,True
PMID 24888818 a_Summary_SoE.pdf,NCT00382018,2,Arm C1 (High Risk Group - Maintain Current Therapy),15.5,control,control,ACTIVE_COMPARATOR,"Group 3, Arm I",0.0,uncertain,4,4,False
PMID 24888818 a_Summary_SoE.pdf,NCT00382018,0,Arm C2 (High Risk Group - Switch Therapy),8.0,intervention,intervention,EXPERIMENTAL,"Group 3, Arm II",0.0,uncertain,4,4,False
PMID 24898665 CT_Summary_SoE.pdf,NCT00268983,0,Arm A (Rituximab),17.0,control,control,ACTIVE_COMPARATOR,Rituximab,1.0,confident_2arm,2,2,False
PMID 24898665 CT_Summary_SoE.pdf,NCT00268983,0,Arm B (Iodine I 131 Tositumomab),19.0,intervention,intervention,EXPERIMENTAL,Tositumomab and Iodine I 131 Tositumomab,0.7,confident_2arm,2,2,False
PMID 24933332 a_Summary_SoE.pdf,NCT01168973,0,Arm B (Placebo + Docetaxel),18.0,control,control,PLACEBO_COMPARATOR,Placebo + Docetaxel,0.667,confident_2arm,2,2,False
PMID 24933332 a_Summary_SoE.pdf,NCT01168973,0,Arm A (Ramucirumab + Docetaxel),18.0,intervention,intervention,EXPERIMENTAL,Ramucirumab + Docetaxel,1.0,confident_2arm,2,2,False
PMID 24934787 a_Summary_SoE.pdf,NCT00041119,0,Arm 1: Cyclophosphamide and Doxorubicin (CA),7.0,control,control,ACTIVE_COMPARATOR,Arm I (CA for 4 courses),0.467,count_mismatch,3,4,False
PMID 24934787 a_Summary_SoE.pdf,NCT00041119,0,Arm 2: Paclitaxel (T),7.0,intervention,intervention,EXPERIMENTAL,Arm III (paclitaxel for 4 courses),0.073,count_mismatch,3,4,False
PMID 24934787 a_Summary_SoE.pdf,NCT00041119,1,Arm 2: Paclitaxel,7.0,intervention,intervention,EXPERIMENTAL,Arm IV (paclitaxel for 6 courses [closed 12/15/2007]),0.05,count_mismatch,3,4,False
PMID 24982457 a_Summary_SoE.pdf,NCT00107172,0,Arm 1: Sublobar Resection (SR),4.0,control,control,ACTIVE_COMPARATOR,Arm I,0.5,confident_2arm,2,2,False
PMID 24982457 a_Summary_SoE.pdf,NCT00107172,0,Arm 2: Sublobar Resection + Brachytherapy (SR + BX),5.0,intervention,intervention,EXPERIMENTAL,Arm II,0.5,confident_2arm,2,2,False
PMID 24982504 CT_Summary_SoE.pdf,NCT00406393,0,Arm B (Tacrolimus/Methotrexate),34.0,control,control,ACTIVE_COMPARATOR,Tacrolimus/Methotrexate,1.0,confident_2arm,2,2,False
PMID 24982504 CT_Summary_SoE.pdf,NCT00406393,0,Arm A (Sirolimus/Tacrolimus),34.0,intervention,intervention,EXPERIMENTAL,Tacrolimus/Sirolimus,0.7,confident_2arm,2,2,False
PMID 25014687 a_Summary_SoE.pdf,NCT00353496,0,Arm B (Placebo),18.0,control,control,PLACEBO_COMPARATOR,Placebo,1.0,confident_2arm,2,2,False
PMID 25014687 a_Summary_SoE.pdf,NCT00353496,0,Arm A (Lanreotide Autogel 120 mg),18.0,intervention,intervention,EXPERIMENTAL,lanreotide (Autogel formulation),0.8,confident_2arm,2,2,False
PMID 25092781 a_Summary_SoE.pdf,NCT00372593,0,Arm A (Standard chemotherapy),46.0,control,control,ACTIVE_COMPARATOR,"Arm A: Standard Arm - No GMTZ, AML Pts w/out Down Syndrome",0.0,count_mismatch,2,3,False
PMID 25092781 a_Summary_SoE.pdf,NCT00372593,0,Arm B (Standard chemotherapy + GMTZ),47.0,intervention,control,ACTIVE_COMPARATOR,"Arm A: Standard Arm - No GMTZ, AML Patients with Down Syndrome",0.0,count_mismatch,2,3,True
PMID 25154829 a_Summary_SoE.pdf,NCT00075946,0,Arm A (Rituximab Retreatment),8.0,control,control,ACTIVE_COMPARATOR,Arm A: Rituximab Retreatment,1.0,confident_2arm,2,2,False
PMID 25154829 a_Summary_SoE.pdf,NCT00075946,0,Arm B (Rituximab Scheduled Dosing),8.0,intervention,intervention,EXPERIMENTAL,Arm B: Rituximab Scheduled,0.8,confident_2arm,2,2,False
PMID 25184863 a_Summary_SoE.pdf,NCT00689936,0,Arm C (MPT for 12 cycles),21.0,control,control,ACTIVE_COMPARATOR,"Melphalan, Prednisone, and Thalidomide (MPT) for 12 cycles",0.25,uncertain,3,3,False
PMID 25184863 a_Summary_SoE.pdf,NCT00689936,0,Arm A (Rd until PD),21.0,intervention,intervention,EXPERIMENTAL,Lenalidomide / Dexamethasone until disease progression,0.111,uncertain,3,3,False
PMID 25184863 a_Summary_SoE.pdf,NCT00689936,1,Arm B (Rd for 18 cycles),21.0,intervention,intervention,EXPERIMENTAL,Lenalidomide / Dexamethasone for 18 cycles,0.182,uncertain,3,3,False
PMID 25225436 a_Summary_SoE.pdf,NCT00866697,0,Arm B (Placebo),10.0,control,control,PLACEBO_COMPARATOR,Placebo,1.0,confident_2arm,2,2,False
PMID 25225436 a_Summary_SoE.pdf,NCT00866697,0,Arm A (Pazopanib),10.0,intervention,intervention,EXPERIMENTAL,Pazopanib,1.0,confident_2arm,2,2,False
PMID 25265494 a_Summary_SoE.pdf,NCT01689519,0,Arm A (Vemurafenib + Placebo),20.0,control,control,ACTIVE_COMPARATOR,Placebo + Vemurafenib,1.0,confident_2arm,2,2,False
PMID 25265494 a_Summary_SoE.pdf,NCT01689519,0,Arm B (Vemurafenib + Cobimetinib),20.0,intervention,intervention,EXPERIMENTAL,Cobimetinib + Vemurafenib,1.0,confident_2arm,2,2,False
PMID 25267740 a_Summary_SoE.pdf,NCT00078949,0,Arm S2 (DHAP +/- Rituximab),9.0,control,intervention,EXPERIMENTAL,Maintenance arm I,0.4,count_mismatch,3,4,True
PMID 25267740 a_Summary_SoE.pdf,NCT00078949,0,Arm S1 (GDP),9.0,intervention,intervention,EXPERIMENTAL,Salvage arm I,0.0,count_mismatch,3,4,False
PMID 25267740 a_Summary_SoE.pdf,NCT00078949,1,Arm S2 (DHAP),20.5,intervention,intervention,EXPERIMENTAL,Salvage arm II,0.0,count_mismatch,3,4,False
PMID 25311218 a_Summary_SoE.pdf,NCT00025259,0,RER Standard (ABVE-PC x4 + IFRT),37.0,control,intervention,EXPERIMENTAL,Arm III (RER with CR [ABVE-PC]),0.0,count_mismatch,4,7,True
PMID 25311218 a_Summary_SoE.pdf,NCT00025259,1,SER Standard (ABVE-PC x4 + IFRT),36.5,control,intervention,EXPERIMENTAL,"Arm VI (SER [DECA, ABVE-PC, IFRT])",0.0,count_mismatch,4,7,True
PMID 25311218 a_Summary_SoE.pdf,NCT00025259,0,RER Reduced (ABVE-PC x4),24.0,intervention,intervention,EXPERIMENTAL,Arm V (RER with PD),0.0,count_mismatch,4,7,False
PMID 25311218 a_Summary_SoE.pdf,NCT00025259,1,SER Augmented (ABVE-PC x2 + DECA x2 + ABVE-PC x2 + IFRT),43.0,intervention,intervention,EXPERIMENTAL,"Arm VII (SER [ABVE-PC, IFRT])",0.0,count_mismatch,4,7,False
PMID 25332243 a_Summary_SoE.pdf,NCT00006237,0,Arm 1 (High-Dose Interferon Alpha-2b),29.0,control,control,ACTIVE_COMPARATOR,Arm I,0.4,count_mismatch,3,2,False
PMID 25332243 a_Summary_SoE.pdf,NCT00006237,0,Arm 2 (Biochemotherapy: CVD + IL-2 + IFN + G-CSF),49.0,intervention,intervention,EXPERIMENTAL,Arm II,0.0,count_mismatch,3,2,False
PMID 25332243 a_Summary_SoE.pdf,NCT00006237,1,Arm 1 (One Year High-Dose Interferon Alpha-2b),164.0,intervention,intervention,,,0.0,count_mismatch_leftover,3,2,False
PMID 25348000 a_Summary_SoE.pdf,NCT00390455,0,Arm B (Fulvestrant + Placebo),15.0,control,control,PLACEBO_COMPARATOR,Arm II (placebo),0.667,confident_2arm,2,2,False
PMID 25348000 a_Summary_SoE.pdf,NCT00390455,0,Arm A (Fulvestrant + Lapatinib),15.0,intervention,intervention,EXPERIMENTAL,Arm I (lapatinib),0.6,confident_2arm,2,2,False
PMID 25354103 a_Summary_SoE.pdf,NCT00412360,0,Arm A (Single Umbilical Cord Blood Transplantation),49.0,control,intervention,EXPERIMENTAL,Single Cord Blood Transplant,0.5,confident_2arm,2,2,True
PMID 25354103 a_Summary_SoE.pdf,NCT00412360,0,Arm B (Double Umbilical Cord Blood Transplantation),49.0,intervention,intervention,EXPERIMENTAL,Double Cord Blood Transplant,0.5,confident_2arm,2,2,False
PMID 25366680 a_Summary_SoE.pdf,NCT00047008,0,Arm 1 (Standard Fractionation + Cisplatin),40.0,control,intervention,OTHER,Standard fractionation RT + cisplatin,0.5,confident_2arm,2,2,True
PMID 25366680 a_Summary_SoE.pdf,NCT00047008,0,Arm 2 (Accelerated Fractionation + Cisplatin),35.0,intervention,intervention,EXPERIMENTAL,Accelerated fractionation RT + cisplatin,0.5,confident_2arm,2,2,False
PMID 25399551 a_Summary_SoE.pdf,NCT01597908,0,Arm B (Vemurafenib),15.0,control,control,ACTIVE_COMPARATOR,Vemurafenib,1.0,confident_2arm,2,2,False
PMID 25399551 a_Summary_SoE.pdf,NCT01597908,0,Arm A (Dabrafenib + Trametinib),15.0,intervention,intervention,EXPERIMENTAL,Dabrafenib plus Trametinib,1.0,confident_2arm,2,2,False
PMID 25399552 a_Summary_SoE.pdf,NCT01721772,0,Arm B (Dacarbazine),36.0,control,control,ACTIVE_COMPARATOR,"Dacarbazine, 1000 mg/m^2",0.5,confident_2arm,2,2,False
PMID 25399552 a_Summary_SoE.pdf,NCT01721772,0,Arm A (Nivolumab),36.0,intervention,intervention,EXPERIMENTAL,"Nivolumab, 3 mg/kg",0.5,confident_2arm,2,2,False
PMID 25422488 a_Summary_SoE.pdf,NCT00070564,0,Arm 5 (AC q2w x 4 -> Paclitaxel q2w x 6),22.0,intervention,control,ACTIVE_COMPARATOR,Arm I,0.014,count_mismatch,2,6,True
PMID 25422488 a_Summary_SoE.pdf,NCT00070564,1,Arm 6 (AC q2w x 4 -> Paclitaxel weekly x 12),22.0,intervention,intervention,EXPERIMENTAL,Arm II,0.014,count_mismatch,2,6,False
PMID 25470694 a_Summary_SoE.pdf,NCT01154140,0,Arm B (Chemotherapy - Pemetrexed/Cisplatin or Pemetrexed/Carboplatin),13.0,control,intervention,EXPERIMENTAL,A,0.5,confident_2arm,2,2,True
PMID 25470694 a_Summary_SoE.pdf,NCT01154140,0,Arm A (Crizotinib),19.0,intervention,control,ACTIVE_COMPARATOR,B,0.5,confident_2arm,2,2,True
PMID 25482145 a_Summary_SoE.pdf,NCT01080391,0,Rd Arm (Lenalidomide and Dexamethasone),26.0,control,control,ACTIVE_COMPARATOR,Lenalidomide and Dexamethasone (Rd),1.0,confident_2arm,2,2,False
PMID 25482145 a_Summary_SoE.pdf,NCT01080391,0,"CRd Arm (Carfilzomib, Lenalidomide, and Dexamethasone)",77.0,intervention,intervention,EXPERIMENTAL,"Carfilzomib, Lenalidomide, and Dexamethasone (CRd)",1.0,confident_2arm,2,2,False
PMID 25495490 a_Summary_SoE.pdf,NCT00066690,0,Arm A (Tamoxifen alone),5.0,control,control,ACTIVE_COMPARATOR,Tamoxifen,0.333,uncertain,3,3,False
PMID 25495490 a_Summary_SoE.pdf,NCT00066690,0,Arm B (OFS plus Tamoxifen),14.0,intervention,intervention,EXPERIMENTAL,T+OFS,0.308,uncertain,3,3,False
PMID 25495490 a_Summary_SoE.pdf,NCT00066690,1,Arm C (OFS plus Exemestane),14.0,intervention,intervention,EXPERIMENTAL,E+OFS,0.308,uncertain,3,3,False
PMID 25547503 a_Summary_SoE.pdf,NCT00901901,0,Arm B (Sorafenib + Placebo),18.0,control,control,ACTIVE_COMPARATOR,"Sorafenib (Nexavar, BAY43-9006) + Placebo",0.889,confident_2arm,2,2,False
PMID 25547503 a_Summary_SoE.pdf,NCT00901901,0,Arm A (Sorafenib + Erlotinib),18.0,intervention,intervention,EXPERIMENTAL,"Sorafenib (Nexavar, BAY43-9006) + Erlotinib (Tarceva)",0.857,confident_2arm,2,2,False
PMID 25605862 a_Summary_SoE.pdf,NCT00337103,0,Arm B (Capecitabine),45.0,control,control,ACTIVE_COMPARATOR,2,1.0,confident_2arm,2,2,False
PMID 25605862 a_Summary_SoE.pdf,NCT00337103,0,Arm A (E7389 / Eribulin),45.0,intervention,intervention,EXPERIMENTAL,1,0.6,confident_2arm,2,2,False
PMID 25629741 a_Summary_SoE.pdf,NCT01243944,0,Arm 2 (Best Available Therapy),14.0,control,control,OTHER,Best Available Therapy,0.5,confident_2arm,2,2,False
PMID 25629741 a_Summary_SoE.pdf,NCT01243944,0,Arm 1 (INC424/ruxolitinib),14.0,intervention,intervention,EXPERIMENTAL,ruxolitinib tablets,0.6,confident_2arm,2,2,False
PMID 25671254 a_Summary_SoE.pdf,NCT01321554,0,Arm B (Placebo),16.0,control,control,PLACEBO_COMPARATOR,Placebo (Randomization Phase),0.514,count_mismatch,2,4,False
PMID 25671254 a_Summary_SoE.pdf,NCT01321554,0,Arm A (Lenvatinib),16.0,intervention,intervention,EXPERIMENTAL,Lenvatinib (Randomization Phase),0.4,count_mismatch,2,4,False
PMID 25682602 a_Summary_SoE.pdf,NCT00929695,0,Higher-dose prednisone (1 or 2 mg/kg/day),14.5,control,intervention,EXPERIMENTAL,Arm I (Low-dose),0.175,count_mismatch,3,2,True
PMID 25682602 a_Summary_SoE.pdf,NCT00929695,0,Lower-dose prednisone (0.5 or 1 mg/kg/day),15.0,intervention,control,ACTIVE_COMPARATOR,Arm II (Standard-dose),0.175,count_mismatch,3,2,True
PMID 25682602 a_Summary_SoE.pdf,NCT00929695,1,Higher-dose prednisone (1 or 2 mg/kg/day),16.0,intervention,intervention,,,0.0,count_mismatch_leftover,3,2,False
PMID 25713428 a_Summary_SoE.pdf,NCT01012297,0,Regimen I (Gemcitabine + Docetaxel + Placebo + G-CSF),62.0,control,intervention,EXPERIMENTAL,Arm I Gem+Doce+Placebo,0.7,confident_2arm,2,2,True
PMID 25713428 a_Summary_SoE.pdf,NCT01012297,0,Regimen II (Gemcitabine + Docetaxel + Bevacizumab + G-CSF),62.0,intervention,intervention,EXPERIMENTAL,Arm II Gem+Doce+Bev,0.632,confident_2arm,2,2,False
PMID 25738668 a_Summary_SoE.pdf,NCT00068601,0,Arm 1 (Standard cyclophosphamide-containing adjuvant chemotherapy),8.0,control,control,ACTIVE_COMPARATOR,Standard Chemotherapy,0.667,confident_2arm,2,2,False
PMID 25738668 a_Summary_SoE.pdf,NCT00068601,0,Arm 2 (Goserelin + Standard cyclophosphamide-containing adjuvant chemotherapy),9.0,intervention,intervention,EXPERIMENTAL,Chemotherapy Plus Goserelin,0.7,confident_2arm,2,2,False
PMID 25738670 a_Summary_SoE.pdf,NCT00722137,0,Arm B (R-CHOP),16.0,control,control,ACTIVE_COMPARATOR,R-CHOP,0.5,confident_2arm,2,2,False
PMID 25738670 a_Summary_SoE.pdf,NCT00722137,0,Arm A (VcR-CAP),31.0,intervention,intervention,EXPERIMENTAL,VcR-CAP,0.5,confident_2arm,2,2,False
PMID 25779558 a_Summary_SoE.pdf,NCT00667251,0,Arm 2 (Trastuzumab + Taxane),35.0,control,control,ACTIVE_COMPARATOR,Trastuzumab,0.5,confident_2arm,2,2,False
PMID 25779558 a_Summary_SoE.pdf,NCT00667251,0,Arm 1 (Lapatinib + Taxane),22.0,intervention,control,ACTIVE_COMPARATOR,Lapatinib,0.5,confident_2arm,2,2,True
PMID 25891173 a_Summary_SoE.pdf,NCT01866319,0,Ipilimumab Q3W (3 mg/kg every 3 weeks for 4 doses),18.0,control,intervention,EXPERIMENTAL,Ipilimumab,0.5,confident,3,3,True
PMID 25891173 a_Summary_SoE.pdf,NCT01866319,0,MK-3475 Q3W (10 mg/kg every 3 weeks),19.0,intervention,control,ACTIVE_COMPARATOR,Pembrolizumab Q3W,0.25,uncertain,3,3,True
PMID 25891173 a_Summary_SoE.pdf,NCT01866319,1,MK-3475 Q2W (10 mg/kg every 2 weeks),28.0,intervention,intervention,EXPERIMENTAL,Pembrolizumab Q2W,0.25,uncertain,3,3,False
PMID 25897156 a_Summary_SoE.pdf,NCT00369785,0,Placebo,2.0,control,control,PLACEBO_COMPARATOR,Arm II - Control,1.0,confident_2arm,2,2,False
PMID 25897156 a_Summary_SoE.pdf,NCT00369785,0,Donepezil,2.0,intervention,intervention,EXPERIMENTAL,Arm I - Donepezil,0.5,confident_2arm,2,2,False
PMID 25940724 a_Summary_SoE.pdf,NCT01385137,0,Arm B (Placebo),4.0,control,control,PLACEBO_COMPARATOR,Arm II,1.0,confident_2arm,2,2,False
PMID 25940724 a_Summary_SoE.pdf,NCT01385137,0,Arm A (Omega-3-Fatty Acid),4.0,intervention,intervention,EXPERIMENTAL,Arm I,0.7,confident_2arm,2,2,False
PMID 25970050 a_Summary_SoE.pdf,NCT01607957,0,Arm B (Placebo + Best Supportive Care),28.0,control,control,PLACEBO_COMPARATOR,Placebo,0.714,confident_2arm,2,2,False
PMID 25970050 a_Summary_SoE.pdf,NCT01607957,0,Arm A (TAS-102 + Best Supportive Care),28.0,intervention,intervention,EXPERIMENTAL,TAS-102,0.5,confident_2arm,2,2,False
PMID 26014293 a_Summary_SoE.pdf,NCT00769704,0,Arm B (GM-CSF),27.0,control,control,ACTIVE_COMPARATOR,GM-CSF,0.7,confident_2arm,2,2,False
PMID 26014293 a_Summary_SoE.pdf,NCT00769704,0,Arm A (OncoVEXGM-CSF),26.0,intervention,intervention,EXPERIMENTAL,Talimogene Laherparepvec,0.5,confident_2arm,2,2,False
PMID 26027431 a_Summary_SoE.pdf,NCT01844505,0,Arm C (Ipilimumab monotherapy),36.0,control,intervention,EXPERIMENTAL,Arm A: Nivolumab+Placebo for Ipilimumab+Placebo for Nivolumab,0.25,uncertain,3,3,True
PMID 26027431 a_Summary_SoE.pdf,NCT01844505,0,Arm A (Nivolumab monotherapy),36.0,intervention,intervention,EXPERIMENTAL,Arm B: Nivolumab+Ipilimumab+Placebo for Nivolumab,0.25,uncertain,3,3,False
PMID 26027431 a_Summary_SoE.pdf,NCT01844505,1,Arm B (Nivolumab + Ipilimumab),36.0,intervention,intervention,EXPERIMENTAL,Arm C: Ipilimumab+Placebo for Nivolumab,0.5,confident,3,3,False
PMID 26028407 a_Summary_SoE.pdf,NCT01642004,0,Arm B (Docetaxel),19.0,control,intervention,EXPERIMENTAL,Arm B: Docetaxel,1.0,confident_2arm,2,2,True
PMID 26028407 a_Summary_SoE.pdf,NCT01642004,0,Arm A (Nivolumab),36.0,intervention,intervention,EXPERIMENTAL,Arm A: Nivolumab,1.0,confident_2arm,2,2,False
PMID 26030518 a_Summary_SoE.pdf,NCT01942135,0,Arm B (Placebo + Fulvestrant),16.0,control,control,ACTIVE_COMPARATOR,Arm B,1.0,confident_2arm,2,2,False
PMID 26030518 a_Summary_SoE.pdf,NCT01942135,0,Arm A (Palbociclib + Fulvestrant),16.0,intervention,intervention,EXPERIMENTAL,Arm A,1.0,confident_2arm,2,2,False
PMID 26035255 a_Summary_SoE.pdf,NCT01239797,0,Arm B (Lenalidomide + Dexamethasone),32.0,control,control,ACTIVE_COMPARATOR,Lenalidomide + Dexamethasone,1.0,confident_2arm,2,2,False
PMID 26035255 a_Summary_SoE.pdf,NCT01239797,0,Arm A (Elotuzumab + Lenalidomide + Dexamethasone),32.0,intervention,intervention,EXPERIMENTAL,Lenalidomide + Dexamethasone +Elotuzumab,0.818,confident_2arm,2,2,False
PMID 26040499 a_Summary_SoE.pdf,NCT00556374,0,Placebo (Q6M),3.0,control,control,PLACEBO_COMPARATOR,Placebo,0.3,count_mismatch,2,4,False
PMID 26040499 a_Summary_SoE.pdf,NCT00556374,0,Denosumab (60mg Q6M),3.0,intervention,intervention,EXPERIMENTAL,Denosumab,0.133,count_mismatch,2,4,False
PMID 26056177 a_Summary_SoE.pdf,NCT00507416,0,VD (VELCADE and Dexamethasone),53.0,intervention,intervention,EXPERIMENTAL,Bortezomib and Dexamethasone (VD),1.0,confident,3,3,False
PMID 26056177 a_Summary_SoE.pdf,NCT00507416,1,"VTD (VELCADE, Thalidomide, and Dexamethasone)",53.0,intervention,intervention,EXPERIMENTAL,"Bortezomib, Thalidomide, and Dexamethasone (VTD)",1.0,confident,3,3,False
PMID 26056177 a_Summary_SoE.pdf,NCT00507416,2,"VMP (VELCADE, Melphalan, and Prednisone)",53.0,intervention,intervention,EXPERIMENTAL,"Bortezomib, Melphalan and Prednisone (VMP)",1.0,confident,3,3,False
PMID 26122726 a_Summary_SoE.pdf,NCT01519700,0,Arm B (Radiosurgery + WBRT),18.0,control,intervention,EXPERIMENTAL,EP2006,0.5,confident_2arm,2,2,True
PMID 26122726 a_Summary_SoE.pdf,NCT01519700,0,Arm A (Radiosurgery alone),6.0,intervention,control,ACTIVE_COMPARATOR,Filgrastim,0.5,confident_2arm,2,2,True
PMID 26159065 CT_Summary_SoE.pdf,NCT01544179,0,Arm B (Placebo + Cisplatin/Pemetrexed),12.0,control,control,PLACEBO_COMPARATOR,Placebo,1.0,confident_2arm,2,2,False
PMID 26159065 CT_Summary_SoE.pdf,NCT01544179,0,Arm A (Gefitinib + Cisplatin/Pemetrexed),12.0,intervention,intervention,EXPERIMENTAL,Gefitinib,1.0,confident_2arm,2,2,False
PMID 26169611 a_Summary_SoE.pdf,NCT01244191,0,Arm 2: Placebo plus Erlotinib,16.0,control,control,ACTIVE_COMPARATOR,Placebo and erlotinib,1.0,confident_2arm,2,2,False
PMID 26169611 a_Summary_SoE.pdf,NCT01244191,0,Arm 1: Tivantinib (ARQ 197) plus Erlotinib,16.0,intervention,intervention,EXPERIMENTAL,Tivantinib and erlotinib,0.8,confident_2arm,2,2,False
PMID 26206652 CT_Summary_SoE.pdf,NCT01596283,0,Group 1 (Standard fluid management),9.0,control,control,ACTIVE_COMPARATOR,Standard fluid management,0.7,confident_2arm,2,2,False
PMID 26206652 CT_Summary_SoE.pdf,NCT01596283,0,Group 2 (Goal-directed fluid therapy - GDT),9.0,intervention,control,ACTIVE_COMPARATOR,Goal directed fluid therapy,0.5,confident_2arm,2,2,True
PMID 26244877 a_Summary_SoE.pdf,NCT00309985,0,Arm B (Androgen Deprivation Therapy alone),5.0,control,control,ACTIVE_COMPARATOR,Androgen-Deprivation Therapy alone,0.7,confident_2arm,2,2,False
PMID 26244877 a_Summary_SoE.pdf,NCT00309985,0,Arm A (Androgen Deprivation Therapy + Docetaxel),9.0,intervention,intervention,EXPERIMENTAL,Androgen-Deprivation Therapy and Docetaxel,1.0,confident_2arm,2,2,False
PMID 26351350 a_Summary_SoE.pdf,NCT01989572,0,Arm F: GM-CSF Placebo (HLA-A2-),14.0,control,control,PLACEBO_COMPARATOR,Arm VI (sargramostim placebo),0.455,confident,6,6,False
PMID 26351350 a_Summary_SoE.pdf,NCT01989572,1,Arm D: GM-CSF Placebo + Peptide Placebo (HLA-A2+),14.5,control,control,PLACEBO_COMPARATOR,"Arm IV (placebo, peptide placebo)",0.545,confident,6,6,False
PMID 26351350 a_Summary_SoE.pdf,NCT01989572,0,Arm E: GM-CSF (HLA-A2-),14.0,intervention,intervention,EXPERIMENTAL,Arm V (sargramostim),0.0,uncertain,6,6,False
PMID 26351350 a_Summary_SoE.pdf,NCT01989572,1,Arm A: GM-CSF + Peptide Vaccination (HLA-A2+),14.5,intervention,intervention,EXPERIMENTAL,"Arm I (sargramostim, peptide vaccine)",0.0,uncertain,6,6,False
PMID 26351350 a_Summary_SoE.pdf,NCT01989572,2,Arm B: GM-CSF Placebo + Peptide Vaccination (HLA-A2+),14.5,intervention,intervention,EXPERIMENTAL,"Arm II (sargramostim placebo, peptide vaccine)",0.4,uncertain,6,6,False
PMID 26351350 a_Summary_SoE.pdf,NCT01989572,3,Arm C: GM-CSF + Peptide Placebo (HLA-A2+),14.5,intervention,intervention,EXPERIMENTAL,"Arm III (sargramostim, peptide placebo)",0.5,confident,6,6,False
PMID 26371143 a_Summary_SoE.pdf,NCT01343277,0,Dacarbazine (DTIC),53.0,control,control,ACTIVE_COMPARATOR,Dacarbazine,1.0,confident_2arm,2,2,False
PMID 26371143 a_Summary_SoE.pdf,NCT01343277,0,Trabectedin (YONDELIS),71.0,intervention,intervention,EXPERIMENTAL,Trabectedin,0.75,confident_2arm,2,2,False
PMID 26377300 CT_Summary_SoE.pdf,NCT01039376,0,Arm B (Observation only),8.0,control,control,OTHER,ARM B: Observation and assessments as per Arm A,0.5,confident_2arm,2,2,False
PMID 26377300 CT_Summary_SoE.pdf,NCT01039376,0,Arm A (Ofatumumab maintenance),8.0,intervention,intervention,EXPERIMENTAL,ARM A: Ofatumumab,0.5,confident_2arm,2,2,False
PMID 26406148 a_Summary_SoE.pdf,NCT01668784,0,Arm B (Everolimus),14.0,control,control,ACTIVE_COMPARATOR,Arm 2: Everolimus,1.0,confident_2arm,2,2,False
PMID 26406148 a_Summary_SoE.pdf,NCT01668784,0,Arm A (Nivolumab),27.0,intervention,intervention,EXPERIMENTAL,Arm 1: Nivolumab,1.0,confident_2arm,2,2,False
PMID 26406150 a_Summary_SoE.pdf,NCT01865747,0,Everolimus (Afinitor),16.0,control,control,ACTIVE_COMPARATOR,Everolimus (Afinitor),0.75,confident_2arm,2,2,False
PMID 26406150 a_Summary_SoE.pdf,NCT01865747,0,Cabozantinib (XL184),16.0,intervention,intervention,EXPERIMENTAL,Cabozantinib (XL184),0.8,confident_2arm,2,2,False
PMID 26412349 a_Summary_SoE.pdf,NCT00310180,0,Arm B (Hormonal Therapy Alone),4.0,control,intervention,EXPERIMENTAL,Group 1 (Oncotype DX recurrence score =< 10),0.0,count_mismatch,2,4,True
PMID 26412349 a_Summary_SoE.pdf,NCT00310180,0,Arm C (Chemotherapy + Hormonal Therapy),8.0,intervention,intervention,EXPERIMENTAL,"Group 2, Arm I (experimental)",0.0,count_mismatch,2,4,False
PMID 26412456 a_Summary_SoE.pdf,NCT01673867,0,Arm B (Docetaxel),19.0,control,control,ACTIVE_COMPARATOR,Arm B: Docetaxel,1.0,confident_2arm,2,2,False
PMID 26412456 a_Summary_SoE.pdf,NCT01673867,0,Arm A (BMS-936558 / Nivolumab),28.0,intervention,intervention,EXPERIMENTAL,Arm A: Nivolumab,0.75,confident_2arm,2,2,False
PMID 26416999 a_Summary_SoE.pdf,NCT00129935,0,Arm A (EC-T: Epirubicin/Cyclophosphamide followed by Docetaxel),10.0,control,control,ACTIVE_COMPARATOR,Arm A: EC-T,0.9,confident_2arm,2,2,False
PMID 26416999 a_Summary_SoE.pdf,NCT00129935,0,Arm B (ET-X: Epirubicin/Docetaxel followed by Capecitabine),10.0,intervention,intervention,EXPERIMENTAL,Arm B: ET-X,0.9,confident_2arm,2,2,False
PMID 26527790 a_Summary_SoE.pdf,NCT00424255,0,Arm A (Placebo + Chemoradiotherapy followed by Placebo Maintenance),41.0,control,control,PLACEBO_COMPARATOR,Placebo+Chemoradiation,0.556,confident_2arm,2,2,False
PMID 26527790 a_Summary_SoE.pdf,NCT00424255,0,Arm B (Lapatinib + Chemoradiotherapy followed by Lapatinib Maintenance),41.0,intervention,intervention,EXPERIMENTAL,Lapatinib+Chemoradiation,0.5,confident_2arm,2,2,False
PMID 26540028 a_Summary_SoE.pdf,NCT00402779,0,Arm B (Placebo po QD),6.0,control,control,PLACEBO_COMPARATOR,Placebo,1.0,confident_2arm,2,2,False
PMID 26540028 a_Summary_SoE.pdf,NCT00402779,0,Arm A (Erlotinib 150 mg po QD),6.0,intervention,intervention,EXPERIMENTAL,Erlotinib,1.0,confident_2arm,2,2,False
PMID 26598744 a_Summary_SoE.pdf,NCT00490139,0,Arm 1 (Trastuzumab alone),20.0,control,control,ACTIVE_COMPARATOR,Trastuzumab,1.0,confident,4,4,False
PMID 26598744 a_Summary_SoE.pdf,NCT00490139,0,Arm 2 (Lapatinib alone),9.0,intervention,intervention,EXPERIMENTAL,Lapatinib,1.0,confident,4,4,False
PMID 26598744 a_Summary_SoE.pdf,NCT00490139,1,Arm 3 (Sequence: Trastuzumab then Lapatinib),18.0,intervention,intervention,EXPERIMENTAL,Trastuzumab followed by Lapatinib,0.667,confident,4,4,False
PMID 26598744 a_Summary_SoE.pdf,NCT00490139,2,Arm 4 (Combination: Lapatinib and Trastuzumab),20.0,intervention,intervention,EXPERIMENTAL,Lapatinib plus Trastuzumab,0.857,confident,4,4,False
PMID 26628478 a_Summary_SoE.pdf,NCT00680901,0,Arm B (CapeOx + Placebo),13.0,control,control,PLACEBO_COMPARATOR,CapeOx plus Placebo,0.5,confident_2arm,2,2,False
PMID 26628478 a_Summary_SoE.pdf,NCT00680901,0,Arm A (CapeOx + Lapatinib),13.0,intervention,intervention,EXPERIMENTAL,CapeOx plus Lapatinib,0.5,confident_2arm,2,2,False
PMID 26639149 a_Summary_SoE.pdf,NCT01722487,0,Arm A (Chlorambucil),20.0,control,control,ACTIVE_COMPARATOR,Chlorambucil,1.0,confident_2arm,2,2,False
PMID 26639149 a_Summary_SoE.pdf,NCT01722487,0,Arm B (PCI-32765 / Ibrutinib),20.0,intervention,intervention,EXPERIMENTAL,Ibrutinib,0.75,confident_2arm,2,2,False
PMID 26655421 CT_Summary_SoE.pdf,NCT01611090,0,Arm A (Placebo + Bendamustine and Rituximab),27.0,control,control,PLACEBO_COMPARATOR,Placebo + BR,0.917,confident_2arm,2,2,False
PMID 26655421 CT_Summary_SoE.pdf,NCT01611090,0,Arm B (Ibrutinib + Bendamustine and Rituximab),27.0,intervention,intervention,EXPERIMENTAL,Ibrutinib + BR,0.9,confident_2arm,2,2,False
PMID 26673811 a_Summary_SoE.pdf,NCT01646021,0,Arm B (Temsirolimus),53.0,control,intervention,EXPERIMENTAL,Temsirolimus,1.0,confident_2arm,2,2,True
PMID 26673811 a_Summary_SoE.pdf,NCT01646021,0,Arm A (Ibrutinib),18.0,intervention,intervention,EXPERIMENTAL,Ibrutinib,1.0,confident_2arm,2,2,False
PMID 26703889 a_Summary_SoE.pdf,NCT01524783,0,Arm B (Placebo + Best Supportive Care),14.0,control,control,PLACEBO_COMPARATOR,Placebo + BSC,0.667,confident_2arm,2,2,False
PMID 26703889 a_Summary_SoE.pdf,NCT01524783,0,Arm A (Everolimus + Best Supportive Care),14.0,intervention,intervention,EXPERIMENTAL,Everolimus + BSC,0.571,confident_2arm,2,2,False
PMID 26712084b_Summary_SoE.pdf,NCT01905657,0,Docetaxel 75 mg/m2 Q3W,18.0,control,control,ACTIVE_COMPARATOR,Docetaxel 75 mg/m^2,0.6,confident,3,3,False
PMID 26712084b_Summary_SoE.pdf,NCT01905657,0,MK-3475 10 mg/kg Q3W,18.0,intervention,intervention,EXPERIMENTAL,Pembrolizumab 2 mg/kg,0.0,uncertain,3,3,False
PMID 26712084b_Summary_SoE.pdf,NCT01905657,1,MK-3475 2 mg/kg Q3W,18.0,intervention,intervention,EXPERIMENTAL,Pembrolizumab 10 mg/kg,0.0,uncertain,3,3,False
PMID 26811519 a_Summary_SoE.pdf,NCT00686959,0,Arm B (Etoposide + Cisplatin + TRT followed by Platinum-doublet consolidation),46.0,control,control,ACTIVE_COMPARATOR,Arm B: Etoposide + Cisplatin and TRT,0.5,confident_2arm,2,2,False
PMID 26811519 a_Summary_SoE.pdf,NCT00686959,0,Arm A (Pemetrexed + Cisplatin + TRT followed by Pemetrexed consolidation),50.0,intervention,intervention,EXPERIMENTAL,Arm A: Pemetrexed + Cisplatin and TRT,0.636,confident_2arm,2,2,False
PMID 26858335 a_Summary_SoE.pdf,NCT00338286,0,Arm B (Standard Supportive Care alone),52.0,control,control,OTHER,002,0.5,confident_2arm,2,2,False
PMID 26858335 a_Summary_SoE.pdf,NCT00338286,0,Arm A (Epoetin Alfa plus Standard Supportive Care),52.0,intervention,intervention,EXPERIMENTAL,001,0.5,confident_2arm,2,2,False
PMID 26884585 a_Summary_SoE.pdf,NCT01512745,0,Placebo,39.0,control,control,PLACEBO_COMPARATOR,placebo,1.0,confident_2arm,2,2,False
PMID 26884585 a_Summary_SoE.pdf,NCT01512745,0,Apatinib (850 mg once daily),39.0,intervention,intervention,EXPERIMENTAL,apatinib,0.5,confident_2arm,2,2,False
PMID 26933849 a_Summary_SoE.pdf,NCT01167712,0,Every-3-week Paclitaxel + Carboplatin,9.0,control,intervention,EXPERIMENTAL,Arm I (adjuvant chemotherapy suboptimally debulked),0.5,confident_2arm,2,2,True
PMID 26933849 a_Summary_SoE.pdf,NCT01167712,0,Weekly Paclitaxel + Carboplatin,21.0,intervention,intervention,EXPERIMENTAL,Arm II (neoadjuvant chemotherapy),0.5,confident_2arm,2,2,False
PMID 26997579 a _Summary_SoE.pdf,NCT02106494,0,Ondansetron + fosaprepitant + dexamethasone,2.0,control,intervention,EXPERIMENTAL,APF530 500 mg SC,0.538,confident_2arm,2,2,True
PMID 26997579 a _Summary_SoE.pdf,NCT02106494,0,APF530 (granisetron extended-release) + fosaprepitant + dexamethasone,2.0,intervention,control,ACTIVE_COMPARATOR,ondansetron 0.15 mg/kg IV,0.5,confident_2arm,2,2,True
PMID 27044935 a_Summary_SoE.pdf,NCT00331773,0,Arm 1 (Conventionally Fractionated 3D-CRT/IMRT),45.0,control,control,ACTIVE_COMPARATOR,Conventional 3D-CRT,0.5,confident_2arm,2,2,False
PMID 27044935 a_Summary_SoE.pdf,NCT00331773,0,Arm 2 (Hypofractionated 3D-CRT/IMRT),32.0,intervention,intervention,EXPERIMENTAL,Hypofractionated 3D-CRT,0.7,confident_2arm,2,2,False
PMID 27119237 a_Summary_SoE.pdf,NCT01564537,0,Placebo + Lenalidomide + Dexamethasone,21.0,control,control,PLACEBO_COMPARATOR,Placebo + Lenalidomide + Dexamethasone,1.0,confident_2arm,2,2,False
PMID 27119237 a_Summary_SoE.pdf,NCT01564537,0,MLN9708 + Lenalidomide + Dexamethasone,21.0,intervention,intervention,EXPERIMENTAL,Ixazomib + Lenalidomide + Dexamethasone,0.6,confident_2arm,2,2,False
PMID 27264120 a_Summary_SoE.pdf,NCT00754845,0,Arm 2 (Placebo),2.0,control,control,PLACEBO_COMPARATOR,Placebo,0.8,count_mismatch,4,2,False
PMID 27264120 a_Summary_SoE.pdf,NCT00754845,1,Arm 2: Placebo (MA.17 Core Study),3.0,control,control,,,0.0,count_mismatch_leftover,4,2,False
PMID 27264120 a_Summary_SoE.pdf,NCT00754845,0,Arm 1 (Letrozole),2.0,intervention,intervention,EXPERIMENTAL,Letrozole,0.8,count_mismatch,4,2,False
PMID 27264120 a_Summary_SoE.pdf,NCT00754845,1,Arm 1: Letrozole (MA.17 Core Study),3.0,intervention,intervention,,,0.0,count_mismatch_leftover,4,2,False
PMID 27354480 a_Summary_SoE.pdf,NCT01029262,0,Placebo,7.0,control,control,PLACEBO_COMPARATOR,Arm #2 - placebo,1.0,confident_2arm,2,2,False
PMID 27354480 a_Summary_SoE.pdf,NCT01029262,0,Lenalidomide,7.0,intervention,intervention,EXPERIMENTAL,Arm #1 - Lenalidomide plus placebo,0.5,confident_2arm,2,2,False
PMID 27458307 a_Summary_SoE.pdf,NCT01450761,0,Arm B (Placebo + Etoposide/Platinum),18.0,control,control,PLACEBO_COMPARATOR,Placebo matching Ipilimumab+Etoposide+Cisplatin/Carboplatin,0.5,confident_2arm,2,2,False
PMID 27458307 a_Summary_SoE.pdf,NCT01450761,0,Arm A (Ipilimumab + Etoposide/Platinum),18.0,intervention,intervention,EXPERIMENTAL,Ipilimumab+Etoposide+Cisplatin/Carboplatin,0.462,confident_2arm,2,2,False
PMID 27458945 a_Summary_SoE.pdf,NCT00377156,0,Arm B (Radiosurgery + Whole Brain Radiation Therapy),18.0,control,intervention,EXPERIMENTAL,Arm II,0.5,confident_2arm,2,2,True
PMID 27458945 a_Summary_SoE.pdf,NCT00377156,0,Arm A (Radiosurgery alone),6.0,intervention,control,ACTIVE_COMPARATOR,Arm I,0.5,confident_2arm,2,2,True
PMID 27557302 a_Summary_SoE.pdf,NCT02136134,0,Vd (Bortezomib and Dexamethasone),40.0,control,control,ACTIVE_COMPARATOR,VELCADE+dexamethasone,1.0,confident_2arm,2,2,False
PMID 27557302 a_Summary_SoE.pdf,NCT02136134,0,"DVd (Daratumumab, Bortezomib, and Dexamethasone)",43.0,intervention,intervention,EXPERIMENTAL,Daratumumab+VELCADE+dexamethasone,0.9,confident_2arm,2,2,False
PMID 27569442 CT_Summary_SoE.pdf,NCT00134030,0,Arm A & C (MAP - Control),41.0,control,control,ACTIVE_COMPARATOR,Maintenance therapy group 1 arm I,0.0,count_mismatch,3,4,False
PMID 27569442 CT_Summary_SoE.pdf,NCT00134030,0,Arm B (MAP + Pegylated Interferon alfa-2b),56.0,intervention,intervention,EXPERIMENTAL,Maintenance therapy group 1 arm II,0.0,count_mismatch,3,4,False
PMID 27569442 CT_Summary_SoE.pdf,NCT00134030,1,Arm D (MAP + Ifosfamide/Etoposide),61.0,intervention,intervention,EXPERIMENTAL,Maintenance therapy group 2 arm II,0.031,count_mismatch,3,4,False
PMID 27705267 a_Summary_SoE.pdf,NCT02076009,0,Arm B (Rd: Lenalidomide and Dexamethasone),24.0,control,control,ACTIVE_COMPARATOR,Lenalidomide + dexamethasone,0.857,confident_2arm,2,2,False
PMID 27705267 a_Summary_SoE.pdf,NCT02076009,0,"Arm A (DRd: Daratumumab, Lenalidomide, and Dexamethasone)",24.0,intervention,intervention,EXPERIMENTAL,Daratumumab + lenalidomide + dexamethasone,0.9,confident_2arm,2,2,False
PMID 27717299 a_Summary_SoE.pdf,NCT01847274,0,Placebo,17.0,control,control,PLACEBO_COMPARATOR,Placebo,0.8,count_mismatch,3,2,False
PMID 27717299 a_Summary_SoE.pdf,NCT01847274,0,Niraparib,17.0,intervention,control,ACTIVE_COMPARATOR,Niraparib,0.55,count_mismatch,3,2,True
PMID 27717299 a_Summary_SoE.pdf,NCT01847274,1,Niraparib (Food Effect Sub-Study),26.0,intervention,intervention,,,0.0,count_mismatch_leftover,3,2,False
PMID 27717303 a_Summary_SoE.pdf,NCT01958021,0,Arm B (Placebo + Letrozole),15.0,control,control,PLACEBO_COMPARATOR,Placebo + letrozole,1.0,confident_2arm,2,2,False
PMID 27717303 a_Summary_SoE.pdf,NCT01958021,0,Arm A (LEE011 + Letrozole),15.0,intervention,intervention,EXPERIMENTAL,Ribociclib+ letrozole,0.5,confident_2arm,2,2,False
PMID 27718781 a_Summary_SoE.pdf,NCT00375674,0,Arm B (Placebo),10.0,control,control,PLACEBO_COMPARATOR,B,1.0,confident_2arm,2,2,False
PMID 27718781 a_Summary_SoE.pdf,NCT00375674,0,Arm A (Sunitinib),10.0,intervention,intervention,EXPERIMENTAL,A,0.75,confident_2arm,2,2,False
PMID 27718784 a_Summary_SoE.pdf,NCT02105636,0,Arm IC (Investigator's Choice),53.0,control,control,ACTIVE_COMPARATOR,Arm B: Cetuximab/Methotrexate/Docetaxel,0.5,confident_2arm,2,2,False
PMID 27718784 a_Summary_SoE.pdf,NCT02105636,0,Arm N (Nivolumab),27.0,intervention,intervention,EXPERIMENTAL,Arm A: Nivolumab,1.0,confident_2arm,2,2,False
PMID 27731748 a_Summary_SoE.pdf,NCT00824265,0,FC (fludarabine and cyclophosphamide),0.0,control,control,ACTIVE_COMPARATOR,"Fludarabine, Cyclophosphamide",0.857,confident_2arm,2,2,False
PMID 27731748 a_Summary_SoE.pdf,NCT00824265,0,OFA+FC (Ofatumumab plus fludarabine and cyclophosphamide),0.0,intervention,intervention,EXPERIMENTAL,"Ofatumumab, Fludarabine, Cyclophosphamide",0.7,confident_2arm,2,2,False
PMID 27787547 a_Summary_SoE.pdf,NCT00087022,0,Placebo,26.0,control,control,PLACEBO_COMPARATOR,Arm II,1.0,confident_2arm,2,2,False
PMID 27787547 a_Summary_SoE.pdf,NCT00087022,0,cG250,26.0,intervention,intervention,EXPERIMENTAL,Arm I,0.5,confident_2arm,2,2,False
PMID 27908454 CT_Summary_SoE.pdf,NCT01602380,0,Arm B (Anastrozole 1 mg),15.0,control,intervention,EXPERIMENTAL,faslodex+placebo,0.5,confident_2arm,2,2,True
PMID 27908454 CT_Summary_SoE.pdf,NCT01602380,0,Arm A (Fulvestrant 500 mg),15.0,intervention,control,ACTIVE_COMPARATOR,arimidex +placebo,0.5,confident_2arm,2,2,True
PMID 27914822_Summary_SoE.pdf,NCT00716976,0,Observation Arm (Control),10.0,control,intervention,EXPERIMENTAL,Observation Arm (No sodium thiosulfate treatment),0.5,confident_2arm,2,2,True
PMID 27914822_Summary_SoE.pdf,NCT00716976,0,STS Arm (Sodium Thiosulfate),10.0,intervention,intervention,EXPERIMENTAL,STS Arm (sodium thiosulfate treatment),0.45,confident_2arm,2,2,False
PMID 27918724 a_Summary_SoE.pdf,NCT01677910,0,Arm B (Placebo),13.0,control,intervention,EXPERIMENTAL,250 mg Telotristat Etiprate,0.425,count_mismatch,3,4,True
PMID 27918724 a_Summary_SoE.pdf,NCT01677910,0,Arm A (Telotristat etiprate 250 mg or 500 mg tid),13.0,intervention,intervention,EXPERIMENTAL,500 mg Telotristat Etiprate,0.022,count_mismatch,3,4,False
PMID 27918724 a_Summary_SoE.pdf,NCT01677910,1,Telotristat etiprate 500 mg tid,13.0,intervention,control,PLACEBO_COMPARATOR,Placebo,0.022,count_mismatch,3,4,True
PMID 27918780 a_Summary_SoE.pdf,NCT02472964,0,Arm B (Herceptin plus taxane),20.0,control,control,ACTIVE_COMPARATOR,Herceptin© + Taxane,0.5,confident_2arm,2,2,False
PMID 27918780 a_Summary_SoE.pdf,NCT02472964,0,Arm A (Hercules plus taxane),20.0,intervention,intervention,EXPERIMENTAL,MYL- 1401O + Taxane,0.5,confident_2arm,2,2,False
PMID 27959613 a_Summary_SoE.pdf,NCT01740427,0,Arm B (Placebo + Letrozole),16.0,control,control,ACTIVE_COMPARATOR,Placebo + Letrozole,1.0,confident_2arm,2,2,False
PMID 27959613 a_Summary_SoE.pdf,NCT01740427,0,Arm A (PD-0332991 + Letrozole),16.0,intervention,intervention,EXPERIMENTAL,PD-0332991 + Letrozole,1.0,confident_2arm,2,2,False
PMID 27959700 a_Summary_SoE.pdf,NCT02151981,0,Arm B (Platinum-based Doublet Chemotherapy),14.0,control,control,ACTIVE_COMPARATOR,Platinum-based doublet chemotherapy,0.7,confident_2arm,2,2,False
PMID 27959700 a_Summary_SoE.pdf,NCT02151981,0,Arm A (AZD9291 / Osimertinib),14.0,intervention,intervention,EXPERIMENTAL,Osimertinib,0.5,confident_2arm,2,2,False
PMID 27979383 a_Summary_SoE.pdf,NCT02008227,0,Docetaxel,0.0,control,control,ACTIVE_COMPARATOR,Docetaxel,1.0,confident_2arm,2,2,False
PMID 27979383 a_Summary_SoE.pdf,NCT02008227,0,Atezolizumab,0.0,intervention,intervention,EXPERIMENTAL,"Atezolizumab (MPDL3280A), an Engineered Anti-PD-L1 Antibody",0.5,confident_2arm,2,2,False
PMID 28029326 a_Summary_SoE.pdf,NCT01014208,0,Arm B (Rituximab + DHAP),53.0,control,control,ACTIVE_COMPARATOR,RITUXIMAB + DHAP CHEMOTHERAPY REGIMEN,0.8,confident_2arm,2,2,False
PMID 28029326 a_Summary_SoE.pdf,NCT01014208,0,Arm A (Ofatumumab + DHAP),53.0,intervention,intervention,EXPERIMENTAL,OFATUMUMAB + DHAP CHEMOTHERAPY REGIMEN,0.5,confident_2arm,2,2,False
PMID 28030702 a_Summary_SoE.pdf,NCT00869206,0,Arm A (Zoledronic acid every 4 weeks),14.0,control,intervention,EXPERIMENTAL,Arm I (zoledronic acid every 4 weeks),0.8,count_mismatch,3,2,True
PMID 28030702 a_Summary_SoE.pdf,NCT00869206,0,Arm B (Zoledronic acid every 12 weeks),14.0,intervention,intervention,EXPERIMENTAL,Arm II (zoledronic acid every 12 weeks),0.8,count_mismatch,3,2,False
PMID 28030702 a_Summary_SoE.pdf,NCT00869206,1,Arm B (Zoledronic acid 4 mg IV every 12 weeks),14.0,intervention,intervention,,,0.0,count_mismatch_leftover,3,2,False
PMID 28034081 a_Summary_SoE.pdf,NCT01057810,0,Arm B (Placebo),9.0,control,control,PLACEBO_COMPARATOR,Placebo,1.0,confident_2arm,2,2,False
PMID 28034081 a_Summary_SoE.pdf,NCT01057810,0,Arm A (Ipilimumab 10 mg/kg),9.0,intervention,intervention,EXPERIMENTAL,Ipilimumab,1.0,confident_2arm,2,2,False
PMID 28056202 a_Summary_SoE.pdf,NCT01120184,0,Arm A (Trastuzumab + Taxane),53.0,control,intervention,EXPERIMENTAL,Trastuzumab + Taxane (docetaxel or paclitaxel),0.4,uncertain,3,3,True
PMID 28056202 a_Summary_SoE.pdf,NCT01120184,0,Arm B (Trastuzumab emtansine + Pertuzumab),24.0,intervention,intervention,EXPERIMENTAL,Trastuzumab emtansine + pertuzumab,1.0,confident,3,3,False
PMID 28056202 a_Summary_SoE.pdf,NCT01120184,1,Arm C (Trastuzumab emtansine + Pertuzumab-placebo),25.0,intervention,intervention,EXPERIMENTAL,Trastuzumab emtansine + pertuzumab placebo,1.0,confident,3,3,False
PMID 28076709 a_Summary_SoE.pdf,NCT01578239,0,Arm B (60 mg Octreotide LAR),14.0,control,control,ACTIVE_COMPARATOR,Octreotide LAR,1.0,confident_2arm,2,2,False
PMID 28076709 a_Summary_SoE.pdf,NCT01578239,0,Arm A (177Lu-DOTA0-Tyr3-Octreotate + 30 mg Octreotide LAR),21.0,intervention,intervention,EXPERIMENTAL,177Lu-DOTA0-Tyr3-Octreotate,1.0,confident_2arm,2,2,False
PMID 28125763 a_Summary_SoE.pdf,NCT00320710,0,Arm A (Zometa 4 mg every 4 weeks),14.0,control,intervention,EXPERIMENTAL,Zoledronic acid every (q) 4 weeks,0.55,count_mismatch,2,3,True
PMID 28125763 a_Summary_SoE.pdf,NCT00320710,0,Arm B (Zometa 4 mg every 12 weeks),14.0,intervention,intervention,EXPERIMENTAL,Zoledronic acid q 12 weeks,0.133,count_mismatch,2,3,False
PMID 28126333 a_Summary_SoE.pdf,NCT01828099,0,Arm 2 (Reference Chemotherapy),20.0,control,control,ACTIVE_COMPARATOR,Chemotherapy,0.5,confident_2arm,2,2,False
PMID 28126333 a_Summary_SoE.pdf,NCT01828099,0,Arm 1 (LDK378),20.0,intervention,intervention,EXPERIMENTAL,Ceritinib,0.5,confident_2arm,2,2,False
PMID 28135150 a_Summary_SoE.pdf,NCT00003641,0,Arm A (Observation),5.0,control,control,OTHER,Observation,0.5,confident_2arm,2,2,False
PMID 28135150 a_Summary_SoE.pdf,NCT00003641,0,Arm B (Four Weeks High-dose IFN Alfa-2b),25.0,intervention,intervention,EXPERIMENTAL,Interferon Alfa-2b,0.5,confident_2arm,2,2,False
PMID 28139405 CT_Summary_SoE.pdf,NCT01569295,0,Arm B (Placebo + Bendamustine/Rituximab),23.0,control,control,PLACEBO_COMPARATOR,Placebo to match idelalisib+bendamustine+rituximab,0.733,confident_2arm,2,2,False
PMID 28139405 CT_Summary_SoE.pdf,NCT01569295,0,Arm A (Idelalisib + Bendamustine/Rituximab),23.0,intervention,intervention,EXPERIMENTAL,Idelalisib+bendamustine+rituximab,1.0,confident_2arm,2,2,False
PMID 28140392 a_Summary_SoE.pdf,NCT00910910,0,Chlorambucil (CHB) Arm,27.0,control,control,ACTIVE_COMPARATOR,2- Chlorambucil,0.75,confident_2arm,2,2,False
PMID 28140392 a_Summary_SoE.pdf,NCT00910910,0,Lenalidomide (LEN) Arm,14.0,intervention,intervention,EXPERIMENTAL,1 - Lenalidomide,0.75,confident_2arm,2,2,False
PMID 28146658 a_Summary_SoE.pdf,NCT00002874,0,Arm 2 (Radiation Therapy + Placebo),40.0,control,control,PLACEBO_COMPARATOR,Placebo,1.0,confident_2arm,2,2,False
PMID 28146658 a_Summary_SoE.pdf,NCT00002874,0,Arm 1 (Radiation Therapy + Casodex),40.0,intervention,intervention,EXPERIMENTAL,Bicalutamide,0.5,confident_2arm,2,2,False
PMID 28212060 a_Summary_SoE.pdf,NCT02256436,0,"Arm B (Investigator's Choice: Paclitaxel, Docetaxel, or Vinflunine)",22.0,control,control,ACTIVE_COMPARATOR,Control,0.818,confident_2arm,2,2,False
PMID 28212060 a_Summary_SoE.pdf,NCT02256436,0,Arm A (Pembrolizumab),18.0,intervention,intervention,EXPERIMENTAL,Pembrolizumab,1.0,confident_2arm,2,2,False
PMID 28249141 a_Summary_SoE.pdf,NCT02013167,0,Arm 2 (Standard of Care Chemotherapy),34.0,control,control,ACTIVE_COMPARATOR,Standard of Care Chemotherapy,0.7,confident_2arm,2,2,False
PMID 28249141 a_Summary_SoE.pdf,NCT02013167,0,Arm 1 (Blinatumomab),42.0,intervention,intervention,EXPERIMENTAL,Blinatumomab,1.0,confident_2arm,2,2,False
PMID 28257752 CT_Summary_SoE.pdf,NCT01659021,0,Arm B (Ofatumumab),16.0,control,control,ACTIVE_COMPARATOR,Ofatumumab,0.7,confident_2arm,2,2,False
PMID 28257752 CT_Summary_SoE.pdf,NCT01659021,0,Arm A (Idelalisib + Ofatumumab),16.0,intervention,intervention,EXPERIMENTAL,Idelalisib+ofatumumab,1.0,confident_2arm,2,2,False
PMID 28296618 a_Summary_SoE.pdf,NCT00482677,0,Arm 1 (Short-course Radiation Therapy alone),21.0,control,control,ACTIVE_COMPARATOR,Radiation,0.5,confident_2arm,2,2,False
PMID 28296618 a_Summary_SoE.pdf,NCT00482677,0,Arm 2 (Short-course Radiation Therapy + Temozolomide),41.0,intervention,control,ACTIVE_COMPARATOR,Temozolomide,0.5,confident_2arm,2,2,True
PMID 28380315 a_Summary_SoE.pdf,NCT01339910,0,Arm B: Myeloablative Conditioning (MAC),23.0,control,control,ACTIVE_COMPARATOR,Myeloablative Conditioning Regimen (MAC),0.5,confident_2arm,2,2,False
PMID 28380315 a_Summary_SoE.pdf,NCT01339910,0,Arm A: Reduced Intensity Conditioning (RIC),22.0,intervention,intervention,EXPERIMENTAL,Reduced Intensity Conditioning (RIC),0.5,confident_2arm,2,2,False
PMID 28384065 a_Summary_SoE.pdf,NCT00569127,0,Arm 2 (Depot Octreotide Plus Interferon Alpha-2b),18.0,control,intervention,EXPERIMENTAL,Arm II (octreotide acetate and recombinant interferon alfa-2b),0.5,confident_2arm,2,2,True
PMID 28384065 a_Summary_SoE.pdf,NCT00569127,0,Arm 1 (Depot Octreotide Plus Bevacizumab),18.0,intervention,intervention,EXPERIMENTAL,Arm I (octreotide acetate and bevacizumab),0.545,confident_2arm,2,2,False
PMID 28438473 a_Summary_SoE.pdf,NCT00565851,0,Arm I/V (No Surgery + Chemotherapy),29.0,control,control,,,0.0,count_mismatch_leftover,5,4,False
PMID 28438473 a_Summary_SoE.pdf,NCT00565851,1,Arm III/VII (Surgery + CT/GC),31.0,control,intervention,EXPERIMENTAL,"Arm III (gemcitabine hydrochloride, carboplatin)",0.0,count_mismatch,5,4,True
PMID 28438473 a_Summary_SoE.pdf,NCT00565851,0,Arm IV/VIII (Surgery + Chemotherapy + Bevacizumab),36.0,intervention,intervention,EXPERIMENTAL,"Arm IV (gemcitabine hydrochloride, bevacizumab, carboplatin)",0.0,count_mismatch,5,4,False
PMID 28438473 a_Summary_SoE.pdf,NCT00565851,1,Arm II (Carboplatin + Paclitaxel + Bevacizumab),36.0,intervention,intervention,EXPERIMENTAL,"Arm II (paclitaxel, docetaxel, carboplatin, bevacizumab)",0.3,count_mismatch,5,4,False
PMID 28438473 a_Summary_SoE.pdf,NCT00565851,2,Arm IV (Surgery + Carboplatin + Paclitaxel + Bevacizumab),34.0,intervention,control,ACTIVE_COMPARATOR,"Arm I (paclitaxel, docetaxel, carboplatin)",0.116,count_mismatch,5,4,True
PMID 28492898 CT_Summary_SoE.pdf,NCT01933932,0,Arm B (Placebo + Docetaxel),26.0,control,intervention,EXPERIMENTAL,Placebo + Docetaxel,0.667,confident_2arm,2,2,True
PMID 28492898 CT_Summary_SoE.pdf,NCT01933932,0,Arm A (Selumetinib + Docetaxel),26.0,intervention,intervention,EXPERIMENTAL,Selumetinib + Docetaxel,0.6,confident_2arm,2,2,False
PMID 28501140 CT_Summary_SoE.pdf,NCT02075840,0,Arm B (Crizotinib),8.0,control,control,ACTIVE_COMPARATOR,Crizotinib,1.0,confident_2arm,2,2,False
PMID 28501140 CT_Summary_SoE.pdf,NCT02075840,0,Arm A (Alectinib),8.0,intervention,intervention,EXPERIMENTAL,Alectinib,1.0,confident_2arm,2,2,False
PMID 28578601 a_Summary_SoE.pdf,NCT02000622,0,Arm B (Physician's Choice Chemotherapy),37.0,control,control,ACTIVE_COMPARATOR,Physician's choice chemotherapy,0.7,confident_2arm,2,2,False
PMID 28578601 a_Summary_SoE.pdf,NCT02000622,0,Arm A (Olaparib Monotherapy),20.0,intervention,intervention,EXPERIMENTAL,Olaparib,1.0,confident_2arm,2,2,False
PMID 28578607 a_Summary_SoE.pdf,NCT01715285,0,Arm B (ADT + Placebos),17.0,control,control,PLACEBO_COMPARATOR,Placebo + Androgen Deprivation Therapy (ADT),0.5,confident_2arm,2,2,False
PMID 28578607 a_Summary_SoE.pdf,NCT01715285,0,Arm A (Abiraterone Acetate + Prednisone + ADT),17.0,intervention,intervention,EXPERIMENTAL,Abiraterone acetate + Prednisone + ADT,0.8,confident_2arm,2,2,False
PMID 28580882 a_Summary_SoE.pdf,NCT02107703,0,Arm B (Placebo + Fulvestrant),15.0,control,control,PLACEBO_COMPARATOR,Placebo + Fulvestrant,1.0,confident_2arm,2,2,False
PMID 28580882 a_Summary_SoE.pdf,NCT02107703,0,Arm A (Abemaciclib + Fulvestrant),15.0,intervention,intervention,EXPERIMENTAL,Abemaciclib + Fulvestrant,1.0,confident_2arm,2,2,False
PMID 28581356 a_Summary_SoE.pdf,NCT01358877,0,Arm 2 (Placebo + Trastuzumab + Chemotherapy),18.0,control,control,PLACEBO_COMPARATOR,Placebo + Trastuzumab + Chemotherapy,0.5,confident_2arm,2,2,False
PMID 28581356 a_Summary_SoE.pdf,NCT01358877,0,Arm 1 (Pertuzumab + Trastuzumab + Chemotherapy),18.0,intervention,intervention,EXPERIMENTAL,Pertuzumab + Trastuzumab + Chemotherapy,0.5,confident_2arm,2,2,False
PMID 28600132 CT_Summary_SoE.pdf,NCT01578499,0,Arm 2: Physician's Choice (Methotrexate or Bexarotene),17.0,control,control,ACTIVE_COMPARATOR,Methotrexate or Bexarotene,0.667,confident_2arm,2,2,False
PMID 28600132 CT_Summary_SoE.pdf,NCT01578499,0,Arm 1: Brentuximab vedotin (SGN-35),21.0,intervention,intervention,EXPERIMENTAL,Brentuximab vedotin,0.8,confident_2arm,2,2,False
PMID 28632865 a_Summary_SoE.pdf,NCT00265850,0,Arm A (Bevacizumab + FOLFOX/FOLFIRI),27.0,control,control,ACTIVE_COMPARATOR,Arm A: FOLFOX or FOLFIRI + bevacizumab,0.8,count_mismatch,2,3,False
PMID 28632865 a_Summary_SoE.pdf,NCT00265850,0,Arm B (Cetuximab + FOLFOX/FOLFIRI),53.0,intervention,intervention,EXPERIMENTAL,Arm B: FOLFOX or FOLFIRI + cetuximab,0.8,count_mismatch,2,3,False
PMID 28636851 a_Summary_SoE.pdf,NCT02041533,0,Arm B (Investigator's Choice Chemotherapy),21.0,control,control,ACTIVE_COMPARATOR,Arm B: Investigator's Choice Chemotherapy,0.5,confident_2arm,2,2,False
PMID 28636851 a_Summary_SoE.pdf,NCT02041533,0,Arm A (Nivolumab),27.0,intervention,intervention,EXPERIMENTAL,Arm A: Nivolumab subjects,0.75,confident_2arm,2,2,False
PMID 28644114 a_Summary_SoE.pdf,NCT00651261,0,Arm B (Placebo + Chemotherapy),66.0,control,control,ACTIVE_COMPARATOR,Induction and consolidation chemotherapy plus placebo,0.5,confident_2arm,2,2,False
PMID 28644114 a_Summary_SoE.pdf,NCT00651261,0,Arm A (Midostaurin + Chemotherapy),66.0,intervention,intervention,EXPERIMENTAL,Induction and consolidation chemotherapy plus midostaurin,0.5,confident_2arm,2,2,False
PMID 28687830 a_Summary_SoE.pdf,NCT00655876,0,Arm 2 (Radiation Therapy + Paclitaxel + Cisplatin),32.0,control,control,ACTIVE_COMPARATOR,Chemoradiation,0.875,confident_2arm,2,2,False
PMID 28687830 a_Summary_SoE.pdf,NCT00655876,0,Arm 1 (Radiation Therapy + Paclitaxel + Cisplatin + Cetuximab),32.0,intervention,intervention,EXPERIMENTAL,Chemoradiation + Cetuximab,0.909,confident_2arm,2,2,False
PMID 28746153 CT_Summary_SoE.pdf,NCT01438476,0,Intravenous Patient Controlled Analgesia (IVPCA),8.0,control,intervention,EXPERIMENTAL,IV Pain Management,0.5,confident_2arm,2,2,True
PMID 28746153 CT_Summary_SoE.pdf,NCT01438476,0,Thoracic Epidural Analgesia (TEA),8.0,intervention,intervention,EXPERIMENTAL,Epidural Pain Management,0.5,confident_2arm,2,2,False
PMID 28753384 a_Summary_SoE.pdf,NCT01308567,0,Arm C (Docetaxel 75 mg/m² + Prednisone),24.0,control,control,ACTIVE_COMPARATOR,Docetaxel 75 mg/m^2,0.75,confident,3,3,False
PMID 28753384 a_Summary_SoE.pdf,NCT01308567,0,Arm A (Cabazitaxel 25 mg/m² + Prednisone),24.0,intervention,intervention,EXPERIMENTAL,Cabazitaxel 25 mg/m^2,0.75,confident,3,3,False
PMID 28753384 a_Summary_SoE.pdf,NCT01308567,1,Arm B (Cabazitaxel 20 mg/m² + Prednisone),24.0,intervention,intervention,EXPERIMENTAL,Cabazitaxel 20 mg/m^2,0.75,confident,3,3,False
PMID 28754483 CT_Summary_SoE.pdf,NCT01874353,0,Matching Placebo,0.0,control,control,PLACEBO_COMPARATOR,Placebo tablets,0.5,confident_2arm,2,2,False
PMID 28754483 CT_Summary_SoE.pdf,NCT01874353,0,Olaparib 300 mg bd tablets,0.0,intervention,intervention,EXPERIMENTAL,Olaparib 300mg tablets,0.8,confident_2arm,2,2,False
PMID 28796588 a_Summary_SoE.pdf,NCT01287741,0,R-CHOP (Rituximab plus CHOP),12.0,control,control,ACTIVE_COMPARATOR,Rituximab+Chemotherapy,0.5,confident_2arm,2,2,False
PMID 28796588 a_Summary_SoE.pdf,NCT01287741,0,G-CHOP (GA101 plus CHOP),14.0,intervention,intervention,EXPERIMENTAL,Obinutuzumab+Chemotherapy,0.5,confident_2arm,2,2,False
PMID 28809610 a_Summary_SoE.pdf,NCT01308580,0,Arm B (Cabazitaxel 25 mg/m²),20.0,control,control,,,0.0,count_mismatch_leftover,3,2,False
PMID 28809610 a_Summary_SoE.pdf,NCT01308580,0,Arm A (Cabazitaxel 20 mg/m²),20.0,intervention,intervention,EXPERIMENTAL,Cabazitaxel 25 mg/m^2,0.073,count_mismatch,3,2,False
PMID 28809610 a_Summary_SoE.pdf,NCT01308580,1,Arm B (Cabazitaxel 25 mg/m² + Prednisone),20.5,intervention,intervention,EXPERIMENTAL,Cabazitaxel 20 mg/m^2,0.345,count_mismatch,3,2,False
PMID 28854067 a_Summary_SoE.pdf,NCT01285609,0,Arm B (Placebo + Paclitaxel + Carboplatin),10.0,control,control,PLACEBO_COMPARATOR,Placebo + Paclitaxel and Carboplatin,1.0,confident_2arm,2,2,False
PMID 28854067 a_Summary_SoE.pdf,NCT01285609,0,Arm A (Ipilimumab + Paclitaxel + Carboplatin),10.0,intervention,intervention,EXPERIMENTAL,Ipilimumab + Paclitaxel and Carboplatin,1.0,confident_2arm,2,2,False
PMID 28885881 a_Summary_SoE.pdf,NCT02125461,0,Arm B (Placebo),26.0,control,control,PLACEBO_COMPARATOR,PLACEBO,1.0,confident_2arm,2,2,False
PMID 28885881 a_Summary_SoE.pdf,NCT02125461,0,Arm A (MEDI4736 / Durvalumab),26.0,intervention,intervention,EXPERIMENTAL,MEDI4736,0.5,confident_2arm,2,2,False
PMID 28891408 a_Summary_SoE.pdf,NCT01682083,0,Arm B (Placebo),13.0,control,control,PLACEBO_COMPARATOR,Dabrafenib and trametinib placebos,0.5,confident_2arm,2,2,False
PMID 28891408 a_Summary_SoE.pdf,NCT01682083,0,Arm A (Dabrafenib + Trametinib),13.0,intervention,intervention,EXPERIMENTAL,Dabrafenib and trametinib,1.0,confident_2arm,2,2,False
PMID 28891423 a_Summary_SoE.pdf,NCT02388906,0,Arm A (Ipilimumab 10 mg/kg + Nivolumab Placebo),31.0,control,intervention,EXPERIMENTAL,Ipilimumab and Placebo matching Nivolumab,0.717,count_mismatch,3,2,True
PMID 28891423 a_Summary_SoE.pdf,NCT02388906,0,Arm B (Nivolumab 3 mg/kg + Ipilimumab Placebo),31.0,intervention,intervention,EXPERIMENTAL,Nivolumab and Placebo matching Ipilimumab,0.717,count_mismatch,3,2,False
PMID 28891423 a_Summary_SoE.pdf,NCT02388906,1,Arm B (Nivolumab 3 mg/kg),31.0,intervention,intervention,,,0.0,count_mismatch_leftover,3,2,False
PMID 28902533 a_Summary_SoE.pdf,NCT01235962,0,Matching Placebo,14.0,control,control,PLACEBO_COMPARATOR,placebo,0.833,confident_2arm,2,2,False
PMID 28902533 a_Summary_SoE.pdf,NCT01235962,0,Pazopanib (600 mg or 800 mg daily),14.0,intervention,intervention,EXPERIMENTAL,pazopanib,1.0,confident_2arm,2,2,False
PMID 28916367 a_Summary_SoE.pdf,NCT01968213,0,Placebo,14.0,control,control,PLACEBO_COMPARATOR,Placebo,1.0,confident_2arm,2,2,False
PMID 28916367 a_Summary_SoE.pdf,NCT01968213,0,Rucaparib,14.0,intervention,intervention,EXPERIMENTAL,Rucaparib,1.0,confident_2arm,2,2,False
PMID 28916371 a_Summary_SoE.pdf,NCT02426125,0,Arm B (Placebo plus Docetaxel),18.0,control,control,PLACEBO_COMPARATOR,Placebo + Docetaxel,1.0,confident_2arm,2,2,False
PMID 28916371 a_Summary_SoE.pdf,NCT02426125,0,Arm A (Ramucirumab plus Docetaxel),18.0,intervention,intervention,EXPERIMENTAL,Ramucirumab + Docetaxel,1.0,confident_2arm,2,2,False
PMID 28935843 a_Summary_SoE.pdf,NCT01649856,0,Rituximab IV plus CHOP,10.0,control,intervention,EXPERIMENTAL,A: Rituximab SC,0.667,confident_2arm,2,2,True
PMID 28935843 a_Summary_SoE.pdf,NCT01649856,0,Rituximab SC plus CHOP,10.0,intervention,control,ACTIVE_COMPARATOR,B: Rituximab IV,0.667,confident_2arm,2,2,True
PMID 28958469a_Summary_SoE.pdf,NCT00774345,0,Placebo,22.0,control,control,PLACEBO_COMPARATOR,Placebo Comparator: 2,0.833,confident_2arm,2,2,False
PMID 28958469a_Summary_SoE.pdf,NCT00774345,0,Lenalidomide,22.0,intervention,intervention,EXPERIMENTAL,Experimental: 1,0.75,confident_2arm,2,2,False
PMID 28968163 CT a_Summary_SoE.pdf,NCT02246621,0,Control Arm B (Placebo + NSAI),20.0,control,control,PLACEBO_COMPARATOR,Placebo + NSAI,0.5,confident_2arm,2,2,False
PMID 28968163 CT a_Summary_SoE.pdf,NCT02246621,0,Experimental Arm A (LY2835219 + NSAI),20.0,intervention,intervention,EXPERIMENTAL,Abemaciclib + NSAI,0.5,confident_2arm,2,2,False
PMID 28976863 a_Summary_SoE.pdf,NCT01332968,0,Arm A (Rituximab + Chemotherapy),14.0,control,control,ACTIVE_COMPARATOR,Rituximab+Chemotherapy,0.5,confident_2arm,2,2,False
PMID 28976863 a_Summary_SoE.pdf,NCT01332968,0,Arm B (Obinutuzumab + Chemotherapy),16.0,intervention,intervention,EXPERIMENTAL,Obinutuzumab+Chemotherapy,0.5,confident_2arm,2,2,False
PMID 29091516 a_Summary_SoE.pdf,NCT02130557,0,Imatinib,14.0,control,control,ACTIVE_COMPARATOR,Imatinib,0.7,confident_2arm,2,2,False
PMID 29091516 a_Summary_SoE.pdf,NCT02130557,0,Bosutinib,14.0,intervention,intervention,EXPERIMENTAL,Bosutinib,0.7,confident_2arm,2,2,False
PMID 29103871 CT_Summary_SoE.pdf,NCT01924533,0,Arm B (Placebo + Paclitaxel),28.0,control,control,PLACEBO_COMPARATOR,Placebo+paclitaxel,1.0,confident_2arm,2,2,False
PMID 29103871 CT_Summary_SoE.pdf,NCT01924533,0,Arm A (Olaparib + Paclitaxel),28.0,intervention,intervention,EXPERIMENTAL,Olaparib+ paclitaxel,1.0,confident_2arm,2,2,False
PMID 29136387 a_Summary_SoE.pdf,NCT01598298,0,Placebo,5.0,control,control,PLACEBO_COMPARATOR,Arm II,1.0,confident_2arm,2,2,False
PMID 29136387 a_Summary_SoE.pdf,NCT01598298,0,Duloxetine,5.0,intervention,intervention,EXPERIMENTAL,Arm I,0.5,confident_2arm,2,2,False
PMID 29151359 a_Summary_SoE.pdf,NCT02296125,0,Arm B (Standard of Care EGFR-TKI: gefitinib or erlotinib),14.0,control,control,ACTIVE_COMPARATOR,Standard of Care + placebo AZD9291,0.5,confident_2arm,2,2,False
PMID 29151359 a_Summary_SoE.pdf,NCT02296125,0,Arm A (AZD9291/osimertinib),14.0,intervention,intervention,EXPERIMENTAL,AZD9291+ placebo,0.5,confident_2arm,2,2,False
PMID 29158011 CT_Summary_SoE.pdf,NCT00553410,0,Arm A (Continuous Letrozole),2.0,control,control,ACTIVE_COMPARATOR,Continuous letrozole,0.8,count_mismatch,3,2,False
PMID 29158011 CT_Summary_SoE.pdf,NCT00553410,0,Arm A (Continuous letrozole),2.0,intervention,intervention,,,0.0,count_mismatch_leftover,3,2,False
PMID 29158011 CT_Summary_SoE.pdf,NCT00553410,1,Arm B (Intermittent letrozole),2.0,intervention,intervention,EXPERIMENTAL,Intermittent letrozole,0.8,count_mismatch,3,2,False
PMID 29169877 CT_Summary_SoE.pdf,NCT00946712,0,Arm 1b (Carboplatin/Paclitaxel),12.0,control,control,,,0.0,count_mismatch_leftover,5,2,False
PMID 29169877 CT_Summary_SoE.pdf,NCT00946712,1,Arm 1a (Carboplatin/Paclitaxel/Bevacizumab),18.0,control,intervention,EXPERIMENTAL,Arm I (chemo +/- bevacizumab),0.492,count_mismatch,5,2,True
PMID 29169877 CT_Summary_SoE.pdf,NCT00946712,0,Arm 1a (Carboplatin/Paclitaxel/Bevacizumab),53.0,intervention,intervention,,,0.0,count_mismatch_leftover,5,2,False
PMID 29169877 CT_Summary_SoE.pdf,NCT00946712,1,Arm 2a (Carboplatin/Paclitaxel/Bevacizumab/Cetuximab),53.0,intervention,intervention,EXPERIMENTAL,"Arm II (chemo, cetuximab, +/- bevacizumab)",0.55,count_mismatch,5,2,False
PMID 29169877 CT_Summary_SoE.pdf,NCT00946712,2,Arm 2b (Carboplatin/Paclitaxel/Cetuximab),52.0,intervention,intervention,,,0.0,count_mismatch_leftover,5,2,False
PMID 29224502 a_Summary_SoE.pdf,NCT01712490,0,"Arm B (ABVD: doxorubicin, bleomycin, vinblastine, and dacarbazine)",16.0,control,control,ACTIVE_COMPARATOR,ABVD,0.857,confident_2arm,2,2,False
PMID 29224502 a_Summary_SoE.pdf,NCT01712490,0,"Arm A (A+AVD: Brentuximab vedotin plus doxorubicin, vinblastine, and dacarbazine)",20.0,intervention,intervention,EXPERIMENTAL,A + AVD,0.867,confident_2arm,2,2,False
PMID 29231094 a_Summary_SoE.pdf,NCT02073682,0,Dalteparin,6.0,control,control,ACTIVE_COMPARATOR,Dalteparin group,0.7,confident_2arm,2,2,False
PMID 29231094 a_Summary_SoE.pdf,NCT02073682,0,LMWH/Edoxaban,6.0,intervention,intervention,EXPERIMENTAL,Edoxaban group,0.5,confident_2arm,2,2,False
PMID 29238824 a_Summary_SoE.pdf,NCT01067144,0,Placebo Arm,3.0,control,control,PLACEBO_COMPARATOR,Control,0.514,count_mismatch,3,2,False
PMID 29238824 a_Summary_SoE.pdf,NCT01067144,1,Observational Arm,3.0,control,control,,,0.0,count_mismatch_leftover,3,2,False
PMID 29238824 a_Summary_SoE.pdf,NCT01067144,0,Gabapentin Arm,3.0,intervention,intervention,EXPERIMENTAL,Gabapentin,0.5,count_mismatch,3,2,False
PMID 29244528 a_Summary_SoE.pdf,NCT01160211,0,Arm B (Trastuzumab + AI),18.0,control,control,ACTIVE_COMPARATOR,Treatment group B,0.6,confident,3,3,False
PMID 29244528 a_Summary_SoE.pdf,NCT01160211,0,Arm C (Lapatinib + AI),13.0,intervention,control,ACTIVE_COMPARATOR,Treatment Group C,0.6,confident,3,3,True
PMID 29244528 a_Summary_SoE.pdf,NCT01160211,1,Arm A (Lapatinib + Trastuzumab + AI),18.0,intervention,intervention,EXPERIMENTAL,Treatment group A,0.75,confident,3,3,False
PMID 29268948 a_Summary_SoE.pdf,NCT02302807,0,"Arm B (Chemotherapy: Vinflunine, Paclitaxel, or Docetaxel)",20.0,control,control,ACTIVE_COMPARATOR,"Arm B: Chemotherapy (Vinflunine, Paclitaxel, or Docetaxel)",0.818,confident_2arm,2,2,False
PMID 29268948 a_Summary_SoE.pdf,NCT02302807,0,Arm A (Atezolizumab),20.0,intervention,intervention,EXPERIMENTAL,Arm A: Atezolizumab,0.5,confident_2arm,2,2,False
PMID 29373094 a_Summary_SoE.pdf,NCT02149524,0,Herceptin (trastuzumab),20.0,control,control,ACTIVE_COMPARATOR,Herceptin (trastuzumab),0.75,confident_2arm,2,2,False
PMID 29373094 a_Summary_SoE.pdf,NCT02149524,0,SB3 (proposed trastuzumab biosimilar),20.0,intervention,intervention,EXPERIMENTAL,SB3 (proposed trastuzumab biosimilar),1.0,confident_2arm,2,2,False
PMID 29420164 a_Summary_SoE.pdf,NCT01946204,0,Arm B (Placebo),10.0,control,control,PLACEBO_COMPARATOR,Treatment Arm B: Placebo,1.0,confident_2arm,2,2,False
PMID 29420164 a_Summary_SoE.pdf,NCT01946204,0,Arm A (Apalutamide/ARN-509),10.0,intervention,intervention,EXPERIMENTAL,Treatment Arm A: Apalutamide,0.75,confident_2arm,2,2,False
PMID 29477665 CT_Summary_SoE.pdf,NCT01667419,0,Arm A (Placebo),17.0,control,control,PLACEBO_COMPARATOR,Cohort 1 Placebo,0.8,count_mismatch,2,4,False
PMID 29477665 CT_Summary_SoE.pdf,NCT01667419,0,Arm B (Vemurafenib),17.0,intervention,intervention,EXPERIMENTAL,Cohort 1 Vemurafenib,0.8,count_mismatch,2,4,False
PMID 29522138 a_Summary_SoE.pdf,NCT02055781,0,Arm C (Best Available Therapy [BAT]),11.0,control,control,ACTIVE_COMPARATOR,Best Available Therapy,0.367,uncertain,3,3,False
PMID 29522138 a_Summary_SoE.pdf,NCT02055781,0,Arm A (Pacritinib 400 mg QD),11.0,intervention,intervention,EXPERIMENTAL,"Pacritinib, Once Daily",0.2,uncertain,3,3,False
PMID 29522138 a_Summary_SoE.pdf,NCT02055781,1,Arm B (Pacritinib 200 mg BID),11.0,intervention,intervention,EXPERIMENTAL,"Pacritinib, Twice Daily",0.033,uncertain,3,3,False
PMID 29528792 a_Summary_SoE.pdf,NCT01974752,0,Arm B (Placebo + Dacarbazine),20.0,control,control,PLACEBO_COMPARATOR,placebo twice daily,0.889,confident_2arm,2,2,False
PMID 29528792 a_Summary_SoE.pdf,NCT01974752,0,Arm A (Selumetinib + Dacarbazine),20.0,intervention,intervention,EXPERIMENTAL,selumetinib 75mg twice daily,0.75,confident_2arm,2,2,False
PMID 29543933 a_Summary_SoE.pdf,NCT00033631,0,Arm 1 (Standard-dose 3D-CRT/IMRT: 70.2 Gy in 39 fractions),43.0,control,control,ACTIVE_COMPARATOR,70.2 Gy,0.5,confident_2arm,2,2,False
PMID 29543933 a_Summary_SoE.pdf,NCT00033631,0,Arm 2 (High-dose 3D-CRT/IMRT: 79.2 Gy in 44 fractions),48.0,intervention,intervention,EXPERIMENTAL,79.2 Gy,0.5,confident_2arm,2,2,False
PMID 29562145 a_Summary_SoE.pdf,NCT02231749,0,Arm B (Sunitinib),9.0,control,control,ACTIVE_COMPARATOR,Arm B: Sunitinib 50 mg,0.5,confident_2arm,2,2,False
PMID 29562145 a_Summary_SoE.pdf,NCT02231749,0,Arm A (Nivolumab + Ipilimumab),25.0,intervention,intervention,EXPERIMENTAL,Arm A: Nivolumab 3 mg/kg + Ipilimumab 1 mg/kg,1.0,confident_2arm,2,2,False
PMID 29562156 a_Summary_SoE.pdf,NCT02005471,0,Arm B (Bendamustine + Rituximab),22.0,control,control,ACTIVE_COMPARATOR,Bendamustine + Rituximab,0.8,count_mismatch,2,4,False
PMID 29562156 a_Summary_SoE.pdf,NCT02005471,0,Arm A (Venetoclax + Rituximab),22.0,intervention,intervention,EXPERIMENTAL,Venetoclax + Rituximab,0.8,count_mismatch,2,4,False
PMID 29573941 a_Summary_SoE.pdf,NCT01909453,0,Vemurafenib (960mg BID),14.0,control,control,ACTIVE_COMPARATOR,Vemurafenib,0.4,count_mismatch,5,4,False
PMID 29573941 a_Summary_SoE.pdf,NCT01909453,1,Vemurafenib (960mg BID),14.0,control,intervention,EXPERIMENTAL,LGX818 300 mg + MEK162,0.0,count_mismatch,5,4,True
PMID 29573941 a_Summary_SoE.pdf,NCT01909453,0,Combo 450 (Encorafenib 450mg QD + Binimetinib 45mg BID),14.0,intervention,intervention,EXPERIMENTAL,LGX818 450 mg + MEK162,0.0,count_mismatch,5,4,False
PMID 29573941 a_Summary_SoE.pdf,NCT01909453,1,LGX818 (Encorafenib 300mg QD),14.0,intervention,intervention,EXPERIMENTAL,LGX818,0.0,count_mismatch,5,4,False
PMID 29573941 a_Summary_SoE.pdf,NCT01909453,2,Combo 300 (Encorafenib 300mg QD + Binimetinib 45mg BID),14.0,intervention,intervention,,,0.0,count_mismatch_leftover,5,4,False
PMID 29624463 a_Summary_SoE.pdf,NCT00004124,0,Arm 1: Adjuvant Hormonal Therapy (Casodex and Zoladex),5.0,control,control,ACTIVE_COMPARATOR,"bicalutamide, goserelin",0.5,confident_2arm,2,2,False
PMID 29624463 a_Summary_SoE.pdf,NCT00004124,0,"Arm 2: Adjuvant Chemohormonal Therapy (Mitoxantrone, Prednisone, Casodex, Zoladex)",14.0,intervention,intervention,EXPERIMENTAL,"bicalutamide, goserelin, mitoxantrone, prednisone",0.562,confident_2arm,2,2,False
PMID 29625879 CT_Summary_SoE.pdf,NCT01755767,0,Placebo,34.0,control,control,PLACEBO_COMPARATOR,Placebo Matching 240 mg BID Cohort,0.514,count_mismatch,2,4,False
PMID 29625879 CT_Summary_SoE.pdf,NCT01755767,0,Tivantinib (ARQ 197),34.0,intervention,intervention,EXPERIMENTAL,Tivantinib 240 mg BID Cohort,0.0,count_mismatch,2,4,False
PMID 29658430 a_Summary_SoE.pdf,NCT02362594,0,Arm B (Placebo),18.0,control,control,PLACEBO_COMPARATOR,Placebo,1.0,confident_2arm,2,2,False
PMID 29658430 a_Summary_SoE.pdf,NCT02362594,0,Arm A (Pembrolizumab),18.0,intervention,intervention,EXPERIMENTAL,Pembrolizumab,1.0,confident_2arm,2,2,False
PMID 29658856 a_Summary_SoE.pdf,NCT02578680,0,Arm 2 (Saline Placebo + Pemetrexed + Platinum),18.0,control,control,ACTIVE_COMPARATOR,Control,0.5,confident_2arm,2,2,False
PMID 29658856 a_Summary_SoE.pdf,NCT02578680,0,Arm 1 (Pembrolizumab + Pemetrexed + Platinum),18.0,intervention,intervention,EXPERIMENTAL,Pembrolizumab+Pemetrexed+Platinum Chemotherapy Followed by Pembrolizumab+Pemetrexed,0.5,confident_2arm,2,2,False
PMID 29668860 a_Summary_SoE.pdf,NCT02604342,0,Chemotherapy,0.0,control,control,ACTIVE_COMPARATOR,Premetrexed/Docetaxel,0.5,confident_2arm,2,2,False
PMID 29668860 a_Summary_SoE.pdf,NCT02604342,0,Alectinib,0.0,intervention,intervention,EXPERIMENTAL,Alectinib,1.0,confident_2arm,2,2,False
PMID 29726361 CT_Summary_SoE.pdf,NCT01856543,0,Arm 1 (Standard emollient skin care - Eucerin),26.0,control,control,PLACEBO_COMPARATOR,Eucerin,0.5,confident_2arm,2,2,False
PMID 29726361 CT_Summary_SoE.pdf,NCT01856543,0,Arm 2 (Mometasone furoate 0.1% cream - MF),26.0,intervention,intervention,EXPERIMENTAL,Mometasone Furoate 0.1%,0.5,confident_2arm,2,2,False
PMID 29801011 CT_Summary_SoE.pdf,NCT00445601,0,Arm 2 (Saline),8.0,control,control,PLACEBO_COMPARATOR,Arm II,0.5,confident_2arm,2,2,False
PMID 29801011 CT_Summary_SoE.pdf,NCT00445601,0,Arm 1 (Gemcitabine),8.0,intervention,intervention,EXPERIMENTAL,Arm I,0.75,confident_2arm,2,2,False
PMID 29804902 CT_Summary_SoE.pdf,NCT02278120,0,Arm B (Placebo + Tamoxifen/NSAI + Goserelin),16.0,control,control,PLACEBO_COMPARATOR,Placebo + NSAI/tamoxifen + goserelin,0.667,confident_2arm,2,2,False
PMID 29804902 CT_Summary_SoE.pdf,NCT02278120,0,Arm A (LEE011 + Tamoxifen/NSAI + Goserelin),16.0,intervention,intervention,EXPERIMENTAL,Ribociclib + NSAI/tamoxifen + goserelin,0.5,confident_2arm,2,2,False
PMID 29856685 a_Summary_SoE.pdf,NCT02165397,0,Arm B (Placebo + Rituximab),16.0,control,intervention,EXPERIMENTAL,Randomized Study (Placebo + Rituximab),0.689,count_mismatch,2,3,True
PMID 29856685 a_Summary_SoE.pdf,NCT02165397,0,Arm A (Ibrutinib + Rituximab),16.0,intervention,intervention,EXPERIMENTAL,Randomized Study (Ibrutinib + Rituximab),0.657,count_mismatch,2,3,False
PMID 29860922 CT_Summary_SoE.pdf,NCT02422615,0,Arm B (Placebo + Fulvestrant),16.0,control,control,PLACEBO_COMPARATOR,Placebo + fulvestrant,1.0,confident_2arm,2,2,False
PMID 29860922 CT_Summary_SoE.pdf,NCT02422615,0,Arm A (Ribociclib + Fulvestrant),16.0,intervention,intervention,EXPERIMENTAL,Ribociclib + fulvestrant,1.0,confident_2arm,2,2,False
PMID 29863955 a_Summary_SoE.pdf,NCT02366143,0,Arm C (Carboplatin + Paclitaxel + Bevacizumab),18.0,control,control,ACTIVE_COMPARATOR,Arm C (Bevacizumab+Paclitaxel+Carboplatin),1.0,confident,3,3,False
PMID 29863955 a_Summary_SoE.pdf,NCT02366143,0,Arm A (Atezolizumab + Carboplatin + Paclitaxel),18.0,intervention,intervention,EXPERIMENTAL,Arm A (Atezolizumab+Paclitaxel+Carboplatin),0.692,confident,3,3,False
PMID 29863955 a_Summary_SoE.pdf,NCT02366143,1,Arm B (Atezolizumab + Carboplatin + Paclitaxel + Bevacizumab),18.0,intervention,intervention,EXPERIMENTAL,Arm B (Atezolizumab+Bevacizumab+Paclitaxel + Carboplatin),0.75,confident,3,3,False
PMID 29866475 CT_Summary_SoE.pdf,NCT02412878,0,Arm B (Twice-weekly Carfilzomib with Dexamethasone),79.0,control,intervention,EXPERIMENTAL,Twice-weekly Carfilzomib 20/27 mg/m² + Dexamethasone,1.0,confident_2arm,2,2,True
PMID 29866475 CT_Summary_SoE.pdf,NCT02412878,0,Arm A (Once-weekly Carfilzomib with Dexamethasone),40.0,intervention,intervention,EXPERIMENTAL,Once-weekly Carfilzomib 20/70 mg/m² + Dexamethasone,1.0,confident_2arm,2,2,False
PMID 29880231 a_Summary_SoE.pdf,NCT02370498,0,Arm 2: Paclitaxel,40.0,control,control,ACTIVE_COMPARATOR,Paclitaxel,1.0,confident_2arm,2,2,False
PMID 29880231 a_Summary_SoE.pdf,NCT02370498,0,Arm 1: Pembrolizumab (MK-3475),18.0,intervention,intervention,EXPERIMENTAL,Pembrolizumab,1.0,confident_2arm,2,2,False
PMID 29949494 a_Summary_SoE.pdf,NCT02003924,0,Placebo,5.0,control,control,SHAM_COMPARATOR,Placebo,1.0,confident_2arm,2,2,False
PMID 29949494 a_Summary_SoE.pdf,NCT02003924,0,Enzalutamide,5.0,intervention,intervention,EXPERIMENTAL,Enzalutamide,1.0,confident_2arm,2,2,False
PMID 29972759 a_Summary_SoE.pdf,NCT01908426,0,Arm B (Placebo),16.0,control,control,PLACEBO_COMPARATOR,Placebo,0.833,confident_2arm,2,2,False
PMID 29972759 a_Summary_SoE.pdf,NCT01908426,0,Arm A (Cabozantinib),16.0,intervention,intervention,EXPERIMENTAL,Cabozantinib (XL184),0.6,confident_2arm,2,2,False
PMID 29989857 a_Summary_SoE.pdf,NCT01672892,0,Arm 2 (4-field pelvic radiation treatment),33.0,control,intervention,EXPERIMENTAL,Intensity-Modulated Radiation Therapy,0.5,confident_2arm,2,2,True
PMID 29989857 a_Summary_SoE.pdf,NCT01672892,0,Arm 1 (IMRT pelvic radiation treatment),33.0,intervention,control,ACTIVE_COMPARATOR,Standard Radiation Therapy,0.5,confident_2arm,2,2,True
PMID 30010751 a_Summary_SoE.pdf,NCT02149108,0,Arm B (Placebo + Best Supportive Care),19.0,control,control,PLACEBO_COMPARATOR,Placebo + BSC,0.625,confident_2arm,2,2,False
PMID 30010751 a_Summary_SoE.pdf,NCT02149108,0,Arm A (Nintedanib + Best Supportive Care),19.0,intervention,intervention,EXPERIMENTAL,Nintedanib (BIBF 1120) + BSC,0.5,confident_2arm,2,2,False
PMID 30024784 a_Summary_SoE.pdf,NCT01696084,0,Arm B (Conventional 7+3 Regimen),46.0,control,control,ACTIVE_COMPARATOR,Arm B (7+3),0.5,confident_2arm,2,2,False
PMID 30024784 a_Summary_SoE.pdf,NCT01696084,0,Arm A (CPX-351 Liposome Injection),37.0,intervention,intervention,EXPERIMENTAL,Arm A (CPX-351),0.5,confident_2arm,2,2,False
PMID 30040523 a_Summary_SoE.pdf,NCT00433511,0,Arm A (Placebo + AC -> Placebo + Paclitaxel),19.0,control,control,ACTIVE_COMPARATOR,"Arm I (chemotherapy, placebo)",0.348,uncertain,3,3,False
PMID 30040523 a_Summary_SoE.pdf,NCT00433511,0,Arm B (Bevacizumab + AC -> Bevacizumab + Paclitaxel),19.0,intervention,intervention,EXPERIMENTAL,"Arm II (chemotherapy, bevacizumab)",0.3,uncertain,3,3,False
PMID 30040523 a_Summary_SoE.pdf,NCT00433511,1,Arm C/D (Bevacizumab + AC -> Bevacizumab + Paclitaxel -> Bevacizumab Monotherapy),26.0,intervention,intervention,EXPERIMENTAL,"Arm III (chemotherapy, bevacizumab monotherapy)",0.3,uncertain,3,3,False
PMID 30052729 CT_Summary_SoE.pdf,NCT02625623,0,Arm D (Physician's Choice - BSC Only),18.0,control,control,,,0.0,count_mismatch_leftover,4,2,False
PMID 30052729 CT_Summary_SoE.pdf,NCT02625623,1,Arm C (Physician's Choice - Irinotecan + BSC),27.0,control,intervention,EXPERIMENTAL,Physician choice chemotherapy+Best Supportive Care (BSC),0.185,count_mismatch,4,2,True
PMID 30052729 CT_Summary_SoE.pdf,NCT02625623,2,Arm B (Physician's Choice - Paclitaxel + BSC),40.0,control,control,,,0.0,count_mismatch_leftover,4,2,False
PMID 30052729 CT_Summary_SoE.pdf,NCT02625623,0,Arm A (Avelumab + Best Supportive Care),27.0,intervention,control,ACTIVE_COMPARATOR,Avelumab+BSC,0.633,count_mismatch,4,2,True
PMID 30072745 a_Summary_SoE.pdf,NCT00770874,0,Arm B (single-agent Cisplatin),36.0,control,intervention,EXPERIMENTAL,1,0.6,confident_2arm,2,2,True
PMID 30072745 a_Summary_SoE.pdf,NCT00770874,0,Arm A (S-1 + Cisplatin),36.0,intervention,control,ACTIVE_COMPARATOR,2,1.0,confident_2arm,2,2,True
PMID 30100375 CT_Summary_SoE.pdf,NCT01728805,0,Arm B (Vorinostat / ZOLINZA),42.0,control,control,ACTIVE_COMPARATOR,Vorinostat,0.75,confident_2arm,2,2,False
PMID 30100375 CT_Summary_SoE.pdf,NCT01728805,0,Arm A (KW-0761 / mogamulizumab),42.0,intervention,intervention,EXPERIMENTAL,KW-0761,0.5,confident_2arm,2,2,False
PMID 30105668 a_Summary_SoE.pdf,NCT02101021,0,Arm A (VMP),42.0,control,intervention,EXPERIMENTAL,Momelotinib,0.5,confident_2arm,2,2,True
PMID 30105668 a_Summary_SoE.pdf,NCT02101021,0,Arm B (D-VMP),42.0,intervention,control,PLACEBO_COMPARATOR,Placebo,0.5,confident_2arm,2,2,True
PMID 30110579 a_Summary_SoE.pdf,NCT01945775,0,Arm B (Physician's Choice),40.0,control,control,ACTIVE_COMPARATOR,Physician's-Choice,0.7,confident_2arm,2,2,False
PMID 30110579 a_Summary_SoE.pdf,NCT01945775,0,Arm A (Talazoparib),38.0,intervention,intervention,EXPERIMENTAL,talazoparib,1.0,confident_2arm,2,2,False
PMID 30177994 a_Summary_SoE.pdf,NCT01351415,0,"Arm B (Standard of Care - Erlotinib, Docetaxel, or Pemetrexed)",18.0,control,control,ACTIVE_COMPARATOR,Standard of Care,1.0,confident_2arm,2,2,False
PMID 30177994 a_Summary_SoE.pdf,NCT01351415,0,Arm A (Bevacizumab + Platinum Doublet / Bevacizumab monotherapy),18.0,intervention,intervention,EXPERIMENTAL,Bevacizumab + Standard of Care,0.5,confident_2arm,2,2,False
PMID 30262187 CT _Summary_SoE.pdf,NCT02395172,0,Docetaxel Arm,18.0,control,control,ACTIVE_COMPARATOR,Docetaxel,1.0,confident_2arm,2,2,False
PMID 30262187 CT _Summary_SoE.pdf,NCT02395172,0,Avelumab Arm,27.0,intervention,intervention,EXPERIMENTAL,Avelumab,1.0,confident_2arm,2,2,False
PMID 30280635 a_Summary_SoE.pdf,NCT02775435,0,Arm 2 (Placebo + Carboplatin + Paclitaxel/Nab-paclitaxel),26.0,control,control,ACTIVE_COMPARATOR,Placebo + Chemotherapy,0.667,confident_2arm,2,2,False
PMID 30280635 a_Summary_SoE.pdf,NCT02775435,0,Arm 1 (Pembrolizumab + Carboplatin + Paclitaxel/Nab-paclitaxel),26.0,intervention,intervention,EXPERIMENTAL,Pembrolizumab + Chemotherapy Combo,0.833,confident_2arm,2,2,False
PMID 30280641 a_Summary_SoE.pdf,NCT02763579,0,Arm B (Placebo + Carboplatin + Etoposide),26.0,control,control,ACTIVE_COMPARATOR,Placebo + Carboplatin + Etoposide,1.0,confident_2arm,2,2,False
PMID 30280641 a_Summary_SoE.pdf,NCT02763579,0,Arm A (Atezolizumab + Carboplatin + Etoposide),26.0,intervention,intervention,EXPERIMENTAL,Atezolizumab + Carboplatin + Etoposide,0.692,confident_2arm,2,2,False
PMID 30280657 a_Summary_SoE.pdf,NCT02737501,0,Arm B (Crizotinib),23.0,control,control,ACTIVE_COMPARATOR,Randomized Phase: Crizotinib 250 mg BID,0.3,count_mismatch,2,3,False
PMID 30280657 a_Summary_SoE.pdf,NCT02737501,0,Arm A (Brigatinib),23.0,intervention,intervention,EXPERIMENTAL,Randomized Phase: Brigatinib 90 mg QD/180 QD,0.4,count_mismatch,2,3,False
PMID 30287523 CT_Summary_SoE.pdf,NCT02004522,0,Arm B (Ofatumumab),15.0,control,control,ACTIVE_COMPARATOR,Ofatumumab,0.7,confident_2arm,2,2,False
PMID 30287523 CT_Summary_SoE.pdf,NCT02004522,0,Arm A (Duvelisib),12.0,intervention,intervention,EXPERIMENTAL,Duvelisib,1.0,confident_2arm,2,2,False
PMID 30345884 a_Summary_SoE.pdf,NCT01844986,0,Matching Placebo,17.0,control,control,PLACEBO_COMPARATOR,Placebo tablets p.o. twice daily,0.5,confident_2arm,2,2,False
PMID 30345884 a_Summary_SoE.pdf,NCT01844986,0,Olaparib Maintenance Monotherapy,17.0,intervention,intervention,EXPERIMENTAL,Olaparib tablets p.o. 300mg twice daily,0.5,confident_2arm,2,2,False
PMID 30345906 a_Summary_SoE.pdf,NCT02425891,0,Arm B (Placebo + nab-paclitaxel),40.0,control,control,PLACEBO_COMPARATOR,Placebo Plus Nab-Paclitaxel,1.0,confident_2arm,2,2,False
PMID 30345906 a_Summary_SoE.pdf,NCT02425891,0,Arm A (Atezolizumab + nab-paclitaxel),40.0,intervention,intervention,EXPERIMENTAL,Atezolizumab Plus Nab-Paclitaxel,0.583,confident_2arm,2,2,False
PMID 30346481 CT_Summary_SoE.pdf,NCT01599754,0,Arm B (placebo),10.0,control,control,PLACEBO_COMPARATOR,Placebo,1.0,confident_2arm,2,2,False
PMID 30346481 CT_Summary_SoE.pdf,NCT01599754,0,Arm A (axitinib),10.0,intervention,intervention,EXPERIMENTAL,Axitinib,1.0,confident_2arm,2,2,False
PMID 30355453 CT_Summary_SoE.pdf,NCT02500043,0,Placebo + Best Supportive Care (BSC),15.0,control,intervention,EXPERIMENTAL,Placebo+BSC,0.75,confident_2arm,2,2,True
PMID 30355453 CT_Summary_SoE.pdf,NCT02500043,0,TAS-102 + Best Supportive Care (BSC),15.0,intervention,intervention,EXPERIMENTAL,TAS-102+BSC,0.5,confident_2arm,2,2,False
PMID 30389036 CT_Summary_SoE.pdf,NCT02260804,0,US-licensed Rituxan (375 mg/m² IV),10.0,control,control,ACTIVE_COMPARATOR,Rituxan,0.5,confident_2arm,2,2,False
PMID 30389036 CT_Summary_SoE.pdf,NCT02260804,0,CT-P10 (375 mg/m² IV),10.0,intervention,intervention,EXPERIMENTAL,CT-P10,0.7,confident_2arm,2,2,False
PMID 30415629 a_Summary_SoE.pdf,NCT01169259,0,Arm 4: Placebo Vitamin D3 + Placebo Fish Oil,0.0,control,control,ACTIVE_COMPARATOR,Vitamin D + fish oil placebo,1.0,confident,4,4,False
PMID 30415629 a_Summary_SoE.pdf,NCT01169259,0,Arm 1: Vitamin D3 (2000 IU/d) + Omacor® Fish Oil (840 mg EPA+DHA),0.0,intervention,control,ACTIVE_COMPARATOR,Vitamin D + fish oil,0.033,uncertain,4,4,True
PMID 30415629 a_Summary_SoE.pdf,NCT01169259,1,Arm 2: Vitamin D3 (2000 IU/d) + Fish Oil Placebo,0.0,intervention,control,PLACEBO_COMPARATOR,Vitamin D placebo + fish oil placebo,1.0,confident,4,4,True
PMID 30415629 a_Summary_SoE.pdf,NCT01169259,2,Arm 3: Placebo Vitamin D3 + Omacor® Fish Oil (840 mg EPA+DHA),0.0,intervention,control,ACTIVE_COMPARATOR,Vitamin D placebo + fish oil,0.571,confident,4,4,True
PMID 30449625 CT_Summary_SoE.pdf,NCT01302834,0,Arm 1 (Accelerated IMRT + Cisplatin),34.0,control,control,ACTIVE_COMPARATOR,IMRT + Cisplatin,0.8,confident_2arm,2,2,False
PMID 30449625 CT_Summary_SoE.pdf,NCT01302834,0,Arm 2 (Accelerated IMRT + Cetuximab),36.0,intervention,control,ACTIVE_COMPARATOR,IMRT + Cetuximab,0.8,confident_2arm,2,2,True
PMID 30501481 a_Summary_SoE.pdf,NCT01886872,0,Arm 1 (Bendamustine plus Rituximab),15.0,control,control,ACTIVE_COMPARATOR,"Arm I (rituximab, bendamustine hydrochloride)",0.286,uncertain,3,3,False
PMID 30501481 a_Summary_SoE.pdf,NCT01886872,0,Arm 2 (Ibrutinib Alone),8.0,intervention,intervention,EXPERIMENTAL,Arm II (ibrutinib),0.176,uncertain,3,3,False
PMID 30501481 a_Summary_SoE.pdf,NCT01886872,1,Arm 3 (Ibrutinib plus Rituximab),11.0,intervention,intervention,EXPERIMENTAL,"Arm III (ibrutinib, rituximab)",0.3,uncertain,3,3,False
PMID 30509740 a_Summary_SoE.pdf,NCT02252042,0,"Standard Treatment (Methotrexate, Docetaxel, or Cetuximab)",53.0,control,control,ACTIVE_COMPARATOR,Standard Treatment,1.0,confident_2arm,2,2,False
PMID 30509740 a_Summary_SoE.pdf,NCT02252042,0,Pembrolizumab (MK-3475),18.0,intervention,intervention,EXPERIMENTAL,Pembroliziumab,0.75,confident_2arm,2,2,False
PMID 30516102 a_Summary_SoE.pdf,NCT01772472,0,Arm B (Trastuzumab),20.0,control,control,ACTIVE_COMPARATOR,Trastuzumab,1.0,confident_2arm,2,2,False
PMID 30516102 a_Summary_SoE.pdf,NCT01772472,0,Arm A (Trastuzumab emtansine),20.0,intervention,intervention,EXPERIMENTAL,Trastuzumab emtansine,1.0,confident_2arm,2,2,False
PMID 30522922 CT_Summary_SoE.pdf,NCT01777152,0,Standard-of-care Arm (CHOP),15.0,control,control,ACTIVE_COMPARATOR,CHOP,0.5,confident_2arm,2,2,False
PMID 30522922 CT_Summary_SoE.pdf,NCT01777152,0,Experimental Arm (Brentuximab vedotin + CHP),15.0,intervention,intervention,EXPERIMENTAL,A+CHP,0.5,confident_2arm,2,2,False
PMID 30522969 CT_Summary_SoE.pdf,NCT02264574,0,Arm B (Chlorambucil + Obinutuzumab),16.0,control,intervention,EXPERIMENTAL,CLB + OB,0.857,confident_2arm,2,2,True
PMID 30522969 CT_Summary_SoE.pdf,NCT02264574,0,Arm A (Ibrutinib + Obinutuzumab),17.0,intervention,intervention,EXPERIMENTAL,IBR + OB,0.857,confident_2arm,2,2,False
PMID 30545780 CT_Summary_SoE.pdf,NCT02181413,0,Placebo,17.0,control,control,PLACEBO_COMPARATOR,Placebo,1.0,confident_2arm,2,2,False
PMID 30545780 CT_Summary_SoE.pdf,NCT02181413,0,Ixazomib,17.0,intervention,intervention,EXPERIMENTAL,Ixazomib Citrate,0.75,confident_2arm,2,2,False
PMID 30575484 a_Summary_SoE.pdf,NCT02066181,0,Arm 2 (Placebo),15.0,control,control,PLACEBO_COMPARATOR,Arm II (placebo),0.5,confident_2arm,2,2,False
PMID 30575484 a_Summary_SoE.pdf,NCT02066181,0,Arm 1 (Sorafenib),15.0,intervention,intervention,EXPERIMENTAL,Arm I (sorafenib tosylate),0.5,confident_2arm,2,2,False
PMID 30653422 a_Summary_SoE.pdf,NCT01109004,0,Arm B (Single Autologous Transplant followed by Lenalidomide Maintenance),34.0,control,control,ACTIVE_COMPARATOR,Lenalidomide maintenance,0.5,confident,3,3,False
PMID 30653422 a_Summary_SoE.pdf,NCT01109004,0,Arm A (Tandem Autologous Transplants followed by Lenalidomide Maintenance),42.0,intervention,control,ACTIVE_COMPARATOR,Tandem auto transplant,0.4,uncertain,3,3,True
PMID 30653422 a_Summary_SoE.pdf,NCT01109004,1,Arm C (Single Autologous Transplant plus RVD Consolidation followed by Lenalidomide Maintenance),53.0,intervention,control,ACTIVE_COMPARATOR,RVD consolidation,0.312,uncertain,3,3,True
PMID 30659987 CT_Summary_SoE.pdf,NCT02613507,0,Arm B (Docetaxel),18.0,control,control,ACTIVE_COMPARATOR,Arm B: Docetaxel,1.0,confident_2arm,2,2,False
PMID 30659987 CT_Summary_SoE.pdf,NCT02613507,0,Arm A (Nivolumab),27.0,intervention,intervention,EXPERIMENTAL,Arm A: Nivolumab,1.0,confident_2arm,2,2,False
PMID 30665869 CT_Summary_SoE.pdf,NCT02435433,0,Arm B (Placebo + Best Supportive Care),29.0,control,control,PLACEBO_COMPARATOR,Placebo + BSC,0.255,count_mismatch,2,5,False
PMID 30665869 CT_Summary_SoE.pdf,NCT02435433,0,Arm A (Ramucirumab + Best Supportive Care),29.0,intervention,intervention,EXPERIMENTAL,Ramucirumab + Best Supportive Care (BSC),0.633,count_mismatch,2,5,False
PMID 30707661 a_Summary_SoE.pdf,NCT01482962,0,Arm B (Pralatrexate),46.0,control,control,ACTIVE_COMPARATOR,"Pralatrexate, or Romidepsin, or Gemcitabine",0.5,confident_2arm,2,2,False
PMID 30707661 a_Summary_SoE.pdf,NCT01482962,0,Arm A (Alisertib),54.0,intervention,intervention,EXPERIMENTAL,Alisertib,0.7,confident_2arm,2,2,False
PMID 30763142 a_Summary_SoE.pdf,NCT02200614,0,Arm B (Placebo),6.0,control,control,PLACEBO_COMPARATOR,Placebo,1.0,confident_2arm,2,2,False
PMID 30763142 a_Summary_SoE.pdf,NCT02200614,0,Arm A (Darolutamide),6.0,intervention,intervention,EXPERIMENTAL,Darolutamide (BAY1841788),0.6,confident_2arm,2,2,False
PMID 30763730 CT_Summary_SoE.pdf,NCT02454933,0,Arm A (AZD9291 Monotherapy),14.0,control,intervention,EXPERIMENTAL,AZD9291 Monotherapy,0.7,confident_2arm,2,2,True
PMID 30763730 CT_Summary_SoE.pdf,NCT02454933,0,Arm B (AZD9291 + MEDI4736 Combination),27.0,intervention,intervention,EXPERIMENTAL,MEDI4736 & AZD9291 Combination,0.7,confident_2arm,2,2,False
PMID 30777794 a_Summary_SoE.pdf,NCT01539083,0,Arm A (Thalidomide-Prednisolone),26.0,control,intervention,EXPERIMENTAL,Thalidomide + Prednisolone [TP Consolidation],0.55,count_mismatch,2,3,True
PMID 30777794 a_Summary_SoE.pdf,NCT01539083,0,Arm B (Bortezomib-Thalidomide-Prednisolone),53.0,intervention,intervention,EXPERIMENTAL,Bortezomib + Thalidomide + Prednisolone [VTP Consolidation],0.618,count_mismatch,2,3,False
PMID 30779529 a_Summary_SoE.pdf,NCT02853331,0,Arm 2 (Sunitinib),14.0,control,control,ACTIVE_COMPARATOR,Sunitinib Monotherapy,1.0,confident_2arm,2,2,False
PMID 30779529 a_Summary_SoE.pdf,NCT02853331,0,Arm 1 (Pembrolizumab + Axitinib),19.0,intervention,intervention,EXPERIMENTAL,Pembrolizumab+Axitinib Combination Therapy,0.857,confident_2arm,2,2,False
PMID 30786186 a_Summary_SoE.pdf,NCT02555878,0,Arm B (Placebo),4.0,control,intervention,EXPERIMENTAL,Placebo,1.0,confident_2arm,2,2,True
PMID 30786186 a_Summary_SoE.pdf,NCT02555878,0,Arm A (Rivaroxaban),4.0,intervention,intervention,EXPERIMENTAL,Rivaroxaban,0.7,confident_2arm,2,2,False
PMID 30811280 a_Summary_SoE.pdf,NCT02714218,0,Arm B (N1I3: Nivolumab 1 mg/kg + Ipilimumab 3 mg/kg),20.0,control,intervention,EXPERIMENTAL,Nivolumab 3 mg/kg IV + Ipilimumab 1 mg/kg IV,0.657,count_mismatch,2,3,True
PMID 30811280 a_Summary_SoE.pdf,NCT02714218,0,Arm A (N3I1: Nivolumab 3 mg/kg + Ipilimumab 1 mg/kg),20.0,intervention,intervention,EXPERIMENTAL,Ipilimumab 3 mg/kg IV + Nivolumab 1 mg/kg IV,0.657,count_mismatch,2,3,False
PMID 30817251 CT_Summary_SoE.pdf,NCT01322490,0,Arm P (Double placebo),9.0,control,control,PLACEBO_COMPARATOR,Placebo Control,0.714,confident,3,3,False
PMID 30817251 CT_Summary_SoE.pdf,NCT01322490,0,Arm V+G (PROSTVAC-V/F plus GM-CSF),9.0,intervention,intervention,EXPERIMENTAL,PROSTVAC-V/F-TRICOM + GM-CSF,0.367,uncertain,3,3,False
PMID 30817251 CT_Summary_SoE.pdf,NCT01322490,1,Arm V (PROSTVAC-V/F plus GM-CSF placebo),9.0,intervention,intervention,EXPERIMENTAL,PROSTVAC-V/F-TRICOM + GM-CSF placebo,0.875,confident,3,3,False
PMID 30819926 a_Summary_SoE.pdf,NCT01818752,0,Bortezomib group (VMP),26.0,control,control,ACTIVE_COMPARATOR,"Bortezomib, Melphalan, Prednisone",0.5,confident_2arm,2,2,False
PMID 30819926 a_Summary_SoE.pdf,NCT01818752,0,Carfilzomib group (KMP),36.0,intervention,intervention,EXPERIMENTAL,"Carfilzomib, Melphalan, Prednisone",0.5,confident_2arm,2,2,False
PMID 30897038 a_Summary_SoE.pdf,NCT01938001,0,Control: Rituximab plus Placebo,19.0,control,control,ACTIVE_COMPARATOR,Rituximab and Placebo,0.889,confident_2arm,2,2,False
PMID 30897038 a_Summary_SoE.pdf,NCT01938001,0,Experimental: Rituximab plus Lenalidomide (CC-5013),19.0,intervention,intervention,EXPERIMENTAL,Rituximab and Lenalidomide,0.857,confident_2arm,2,2,False
PMID 30901302 a_Summary_SoE.pdf,NCT01855750,0,Arm A (Placebo + R-CHOP),27.0,control,control,PLACEBO_COMPARATOR,Treatment Arm A: placebo + R-CHOP,0.5,confident_2arm,2,2,False
PMID 30901302 a_Summary_SoE.pdf,NCT01855750,0,Arm B (Ibrutinib + R-CHOP),27.0,intervention,intervention,EXPERIMENTAL,Treatment Arm B: ibrutinib + R-CHOP,0.5,confident_2arm,2,2,False
PMID 30939090 a_Summary_SoE.pdf,NCT00118209,0,Arm A (R-CHOP),11.5,control,control,ACTIVE_COMPARATOR,Arm A - R-CHOP,0.0,count_mismatch,3,2,False
PMID 30939090 a_Summary_SoE.pdf,NCT00118209,0,Arm A (R-CHOP),41.0,intervention,intervention,,,0.0,count_mismatch_leftover,3,2,False
PMID 30939090 a_Summary_SoE.pdf,NCT00118209,1,Arm B (DA-EPOCH-R),40.0,intervention,intervention,EXPERIMENTAL,Arm B - DA-EPOCH-R,0.0,count_mismatch,3,2,False
PMID 30955977 a_Summary_SoE.pdf,NCT02220894,0,Arm B (Standard of Care Platinum-based Chemotherapy),18.0,control,control,ACTIVE_COMPARATOR,SOC Treatment,0.5,confident_2arm,2,2,False
PMID 30955977 a_Summary_SoE.pdf,NCT02220894,0,Arm A (Pembrolizumab),18.0,intervention,intervention,EXPERIMENTAL,Pembrolizumab,1.0,confident_2arm,2,2,False
PMID 30990550 a_Summary_SoE.pdf,NCT02229539,0,Arm C (Placebo mouthwash),2.0,control,control,PLACEBO_COMPARATOR,placebo rinse,0.714,confident,3,3,False
PMID 30990550 a_Summary_SoE.pdf,NCT02229539,0,Arm A (Doxepin mouthwash),2.0,intervention,intervention,EXPERIMENTAL,doxepin rinse,0.429,uncertain,3,3,False
PMID 30990550 a_Summary_SoE.pdf,NCT02229539,1,Arm B (DLA mouthwash),2.0,intervention,control,ACTIVE_COMPARATOR,"DLA (diphenhydramine, lidocaine and antacid) rinse",0.111,uncertain,3,3,True
PMID 30995174 a_Summary_SoE.pdf,NCT00807768,0,Regimen I (Pelvic Radiation Therapy),32.0,control,control,ACTIVE_COMPARATOR,Arm I (pelvic radiation therapy),0.5,confident_2arm,2,2,False
PMID 30995174 a_Summary_SoE.pdf,NCT00807768,0,Regimen II (Vaginal Cuff Brachytherapy + Chemotherapy),16.0,intervention,intervention,EXPERIMENTAL,"Arm II (brachytherapy, paclitaxel, carboplatin)",0.5,confident_2arm,2,2,False
PMID 30995176 CT a_Summary_SoE.pdf,NCT01539291,0,Arm B (Standard-dose GS-1101),14.0,control,intervention,EXPERIMENTAL,High-dose Idelalisib,0.5,confident_2arm,2,2,True
PMID 30995176 CT a_Summary_SoE.pdf,NCT01539291,0,Arm A (High-dose GS-1101),14.0,intervention,intervention,EXPERIMENTAL,Standard-dose Idelalisib,0.5,confident_2arm,2,2,False
PMID 31002578 a_Summary_SoE.pdf,NCT00951496,0,"Arm I (TJIV: IV paclitaxel, IV carboplatin, IV bevacizumab)",30.0,control,intervention,EXPERIMENTAL,"Arm I (paclitaxel, carboplatin, bevacizumab)",0.562,confident,3,3,True
PMID 31002578 a_Summary_SoE.pdf,NCT00951496,0,"Arm II (TJIP: IV paclitaxel, IP carboplatin, IV bevacizumab)",30.0,intervention,intervention,EXPERIMENTAL,"Arm II (paclitaxel, bevacizumab, carboplatin IP)",0.562,confident,3,3,False
PMID 31002578 a_Summary_SoE.pdf,NCT00951496,1,"Arm III (TCTIP: IV paclitaxel, IP cisplatin, IP paclitaxel, IV bevacizumab)",36.0,intervention,intervention,EXPERIMENTAL,"Arm III (paclitaxel IP, bevacizumab, cisplatin IP)",0.562,confident,3,3,False
PMID 31003911 CT_Summary_SoE.pdf,NCT02788279,0,Arm C (Regorafenib),19.0,control,control,ACTIVE_COMPARATOR,Regorafenib,1.0,confident,3,3,False
PMID 31003911 CT_Summary_SoE.pdf,NCT02788279,0,Arm B (Atezolizumab Monotherapy),19.0,intervention,intervention,EXPERIMENTAL,Atezolizumab,0.375,uncertain,3,3,False
PMID 31003911 CT_Summary_SoE.pdf,NCT02788279,1,Arm A (Cobimetinib + Atezolizumab),27.0,intervention,intervention,EXPERIMENTAL,Cobimetinib + Atezolizumab,0.545,confident,3,3,False
PMID 31070709 CT_Summary_SoE.pdf,NCT02588261,0,Arm B (Erlotinib or Gefitinib),11.0,control,control,ACTIVE_COMPARATOR,erlotinib or gefitinib,1.0,confident_2arm,2,2,False
PMID 31070709 CT_Summary_SoE.pdf,NCT02588261,0,Arm A (ASP8273),11.0,intervention,intervention,EXPERIMENTAL,ASP8273,0.5,confident_2arm,2,2,False
PMID 31079938 CT_Summary_SoE.pdf,NCT02420821,0,Arm B (Sunitinib),18.0,control,control,ACTIVE_COMPARATOR,Sunitinib,1.0,confident_2arm,2,2,False
PMID 31079938 CT_Summary_SoE.pdf,NCT02420821,0,Arm A (Atezolizumab + Bevacizumab),18.0,intervention,intervention,EXPERIMENTAL,Atezolizumab + Bevacizumab,0.6,confident_2arm,2,2,False
PMID 31091374 a_Summary_SoE.pdf,NCT02437318,0,Arm A (Placebo + Fulvestrant),17.0,control,control,PLACEBO_COMPARATOR,Fulvestrant + placebo,1.0,confident_2arm,2,2,False
PMID 31091374 a_Summary_SoE.pdf,NCT02437318,0,Arm B (Alpelisib + Fulvestrant),17.0,intervention,intervention,EXPERIMENTAL,Fulvestrant + alpelisib,1.0,confident_2arm,2,2,False
PMID 31097405 a_Summary_SoE.pdf,NCT01734928,0,Arm B (Bortezomib and low-dose Dexamethasone),52.0,control,control,ACTIVE_COMPARATOR,Bortezomib and Low Dose Dexamethasone,1.0,confident_2arm,2,2,False
PMID 31097405 a_Summary_SoE.pdf,NCT01734928,0,"Arm A (Pomalidomide, Bortezomib, and low-dose Dexamethasone)",52.0,intervention,intervention,EXPERIMENTAL,"Pomalidomide, Bortezomib and Low Dose Dexamethasone",1.0,confident_2arm,2,2,False
PMID 31122901 CT_Summary_SoE.pdf,NCT02367781,0,Arm B (Carboplatin + nab-Paclitaxel),30.0,control,control,ACTIVE_COMPARATOR,Arm B (Nab-Paclitaxel+Carboplatin),0.5,confident_2arm,2,2,False
PMID 31122901 CT_Summary_SoE.pdf,NCT02367781,0,Arm A (Atezolizumab + Carboplatin + nab-Paclitaxel),30.0,intervention,intervention,EXPERIMENTAL,Arm A (Atezolizumab+Nab-Paclitaxel+Carboplatin),0.714,confident_2arm,2,2,False
PMID 31141632 a_Summary_SoE.pdf,NCT02252172,0,Arm A (Rd: Lenalidomide and Dexamethasone),24.0,control,control,ACTIVE_COMPARATOR,Daratumumab + Lenalidomide + Dexamethasone (DRd),0.545,confident_2arm,2,2,False
PMID 31141632 a_Summary_SoE.pdf,NCT02252172,0,"Arm B (DRd: Daratumumab, Lenalidomide, and Dexamethasone)",24.0,intervention,control,ACTIVE_COMPARATOR,Lenalidomide and Dexamethasone (Rd),0.9,confident_2arm,2,2,True
PMID 31150574 a_Summary_SoE.pdf,NCT02489318,0,Arm B (Placebo + ADT),13.0,control,intervention,EXPERIMENTAL,Placebo plus ADT,0.75,confident_2arm,2,2,True
PMID 31150574 a_Summary_SoE.pdf,NCT02489318,0,Arm A (Apalutamide + ADT),13.0,intervention,intervention,EXPERIMENTAL,Apalutamide plus ADT,0.667,confident_2arm,2,2,False
PMID 31157963 a_Summary_SoE.pdf,NCT02184195,0,Arm B (Placebo),17.0,control,control,PLACEBO_COMPARATOR,Placebo,1.0,confident_2arm,2,2,False
PMID 31157963 a_Summary_SoE.pdf,NCT02184195,0,Arm A (Olaparib),17.0,intervention,intervention,EXPERIMENTAL,Olaparib,1.0,confident_2arm,2,2,False
PMID 31166681 a_Summary_SoE.pdf,NCT02242942,0,Arm B (Obinutuzumab + Chlorambucil),27.0,control,intervention,EXPERIMENTAL,Obinutuzumab + Chlorambucil,0.8,count_mismatch,2,3,True
PMID 31166681 a_Summary_SoE.pdf,NCT02242942,0,Arm A (Obinutuzumab + Venetoclax),25.0,intervention,intervention,EXPERIMENTAL,Obinutuzumab + Venetoclax,0.8,count_mismatch,2,3,False
PMID 31175001 CT_Summary_SoE.pdf,NCT02039726,0,Arm B (Salvage Chemotherapy - LoDAC),133.0,control,control,ACTIVE_COMPARATOR,Salvage chemotherapy,0.5,confident_2arm,2,2,False
PMID 31175001 CT_Summary_SoE.pdf,NCT02039726,0,Arm A (Quizartinib Monotherapy),19.0,intervention,intervention,EXPERIMENTAL,Quizartinib,1.0,confident_2arm,2,2,False
PMID 31189035 a_Summary_SoE.pdf,NCT00942357,0,Regimen II (Carboplatin + Paclitaxel),9.0,control,control,ACTIVE_COMPARATOR,Arm II (paclitaxel and carboplatin),0.667,confident_2arm,2,2,False
PMID 31189035 a_Summary_SoE.pdf,NCT00942357,0,Regimen I (Cisplatin + RT followed by Carboplatin + Paclitaxel),33.0,intervention,intervention,EXPERIMENTAL,"Arm I (cisplatin, radiation therapy, paclitaxel, carboplatin)",0.6,confident_2arm,2,2,False
PMID 31194247 a_Summary_SoE.pdf,NCT01345669,0,Arm B (Placebo),16.0,control,control,PLACEBO_COMPARATOR,Placebo,1.0,confident_2arm,2,2,False
PMID 31194247 a_Summary_SoE.pdf,NCT01345669,0,Arm A (Afatinib),16.0,intervention,intervention,EXPERIMENTAL,Afatinib (BIBW 2992),0.75,confident_2arm,2,2,False
PMID 31221619 a_Summary_SoE.pdf,NCT02752074,0,Arm B (Pembrolizumab + Placebo),18.0,control,control,ACTIVE_COMPARATOR,Pembrolizumab + Placebo,1.0,confident_2arm,2,2,False
PMID 31221619 a_Summary_SoE.pdf,NCT02752074,0,Arm A (Pembrolizumab + Epacadostat),18.0,intervention,intervention,EXPERIMENTAL,Pembrolizumab + Epacadostat,1.0,confident_2arm,2,2,False
PMID 31240472 CT_Summary_SoE.pdf,NCT01102426,0,Arm B (Dexamethasone Alone),53.0,control,control,ACTIVE_COMPARATOR,Dexamethasone,1.0,confident_2arm,2,2,False
PMID 31240472 CT_Summary_SoE.pdf,NCT01102426,0,Arm A (Plitidepsin + Dexamethasone),53.0,intervention,intervention,EXPERIMENTAL,Plitidepsin+Dexamethasone,1.0,confident_2arm,2,2,False
PMID 31246522 CT_Summary_SoE.pdf,NCT00703820,0,Arm A: Conventional Induction (HD-ADE),30.0,control,control,ACTIVE_COMPARATOR,ADE,0.5,confident_2arm,2,2,False
PMID 31246522 CT_Summary_SoE.pdf,NCT00703820,0,Arm B: Experimental Induction (Clo/AraC),29.0,intervention,control,ACTIVE_COMPARATOR,Clo/AraC,0.5,confident_2arm,2,2,True
PMID 31248843 CT_Summary_SoE.pdf,NCT01231412,0,Arm 1 (Cyclosporine + Mycophenolate Mofetil),53.0,control,control,ACTIVE_COMPARATOR,Arm I (MMF and CSP),0.0,count_mismatch,2,3,False
PMID 31248843 CT_Summary_SoE.pdf,NCT01231412,0,Arm 2 (Cyclosporine + Mycophenolate Mofetil + Sirolimus),53.0,intervention,intervention,EXPERIMENTAL,"Arm II (MMF, CSP, and Sirolimus)",0.0,count_mismatch,2,3,False
PMID 31327687 CT_Summary_SoE.pdf,NCT02576977,0,Arm B (Pomalidomide + Low Dose Dexamethasone),14.0,control,control,ACTIVE_COMPARATOR,Pomalidomide+Dexamethasone,1.0,confident_2arm,2,2,False
PMID 31327687 CT_Summary_SoE.pdf,NCT02576977,0,Arm A (Pembrolizumab + Pomalidomide + Low Dose Dexamethasone),27.0,intervention,intervention,EXPERIMENTAL,Pembrolizumab+Pomalidomide+Dexamethasone,1.0,confident_2arm,2,2,False
PMID 31327689 a_Summary_SoE.pdf,NCT02579863,0,Arm B (Lenalidomide + Dexamethasone),14.0,control,control,ACTIVE_COMPARATOR,Lenalidomide + Dexamethasone,1.0,confident_2arm,2,2,False
PMID 31327689 a_Summary_SoE.pdf,NCT02579863,0,Arm A (Pembrolizumab + Lenalidomide + Dexamethasone),27.0,intervention,intervention,EXPERIMENTAL,Pembrolizumab + Lenalidomide + Dexamethasone,1.0,confident_2arm,2,2,False
PMID 31329516 a_Summary_SoE.pdf,NCT02677896,0,Arm B (Placebo + ADT),6.0,control,control,PLACEBO_COMPARATOR,Placebo + Androgen Deprivation Therapy (ADT),0.55,count_mismatch,2,3,False
PMID 31329516 a_Summary_SoE.pdf,NCT02677896,0,Arm A (Enzalutamide + ADT),6.0,intervention,intervention,EXPERIMENTAL,Enzalutamide + Androgen Deprivation Therapy (ADT),0.467,count_mismatch,2,3,False
PMID 31338773 CT_Summary_SoE.pdf,NCT02364999,0,Arm B (bevacizumab-EU + paclitaxel + carboplatin),18.0,control,control,ACTIVE_COMPARATOR,Bevacizumab-EU,1.0,confident_2arm,2,2,False
PMID 31338773 CT_Summary_SoE.pdf,NCT02364999,0,Arm A (bevacizumab-Pfizer + paclitaxel + carboplatin),18.0,intervention,intervention,EXPERIMENTAL,Bevacizumab-Pfizer,1.0,confident_2arm,2,2,False
PMID 31345387 CT_Summary_SoE.pdf,NCT01706939,0,Arm B (Standard Dose Radiation + Carboplatin),48.0,control,control,ACTIVE_COMPARATOR,Standard Dose Radiation,0.8,count_mismatch,3,2,False
PMID 31345387 CT_Summary_SoE.pdf,NCT01706939,1,Arm C (Non-responders: Standard CRT + Carboplatin + Erbitux + Paclitaxel),48.0,control,control,,,0.0,count_mismatch_leftover,3,2,False
PMID 31345387 CT_Summary_SoE.pdf,NCT01706939,0,Arm A (Reduced Dose Radiation + Carboplatin),43.0,intervention,intervention,EXPERIMENTAL,Reduced Dose Radiation,0.8,count_mismatch,3,2,False
PMID 31361535 a_Summary_SoE.pdf,NCT01107626,0,Arm A (Bevacizumab Maintenance),19.0,control,intervention,EXPERIMENTAL,Arm A (Induction then Maintenance with Bevacizumab),0.333,uncertain,3,3,True
PMID 31361535 a_Summary_SoE.pdf,NCT01107626,0,Arm B (Pemetrexed Maintenance),19.0,intervention,intervention,EXPERIMENTAL,Arm B (Induction then Maintenance with Pemetrexed),0.235,uncertain,3,3,False
PMID 31361535 a_Summary_SoE.pdf,NCT01107626,1,Arm C (Bevacizumab + Pemetrexed Maintenance),19.0,intervention,intervention,EXPERIMENTAL,Arm C (Induction then Maintenance with Bevacizumab & Pemetrexed),0.412,uncertain,3,3,False
PMID 31365801 a_Summary_SoE.pdf,NCT02048813,0,Arm B (FCR),21.0,control,control,ACTIVE_COMPARATOR,"Arm B (rituximab, fludarabine phosphate, cyclophosphamide)",0.5,confident_2arm,2,2,False
PMID 31365801 a_Summary_SoE.pdf,NCT02048813,0,Arm A (Ibrutinib + Rituximab),10.0,intervention,intervention,EXPERIMENTAL,"Arm A (ibrutinib, rituximab)",0.462,confident_2arm,2,2,False
PMID 31371228 CT_Summary_SoE.pdf,NCT02231086,0,Group A (Standard Adjuvant Systemic Chemotherapy),12.0,control,control,ACTIVE_COMPARATOR,Standard adjuvant systemic chemotherapy,0.5,confident_2arm,2,2,False
PMID 31371228 CT_Summary_SoE.pdf,NCT02231086,0,Group B (Adjuvant HIPEC + Standard Adjuvant Systemic Chemotherapy),13.0,intervention,intervention,EXPERIMENTAL,Adjuvant HIPEC (open/laparoscopic),0.5,confident_2arm,2,2,False
PMID 31399378 CT_Summary_SoE.pdf,NCT01254630,0,Placebo,5.0,control,control,PLACEBO_COMPARATOR,Placebo-HM,0.8,count_mismatch,2,4,False
PMID 31399378 CT_Summary_SoE.pdf,NCT01254630,0,V212 (Inactivated Varicella-Zoster Virus Vaccine),5.0,intervention,intervention,EXPERIMENTAL,V212-HM,0.0,count_mismatch,2,4,False
PMID 31454045 a_Summary_SoE.pdf,NCT00567567,0,Regimen A (Single Myeloablative Consolidation),93.0,intervention,control,ACTIVE_COMPARATOR,Consolidation Arm A: single myeloablative consolidation,0.5,confident_2arm,2,2,True
PMID 31454045 a_Summary_SoE.pdf,NCT00567567,1,Regimen B (Tandem Myeloablative Consolidation),110.0,intervention,intervention,EXPERIMENTAL,Consolidation Arm B: tandem myeloablative consolidation,0.5,confident_2arm,2,2,False
PMID 31486832 a_Summary_SoE.pdf,NCT01015833,0,Arm B (Sorafenib alone),18.0,control,intervention,EXPERIMENTAL,Arm II (sorafenib tosylate),0.5,confident_2arm,2,2,True
PMID 31486832 a_Summary_SoE.pdf,NCT01015833,0,Arm A (Sorafenib plus Doxorubicin),18.0,intervention,intervention,EXPERIMENTAL,"Arm I (doxorubicin hydrochloride, sorafenib tosylate)",0.5,confident_2arm,2,2,False
PMID 31562799 a_Summary_SoE.pdf,NCT02655016,0,Arm B (Placebo),17.0,control,control,PLACEBO_COMPARATOR,Participants receiving Placebo,0.714,confident_2arm,2,2,False
PMID 31562799 a_Summary_SoE.pdf,NCT02655016,0,Arm A (Niraparib),17.0,intervention,intervention,EXPERIMENTAL,Participants receiving Niraparib,0.6,confident_2arm,2,2,False
PMID 31566309 a_Summary_SoE.pdf,NCT02928224,0,Control Arm (Irinotecan/Cetuximab or FOLFIRI/Cetuximab),53.0,control,control,ACTIVE_COMPARATOR,Control Arm,0.5,confident,3,3,False
PMID 31566309 a_Summary_SoE.pdf,NCT02928224,0,Triplet Arm (Encorafenib + Binimetinib + Cetuximab),53.0,intervention,intervention,EXPERIMENTAL,"Safety Lead-in, Triplet Arm",0.833,confident,3,3,False
PMID 31566309 a_Summary_SoE.pdf,NCT02928224,1,Doublet Arm (Encorafenib + Cetuximab),53.0,intervention,intervention,EXPERIMENTAL,Doublet Arm,1.0,confident,3,3,False
PMID 31582355 a_Summary_SoE.pdf,NCT02569242,0,Arm B (Control - Paclitaxel),19.0,control,control,ACTIVE_COMPARATOR,Active Comparator Arm （Docetaxel/Paclitaxel）,0.175,count_mismatch,3,2,False
PMID 31582355 a_Summary_SoE.pdf,NCT02569242,1,Paclitaxel,50.5,control,control,,,0.0,count_mismatch_leftover,3,2,False
PMID 31582355 a_Summary_SoE.pdf,NCT02569242,0,Arm A (ONO-4538 / Nivolumab),28.0,intervention,intervention,EXPERIMENTAL,Nivolumab Arm,0.55,count_mismatch,3,2,False
PMID 31590988 a_Summary_SoE.pdf,NCT03043872,0,EP alone,9.0,control,control,ACTIVE_COMPARATOR,Arm 3,0.0,uncertain,3,3,False
PMID 31590988 a_Summary_SoE.pdf,NCT03043872,0,Durvalumab + platinum-etoposide (EP),15.0,intervention,intervention,EXPERIMENTAL,Arm 2,0.462,confident,3,3,False
PMID 31590988 a_Summary_SoE.pdf,NCT03043872,1,Durvalumab + tremelimumab + EP,15.0,intervention,intervention,EXPERIMENTAL,Arm 1,0.4,uncertain,3,3,False
PMID 31591063 CT a_Summary_SoE.pdf,NCT02411448,0,Arm B (Erlotinib + Placebo),27.0,control,control,PLACEBO_COMPARATOR,Placebo + Erlotinib,0.8,count_mismatch,2,3,False
PMID 31591063 CT a_Summary_SoE.pdf,NCT02411448,0,Arm A (Erlotinib + Ramucirumab),27.0,intervention,intervention,EXPERIMENTAL,Ramucirumab + Erlotinib,0.8,count_mismatch,2,3,False
PMID 31618129 a_Summary_SoE.pdf,NCT00588770,0,Arm A (Platinum-doublet chemotherapy alone),10.0,control,control,ACTIVE_COMPARATOR,"Arm IA (docetaxel, cisplatin)",0.0,count_mismatch,2,8,False
PMID 31618129 a_Summary_SoE.pdf,NCT00588770,0,Arm B (Platinum-doublet chemotherapy plus Bevacizumab),18.0,intervention,intervention,EXPERIMENTAL,"Arm IB (docetaxel, cisplatin, bevacizumab)",0.0,count_mismatch,2,8,False
PMID 31629060 a_Summary_SoE.pdf,NCT00858364,0,Group B (Placebo),18.0,control,control,PLACEBO_COMPARATOR,Placebo,1.0,confident_2arm,2,2,False
PMID 31629060 a_Summary_SoE.pdf,NCT00858364,0,Group A (Darbepoetin alfa),18.0,intervention,intervention,EXPERIMENTAL,Darbepoetin alfa,0.7,confident_2arm,2,2,False
PMID 31645288 CT_Summary_SoE.pdf,NCT00418457,0,General Anesthesia and Opioid Analgesia,3.0,control,control,ACTIVE_COMPARATOR,General anesthesia and opioid,0.5,confident_2arm,2,2,False
PMID 31645288 CT_Summary_SoE.pdf,NCT00418457,0,Regional Anesthesia and Analgesia,3.0,intervention,control,ACTIVE_COMPARATOR,Regional analgesia and propofol,0.5,confident_2arm,2,2,True
PMID 31647503 a_Summary_SoE.pdf,NCT02586025,0,Arm B (Placebo + Trastuzumab + Docetaxel),22.0,control,intervention,EXPERIMENTAL,"Trastuzumab, Placebo, and Chemotherapy",0.786,confident_2arm,2,2,True
PMID 31647503 a_Summary_SoE.pdf,NCT02586025,0,Arm A (Pertuzumab + Trastuzumab + Docetaxel),22.0,intervention,intervention,EXPERIMENTAL,"Trastuzumab, Pertuzumab, and Chemotherapy",0.75,confident_2arm,2,2,False
PMID 31665578 a_Summary_SoE.pdf,NCT02421939,0,Arm 2 (Salvage Chemotherapy),133.0,control,control,ACTIVE_COMPARATOR,Salvage Chemotherapy,0.5,confident_2arm,2,2,False
PMID 31665578 a_Summary_SoE.pdf,NCT02421939,0,Arm 1 (ASP2215 / Gilteritinib),19.0,intervention,intervention,EXPERIMENTAL,Gilteritinib,0.75,confident_2arm,2,2,False
PMID 31679945 a_Summary_SoE.pdf,NCT02358031,0,Cetuximab + Platinum + 5-FU (Standard Treatment),53.0,control,control,ACTIVE_COMPARATOR,Cetuximab + Chemotherapy (Control),0.429,uncertain,3,3,False
PMID 31679945 a_Summary_SoE.pdf,NCT02358031,0,Pembrolizumab Monotherapy,18.0,intervention,intervention,EXPERIMENTAL,Pembrolizumab Monotherapy (Pembro Mono),0.6,confident,3,3,False
PMID 31679945 a_Summary_SoE.pdf,NCT02358031,1,Pembrolizumab + Platinum + 5-FU,18.0,intervention,intervention,EXPERIMENTAL,Pembrolizumab + Chemotherapy (Pembro Combo),0.375,uncertain,3,3,False
PMID 31688884 a_Summary_SoE.pdf,NCT01307579,0,Fluconazole Arm (Standard),36.0,control,control,ACTIVE_COMPARATOR,Arm II (fluconazole),0.5,confident_2arm,2,2,False
PMID 31688884 a_Summary_SoE.pdf,NCT01307579,0,Caspofungin Arm (Experimental),106.0,intervention,intervention,EXPERIMENTAL,Arm I (caspofungin acetate),0.5,confident_2arm,2,2,False
PMID 31693129 CT_Summary_SoE.pdf,NCT00127205,0,Arm 2 (Clodronate),8.0,control,control,ACTIVE_COMPARATOR,Arm II,0.0,count_mismatch,4,3,False
PMID 31693129 CT_Summary_SoE.pdf,NCT00127205,0,Arm 1 (Zoledronic Acid),8.0,intervention,intervention,EXPERIMENTAL,Arm I,0.8,count_mismatch,4,3,False
PMID 31693129 CT_Summary_SoE.pdf,NCT00127205,1,Arm 3 (Ibandronate),8.0,intervention,intervention,EXPERIMENTAL,Arm III,0.0,count_mismatch,4,3,False
PMID 31693129 CT_Summary_SoE.pdf,NCT00127205,2,Arm 3 (Ibandronate),8.0,intervention,intervention,,,0.0,count_mismatch_leftover,4,3,False
PMID 31725692 CT_Summary_SoE.pdf,NCT03131713,0,Control Group (Usual Perioperative Care),2.0,control,control,NO_INTERVENTION,Control,0.5,confident_2arm,2,2,False
PMID 31725692 CT_Summary_SoE.pdf,NCT03131713,0,Intervention Group (Acetaminophen and Carbohydrate Loading),2.0,intervention,intervention,EXPERIMENTAL,Intervention,0.5,confident_2arm,2,2,False
PMID 31735560 CT_Summary_SoE.pdf,NCT02990338,0,Arm B: Pd (Pomalidomide + Dexamethasone),29.0,control,control,ACTIVE_COMPARATOR,Pd (pomalidomide + dexamethasone),1.0,confident_2arm,2,2,False
PMID 31735560 CT_Summary_SoE.pdf,NCT02990338,0,Arm A: IPd (Isatuximab + Pomalidomide + Dexamethasone),29.0,intervention,intervention,EXPERIMENTAL,IPd (isatuximab + pomalidomide + dexamethasone),1.0,confident_2arm,2,2,False
PMID 31800611 a_Summary_SoE.pdf,NCT01806259,0,Arm B (Placebo),3.0,control,control,PLACEBO_COMPARATOR,NaCl 0.9% 3mL,0.5,confident_2arm,2,2,False
PMID 31800611 a_Summary_SoE.pdf,NCT01806259,0,Arm A (Ketorolac),3.0,intervention,intervention,EXPERIMENTAL,ketorolac 30 mg,0.7,confident_2arm,2,2,False
PMID 31806543 CT_Summary_SoE.pdf,NCT01077154,0,Matching Placebo,9.0,control,control,PLACEBO_COMPARATOR,Placebo,0.833,confident_2arm,2,2,False
PMID 31806543 CT_Summary_SoE.pdf,NCT01077154,0,Denosumab 120 mg,9.0,intervention,intervention,EXPERIMENTAL,Denosumab,1.0,confident_2arm,2,2,False
PMID 31810797 CT_Summary_SoE.pdf,NCT02627963,0,Sorafenib,15.0,control,control,ACTIVE_COMPARATOR,Sorafenib,1.0,confident_2arm,2,2,False
PMID 31810797 CT_Summary_SoE.pdf,NCT02627963,0,Tivozanib Hydrochloride (tivozanib),15.0,intervention,intervention,EXPERIMENTAL,Tivozanib hydrochloride,1.0,confident_2arm,2,2,False
PMID 31820339 CT_Summary_SoE.pdf,NCT02213263,0,Arm B (rituximab-EU / MabThera),9.0,control,intervention,EXPERIMENTAL,PF-05280586,0.5,confident_2arm,2,2,True
PMID 31820339 CT_Summary_SoE.pdf,NCT02213263,0,Arm A (PF-05280586 / rituximab-Pfizer),9.0,intervention,control,ACTIVE_COMPARATOR,MabThera®,0.5,confident_2arm,2,2,True
PMID 31821109 a_Summary_SoE.pdf,NCT01275677,0,Arm 1 (Chemotherapy Alone - AC→WP),18.0,control,control,ACTIVE_COMPARATOR,Arm I (chemotherapy),0.5,confident_2arm,2,2,False
PMID 31821109 a_Summary_SoE.pdf,NCT01275677,0,Arm 2 (Chemotherapy + Trastuzumab - AC→WP+H→H),28.0,intervention,intervention,EXPERIMENTAL,"Arm II (chemotherapy, trastuzumab)",0.5,confident_2arm,2,2,False
PMID 31924332 CT_Summary_SoE.pdf,NCT01846611,0,Arm B (DOXIL Monotherapy),53.0,control,control,ACTIVE_COMPARATOR,Arm B: DOXIL,0.7,confident_2arm,2,2,False
PMID 31924332 CT_Summary_SoE.pdf,NCT01846611,0,Arm A (Trabectedin + DOXIL),54.0,intervention,intervention,EXPERIMENTAL,Arm A: trabectedin + DOXIL,0.571,confident_2arm,2,2,False
PMID 31935026 a_Summary_SoE.pdf,NCT01238172,0,Arm B (Control Group),4.0,control,intervention,EXPERIMENTAL,Arm B - Prostate Cancer Foundation Booklet,0.5,confident_2arm,2,2,True
PMID 31935026 a_Summary_SoE.pdf,NCT01238172,0,Arm A (MEAL Program Intervention),4.0,intervention,intervention,EXPERIMENTAL,Arm A - MEAL Program Intervention,0.5,confident_2arm,2,2,False
PMID 32010577 a_Summary_SoE.pdf,NCT02954172,0,Bevacizumab + Paclitaxel/Carboplatin,18.0,control,intervention,EXPERIMENTAL,Bevacizumab in Combination With Paclitaxel/Carboplatin,0.9,confident_2arm,2,2,True
PMID 32010577 a_Summary_SoE.pdf,NCT02954172,0,IBI305 + Paclitaxel/Carboplatin,18.0,intervention,control,ACTIVE_COMPARATOR,IBI305 in Combination with Paclitaxel/Carboplatin,0.875,confident_2arm,2,2,True
PMID 32031887 CT_Summary_SoE.pdf,NCT02349412,0,Arm 2 (Standard Oncology Care),3.0,control,intervention,EXPERIMENTAL,Arm 1,0.5,confident_2arm,2,2,True
PMID 32031887 CT_Summary_SoE.pdf,NCT02349412,0,Arm 1 (Early Palliative Care),14.0,intervention,intervention,EXPERIMENTAL,Arm 2,0.7,confident_2arm,2,2,False
PMID 32058845 a_Summary_SoE.pdf,NCT02360215,0,Arm 1 (WBRT + Memantine),14.0,control,intervention,EXPERIMENTAL,WBRT + Memantine,0.5,confident_2arm,2,2,True
PMID 32058845 a_Summary_SoE.pdf,NCT02360215,0,Arm 2 (HA-WBRT + Memantine),14.0,intervention,intervention,EXPERIMENTAL,HA-WBRT/IMRT+ Memantine,0.5,confident_2arm,2,2,False
PMID 32073956 a_Summary_SoE.pdf,NCT02282020,0,Arm B (Physician’s Choice Single Agent Chemotherapy),53.0,control,control,ACTIVE_COMPARATOR,2/CHEMOTHERAPY,0.5,confident_2arm,2,2,False
PMID 32073956 a_Summary_SoE.pdf,NCT02282020,0,Arm A (Olaparib Monotherapy),17.0,intervention,intervention,EXPERIMENTAL,1/OLAPARIB,1.0,confident_2arm,2,2,False
PMID 32145827 a_Summary_SoE.pdf,NCT01435018,0,Arm 1C (Paclitaxel plus ART),14.0,control,control,ACTIVE_COMPARATOR,PTX+ART,0.086,count_mismatch,4,3,False
PMID 32145827 a_Summary_SoE.pdf,NCT01435018,1,Etoposide plus ART (ET+ART),25.0,control,intervention,EXPERIMENTAL,ET+ART,0.108,count_mismatch,4,3,True
PMID 32145827 a_Summary_SoE.pdf,NCT01435018,0,Arm 1A (Etoposide plus ART),14.0,intervention,intervention,,,0.0,count_mismatch_leftover,4,3,False
PMID 32145827 a_Summary_SoE.pdf,NCT01435018,1,Arm 1B (Bleomycin and vincristine plus ART),14.0,intervention,intervention,EXPERIMENTAL,BV+ART,0.237,count_mismatch,4,3,False
PMID 32201234 a_Summary_SoE.pdf,NCT02352948,0,Arm 4: Standard of Care (SoC),52.0,control,intervention,EXPERIMENTAL,MEDI4736 (durvalumab) monotherapy in Sub-study A,0.0,count_mismatch,4,6,True
PMID 32201234 a_Summary_SoE.pdf,NCT02352948,0,Arm 3: Tremelimumab Monotherapy,11.0,intervention,intervention,EXPERIMENTAL,tremelimumab in Sub-study B,0.3,count_mismatch,4,6,False
PMID 32201234 a_Summary_SoE.pdf,NCT02352948,1,Arm 2: Durvalumab + Tremelimumab,21.0,intervention,intervention,EXPERIMENTAL,MEDI4736 (durvalumab) + tremelimumab in Sub-study B,0.345,count_mismatch,4,6,False
PMID 32201234 a_Summary_SoE.pdf,NCT02352948,2,Arm 1: Durvalumab Monotherapy,27.0,intervention,intervention,EXPERIMENTAL,MEDI4736 (durvalumab) monotherapy in Sub-study B,0.4,count_mismatch,4,6,False
PMID 32213342 a_Summary_SoE.pdf,NCT03277105,0,Arm B (Dara-IV),24.0,control,intervention,EXPERIMENTAL,Dara SC,0.7,confident_2arm,2,2,True
PMID 32213342 a_Summary_SoE.pdf,NCT03277105,0,Arm A (Dara-SC),26.0,intervention,control,ACTIVE_COMPARATOR,Dara IV,0.7,confident_2arm,2,2,True
PMID 32259228 a_Summary_SoE.pdf,NCT02451943,0,Arm B (Doxorubicin plus Placebo),36.0,control,control,PLACEBO_COMPARATOR,Doxorubicin + Placebo,1.0,confident_2arm,2,2,False
PMID 32259228 a_Summary_SoE.pdf,NCT02451943,0,Arm A (Doxorubicin plus Olaratumab),36.0,intervention,intervention,EXPERIMENTAL,Doxorubicin + Olaratumab,1.0,confident_2arm,2,2,False
PMID 32271377 a_Summary_SoE.pdf,NCT02453282,0,Standard of Care (SoC) Platinum-Based Chemotherapy,18.0,control,control,ACTIVE_COMPARATOR,Standard of Care,0.0,uncertain,3,3,False
PMID 32271377 a_Summary_SoE.pdf,NCT02453282,0,MEDI4736 + tremelimumab combination therapy,17.0,intervention,intervention,EXPERIMENTAL,Combination Therapy,0.625,confident,3,3,False
PMID 32271377 a_Summary_SoE.pdf,NCT02453282,1,MEDI4736 monotherapy,17.0,intervention,intervention,EXPERIMENTAL,Monotherapy,0.25,uncertain,3,3,False
PMID 32294530 CT_Summary_SoE.pdf,NCT02369874,0,Standard of Care (SoC),53.0,control,control,ACTIVE_COMPARATOR,Standard of Care,0.0,uncertain,3,3,False
PMID 32294530 CT_Summary_SoE.pdf,NCT02369874,0,MEDI4736 Monotherapy (Durvalumab),27.0,intervention,intervention,EXPERIMENTAL,MEDI4736,0.25,uncertain,3,3,False
PMID 32294530 CT_Summary_SoE.pdf,NCT02369874,1,MEDI4736 + Tremelimumab Combination,27.0,intervention,intervention,EXPERIMENTAL,MEDI4736 + Tremelimumab,0.8,confident,3,3,False
PMID 32302702 CT_Summary_SoE.pdf,NCT02367794,0,Arm C (Carboplatin + nab-Paclitaxel),20.0,control,control,ACTIVE_COMPARATOR,Arm C: Nab-Paclitaxel + Carboplatin,1.0,confident,3,3,False
PMID 32302702 CT_Summary_SoE.pdf,NCT02367794,0,Arm A (Atezolizumab + Carboplatin + Paclitaxel),18.0,intervention,intervention,EXPERIMENTAL,Arm A: Atezolizumab + Paclitaxel + Carboplatin,0.562,confident,3,3,False
PMID 32302702 CT_Summary_SoE.pdf,NCT02367794,1,Arm B (Atezolizumab + Carboplatin + nab-Paclitaxel),26.0,intervention,intervention,EXPERIMENTAL,Arm B: Atezolizumab + Nab-Paclitaxel + Carboplatin,0.588,confident,3,3,False
PMID 32305093 a_Summary_SoE.pdf,NCT02475681,0,obinutuzumab-chlorambucil,0.0,control,control,ACTIVE_COMPARATOR,Arm A - Obinutuzumab in Combination with Chlorambucil,0.857,confident,3,3,False
PMID 32305093 a_Summary_SoE.pdf,NCT02475681,0,acalabrutinib-obinutuzumab,0.0,intervention,intervention,EXPERIMENTAL,Arm B - Acalabrutinib in Combination with Obinutuzumab,0.857,confident,3,3,False
PMID 32305093 a_Summary_SoE.pdf,NCT02475681,1,acalabrutinib monotherapy,0.0,intervention,intervention,EXPERIMENTAL,Arm C - Acalabrutinib Monotherapy,1.0,confident,3,3,False
PMID 32343890 a_Summary_SoE.pdf,NCT02987543,0,Arm B (Investigator's Choice: Enzalutamide or Abiraterone),10.0,control,control,ACTIVE_COMPARATOR,Enzalutamide OR abiraterone acetate,0.667,confident_2arm,2,2,False
PMID 32343890 a_Summary_SoE.pdf,NCT02987543,0,Arm A (Olaparib),10.0,intervention,intervention,EXPERIMENTAL,Olaparib,1.0,confident_2arm,2,2,False
PMID 32372176 CT_Summary_SoE.pdf,NCT01573442,0,Arm B (Placebo Topical Gel),3.0,control,control,PLACEBO_COMPARATOR,Arm II,0.514,count_mismatch,4,2,False
PMID 32372176 CT_Summary_SoE.pdf,NCT01573442,1,Arm D (Placebo Subcutaneous Pellet),3.0,control,control,,,0.0,count_mismatch_leftover,4,2,False
PMID 32372176 CT_Summary_SoE.pdf,NCT01573442,0,Arm A (Testosterone Topical Gel),3.0,intervention,intervention,EXPERIMENTAL,Arm I,0.0,count_mismatch,4,2,False
PMID 32372176 CT_Summary_SoE.pdf,NCT01573442,1,Arm C (Testosterone Subcutaneous Pellet),3.0,intervention,intervention,,,0.0,count_mismatch_leftover,4,2,False
PMID 32379269 a_Summary_SoE.pdf,NCT03137121,0,Placebo,2.0,control,control,PLACEBO_COMPARATOR,Placebo,1.0,confident_2arm,2,2,False
PMID 32379269 a_Summary_SoE.pdf,NCT03137121,0,Olanzapine,2.0,intervention,intervention,EXPERIMENTAL,Olanzapine,0.7,confident_2arm,2,2,False
PMID 32402160 a_Summary_SoE.pdf,NCT03434379,0,Arm B (Sorafenib),18.0,control,control,ACTIVE_COMPARATOR,Sorafenib,1.0,confident_2arm,2,2,False
PMID 32402160 a_Summary_SoE.pdf,NCT03434379,0,Arm A (Atezolizumab + Bevacizumab),18.0,intervention,intervention,EXPERIMENTAL,Atezolizumab + Bevacizumab,1.0,confident_2arm,2,2,False
PMID 32416072 CT a_Summary_SoE.pdf,NCT02989857,0,Arm B (Placebo),20.0,control,control,PLACEBO_COMPARATOR,Placebo,0.8,count_mismatch,2,3,False
PMID 32416072 CT a_Summary_SoE.pdf,NCT02989857,0,Arm A (AG-120 / Ivosidenib),20.0,intervention,control,ACTIVE_COMPARATOR,AG-120,0.0,count_mismatch,2,3,True
PMID 32416073 CT_Summary_SoE.pdf,NCT03099382,0,Control Arm (Docetaxel),18.0,control,intervention,EXPERIMENTAL,camrelizumab,0.0,count_mismatch,3,2,True
PMID 32416073 CT_Summary_SoE.pdf,NCT03099382,1,Control Arm (Irinotecan),27.0,control,control,ACTIVE_COMPARATOR,Investigator's Choice of Standard Therapy,0.175,count_mismatch,3,2,False
PMID 32416073 CT_Summary_SoE.pdf,NCT03099382,0,Investigational Arm (SHR-1210),27.0,intervention,intervention,,,0.0,count_mismatch_leftover,3,2,False
PMID 32416780 a_Summary_SoE.pdf,NCT02807636,0,Arm C (Placebo + Platinum/Gemcitabine),38.0,control,control,PLACEBO_COMPARATOR,Placebo+Gemcitabine+Carboplatin/Cisplatin,0.533,confident,3,3,False
PMID 32416780 a_Summary_SoE.pdf,NCT02807636,0,Arm B (Atezolizumab Monotherapy),18.0,intervention,intervention,EXPERIMENTAL,Atezolizumab Monotherapy,1.0,confident,3,3,False
PMID 32416780 a_Summary_SoE.pdf,NCT02807636,1,Arm A (Atezolizumab + Platinum/Gemcitabine),38.0,intervention,intervention,EXPERIMENTAL,Atezolizumab+Gemcitabine+Carboplatin/Cisplatin,0.462,confident,3,3,False
PMID 32437507 a_Summary_SoE.pdf,NCT02017717,0,Arm B (Bevacizumab Monotherapy),27.0,control,control,ACTIVE_COMPARATOR,Arm B: Bevacizumab,1.0,confident,3,3,False
PMID 32437507 a_Summary_SoE.pdf,NCT02017717,0,Arm C (Nivolumab + Ipilimumab Combination),25.0,intervention,intervention,EXPERIMENTAL,Arm N + I:Nivolumab + Ipilimumab,0.75,confident,3,3,False
PMID 32437507 a_Summary_SoE.pdf,NCT02017717,1,Arm A (Nivolumab Monotherapy),27.0,intervention,intervention,EXPERIMENTAL,Arm N:Nivolumab,0.75,confident,3,3,False
PMID 32459600 a_Summary_SoE.pdf,NCT02970318,0,Arm B (Idelalisib plus Rituximab),16.0,control,control,ACTIVE_COMPARATOR,Rituximab Plus Idelalisib or Bendamustine,0.467,count_mismatch,3,2,False
PMID 32459600 a_Summary_SoE.pdf,NCT02970318,1,Arm B (Bendamustine plus Rituximab),17.0,control,control,,,0.0,count_mismatch_leftover,3,2,False
PMID 32459600 a_Summary_SoE.pdf,NCT02970318,0,Arm A (Acalabrutinib monotherapy),16.0,intervention,intervention,EXPERIMENTAL,Acalabrutinib (ACP-196),0.55,count_mismatch,3,2,False
PMID 32460997 CT_Summary_SoE.pdf,NCT01535053,0,Regimen 1 (IV pulse actinomycin-D),19.0,control,intervention,EXPERIMENTAL,Arm I (dactinomcin),0.0,count_mismatch,3,2,True
PMID 32460997 CT_Summary_SoE.pdf,NCT01535053,0,Regimen 2 (IV methotrexate 5-day),71.0,intervention,control,ACTIVE_COMPARATOR,Arm II (leucovorin calcium and methotrexate),0.073,count_mismatch,3,2,True
PMID 32460997 CT_Summary_SoE.pdf,NCT01535053,1,Regimen 2: IV Methotrexate (5-day regimen),45.0,intervention,intervention,,,0.0,count_mismatch_leftover,3,2,False
PMID 32469183 a_Summary_SoE.pdf,NCT03085095,0,Arm B (Leuprolide Acetate),17.0,control,control,ACTIVE_COMPARATOR,Leuprolide Acetate,1.0,confident_2arm,2,2,False
PMID 32469183 a_Summary_SoE.pdf,NCT03085095,0,Arm A (Relugolix),17.0,intervention,intervention,EXPERIMENTAL,Relugolix,0.7,confident_2arm,2,2,False
PMID 32469384 a_Summary_SoE.pdf,NCT03091192,0,Arm B (Sunitinib),19.0,control,control,ACTIVE_COMPARATOR,Sunitinib,1.0,confident_2arm,2,2,False
PMID 32469384 a_Summary_SoE.pdf,NCT03091192,0,Arm A (Savolitinib),19.0,intervention,intervention,EXPERIMENTAL,Savolitinib,1.0,confident_2arm,2,2,False
PMID 32496902 a_Summary_SoE.pdf,NCT02883049,0,Very High Risk (VHR) B-ALL (Control Arm),76.0,control,control,ACTIVE_COMPARATOR,Group II Arm A (VHR B-ALL - Control Arm),0.0,count_mismatch,6,8,False
PMID 32496902 a_Summary_SoE.pdf,NCT02883049,1,Very High Risk (VHR) B-ALL - Control Arm,90.0,control,intervention,EXPERIMENTAL,Group II Arm B (VHR B-ALL - Exp Arm1) (CLOSED 02/15/2017),0.0,count_mismatch,6,8,True
PMID 32496902 a_Summary_SoE.pdf,NCT02883049,0,High Risk (HR) B-ALL (Arm A/B),76.0,intervention,intervention,EXPERIMENTAL,DS HR B-ALL (RER),0.0,count_mismatch,6,8,False
PMID 32496902 a_Summary_SoE.pdf,NCT02883049,1,Ph-like Dasatinib Arm,83.0,intervention,intervention,EXPERIMENTAL,Group III PH-like predicted TKI-sensitive kinase mutation,0.0,count_mismatch,6,8,False
PMID 32496902 a_Summary_SoE.pdf,NCT02883049,2,Down Syndrome (DS) HR B-ALL,83.0,intervention,intervention,EXPERIMENTAL,DS HR B-ALL (SER),0.0,count_mismatch,6,8,False
PMID 32496902 a_Summary_SoE.pdf,NCT02883049,3,Down Syndrome HR B-ALL Arm,84.0,intervention,intervention,EXPERIMENTAL,Group I Arm A (HR B-ALL),0.0,count_mismatch,6,8,False
PMID 32534646 CT_Summary_SoE.pdf,NCT02908672,0,Arm A (Placebo + Cobimetinib + Vemurafenib),32.0,control,intervention,EXPERIMENTAL,Atezolizumab + Cobimetinib + Vemurafenib + Vemurafenib Placebo,0.786,confident_2arm,2,2,True
PMID 32534646 CT_Summary_SoE.pdf,NCT02908672,0,Arm B (Atezolizumab + Cobimetinib + Vemurafenib),32.0,intervention,intervention,EXPERIMENTAL,Atezolizumab Placebo + Cobimetinib + Vemurafenib,0.643,confident_2arm,2,2,False
PMID 32564260 CT_Summary_SoE.pdf,NCT02896855,0,Arm A (Placebo + Herceptin + Docetaxel),18.0,control,control,ACTIVE_COMPARATOR,Arm A: Placebo + Trastuzumab + Docetaxel,1.0,confident_2arm,2,2,False
PMID 32564260 CT_Summary_SoE.pdf,NCT02896855,0,Arm B (Pertuzumab + Herceptin + Docetaxel),18.0,intervention,intervention,EXPERIMENTAL,Arm B: Pertuzumab + Trastuzumab + Docetaxel,1.0,confident_2arm,2,2,False
PMID 32678716 CT_Summary_SoE.pdf,NCT01808573,0,Arm B (Lapatinib + Capecitabine),20.0,control,control,ACTIVE_COMPARATOR,lapatinib plus capecitabine,1.0,confident_2arm,2,2,False
PMID 32678716 CT_Summary_SoE.pdf,NCT01808573,0,Arm A (Neratinib + Capecitabine),20.0,intervention,intervention,EXPERIMENTAL,neratinib plus capecitabine,1.0,confident_2arm,2,2,False
PMID 32682457 a_Summary_SoE.pdf,NCT02322593,0,Arm B (S-1 plus Cisplatin),36.0,control,control,ACTIVE_COMPARATOR,S-1/Cisplatin,1.0,confident_2arm,2,2,False
PMID 32682457 a_Summary_SoE.pdf,NCT02322593,0,Arm A (TAS-118 plus Oxaliplatin),27.0,intervention,intervention,EXPERIMENTAL,TAS-118/Oxaliplatin,1.0,confident_2arm,2,2,False
PMID 32682484 a_Summary_SoE.pdf,NCT03158688,0,Arm 2: Kd (Carfilzomib and Dexamethasone),79.0,control,control,ACTIVE_COMPARATOR,Kd - Carfilzomib and Dexamethasone,1.0,confident_2arm,2,2,False
PMID 32682484 a_Summary_SoE.pdf,NCT03158688,0,"Arm 1: KdD (Carfilzomib, Dexamethasone, and Daratumumab)",81.0,intervention,intervention,EXPERIMENTAL,"KdD - Carfilzomib, Dexamethasone and Daratumumab",1.0,confident_2arm,2,2,False
PMID 32706639 a_Summary_SoE.pdf,NCT00430183,0,Arm B (Immediate Radical Prostatectomy),6.0,control,control,OTHER,Arm B: surgical intervention,0.5,confident_2arm,2,2,False
PMID 32706639 a_Summary_SoE.pdf,NCT00430183,0,Arm A (Neo-adjuvant Docetaxel + LHRH Agonist + Radical Prostatectomy),11.0,intervention,intervention,EXPERIMENTAL,Arm A: docetaxel + LHRH agonist + surgical intervention,0.5,confident_2arm,2,2,False
PMID 32786187 a_Summary_SoE.pdf,NCT02993523,0,Arm B (Placebo plus Azacitidine),100.0,control,control,PLACEBO_COMPARATOR,Group 1 and Group 2: Placebo + Azacitidine 75 mg/m^2,0.689,count_mismatch,2,3,False
PMID 32786187 a_Summary_SoE.pdf,NCT02993523,0,Arm A (Venetoclax plus Azacitidine),100.0,intervention,control,ACTIVE_COMPARATOR,Group 1 and Group 2: Venetoclax 100 mg/200 mg/400 mg + Azacitidine 75 mg/m^2,0.657,count_mismatch,2,3,True
PMID 32813610 a_Summary_SoE.pdf,NCT00408005,0,Arm A (Capizzi MTX - Control),51.0,control,intervention,EXPERIMENTAL,Group 0 Induction Therapy,0.0,count_mismatch,4,17,True
PMID 32813610 a_Summary_SoE.pdf,NCT00408005,0,Arm C (High Dose MTX),52.0,intervention,control,ACTIVE_COMPARATOR,Group 1 Arm IV (Consolidation chemotherapy),0.0,count_mismatch,4,17,True
PMID 32813610 a_Summary_SoE.pdf,NCT00408005,1,Arm B (Capizzi MTX + Nelarabine),73.0,intervention,control,ACTIVE_COMPARATOR,Group I Arm II (Maintenance chemotherapy),0.0,count_mismatch,4,17,True
PMID 32813610 a_Summary_SoE.pdf,NCT00408005,2,Arm D (High Dose MTX + Nelarabine),74.0,intervention,control,ACTIVE_COMPARATOR,Group I Arm IV (Maintenance chemotherapy),0.0,count_mismatch,4,17,True
PMID 32822286 a_Summary_SoE.pdf,NCT01849874,0,Physician's Choice: Liposomal Doxorubicin,19.0,control,control,,,0.0,count_mismatch_leftover,4,2,False
PMID 32822286 a_Summary_SoE.pdf,NCT01849874,1,Physician's Choice: Paclitaxel,41.0,control,control,ACTIVE_COMPARATOR,Physician's choice chemotherapy,0.0,count_mismatch,4,2,False
PMID 32822286 a_Summary_SoE.pdf,NCT01849874,2,Physician's Choice: Topotecan,94.0,control,control,,,0.0,count_mismatch_leftover,4,2,False
PMID 32822286 a_Summary_SoE.pdf,NCT01849874,0,MEK162 (Binimetinib),16.0,intervention,intervention,EXPERIMENTAL,MEK162,0.0,count_mismatch,4,2,False
PMID 32861273 CT_Summary_SoE.pdf,NCT02163694,0,Arm B (Placebo + Carboplatin + Paclitaxel),53.0,control,control,ACTIVE_COMPARATOR,Veliparib Placebo with Carboplatin and Paclitaxel,0.786,confident_2arm,2,2,False
PMID 32861273 CT_Summary_SoE.pdf,NCT02163694,0,Arm A (Veliparib + Carboplatin + Paclitaxel),53.0,intervention,intervention,EXPERIMENTAL,Veliparib with Carboplatin and Paclitaxel,1.0,confident_2arm,2,2,False
PMID 32880601a_Summary_SoE.pdf,NCT02494583,0,Arm 3 (Placebo + Chemotherapy),36.0,control,control,PLACEBO_COMPARATOR,Placebo + SOC Chemotherapy (SOC),0.4,uncertain,3,3,False
PMID 32880601a_Summary_SoE.pdf,NCT02494583,0,Arm 1 (Pembrolizumab Monotherapy),18.0,intervention,intervention,EXPERIMENTAL,Pembrolizumab Monotherapy (Pembro Mono),0.6,confident,3,3,False
PMID 32880601a_Summary_SoE.pdf,NCT02494583,1,Arm 2 (Pembrolizumab + Chemotherapy),36.0,intervention,intervention,EXPERIMENTAL,Pembrolizumab + SOC Chemotherapy (Pembro Combo),0.267,uncertain,3,3,False
PMID 32945632 a_Summary_SoE.pdf,NCT02603432,0,Arm B (Best Supportive Care Alone),14.0,control,intervention,OTHER,Arm B,0.5,confident_2arm,2,2,True
PMID 32945632 a_Summary_SoE.pdf,NCT02603432,0,Arm A (Avelumab + Best Supportive Care),27.0,intervention,intervention,EXPERIMENTAL,Arm A,1.0,confident_2arm,2,2,False
PMID 32954927a_Summary_SoE.pdf,NCT03155997,0,Arm B (Standard adjuvant endocrine therapy alone),11.0,control,control,OTHER,Endocrine Therapy,0.5,confident_2arm,2,2,False
PMID 32954927a_Summary_SoE.pdf,NCT03155997,0,Arm A (Abemaciclib plus standard adjuvant endocrine therapy),11.0,intervention,intervention,EXPERIMENTAL,150 mg Abemaciclib + Endocrine Therapy,1.0,confident_2arm,2,2,False
PMID 32971005 CT_Summary_SoE.pdf,NCT02516241,0,Standard of Care (SoC) - Cisplatin + Gemcitabine,23.0,control,control,ACTIVE_COMPARATOR,Standard of Care,0.467,count_mismatch,4,3,False
PMID 32971005 CT_Summary_SoE.pdf,NCT02516241,1,"Standard of Care (Cisplatin + Gemcitabine, 28-day cycle)",31.5,control,control,,,0.0,count_mismatch_leftover,4,3,False
PMID 32971005 CT_Summary_SoE.pdf,NCT02516241,0,MEDI4736 + tremelimumab combination therapy,13.0,intervention,intervention,EXPERIMENTAL,Combination Therapy,0.425,count_mismatch,4,3,False
PMID 32971005 CT_Summary_SoE.pdf,NCT02516241,1,MEDI4736 monotherapy,13.0,intervention,intervention,EXPERIMENTAL,Monotherapy,0.05,count_mismatch,4,3,False
PMID 32997907 a_Summary_SoE.pdf,NCT02409342,0,Arm B (Platinum-based Chemotherapy),18.0,control,control,ACTIVE_COMPARATOR,(Carboplatin/ Cisplatin) + (Pemetrexed/ Gemcitabine),0.0,count_mismatch,3,2,False
PMID 32997907 a_Summary_SoE.pdf,NCT02409342,1,Platinum-based Chemotherapy - Squamous (Control),18.0,control,control,,,0.0,count_mismatch_leftover,3,2,False
PMID 32997907 a_Summary_SoE.pdf,NCT02409342,0,Arm A (Atezolizumab),18.0,intervention,intervention,EXPERIMENTAL,Atezolizumab,0.175,count_mismatch,3,2,False
PMID 33010094 CT_Summary_SoE.pdf,NCT01509612,0,Arm 2 (Placebo Homeopathic Treatment),6.0,control,control,ACTIVE_COMPARATOR,Additive homeopathy in cancer patients,0.0,count_mismatch,4,3,False
PMID 33010094 CT_Summary_SoE.pdf,NCT01509612,1,Arm 3 (Standard Care Control),5.0,control,control,NO_INTERVENTION,No intervention,0.0,count_mismatch,4,3,False
PMID 33010094 CT_Summary_SoE.pdf,NCT01509612,0,Arm 1 (Verum Homeopathic Treatment),6.0,intervention,intervention,,,0.0,count_mismatch_leftover,4,3,False
PMID 33010094 CT_Summary_SoE.pdf,NCT01509612,1,Arm 2 (Placebo Homeopathic Treatment),6.0,intervention,control,PLACEBO_COMPARATOR,Additive homeopathic placebo globules,0.55,count_mismatch,4,3,True
PMID 33021870 a_Summary_SoE.pdf,NCT02312258,0,Placebo,18.0,control,control,PLACEBO_COMPARATOR,Placebo,1.0,confident_2arm,2,2,False
PMID 33021870 a_Summary_SoE.pdf,NCT02312258,0,Ixazomib,18.0,intervention,intervention,EXPERIMENTAL,Ixazomib,1.0,confident_2arm,2,2,False
PMID 33026938 CT_Summary_SoE.pdf,NCT02564263,0,Docetaxel,18.0,control,control,ACTIVE_COMPARATOR,Chemotherapy,0.1,count_mismatch,4,2,False
PMID 33026938 CT_Summary_SoE.pdf,NCT02564263,1,Irinotecan,27.0,control,control,,,0.0,count_mismatch_leftover,4,2,False
PMID 33026938 CT_Summary_SoE.pdf,NCT02564263,2,Paclitaxel,40.0,control,control,,,0.0,count_mismatch_leftover,4,2,False
PMID 33026938 CT_Summary_SoE.pdf,NCT02564263,0,Pembrolizumab (MK-3475),18.0,intervention,intervention,EXPERIMENTAL,Pembrolizumab,0.8,count_mismatch,4,2,False
PMID 33044684 CT_Summary_SoE.pdf,NCT02747043,0,Rituximab,7.0,control,control,ACTIVE_COMPARATOR,Rituximab,1.0,confident_2arm,2,2,False
PMID 33044684 CT_Summary_SoE.pdf,NCT02747043,0,ABP 798,7.0,intervention,intervention,EXPERIMENTAL,ABP 798,0.7,confident_2arm,2,2,False
PMID 33078978 a_Summary_SoE.pdf,NCT00063999,0,Regimen II (Carboplatin/Paclitaxel),24.0,control,intervention,EXPERIMENTAL,"Arm II (paclitaxel, carboplatin)",0.3,count_mismatch,3,2,True
PMID 33078978 a_Summary_SoE.pdf,NCT00063999,0,Regimen II (Carboplatin/Paclitaxel),38.0,intervention,intervention,,,0.0,count_mismatch_leftover,3,2,False
PMID 33078978 a_Summary_SoE.pdf,NCT00063999,1,Regimen I (Doxorubicin/Cisplatin/Paclitaxel + G-CSF),31.0,intervention,control,ACTIVE_COMPARATOR,"Arm I (doxorubicin hydrochloride, cisplatin, paclitaxel)",0.345,count_mismatch,3,2,True
PMID 33129376 a_Summary_SoE.pdf,NCT02755597,0,Arm 2 (Placebo plus Bd),56.0,control,control,PLACEBO_COMPARATOR,Placebo + Bortezomib and Dexamethasone,0.5,confident_2arm,2,2,False
PMID 33129376 a_Summary_SoE.pdf,NCT02755597,0,Arm 1 (Venetoclax plus Bd),56.0,intervention,intervention,EXPERIMENTAL,Venetoclax + Bortezomib and Dexamethasone,0.5,confident_2arm,2,2,False
PMID 33186740 a_Summary_SoE.pdf,NCT02340221,0,Placebo plus fulvestrant,0.0,control,control,PLACEBO_COMPARATOR,Placebo + Fulvestrant,1.0,confident_2arm,2,2,False
PMID 33186740 a_Summary_SoE.pdf,NCT02340221,0,Taselisib plus fulvestrant,0.0,intervention,intervention,EXPERIMENTAL,Taselisib + Fulvestrant,1.0,confident_2arm,2,2,False
PMID 33189178 a_Summary_SoE.pdf,NCT03110562,0,Vd (Bortezomib + Dexamethasone),59.0,control,intervention,EXPERIMENTAL,Vd Arm: Bortezomib + Dexamethasone,0.657,count_mismatch,2,4,True
PMID 33189178 a_Summary_SoE.pdf,NCT03110562,0,SVd (Selinexor + Bortezomib + Dexamethasone),47.0,intervention,intervention,EXPERIMENTAL,SVd Arm: Selinexor + Bortezomib + Dexamethasone,0.689,count_mismatch,2,4,False
PMID 33194700 CT a_Summary_SoE.pdf,NCT02152631,0,Arm B (Erlotinib + Best Supportive Care),14.0,control,control,ACTIVE_COMPARATOR,Erlotinib,0.6,confident_2arm,2,2,False
PMID 33194700 CT a_Summary_SoE.pdf,NCT02152631,0,Arm A (LY2835219 + Best Supportive Care),14.0,intervention,intervention,EXPERIMENTAL,Abemaciclib,0.5,confident_2arm,2,2,False
PMID 33197226 a_Summary_SoE.pdf,NCT02625610,0,Best Supportive Care (BSC) Only,20.0,control,control,,,0.0,count_mismatch_leftover,3,2,False
PMID 33197226 a_Summary_SoE.pdf,NCT02625610,1,Chemotherapy Maintenance (Oxaliplatin + 5-FU),27.0,control,intervention,EXPERIMENTAL,Chemotherapy + Best Supportive Care (BSC),0.212,count_mismatch,3,2,True
PMID 33197226 a_Summary_SoE.pdf,NCT02625610,0,Avelumab Maintenance,27.0,intervention,intervention,EXPERIMENTAL,Avelumab,0.55,count_mismatch,3,2,False
PMID 33207094 a_Summary_SoE.pdf,NCT03052608,0,Arm B (Crizotinib),16.0,control,control,ACTIVE_COMPARATOR,Crizotinib,1.0,confident_2arm,2,2,False
PMID 33207094 a_Summary_SoE.pdf,NCT03052608,0,Arm A (Lorlatinib),16.0,intervention,intervention,EXPERIMENTAL,Lorlatinib,1.0,confident_2arm,2,2,False
PMID 33231285 a_Summary_SoE.pdf,NCT03850444,0,Standard of Care (SOC) Platinum-based Chemotherapy,18.0,control,control,ACTIVE_COMPARATOR,SOC Treatment,0.5,confident_2arm,2,2,False
PMID 33231285 a_Summary_SoE.pdf,NCT03850444,0,Pembrolizumab (MK-3475),18.0,intervention,intervention,EXPERIMENTAL,Pembrolizumab,1.0,confident_2arm,2,2,False
PMID 33278935 a_Summary_SoE.pdf,NCT02819518,0,Arm B (Placebo + Chemotherapy),42.0,control,control,ACTIVE_COMPARATOR,Part 2: Placebo + Chemotherapy,0.1,count_mismatch,2,5,False
PMID 33278935 a_Summary_SoE.pdf,NCT02819518,0,Arm A (Pembrolizumab + Chemotherapy),42.0,intervention,intervention,EXPERIMENTAL,Part 1: Pembrolizumab + Paclitaxel,0.175,count_mismatch,2,5,False
PMID 33357420 CT_Summary_SoE.pdf,NCT03493854,0,Arm A (Perjeta IV + Herceptin IV + Chemotherapy),28.0,control,control,ACTIVE_COMPARATOR,Arm A: Pertuzumab IV + Trastuzumab IV + Chemotherapy,0.5,confident_2arm,2,2,False
PMID 33357420 CT_Summary_SoE.pdf,NCT03493854,0,Arm B (FDC SC + Chemotherapy),28.0,intervention,intervention,EXPERIMENTAL,Arm B: FDC of Pertuzumab and Trastuzumab SC + Chemotherapy,0.5,confident_2arm,2,2,False
PMID 33369355 a_Summary_SoE.pdf,NCT01757535,0,Arm B (Placebo + BSC),31.0,control,control,PLACEBO_COMPARATOR,Placebo,0.833,confident_2arm,2,2,False
PMID 33369355 a_Summary_SoE.pdf,NCT01757535,0,Arm A (Oral Azacitidine + BSC),31.0,intervention,intervention,EXPERIMENTAL,Oral Azacitidine,0.75,confident_2arm,2,2,False
PMID 33476593 a_Summary_SoE.pdf,NCT03215706,0,Arm B (Platinum Doublet Chemotherapy),18.0,control,control,ACTIVE_COMPARATOR,Module B,0.5,confident_2arm,2,2,False
PMID 33476593 a_Summary_SoE.pdf,NCT03215706,0,Arm A (Nivolumab + Ipilimumab + Platinum Doublet Chemotherapy),18.0,intervention,intervention,EXPERIMENTAL,Module A,0.5,confident_2arm,2,2,False
PMID 33480963 a_Summary_SoE.pdf,NCT02492711,0,Arm B (Trastuzumab plus Chemotherapy),36.0,control,control,ACTIVE_COMPARATOR,Trastuzumab plus chemotherapy,0.371,count_mismatch,2,3,False
PMID 33480963 a_Summary_SoE.pdf,NCT02492711,0,Arm A (Margetuximab plus Chemotherapy),36.0,intervention,intervention,EXPERIMENTAL,Margetuximab plus chemotherapy,0.371,count_mismatch,2,3,False
PMID 33485464 a_Summary_SoE.pdf,NCT02899299,0,Arm B (Pemetrexed + Cisplatin/Carboplatin),15.0,control,control,ACTIVE_COMPARATOR,Pemetrexed and Cisplatin (or Carboplatin),1.0,confident_2arm,2,2,False
PMID 33485464 a_Summary_SoE.pdf,NCT02899299,0,Arm A (Nivolumab + Ipilimumab),27.0,intervention,intervention,EXPERIMENTAL,Nivolumab and Ipilimumab,1.0,confident_2arm,2,2,False
PMID 33513313 a_Summary_SoE.pdf,NCT03302234,0,Arm 2 (Pembrolizumab + Placebo),21.0,control,control,ACTIVE_COMPARATOR,Pembrolizumab + Placebo,1.0,confident_2arm,2,2,False
PMID 33513313 a_Summary_SoE.pdf,NCT03302234,0,Arm 1 (Pembrolizumab + Ipilimumab),21.0,intervention,intervention,EXPERIMENTAL,Pembrolizumab + Ipilimumab,1.0,confident_2arm,2,2,False
PMID 33539945 CT_Summary_SoE.pdf,NCT02436668,0,Arm B (Placebo in combination with nab-paclitaxel and gemcitabine),40.0,control,control,PLACEBO_COMPARATOR,Placebo,0.923,confident_2arm,2,2,False
PMID 33539945 CT_Summary_SoE.pdf,NCT02436668,0,Arm A (Ibrutinib in combination with nab-paclitaxel and gemcitabine),40.0,intervention,control,ACTIVE_COMPARATOR,Ibrutinib,0.909,confident_2arm,2,2,True
PMID 33555926 a_Summary_SoE.pdf,NCT02923921,0,Arm 2 (FOLFOX alone),17.0,control,control,ACTIVE_COMPARATOR,FOLFOX,0.7,confident_2arm,2,2,False
PMID 33555926 a_Summary_SoE.pdf,NCT02923921,0,Arm 1 (AM0010 + FOLFOX),24.0,intervention,intervention,EXPERIMENTAL,Pegilodecakin + FOLFOX,0.5,confident_2arm,2,2,False
PMID 33577358 a_Summary_SoE.pdf,NCT02545504,0,Arm B (Placebo + mFOLFOX6),29.0,control,control,PLACEBO_COMPARATOR,Placebo,0.5,confident_2arm,2,2,False
PMID 33577358 a_Summary_SoE.pdf,NCT02545504,0,Arm A (GS-5745 + mFOLFOX6),29.0,intervention,intervention,EXPERIMENTAL,Andecaliximab,0.5,confident_2arm,2,2,False
PMID 33577729 a_Summary_SoE.pdf,NCT03474107,0,"Arm B (Chemotherapy: Docetaxel, Paclitaxel, or Vinflunine)",20.0,control,control,ACTIVE_COMPARATOR,Arm B: Chemotherapy,0.618,count_mismatch,2,3,False
PMID 33577729 a_Summary_SoE.pdf,NCT03474107,0,Arm A (Enfortumab Vedotin),40.0,intervention,intervention,EXPERIMENTAL,Arm A: Enfortumab Vedotin 1.25 mg/kg,0.8,count_mismatch,2,3,False
PMID 33616314 a_Summary_SoE.pdf,NCT02811861,0,Arm C (Sunitinib),26.0,control,control,ACTIVE_COMPARATOR,Sunitinib 50 mg,1.0,confident,3,3,False
PMID 33616314 a_Summary_SoE.pdf,NCT02811861,0,Arm A (Lenvatinib + Everolimus),26.0,intervention,intervention,EXPERIMENTAL,Lenvatinib 18 mg plus Everolimus 5 mg,1.0,confident,3,3,False
PMID 33616314 a_Summary_SoE.pdf,NCT02811861,1,Arm B (Lenvatinib + Pembrolizumab),26.0,intervention,intervention,EXPERIMENTAL,Lenvatinib 20 mg plus Pembrolizumab 200 mg,1.0,confident,3,3,False
PMID 33621109 a_Summary_SoE.pdf,NCT02285062,0,Placebo-R-CHOP (Placebo + R-CHOP),18.0,control,control,ACTIVE_COMPARATOR,R-CHOP,0.5,confident_2arm,2,2,False
PMID 33621109 a_Summary_SoE.pdf,NCT02285062,0,R2-CHOP (Lenalidomide + R-CHOP),18.0,intervention,intervention,EXPERIMENTAL,R2-CHOP,0.5,confident_2arm,2,2,False
PMID 33631112 CT_Summary_SoE.pdf,NCT02301156,0,Arm B (Ibrutinib),10.0,control,control,ACTIVE_COMPARATOR,Ibrutinib,1.0,confident_2arm,2,2,False
PMID 33631112 CT_Summary_SoE.pdf,NCT02301156,0,Arm A (Ublituximab + Ibrutinib),12.0,intervention,intervention,EXPERIMENTAL,Ublituximab + Ibrutinib,1.0,confident_2arm,2,2,False
PMID 33651090 a_Summary_SoE.pdf,NCT02101853,0,Arm A (HR/IR Control - Chemotherapy),35.0,control,control,ACTIVE_COMPARATOR,Arm A (HR and IR control),0.0,uncertain,4,4,False
PMID 33651090 a_Summary_SoE.pdf,NCT02101853,1,Arm C (LR Control - Chemotherapy),93.0,control,control,ACTIVE_COMPARATOR,Arm C (LR control),0.0,uncertain,4,4,False
PMID 33651090 a_Summary_SoE.pdf,NCT02101853,0,Arm B (HR/IR Experimental - Blinatumomab),41.0,intervention,intervention,EXPERIMENTAL,Arm B (HR and IR blinatumomab),0.15,uncertain,4,4,False
PMID 33651090 a_Summary_SoE.pdf,NCT02101853,1,Arm D (LR Experimental - Blinatumomab),115.0,intervention,intervention,EXPERIMENTAL,Arm D (LR blinatumomab),0.081,uncertain,4,4,False
PMID 33651091 a_Summary_SoE.pdf,NCT02393859,0,Arm 2A (HC3 Chemotherapy),13.0,control,control,ACTIVE_COMPARATOR,High Risk Consolidation 3 (HC3) Chemotherapy,0.5,confident_2arm,2,2,False
PMID 33651091 a_Summary_SoE.pdf,NCT02393859,0,Arm 1A (Blinatumomab),14.0,intervention,intervention,EXPERIMENTAL,Blinatumomab,1.0,confident_2arm,2,2,False
PMID 33657295 a_Summary_SoE.pdf,NCT03141177,0,Arm C (Sunitinib),18.0,control,control,ACTIVE_COMPARATOR,Monotherapy,1.0,confident,3,3,False
PMID 33657295 a_Summary_SoE.pdf,NCT03141177,0,Arm B (Nivolumab + Ipilimumab + Cabozantinib),25.0,intervention,intervention,EXPERIMENTAL,Triplet,0.3,uncertain,3,3,False
PMID 33657295 a_Summary_SoE.pdf,NCT03141177,1,Arm A (Nivolumab + Cabozantinib),27.0,intervention,intervention,EXPERIMENTAL,Doublet,0.857,confident,3,3,False
PMID 33667670 CT_Summary_SoE.pdf,NCT02631876,0,Arm 2 (Investigator's Choice - Paclitaxel),56.0,control,intervention,EXPERIMENTAL,Investigator's Choice (IC) Chemotherapy,0.5,confident_2arm,2,2,True
PMID 33667670 CT_Summary_SoE.pdf,NCT02631876,0,Arm 1 (Mirvetuximab Soravtansine),41.0,intervention,intervention,EXPERIMENTAL,Mirvetuximab Soravtansine,0.7,confident_2arm,2,2,False
PMID 33676601 CT_Summary_SoE.pdf,NCT02555657,0,TPC Arm (Capecitabine),18.0,control,control,,,0.0,count_mismatch_leftover,4,2,False
PMID 33676601 CT_Summary_SoE.pdf,NCT02555657,1,TPC Arm (Gemcitabine or Eribulin),36.0,control,control,ACTIVE_COMPARATOR,Chemotherapy,0.229,count_mismatch,4,2,False
PMID 33676601 CT_Summary_SoE.pdf,NCT02555657,2,TPC Arm (Vinorelbine),53.0,control,control,,,0.0,count_mismatch_leftover,4,2,False
PMID 33676601 CT_Summary_SoE.pdf,NCT02555657,0,Pembrolizumab Arm,18.0,intervention,intervention,EXPERIMENTAL,Pembrolizumab,0.8,count_mismatch,4,2,False
PMID 33683919 a_Summary_SoE.pdf,NCT02538666,0,Arm C (Placebo),30.0,control,control,PLACEBO_COMPARATOR,Placebo,1.0,confident,3,3,False
PMID 33683919 a_Summary_SoE.pdf,NCT02538666,0,Arm B (Nivolumab + Ipilimumab),29.0,intervention,intervention,EXPERIMENTAL,Nivolumab and ipilimumab combination therapy,0.857,confident,3,3,False
PMID 33683919 a_Summary_SoE.pdf,NCT02538666,1,Arm A (Nivolumab monotherapy),30.0,intervention,intervention,EXPERIMENTAL,Nivolumab monotherapy,1.0,confident,3,3,False
PMID 33721560 CT_Summary_SoE.pdf,NCT02450331,0,Arm B (Observation),10.0,control,control,NO_INTERVENTION,Observation,0.7,confident_2arm,2,2,False
PMID 33721560 CT_Summary_SoE.pdf,NCT02450331,0,Arm A (Atezolizumab),18.0,intervention,intervention,EXPERIMENTAL,Atezolizumab,1.0,confident_2arm,2,2,False
PMID 33739848 a_Summary_SoE.pdf,NCT00769379,0,Group 1 (Radiation Therapy alone),28.0,control,intervention,EXPERIMENTAL,Arm I (standard WBI),0.5,confident_2arm,2,2,True
PMID 33739848 a_Summary_SoE.pdf,NCT00769379,0,Group 2 (Radiation Therapy + Trastuzumab),28.0,intervention,intervention,EXPERIMENTAL,"Arm II (WBI, trastuzumab)",0.5,confident_2arm,2,2,False
PMID 33764805 a_Summary_SoE.pdf,NCT01566695,0,Arm B (Placebo + Best Supportive Care),30.0,control,control,PLACEBO_COMPARATOR,Placebo,0.667,confident_2arm,2,2,False
PMID 33764805 a_Summary_SoE.pdf,NCT01566695,0,Arm A (Oral Azacitidine + Best Supportive Care),30.0,intervention,intervention,EXPERIMENTAL,Oral Azacitidine,0.571,confident_2arm,2,2,False
PMID 33789008 a_Summary_SoE.pdf,NCT02743494,0,Arm B (Placebo),18.0,control,control,PLACEBO_COMPARATOR,Placebo,1.0,confident_2arm,2,2,False
PMID 33789008 a_Summary_SoE.pdf,NCT02743494,0,Arm A (Nivolumab),18.0,intervention,intervention,EXPERIMENTAL,Nivolumab,1.0,confident_2arm,2,2,False
PMID 33792623a_Summary_SoE.pdf,NCT03594747,0,Arm C (Paclitaxel + Carboplatin),14.0,control,control,ACTIVE_COMPARATOR,Paclitaxel + Carboplatin,1.0,confident,3,3,False
PMID 33792623a_Summary_SoE.pdf,NCT03594747,0,Arm A (Tislelizumab + Paclitaxel + Carboplatin),18.0,intervention,intervention,EXPERIMENTAL,Tislelizumab + Paclitaxel + Carboplatin,1.0,confident,3,3,False
PMID 33792623a_Summary_SoE.pdf,NCT03594747,1,Arm B (Tislelizumab + nab-paclitaxel + Carboplatin),30.0,intervention,intervention,EXPERIMENTAL,Tislelizumab + Nab-paclitaxel + Carboplatin,1.0,confident,3,3,False
PMID 33793299 a_Summary_SoE.pdf,NCT01864746,0,Arm B (Placebo + Endocrine Therapy),15.0,control,control,PLACEBO_COMPARATOR,Placebo,0.833,confident_2arm,2,2,False
PMID 33793299 a_Summary_SoE.pdf,NCT01864746,0,Arm A (Palbociclib + Endocrine Therapy),15.0,intervention,intervention,EXPERIMENTAL,Palbociclib,0.75,confident_2arm,2,2,False
PMID 33794205 CT_Summary_SoE.pdf,NCT02952586,0,Arm B (Placebo + SOC CRT),57.0,control,control,PLACEBO_COMPARATOR,Placebo + SOC CRT,0.857,confident_2arm,2,2,False
PMID 33794205 CT_Summary_SoE.pdf,NCT02952586,0,Arm A (Avelumab + SOC CRT),57.0,intervention,intervention,EXPERIMENTAL,Avelumab + SOC Chemoradiation Therapy,0.6,confident_2arm,2,2,False
PMID 33821899a_Summary_SoE.pdf,NCT01150045,0,Arm A (12 cycles FOLFOX + Placebo),11.0,control,control,ACTIVE_COMPARATOR,Arm A - FOLFOX and placebo (12 treatments),0.153,count_mismatch,5,4,False
PMID 33821899a_Summary_SoE.pdf,NCT01150045,1,Arm A (12 cycles of FOLFOX + placebo daily),15.5,control,control,ACTIVE_COMPARATOR,Arm C - FOLFOX and placebo (6 treatments),0.153,count_mismatch,5,4,False
PMID 33821899a_Summary_SoE.pdf,NCT01150045,0,Arm C (6 cycles FOLFOX + Placebo),10.0,intervention,intervention,,,0.0,count_mismatch_leftover,5,4,False
PMID 33821899a_Summary_SoE.pdf,NCT01150045,1,Arm D (6 cycles FOLFOX + Celecoxib),15.0,intervention,intervention,EXPERIMENTAL,Arm B - FOLFOX and celecoxib (12 treatments),0.0,count_mismatch,5,4,False
PMID 33821899a_Summary_SoE.pdf,NCT01150045,2,Arm B (12 cycles FOLFOX + Celecoxib),14.0,intervention,intervention,EXPERIMENTAL,Arm D - FOLFOX and celecoxib (6 treatments),0.0,count_mismatch,5,4,False
PMID 33848462 CT_Summary_SoE.pdf,NCT02367040,0,Arm B (Placebo + Rituximab),42.0,control,control,PLACEBO_COMPARATOR,Placebo + Rituximab,1.0,confident_2arm,2,2,False
PMID 33848462 CT_Summary_SoE.pdf,NCT02367040,0,Arm A (Copanlisib + Rituximab),42.0,intervention,intervention,EXPERIMENTAL,Copanlisib + Rituximab,0.667,confident_2arm,2,2,False
PMID 33882206 a_Summary_SoE.pdf,NCT02574455,0,Arm B (Treatment of Physician's Choice - TPC),36.0,control,control,ACTIVE_COMPARATOR,Treatment of Physician's Choice (TPC),0.5,confident_2arm,2,2,False
PMID 33882206 a_Summary_SoE.pdf,NCT02574455,0,Arm A (Sacituzumab Govitecan),36.0,intervention,intervention,EXPERIMENTAL,Sacituzumab Govitecan,1.0,confident_2arm,2,2,False
PMID 33891472 a_Summary_SoE.pdf,NCT03038100,0,Arm B (Placebo + Paclitaxel + Carboplatin + Bevacizumab),18.0,control,control,PLACEBO_COMPARATOR,"Placebo With Paclitaxel, Carboplatin and Bevacizumab",0.824,confident_2arm,2,2,False
PMID 33891472 a_Summary_SoE.pdf,NCT03038100,0,Arm A (Atezolizumab + Paclitaxel + Carboplatin + Bevacizumab),18.0,intervention,intervention,EXPERIMENTAL,"Atezolizumab With Paclitaxel, Carboplatin and Bevacizumab",1.0,confident_2arm,2,2,False
PMID 33914256 CT_Summary_SoE.pdf,NCT03296163,0,Arm B (Avastin + Chemotherapy),19.0,control,control,ACTIVE_COMPARATOR,EU-approved Avastin®,0.5,confident_2arm,2,2,False
PMID 33914256 CT_Summary_SoE.pdf,NCT03296163,0,Arm A (MB02 + Chemotherapy),19.0,intervention,intervention,EXPERIMENTAL,MB02 (Bevacizumab Biosimilar Drug),0.5,confident_2arm,2,2,False
PMID 33971141 CT_Summary_SoE.pdf,NCT02329860,0,Arm B (Placebo),16.0,control,control,PLACEBO_COMPARATOR,Placebo,1.0,confident_2arm,2,2,False
PMID 33971141 CT_Summary_SoE.pdf,NCT02329860,0,Arm A (Apatinib Mesylate Tablets),16.0,intervention,intervention,EXPERIMENTAL,Apatinib,0.5,confident_2arm,2,2,False
PMID 33989025 a_Summary_SoE.pdf,NCT00942331,0,"Arm A (Gemcitabine, Cisplatin, and Placebo)",24.0,control,control,ACTIVE_COMPARATOR,"Arm I (gemcitabine hydrochloride, cisplatin, placebo)",0.688,confident_2arm,2,2,False
PMID 33989025 a_Summary_SoE.pdf,NCT00942331,0,"Arm B (Gemcitabine, Cisplatin, and Bevacizumab)",24.0,intervention,intervention,EXPERIMENTAL,"Arm II (gemcitabine hydrochloride, cisplatin, bevacizumab)",0.692,confident_2arm,2,2,False
PMID 34048947 a_Summary_SoE.pdf,NCT03629925,0,Control Group (Placebo + Gemcitabine + Platinum),24.0,control,control,PLACEBO_COMPARATOR,Placebo+gemcitabine plus platinum,0.6,confident_2arm,2,2,False
PMID 34048947 a_Summary_SoE.pdf,NCT03629925,0,Test Group (IBI308 + Gemcitabine + Platinum),24.0,intervention,intervention,EXPERIMENTAL,Sintilimab+ gemcitabine plus platinum,0.5,confident_2arm,2,2,False
PMID 34051178a_Summary_SoE.pdf,NCT02853305,0,Chemotherapy Alone,17.0,control,control,ACTIVE_COMPARATOR,ST Chemotherapy (Chemo),0.091,uncertain,3,3,False
PMID 34051178a_Summary_SoE.pdf,NCT02853305,0,Pembrolizumab Monotherapy,18.0,intervention,intervention,EXPERIMENTAL,Pembrolizumab (Pembro),0.75,confident,3,3,False
PMID 34051178a_Summary_SoE.pdf,NCT02853305,1,Pembrolizumab plus Chemotherapy,24.0,intervention,intervention,EXPERIMENTAL,Pembrolizumab + ST Chemotherapy (Pembro Combo),0.267,uncertain,3,3,False
PMID 34077643 a_Summary_SoE.pdf,NCT02632409,0,Arm B (Placebo),27.0,control,control,PLACEBO_COMPARATOR,Placebo,1.0,confident_2arm,2,2,False
PMID 34077643 a_Summary_SoE.pdf,NCT02632409,0,Arm A (Nivolumab),27.0,intervention,intervention,EXPERIMENTAL,Nivolumab,1.0,confident_2arm,2,2,False
PMID 34087126 a_Summary_SoE.pdf,NCT03180736,0,PomDex (Pomalidomide + Dexamethasone),24.0,control,control,ACTIVE_COMPARATOR,Pomalidomide + Dexamethasone,0.857,confident_2arm,2,2,False
PMID 34087126 a_Summary_SoE.pdf,NCT03180736,0,DaraPomDex (Daratumumab + Pomalidomide + Dexamethasone),24.0,intervention,intervention,EXPERIMENTAL,Daratumumab+Pomalidomide+Dexamethasone,0.9,confident_2arm,2,2,False
PMID 34092112 a_Summary_SoE.pdf,NCT02445391,0,Arm A (Observation),4.0,control,control,NO_INTERVENTION,Arm A (observation) (closed to accrual 05/16/2016),0.033,uncertain,3,3,False
PMID 34092112 a_Summary_SoE.pdf,NCT02445391,0,Arm B (Platinum-based chemotherapy),8.0,intervention,intervention,EXPERIMENTAL,Arm B (cisplatin or carboplatin),0.0,uncertain,3,3,False
PMID 34092112 a_Summary_SoE.pdf,NCT02445391,1,Arm C (Capecitabine),10.0,intervention,control,ACTIVE_COMPARATOR,Arm C (capecitabine),1.0,confident,3,3,True
PMID 34102137 a_Summary_SoE.pdf,NCT02872116,0,XELOX alone,52.0,control,control,ACTIVE_COMPARATOR,XELOX (Oxaliplatin + Capecitabine),0.143,uncertain,5,5,False
PMID 34102137 a_Summary_SoE.pdf,NCT02872116,1,FOLFOX alone,52.0,control,control,ACTIVE_COMPARATOR,FOLFOX (Oxaliplatin + Leucovorin + Fluorouracil),0.1,uncertain,5,5,False
PMID 34102137 a_Summary_SoE.pdf,NCT02872116,0,Nivolumab + XELOX,18.0,intervention,intervention,EXPERIMENTAL,Nivolumab + XELOX,0.4,uncertain,5,5,False
PMID 34102137 a_Summary_SoE.pdf,NCT02872116,1,Nivolumab + FOLFOX,52.0,intervention,intervention,EXPERIMENTAL,Nivolumab + Ipilimumab,0.429,uncertain,5,5,False
PMID 34102137 a_Summary_SoE.pdf,NCT02872116,2,Nivolumab + FOLFOX,52.0,intervention,intervention,EXPERIMENTAL,Nivolumab + FOLFOX,0.308,uncertain,5,5,False
PMID 34110925 a_Summary_SoE.pdf,NCT00085735,0,Arm A (Standard-dose CSRT 23.40 Gy + Standard Volume Boost),59.0,control,intervention,EXPERIMENTAL,"Arm I (3-7 years of age, LDCSI, IFRT)",0.0,count_mismatch,2,6,True
PMID 34110925 a_Summary_SoE.pdf,NCT00085735,0,Arm B (Reduced-dose CSRT 18.00 Gy + Limited Target Volume Boost),59.0,intervention,intervention,EXPERIMENTAL,"Arm II (3-7 years of age, LDCSI, PFRT)",0.0,count_mismatch,2,6,False
PMID 34133211 a_Summary_SoE.pdf,NCT01515748,0,Arm 2 (SC Arm: Surgery + Chemotherapy),11.0,control,intervention,OTHER,Surgery + Adjuvant Chemotherapy (SC),0.5,confident_2arm,2,2,True
PMID 34133211 a_Summary_SoE.pdf,NCT01515748,0,Arm 1 (CSC Arm: Chemotherapy + Surgery + Chemotherapy),14.0,intervention,intervention,EXPERIMENTAL,Neoadjuvant Chemotherapy +Surgery +Adjuvant chemotherapy (CSC),0.5,confident_2arm,2,2,False
PMID 34134469 CT_Summary_SoE.pdf,NCT01461928,0,Arm B (Observation),13.0,control,intervention,OTHER,Maintenance II Period Observation Only,0.5,confident_2arm,2,2,True
PMID 34134469 CT_Summary_SoE.pdf,NCT01461928,0,Arm A (Prolonged SC Rituximab Maintenance),13.0,intervention,intervention,EXPERIMENTAL,Maintenance II Period Rituximab,0.5,confident_2arm,2,2,False
PMID 34143970 CT_Summary_SoE.pdf,NCT02580058,0,Arm C (PLD alone),27.0,control,control,ACTIVE_COMPARATOR,PLD,0.7,confident,3,3,False
PMID 34143970 CT_Summary_SoE.pdf,NCT02580058,0,Arm A (avelumab alone),27.0,intervention,intervention,EXPERIMENTAL,avelumab,1.0,confident,3,3,False
PMID 34143970 CT_Summary_SoE.pdf,NCT02580058,1,Arm B (avelumab plus PLD),27.0,intervention,intervention,EXPERIMENTAL,avelumab plus pegylated liposomal doxorubicin (PLD),0.444,uncertain,3,3,False
PMID 34161051 a_Summary_SoE.pdf,NCT03511664,0,Control Arm (Best Supportive Care Alone),24.0,control,control,OTHER,Best supportive/best standard of care (BS/BSOC) alone,0.5,confident_2arm,2,2,False
PMID 34161051 a_Summary_SoE.pdf,NCT03511664,0,Investigational Arm (177Lu-PSMA-617 + BSoC),24.0,intervention,intervention,EXPERIMENTAL,177Lu-PSMA-617 plus best supportive/best standard of care (BS/BSOC),0.5,confident_2arm,2,2,False
PMID 34170389 CT_Summary_SoE.pdf,NCT00549848,0,"Arm B (Conventional Dose PEG-asparaginase, Standard/High-Risk)",79.5,control,intervention,EXPERIMENTAL,HD PEG,0.0,count_mismatch,3,2,True
PMID 34170389 CT_Summary_SoE.pdf,NCT00549848,0,"Arm A (Higher Dose PEG-asparaginase, Standard/High-Risk)",78.0,intervention,control,ACTIVE_COMPARATOR,CD PEG,0.0,count_mismatch,3,2,True
PMID 34170389 CT_Summary_SoE.pdf,NCT00549848,1,Low-Risk (LR),78.0,intervention,intervention,,,0.0,count_mismatch_leftover,3,2,False
PMID 34197181 a_Summary_SoE.pdf,NCT00116142,0,Group 1 (AST + EBRT),48.0,control,control,OTHER,Arm1: Androgen Suppression Therapy + Radiation Therapy,0.5,confident_2arm,2,2,False
PMID 34197181 a_Summary_SoE.pdf,NCT00116142,0,Group 2 (AST + EBRT + Docetaxel),53.0,intervention,intervention,EXPERIMENTAL,Arm 2: Docetaxel + Androgen Suppression Therapy + Radiation Therapy,0.5,confident_2arm,2,2,False
PMID 34219000 a_Summary_SoE.pdf,NCT03125902,0,Arm B (Placebo + Paclitaxel),40.0,control,intervention,EXPERIMENTAL,Atezolizumab and Paclitaxel,0.727,confident_2arm,2,2,True
PMID 34219000 a_Summary_SoE.pdf,NCT03125902,0,Arm A (Atezolizumab + Paclitaxel),40.0,intervention,control,PLACEBO_COMPARATOR,Placebo and Paclitaxel,0.5,confident_2arm,2,2,True
PMID 34237250 a_Summary_SoE.pdf,NCT03690388,0,Placebo,16.0,control,control,PLACEBO_COMPARATOR,Placebo,1.0,confident_2arm,2,2,False
PMID 34237250 a_Summary_SoE.pdf,NCT03690388,0,Cabozantinib,16.0,intervention,intervention,EXPERIMENTAL,Cabozantinib,1.0,confident_2arm,2,2,False
PMID 34246347 CT_Summary_SoE.pdf,NCT03072238,0,Arm 2 (Placebo + Abiraterone + Prednisone/Prednisolone),19.0,control,control,ACTIVE_COMPARATOR,Placebo + Abiraterone,1.0,confident_2arm,2,2,False
PMID 34246347 CT_Summary_SoE.pdf,NCT03072238,0,Arm 1 (Ipatasertib + Abiraterone + Prednisone/Prednisolone),19.0,intervention,intervention,EXPERIMENTAL,Ipatasertib + Abiraterone,1.0,confident_2arm,2,2,False
PMID 34264305 a_Summary_SoE.pdf,NCT02429427,0,Placebo,3.0,control,control,PLACEBO_COMPARATOR,Placebo,1.0,confident_2arm,2,2,False
PMID 34264305 a_Summary_SoE.pdf,NCT02429427,0,Celecoxib,3.0,intervention,intervention,EXPERIMENTAL,Celecoxib,0.7,confident_2arm,2,2,False
PMID 34264316 a_Summary_SoE.pdf,NCT02785952,0,Arm 2: Nivolumab monotherapy,27.0,control,control,ACTIVE_COMPARATOR,Arm II (nivolumab),0.5,confident_2arm,2,2,False
PMID 34264316 a_Summary_SoE.pdf,NCT02785952,0,Arm 1: Nivolumab plus Ipilimumab,27.0,intervention,intervention,EXPERIMENTAL,"Arm I (nivolumab, ipilimumab)",0.5,confident_2arm,2,2,False
PMID 34264503 CT_Summary_SoE.pdf,NCT02810457,0,Arm B (Avastin group),20.0,control,control,ACTIVE_COMPARATOR,Avastin / paclitaxel / carboplatin,0.5,confident_2arm,2,2,False
PMID 34264503 CT_Summary_SoE.pdf,NCT02810457,0,Arm A (FKB238 group),20.0,intervention,intervention,EXPERIMENTAL,FKB238 / paclitaxel / carboplatin,0.5,confident_2arm,2,2,False
PMID 34309665 a_Summary_SoE.pdf,NCT01718873,0,Standard Arm (Bevacizumab + FOLFOX/OXXEL),36.0,control,control,ACTIVE_COMPARATOR,bevacizumab with chemotherapy,0.5,confident_2arm,2,2,False
PMID 34309665 a_Summary_SoE.pdf,NCT01718873,0,Experimental Arm (Sequential Bevacizumab + FOLFOX/OXXEL),48.0,intervention,intervention,EXPERIMENTAL,bevacizumab before chemotherapy,0.5,confident_2arm,2,2,False
PMID 34320285 a_Summary_SoE.pdf,NCT00295620,0,Arm B (Anastrozole 5 years),2.0,control,intervention,EXPERIMENTAL,Arm A: Anastrozol,0.6,confident_2arm,2,2,True
PMID 34320285 a_Summary_SoE.pdf,NCT00295620,0,Arm A (Anastrozole 2 years),2.0,intervention,intervention,EXPERIMENTAL,Arm B: Anastrozol,0.6,confident_2arm,2,2,False
PMID 34341578 CT_Summary_SoE.pdf,NCT03581786,0,Arm B (Placebo + Chemotherapy),24.0,control,control,PLACEBO_COMPARATOR,placebo combine with chemotherapy,0.75,confident_2arm,2,2,False
PMID 34341578 CT_Summary_SoE.pdf,NCT03581786,0,Arm A (Toripalimab + Chemotherapy),24.0,intervention,intervention,EXPERIMENTAL,TORIPALIMAB INJECTION(JS001 )combine with chemotherapy,0.571,confident_2arm,2,2,False
PMID 34343033 a_Summary_SoE.pdf,NCT03465722,0,Arm B (Regorafenib),11.0,control,control,ACTIVE_COMPARATOR,regorafenib,1.0,confident_2arm,2,2,False
PMID 34343033 a_Summary_SoE.pdf,NCT03465722,0,Arm A (Avapritinib),11.0,intervention,intervention,EXPERIMENTAL,avapritinib,0.7,confident_2arm,2,2,False
PMID 34357781 a_Summary_SoE.pdf,NCT02115282,0,Arm B (Exemestane + Placebo),15.0,control,control,PLACEBO_COMPARATOR,"Arm B (exemestane, placebo)",0.5,confident_2arm,2,2,False
PMID 34357781 a_Summary_SoE.pdf,NCT02115282,0,Arm A (Exemestane + Entinostat),15.0,intervention,intervention,EXPERIMENTAL,"Arm A (exemestane, entinostat)",0.5,confident_2arm,2,2,False
PMID 34363762 CT_Summary_SoE.pdf,NCT02718417,0,Arm A (Chemotherapy alone followed by observation),24.0,control,control,ACTIVE_COMPARATOR,Arm A,0.0,uncertain,3,3,False
PMID 34363762 CT_Summary_SoE.pdf,NCT02718417,0,Arm B (Chemotherapy alone followed by avelumab maintenance),36.0,intervention,intervention,EXPERIMENTAL,Arm B,0.25,uncertain,3,3,False
PMID 34363762 CT_Summary_SoE.pdf,NCT02718417,1,Arm C (Avelumab in combination with chemotherapy followed by avelumab maintenance),36.0,intervention,intervention,EXPERIMENTAL,Arm C,0.231,uncertain,3,3,False
PMID 34383006a_Summary_SoE.pdf,NCT01459497,0,Arm B (Conventional radiation),34.0,control,control,ACTIVE_COMPARATOR,Conventional Radiation,0.7,confident_2arm,2,2,False
PMID 34383006a_Summary_SoE.pdf,NCT01459497,0,Arm A (Accelerated hypofractionated IGRT),19.0,intervention,control,ACTIVE_COMPARATOR,Radiation Therapy,0.5,confident_2arm,2,2,True
PMID 34407342 a_Summary_SoE.pdf,NCT03142334,0,Arm B (Placebo),18.0,control,control,PLACEBO_COMPARATOR,Placebo,1.0,confident_2arm,2,2,False
PMID 34407342 a_Summary_SoE.pdf,NCT03142334,0,Arm A (Pembrolizumab),18.0,intervention,intervention,EXPERIMENTAL,Pembrolizumab,1.0,confident_2arm,2,2,False
PMID 34407542 a_Summary_SoE.pdf,NCT03106779,0,Bosutinib 500 mg once daily,18.0,control,control,ACTIVE_COMPARATOR,Bosutinib,0.5,confident_2arm,2,2,False
PMID 34407542 a_Summary_SoE.pdf,NCT03106779,0,Asciminib 40 mg twice daily,18.0,intervention,intervention,EXPERIMENTAL,Asciminib,0.5,confident_2arm,2,2,False
PMID 34418665 CT_Summary_SoE.pdf,NCT02383966,0,Arm B (Cisplatin + 5-FU),36.0,control,control,ACTIVE_COMPARATOR,Cisplatin/Carboplatin + 5-Flurouracil,0.6,confident_2arm,2,2,False
PMID 34418665 CT_Summary_SoE.pdf,NCT02383966,0,Arm A (Cetuximab + Cisplatin + 5-FU),77.0,intervention,intervention,EXPERIMENTAL,Cetuximab + Cisplatin/Carboplatin + 5-Fluorouracil,0.75,confident_2arm,2,2,False
PMID 34454674 a_Summary_SoE.pdf,NCT03189719,0,Arm 2 (Placebo + Cisplatin + 5-FU),36.0,control,control,PLACEBO_COMPARATOR,Placebo + SOC,1.0,confident_2arm,2,2,False
PMID 34454674 a_Summary_SoE.pdf,NCT03189719,0,Arm 1 (Pembrolizumab + Cisplatin + 5-FU),36.0,intervention,intervention,EXPERIMENTAL,Pembrolizumab + SOC,1.0,confident_2arm,2,2,False
PMID 34459214 CT_Summary_SoE.pdf,NCT02663908,0,Leuprolide (GnRH Receptor Agonist),13.0,control,control,ACTIVE_COMPARATOR,Leuprolide,0.5,confident_2arm,2,2,False
PMID 34459214 CT_Summary_SoE.pdf,NCT02663908,0,Degarelix (GnRH Receptor Antagonist),13.0,intervention,intervention,EXPERIMENTAL,Degarelix,0.5,confident_2arm,2,2,False
PMID 34534429 a_Summary_SoE.pdf,NCT03635567,0,Arm 2 (Placebo + Chemotherapy),18.0,control,control,PLACEBO_COMPARATOR,Placebo+Chemotherapy,0.5,confident_2arm,2,2,False
PMID 34534429 a_Summary_SoE.pdf,NCT03635567,0,Arm 1 (Pembrolizumab + Chemotherapy),18.0,intervention,intervention,EXPERIMENTAL,Pembrolizumab+Chemotherapy,0.5,confident_2arm,2,2,False
PMID 34600602 a_Summary_SoE.pdf,NCT02257736,0,Arm B (Placebo + Abiraterone Acetate + Prednisone),17.0,control,control,PLACEBO_COMPARATOR,Group 2: AAP and Placebo,0.923,confident_2arm,2,2,False
PMID 34600602 a_Summary_SoE.pdf,NCT02257736,0,Arm A (Apalutamide + Abiraterone Acetate + Prednisone),17.0,intervention,intervention,EXPERIMENTAL,Group 1: AAP and apalutamide,0.909,confident_2arm,2,2,False
PMID 34652968 a_Summary_SoE.pdf,NCT01231906,0,Regimen A (VDC1200/IE),67.0,control,intervention,EXPERIMENTAL,Arm A (combination chemotherapy),0.5,confident_2arm,2,2,True
PMID 34652968 a_Summary_SoE.pdf,NCT01231906,0,Regimen B (VTC250/IE/VDC1200),84.0,intervention,intervention,EXPERIMENTAL,"Arm B (combination chemotherapy, topotecan hydrochloride)",0.5,confident_2arm,2,2,False
PMID 34661177 CT_Summary_SoE.pdf,NCT03875092,0,Arm 2 (Saline Placebo + Carboplatin + Paclitaxel/nab-paclitaxel),26.0,control,control,ACTIVE_COMPARATOR,Chemotherapy,0.667,confident_2arm,2,2,False
PMID 34661177 CT_Summary_SoE.pdf,NCT03875092,0,Arm 1 (Pembrolizumab + Carboplatin + Paclitaxel/nab-paclitaxel),26.0,intervention,intervention,EXPERIMENTAL,Pembrolizumab + Chemotherapy,0.818,confident_2arm,2,2,False
PMID 34808255 CT_Summary_SoE.pdf,NCT03269344,0,Arm 1 (Placebo Control),36.0,control,control,PLACEBO_COMPARATOR,Control Arm,0.833,confident_2arm,2,2,False
PMID 34808255 CT_Summary_SoE.pdf,NCT03269344,0,Arm 2 (Gabapentin),36.0,intervention,intervention,EXPERIMENTAL,Experimental Arm,0.7,confident_2arm,2,2,False
PMID 34855460 a_Summary_SoE.pdf,NCT02345850,0,Arm C (Control - BM/Tac/Mtx),24.0,control,control,ACTIVE_COMPARATOR,Tacrolimus/Methotrexate Control Arm,0.0,uncertain,3,3,False
PMID 34855460 a_Summary_SoE.pdf,NCT02345850,0,Arm A (CD34 Selected PBSC),22.0,intervention,intervention,EXPERIMENTAL,CD34 Selection Arm,0.0,uncertain,3,3,False
PMID 34855460 a_Summary_SoE.pdf,NCT02345850,1,Arm B (BM/PTCy),22.0,intervention,intervention,EXPERIMENTAL,Post Transplant Cyclophosphamide,0.0,uncertain,3,3,False
PMID 34874182 a_Summary_SoE.pdf,NCT02513394,0,Arm B (Endocrine Therapy alone),0.0,control,control,OTHER,Arm B,0.5,confident_2arm,2,2,False
PMID 34874182 a_Summary_SoE.pdf,NCT02513394,0,Arm A (Palbociclib + Endocrine Therapy),0.0,intervention,intervention,EXPERIMENTAL,Arm A,0.8,confident_2arm,2,2,False
PMID 34882169 a_Summary_SoE.pdf,NCT01781468,0,Placebo,2.0,control,control,PLACEBO_COMPARATOR,Arm II,1.0,confident,3,3,False
PMID 34882169 a_Summary_SoE.pdf,NCT01781468,0,Armodafinil 150mg,2.0,intervention,intervention,EXPERIMENTAL,Arm I,0.2,uncertain,3,3,False
PMID 34882169 a_Summary_SoE.pdf,NCT01781468,1,Armodafinil 250mg,2.0,intervention,intervention,EXPERIMENTAL,Arm III,0.2,uncertain,3,3,False
PMID 34890060 CT_Summary_SoE.pdf,NCT03103321,0,Arm D (Usual Care),2.0,control,control,ACTIVE_COMPARATOR,Arm D (usual care),0.0,uncertain,4,4,False
PMID 34890060 CT_Summary_SoE.pdf,NCT03103321,0,Arm A (Pre- and During-consultation Decision Aids),2.0,intervention,intervention,EXPERIMENTAL,"Arm A (""Knowing your Options"", ""Prostate Choice"")",0.0,uncertain,4,4,False
PMID 34890060 CT_Summary_SoE.pdf,NCT03103321,1,Arm B (Pre-consultation Decision Aid only),2.0,intervention,intervention,EXPERIMENTAL,"Arm B (""Knowing your Options"")",0.0,uncertain,4,4,False
PMID 34890060 CT_Summary_SoE.pdf,NCT03103321,2,Arm C (During-consultation Decision Aid only),2.0,intervention,intervention,EXPERIMENTAL,"Arm C (""Prostate Choice"")",0.0,uncertain,4,4,False
PMID 34890214 a_Summary_SoE.pdf,NCT01966471,0,Arm 1 (Trastuzumab + Pertuzumab + Taxane),26.0,control,control,ACTIVE_COMPARATOR,"Anthracycline Followed by Trastuzumab, Pertuzumab, and Taxane",0.5,confident_2arm,2,2,False
PMID 34890214 a_Summary_SoE.pdf,NCT01966471,0,Arm 2 (Trastuzumab Emtansine + Pertuzumab),18.0,intervention,intervention,EXPERIMENTAL,Anthracycline Followed by Trastuzumab Emtansine and Pertuzumab,0.5,confident_2arm,2,2,False
PMID 34891224 a_Summary_SoE.pdf,NCT03391466,0,"Standard of Care (SOC) therapy (R-ICE, R-DHAP, R-ESHAP, or R-GDP)",37.0,control,control,ACTIVE_COMPARATOR,Standard of Care Therapy,0.5,confident_2arm,2,2,False
PMID 34891224 a_Summary_SoE.pdf,NCT03391466,0,Axicabtagene Ciloleucel,17.0,intervention,intervention,EXPERIMENTAL,Axicabtagene Ciloleucel Treatment,0.5,confident_2arm,2,2,False
PMID 34914339 a_Summary_SoE.pdf,NCT01272037,0,Arm 2 (Endocrine Therapy alone),5.0,control,intervention,EXPERIMENTAL,Arm II (endocrine therapy),0.5,confident_2arm,2,2,True
PMID 34914339 a_Summary_SoE.pdf,NCT01272037,0,Arm 1 (Chemotherapy plus Endocrine Therapy),9.0,intervention,intervention,EXPERIMENTAL,Arm I (chemotherapy and endocrine therapy),0.5,confident_2arm,2,2,False
PMID 34914889 a_Summary_SoE.pdf,NCT02576509,0,Sorafenib (400 mg PO BID),27.0,control,control,ACTIVE_COMPARATOR,Sorafenib,0.75,confident_2arm,2,2,False
PMID 34914889 a_Summary_SoE.pdf,NCT02576509,0,Nivolumab (240 mg IV every 2 weeks),27.0,intervention,intervention,EXPERIMENTAL,Nivolumab,1.0,confident_2arm,2,2,False
PMID 34967844 a_Summary_SoE.pdf,NCT02518191,0,Control Group (Conventional Chemotherapy),10.0,control,control,NO_INTERVENTION,None GnRHa group,0.5,confident_2arm,2,2,False
PMID 34967844 a_Summary_SoE.pdf,NCT02518191,0,Intervention Group (GnRHa + Chemotherapy),16.0,intervention,intervention,EXPERIMENTAL,GnRHa group,0.5,confident_2arm,2,2,False
PMID 34997889 CT_Summary_SoE.pdf,NCT00500890,0,"Carboplatin Arm (Carboplatin, Etoposide, Vincristine)",33.0,intervention,intervention,EXPERIMENTAL,Carboplatin + Etoposide + Vincristine,0.9,confident_2arm,2,2,False
PMID 34997889 CT_Summary_SoE.pdf,NCT00500890,1,"Cyclophosphamide Arm (Cyclophosphamide, Etoposide, Vincristine)",33.0,intervention,intervention,EXPERIMENTAL,Cyclophosphamide + Etoposide + Vincristine,0.9,confident_2arm,2,2,False
PMID 35007153 a_Summary_SoE.pdf,NCT00954174,0,"Regimen II (Ifosfamide, Mesna, and Paclitaxel)",32.0,control,intervention,EXPERIMENTAL,"Arm II (paclitaxel, ifosfamide)",0.6,confident_2arm,2,2,True
PMID 35007153 a_Summary_SoE.pdf,NCT00954174,0,Regimen I (Paclitaxel plus Carboplatin),20.0,intervention,intervention,EXPERIMENTAL,"Arm I (paclitaxel, carboplatin)",0.667,confident_2arm,2,2,False
PMID 35013615 CT_Summary_SoE.pdf,NCT03016312,0,Arm B (Enzalutamide Alone),18.0,control,control,ACTIVE_COMPARATOR,Enzalutamide,1.0,confident_2arm,2,2,False
PMID 35013615 CT_Summary_SoE.pdf,NCT03016312,0,Arm A (Atezolizumab + Enzalutamide),18.0,intervention,intervention,EXPERIMENTAL,Atezolizumab + Enzalutamide,1.0,confident_2arm,2,2,False
PMID 35030011 a_Summary_SoE.pdf,NCT02967692,0,Arm 2 (Placebo + Dabrafenib + Trametinib),16.0,control,control,PLACEBO_COMPARATOR,Part 3- Arm 2: Placebo in combination with dabrafenib and trametinib,0.646,count_mismatch,2,4,False
PMID 35030011 a_Summary_SoE.pdf,NCT02967692,0,Arm 1 (PDR001 + Dabrafenib + Trametinib),16.0,intervention,intervention,EXPERIMENTAL,Part 2: Biomarker cohort,0.4,count_mismatch,2,4,False
PMID 35032434 a_Summary_SoE.pdf,NCT03151811,0,Arm B (Pomalidomide + Dexamethasone),53.0,control,control,ACTIVE_COMPARATOR,Arm B: Pomalidomide+Dexamethasone,1.0,confident_2arm,2,2,False
PMID 35032434 a_Summary_SoE.pdf,NCT03151811,0,Arm A (Melflufen + Dexamethasone),53.0,intervention,intervention,EXPERIMENTAL,Arm A: Melflufen+Dexamethasone,1.0,confident_2arm,2,2,False
PMID 35038433 CT_Summary_SoE.pdf,NCT01196390,0,Arm 2 (Chemoradiation + Surgery),33.0,control,intervention,EXPERIMENTAL,Arm II (radiotherapy and chemotherapy),0.5,confident_2arm,2,2,True
PMID 35038433 CT_Summary_SoE.pdf,NCT01196390,0,Arm 1 (Trastuzumab + Chemoradiation + Surgery + Maintenance Trastuzumab),43.0,intervention,intervention,EXPERIMENTAL,"Arm I (radiotherapy, chemotherapy, trastuzumab)",0.5,confident_2arm,2,2,False
PMID 35045221 a_Summary_SoE.pdf,NCT03517449,0,Arm B (TPC - Paclitaxel),46.0,control,control,ACTIVE_COMPARATOR,Treatment of Physician's Choice,0.5,confident_2arm,2,2,False
PMID 35045221 a_Summary_SoE.pdf,NCT03517449,0,Arm A (Lenvatinib + Pembrolizumab),23.0,intervention,intervention,EXPERIMENTAL,Lenvatinib 20 mg + Pembrolizumab 200 mg,1.0,confident_2arm,2,2,False
PMID 35108470 a_Summary_SoE.pdf,NCT03143153,0,Arm C (Fluorouracil + Cisplatin),66.0,control,control,ACTIVE_COMPARATOR,Cisplatin + Fluorouracil,1.0,confident,3,3,False
PMID 35108470 a_Summary_SoE.pdf,NCT03143153,0,Arm A (Nivolumab + Ipilimumab),27.0,intervention,intervention,EXPERIMENTAL,Nivolumab + Ipilimumab,1.0,confident,3,3,False
PMID 35108470 a_Summary_SoE.pdf,NCT03143153,1,Arm B (Nivolumab + Fluorouracil + Cisplatin),79.0,intervention,intervention,EXPERIMENTAL,Nivolumab + Cisplatin + Fluorouacil,0.9,confident,3,3,False
PMID 35142815 a_Summary_SoE.pdf,NCT02111577,0,Arm B (Placebo + Standard of Care),24.0,control,control,PLACEBO_COMPARATOR,Placebo with standard of care chemotherapy,0.833,confident_2arm,2,2,False
PMID 35142815 a_Summary_SoE.pdf,NCT02111577,0,Arm A (DCVAC/PCa + Standard of Care),24.0,intervention,intervention,EXPERIMENTAL,DCVAC/PCa with standard of care chemotherapy,0.5,confident_2arm,2,2,False
PMID 35179323 a_Summary_SoE.pdf,NCT02799602,0,Placebo + ADT + Docetaxel,9.0,control,control,PLACEBO_COMPARATOR,Placebo + standard ADT + Docetaxel,0.818,confident_2arm,2,2,False
PMID 35179323 a_Summary_SoE.pdf,NCT02799602,0,Darolutamide + ADT + Docetaxel,9.0,intervention,intervention,EXPERIMENTAL,BAY1841788 /darolutamide (ODM-201)+standard ADT+Docetaxel,0.636,confident_2arm,2,2,False
PMID 35192411 a_Summary_SoE.pdf,NCT01843062,0,Arm B (Placebo + RAI),10.0,control,control,PLACEBO_COMPARATOR,Placebo,0.625,confident_2arm,2,2,False
PMID 35192411 a_Summary_SoE.pdf,NCT01843062,0,Arm A (Selumetinib + RAI),10.0,intervention,intervention,EXPERIMENTAL,Selumetinib,0.5,confident_2arm,2,2,False
PMID 35213496 CT_Summary_SoE.pdf,NCT03196791,0,Group MB (Moderate Neuromuscular block),4.0,control,intervention,EXPERIMENTAL,Moderate neuromuscular group,0.5,confident_2arm,2,2,True
PMID 35213496 CT_Summary_SoE.pdf,NCT03196791,0,Group DB (Deep Neuromuscular block),4.0,intervention,intervention,EXPERIMENTAL,Deep neuromuscular block group,0.5,confident_2arm,2,2,False
PMID 35240074a_Summary_SoE.pdf,NCT03471078,0,Placebo,57.0,control,control,PLACEBO_COMPARATOR,Placebo,0.833,confident_2arm,2,2,False
PMID 35240074a_Summary_SoE.pdf,NCT03471078,0,Avatrombopag,57.0,intervention,intervention,EXPERIMENTAL,Avatrombopag,0.7,confident_2arm,2,2,False
PMID 35245446 CT_Summary_SoE.pdf,NCT03829969,0,Group B (Placebo + Paclitaxel + Cisplatin),18.0,control,control,PLACEBO_COMPARATOR,placebo,0.5,confident_2arm,2,2,False
PMID 35245446 CT_Summary_SoE.pdf,NCT03829969,0,Group A (Toripalimab + Paclitaxel + Cisplatin),18.0,intervention,intervention,EXPERIMENTAL,Toripalimab,0.5,confident_2arm,2,2,False
PMID 35271306 a_Summary_SoE.pdf,NCT02112916,0,Arm A (Modified ABFM Backbone),72.0,control,control,ACTIVE_COMPARATOR,Arm A (combination chemotherapy),0.5,confident_2arm,2,2,False
PMID 35271306 a_Summary_SoE.pdf,NCT02112916,0,Arm B (ABFM + Bortezomib),74.0,intervention,intervention,EXPERIMENTAL,"Arm B (combination chemotherapy, bortezomib)",0.5,confident_2arm,2,2,False
PMID 35290101 a_Summary_SoE.pdf,NCT02446600,0,Arm I (Standard platinum-based chemotherapy),12.0,control,control,ACTIVE_COMPARATOR,Arm I (platinum-based chemotherapy),0.088,uncertain,3,3,False
PMID 35290101 a_Summary_SoE.pdf,NCT02446600,0,Arm II (Single-agent olaparib),20.0,intervention,intervention,EXPERIMENTAL,Arm II (olaparib),0.125,uncertain,3,3,False
PMID 35290101 a_Summary_SoE.pdf,NCT02446600,1,Arm III (Combination of olaparib and cediranib),25.0,intervention,intervention,EXPERIMENTAL,"Arm III (olaparib, cediranib maleate)",0.222,uncertain,3,3,False
PMID 35298906 CT_Summary_SoE.pdf,NCT02855944,0,Arm B (Chemotherapy),27.0,control,control,ACTIVE_COMPARATOR,Chemotherapy,0.7,confident_2arm,2,2,False
PMID 35298906 CT_Summary_SoE.pdf,NCT02855944,0,Arm A (Rucaparib),16.0,intervention,intervention,EXPERIMENTAL,Rucaparib,1.0,confident_2arm,2,2,False
PMID 35320644 a_Summary_SoE.pdf,NCT03529110,0,Arm B (T-DM1 / Ado-trastuzumab emtansine),20.0,control,control,ACTIVE_COMPARATOR,Ado-trastuzumab emtansine (T-DM1),1.0,confident_2arm,2,2,False
PMID 35320644 a_Summary_SoE.pdf,NCT03529110,0,Arm A (DS-8201a / Trastuzumab deruxtecan),20.0,intervention,intervention,EXPERIMENTAL,Trastuzumab deruxtecan (T-DXd),0.667,confident_2arm,2,2,False
PMID 35331641 CT_Summary_SoE.pdf,NCT02264990,0,Arm B (Investigator's Choice Platinum Doublet),20.0,control,control,ACTIVE_COMPARATOR,Investigator's Choice Chemotherapy,0.5,confident_2arm,2,2,False
PMID 35331641 CT_Summary_SoE.pdf,NCT02264990,0,Arm A (Veliparib + Carboplatin + Paclitaxel),20.0,intervention,intervention,EXPERIMENTAL,Veliparib + Carboplatin + Paclitaxel,0.75,confident_2arm,2,2,False
PMID 35367007a_Summary_SoE.pdf,NCT03553836,0,Arm B (Placebo),17.0,control,control,PLACEBO_COMPARATOR,Placebo,0.625,confident_2arm,2,2,False
PMID 35367007a_Summary_SoE.pdf,NCT03553836,0,Arm A (Pembrolizumab),17.0,intervention,intervention,EXPERIMENTAL,Pembrolizumab,1.0,confident_2arm,2,2,False
PMID 35403841 a_Summary_SoE.pdf,NCT02998528,0,Arm B (Platinum-Doublet Chemotherapy),12.0,control,control,ACTIVE_COMPARATOR,Platinum doublet chemotherapy,0.125,uncertain,3,3,False
PMID 35403841 a_Summary_SoE.pdf,NCT02998528,0,Arm A (Nivolumab plus Ipilimumab),9.0,intervention,intervention,EXPERIMENTAL,Nivolumab plus Ipilimumab,1.0,confident,3,3,False
PMID 35403841 a_Summary_SoE.pdf,NCT02998528,1,Arm C (Nivolumab plus Platinum-Doublet Chemotherapy),12.0,intervention,intervention,EXPERIMENTAL,Nivolumab plus platinum doublet chemotherapy,0.286,uncertain,3,3,False
PMID 35419607 CT_Summary_SoE.pdf,NCT02617589,0,RT + Temozolomide,50.0,control,control,ACTIVE_COMPARATOR,Temozolomide + Radiotherapy Arm,0.75,confident_2arm,2,2,False
PMID 35419607 CT_Summary_SoE.pdf,NCT02617589,0,RT + Nivolumab,51.0,intervention,intervention,EXPERIMENTAL,Nivolumab + Radiotherapy Arm,0.75,confident_2arm,2,2,False
PMID 35427471 CT_Summary_SoE.pdf,NCT02563002,0,Arm 2: Standard of Care (SOC) Chemotherapy,27.0,control,control,ACTIVE_COMPARATOR,Standard of Care (SOC),0.5,confident_2arm,2,2,False
PMID 35427471 CT_Summary_SoE.pdf,NCT02563002,0,Arm 1: Pembrolizumab (MK-3475),18.0,intervention,intervention,EXPERIMENTAL,Pembrolizumab,1.0,confident_2arm,2,2,False
PMID 35442766 a_Summary_SoE.pdf,NCT03430843,0,Arm B (Investigator-Chosen Chemotherapy),22.0,control,control,ACTIVE_COMPARATOR,Investigator chosen chemotherapy (ICC),0.5,confident_2arm,2,2,False
PMID 35442766 a_Summary_SoE.pdf,NCT03430843,0,Arm A (Tislelizumab),22.0,intervention,intervention,EXPERIMENTAL,Tislelizumab,1.0,confident_2arm,2,2,False
PMID 35443108 a_Summary_SoE.pdf,NCT03173248,0,Arm B (Placebo + Azacitidine),98.0,control,control,PLACEBO_COMPARATOR,Placebo + Azacitidine,1.0,confident_2arm,2,2,False
PMID 35443108 a_Summary_SoE.pdf,NCT03173248,0,Arm A (AG-120 + Azacitidine),98.0,intervention,intervention,EXPERIMENTAL,AG-120 + Azacitidine,1.0,confident_2arm,2,2,False
PMID 35446628 a_Summary_SoE.pdf,NCT01809691,0,Arm 2 (ADT + Bicalutamide),7.0,control,control,ACTIVE_COMPARATOR,ADT + Bicalutamide,1.0,confident_2arm,2,2,False
PMID 35446628 a_Summary_SoE.pdf,NCT01809691,0,Arm 1 (ADT + TAK-700),7.0,intervention,intervention,EXPERIMENTAL,ADT + TAK-700,0.7,confident_2arm,2,2,False
PMID 35511454 CT_Summary_SoE.pdf,NCT02667587,0,Arm B (RT + TMZ + Placebo),61.0,control,control,PLACEBO_COMPARATOR,Nivolumab placebo + Temozolomide + Radiotherapy,0.5,confident_2arm,2,2,False
PMID 35511454 CT_Summary_SoE.pdf,NCT02667587,0,Arm A (RT + TMZ + Nivolumab),61.0,intervention,intervention,EXPERIMENTAL,Nivolumab + Temozolomide + Radiotherapy,0.5,confident_2arm,2,2,False
PMID 35552364 a_Summary_SoE.pdf,NCT02915744,0,Arm B (Treatment of Physician's Choice [TPC]),35.0,control,control,ACTIVE_COMPARATOR,Treatment of Physician's Choice (TPC),0.5,confident_2arm,2,2,False
PMID 35552364 a_Summary_SoE.pdf,NCT02915744,0,Arm A (NKTR-102 [etirinotecan pegol]),35.0,intervention,intervention,EXPERIMENTAL,NKTR-102,0.5,confident_2arm,2,2,False
PMID 35569466 CT_Summary_SoE.pdf,NCT00567580,0,Arm 1 (Prostate Bed Radiotherapy alone),43.0,control,intervention,EXPERIMENTAL,PLNRT + PBRT + STADT,0.0,uncertain,3,3,True
PMID 35569466 CT_Summary_SoE.pdf,NCT00567580,0,Arm 2 (Prostate Bed Radiotherapy + NC-STAD),44.0,intervention,intervention,EXPERIMENTAL,PBRT + STAD,0.0,uncertain,3,3,False
PMID 35569466 CT_Summary_SoE.pdf,NCT00567580,1,Arm 3 (Pelvic Lymph Node Radiotherapy + PBRT + NC-STAD),44.0,intervention,control,ACTIVE_COMPARATOR,PBRT Alone,0.0,uncertain,3,3,True
PMID 35580297 a_Summary_SoE.pdf,NCT03849768,0,Gefitinib,14.0,control,control,ACTIVE_COMPARATOR,Gefitinib,1.0,confident_2arm,2,2,False
PMID 35580297 a_Summary_SoE.pdf,NCT03849768,0,HS-10296,14.0,intervention,intervention,EXPERIMENTAL,HS-10296,0.5,confident_2arm,2,2,False
PMID 35584336 a_Summary_SoE.pdf,NCT03778931,0,Standard of Care (Fulvestrant or Aromatase Inhibitor),15.0,control,control,ACTIVE_COMPARATOR,Standard of Care (SoC),0.5,confident_2arm,2,2,False
PMID 35584336 a_Summary_SoE.pdf,NCT03778931,0,Elacestrant,15.0,intervention,intervention,EXPERIMENTAL,Elacestrant,0.7,confident_2arm,2,2,False
PMID 35608580 a_Summary_SoE.pdf,NCT01101438,0,Arm 2 (Placebo),2.0,control,control,PLACEBO_COMPARATOR,Arm II,1.0,confident_2arm,2,2,False
PMID 35608580 a_Summary_SoE.pdf,NCT01101438,0,Arm 1 (Metformin),2.0,intervention,intervention,EXPERIMENTAL,Arm I,0.5,confident_2arm,2,2,False
PMID 35657079 a_Summary_SoE.pdf,NCT01776840,0,Arm A (Placebo + BR),26.0,control,control,PLACEBO_COMPARATOR,Treatment Arm A,0.455,confident_2arm,2,2,False
PMID 35657079 a_Summary_SoE.pdf,NCT01776840,0,Arm B (Ibrutinib + BR),26.0,intervention,intervention,EXPERIMENTAL,Treatment Arm B,0.5,confident_2arm,2,2,False
PMID 35660812 a_Summary_SoE.pdf,NCT01208662,0,Arm A (Conventional Dose RVD),50.5,control,intervention,EXPERIMENTAL,RVD Alone,0.0,count_mismatch,3,2,True
PMID 35660812 a_Summary_SoE.pdf,NCT01208662,0,Arm B (RVD plus HDT/PBSCT),50.0,intervention,intervention,,,0.0,count_mismatch_leftover,3,2,False
PMID 35660812 a_Summary_SoE.pdf,NCT01208662,1,Arm B (RVD + PBSCT),53.0,intervention,control,ACTIVE_COMPARATOR,RVD plus ASCT,0.0,count_mismatch,3,2,True
PMID 35665782 a_Summary_SoE.pdf,NCT03734029,0,Arm B (Physician's Choice),20.0,control,control,ACTIVE_COMPARATOR,Physician's Choice,0.5,confident_2arm,2,2,False
PMID 35665782 a_Summary_SoE.pdf,NCT03734029,0,Arm A (DS-8201a),20.0,intervention,intervention,EXPERIMENTAL,Trastuzumab deruxtecan,0.5,confident_2arm,2,2,False
PMID 35704479 a_Summary_SoE.pdf,NCT02135419,0,Active Monitoring Arm,3.0,control,control,ACTIVE_COMPARATOR,Arm II (active monitoring) (closed since SEP2021),0.5,confident_2arm,2,2,False
PMID 35704479 a_Summary_SoE.pdf,NCT02135419,0,Treatment Arm (Topical/Ablative/Surgery),5.0,intervention,intervention,EXPERIMENTAL,Arm I (treatment),0.5,confident_2arm,2,2,False
PMID 35728048 a_Summary_SoE.pdf,NCT03268954,0,Arm B (Azacitidine alone),100.0,control,intervention,EXPERIMENTAL,Azacitidine 75 mg/m^2,0.75,confident_2arm,2,2,True
PMID 35728048 a_Summary_SoE.pdf,NCT03268954,0,Arm A (Pevonedistat + Azacitidine),100.0,intervention,intervention,EXPERIMENTAL,Pevonedistat 20 mg/m^2 + Azacitidine 75 mg/m^2,0.8,confident_2arm,2,2,False
PMID 35759733a_Summary_SoE.pdf,NCT00108745,0,Regimen III (No treatment / Surveillance),12.0,control,intervention,EXPERIMENTAL,Arm I (paclitaxel poliglumex),0.0,uncertain,3,3,True
PMID 35759733a_Summary_SoE.pdf,NCT00108745,0,Regimen I (CT-2103),24.0,intervention,control,OTHER,Arm III (observation),0.0,uncertain,3,3,True
PMID 35759733a_Summary_SoE.pdf,NCT00108745,1,Regimen II (Paclitaxel),24.0,intervention,control,ACTIVE_COMPARATOR,Arm II (paclitaxel),0.333,uncertain,3,3,True
PMID 35763704 a_Summary_SoE.pdf,NCT03726879,0,Arm B (Placebo + ddAC-PacHP),20.0,control,control,PLACEBO_COMPARATOR,Placebo + ddAC-PacHP,0.5,confident_2arm,2,2,False
PMID 35763704 a_Summary_SoE.pdf,NCT03726879,0,Arm A (Atezolizumab + ddAC-PacHP),20.0,intervention,intervention,EXPERIMENTAL,Atezolizumab +ddAC-PacHP,0.5,confident_2arm,2,2,False
PMID 35810754 CT_Summary_SoE.pdf,NCT03336333,0,Arm B (Bendamustine + Rituximab),17.0,control,intervention,EXPERIMENTAL,Cohort 1: Bendamustine + Rituximab,0.8,count_mismatch,3,6,True
PMID 35810754 CT_Summary_SoE.pdf,NCT03336333,0,Arm A/C (Zanubrutinib),11.0,intervention,intervention,EXPERIMENTAL,Cohort 1: Zanubrutinib,0.8,count_mismatch,3,6,False
PMID 35810754 CT_Summary_SoE.pdf,NCT03336333,1,Arm D (Venetoclax + Zanubrutinib),17.0,intervention,intervention,EXPERIMENTAL,Cohort 3: Venetoclax + Zanubrutinib,0.8,count_mismatch,3,6,False
PMID 35857290 a_Summary_SoE.pdf,NCT02448381,0,Arm B (Placebo + Light),47.0,control,control,PLACEBO_COMPARATOR,Placebo,0.833,confident_2arm,2,2,False
PMID 35857290 a_Summary_SoE.pdf,NCT02448381,0,Arm A (SGX301 + Light),47.0,intervention,control,ACTIVE_COMPARATOR,SGX301,0.5,confident_2arm,2,2,True
PMID 35922251 CT_Summary_SoE.pdf,NCT03257267,0,Arm B (Investigator's Choice Chemotherapy),42.0,control,control,ACTIVE_COMPARATOR,Control Therapy,0.5,confident_2arm,2,2,False
PMID 35922251 CT_Summary_SoE.pdf,NCT03257267,0,Arm A (Cemiplimab),24.0,intervention,intervention,EXPERIMENTAL,Experimental Therapy,1.0,confident_2arm,2,2,False
PMID 35947817 a_Summary_SoE.pdf,NCT03673501,0,Arm B (Sunitinib),19.0,control,control,ACTIVE_COMPARATOR,Sunitinib,1.0,confident_2arm,2,2,False
PMID 35947817 a_Summary_SoE.pdf,NCT03673501,0,Arm A (DCC-2618),19.0,intervention,intervention,EXPERIMENTAL,Ripretinib,0.5,confident_2arm,2,2,False
PMID 36070540 a_Summary_SoE.pdf,NCT03180307,0,Arm 2 (OTL38 + No-Fluorescent Imaging),4.0,control,control,SHAM_COMPARATOR,no fluorescent imaging,0.45,confident_2arm,2,2,False
PMID 36070540 a_Summary_SoE.pdf,NCT03180307,0,Arm 1 (OTL38 + Fluorescent Imaging),4.0,intervention,intervention,EXPERIMENTAL,near infrared imaging arm,0.5,confident_2arm,2,2,False
PMID 36099926 a_Summary_SoE.pdf,NCT03024996,0,Arm B (Placebo),18.0,control,control,PLACEBO_COMPARATOR,Placebo,1.0,confident_2arm,2,2,False
PMID 36099926 a_Summary_SoE.pdf,NCT03024996,0,Arm A (Atezolizumab),18.0,intervention,intervention,EXPERIMENTAL,Atezolizumab,1.0,confident_2arm,2,2,False
PMID 36108662 CT_Summary_SoE.pdf,NCT02504372,0,Control Arm (Placebo),18.0,control,control,PLACEBO_COMPARATOR,Placebo,1.0,confident_2arm,2,2,False
PMID 36108662 CT_Summary_SoE.pdf,NCT02504372,0,Experimental Arm (Pembrolizumab),18.0,intervention,intervention,EXPERIMENTAL,Pembrolizumab,1.0,confident_2arm,2,2,False
PMID 36155117 CT_Summary_SoE.pdf,NCT02297438,0,Arm B (Placebo plus letrozole),18.0,control,control,ACTIVE_COMPARATOR,Placebo + Letrozole,1.0,confident_2arm,2,2,False
PMID 36155117 CT_Summary_SoE.pdf,NCT02297438,0,Arm A (Palbociclib plus letrozole),18.0,intervention,intervention,EXPERIMENTAL,Palbociclib + Letrozole,1.0,confident_2arm,2,2,False
PMID 36162037 a_Summary_SoE.pdf,NCT03068455,0,Arm B (Nivolumab Monotherapy),25.0,control,intervention,EXPERIMENTAL,nivolumab,1.0,confident_2arm,2,2,True
PMID 36162037 a_Summary_SoE.pdf,NCT03068455,0,Arm A (Nivolumab + Ipilimumab),25.0,intervention,intervention,EXPERIMENTAL,nivolumab + ipilimumab,1.0,confident_2arm,2,2,False
PMID 36265504 a_Summary_SoE.pdf,NCT02288247,0,Arm B (Placebo + Docetaxel + Prednisolone),25.0,control,control,PLACEBO_COMPARATOR,Placebo,1.0,confident_2arm,2,2,False
PMID 36265504 a_Summary_SoE.pdf,NCT02288247,0,Arm A (Enzalutamide + Docetaxel + Prednisolone),25.0,intervention,intervention,EXPERIMENTAL,Enzalutamide,1.0,confident_2arm,2,2,False
PMID 36308441 a_Summary_SoE.pdf,NCT03654729,0,Placebo + mFOLFOX6,15.0,control,control,PLACEBO_COMPARATOR,Placebo,0.833,confident,3,3,False
PMID 36308441 a_Summary_SoE.pdf,NCT03654729,0,CaM 5 µmol/kg + mFOLFOX6,15.0,intervention,intervention,EXPERIMENTAL,PledOx (2 µmol/kg),0.0,uncertain,3,3,False
PMID 36308441 a_Summary_SoE.pdf,NCT03654729,1,CaM 2 µmol/kg + mFOLFOX6,15.0,intervention,intervention,EXPERIMENTAL,PledOx (5 µmol/kg),0.0,uncertain,3,3,False
PMID 36322844 a_Summary_SoE.pdf,NCT02166463,0,Arm A (ABVE-PC),25.0,control,control,ACTIVE_COMPARATOR,Arm I (ABVE-PC),0.5,confident_2arm,2,2,False
PMID 36322844 a_Summary_SoE.pdf,NCT02166463,0,Arm B (Bv-AVEPC),25.0,intervention,intervention,EXPERIMENTAL,ARM II (Bv-AVEPC),0.5,confident_2arm,2,2,False
PMID 36327426 a_Summary_SoE.pdf,NCT03164616,0,Arm 3 (SoC Chemotherapy),21.0,control,control,ACTIVE_COMPARATOR,Treatment Arm 3,0.0,uncertain,3,3,False
PMID 36327426 a_Summary_SoE.pdf,NCT03164616,0,Arm 1 (Durvalumab + Tremelimumab + SoC Chemotherapy),19.0,intervention,intervention,EXPERIMENTAL,Treatment Arm 1,0.3,uncertain,3,3,False
PMID 36327426 a_Summary_SoE.pdf,NCT03164616,1,Arm 2 (Durvalumab + SoC Chemotherapy),19.0,intervention,intervention,EXPERIMENTAL,Treatment Arm 2,0.176,uncertain,3,3,False
PMID 36346687 CT_Summary_SoE.pdf,NCT00130533,0,Arm B (Observation),5.0,control,control,NO_INTERVENTION,Observation,0.7,confident_2arm,2,2,False
PMID 36346687 CT_Summary_SoE.pdf,NCT00130533,0,Arm A (Capecitabine),10.0,intervention,intervention,EXPERIMENTAL,Xeloda (capecitabine),0.75,confident_2arm,2,2,False
PMID 36455168 a_Summary_SoE.pdf,NCT03062358,0,Arm B (Placebo + BSC),18.0,control,control,PLACEBO_COMPARATOR,placebo + BSC,0.75,confident_2arm,2,2,False
PMID 36455168 a_Summary_SoE.pdf,NCT03062358,0,Arm A (Pembrolizumab + BSC),18.0,intervention,intervention,EXPERIMENTAL,pembrolizumab + BSC,0.667,confident_2arm,2,2,False
PMID 36473143 a_Summary_SoE.pdf,NCT02741570,0,Arm B (EXTREME Regimen),53.0,control,control,ACTIVE_COMPARATOR,Extreme Regimen,0.5,confident_2arm,2,2,False
PMID 36473143 a_Summary_SoE.pdf,NCT02741570,0,Arm A (Nivolumab + Ipilimumab),27.0,intervention,intervention,EXPERIMENTAL,Nivolumab and Ipilimumab,1.0,confident_2arm,2,2,False
PMID 36503738 CT_Summary_SoE.pdf,NCT02753127,0,Arm 2 (FOLFIRI),27.0,control,control,ACTIVE_COMPARATOR,FOLFIRI,0.5,confident_2arm,2,2,False
PMID 36503738 CT_Summary_SoE.pdf,NCT02753127,0,Arm 1 (BBI-608 + FOLFIRI),27.0,intervention,intervention,EXPERIMENTAL,Napabucasin plus FOLFIRI,0.5,confident_2arm,2,2,False
PMID 36521097 a_Summary_SoE.pdf,NCT01964430,0,Arm B (Gemcitabine alone),21.0,control,control,ACTIVE_COMPARATOR,Gemcitabine 1000 mg/m^2,0.75,confident_2arm,2,2,False
PMID 36521097 a_Summary_SoE.pdf,NCT01964430,0,Arm A (nab-Paclitaxel + Gemcitabine),21.0,intervention,intervention,EXPERIMENTAL,nab-Paclitaxel 125 mg/m^2 plus gemcitabine 1000 mg/m2,0.875,confident_2arm,2,2,False
PMID 36535566 CT_Summary_SoE.pdf,NCT02611960,0,Arm 2 (Standard of Care - Gemcitabine),40.0,control,control,ACTIVE_COMPARATOR,Standard Treatment,0.5,confident_2arm,2,2,False
PMID 36535566 CT_Summary_SoE.pdf,NCT02611960,0,Arm 1 (Pembrolizumab),26.0,intervention,intervention,EXPERIMENTAL,Pembrolizumab,1.0,confident_2arm,2,2,False
PMID 36541957 a_Summary_SoE.pdf,NCT02703272,0,Arm B (CIT alone),25.0,control,intervention,EXPERIMENTAL,Part 1: Ibrutinib,0.5,confident_2arm,2,2,True
PMID 36541957 a_Summary_SoE.pdf,NCT02703272,0,Arm A (Ibrutinib + CIT),27.0,intervention,intervention,EXPERIMENTAL,Part 2: Ibrutinib,0.5,confident_2arm,2,2,False
PMID 36623230 a_Summary_SoE.pdf,NCT00632853,0,Arm A (Standard Thoracic Radiotherapy),38.0,control,control,ACTIVE_COMPARATOR,Arm A - Standard Radiotherapy + Chemotherapy,0.5,confident_2arm,2,2,False
PMID 36623230 a_Summary_SoE.pdf,NCT00632853,0,Arm B (Higher-dose Thoracic Radiotherapy),52.0,intervention,intervention,EXPERIMENTAL,Arm B - High Dose Radiotherapy + Chemotherapy,0.5,confident_2arm,2,2,False
PMID 36669140 a_Summary_SoE.pdf,NCT02306161,0,Arm A (Regimen A: VDC/IE Chemotherapy),79.0,control,intervention,EXPERIMENTAL,Regimen A (VDC/IE),0.5,confident_2arm,2,2,True
PMID 36669140 a_Summary_SoE.pdf,NCT02306161,0,Arm B (Regimen B: VDC/IE + Ganitumab),80.0,intervention,intervention,EXPERIMENTAL,Regimen B (VDC/IE + ganitumab),0.5,confident_2arm,2,2,False
PMID 36693773 CT_Summary_SoE.pdf,NCT03839940,0,Control Group (Placebo mouthwash),3.0,control,control,PLACEBO_COMPARATOR,Group II (placebo),0.5,confident_2arm,2,2,False
PMID 36693773 CT_Summary_SoE.pdf,NCT03839940,0,Intervention Group (Dexamethasone mouthwash),3.0,intervention,intervention,EXPERIMENTAL,Group I (dexamethasone),0.5,confident_2arm,2,2,False
PMID 36709073 CT_Summary_SoE.pdf,NCT04173494,0,Arm B (Danazol),14.0,control,intervention,EXPERIMENTAL,Momelotinib,0.5,confident_2arm,2,2,True
PMID 36709073 CT_Summary_SoE.pdf,NCT04173494,0,Arm A (Momelotinib),14.0,intervention,control,ACTIVE_COMPARATOR,Danazol,0.5,confident_2arm,2,2,True
PMID 36764316 a_Summary_SoE.pdf,NCT04303780,0,Docetaxel,20.0,control,control,ACTIVE_COMPARATOR,Docetaxel,1.0,confident_2arm,2,2,False
PMID 36764316 a_Summary_SoE.pdf,NCT04303780,0,AMG 510 (Sotorasib),21.0,intervention,intervention,EXPERIMENTAL,AMG 510,0.5,confident_2arm,2,2,False
PMID 36795891 a_Summary_SoE.pdf,NCT02975934,0,Arm B (AR-directed therapy: Abiraterone Acetate or Enzalutamide),16.0,control,control,ACTIVE_COMPARATOR,Abiraterone acetate or Enzalutamide or Docetaxel,0.383,count_mismatch,3,2,False
PMID 36795891 a_Summary_SoE.pdf,NCT02975934,1,Arm C (Docetaxel),18.5,control,control,,,0.0,count_mismatch_leftover,3,2,False
PMID 36795891 a_Summary_SoE.pdf,NCT02975934,0,Arm A (Rucaparib),16.0,intervention,intervention,EXPERIMENTAL,Rucaparib,0.8,count_mismatch,3,2,False
PMID 36952634 a_Summary_SoE.pdf,NCT03748641,0,Placebo + Abiraterone Acetate + Prednisone (AAP),18.0,control,intervention,EXPERIMENTAL,Cohort 1: Participants with mCRPC and HRR Gene Alteration,0.571,confident,3,3,True
PMID 36952634 a_Summary_SoE.pdf,NCT03748641,0,Niraparib + Abiraterone Acetate + Prednisone (AAP),18.0,intervention,intervention,EXPERIMENTAL,Cohort 3 (Open-label): Participants with mCRPC,0.588,confident,3,3,False
PMID 36952634 a_Summary_SoE.pdf,NCT03748641,1,Arm C (Cohort 3: FDC Niraparib/AA + Prednisone),18.0,intervention,intervention,EXPERIMENTAL,Cohort 2: Participants with mCRPC and No HRR Gene Alteration,0.286,uncertain,3,3,False
PMID 36969338 a_Summary_SoE.pdf,NCT02993731,0,Arm 2 (nab-Paclitaxel with Gemcitabine alone),40.0,control,control,ACTIVE_COMPARATOR,Arm 2: Nab-paclitaxel with Gemcitabine,1.0,confident_2arm,2,2,False
PMID 36969338 a_Summary_SoE.pdf,NCT02993731,0,Arm 1 (BBI-608 plus nab-Paclitaxel with Gemcitabine),40.0,intervention,intervention,EXPERIMENTAL,Arm 1: Napabucasin plus Nab-paclitaxel with Gemcitabine,0.778,confident_2arm,2,2,False
PMID 36996380 a_Summary_SoE.pdf,NCT01949337,0,Arm A (Enzalutamide),16.5,control,intervention,EXPERIMENTAL,Arm A: (enzalutamide),0.8,count_mismatch,3,2,True
PMID 36996380 a_Summary_SoE.pdf,NCT01949337,0,Arm A (Enzalutamide alone),17.0,intervention,intervention,,,0.0,count_mismatch_leftover,3,2,False
PMID 36996380 a_Summary_SoE.pdf,NCT01949337,1,"Arm B (Enzalutamide, Abiraterone, and Prednisone)",17.0,intervention,intervention,EXPERIMENTAL,"Arm B: (enzalutamide, abiraterone, prednisone)",0.8,count_mismatch,3,2,False
PMID 37069359 a_Summary_SoE.pdf,NCT03246529,0,Arm B (Placebo + G-CSF),44.0,control,control,ACTIVE_COMPARATOR,Placebo + G-CSF,1.0,confident_2arm,2,2,False
PMID 37069359 a_Summary_SoE.pdf,NCT03246529,0,Arm A (BL-8040 + G-CSF),44.0,intervention,intervention,EXPERIMENTAL,BL-8040 1.25 mg/kg + G-CSF,1.0,confident_2arm,2,2,False
PMID 37071094 a_Summary_SoE.pdf,NCT02394795,0,mFOLFOX6 + bevacizumab,27.0,control,control,ACTIVE_COMPARATOR,Group B; mFOLFOX6 + bevacizumab combination therapy,0.5,confident_2arm,2,2,False
PMID 37071094 a_Summary_SoE.pdf,NCT02394795,0,mFOLFOX6 + panitumumab,27.0,intervention,intervention,EXPERIMENTAL,Group P; mFOLFOX6 + panitumumab combination therapy,0.5,confident_2arm,2,2,False
PMID 37075781 a_Summary_SoE.pdf,NCT04003636,0,Arm B (Placebo + Gemcitabine/Cisplatin),36.0,control,control,PLACEBO_COMPARATOR,Arm B (Placebo+Chemotherapy),0.917,confident_2arm,2,2,False
PMID 37075781 a_Summary_SoE.pdf,NCT04003636,0,Arm A (Pembrolizumab + Gemcitabine/Cisplatin),36.0,intervention,intervention,EXPERIMENTAL,Arm A (Pembrolizumab+Chemotherapy),0.9,confident_2arm,2,2,False
PMID 37080222 a_Summary_SoE.pdf,NCT03783442,0,Arm B (Placebo + Chemotherapy Doublet),96.0,control,control,ACTIVE_COMPARATOR,Placebo + Chemotherapy,0.5,confident_2arm,2,2,False
PMID 37080222 a_Summary_SoE.pdf,NCT03783442,0,Arm A (Tislelizumab + Chemotherapy Doublet),96.0,intervention,intervention,EXPERIMENTAL,Tislelizumab + Chemotherapy,0.5,confident_2arm,2,2,False
PMID 37080223 CT_Summary_SoE.pdf,NCT01414608,0,Arm A (Standard Cisplatin-based Chemoradiation),37.0,control,intervention,EXPERIMENTAL,"Arm I (cisplatin, radiation therapy, brachytherapy)",0.5,confident_2arm,2,2,True
PMID 37080223 CT_Summary_SoE.pdf,NCT01414608,0,Arm B (Standard Cisplatin-based Chemoradiation + Adjuvant Carboplatin/Paclitaxel),40.0,intervention,intervention,EXPERIMENTAL,"Arm II (cisplatin, radiation therapy, brachytherapy, chemo)",0.45,confident_2arm,2,2,False
PMID 37086745 a_Summary_SoE.pdf,NCT03523585,0,Arm B (Investigator's Choice),20.0,control,control,ACTIVE_COMPARATOR,Trastuzumab+capecitabine,0.0,count_mismatch,2,3,False
PMID 37086745 a_Summary_SoE.pdf,NCT03523585,0,Arm A (Trastuzumab deruxtecan),20.0,intervention,intervention,EXPERIMENTAL,Trastuzumab deruxtecan (DS-8201a),0.6,count_mismatch,2,3,False
PMID 37104748 a_Summary_SoE.pdf,NCT00936390,0,Arm 1 (Dose-escalated RT alone),48.0,control,control,ACTIVE_COMPARATOR,Dose-Escalated Radiation Therapy Alone,0.5,confident_2arm,2,2,False
PMID 37104748 a_Summary_SoE.pdf,NCT00936390,0,Arm 2 (Dose-escalated RT + short-term ADT),50.0,intervention,intervention,EXPERIMENTAL,Dose-Escalated Radiation Therapy and Short-Term Androgen-Deprivation,0.5,confident_2arm,2,2,False
PMID 37116523 a_Summary_SoE.pdf,NCT02668653,0,Arm B (Placebo + Chemotherapy),67.0,control,control,ACTIVE_COMPARATOR,Chemotherapy plus placebo,1.0,confident_2arm,2,2,False
PMID 37116523 a_Summary_SoE.pdf,NCT02668653,0,Arm A (Quizartinib + Chemotherapy),67.0,intervention,intervention,EXPERIMENTAL,Chemotherapy plus quizartinib,1.0,confident_2arm,2,2,False
PMID 37133585 a_Summary_SoE.pdf,NCT04737187,0,Control Arm (Trifluridine/tipiracil monotherapy),10.0,control,control,ACTIVE_COMPARATOR,Trifluridine/Tipiracil,0.7,confident_2arm,2,2,False
PMID 37133585 a_Summary_SoE.pdf,NCT04737187,0,Experimental Arm (Trifluridine/tipiracil + bevacizumab),13.0,intervention,intervention,EXPERIMENTAL,Trifluridine/Tipiracil + Bevacizumab,1.0,confident_2arm,2,2,False
PMID 37141294 CT_Summary_SoE.pdf,NCT02864394,0,Docetaxel,18.0,control,intervention,EXPERIMENTAL,Docetaxel,1.0,confident_2arm,2,2,True
PMID 37141294 CT_Summary_SoE.pdf,NCT02864394,0,Pembrolizumab (MK-3475),18.0,intervention,intervention,EXPERIMENTAL,Pembrolizumab,1.0,confident_2arm,2,2,False
PMID 37257422 CT_Summary_SoE.pdf,NCT03419403,0,Arm A (Standard Steroids),53.0,control,intervention,EXPERIMENTAL,Standard Steroids,0.0,count_mismatch,4,3,True
PMID 37257422 CT_Summary_SoE.pdf,NCT03419403,0,Arm A (Standard Steroids),53.0,intervention,intervention,,,0.0,count_mismatch_leftover,4,3,False
PMID 37257422 CT_Summary_SoE.pdf,NCT03419403,1,Arm B (Standard Steroids + Vasoconstrictor + Cold Compress),53.0,intervention,intervention,EXPERIMENTAL,Standard Steroids + Vasoconstrictor + Cold Compress,0.108,count_mismatch,4,3,False
PMID 37257422 CT_Summary_SoE.pdf,NCT03419403,2,Arm C (Enhanced Steroids + Vasoconstrictor + Cold Compress),58.5,intervention,intervention,EXPERIMENTAL,Enhanced Steroids + Vasoconstrictor + Cold Compress,0.112,count_mismatch,4,3,False
PMID 37272516 a_Summary_SoE.pdf,NCT04164901,0,Arm B (Placebo),16.0,control,control,PLACEBO_COMPARATOR,Matching Placebo,0.833,confident_2arm,2,2,False
PMID 37272516 a_Summary_SoE.pdf,NCT04164901,0,Arm A (Vorasidenib),16.0,intervention,intervention,EXPERIMENTAL,Vorasidenib,0.7,confident_2arm,2,2,False
PMID 37276510 CT_Summary_SoE.pdf,NCT02348489,0,Treatment Choice (TC) - Cytarabine Regimen,139.0,control,control,ACTIVE_COMPARATOR,Treatment Choice,0.5,confident_2arm,2,2,False
PMID 37276510 CT_Summary_SoE.pdf,NCT02348489,0,SGI-110,76.0,intervention,intervention,EXPERIMENTAL,SGI-110 (guadecitabine),0.5,confident_2arm,2,2,False
PMID 37284847 CT_Summary_SoE.pdf,NCT03578081,0,Group 2 (Olanzapine + Placebo),4.0,control,control,ACTIVE_COMPARATOR,"Arm II (placebo, olanzapine)",0.5,confident_2arm,2,2,False
PMID 37284847 CT_Summary_SoE.pdf,NCT03578081,0,Group 1 (Olanzapine + Fosaprepitant/Aprepitant),4.0,intervention,intervention,EXPERIMENTAL,"Arm I (fosaprepitant dimeglumine, olanzapine)",0.5,confident_2arm,2,2,False
PMID 37285865 a_Summary_SoE.pdf,NCT03395197,0,Arm B (Placebo + Enzalutamide),18.0,control,control,ACTIVE_COMPARATOR,Monotherapy arm,1.0,confident_2arm,2,2,False
PMID 37285865 a_Summary_SoE.pdf,NCT03395197,0,Arm A (Talazoparib + Enzalutamide),18.0,intervention,intervention,EXPERIMENTAL,Combination arm,0.857,confident_2arm,2,2,False
PMID 37290035 a_Summary_SoE.pdf,NCT03834519,0,Arm 2 (Abiraterone Acetate or Enzalutamide),18.0,control,control,ACTIVE_COMPARATOR,Next-generation Hormonal Agent Monotherapy (NHA),0.5,confident_2arm,2,2,False
PMID 37290035 a_Summary_SoE.pdf,NCT03834519,0,Arm 1 (Pembrolizumab + Olaparib),18.0,intervention,intervention,EXPERIMENTAL,Pembrolizumab + Olaparib,1.0,confident_2arm,2,2,False
PMID 37290461 a_Summary_SoE.pdf,NCT04338269,0,Control Arm (Cabozantinib),18.0,control,control,ACTIVE_COMPARATOR,Cabozantinib,1.0,confident_2arm,2,2,False
PMID 37290461 a_Summary_SoE.pdf,NCT04338269,0,Experimental Arm (Atezolizumab + Cabozantinib),18.0,intervention,intervention,EXPERIMENTAL,Atezo+Cabo,0.75,confident_2arm,2,2,False
PMID 37315297 a_Summary_SoE.pdf,NCT00063882,0,Arm 2 (Brachytherapy Alone),6.0,control,control,ACTIVE_COMPARATOR,Brachytherapy Only,0.7,confident_2arm,2,2,False
PMID 37315297 a_Summary_SoE.pdf,NCT00063882,0,Arm 1 (EBRT + Brachytherapy),31.0,intervention,intervention,EXPERIMENTAL,EBRT + Brachytherapy,0.5,confident_2arm,2,2,False
PMID 37342922 a_Summary_SoE.pdf,NCT03959241,0,Arm A (Tacrolimus/Methotrexate),21.0,control,control,ACTIVE_COMPARATOR,Tacrolimus/Methotrexate,0.5,confident_2arm,2,2,False
PMID 37342922 a_Summary_SoE.pdf,NCT03959241,0,Arm B (PTCy/Tac/MMF),20.0,intervention,intervention,EXPERIMENTAL,Tacrolimus/MMF/PTCY,0.5,confident_2arm,2,2,False
PMID 37379502 a_Summary_SoE.pdf,NCT04248829,0,Gefitinib 250 mg,13.0,control,intervention,EXPERIMENTAL,Lazertinib + Gefitinib-matching placebo,0.1,count_mismatch,3,2,True
PMID 37379502 a_Summary_SoE.pdf,NCT04248829,0,Lazertinib 240 mg,13.0,intervention,control,ACTIVE_COMPARATOR,Gefitinib + Lazertinib-matching placebo,0.0,count_mismatch,3,2,True
PMID 37379502 a_Summary_SoE.pdf,NCT04248829,1,Open-label Lazertinib 240 mg (Cross-over),13.0,intervention,intervention,,,0.0,count_mismatch_leftover,3,2,False
PMID 37423228 a_Summary_SoE.pdf,NCT03191786,0,Arm B (Single-agent Chemotherapy),36.0,control,control,ACTIVE_COMPARATOR,Single Agent Chemotherapy (Vinorelbine or Gemcitabine),0.5,confident_2arm,2,2,False
PMID 37423228 a_Summary_SoE.pdf,NCT03191786,0,Arm A (Atezolizumab),18.0,intervention,intervention,EXPERIMENTAL,Atezolizumab,0.5,confident_2arm,2,2,False
PMID 37478390 a_Summary_SoE.pdf,NCT03053440,0,Arm B (Ibrutinib),14.0,control,intervention,EXPERIMENTAL,Arm A : Ibrutinib,0.8,count_mismatch,3,2,True
PMID 37478390 a_Summary_SoE.pdf,NCT03053440,0,Arm A (Zanubrutinib),14.0,intervention,control,ACTIVE_COMPARATOR,Arm B: Zanubrutinib,0.55,count_mismatch,3,2,True
PMID 37478390 a_Summary_SoE.pdf,NCT03053440,1,Arm C (Zanubrutinib - Cohort 2),13.0,intervention,intervention,,,0.0,count_mismatch_leftover,3,2,False
PMID 37499670 a_Summary_SoE.pdf,NCT03764293,0,Arm B (Sorafenib),17.0,control,control,ACTIVE_COMPARATOR,Control,1.0,confident_2arm,2,2,False
PMID 37499670 a_Summary_SoE.pdf,NCT03764293,0,Arm A (SHR-1210 + Rivoceranib),27.0,intervention,intervention,EXPERIMENTAL,SHR-1210,0.5,confident_2arm,2,2,False
PMID 37524096 a_Summary_SoE.pdf,NCT01120249,0,Placebo,9.0,control,control,PLACEBO_COMPARATOR,Arm II,1.0,confident_2arm,2,2,False
PMID 37524096 a_Summary_SoE.pdf,NCT01120249,0,Everolimus,9.0,intervention,intervention,EXPERIMENTAL,Arm I,1.0,confident_2arm,2,2,False
PMID 37604981 CT_Summary_SoE.pdf,NCT03416179,0,Arm B (Intensive: Placebo + Cytarabine/Daunorubicin),38.5,control,control,PLACEBO_COMPARATOR,Arm B (Intensive Study),0.786,confident,4,4,False
PMID 37604981 CT_Summary_SoE.pdf,NCT03416179,1,Arm B (Non-Intensive: Placebo + Azacitidine),89.0,control,control,PLACEBO_COMPARATOR,Arm B (Non-intensive study),0.818,confident,4,4,False
PMID 37604981 CT_Summary_SoE.pdf,NCT03416179,0,Arm A (Intensive: Glasdegib + Cytarabine/Daunorubicin),38.0,intervention,intervention,EXPERIMENTAL,Arm A (Intensive Study),0.75,confident,4,4,False
PMID 37604981 CT_Summary_SoE.pdf,NCT03416179,1,Arm A (Non-Intensive: Glasdegib + Azacitidine),89.0,intervention,intervention,EXPERIMENTAL,Arm A (Non-intensive study),0.778,confident,4,4,False
PMID 37646660 CT_Summary_SoE.pdf,NCT04649060,0,Arm B (Daratumumab),26.0,control,control,ACTIVE_COMPARATOR,Arm B (daratumumab),1.0,confident_2arm,2,2,False
PMID 37646660 CT_Summary_SoE.pdf,NCT04649060,0,Arm A (Melflufen + Daratumumab + Dexamethasone),55.0,intervention,intervention,EXPERIMENTAL,Arm A (melflufen+dexamethasone+daratumumab),1.0,confident_2arm,2,2,False
PMID 37647576 a_Summary_SoE.pdf,NCT02395016,0,Control Group (Placebo + Gemcitabine),53.0,control,control,PLACEBO_COMPARATOR,Placebo and Gemcitabine,1.0,confident_2arm,2,2,False
PMID 37647576 a_Summary_SoE.pdf,NCT02395016,0,Trial Group (Nimotuzumab + Gemcitabine),53.0,intervention,intervention,EXPERIMENTAL,Nimotuzumab and Gemcitabine,0.8,confident_2arm,2,2,False
PMID 37704166 CT_Summary_SoE.pdf,NCT02654587,0,Arm B (Standard of Care: Docetaxel or Pemetrexed),19.0,control,control,ACTIVE_COMPARATOR,Docetaxel or Pemetrexed,0.857,confident_2arm,2,2,False
PMID 37704166 CT_Summary_SoE.pdf,NCT02654587,0,Arm A (OSE2101),15.0,intervention,intervention,EXPERIMENTAL,OSE2101,0.7,confident_2arm,2,2,False
PMID 37708904 a_Summary_SoE.pdf,NCT04083235,0,Arm B (nab-paclitaxel + gemcitabine),0.0,control,control,ACTIVE_COMPARATOR,Nab-paclitaxel + Gemcitabine,1.0,confident_2arm,2,2,False
PMID 37708904 a_Summary_SoE.pdf,NCT04083235,0,Arm A (NALIRIFOX),0.0,intervention,intervention,EXPERIMENTAL,Irinotecan liposome injection + Oxaliplatin + 5-FU/LV,0.5,confident_2arm,2,2,False
PMID 37722354 CT_Summary_SoE.pdf,NCT01974440,0,Arm A (Placebo + Background Chemotherapy),16.0,control,control,PLACEBO_COMPARATOR,Treatment Arm A,0.5,confident_2arm,2,2,False
PMID 37722354 CT_Summary_SoE.pdf,NCT01974440,0,Arm B (Ibrutinib + Background Chemotherapy),16.0,intervention,intervention,EXPERIMENTAL,Treatment Arm B,0.5,confident_2arm,2,2,False
PMID 37748693 CT_Summary_SoE.pdf,NCT02576574,0,Arm B (SOC Chemotherapy),16.0,control,control,ACTIVE_COMPARATOR,Chemotherapy,0.077,uncertain,3,3,False
PMID 37748693 CT_Summary_SoE.pdf,NCT02576574,0,Arm A (Avelumab 10 mg/kg Q2W),27.0,intervention,intervention,EXPERIMENTAL,Avelumab Biweekly,0.6,confident,3,3,False
PMID 37748693 CT_Summary_SoE.pdf,NCT02576574,1,Arm C (Avelumab 10 mg/kg Q1W then Q2W),33.0,intervention,intervention,EXPERIMENTAL,Avelumab Weekly,0.333,uncertain,3,3,False
PMID 37788412 a_Summary_SoE.pdf,NCT03447769,0,Placebo,20.0,control,control,PLACEBO_COMPARATOR,Placebo,1.0,confident_2arm,2,2,False
PMID 37788412 a_Summary_SoE.pdf,NCT03447769,0,Canakinumab 200 mg,20.0,intervention,intervention,EXPERIMENTAL,canakinumab,0.7,confident_2arm,2,2,False
PMID 37792130 CT_Summary_SoE.pdf,NCT04633564,0,Arm B (Avastin + Carboplatin/Paclitaxel),17.0,control,control,ACTIVE_COMPARATOR,Avastin,0.5,confident_2arm,2,2,False
PMID 37792130 CT_Summary_SoE.pdf,NCT04633564,0,Arm A (MYL-1402O + Carboplatin/Paclitaxel),17.0,intervention,intervention,EXPERIMENTAL,MYL-1402O,0.5,confident_2arm,2,2,False
PMID 37793771 CT_Summary_SoE.pdf,NCT04162210,0,Arm 2 (Pomalidomide plus Low-dose Dexamethasone),31.0,control,control,ACTIVE_COMPARATOR,Participants receiving pom/dex,0.6,confident_2arm,2,2,False
PMID 37793771 CT_Summary_SoE.pdf,NCT04162210,0,Arm 1 (Belantamab Mafodotin),20.0,intervention,intervention,EXPERIMENTAL,Participants receiving Belantamab mafodotin,0.5,confident_2arm,2,2,False
PMID 37845511 a_Summary_SoE.pdf,NCT04099251,0,Arm B (Placebo),13.0,control,control,PLACEBO_COMPARATOR,Placebo,1.0,confident_2arm,2,2,False
PMID 37845511 a_Summary_SoE.pdf,NCT04099251,0,Arm A (Nivolumab),13.0,intervention,intervention,EXPERIMENTAL,Nivolumab,1.0,confident_2arm,2,2,False
PMID 37870976 a_Summary_SoE.pdf,NCT04538664,0,Arm B (Carboplatin-Pemetrexed),20.0,control,intervention,EXPERIMENTAL,Arm B: Chemotherapy Alone,0.857,confident_2arm,2,2,True
PMID 37870976 a_Summary_SoE.pdf,NCT04538664,0,Arm A (Amivantamab + Carboplatin-Pemetrexed),21.0,intervention,intervention,EXPERIMENTAL,Arm A: Amivantamab + Chemotherapy,0.875,confident_2arm,2,2,False
PMID 37875143 a_Summary_SoE.pdf,NCT03675737,0,Arm B (Placebo + Chemotherapy),36.0,control,control,ACTIVE_COMPARATOR,Placebo + Chemotherapy (FP or CAPOX regimen),0.5,confident_2arm,2,2,False
PMID 37875143 a_Summary_SoE.pdf,NCT03675737,0,Arm A (Pembrolizumab + Chemotherapy),36.0,intervention,intervention,EXPERIMENTAL,Pembrolizumab + Chemotherapy (FP or CAPOX regimen),0.5,confident_2arm,2,2,False
PMID 37935977 a_Summary_SoE.pdf,NCT01802333,0,Arm 1 (7+3: Daunorubicin + AraC),38.0,control,intervention,EXPERIMENTAL,"Arm I (standard dose cytarabine, daunorubicin hydrochloride)",0.188,uncertain,3,3,True
PMID 37935977 a_Summary_SoE.pdf,NCT01802333,0,Arm 2 (IA: Idarubicin + AraC),36.0,intervention,intervention,EXPERIMENTAL,"Arm II (high-dose cytarabine, idarubicin)",0.188,uncertain,3,3,False
PMID 37935977 a_Summary_SoE.pdf,NCT01802333,1,Arm 3 (IA+V: IA + Vorinostat),50.0,intervention,intervention,EXPERIMENTAL,"Arm III (vorinostat, high-dose cytarabine, idarubicin)",0.176,uncertain,3,3,False
PMID 37980924 a_Summary_SoE.pdf,NCT02369653,0,No systemic anticoagulant prophylaxis,5.0,control,control,PLACEBO_COMPARATOR,No systemic anticoagulant prophylaxis,0.7,confident_2arm,2,2,False
PMID 37980924 a_Summary_SoE.pdf,NCT02369653,0,Apixaban,5.0,intervention,intervention,EXPERIMENTAL,Apixaban,0.7,confident_2arm,2,2,False
PMID 38039991 CT_Summary_SoE.pdf,NCT03830866,0,Arm B (Placebo + SoC CCRT),42.0,control,control,PLACEBO_COMPARATOR,Placebo (matching placebo for intravenous infusion),0.5,confident_2arm,2,2,False
PMID 38039991 CT_Summary_SoE.pdf,NCT03830866,0,Arm A (Durvalumab + SoC CCRT),42.0,intervention,intervention,EXPERIMENTAL,Durvalumab (intravenous infusion),0.5,confident_2arm,2,2,False
PMID 38039993 a_Summary_SoE.pdf,NCT03713593,0,Arm B (Lenvatinib + Placebo),21.0,control,control,ACTIVE_COMPARATOR,lenvatinib plus placebo,0.889,confident_2arm,2,2,False
PMID 38039993 a_Summary_SoE.pdf,NCT03713593,0,Arm A (Lenvatinib + Pembrolizumab),21.0,intervention,intervention,EXPERIMENTAL,lenvatinib plus pembrolizumab,1.0,confident_2arm,2,2,False
PMID 38059497 CT_Summary_SoE.pdf,NCT03750786,0,Group B (modified FOLFOX-6 + bevacizumab),27.0,control,intervention,EXPERIMENTAL,Group A,0.5,confident_2arm,2,2,True
PMID 38059497 CT_Summary_SoE.pdf,NCT03750786,0,Group A (ARFOX + bevacizumab),27.0,intervention,control,ACTIVE_COMPARATOR,Group B,0.5,confident_2arm,2,2,True
PMID 38060199 CT_Summary_SoE.pdf,NCT04177108,0,Arm C (Paclitaxel + Placebo + Placebo),40.0,control,intervention,EXPERIMENTAL,Cohort 1 Arm B: Ipatasertib + Placebo + Paclitaxel,0.415,count_mismatch,4,5,True
PMID 38060199 CT_Summary_SoE.pdf,NCT04177108,0,Arm A (Ipatasertib + Atezolizumab + Paclitaxel),40.0,intervention,intervention,EXPERIMENTAL,Cohort 1 Arm A: Ipatasertib + Atezolizumab + Paclitaxel,0.8,count_mismatch,4,5,False
PMID 38060199 CT_Summary_SoE.pdf,NCT04177108,1,Arm B (Ipatasertib + Paclitaxel / Atezolizumab + Paclitaxel),41.5,intervention,intervention,EXPERIMENTAL,Cohort 2 Arm A: Ipatasertib + Atezolizumab + Paclitaxel,0.8,count_mismatch,4,5,False
PMID 38060199 CT_Summary_SoE.pdf,NCT04177108,2,Arm B - Cohort 2 (Atezolizumab + Paclitaxel + Placebo),40.0,intervention,intervention,EXPERIMENTAL,Cohort 1 Arm C: Placebo + Placebo + Paclitaxel,0.646,count_mismatch,4,5,False
PMID 38103088 CT_Summary_SoE.pdf,NCT02872103,0,Arm 2 (Placebo / F-627 20 mg),51.0,control,control,PLACEBO_COMPARATOR,Placebo,1.0,confident_2arm,2,2,False
PMID 38103088 CT_Summary_SoE.pdf,NCT02872103,0,Arm 1 (F-627 20 mg),51.0,intervention,intervention,EXPERIMENTAL,F-627,0.5,confident_2arm,2,2,False
PMID 38159809 CT_Summary_SoE.pdf,NCT04676412,0,Arm B (Pembrolizumab + Placebo),18.0,control,control,ACTIVE_COMPARATOR,Pembrolizumab + Placebo,0.667,confident_2arm,2,2,False
PMID 38159809 CT_Summary_SoE.pdf,NCT04676412,0,Arm A (Pembrolizumab + Lenvatinib),18.0,intervention,intervention,EXPERIMENTAL,Pembrolizumab + Lenvatinib,1.0,confident_2arm,2,2,False
PMID 38231126 a_Summary_SoE.pdf,NCT02920008,0,Treatment Choice (TC),140.0,control,control,ACTIVE_COMPARATOR,Treatment Choice (TC),0.7,confident_2arm,2,2,False
PMID 38231126 a_Summary_SoE.pdf,NCT02920008,0,Guadecitabine (SGI-110),86.0,intervention,intervention,EXPERIMENTAL,guadecitabine,0.75,confident_2arm,2,2,False
PMID 38252907 a_Summary_SoE.pdf,NCT02864251,0,Arm C (Pemetrexed plus Platinum),18.0,control,control,ACTIVE_COMPARATOR,Platinum doublet chemotherapy,0.333,uncertain,3,3,False
PMID 38252907 a_Summary_SoE.pdf,NCT02864251,0,Arm A (Nivolumab plus Pemetrexed/Platinum),18.0,intervention,intervention,EXPERIMENTAL,Nivolumab+Platinum doublet chemotherapy,0.467,confident,3,3,False
PMID 38252907 a_Summary_SoE.pdf,NCT02864251,1,Arm B (Nivolumab plus Ipilimumab),27.0,intervention,intervention,EXPERIMENTAL,Nivolumab + Ipilimumab,1.0,confident,3,3,False
PMID 38319255 a_Summary_SoE.pdf,NCT03462719,0,Arm B (Chlorambucil + Obinutuzumab),17.0,control,control,ACTIVE_COMPARATOR,Treatment Arm B: Chlorambucil and Obinutuzumab (G-Clb),0.545,confident_2arm,2,2,False
PMID 38319255 a_Summary_SoE.pdf,NCT03462719,0,Arm A (Ibrutinib + Venetoclax),18.0,intervention,intervention,EXPERIMENTAL,Treatment Arm A: Ibrutinib and Venetoclax (I+VEN),0.75,confident_2arm,2,2,False
PMID 38319800 a_Summary_SoE.pdf,NCT03732820,0,Arm B (Placebo + Abiraterone),17.0,control,control,PLACEBO_COMPARATOR,placebo plus abiraterone,0.889,confident_2arm,2,2,False
PMID 38319800 a_Summary_SoE.pdf,NCT03732820,0,Arm A (Olaparib + Abiraterone),17.0,intervention,intervention,EXPERIMENTAL,olaparib plus abiraterone,0.857,confident_2arm,2,2,False
PMID 38319892 a_Summary_SoE.pdf,NCT03298451,0,Arm D (Sorafenib 400 mg BID),15.0,control,control,ACTIVE_COMPARATOR,Arm 4,0.75,confident,4,4,False
PMID 38319892 a_Summary_SoE.pdf,NCT03298451,0,Arm A (Durvalumab 1500 mg monotherapy),15.0,intervention,intervention,EXPERIMENTAL,Arm 1,1.0,confident,4,4,False
PMID 38319892 a_Summary_SoE.pdf,NCT03298451,1,Arm B (Durvalumab 1500 mg + Tremelimumab 75 mg x 4 doses),15.0,intervention,intervention,EXPERIMENTAL,Arm 2,0.857,confident,4,4,False
PMID 38319892 a_Summary_SoE.pdf,NCT03298451,2,Arm C (Durvalumab 1500 mg + Tremelimumab 300 mg x 1 dose),15.0,intervention,intervention,EXPERIMENTAL,Arm 3,1.0,confident,4,4,False
PMID 38319896 a_Summary_SoE.pdf,NCT03875235,0,Arm B (Placebo plus Gemcitabine and Cisplatin),24.0,control,control,PLACEBO_COMPARATOR,Placebo Arm,0.455,confident_2arm,2,2,False
PMID 38319896 a_Summary_SoE.pdf,NCT03875235,0,Arm A (Durvalumab plus Gemcitabine and Cisplatin),24.0,intervention,intervention,EXPERIMENTAL,Treatment Arm,0.5,confident_2arm,2,2,False
PMID 38320161 a_Summary_SoE.pdf,NCT03686215,0,Control Arm (Standard of Care),2.0,control,control,NO_INTERVENTION,Standard of Care Arm,0.5,confident_2arm,2,2,False
PMID 38320161 a_Summary_SoE.pdf,NCT03686215,0,Treatment Arm (LUM Imaging System),2.0,intervention,intervention,EXPERIMENTAL,Device Intervention: LUM Imaging System used during surgery,0.5,confident_2arm,2,2,False
PMID 38483412 a_Summary_SoE.pdf,NCT03274687,0,Arm I (COPORT),39.0,control,intervention,EXPERIMENTAL,Arm I (conventional radiation therapy),0.5,confident_2arm,2,2,True
PMID 38483412 a_Summary_SoE.pdf,NCT03274687,0,Arm II (HYPORT),27.0,intervention,intervention,EXPERIMENTAL,Arm II (hypofractionated radiation therapy,0.5,confident_2arm,2,2,False
PMID 38499457 CT_Summary_SoE.pdf,NCT03151408,0,Group B (Placebo + Azacitidine),101.0,control,control,PLACEBO_COMPARATOR,Placebo plus AZA,0.8,confident_2arm,2,2,False
PMID 38499457 CT_Summary_SoE.pdf,NCT03151408,0,Group A (Pracinostat + Azacitidine),101.0,intervention,intervention,EXPERIMENTAL,Pracinostat plus AZA,0.8,confident_2arm,2,2,False
PMID 38531002 a_Summary_SoE.pdf,NCT01575548,0,Arm B (Placebo),18.0,control,control,PLACEBO_COMPARATOR,Arm B (Placebo),0.5,confident_2arm,2,2,False
PMID 38531002 a_Summary_SoE.pdf,NCT01575548,0,Arm A (Pazopanib),18.0,intervention,intervention,EXPERIMENTAL,Arm A (Pazopanib),0.5,confident_2arm,2,2,False
PMID 38552197 a_Summary_SoE.pdf,NCT04471428,0,Control Arm (Docetaxel),18.0,control,control,ACTIVE_COMPARATOR,Docetaxel,1.0,confident_2arm,2,2,False
PMID 38552197 a_Summary_SoE.pdf,NCT04471428,0,Experimental Arm (Atezolizumab + Cabozantinib),18.0,intervention,intervention,EXPERIMENTAL,Atezolizumab + Cabozantinib,1.0,confident_2arm,2,2,False
PMID 38561010 a_Summary_SoE.pdf,NCT03040999,0,Arm 2 (Placebo + CRT),51.0,control,control,PLACEBO_COMPARATOR,Placebo + Cisplatin + CRT,0.5,confident_2arm,2,2,False
PMID 38561010 a_Summary_SoE.pdf,NCT03040999,0,Arm 1 (Pembrolizumab + CRT),51.0,intervention,intervention,EXPERIMENTAL,Pembrolizumab + Cisplatin + CRT,0.5,confident_2arm,2,2,False
PMID 38648575 a_Summary_SoE.pdf,NCT03088813,0,Arm B (IV Topotecan),110.0,control,control,ACTIVE_COMPARATOR,Part 2: Control Arm,0.55,count_mismatch,2,4,False
PMID 38648575 a_Summary_SoE.pdf,NCT03088813,0,Arm A (Irinotecan Liposome Injection),38.0,intervention,intervention,EXPERIMENTAL,Part 2: Experimental Arm,0.633,count_mismatch,2,4,False
PMID 38683596 a_Summary_SoE.pdf,NCT02927249,0,Arm 2 (Placebo),2.0,control,control,PLACEBO_COMPARATOR,Arm II (Placebo),1.0,confident_2arm,2,2,False
PMID 38683596 a_Summary_SoE.pdf,NCT02927249,0,Arm 1 (Aspirin),2.0,intervention,intervention,EXPERIMENTAL,Arm I (aspirin),0.7,confident_2arm,2,2,False
PMID 38833643 a_Summary_SoE.pdf,NCT01674140,0,Arm 2 (Placebo + Endocrine Therapy),6.0,control,control,PLACEBO_COMPARATOR,Arm I,0.5,confident_2arm,2,2,False
PMID 38833643 a_Summary_SoE.pdf,NCT01674140,0,Arm 1 (Everolimus + Endocrine Therapy),6.0,intervention,intervention,EXPERIMENTAL,Arm II,0.5,confident_2arm,2,2,False
PMID 38833658 a_Summary_SoE.pdf,NCT04776148,0,Arm B (Investigator's Choice SOC - Regorafenib),28.0,control,control,ACTIVE_COMPARATOR,standard of care treatment (regorafenib OR TAS-102),0.5,confident_2arm,2,2,False
PMID 38833658 a_Summary_SoE.pdf,NCT04776148,0,Arm A (Lenvatinib + Pembrolizumab),27.0,intervention,intervention,EXPERIMENTAL,lenvatinib+pembrolizumab,1.0,confident_2arm,2,2,False
PMID 38838287a_Summary_SoE.pdf,NCT03729245,0,Arm B (Sunitinib or Cabozantinib),19.0,control,control,ACTIVE_COMPARATOR,sunitinib or cabozantinib,1.0,confident_2arm,2,2,False
PMID 38838287a_Summary_SoE.pdf,NCT03729245,0,Arm A (NKTR-214 + Nivolumab),21.0,intervention,intervention,EXPERIMENTAL,Combination of bempegaldesleukin + nivolumab,0.5,confident_2arm,2,2,False
PMID 38849283 CT_Summary_SoE.pdf,NCT02726581,0,Arm B (Pd: Pomalidomide + Dexamethasone),18.0,control,control,ACTIVE_COMPARATOR,Control Arm,0.857,confident,3,3,False
PMID 38849283 CT_Summary_SoE.pdf,NCT02726581,0,Arm A (N-Pd: Nivolumab + Pomalidomide + Dexamethasone),18.0,intervention,intervention,EXPERIMENTAL,Investigational Arm,0.818,confident,3,3,False
PMID 38849283 CT_Summary_SoE.pdf,NCT02726581,1,Arm C (NE-Pd: Nivolumab + Elotuzumab + Pomalidomide + Dexamethasone),22.0,intervention,intervention,EXPERIMENTAL,Exploratory Arm,0.857,confident,3,3,False
PMID 38872480 a_Summary_SoE.pdf,NCT03635489,0,Placebo Group,0.0,control,control,PLACEBO_COMPARATOR,Placebo + Paclitaxel + Carboplatin,0.455,confident_2arm,2,2,False
PMID 38872480 a_Summary_SoE.pdf,NCT03635489,0,Bevacizumab Group,0.0,intervention,intervention,EXPERIMENTAL,Bevacizumab + Paclitaxel + Carboplatin,0.5,confident_2arm,2,2,False
PMID 38889373 a_Summary_SoE.pdf,NCT04478266,0,Arm B (Letrozole plus Palbociclib),16.0,control,control,ACTIVE_COMPARATOR,Letrozole + Palbociclib,0.5,confident_2arm,2,2,False
PMID 38889373 a_Summary_SoE.pdf,NCT04478266,0,Arm A (Amcenestrant plus Palbociclib),16.0,intervention,intervention,EXPERIMENTAL,Amcenestrant + Palbociclib,0.5,confident_2arm,2,2,False
PMID 38942046 a_Summary_SoE.pdf,NCT03055013,0,Arm B (Observation),5.0,control,control,ACTIVE_COMPARATOR,Arm B (nephrectomy only),0.5,confident_2arm,2,2,False
PMID 38942046 a_Summary_SoE.pdf,NCT03055013,0,Arm A (Perioperative Nivolumab),12.0,intervention,intervention,EXPERIMENTAL,Arm A (nivolumab + nephrectomy),0.5,confident_2arm,2,2,False
PMId 32955177 a_Summary_SoE.pdf,NCT02511106,0,Arm B (Placebo),7.0,control,control,PLACEBO_COMPARATOR,Placebo AZD9291,0.833,confident_2arm,2,2,False
PMId 32955177 a_Summary_SoE.pdf,NCT02511106,0,Arm A (AZD9291),7.0,intervention,intervention,EXPERIMENTAL,AZD9291,0.5,confident_2arm,2,2,False
PMId 32966830 a_Summary_SoE.pdf,NCT03197935,0,Arm B (Placebo + nab-paclitaxel + AC),28.0,control,control,PLACEBO_COMPARATOR,Placebo and Chemotherapy,0.5,confident_2arm,2,2,False
PMId 32966830 a_Summary_SoE.pdf,NCT03197935,0,Arm A (Atezolizumab + nab-paclitaxel + AC),28.0,intervention,intervention,EXPERIMENTAL,Atezolizumab and Chemotherapy,0.5,confident_2arm,2,2,False
PMId 36395435 a_Summary_SoE.pdf,NCT03734016,0,Arm B (Ibrutinib 420 mg orally once daily),14.0,control,control,ACTIVE_COMPARATOR,Ibrutinib,0.6,confident_2arm,2,2,False
PMId 36395435 a_Summary_SoE.pdf,NCT03734016,0,Arm A (Zanubrutinib 160 mg orally twice daily),14.0,intervention,intervention,EXPERIMENTAL,Zanubrutinib,0.6,confident_2arm,2,2,False
PMId 37331369 a_Summary_SoE.pdf,NCT04322539,0,Placebo + BSC,17.0,control,control,PLACEBO_COMPARATOR,Placebo Plus BSC Group,1.0,confident_2arm,2,2,False
PMId 37331369 a_Summary_SoE.pdf,NCT04322539,0,Fruquintinib + BSC,17.0,intervention,intervention,EXPERIMENTAL,Fruquintinib Plus Best Supportive Care (BSC) Group,0.5,confident_2arm,2,2,False
