filename,nct,pos_idx,arm_name,tt_12mo,pipeline_label,ctgov_label,ctgov_type,pubmed_designation,pubmed_evidence,final_label,final_source,needs_human_review,match_status,n_pipeline_arms,n_ctgov_arms,pipeline_vs_final_flip
30738780 CT_Summary_SoE.pdf,NCT02043678,0,Arm B (Placebo + abiraterone acetate + prednisone/prednisolone),17.0,control,control,PLACEBO_COMPARATOR,,,control,agreement(pipeline=ctgov),False,confident_2arm,2,2,False
30738780 CT_Summary_SoE.pdf,NCT02043678,0,Arm A (Radium-223 dichloride + abiraterone acetate + prednisone/prednisolone),17.0,intervention,intervention,EXPERIMENTAL,,,intervention,agreement(pipeline=ctgov),False,confident_2arm,2,2,False
PIMD 27718847 a_Summary_SoE.pdf,NCT02142738,0,Arm B (Standard of Care Platinum-based Chemotherapy),24.0,control,control,ACTIVE_COMPARATOR,control,either pembrolizumab ... or the investigator's choice of platinum-based chemotherapy,control,pubmed,False,count_mismatch,2,6,False
PIMD 27718847 a_Summary_SoE.pdf,NCT02142738,0,Arm A (Pembrolizumab Monotherapy),18.0,intervention,intervention,EXPERIMENTAL,intervention,pembrolizumab was associated with significantly longer progression-free and overall survival ... than was platinum-based chemotherapy,intervention,pubmed,False,count_mismatch,2,6,False
PMID 19213681 a_Summary_SoE.pdf,NCT00295646,0,Arm A (Nolvadex alone),3.0,control,control,ACTIVE_COMPARATOR,control,"addition of zoledronic acid to endocrine therapy, as compared with endocrine therapy without zoledronic acid",control,pubmed,False,count_mismatch,5,4,False
PMID 19213681 a_Summary_SoE.pdf,NCT00295646,1,Arm C (Arimidex alone),3.0,control,control,ACTIVE_COMPARATOR,control,"addition of zoledronic acid to endocrine therapy, as compared with endocrine therapy without zoledronic acid",control,pubmed,False,count_mismatch,5,4,False
PMID 19213681 a_Summary_SoE.pdf,NCT00295646,0,Arm C (Arimidex alone),3.0,intervention,intervention,,control,"addition of zoledronic acid to endocrine therapy, as compared with endocrine therapy without zoledronic acid",control,pubmed,False,count_mismatch_leftover,5,4,True
PMID 19213681 a_Summary_SoE.pdf,NCT00295646,1,Arm B (Nolvadex plus zoledronate),3.0,intervention,control,ACTIVE_COMPARATOR,intervention,The addition of zoledronic acid to adjuvant endocrine therapy improves disease-free survival,intervention,pubmed,False,count_mismatch,5,4,False
PMID 19213681 a_Summary_SoE.pdf,NCT00295646,2,Arm D (Arimidex plus zoledronate),8.5,intervention,control,ACTIVE_COMPARATOR,intervention,The addition of zoledronic acid to adjuvant endocrine therapy improves disease-free survival,intervention,pubmed,False,count_mismatch,5,4,False
PMID 20525992 a_Summary_SoE.pdf,NCT00094653,0,Arm A (Melanoma Peptide Vaccine Monotherapy),11.0,control,intervention,EXPERIMENTAL,control,administered with or without a glycoprotein 100 (gp100) peptide vaccine was compared with gp100 alone,control,pubmed,False,uncertain,3,3,False
PMID 20525992 a_Summary_SoE.pdf,NCT00094653,0,Arm B (MDX-010 + Melanoma Peptide Vaccine),11.0,intervention,control,ACTIVE_COMPARATOR,intervention,"Ipilimumab, with or without a gp100 peptide vaccine, as compared with gp100 alone, improved overall survival",intervention,pubmed,False,confident,3,3,False
PMID 20525992 a_Summary_SoE.pdf,NCT00094653,1,Arm C (MDX-010 Monotherapy),11.0,intervention,control,ACTIVE_COMPARATOR,intervention,The median overall survival with ipilimumab alone was 10.1 months ... in the comparison with gp100 alone,intervention,pubmed,False,uncertain,3,3,False
PMID 20525993 a_Summary_SoE.pdf,NCT00471497,0,Arm C (Imatinib 400 mg QD),11.0,control,intervention,EXPERIMENTAL,control,"We evaluated the efficacy and safety of nilotinib, as compared with imatinib",control,pubmed,False,uncertain,3,3,False
PMID 20525993 a_Summary_SoE.pdf,NCT00471497,0,Arm A (Nilotinib 300 mg BID),11.0,intervention,intervention,EXPERIMENTAL,intervention,Nilotinib ... was superior to imatinib in patients with newly diagnosed chronic-phase ... CML,intervention,pubmed,False,uncertain,3,3,False
PMID 20525993 a_Summary_SoE.pdf,NCT00471497,1,Arm B (Nilotinib 400 mg BID),11.0,intervention,intervention,EXPERIMENTAL,intervention,Nilotinib at a dose of either 300 mg or 400 mg twice daily was superior to imatinib,intervention,pubmed,False,uncertain,3,3,False
PMID 20525995 a_Summary_SoE.pdf,NCT00481247,0,Imatinib (400 mg daily),8.0,control,control,ACTIVE_COMPARATOR,,,control,agreement(pipeline=ctgov),False,confident_2arm,2,2,False
PMID 20525995 a_Summary_SoE.pdf,NCT00481247,0,Dasatinib (100 mg daily),8.0,intervention,intervention,EXPERIMENTAL,,,intervention,agreement(pipeline=ctgov),False,confident_2arm,2,2,False
PMID 20570559 CT a_Summary_SoE.pdf,NCT00312377,0,Placebo + Docetaxel,18.0,control,control,ACTIVE_COMPARATOR,,,control,agreement(pipeline=ctgov),False,confident_2arm,2,2,False
PMID 20570559 CT a_Summary_SoE.pdf,NCT00312377,0,Vandetanib + Docetaxel,18.0,intervention,intervention,EXPERIMENTAL,,,intervention,agreement(pipeline=ctgov),False,confident_2arm,2,2,False
PMID 20818862 a_Summary_SoE.pdf,NCT00065442,0,Arm B (Placebo),12.0,control,control,PLACEBO_COMPARATOR,control,randomly assigned 512 patients in a 2:1 ratio to receive either sipuleucel-T ... or placebo,control,pubmed,False,confident_2arm,2,2,False
PMID 20818862 a_Summary_SoE.pdf,NCT00065442,0,Arm A (Sipuleucel-T),12.0,intervention,control,ACTIVE_COMPARATOR,intervention,The use of sipuleucel-T prolonged overall survival among men with metastatic castration-resistant prostate cancer,intervention,pubmed,False,confident_2arm,2,2,False
PMID 20826719 a_Summary_SoE.pdf,NCT00075803,0,Fluconazole,4.0,control,control,ACTIVE_COMPARATOR,,,control,agreement(pipeline=ctgov),False,confident_2arm,2,2,False
PMID 20826719 a_Summary_SoE.pdf,NCT00075803,0,Voriconazole,4.0,intervention,intervention,EXPERIMENTAL,,,intervention,agreement(pipeline=ctgov),False,confident_2arm,2,2,False
PMID 21121833 a_Summary_SoE.pdf,NCT00121992,0,Arm B (FAC),9.0,control,control,ACTIVE_COMPARATOR,,,control,agreement(pipeline=ctgov),False,confident_2arm,2,2,False
PMID 21121833 a_Summary_SoE.pdf,NCT00121992,0,Arm A (TAC),9.0,intervention,intervention,EXPERIMENTAL,,,intervention,agreement(pipeline=ctgov),False,confident_2arm,2,2,False
PMID 21282542 CT_Summary_SoE.pdf,NCT00364351,0,Arm B (Erlotinib / TARCEVA),16.0,control,control,ACTIVE_COMPARATOR,,,control,agreement(pipeline=ctgov),False,confident_2arm,2,2,False
PMID 21282542 CT_Summary_SoE.pdf,NCT00364351,0,Arm A (ZD6474 / ZACTIMA),16.0,intervention,intervention,EXPERIMENTAL,,,intervention,agreement(pipeline=ctgov),False,confident_2arm,2,2,False
PMID 21306237 a_Summary_SoE.pdf,NCT00428597,0,Arm B (Placebo),15.0,control,control,PLACEBO_COMPARATOR,,,control,agreement(pipeline=ctgov),False,confident_2arm,2,2,False
PMID 21306237 a_Summary_SoE.pdf,NCT00428597,0,Arm A (Sunitinib),15.0,intervention,intervention,EXPERIMENTAL,,,intervention,agreement(pipeline=ctgov),False,confident_2arm,2,2,False
PMID 21306238 a_Summary_SoE.pdf,NCT00510068,0,Arm B (Placebo plus best supportive care),15.0,control,control,PLACEBO_COMPARATOR,,,control,agreement(pipeline=ctgov),False,confident_2arm,2,2,False
PMID 21306238 a_Summary_SoE.pdf,NCT00510068,0,Arm A (RAD001 10 mg/d plus best supportive care),15.0,intervention,intervention,EXPERIMENTAL,,,intervention,agreement(pipeline=ctgov),False,confident_2arm,2,2,False
PMID 21410393 a_Summary_SoE.pdf,NCT00414648,0,Placebo,5.0,control,control,PLACEBO_COMPARATOR,,,control,agreement(pipeline=ctgov),False,confident_2arm,2,2,False
PMID 21410393 a_Summary_SoE.pdf,NCT00414648,0,Sirolimus (Rapamycin),5.0,intervention,intervention,EXPERIMENTAL,,,intervention,agreement(pipeline=ctgov),False,confident_2arm,2,2,False
PMID 21612468 a_Summary_SoE.pdf,NCT00638690,0,Arm B (Placebo + Prednisone),17.0,control,control,PLACEBO_COMPARATOR,,,control,agreement(pipeline=ctgov),False,confident_2arm,2,2,False
PMID 21612468 a_Summary_SoE.pdf,NCT00638690,0,Arm A (Abiraterone Acetate + Prednisone),17.0,intervention,intervention,EXPERIMENTAL,,,intervention,agreement(pipeline=ctgov),False,confident_2arm,2,2,False
PMID 21621716 CT_Summary_SoE.pdf,NCT00130728,0,Arm 1 (Tarceva + placebo),18.0,control,control,PLACEBO_COMPARATOR,,,control,agreement(pipeline=ctgov),False,confident_2arm,2,2,False
PMID 21621716 CT_Summary_SoE.pdf,NCT00130728,0,Arm 2 (Tarceva + bevacizumab),18.0,intervention,intervention,EXPERIMENTAL,,,intervention,agreement(pipeline=ctgov),False,confident_2arm,2,2,False
PMID 21631324 a_Summary_SoE.pdf,NCT00019682,0,Arm 2: High-dose IL-2 alone,103.0,control,intervention,EXPERIMENTAL,control,Patients were randomly assigned to receive interleukin-2 alone ... followed by interleukin-2,control,pubmed,False,confident_2arm,2,2,False
PMID 21631324 a_Summary_SoE.pdf,NCT00019682,0,Arm 1: gp100:209-217(210M) peptide vaccine + high-dose IL-2,103.0,intervention,intervention,EXPERIMENTAL,intervention,the response rate was higher and progression-free survival longer with vaccine and interleukin-2 than with interleukin-2 alone,intervention,pubmed,False,confident_2arm,2,2,False
PMID 21639808 a_Summary_SoE.pdf,NCT01006980,0,Arm B (Dacarbazine),19.0,control,control,ACTIVE_COMPARATOR,,,control,agreement(pipeline=ctgov),False,confident_2arm,2,2,False
PMID 21639808 a_Summary_SoE.pdf,NCT01006980,0,Arm A (RO5185426),19.0,intervention,intervention,EXPERIMENTAL,,,intervention,agreement(pipeline=ctgov),False,confident_2arm,2,2,False
PMID 21639810 a_Summary_SoE.pdf,NCT00324155,0,Arm B (Placebo + Dacarbazine),17.0,control,control,ACTIVE_COMPARATOR,,,control,agreement(pipeline=ctgov),False,confident_2arm,2,2,False
PMID 21639810 a_Summary_SoE.pdf,NCT00324155,0,Arm A (Ipilimumab + Dacarbazine),17.0,intervention,intervention,EXPERIMENTAL,,,intervention,agreement(pipeline=ctgov),False,confident_2arm,2,2,False
PMID 21751904 a_Summary_SoE.pdf,NCT00002597,0,Arm 2 (Radiation Therapy Alone),41.0,control,control,OTHER,,,control,agreement(pipeline=ctgov),False,confident_2arm,2,2,False
PMID 21751904 a_Summary_SoE.pdf,NCT00002597,0,Arm 1 (Neoadjuvant TAS + Radiation Therapy),42.0,intervention,intervention,EXPERIMENTAL,,,intervention,agreement(pipeline=ctgov),False,confident_2arm,2,2,False
PMID 21962393 CT_Summary_SoE.pdf,NCT00075829,0,Arm B2 (Auto-Auto + Observation),36.0,control,control,ACTIVE_COMPARATOR,control,allogeneic HSCT ... compared with tandem autologous HSCT,control,pubmed,False,uncertain,3,3,False
PMID 21962393 CT_Summary_SoE.pdf,NCT00075829,0,Arm A (Auto-Allo: ASCT followed by NMSCT),45.0,intervention,control,ACTIVE_COMPARATOR,intervention,we aimed to assess effectiveness of allogeneic HSCT with non-myeloablative conditioning after autologous HSCT compared with tandem autologous HSCT,intervention,pubmed,False,uncertain,3,3,False
PMID 21962393 CT_Summary_SoE.pdf,NCT00075829,1,Arm B1 (Auto-Auto + Maintenance),51.0,intervention,control,ACTIVE_COMPARATOR,control,allogeneic HSCT ... compared with tandem autologous HSCT,control,pubmed,False,uncertain,3,3,True
PMID 21990397 a_Summary_SoE.pdf,NCT00281697,0,Arm B (Chemotherapy + Placebo),18.0,control,control,PLACEBO_COMPARATOR,,,control,agreement(pipeline=ctgov),False,confident_2arm,2,2,False
PMID 21990397 a_Summary_SoE.pdf,NCT00281697,0,Arm A (Chemotherapy + Bevacizumab),18.0,intervention,intervention,EXPERIMENTAL,,,intervention,agreement(pipeline=ctgov),False,confident_2arm,2,2,False
PMID 21991949 a_Summary_SoE.pdf,NCT00021255,0,AC→T (Doxorubicin and Cyclophosphamide followed by Docetaxel),11.0,control,intervention,EXPERIMENTAL,control,"No significant differences in efficacy were found between the two trastuzumab regimens, whereas both were superior to AC-T.",control,pubmed,False,confident,3,3,False
PMID 21991949 a_Summary_SoE.pdf,NCT00021255,0,AC→TH (Doxorubicin and Cyclophosphamide followed by Docetaxel and Trastuzumab),26.0,intervention,intervention,EXPERIMENTAL,intervention,The addition of 1 year of adjuvant trastuzumab significantly improved disease-free and overall survival.,intervention,pubmed,False,confident,3,3,False
PMID 21991949 a_Summary_SoE.pdf,NCT00021255,1,"TCH (Docetaxel, Carboplatin and Trastuzumab)",31.0,intervention,intervention,EXPERIMENTAL,intervention,We wanted to evaluate the efficacy and safety of a new nonanthracycline regimen with trastuzumab.,intervention,pubmed,False,confident,3,3,False
PMID 22025146 CT_Summary_SoE.pdf,NCT00410761,0,Placebo,8.0,control,control,NO_INTERVENTION,,,control,agreement(pipeline=ctgov),False,confident_2arm,2,2,False
PMID 22025146 CT_Summary_SoE.pdf,NCT00410761,0,Vandetanib 300 mg,8.0,intervention,intervention,EXPERIMENTAL,,,intervention,agreement(pipeline=ctgov),False,confident_2arm,2,2,False
PMID 22119496 a_Summary_SoE.pdf,NCT00412061,0,Arm B (Placebo + Sandostatin LAR Depot),15.0,control,control,PLACEBO_COMPARATOR,,,control,agreement(pipeline=ctgov),False,confident_2arm,2,2,False
PMID 22119496 a_Summary_SoE.pdf,NCT00412061,0,Arm A (Everolimus 10 mg/d + Sandostatin LAR Depot),15.0,intervention,intervention,EXPERIMENTAL,,,intervention,agreement(pipeline=ctgov),False,confident_2arm,2,2,False
PMID 22149875 a_Summary_SoE.pdf,NCT00567190,0,Arm A (Placebo + Trastuzumab + Docetaxel),25.0,control,control,PLACEBO_COMPARATOR,,,control,agreement(pipeline=ctgov),False,confident_2arm,2,2,False
PMID 22149875 a_Summary_SoE.pdf,NCT00567190,0,Arm B (Pertuzumab + Trastuzumab + Docetaxel),25.0,intervention,intervention,EXPERIMENTAL,,,intervention,agreement(pipeline=ctgov),False,confident_2arm,2,2,False
PMID 22149876 a_Summary_SoE.pdf,NCT00863655,0,Arm B (Placebo + Exemestane),11.0,control,control,ACTIVE_COMPARATOR,,,control,agreement(pipeline=ctgov),False,confident_2arm,2,2,False
PMID 22149876 a_Summary_SoE.pdf,NCT00863655,0,Arm A (Everolimus + Exemestane),11.0,intervention,intervention,EXPERIMENTAL,,,intervention,agreement(pipeline=ctgov),False,confident_2arm,2,2,False
PMID 22204724 a_Summary_SoE.pdf,NCT00262847,0,Arm I (Standard Chemotherapy + Placebo),30.0,control,control,ACTIVE_COMPARATOR,control,The control treatment was chemotherapy with placebo added in cycles 2 through 22,control,pubmed,False,uncertain,3,3,False
PMID 22204724 a_Summary_SoE.pdf,NCT00262847,0,Arm II (Concurrent Bevacizumab + Placebo Maintenance),30.0,intervention,intervention,EXPERIMENTAL,intervention,bevacizumab-initiation treatment was chemotherapy with bevacizumab ... added in cycles 2 through 6,intervention,pubmed,False,uncertain,3,3,False
PMID 22204724 a_Summary_SoE.pdf,NCT00262847,1,Arm III (Extended Bevacizumab),30.0,intervention,intervention,EXPERIMENTAL,intervention,Bevacizumab-throughout treatment was chemotherapy with bevacizumab added in cycles 2 through 22,intervention,pubmed,False,uncertain,3,3,False
PMID 22257673 a_Summary_SoE.pdf,NCT00553358,0,Lapatinib alone,21.0,intervention,intervention,EXPERIMENTAL,intervention,the two anti-HER2 agents given together would be better than single-agent therapy,intervention,pubmed,False,confident,3,3,False
PMID 22257673 a_Summary_SoE.pdf,NCT00553358,1,Trastuzumab alone,22.0,intervention,control,ACTIVE_COMPARATOR,control,pCR rate was significantly higher in the group given lapatinib and trastuzumab ... than in the group given trastuzumab alone,control,pubmed,False,confident,3,3,True
PMID 22257673 a_Summary_SoE.pdf,NCT00553358,2,Lapatinib + Trastuzumab,22.0,intervention,intervention,EXPERIMENTAL,intervention,pCR rate was significantly higher in the group given lapatinib and trastuzumab,intervention,pubmed,False,confident,3,3,False
PMID 22271472 a_Summary_SoE.pdf,NCT00004859,0,Arm A (Standard Treatment: Induction Chemo + Concurrent Chemoradiotherapy),36.0,control,control,ACTIVE_COMPARATOR,,,control,agreement(pipeline=ctgov),False,confident_2arm,2,2,False
PMID 22271472 a_Summary_SoE.pdf,NCT00004859,0,Arm B (Induction Chemo + Concurrent Chemoradiotherapy + Thalidomide),47.0,intervention,intervention,EXPERIMENTAL,,,intervention,agreement(pipeline=ctgov),False,confident_2arm,2,2,False
PMID 22375970 a_Summary_SoE.pdf,NCT00934544,0,Best-available therapy (BAT),13.0,control,control,ACTIVE_COMPARATOR,,,control,agreement(pipeline=ctgov),False,confident_2arm,2,2,False
PMID 22375970 a_Summary_SoE.pdf,NCT00934544,0,INC424 (Ruxolitinib),14.0,intervention,intervention,EXPERIMENTAL,,,intervention,agreement(pipeline=ctgov),False,confident_2arm,2,2,False
PMID 22375971 a_Summary_SoE.pdf,NCT00952289,0,Placebo,14.0,control,control,PLACEBO_COMPARATOR,,,control,agreement(pipeline=ctgov),False,confident_2arm,2,2,False
PMID 22375971 a_Summary_SoE.pdf,NCT00952289,0,INCB018424,14.0,intervention,intervention,EXPERIMENTAL,,,intervention,agreement(pipeline=ctgov),False,confident_2arm,2,2,False
PMID 22454414 a_Summary_SoE.pdf,NCT00110214,0,Arm A (Docetaxel + Prednisone + Placebo),18.0,control,intervention,EXPERIMENTAL,control,docetaxel ... plus prednisone ... (DP) with either bevacizumab ... or placebo,control,pubmed,False,confident_2arm,2,2,False
PMID 22454414 a_Summary_SoE.pdf,NCT00110214,0,Arm B (Docetaxel + Prednisone + Bevacizumab),18.0,intervention,intervention,EXPERIMENTAL,intervention,evaluate the addition of bevacizumab to standard docetaxel and prednisone therapy,intervention,pubmed,False,confident_2arm,2,2,False
PMID 22508813 a_Summary_SoE.pdf,NCT00602420,0,Matching Placebo,2.0,control,control,PLACEBO_COMPARATOR,,,control,agreement(pipeline=ctgov),False,confident_2arm,2,2,False
PMID 22508813 a_Summary_SoE.pdf,NCT00602420,0,Naproxen 500mg twice daily,2.0,intervention,intervention,EXPERIMENTAL,,,intervention,agreement(pipeline=ctgov),False,confident_2arm,2,2,False
PMID 22529265 a_Summary_SoE.pdf,NCT00434642,0,Arm B (Placebo + Carboplatin + Gemcitabine),24.0,control,control,ACTIVE_COMPARATOR,,,control,agreement(pipeline=ctgov),False,confident_2arm,2,2,False
PMID 22529265 a_Summary_SoE.pdf,NCT00434642,0,Arm A (Bevacizumab + Carboplatin + Gemcitabine),24.0,intervention,intervention,EXPERIMENTAL,,,intervention,agreement(pipeline=ctgov),False,confident_2arm,2,2,False
PMID 22551107 a_Summary_SoE.pdf,NCT00094497,0,"Arm B (Sz/M: Streptozotocin, Mitotane)",32.0,control,control,ACTIVE_COMPARATOR,control,Patients in the EDP-mitotane group had a significantly higher response rate than those in the streptozocin-mitotane group.,control,pubmed,False,confident_2arm,2,2,False
PMID 22551107 a_Summary_SoE.pdf,NCT00094497,0,"Arm A (EDP/M: Etoposide, Doxorubicin, Cisplatin, Mitotane)",78.0,intervention,control,ACTIVE_COMPARATOR,intervention,Rates of response and progression-free survival were significantly better with EDP plus mitotane than with streptozocin plus mitotane as first-line therapy.,intervention,pubmed,False,confident_2arm,2,2,False
PMID 22564989 a_Summary_SoE.pdf,NCT00457392,0,Placebo + Erlotinib,19.0,control,control,ACTIVE_COMPARATOR,,,control,agreement(pipeline=ctgov),False,confident_2arm,2,2,False
PMID 22564989 a_Summary_SoE.pdf,NCT00457392,0,Sunitinib + Erlotinib,19.0,intervention,intervention,EXPERIMENTAL,,,intervention,agreement(pipeline=ctgov),False,confident_2arm,2,2,False
PMID 22571200 a_Summary_SoE.pdf,NCT00405756,0,Arm C (MP plus placebo induction followed by placebo maintenance),25.0,control,intervention,OTHER,control,melphalan-prednisone (MP) followed by placebo in patients 65 years of age or older,control,pubmed,False,uncertain,3,3,False
PMID 22571200 a_Summary_SoE.pdf,NCT00405756,0,Arm A (MPR induction followed by lenalidomide maintenance),25.0,intervention,intervention,EXPERIMENTAL,intervention,median progression-free survival was significantly longer with MPR-R (31 months) than with MPR ... or MP,intervention,pubmed,False,uncertain,3,3,False
PMID 22571200 a_Summary_SoE.pdf,NCT00405756,1,Arm B (MPR induction followed by placebo maintenance),25.0,intervention,intervention,EXPERIMENTAL,intervention,Response rates were superior with MPR-R and MPR ... vs. 50% with MP,intervention,pubmed,False,uncertain,3,3,False
PMID 22571201 a_Summary_SoE.pdf,NCT00114101,0,Arm B (Placebo),19.0,control,control,PLACEBO_COMPARATOR,,,control,agreement(pipeline=ctgov),False,confident_2arm,2,2,False
PMID 22571201 a_Summary_SoE.pdf,NCT00114101,0,Arm A (CC-5013 / Lenalidomide),19.0,intervention,intervention,EXPERIMENTAL,,,intervention,agreement(pipeline=ctgov),False,confident_2arm,2,2,False
PMID 22585697 a_Summary_SoE.pdf,NCT00317642,0,Arm A (Placebo + Intermediate Dose cytarabine [IDAC]),31.0,control,intervention,EXPERIMENTAL,control,Patients were randomly assigned to receive either clofarabine (Clo) 40 mg/m(2) or a placebo followed by Ara-C,control,pubmed,False,confident_2arm,2,2,False
PMID 22585697 a_Summary_SoE.pdf,NCT00317642,0,Arm B (Clofarabine + Intermediate Dose cytarabine [IDAC]),31.0,intervention,intervention,EXPERIMENTAL,intervention,Clo+Ara-C significantly improved response rates and EFS,intervention,pubmed,False,confident_2arm,2,2,False
PMID 22663011 a_Summary_SoE.pdf,NCT01245062,0,Arm B (Chemotherapy - Dacarbazine or Paclitaxel),19.0,control,control,ACTIVE_COMPARATOR,control,randomly assigned 322 patients ... to receive either trametinib ... or chemotherapy in a 2:1 ratio,control,pubmed,False,uncertain,3,3,False
PMID 22663011 a_Summary_SoE.pdf,NCT01245062,0,Arm A (GSK1120212 / Trametinib),19.0,intervention,intervention,EXPERIMENTAL,intervention,"Trametinib, as compared with chemotherapy, improved rates of progression-free and overall survival",intervention,pubmed,False,uncertain,3,3,False
PMID 22663011 a_Summary_SoE.pdf,NCT01245062,1,Arm C (Extension Arm - Crossover to GSK1120212),20.0,intervention,intervention,EXPERIMENTAL,intervention,Patients in the chemotherapy group who had disease progression were permitted to cross over to receive trametinib,intervention,pubmed,False,uncertain,3,3,False
PMID 22689805 a_Summary_SoE.pdf,NCT00260832,0,Arm A (Supportive Care or Low-dose Cytarabine),144.0,control,intervention,EXPERIMENTAL,control,compared the efficacy and safety of decitabine with treatment choice (TC),control,pubmed,False,confident_2arm,2,2,False
PMID 22689805 a_Summary_SoE.pdf,NCT00260832,0,Arm B (Decitabine),79.0,intervention,control,ACTIVE_COMPARATOR,intervention,decitabine improved response rates compared with standard therapies,intervention,pubmed,False,confident_2arm,2,2,False
PMID 22735384 a_Summary_SoE.pdf,NCT01227889,0,Arm B (DTIC),20.0,control,control,ACTIVE_COMPARATOR,control,randomly assigned (3:1) to receive dabrafenib ... or dacarbazine,control,pubmed,False,count_mismatch,2,3,False
PMID 22735384 a_Summary_SoE.pdf,NCT01227889,0,Arm A (GSK2118436),20.0,intervention,intervention,EXPERIMENTAL,intervention,Dabrafenib significantly improved progression-free survival compared with dacarbazine,intervention,pubmed,False,count_mismatch,2,3,False
PMID 22808955 a_Summary_SoE.pdf,NCT00007644,0,Expectant Management (Watchful Waiting),6.0,control,control,NO_INTERVENTION,control,"radical prostatectomy did not significantly reduce all-cause or prostate-cancer mortality, as compared with observation",control,pubmed,False,confident_2arm,2,2,False
PMID 22808955 a_Summary_SoE.pdf,NCT00007644,0,Radical Prostatectomy,6.0,intervention,control,OTHER,intervention,The effectiveness of surgery versus observation for men with localized prostate cancer ... is not known,intervention,pubmed,False,confident_2arm,2,2,False
PMID 22851564 a_Summary_SoE.pdf,NCT00449033,0,Placebo + Gemcitabine + Cisplatin,30.0,control,control,PLACEBO_COMPARATOR,,,control,agreement(pipeline=ctgov),False,confident_2arm,2,2,False
PMID 22851564 a_Summary_SoE.pdf,NCT00449033,0,Sorafenib + Gemcitabine + Cisplatin,30.0,intervention,intervention,EXPERIMENTAL,,,intervention,agreement(pipeline=ctgov),False,confident_2arm,2,2,False
PMID 22853014 a_Summary_SoE.pdf,NCT00075764,0,Arm 1 (Anastrozole alone),14.0,control,control,ACTIVE_COMPARATOR,,,control,agreement(pipeline=ctgov),False,confident_2arm,2,2,False
PMID 22853014 a_Summary_SoE.pdf,NCT00075764,0,Arm 2 (Anastrozole and Fulvestrant),15.0,intervention,intervention,EXPERIMENTAL,,,intervention,agreement(pipeline=ctgov),False,confident_2arm,2,2,False
PMID 22894553 a_Summary_SoE.pdf,NCT00974311,0,Arm B (Placebo),10.0,control,control,PLACEBO_COMPARATOR,,,control,agreement(pipeline=ctgov),False,confident_2arm,2,2,False
PMID 22894553 a_Summary_SoE.pdf,NCT00974311,0,Arm A (MDV3100),10.0,intervention,intervention,EXPERIMENTAL,,,intervention,agreement(pipeline=ctgov),False,confident_2arm,2,2,False
PMID 22915657 a_Summary_SoE.pdf,NCT00475085,0,Arm 3 (Aprepitant + Palonosetron + Dexamethasone),1.0,control,control,ACTIVE_COMPARATOR,unresolved,,control,pipeline_fallback(pubmed_unresolved),True,count_mismatch,5,4,False
PMID 22915657 a_Summary_SoE.pdf,NCT00475085,1,"Arm 2: Granisetron + Dexamethasone (Day 1), Compazine + Placebo (Days 2 & 3)",1.0,control,intervention,EXPERIMENTAL,unresolved,,control,pipeline_fallback(pubmed_unresolved),True,count_mismatch,5,4,False
PMID 22915657 a_Summary_SoE.pdf,NCT00475085,0,Arm 1 (Palonosetron + Dexamethasone + Compazine),1.0,intervention,control,ACTIVE_COMPARATOR,unresolved,,intervention,pipeline_fallback(pubmed_unresolved),True,count_mismatch,5,4,False
PMID 22915657 a_Summary_SoE.pdf,NCT00475085,1,Arm 2 (Granisetron + Dexamethasone + Compazine),1.0,intervention,intervention,,unresolved,,intervention,pipeline_fallback(pubmed_unresolved),True,count_mismatch_leftover,5,4,False
PMID 22915657 a_Summary_SoE.pdf,NCT00475085,2,Arm 4 (Palonosetron + Dexamethasone + Compazine + Dexamethasone),1.5,intervention,intervention,EXPERIMENTAL,unresolved,,intervention,pipeline_fallback(pubmed_unresolved),True,count_mismatch,5,4,False
PMID 22949154 a_Summary_SoE.pdf,NCT00574873,0,Arm 2 (Imatinib 400mg daily),9.0,control,control,ACTIVE_COMPARATOR,,,control,agreement(pipeline=ctgov),False,confident_2arm,2,2,False
PMID 22949154 a_Summary_SoE.pdf,NCT00574873,0,Arm 1 (Bosutinib 500mg daily),9.0,intervention,intervention,EXPERIMENTAL,,,intervention,agreement(pipeline=ctgov),False,confident_2arm,2,2,False
PMID 22965961 a_Summary_SoE.pdf,NCT00384176,0,Bevacizumab + FOLFOX (Arm C),28.0,control,control,ACTIVE_COMPARATOR,,,control,agreement(pipeline=ctgov),False,confident_2arm,2,2,False
PMID 22965961 a_Summary_SoE.pdf,NCT00384176,0,Cediranib + FOLFOX (Arm A/B),28.0,intervention,intervention,EXPERIMENTAL,,,intervention,agreement(pipeline=ctgov),False,confident_2arm,2,2,False
PMID 22965962 a_Summary_SoE.pdf,NCT00532155,0,Arm B (Placebo + Docetaxel),36.0,control,control,PLACEBO_COMPARATOR,,,control,agreement(pipeline=ctgov),False,confident_2arm,2,2,False
PMID 22965962 a_Summary_SoE.pdf,NCT00532155,0,Arm A (Aflibercept + Docetaxel),36.0,intervention,intervention,EXPERIMENTAL,,,intervention,agreement(pipeline=ctgov),False,confident_2arm,2,2,False
PMID 22965965 a_Summary_SoE.pdf,NCT00399035,0,"Placebo + XELOX (Arms C, E)",20.0,control,control,PLACEBO_COMPARATOR,control,FOLFOX/CAPOX with or without cediranib ... cediranib (20 or 30 mg per day) or placebo plus FOLFOX/CAPOX,control,pubmed,False,uncertain,4,4,False
PMID 22965965 a_Summary_SoE.pdf,NCT00399035,1,"Placebo + FOLFOX (Arms C, E)",28.0,control,control,PLACEBO_COMPARATOR,control,cediranib (20 or 30 mg per day) or placebo plus FOLFOX/CAPOX,control,pubmed,False,uncertain,4,4,False
PMID 22965965 a_Summary_SoE.pdf,NCT00399035,0,"Cediranib + XELOX (Arms A, B, D)",20.0,intervention,intervention,EXPERIMENTAL,intervention,The addition of cediranib to FOLFOX/CAPOX resulted in PFS prolongation,intervention,pubmed,False,uncertain,4,4,False
PMID 22965965 a_Summary_SoE.pdf,NCT00399035,1,"Cediranib + FOLFOX (Arms A, B, D)",28.0,intervention,intervention,EXPERIMENTAL,intervention,The addition of cediranib to FOLFOX/CAPOX resulted in PFS prolongation,intervention,pubmed,False,uncertain,4,4,False
PMID 22987089 a_Summary_SoE.pdf,NCT00091169,0,Arm B (Placebo),3.0,control,control,PLACEBO_COMPARATOR,,,control,agreement(pipeline=ctgov),False,confident_2arm,2,2,False
PMID 22987089 a_Summary_SoE.pdf,NCT00091169,0,Arm A (Levocarnitine),3.0,intervention,intervention,EXPERIMENTAL,,,intervention,agreement(pipeline=ctgov),False,confident_2arm,2,2,False
PMID 23075175 a_Summary_SoE.pdf,NCT00075816,0,Arm B (Marrow Transplantation),29.0,control,control,ACTIVE_COMPARATOR,unresolved,,control,pipeline_fallback(pubmed_unresolved),True,confident_2arm,2,2,False
PMID 23075175 a_Summary_SoE.pdf,NCT00075816,0,Arm A (PBSC Transplantation),29.0,intervention,control,ACTIVE_COMPARATOR,unresolved,,intervention,pipeline_fallback(pubmed_unresolved),True,confident_2arm,2,2,False
PMID 23177515 a_Summary_SoE.pdf,NCT01271712,0,Placebo,0.0,control,control,PLACEBO_COMPARATOR,,,control,agreement(pipeline=ctgov),False,confident_2arm,2,2,False
PMID 23177515 a_Summary_SoE.pdf,NCT01271712,0,Regorafenib,0.0,intervention,intervention,EXPERIMENTAL,,,intervention,agreement(pipeline=ctgov),False,confident_2arm,2,2,False
PMID 23228172 a_Summary_SoE.pdf,NCT00887198,0,Arm B (Placebo + Prednisone),17.0,control,control,PLACEBO_COMPARATOR,,,control,agreement(pipeline=ctgov),False,confident_2arm,2,2,False
PMID 23228172 a_Summary_SoE.pdf,NCT00887198,0,Arm A (Abiraterone Acetate + Prednisone),17.0,intervention,intervention,EXPERIMENTAL,,,intervention,agreement(pipeline=ctgov),False,confident_2arm,2,2,False
PMID 23234763 a_Summary_SoE.pdf,NCT00374322,0,Placebo,1.0,control,control,PLACEBO_COMPARATOR,,,control,agreement(pipeline=ctgov),False,confident_2arm,2,2,False
PMID 23234763 a_Summary_SoE.pdf,NCT00374322,0,Lapatinib,1.0,intervention,intervention,EXPERIMENTAL,,,intervention,agreement(pipeline=ctgov),False,confident_2arm,2,2,False
PMID 23248256 a_Summary_SoE.pdf,NCT00110019,0,Arm 1 (Carboplatin and Paclitaxel plus Placebo),18.0,control,control,ACTIVE_COMPARATOR,,,control,agreement(pipeline=ctgov),False,confident_2arm,2,2,False
PMID 23248256 a_Summary_SoE.pdf,NCT00110019,0,Arm 2 (Carboplatin and Paclitaxel plus Sorafenib),18.0,intervention,intervention,EXPERIMENTAL,,,intervention,agreement(pipeline=ctgov),False,confident_2arm,2,2,False
PMID 23295789 a_Summary_SoE.pdf,NCT00210353,0,Arm A (Chlorambucil alone),18.0,control,control,ACTIVE_COMPARATOR,,,control,agreement(pipeline=ctgov),False,confident,3,3,False
PMID 23295789 a_Summary_SoE.pdf,NCT00210353,0,Arm B (Chlorambucil plus Rituximab),19.0,intervention,intervention,EXPERIMENTAL,,,intervention,agreement(pipeline=ctgov),False,confident,3,3,False
PMID 23295789 a_Summary_SoE.pdf,NCT00210353,1,Arm C (Rituximab alone),19.0,intervention,intervention,EXPERIMENTAL,,,intervention,agreement(pipeline=ctgov),False,confident,3,3,False
PMID 23295793 a_Summary_SoE.pdf,NCT00106691,0,Arm B (Placebo),4.0,control,intervention,EXPERIMENTAL,control,randomly assigned 1:1 to receive toremifene citrate 20 mg or placebo,control,pubmed,False,confident_2arm,2,2,False
PMID 23295793 a_Summary_SoE.pdf,NCT00106691,0,Arm A (Toremifene Citrate 20 mg),4.0,intervention,intervention,EXPERIMENTAL,intervention,We evaluated the efficacy of toremifene citrate 20 mg in PCa prevention,intervention,pubmed,False,confident_2arm,2,2,False
PMID 23358971 a_Summary_SoE.pdf,NCT00066573,0,Arm 2: Exemestane + Placebo,5.0,control,control,,intervention,exemestane ... could prove superior to anastrozole regarding efficacy and toxicity,intervention,pubmed,False,count_mismatch_leftover,4,2,True
PMID 23358971 a_Summary_SoE.pdf,NCT00066573,1,Arm 4: Anastrozole + Placebo,5.0,control,control,,control,exemestane ... could prove superior to anastrozole,control,pubmed,False,count_mismatch_leftover,4,2,False
PMID 23358971 a_Summary_SoE.pdf,NCT00066573,0,Arm 1: Exemestane + Celecoxib,5.0,intervention,intervention,EXPERIMENTAL,intervention,exemestane ... could prove superior to anastrozole regarding efficacy and toxicity,intervention,pubmed,False,count_mismatch,4,2,False
PMID 23358971 a_Summary_SoE.pdf,NCT00066573,1,Arm 3: Anastrozole + Celecoxib,5.0,intervention,control,ACTIVE_COMPARATOR,control,exemestane ... could prove superior to anastrozole,control,pubmed,False,count_mismatch,4,2,True
PMID 23358972_Summary_SoE.pdf,NCT00457691,0,Arm B (FOLFIRI + Placebo),29.0,control,control,PLACEBO_COMPARATOR,,,control,agreement(pipeline=ctgov),False,confident_2arm,2,2,False
PMID 23358972_Summary_SoE.pdf,NCT00457691,0,Arm A (FOLFIRI + sunitinib),29.0,intervention,intervention,EXPERIMENTAL,,,intervention,agreement(pipeline=ctgov),False,confident_2arm,2,2,False
PMID 23460714 a_Summary_SoE.pdf,NCT00088907,0,Arm A (Docetaxel + Placebo),40.0,control,control,ACTIVE_COMPARATOR,,,control,agreement(pipeline=ctgov),False,confident_2arm,2,2,False
PMID 23460714 a_Summary_SoE.pdf,NCT00088907,0,Arm B (Docetaxel + ZD1839),40.0,intervention,intervention,EXPERIMENTAL,,,intervention,agreement(pipeline=ctgov),False,confident_2arm,2,2,False
PMID 23478059 a_Summary_SoE.pdf,NCT00418574,0,Arm B (Placebo),15.0,control,control,PLACEBO_COMPARATOR,,,control,agreement(pipeline=ctgov),False,confident_2arm,2,2,False
PMID 23478059 a_Summary_SoE.pdf,NCT00418574,0,Arm A (Abagovomab),15.0,intervention,intervention,EXPERIMENTAL,,,intervention,agreement(pipeline=ctgov),False,confident_2arm,2,2,False
PMID 23509322 a_Summary_SoE.pdf,NCT00281658,0,Paclitaxel + Placebo,22.0,control,control,ACTIVE_COMPARATOR,control,compared with placebo plus paclitaxel in patients with HER2-overexpressing metastatic breast cancer,control,pubmed,False,count_mismatch,3,4,False
PMID 23509322 a_Summary_SoE.pdf,NCT00281658,0,Paclitaxel + Lapatinib,22.0,intervention,intervention,EXPERIMENTAL,intervention,The addition of lapatinib to paclitaxel significantly improved OS versus paclitaxel,intervention,pubmed,False,count_mismatch,3,4,False
PMID 23509322 a_Summary_SoE.pdf,NCT00281658,1,Arm A (Lapatinib + Paclitaxel),22.0,intervention,intervention,OTHER,intervention,lapatinib combined with paclitaxel offers a significant ... survival advantage over paclitaxel alone,intervention,pubmed,False,count_mismatch,3,4,False
PMID 23569308 a_Summary_SoE.pdf,NCT00617669,0,Arm B (Placebo + Docetaxel),21.0,control,control,ACTIVE_COMPARATOR,,,control,agreement(pipeline=ctgov),False,confident_2arm,2,2,False
PMID 23569308 a_Summary_SoE.pdf,NCT00617669,0,Arm A (Zibotentan + Docetaxel),21.0,intervention,intervention,EXPERIMENTAL,,,intervention,agreement(pipeline=ctgov),False,confident_2arm,2,2,False
PMID 23690416 a_Summary_SoE.pdf,NCT00499109,0,Arm B (Standard Gemcitabine/Carboplatin),17.0,control,control,ACTIVE_COMPARATOR,,,control,agreement(pipeline=ctgov),False,confident_2arm,2,2,False
PMID 23690416 a_Summary_SoE.pdf,NCT00499109,0,Arm A (Personalized Chemotherapy based on RRM1/ERCC1),21.0,intervention,intervention,EXPERIMENTAL,,,intervention,agreement(pipeline=ctgov),False,confident_2arm,2,2,False
PMID 23724913 a_Summary_SoE.pdf,NCT00932893,0,Arm B (Standard of Care Chemotherapy),19.0,control,intervention,EXPERIMENTAL,control,Crizotinib is superior to standard chemotherapy in patients with previously treated ... ALK rearrangement,control,pubmed,False,confident_2arm,2,2,False
PMID 23724913 a_Summary_SoE.pdf,NCT00932893,0,Arm A (PF-02341066),19.0,intervention,control,ACTIVE_COMPARATOR,intervention,Crizotinib is superior to standard chemotherapy,intervention,pubmed,False,confident_2arm,2,2,False
PMID 23733756 a_Summary_SoE.pdf,NCT00775645,0,Placebo + Taxane,15.0,control,control,PLACEBO_COMPARATOR,,,control,agreement(pipeline=ctgov),False,confident_2arm,2,2,False
PMID 23733756 a_Summary_SoE.pdf,NCT00775645,0,Acetyl-L-Carnitine + Taxane,15.0,intervention,intervention,EXPERIMENTAL,,,intervention,agreement(pipeline=ctgov),False,confident_2arm,2,2,False
PMID 23733779 a_Summary_SoE.pdf,NCT00129389,0,Arm A (6 cycles of FAC),9.0,control,control,ACTIVE_COMPARATOR,,,control,agreement(pipeline=ctgov),False,confident_2arm,2,2,False
PMID 23733779 a_Summary_SoE.pdf,NCT00129389,0,Arm B (4 cycles of FAC followed by 8 weekly Taxol),15.0,intervention,intervention,EXPERIMENTAL,,,intervention,agreement(pipeline=ctgov),False,confident_2arm,2,2,False
PMID 23816960 a_Summary_SoE.pdf,NCT00949650,0,Arm B (Pemetrexed/Cisplatin),20.0,control,control,ACTIVE_COMPARATOR,,,control,agreement(pipeline=ctgov),False,confident_2arm,2,2,False
PMID 23816960 a_Summary_SoE.pdf,NCT00949650,0,Arm A (Afatinib),20.0,intervention,intervention,EXPERIMENTAL,,,intervention,agreement(pipeline=ctgov),False,confident_2arm,2,2,False
PMID 23835708 a_Summary_SoE.pdf,NCT00961415,0,Arm A (Bevacizumab Maintenance),18.0,control,intervention,EXPERIMENTAL,control,bevacizumab plus pemetrexed maintenance was associated with a significant PFS benefit compared with bevacizumab alone,control,pubmed,False,count_mismatch,2,3,False
PMID 23835708 a_Summary_SoE.pdf,NCT00961415,0,Arm B (Bevacizumab + Pemetrexed Maintenance),18.0,intervention,control,ACTIVE_COMPARATOR,intervention,evaluated the safety and efficacy of bevacizumab with or without pemetrexed as continuation maintenance treatment,intervention,pubmed,False,count_mismatch,2,3,False
PMID 23857972 a_Summary_SoE.pdf,NCT00435409,0,Arm B (Capecitabine Monotherapy),20.0,control,control,ACTIVE_COMPARATOR,,,control,agreement(pipeline=ctgov),False,confident_2arm,2,2,False
PMID 23857972 a_Summary_SoE.pdf,NCT00435409,0,Arm A (Sunitinib + Capecitabine),20.0,intervention,intervention,EXPERIMENTAL,,,intervention,agreement(pipeline=ctgov),False,confident_2arm,2,2,False
PMID 23863050 a_Summary_SoE.pdf,NCT00699751,0,Placebo + Best Standard of Care,11.0,control,control,PLACEBO_COMPARATOR,,,control,agreement(pipeline=ctgov),False,confident_2arm,2,2,False
PMID 23863050 a_Summary_SoE.pdf,NCT00699751,0,Alpharadin (Radium-223 chloride) + Best Standard of Care,11.0,intervention,intervention,EXPERIMENTAL,,,intervention,agreement(pipeline=ctgov),False,confident_2arm,2,2,False
PMID 23940216 a_Summary_SoE.pdf,NCT00777153,0,Arm C (Lomustine + Placebo),22.0,control,control,ACTIVE_COMPARATOR,control,cediranib ... either as monotherapy or in combination with lomustine versus lomustine,control,pubmed,False,confident,3,3,False
PMID 23940216 a_Summary_SoE.pdf,NCT00777153,0,Arm A (Cediranib 30 mg Monotherapy),22.0,intervention,intervention,EXPERIMENTAL,intervention,determine the efficacy of cediranib ... either as monotherapy or in combination with lomustine versus lomustine,intervention,pubmed,False,confident,3,3,False
PMID 23940216 a_Summary_SoE.pdf,NCT00777153,1,Arm B (Cediranib 20 mg + Lomustine),22.0,intervention,intervention,OTHER,intervention,cediranib ... in combination with lomustine versus lomustine,intervention,pubmed,False,uncertain,3,3,False
PMID 23940225 a_Summary_SoE.pdf,NCT00093795,0,Group 1 (TAC),11.0,control,control,ACTIVE_COMPARATOR,control,whether the incorporation of a fourth drug could improve outcomes relative to two standard regimens,control,pubmed,False,uncertain,3,3,False
PMID 23940225 a_Summary_SoE.pdf,NCT00093795,0,Group 2 (DD AC -> P),13.0,intervention,control,ACTIVE_COMPARATOR,control,incorporation of a fourth drug could improve outcomes relative to two standard regimens,control,pubmed,False,uncertain,3,3,True
PMID 23940225 a_Summary_SoE.pdf,NCT00093795,1,Group 3 (DD AC -> PG),13.0,intervention,intervention,EXPERIMENTAL,intervention,DD AC->P with four cycles of gemcitabine (G) added to the DD paclitaxel (DD AC->PG),intervention,pubmed,False,uncertain,3,3,False
PMID 23960180 a_Summary_SoE.pdf,NCT01144364,0,Arm B (No further therapy/Observation),27.0,control,control,,control,randomly assigned to rituximab maintenance (arm A) ... or to observation (arm B),control,pubmed,False,count_mismatch_leftover,2,1,False
PMID 23960180 a_Summary_SoE.pdf,NCT01144364,0,Arm A (Maintenance Rituximab),29.0,intervention,intervention,EXPERIMENTAL,intervention,To evaluate the efficacy of rituximab maintenance ... responding to brief first-line chemoimmunotherapy,intervention,pubmed,False,count_mismatch,2,1,False
PMID 23980091 a_Summary_SoE.pdf,NCT00049543,0,Arm 2 - Placebo,5.0,control,control,PLACEBO_COMPARATOR,,,control,agreement(pipeline=ctgov),False,confident_2arm,2,2,False
PMID 23980091 a_Summary_SoE.pdf,NCT00049543,0,Arm 1 - ZD1839 (IRESSA),5.0,intervention,intervention,EXPERIMENTAL,,,intervention,agreement(pipeline=ctgov),False,confident_2arm,2,2,False
PMID 24043745 a_Summary_SoE.pdf,NCT00879333,0,Arm B (Placebo + Best Supportive Care),19.0,control,control,PLACEBO_COMPARATOR,,,control,agreement(pipeline=ctgov),False,confident_2arm,2,2,False
PMID 24043745 a_Summary_SoE.pdf,NCT00879333,0,Arm A (Everolimus (RAD001) + Best Supportive Care),19.0,intervention,intervention,EXPERIMENTAL,,,intervention,agreement(pipeline=ctgov),False,confident_2arm,2,2,False
PMID 24081940 a_Summary_SoE.pdf,NCT00354432,0,Arm D (Casein protein powder + Placebo pill),1.0,control,control,ACTIVE_COMPARATOR,control,"milk protein powder and placebo pill, venlafaxine and milk protein powder, soy protein powder and placebo pill, or venlafaxine and soy",control,pubmed,False,confident,4,4,False
PMID 24081940 a_Summary_SoE.pdf,NCT00354432,0,Arm A (Soy protein powder + Placebo pill),1.0,intervention,control,ACTIVE_COMPARATOR,intervention,Neither venlafaxine nor soy protein alone or in combination had a significant effect on HFSSS,intervention,pubmed,False,confident,4,4,False
PMID 24081940 a_Summary_SoE.pdf,NCT00354432,1,Arm B (Casein protein powder + Effexor XR),1.0,intervention,intervention,EXPERIMENTAL,intervention,Neither venlafaxine nor soy protein alone or in combination had a significant effect on HFSSS,intervention,pubmed,False,uncertain,4,4,False
PMID 24081940 a_Summary_SoE.pdf,NCT00354432,2,Arm C (Soy protein powder + Effexor XR),1.0,intervention,control,PLACEBO_COMPARATOR,intervention,venlafaxine and soy protein powder,intervention,pubmed,False,uncertain,4,4,False
PMID 24101040 a_Summary_SoE.pdf,NCT00304031,0,Arm 1 (Standard Arm: RT + TMZ 5/28),54.0,control,intervention,OTHER,control,Patients were randomly assigned to standard temozolomide (arm 1) or DD temozolomide (arm 2),control,pubmed,False,count_mismatch,2,3,False
PMID 24101040 a_Summary_SoE.pdf,NCT00304031,0,Arm 2 (Experimental Arm: RT + TMZ 21/28),63.0,intervention,intervention,EXPERIMENTAL,intervention,This trial tested whether DD temozolomide improves overall survival (OS) or progression-free survival,intervention,pubmed,False,count_mismatch,2,3,False
PMID 24101054 a_Summary_SoE.pdf,NCT00257608,0,Arm 1 (Bevacizumab + Erlotinib-placebo),19.0,control,control,PLACEBO_COMPARATOR,,,control,agreement(pipeline=ctgov),False,confident_2arm,2,2,False
PMID 24101054 a_Summary_SoE.pdf,NCT00257608,0,Arm 2 (Bevacizumab + Erlotinib),19.0,intervention,intervention,EXPERIMENTAL,,,intervention,agreement(pipeline=ctgov),False,confident_2arm,2,2,False
PMID 24131140 a_Summary_SoE.pdf,NCT00844649,0,Arm B (Gemcitabine Alone),42.0,control,control,ACTIVE_COMPARATOR,,,control,agreement(pipeline=ctgov),False,confident_2arm,2,2,False
PMID 24131140 a_Summary_SoE.pdf,NCT00844649,0,Arm A (ABI-007 plus Gemcitabine),42.0,intervention,intervention,EXPERIMENTAL,,,intervention,agreement(pipeline=ctgov),False,confident_2arm,2,2,False
PMID 24145346 a_Summary_SoE.pdf,NCT00762034,0,Arm B (Paclitaxel + Carboplatin + Bevacizumab),26.0,control,control,ACTIVE_COMPARATOR,,,control,agreement(pipeline=ctgov),False,confident_2arm,2,2,False
PMID 24145346 a_Summary_SoE.pdf,NCT00762034,0,Arm A (Pemetrexed + Carboplatin + Bevacizumab),26.0,intervention,intervention,EXPERIMENTAL,,,intervention,agreement(pipeline=ctgov),False,confident_2arm,2,2,False
PMID 24297945 a_Summary_SoE.pdf,NCT00631371,0,Arm B (bevacizumab + interferon-alfa),53.0,control,control,ACTIVE_COMPARATOR,,,control,agreement(pipeline=ctgov),False,confident_2arm,2,2,False
PMID 24297945 a_Summary_SoE.pdf,NCT00631371,0,Arm A (bevacizumab + temsirolimus),53.0,intervention,intervention,EXPERIMENTAL,,,intervention,agreement(pipeline=ctgov),False,confident_2arm,2,2,False
PMID 24297950 a_Summary_SoE.pdf,NCT00474786,0,Arm B (Sorafenib),27.0,control,intervention,EXPERIMENTAL,control,second-line temsirolimus did not demonstrate a PFS advantage compared with sorafenib,control,pubmed,False,confident_2arm,2,2,False
PMID 24297950 a_Summary_SoE.pdf,NCT00474786,0,Arm A (Temsirolimus),53.0,intervention,intervention,EXPERIMENTAL,intervention,Investigating Torisel As Second-Line Therapy... second-line temsirolimus did not demonstrate a PFS advantage compared with sorafenib,intervention,pubmed,False,confident_2arm,2,2,False
PMID 24297951 a_Summary_SoE.pdf,NCT01099449,0,Arm 2: Placebo before and after FOLFOX,15.0,control,control,PLACEBO_COMPARATOR,control,"randomly assigned to intravenous calcium/magnesium before and after oxaliplatin, a placebo before and after",control,pubmed,False,confident,3,3,False
PMID 24297951 a_Summary_SoE.pdf,NCT01099449,0,Arm 1: CaMg before and after FOLFOX,15.0,intervention,intervention,EXPERIMENTAL,intervention,This trial was designed to definitively test whether calcium/magnesium decreases oxaliplatin-related neurotoxicity,intervention,pubmed,False,uncertain,3,3,False
PMID 24297951 a_Summary_SoE.pdf,NCT01099449,1,Arm 3: CaMg before and placebo after FOLFOX,15.0,intervention,intervention,EXPERIMENTAL,intervention,calcium/magnesium before and placebo after,intervention,pubmed,False,uncertain,3,3,False
PMID 24323035 a_Summary_SoE.pdf,NCT00676650,0,Arm B (Placebo plus Prednisone),15.0,control,control,PLACEBO_COMPARATOR,,,control,agreement(pipeline=ctgov),False,confident_2arm,2,2,False
PMID 24323035 a_Summary_SoE.pdf,NCT00676650,0,Arm A (Sunitinib plus Prednisone),15.0,intervention,intervention,EXPERIMENTAL,,,intervention,agreement(pipeline=ctgov),False,confident_2arm,2,2,False
PMID 24395863 a_Summary_SoE.pdf,NCT00262821,0,Regimen I (Weekly Cisplatin and Radiation Therapy),44.0,control,control,ACTIVE_COMPARATOR,,,control,agreement(pipeline=ctgov),False,confident_2arm,2,2,False
PMID 24395863 a_Summary_SoE.pdf,NCT00262821,0,"Regimen II (Cisplatin, Tirapazamine (TPZ), and Radiation Therapy)",44.0,intervention,intervention,EXPERIMENTAL,,,intervention,agreement(pipeline=ctgov),False,confident_2arm,2,2,False
PMID 24401022 a_Summary_SoE.pdf,NCT01998880,0,Arm C (Clb: Chlorambucil alone),15.0,control,control,ACTIVE_COMPARATOR,control,"obinutuzumab-chlorambucil or rituximab-chlorambucil, as compared with chlorambucil monotherapy, increased response rates",control,pubmed,False,confident,3,3,False
PMID 24401022 a_Summary_SoE.pdf,NCT01998880,0,Arm B (RClb: Rituximab + Chlorambucil),15.0,intervention,control,ACTIVE_COMPARATOR,control,obinutuzumab was superior to rituximab when each was combined with chlorambucil,control,pubmed,False,confident,3,3,True
PMID 24401022 a_Summary_SoE.pdf,NCT01998880,1,Arm A (GClb: Obinutuzumab + Chlorambucil),17.0,intervention,intervention,EXPERIMENTAL,intervention,"We investigated the benefit of the type 2, glycoengineered antibody obinutuzumab... as compared with that of rituximab",intervention,pubmed,False,confident,3,3,False
PMID 24439929 CT_Summary_SoE.pdf,NCT01121393,0,Arm B (Gemcitabine / Cisplatin),24.0,control,control,ACTIVE_COMPARATOR,,,control,agreement(pipeline=ctgov),False,confident_2arm,2,2,False
PMID 24439929 CT_Summary_SoE.pdf,NCT01121393,0,Arm A (BIBW 2992 / Afatinib),20.0,intervention,intervention,EXPERIMENTAL,,,intervention,agreement(pipeline=ctgov),False,confident_2arm,2,2,False
PMID 24450857 a_Summary_SoE.pdf,NCT01539512,0,Arm B (Placebo + Rituximab),14.0,control,control,PLACEBO_COMPARATOR,control,idelalisib... in combination with rituximab versus rituximab plus placebo,control,pubmed,False,confident_2arm,2,2,False
PMID 24450857 a_Summary_SoE.pdf,NCT01539512,0,Arm A (Idelalisib + Rituximab),14.0,intervention,control,ACTIVE_COMPARATOR,intervention,we assessed the efficacy and safety of idelalisib... in combination with rituximab versus rituximab plus placebo,intervention,pubmed,False,confident_2arm,2,2,False
PMID 24552317 a_Summary_SoE.pdf,NCT00884741,0,Arm 1 (Conventional Chemoradiation + Placebo),64.0,control,control,ACTIVE_COMPARATOR,,,control,agreement(pipeline=ctgov),False,confident_2arm,2,2,False
PMID 24552317 a_Summary_SoE.pdf,NCT00884741,0,Arm 2 (Conventional Chemoradiation + Bevacizumab),64.0,intervention,intervention,EXPERIMENTAL,,,intervention,agreement(pipeline=ctgov),False,confident_2arm,2,2,False
PMID 24552318 a_Summary_SoE.pdf,NCT00943826,0,Arm A (Placebo + Radiotherapy + Temozolomide),50.0,control,control,PLACEBO_COMPARATOR,,,control,agreement(pipeline=ctgov),False,confident_2arm,2,2,False
PMID 24552318 a_Summary_SoE.pdf,NCT00943826,0,Arm B (Bevacizumab + Radiotherapy + Temozolomide),50.0,intervention,intervention,EXPERIMENTAL,,,intervention,agreement(pipeline=ctgov),False,confident_2arm,2,2,False
PMID 24552320 a_Summary_SoE.pdf,NCT00803062,0,Regimen I (Cisplatin + Paclitaxel),71.0,control,control,ACTIVE_COMPARATOR,control,the addition of bevacizumab to chemotherapy was associated with increased overall survival,control,pubmed,False,uncertain,4,4,False
PMID 24552320 a_Summary_SoE.pdf,NCT00803062,0,Regimen II (Cisplatin + Paclitaxel + Bevacizumab),79.0,intervention,intervention,EXPERIMENTAL,intervention,the addition of bevacizumab to chemotherapy was associated with increased overall survival,intervention,pubmed,False,confident,4,4,False
PMID 24552320 a_Summary_SoE.pdf,NCT00803062,1,Regimen III (Topotecan + Paclitaxel),93.0,intervention,intervention,EXPERIMENTAL,intervention,We evaluated the effectiveness of bevacizumab and nonplatinum combination chemotherapy,intervention,pubmed,False,uncertain,4,4,False
PMID 24552320 a_Summary_SoE.pdf,NCT00803062,2,Regimen IV (Topotecan + Paclitaxel + Bevacizumab),93.0,intervention,intervention,EXPERIMENTAL,intervention,We evaluated the effectiveness of bevacizumab and nonplatinum combination chemotherapy,intervention,pubmed,False,confident,4,4,False
PMID 24590644 a_Summary_SoE.pdf,NCT00079001,0,Arm B (Placebo),14.0,control,control,ACTIVE_COMPARATOR,,,control,agreement(pipeline=ctgov),False,confident_2arm,2,2,False
PMID 24590644 a_Summary_SoE.pdf,NCT00079001,0,Arm A (Early Zoledronic Acid),14.0,intervention,intervention,EXPERIMENTAL,,,intervention,agreement(pipeline=ctgov),False,confident_2arm,2,2,False
PMID 24637997 a_Summary_SoE.pdf,NCT00976911,0,Arm 1 (Chemotherapy alone),53.0,control,control,ACTIVE_COMPARATOR,,,control,agreement(pipeline=ctgov),False,confident_2arm,2,2,False
PMID 24637997 a_Summary_SoE.pdf,NCT00976911,0,Arm 2 (Chemotherapy plus bevacizumab),53.0,intervention,intervention,EXPERIMENTAL,,,intervention,agreement(pipeline=ctgov),False,confident_2arm,2,2,False
PMID 24733799 a_Summary_SoE.pdf,NCT01156142,0,Doxepin then Placebo Crossover,11.0,intervention,control,PLACEBO_COMPARATOR,intervention,to test the efficacy of doxepin hydrochloride in the reduction of radiotherapy-induced OM pain,intervention,pubmed,False,confident_2arm,2,2,False
PMID 24733799 a_Summary_SoE.pdf,NCT01156142,1,Placebo then Doxepin Crossover,11.0,intervention,intervention,EXPERIMENTAL,control,patients were randomly allocated to a doxepin oral rinse or a placebo,control,pubmed,False,confident_2arm,2,2,True
PMID 24768112 a_Summary_SoE.pdf,NCT00984282,0,Placebo,7.0,control,control,PLACEBO_COMPARATOR,,,control,agreement(pipeline=ctgov),False,confident_2arm,2,2,False
PMID 24768112 a_Summary_SoE.pdf,NCT00984282,0,Sorafenib,7.0,intervention,intervention,EXPERIMENTAL,,,intervention,agreement(pipeline=ctgov),False,confident_2arm,2,2,False
PMID 24868024 a_Summary_SoE.pdf,NCT00486954,0,Arm B (Paclitaxel alone),40.0,control,control,ACTIVE_COMPARATOR,,,control,agreement(pipeline=ctgov),False,confident_2arm,2,2,False
PMID 24868024 a_Summary_SoE.pdf,NCT00486954,0,Arm A (Lapatinib plus Paclitaxel),40.0,intervention,intervention,EXPERIMENTAL,,,intervention,agreement(pipeline=ctgov),False,confident_2arm,2,2,False
PMID 24881463 a_Summary_SoE.pdf,NCT00066703,0,SOFT Arm A (Tamoxifen alone),5.0,control,control,ACTIVE_COMPARATOR,unresolved,,control,pipeline_fallback(pubmed_unresolved),True,count_mismatch,6,2,False
PMID 24881463 a_Summary_SoE.pdf,NCT00066703,1,TEXT Arm A (GnRH analogue + Tamoxifen),14.0,control,control,,control,"exemestane plus ovarian suppression, as compared with tamoxifen plus ovarian suppression, significantly reduced recurrence.",control,pubmed,False,count_mismatch_leftover,6,2,False
PMID 24881463 a_Summary_SoE.pdf,NCT00066703,0,SOFT Arm B & C (OFS + Tamoxifen/Exemestane),14.0,intervention,intervention,EXPERIMENTAL,unresolved,,intervention,pipeline_fallback(pubmed_unresolved),True,count_mismatch,6,2,False
PMID 24881463 a_Summary_SoE.pdf,NCT00066703,1,TEXT Arm A & B (GnRH analogue + Tamoxifen/Exemestane),14.0,intervention,intervention,,unresolved,,intervention,pipeline_fallback(pubmed_unresolved),True,count_mismatch_leftover,6,2,False
PMID 24881463 a_Summary_SoE.pdf,NCT00066703,2,TEXT Arm A (GnRH analogue plus Tamoxifen),14.0,intervention,intervention,,control,"exemestane plus ovarian suppression, as compared with tamoxifen plus ovarian suppression, significantly reduced recurrence.",control,pubmed,False,count_mismatch_leftover,6,2,True
PMID 24881463 a_Summary_SoE.pdf,NCT00066703,3,TEXT Arm B (GnRH analogue plus Exemestane),14.0,intervention,intervention,,intervention,adjuvant treatment with exemestane plus ovarian suppression... significantly reduced recurrence.,intervention,pubmed,False,count_mismatch_leftover,6,2,False
PMID 24881631 a_Summary_SoE.pdf,NCT01578707,0,Arm A (Ofatumumab IV),15.0,control,control,ACTIVE_COMPARATOR,,,control,agreement(pipeline=ctgov),False,confident_2arm,2,2,False
PMID 24881631 a_Summary_SoE.pdf,NCT01578707,0,Arm B (Ibrutinib PO),14.0,intervention,intervention,EXPERIMENTAL,,,intervention,agreement(pipeline=ctgov),False,confident_2arm,2,2,False
PMID 24881730 a_Summary_SoE.pdf,NCT01212991,0,Arm B (Placebo),9.0,control,control,PLACEBO_COMPARATOR,,,control,agreement(pipeline=ctgov),False,confident_2arm,2,2,False
PMID 24881730 a_Summary_SoE.pdf,NCT01212991,0,Arm A (Enzalutamide / MDV3100),9.0,intervention,intervention,EXPERIMENTAL,,,intervention,agreement(pipeline=ctgov),False,confident_2arm,2,2,False
PMID 24888818 a_Summary_SoE.pdf,NCT00382018,0,Arm A (Low Risk Group - Regular Treatment),5.0,control,control,ACTIVE_COMPARATOR,control,Patients with MBC who did not have increased CTCs at baseline remained on initial therapy until progression (arm A),control,pubmed,False,uncertain,4,4,False
PMID 24888818 a_Summary_SoE.pdf,NCT00382018,1,Arm B (Moderate Risk Group - Maintain Current Therapy),7.0,control,intervention,EXPERIMENTAL,control,Patients with initially increased CTCs that decreased after 21 days of therapy remained on initial therapy (arm B),control,pubmed,False,uncertain,4,4,False
PMID 24888818 a_Summary_SoE.pdf,NCT00382018,2,Arm C1 (High Risk Group - Maintain Current Therapy),15.5,control,control,ACTIVE_COMPARATOR,control,randomly assigned to continue initial therapy (arm C1) or change to an alternative chemotherapy (arm C2),control,pubmed,False,uncertain,4,4,False
PMID 24888818 a_Summary_SoE.pdf,NCT00382018,0,Arm C2 (High Risk Group - Switch Therapy),8.0,intervention,intervention,EXPERIMENTAL,intervention,tested whether changing chemotherapy after one cycle of first-line chemotherapy would improve the primary outcome of overall survival,intervention,pubmed,False,uncertain,4,4,False
PMID 24898665 CT_Summary_SoE.pdf,NCT00268983,0,Arm A (Rituximab),17.0,control,control,ACTIVE_COMPARATOR,,,control,agreement(pipeline=ctgov),False,confident_2arm,2,2,False
PMID 24898665 CT_Summary_SoE.pdf,NCT00268983,0,Arm B (Iodine I 131 Tositumomab),19.0,intervention,intervention,EXPERIMENTAL,,,intervention,agreement(pipeline=ctgov),False,confident_2arm,2,2,False
PMID 24933332 a_Summary_SoE.pdf,NCT01168973,0,Arm B (Placebo + Docetaxel),18.0,control,control,PLACEBO_COMPARATOR,,,control,agreement(pipeline=ctgov),False,confident_2arm,2,2,False
PMID 24933332 a_Summary_SoE.pdf,NCT01168973,0,Arm A (Ramucirumab + Docetaxel),18.0,intervention,intervention,EXPERIMENTAL,,,intervention,agreement(pipeline=ctgov),False,confident_2arm,2,2,False
PMID 24934787 a_Summary_SoE.pdf,NCT00041119,0,Arm 1: Cyclophosphamide and Doxorubicin (CA),7.0,control,control,ACTIVE_COMPARATOR,control,whether single-agent paclitaxel (T) was inferior to doxorubicin and cyclophosphamide (AC),control,pubmed,False,count_mismatch,3,4,False
PMID 24934787 a_Summary_SoE.pdf,NCT00041119,0,Arm 2: Paclitaxel (T),7.0,intervention,intervention,EXPERIMENTAL,intervention,to address the noninferiority of single-agent T to AC,intervention,pubmed,False,count_mismatch,3,4,False
PMID 24934787 a_Summary_SoE.pdf,NCT00041119,1,Arm 2: Paclitaxel,7.0,intervention,intervention,EXPERIMENTAL,intervention,to address the noninferiority of single-agent T to AC,intervention,pubmed,False,count_mismatch,3,4,False
PMID 24982457 a_Summary_SoE.pdf,NCT00107172,0,Arm 1: Sublobar Resection (SR),4.0,control,control,ACTIVE_COMPARATOR,,,control,agreement(pipeline=ctgov),False,confident_2arm,2,2,False
PMID 24982457 a_Summary_SoE.pdf,NCT00107172,0,Arm 2: Sublobar Resection + Brachytherapy (SR + BX),5.0,intervention,intervention,EXPERIMENTAL,,,intervention,agreement(pipeline=ctgov),False,confident_2arm,2,2,False
PMID 24982504 CT_Summary_SoE.pdf,NCT00406393,0,Arm B (Tacrolimus/Methotrexate),34.0,control,control,ACTIVE_COMPARATOR,,,control,agreement(pipeline=ctgov),False,confident_2arm,2,2,False
PMID 24982504 CT_Summary_SoE.pdf,NCT00406393,0,Arm A (Sirolimus/Tacrolimus),34.0,intervention,intervention,EXPERIMENTAL,,,intervention,agreement(pipeline=ctgov),False,confident_2arm,2,2,False
PMID 25014687 a_Summary_SoE.pdf,NCT00353496,0,Arm B (Placebo),18.0,control,control,PLACEBO_COMPARATOR,,,control,agreement(pipeline=ctgov),False,confident_2arm,2,2,False
PMID 25014687 a_Summary_SoE.pdf,NCT00353496,0,Arm A (Lanreotide Autogel 120 mg),18.0,intervention,intervention,EXPERIMENTAL,,,intervention,agreement(pipeline=ctgov),False,confident_2arm,2,2,False
PMID 25092781 a_Summary_SoE.pdf,NCT00372593,0,Arm A (Standard chemotherapy),46.0,control,control,ACTIVE_COMPARATOR,control,randomly assigned to either standard five-course chemotherapy alone or to the same chemotherapy with two doses of GO,control,pubmed,False,count_mismatch,2,3,False
PMID 25092781 a_Summary_SoE.pdf,NCT00372593,0,Arm B (Standard chemotherapy + GMTZ),47.0,intervention,control,ACTIVE_COMPARATOR,intervention,determine whether adding GO to standard chemotherapy improved event-free survival (EFS) and overall survival,intervention,pubmed,False,count_mismatch,2,3,False
PMID 25154829 a_Summary_SoE.pdf,NCT00075946,0,Arm A (Rituximab Retreatment),8.0,control,control,ACTIVE_COMPARATOR,,,control,agreement(pipeline=ctgov),False,confident_2arm,2,2,False
PMID 25154829 a_Summary_SoE.pdf,NCT00075946,0,Arm B (Rituximab Scheduled Dosing),8.0,intervention,intervention,EXPERIMENTAL,,,intervention,agreement(pipeline=ctgov),False,confident_2arm,2,2,False
PMID 25184863 a_Summary_SoE.pdf,NCT00689936,0,Arm C (MPT for 12 cycles),21.0,control,control,ACTIVE_COMPARATOR,control,melphalan-prednisone-thalidomide (MPT) is considered a standard therapy for patients with myeloma who are ineligible for stem-cell transplantation,control,pubmed,False,uncertain,3,3,False
PMID 25184863 a_Summary_SoE.pdf,NCT00689936,0,Arm A (Rd until PD),21.0,intervention,intervention,EXPERIMENTAL,intervention,The primary end point was progression-free survival with continuous lenalidomide-dexamethasone versus MPT,intervention,pubmed,False,uncertain,3,3,False
PMID 25184863 a_Summary_SoE.pdf,NCT00689936,1,Arm B (Rd for 18 cycles),21.0,intervention,intervention,EXPERIMENTAL,intervention,lenalidomide and dexamethasone in 28-day cycles until disease progression... to the same combination for 72 weeks (18 cycles; 541 patients),intervention,pubmed,False,uncertain,3,3,False
PMID 25225436 a_Summary_SoE.pdf,NCT00866697,0,Arm B (Placebo),10.0,control,control,PLACEBO_COMPARATOR,,,control,agreement(pipeline=ctgov),False,confident_2arm,2,2,False
PMID 25225436 a_Summary_SoE.pdf,NCT00866697,0,Arm A (Pazopanib),10.0,intervention,intervention,EXPERIMENTAL,,,intervention,agreement(pipeline=ctgov),False,confident_2arm,2,2,False
PMID 25265494 a_Summary_SoE.pdf,NCT01689519,0,Arm A (Vemurafenib + Placebo),20.0,control,control,ACTIVE_COMPARATOR,,,control,agreement(pipeline=ctgov),False,confident_2arm,2,2,False
PMID 25265494 a_Summary_SoE.pdf,NCT01689519,0,Arm B (Vemurafenib + Cobimetinib),20.0,intervention,intervention,EXPERIMENTAL,,,intervention,agreement(pipeline=ctgov),False,confident_2arm,2,2,False
PMID 25267740 a_Summary_SoE.pdf,NCT00078949,0,Arm S2 (DHAP +/- Rituximab),9.0,control,intervention,EXPERIMENTAL,control,gemcitabine-based therapy before autologous stem-cell transplantation (ASCT) is as effective as and less toxic than standard treatment,control,pubmed,False,count_mismatch,3,4,False
PMID 25267740 a_Summary_SoE.pdf,NCT00078949,0,Arm S1 (GDP),9.0,intervention,intervention,EXPERIMENTAL,intervention,we hypothesized that gemcitabine-based therapy before autologous stem-cell transplantation (ASCT) is as effective as and less toxic than standard treatment,intervention,pubmed,False,count_mismatch,3,4,False
PMID 25267740 a_Summary_SoE.pdf,NCT00078949,1,Arm S2 (DHAP),20.5,intervention,intervention,EXPERIMENTAL,control,treatment with GDP is associated with a noninferior response rate... less toxicity and hospitalization,control,pubmed,False,count_mismatch,3,4,True
PMID 25311218 a_Summary_SoE.pdf,NCT00025259,0,RER Standard (ABVE-PC x4 + IFRT),37.0,control,intervention,EXPERIMENTAL,control,RERs with CR were randomly assigned to involved-field radiotherapy (IFRT) or no additional therapy,control,pubmed,False,count_mismatch,4,7,False
PMID 25311218 a_Summary_SoE.pdf,NCT00025259,1,SER Standard (ABVE-PC x4 + IFRT),36.5,control,intervention,EXPERIMENTAL,control,Slow early responders (SERs) were randomly assigned to receive two additional ABVE-PC cycles with or without two cycles of... DECA,control,pubmed,False,count_mismatch,4,7,False
PMID 25311218 a_Summary_SoE.pdf,NCT00025259,0,RER Reduced (ABVE-PC x4),24.0,intervention,intervention,EXPERIMENTAL,intervention,omitting radiotherapy in RERs with CR,intervention,pubmed,False,count_mismatch,4,7,False
PMID 25311218 a_Summary_SoE.pdf,NCT00025259,1,SER Augmented (ABVE-PC x2 + DECA x2 + ABVE-PC x2 + IFRT),43.0,intervention,intervention,EXPERIMENTAL,intervention,augmenting chemotherapy in SERs with PET-positive disease,intervention,pubmed,False,count_mismatch,4,7,False
PMID 25332243 a_Summary_SoE.pdf,NCT00006237,0,Arm 1 (High-Dose Interferon Alpha-2b),29.0,control,control,ACTIVE_COMPARATOR,control,High-dose interferon (IFN) for 1 year (HDI) is the US Food and Drug Administration-approved adjuvant therapy,control,pubmed,False,count_mismatch,3,2,False
PMID 25332243 a_Summary_SoE.pdf,NCT00006237,0,Arm 2 (Biochemotherapy: CVD + IL-2 + IFN + G-CSF),49.0,intervention,intervention,EXPERIMENTAL,intervention,We sought to determine whether a shorter course of biochemotherapy would be more effective,intervention,pubmed,False,count_mismatch,3,2,False
PMID 25332243 a_Summary_SoE.pdf,NCT00006237,1,Arm 1 (One Year High-Dose Interferon Alpha-2b),164.0,intervention,intervention,,control,High-dose interferon (IFN) for 1 year (HDI) is the US Food and Drug Administration-approved adjuvant therapy,control,pubmed,False,count_mismatch_leftover,3,2,True
PMID 25348000 a_Summary_SoE.pdf,NCT00390455,0,Arm B (Fulvestrant + Placebo),15.0,control,control,PLACEBO_COMPARATOR,,,control,agreement(pipeline=ctgov),False,confident_2arm,2,2,False
PMID 25348000 a_Summary_SoE.pdf,NCT00390455,0,Arm A (Fulvestrant + Lapatinib),15.0,intervention,intervention,EXPERIMENTAL,,,intervention,agreement(pipeline=ctgov),False,confident_2arm,2,2,False
PMID 25354103 a_Summary_SoE.pdf,NCT00412360,0,Arm A (Single Umbilical Cord Blood Transplantation),49.0,control,intervention,EXPERIMENTAL,control,we hypothesized that the greater numbers of hematopoietic cells in two units of cord blood would be associated with improved outcomes,control,pubmed,False,confident_2arm,2,2,False
PMID 25354103 a_Summary_SoE.pdf,NCT00412360,0,Arm B (Double Umbilical Cord Blood Transplantation),49.0,intervention,intervention,EXPERIMENTAL,intervention,we hypothesized that the greater numbers of hematopoietic cells in two units of cord blood would be associated with improved outcomes after transplantation,intervention,pubmed,False,confident_2arm,2,2,False
PMID 25366680 a_Summary_SoE.pdf,NCT00047008,0,Arm 1 (Standard Fractionation + Cisplatin),40.0,control,intervention,OTHER,control,We tested the efficacy and toxicity of cisplatin plus accelerated fractionation with a concomitant boost (AFX-C) versus standard fractionation (SFX),control,pubmed,False,confident_2arm,2,2,False
PMID 25366680 a_Summary_SoE.pdf,NCT00047008,0,Arm 2 (Accelerated Fractionation + Cisplatin),35.0,intervention,intervention,EXPERIMENTAL,intervention,We tested the efficacy and toxicity of cisplatin plus accelerated fractionation with a concomitant boost (AFX-C) versus standard fractionation,intervention,pubmed,False,confident_2arm,2,2,False
PMID 25399551 a_Summary_SoE.pdf,NCT01597908,0,Arm B (Vemurafenib),15.0,control,control,ACTIVE_COMPARATOR,,,control,agreement(pipeline=ctgov),False,confident_2arm,2,2,False
PMID 25399551 a_Summary_SoE.pdf,NCT01597908,0,Arm A (Dabrafenib + Trametinib),15.0,intervention,intervention,EXPERIMENTAL,,,intervention,agreement(pipeline=ctgov),False,confident_2arm,2,2,False
PMID 25399552 a_Summary_SoE.pdf,NCT01721772,0,Arm B (Dacarbazine),36.0,control,control,ACTIVE_COMPARATOR,,,control,agreement(pipeline=ctgov),False,confident_2arm,2,2,False
PMID 25399552 a_Summary_SoE.pdf,NCT01721772,0,Arm A (Nivolumab),36.0,intervention,intervention,EXPERIMENTAL,,,intervention,agreement(pipeline=ctgov),False,confident_2arm,2,2,False
PMID 25422488 a_Summary_SoE.pdf,NCT00070564,0,Arm 5 (AC q2w x 4 -> Paclitaxel q2w x 6),22.0,intervention,control,ACTIVE_COMPARATOR,control,that paclitaxel once per week was superior to six cycles of paclitaxel once every 2 weeks,control,pubmed,False,count_mismatch,2,6,True
PMID 25422488 a_Summary_SoE.pdf,NCT00070564,1,Arm 6 (AC q2w x 4 -> Paclitaxel weekly x 12),22.0,intervention,intervention,EXPERIMENTAL,intervention,that paclitaxel once per week was superior to six cycles of paclitaxel once every 2 weeks,intervention,pubmed,False,count_mismatch,2,6,False
PMID 25470694 a_Summary_SoE.pdf,NCT01154140,0,Arm B (Chemotherapy - Pemetrexed/Cisplatin or Pemetrexed/Carboplatin),13.0,control,intervention,EXPERIMENTAL,control,Crizotinib was superior to standard first-line pemetrexed-plus-platinum chemotherapy,control,pubmed,False,confident_2arm,2,2,False
PMID 25470694 a_Summary_SoE.pdf,NCT01154140,0,Arm A (Crizotinib),19.0,intervention,control,ACTIVE_COMPARATOR,intervention,The efficacy of the ALK inhibitor crizotinib as compared with standard chemotherapy as first-line treatment... is unknown,intervention,pubmed,False,confident_2arm,2,2,False
PMID 25482145 a_Summary_SoE.pdf,NCT01080391,0,Rd Arm (Lenalidomide and Dexamethasone),26.0,control,control,ACTIVE_COMPARATOR,,,control,agreement(pipeline=ctgov),False,confident_2arm,2,2,False
PMID 25482145 a_Summary_SoE.pdf,NCT01080391,0,"CRd Arm (Carfilzomib, Lenalidomide, and Dexamethasone)",77.0,intervention,intervention,EXPERIMENTAL,,,intervention,agreement(pipeline=ctgov),False,confident_2arm,2,2,False
PMID 25495490 a_Summary_SoE.pdf,NCT00066690,0,Arm A (Tamoxifen alone),5.0,control,control,ACTIVE_COMPARATOR,control,"tested the hypothesis that tamoxifen plus ovarian suppression would improve disease-free survival, as compared with tamoxifen alone.",control,pubmed,False,uncertain,3,3,False
PMID 25495490 a_Summary_SoE.pdf,NCT00066690,0,Arm B (OFS plus Tamoxifen),14.0,intervention,intervention,EXPERIMENTAL,intervention,"for women... who remained premenopausal, the addition of ovarian suppression improved disease outcomes.",intervention,pubmed,False,uncertain,3,3,False
PMID 25495490 a_Summary_SoE.pdf,NCT00066690,1,Arm C (OFS plus Exemestane),14.0,intervention,intervention,EXPERIMENTAL,intervention,Further improvement was seen with the use of exemestane plus ovarian suppression.,intervention,pubmed,False,uncertain,3,3,False
PMID 25547503 a_Summary_SoE.pdf,NCT00901901,0,Arm B (Sorafenib + Placebo),18.0,control,control,ACTIVE_COMPARATOR,,,control,agreement(pipeline=ctgov),False,confident_2arm,2,2,False
PMID 25547503 a_Summary_SoE.pdf,NCT00901901,0,Arm A (Sorafenib + Erlotinib),18.0,intervention,intervention,EXPERIMENTAL,,,intervention,agreement(pipeline=ctgov),False,confident_2arm,2,2,False
PMID 25605862 a_Summary_SoE.pdf,NCT00337103,0,Arm B (Capecitabine),45.0,control,control,ACTIVE_COMPARATOR,,,control,agreement(pipeline=ctgov),False,confident_2arm,2,2,False
PMID 25605862 a_Summary_SoE.pdf,NCT00337103,0,Arm A (E7389 / Eribulin),45.0,intervention,intervention,EXPERIMENTAL,,,intervention,agreement(pipeline=ctgov),False,confident_2arm,2,2,False
PMID 25629741 a_Summary_SoE.pdf,NCT01243944,0,Arm 2 (Best Available Therapy),14.0,control,control,OTHER,,,control,agreement(pipeline=ctgov),False,confident_2arm,2,2,False
PMID 25629741 a_Summary_SoE.pdf,NCT01243944,0,Arm 1 (INC424/ruxolitinib),14.0,intervention,intervention,EXPERIMENTAL,,,intervention,agreement(pipeline=ctgov),False,confident_2arm,2,2,False
PMID 25671254 a_Summary_SoE.pdf,NCT01321554,0,Arm B (Placebo),16.0,control,control,PLACEBO_COMPARATOR,control,we randomly assigned 261 patients to receive lenvatinib... and 131 patients to receive placebo,control,pubmed,False,count_mismatch,2,4,False
PMID 25671254 a_Summary_SoE.pdf,NCT01321554,0,Arm A (Lenvatinib),16.0,intervention,intervention,EXPERIMENTAL,intervention,"Lenvatinib, as compared with placebo, was associated with significant improvements in progression-free survival",intervention,pubmed,False,count_mismatch,2,4,False
PMID 25682602 a_Summary_SoE.pdf,NCT00929695,0,Higher-dose prednisone (1 or 2 mg/kg/day),14.5,control,intervention,EXPERIMENTAL,control,a 50% decrease in the initial dose of prednisone... would suffice to control graft-versus-host disease,control,pubmed,False,count_mismatch,3,2,False
PMID 25682602 a_Summary_SoE.pdf,NCT00929695,0,Lower-dose prednisone (0.5 or 1 mg/kg/day),15.0,intervention,control,ACTIVE_COMPARATOR,intervention,prednisone is effective and safe for patients with newly diagnosed acute graft-versus-host disease,intervention,pubmed,False,count_mismatch,3,2,False
PMID 25682602 a_Summary_SoE.pdf,NCT00929695,1,Higher-dose prednisone (1 or 2 mg/kg/day),16.0,intervention,intervention,,control,a 50% decrease in the initial dose of prednisone... would suffice to control graft-versus-host disease,control,pubmed,False,count_mismatch_leftover,3,2,True
PMID 25713428 a_Summary_SoE.pdf,NCT01012297,0,Regimen I (Gemcitabine + Docetaxel + Placebo + G-CSF),62.0,control,intervention,EXPERIMENTAL,control,randomly assigned to gemcitabine-docetaxel plus bevacizumab or gemcitabine-docetaxel plus placebo,control,pubmed,False,confident_2arm,2,2,False
PMID 25713428 a_Summary_SoE.pdf,NCT01012297,0,Regimen II (Gemcitabine + Docetaxel + Bevacizumab + G-CSF),62.0,intervention,intervention,EXPERIMENTAL,intervention,whether the addition of bevacizumab to gemcitabine-docetaxel increases progression-free survival,intervention,pubmed,False,confident_2arm,2,2,False
PMID 25738668 a_Summary_SoE.pdf,NCT00068601,0,Arm 1 (Standard cyclophosphamide-containing adjuvant chemotherapy),8.0,control,control,ACTIVE_COMPARATOR,,,control,agreement(pipeline=ctgov),False,confident_2arm,2,2,False
PMID 25738668 a_Summary_SoE.pdf,NCT00068601,0,Arm 2 (Goserelin + Standard cyclophosphamide-containing adjuvant chemotherapy),9.0,intervention,intervention,EXPERIMENTAL,,,intervention,agreement(pipeline=ctgov),False,confident_2arm,2,2,False
PMID 25738670 a_Summary_SoE.pdf,NCT00722137,0,Arm B (R-CHOP),16.0,control,control,ACTIVE_COMPARATOR,,,control,agreement(pipeline=ctgov),False,confident_2arm,2,2,False
PMID 25738670 a_Summary_SoE.pdf,NCT00722137,0,Arm A (VcR-CAP),31.0,intervention,intervention,EXPERIMENTAL,,,intervention,agreement(pipeline=ctgov),False,confident_2arm,2,2,False
PMID 25779558 a_Summary_SoE.pdf,NCT00667251,0,Arm 2 (Trastuzumab + Taxane),35.0,control,control,ACTIVE_COMPARATOR,control,"PFS was inferior for lapatinib compared with trastuzumab, with a stratified hazard ratio (HR) of 1.37",control,pubmed,False,confident_2arm,2,2,False
PMID 25779558 a_Summary_SoE.pdf,NCT00667251,0,Arm 1 (Lapatinib + Taxane),22.0,intervention,control,ACTIVE_COMPARATOR,intervention,The efficacy of lapatinib versus trastuzumab combined with taxanes in the first-line setting... is unknown,intervention,pubmed,False,confident_2arm,2,2,False
PMID 25891173 a_Summary_SoE.pdf,NCT01866319,0,Ipilimumab Q3W (3 mg/kg every 3 weeks for 4 doses),18.0,control,intervention,EXPERIMENTAL,control,The immune checkpoint inhibitor ipilimumab is the standard-of-care treatment for patients with advanced melanoma,control,pubmed,False,confident,3,3,False
PMID 25891173 a_Summary_SoE.pdf,NCT01866319,0,MK-3475 Q3W (10 mg/kg every 3 weeks),19.0,intervention,control,ACTIVE_COMPARATOR,intervention,the anti-PD-1 antibody pembrolizumab prolonged progression-free survival and overall survival... versus ipilimumab,intervention,pubmed,False,uncertain,3,3,False
PMID 25891173 a_Summary_SoE.pdf,NCT01866319,1,MK-3475 Q2W (10 mg/kg every 2 weeks),28.0,intervention,intervention,EXPERIMENTAL,intervention,P<0.001 for both pembrolizumab regimens versus ipilimumab,intervention,pubmed,False,uncertain,3,3,False
PMID 25897156 a_Summary_SoE.pdf,NCT00369785,0,Placebo,2.0,control,control,PLACEBO_COMPARATOR,,,control,agreement(pipeline=ctgov),False,confident_2arm,2,2,False
PMID 25897156 a_Summary_SoE.pdf,NCT00369785,0,Donepezil,2.0,intervention,intervention,EXPERIMENTAL,,,intervention,agreement(pipeline=ctgov),False,confident_2arm,2,2,False
PMID 25940724 a_Summary_SoE.pdf,NCT01385137,0,Arm B (Placebo),4.0,control,control,PLACEBO_COMPARATOR,,,control,agreement(pipeline=ctgov),False,confident_2arm,2,2,False
PMID 25940724 a_Summary_SoE.pdf,NCT01385137,0,Arm A (Omega-3-Fatty Acid),4.0,intervention,intervention,EXPERIMENTAL,,,intervention,agreement(pipeline=ctgov),False,confident_2arm,2,2,False
PMID 25970050 a_Summary_SoE.pdf,NCT01607957,0,Arm B (Placebo + Best Supportive Care),28.0,control,control,PLACEBO_COMPARATOR,,,control,agreement(pipeline=ctgov),False,confident_2arm,2,2,False
PMID 25970050 a_Summary_SoE.pdf,NCT01607957,0,Arm A (TAS-102 + Best Supportive Care),28.0,intervention,intervention,EXPERIMENTAL,,,intervention,agreement(pipeline=ctgov),False,confident_2arm,2,2,False
PMID 26014293 a_Summary_SoE.pdf,NCT00769704,0,Arm B (GM-CSF),27.0,control,control,ACTIVE_COMPARATOR,,,control,agreement(pipeline=ctgov),False,confident_2arm,2,2,False
PMID 26014293 a_Summary_SoE.pdf,NCT00769704,0,Arm A (OncoVEXGM-CSF),26.0,intervention,intervention,EXPERIMENTAL,,,intervention,agreement(pipeline=ctgov),False,confident_2arm,2,2,False
PMID 26027431 a_Summary_SoE.pdf,NCT01844505,0,Arm C (Ipilimumab monotherapy),36.0,control,intervention,EXPERIMENTAL,control,nivolumab alone or nivolumab plus ipilimumab was compared with ipilimumab alone,control,pubmed,False,uncertain,3,3,False
PMID 26027431 a_Summary_SoE.pdf,NCT01844505,0,Arm A (Nivolumab monotherapy),36.0,intervention,intervention,EXPERIMENTAL,intervention,nivolumab alone or combined with ipilimumab resulted in significantly longer progression-free survival than ipilimumab alone,intervention,pubmed,False,uncertain,3,3,False
PMID 26027431 a_Summary_SoE.pdf,NCT01844505,1,Arm B (Nivolumab + Ipilimumab),36.0,intervention,intervention,EXPERIMENTAL,intervention,nivolumab alone or combined with ipilimumab resulted in significantly longer progression-free survival than ipilimumab alone,intervention,pubmed,False,confident,3,3,False
PMID 26028407 a_Summary_SoE.pdf,NCT01642004,0,Arm B (Docetaxel),19.0,control,intervention,EXPERIMENTAL,control,evaluated the efficacy and safety of nivolumab... as compared with docetaxel in this patient population,control,pubmed,False,confident_2arm,2,2,False
PMID 26028407 a_Summary_SoE.pdf,NCT01642004,0,Arm A (Nivolumab),36.0,intervention,intervention,EXPERIMENTAL,intervention,"overall survival, response rate, and progression-free survival were significantly better with nivolumab than with docetaxel",intervention,pubmed,False,confident_2arm,2,2,False
PMID 26030518 a_Summary_SoE.pdf,NCT01942135,0,Arm B (Placebo + Fulvestrant),16.0,control,control,ACTIVE_COMPARATOR,,,control,agreement(pipeline=ctgov),False,confident_2arm,2,2,False
PMID 26030518 a_Summary_SoE.pdf,NCT01942135,0,Arm A (Palbociclib + Fulvestrant),16.0,intervention,intervention,EXPERIMENTAL,,,intervention,agreement(pipeline=ctgov),False,confident_2arm,2,2,False
PMID 26035255 a_Summary_SoE.pdf,NCT01239797,0,Arm B (Lenalidomide + Dexamethasone),32.0,control,control,ACTIVE_COMPARATOR,,,control,agreement(pipeline=ctgov),False,confident_2arm,2,2,False
PMID 26035255 a_Summary_SoE.pdf,NCT01239797,0,Arm A (Elotuzumab + Lenalidomide + Dexamethasone),32.0,intervention,intervention,EXPERIMENTAL,,,intervention,agreement(pipeline=ctgov),False,confident_2arm,2,2,False
PMID 26040499 a_Summary_SoE.pdf,NCT00556374,0,Placebo (Q6M),3.0,control,control,PLACEBO_COMPARATOR,control,randomly assigned in a 1:1 ratio to receive either denosumab 60 mg or placebo administered subcutaneously every 6 months.,control,pubmed,False,count_mismatch,2,4,False
PMID 26040499 a_Summary_SoE.pdf,NCT00556374,0,Denosumab (60mg Q6M),3.0,intervention,intervention,EXPERIMENTAL,intervention,Adjuvant denosumab 60 mg twice per year reduces the risk of clinical fractures in postmenopausal women with breast cancer.,intervention,pubmed,False,count_mismatch,2,4,False
PMID 26056177 a_Summary_SoE.pdf,NCT00507416,0,VD (VELCADE and Dexamethasone),53.0,intervention,intervention,EXPERIMENTAL,control,VTD and VMP did not appear to offer an advantage over VD in transplantation-ineligible patients,control,pubmed,False,confident,3,3,True
PMID 26056177 a_Summary_SoE.pdf,NCT00507416,1,"VTD (VELCADE, Thalidomide, and Dexamethasone)",53.0,intervention,intervention,EXPERIMENTAL,intervention,VTD and VMP did not appear to offer an advantage over VD,intervention,pubmed,False,confident,3,3,False
PMID 26056177 a_Summary_SoE.pdf,NCT00507416,2,"VMP (VELCADE, Melphalan, and Prednisone)",53.0,intervention,intervention,EXPERIMENTAL,intervention,VTD and VMP did not appear to offer an advantage over VD,intervention,pubmed,False,confident,3,3,False
PMID 26122726 a_Summary_SoE.pdf,NCT01519700,0,Arm B (Radiosurgery + WBRT),18.0,control,intervention,EXPERIMENTAL,unresolved,,control,pipeline_fallback(pubmed_unresolved),True,confident_2arm,2,2,False
PMID 26122726 a_Summary_SoE.pdf,NCT01519700,0,Arm A (Radiosurgery alone),6.0,intervention,control,ACTIVE_COMPARATOR,unresolved,,intervention,pipeline_fallback(pubmed_unresolved),True,confident_2arm,2,2,False
PMID 26159065 CT_Summary_SoE.pdf,NCT01544179,0,Arm B (Placebo + Cisplatin/Pemetrexed),12.0,control,control,PLACEBO_COMPARATOR,,,control,agreement(pipeline=ctgov),False,confident_2arm,2,2,False
PMID 26159065 CT_Summary_SoE.pdf,NCT01544179,0,Arm A (Gefitinib + Cisplatin/Pemetrexed),12.0,intervention,intervention,EXPERIMENTAL,,,intervention,agreement(pipeline=ctgov),False,confident_2arm,2,2,False
PMID 26169611 a_Summary_SoE.pdf,NCT01244191,0,Arm 2: Placebo plus Erlotinib,16.0,control,control,ACTIVE_COMPARATOR,,,control,agreement(pipeline=ctgov),False,confident_2arm,2,2,False
PMID 26169611 a_Summary_SoE.pdf,NCT01244191,0,Arm 1: Tivantinib (ARQ 197) plus Erlotinib,16.0,intervention,intervention,EXPERIMENTAL,,,intervention,agreement(pipeline=ctgov),False,confident_2arm,2,2,False
PMID 26206652 CT_Summary_SoE.pdf,NCT01596283,0,Group 1 (Standard fluid management),9.0,control,control,ACTIVE_COMPARATOR,control,randomized to GDT using stroke volume variation as an end point or to standard perioperative resuscitation,control,pubmed,False,confident_2arm,2,2,False
PMID 26206652 CT_Summary_SoE.pdf,NCT01596283,0,Group 2 (Goal-directed fluid therapy - GDT),9.0,intervention,control,ACTIVE_COMPARATOR,intervention,randomized to GDT using stroke volume variation as an end point or to standard perioperative resuscitation,intervention,pubmed,False,confident_2arm,2,2,False
PMID 26244877 a_Summary_SoE.pdf,NCT00309985,0,Arm B (Androgen Deprivation Therapy alone),5.0,control,control,ACTIVE_COMPARATOR,,,control,agreement(pipeline=ctgov),False,confident_2arm,2,2,False
PMID 26244877 a_Summary_SoE.pdf,NCT00309985,0,Arm A (Androgen Deprivation Therapy + Docetaxel),9.0,intervention,intervention,EXPERIMENTAL,,,intervention,agreement(pipeline=ctgov),False,confident_2arm,2,2,False
PMID 26351350 a_Summary_SoE.pdf,NCT01989572,0,Arm F: GM-CSF Placebo (HLA-A2-),14.0,control,control,PLACEBO_COMPARATOR,control,"HLA-A2-negative patients, GM-CSF or placebo",control,pubmed,False,confident,6,6,False
PMID 26351350 a_Summary_SoE.pdf,NCT01989572,1,Arm D: GM-CSF Placebo + Peptide Placebo (HLA-A2+),14.5,control,control,PLACEBO_COMPARATOR,control,"HLA-A2-positive patients were randomly assigned to receive GM-CSF, PV, both, or placebo",control,pubmed,False,confident,6,6,False
PMID 26351350 a_Summary_SoE.pdf,NCT01989572,0,Arm E: GM-CSF (HLA-A2-),14.0,intervention,intervention,EXPERIMENTAL,intervention,evaluate the effect of granulocyte-macrophage colony-stimulating factor (GM-CSF) and peptide vaccination,intervention,pubmed,False,uncertain,6,6,False
PMID 26351350 a_Summary_SoE.pdf,NCT01989572,1,Arm A: GM-CSF + Peptide Vaccination (HLA-A2+),14.5,intervention,intervention,EXPERIMENTAL,intervention,"HLA-A2-positive patients were randomly assigned to receive GM-CSF, PV, both, or placebo",intervention,pubmed,False,uncertain,6,6,False
PMID 26351350 a_Summary_SoE.pdf,NCT01989572,2,Arm B: GM-CSF Placebo + Peptide Vaccination (HLA-A2+),14.5,intervention,intervention,EXPERIMENTAL,intervention,evaluate the effect of granulocyte-macrophage colony-stimulating factor (GM-CSF) and peptide vaccination (PV),intervention,pubmed,False,uncertain,6,6,False
PMID 26351350 a_Summary_SoE.pdf,NCT01989572,3,Arm C: GM-CSF + Peptide Placebo (HLA-A2+),14.5,intervention,intervention,EXPERIMENTAL,intervention,"HLA-A2-positive patients were randomly assigned to receive GM-CSF, PV, both, or placebo",intervention,pubmed,False,confident,6,6,False
PMID 26371143 a_Summary_SoE.pdf,NCT01343277,0,Dacarbazine (DTIC),53.0,control,control,ACTIVE_COMPARATOR,,,control,agreement(pipeline=ctgov),False,confident_2arm,2,2,False
PMID 26371143 a_Summary_SoE.pdf,NCT01343277,0,Trabectedin (YONDELIS),71.0,intervention,intervention,EXPERIMENTAL,,,intervention,agreement(pipeline=ctgov),False,confident_2arm,2,2,False
PMID 26377300 CT_Summary_SoE.pdf,NCT01039376,0,Arm B (Observation only),8.0,control,control,OTHER,,,control,agreement(pipeline=ctgov),False,confident_2arm,2,2,False
PMID 26377300 CT_Summary_SoE.pdf,NCT01039376,0,Arm A (Ofatumumab maintenance),8.0,intervention,intervention,EXPERIMENTAL,,,intervention,agreement(pipeline=ctgov),False,confident_2arm,2,2,False
PMID 26406148 a_Summary_SoE.pdf,NCT01668784,0,Arm B (Everolimus),14.0,control,control,ACTIVE_COMPARATOR,,,control,agreement(pipeline=ctgov),False,confident_2arm,2,2,False
PMID 26406148 a_Summary_SoE.pdf,NCT01668784,0,Arm A (Nivolumab),27.0,intervention,intervention,EXPERIMENTAL,,,intervention,agreement(pipeline=ctgov),False,confident_2arm,2,2,False
PMID 26406150 a_Summary_SoE.pdf,NCT01865747,0,Everolimus (Afinitor),16.0,control,control,ACTIVE_COMPARATOR,,,control,agreement(pipeline=ctgov),False,confident_2arm,2,2,False
PMID 26406150 a_Summary_SoE.pdf,NCT01865747,0,Cabozantinib (XL184),16.0,intervention,intervention,EXPERIMENTAL,,,intervention,agreement(pipeline=ctgov),False,confident_2arm,2,2,False
PMID 26412349 a_Summary_SoE.pdf,NCT00310180,0,Arm B (Hormonal Therapy Alone),4.0,control,intervention,EXPERIMENTAL,unresolved,,control,pipeline_fallback(pubmed_unresolved),True,count_mismatch,2,4,False
PMID 26412349 a_Summary_SoE.pdf,NCT00310180,0,Arm C (Chemotherapy + Hormonal Therapy),8.0,intervention,intervention,EXPERIMENTAL,unresolved,,intervention,pipeline_fallback(pubmed_unresolved),True,count_mismatch,2,4,False
PMID 26412456 a_Summary_SoE.pdf,NCT01673867,0,Arm B (Docetaxel),19.0,control,control,ACTIVE_COMPARATOR,,,control,agreement(pipeline=ctgov),False,confident_2arm,2,2,False
PMID 26412456 a_Summary_SoE.pdf,NCT01673867,0,Arm A (BMS-936558 / Nivolumab),28.0,intervention,intervention,EXPERIMENTAL,,,intervention,agreement(pipeline=ctgov),False,confident_2arm,2,2,False
PMID 26416999 a_Summary_SoE.pdf,NCT00129935,0,Arm A (EC-T: Epirubicin/Cyclophosphamide followed by Docetaxel),10.0,control,control,ACTIVE_COMPARATOR,,,control,agreement(pipeline=ctgov),False,confident_2arm,2,2,False
PMID 26416999 a_Summary_SoE.pdf,NCT00129935,0,Arm B (ET-X: Epirubicin/Docetaxel followed by Capecitabine),10.0,intervention,intervention,EXPERIMENTAL,,,intervention,agreement(pipeline=ctgov),False,confident_2arm,2,2,False
PMID 26527790 a_Summary_SoE.pdf,NCT00424255,0,Arm A (Placebo + Chemoradiotherapy followed by Placebo Maintenance),41.0,control,control,PLACEBO_COMPARATOR,,,control,agreement(pipeline=ctgov),False,confident_2arm,2,2,False
PMID 26527790 a_Summary_SoE.pdf,NCT00424255,0,Arm B (Lapatinib + Chemoradiotherapy followed by Lapatinib Maintenance),41.0,intervention,intervention,EXPERIMENTAL,,,intervention,agreement(pipeline=ctgov),False,confident_2arm,2,2,False
PMID 26540028 a_Summary_SoE.pdf,NCT00402779,0,Arm B (Placebo po QD),6.0,control,control,PLACEBO_COMPARATOR,,,control,agreement(pipeline=ctgov),False,confident_2arm,2,2,False
PMID 26540028 a_Summary_SoE.pdf,NCT00402779,0,Arm A (Erlotinib 150 mg po QD),6.0,intervention,intervention,EXPERIMENTAL,,,intervention,agreement(pipeline=ctgov),False,confident_2arm,2,2,False
PMID 26598744 a_Summary_SoE.pdf,NCT00490139,0,Arm 1 (Trastuzumab alone),20.0,control,control,ACTIVE_COMPARATOR,,,control,agreement(pipeline=ctgov),False,confident,4,4,False
PMID 26598744 a_Summary_SoE.pdf,NCT00490139,0,Arm 2 (Lapatinib alone),9.0,intervention,intervention,EXPERIMENTAL,,,intervention,agreement(pipeline=ctgov),False,confident,4,4,False
PMID 26598744 a_Summary_SoE.pdf,NCT00490139,1,Arm 3 (Sequence: Trastuzumab then Lapatinib),18.0,intervention,intervention,EXPERIMENTAL,,,intervention,agreement(pipeline=ctgov),False,confident,4,4,False
PMID 26598744 a_Summary_SoE.pdf,NCT00490139,2,Arm 4 (Combination: Lapatinib and Trastuzumab),20.0,intervention,intervention,EXPERIMENTAL,,,intervention,agreement(pipeline=ctgov),False,confident,4,4,False
PMID 26628478 a_Summary_SoE.pdf,NCT00680901,0,Arm B (CapeOx + Placebo),13.0,control,control,PLACEBO_COMPARATOR,,,control,agreement(pipeline=ctgov),False,confident_2arm,2,2,False
PMID 26628478 a_Summary_SoE.pdf,NCT00680901,0,Arm A (CapeOx + Lapatinib),13.0,intervention,intervention,EXPERIMENTAL,,,intervention,agreement(pipeline=ctgov),False,confident_2arm,2,2,False
PMID 26639149 a_Summary_SoE.pdf,NCT01722487,0,Arm A (Chlorambucil),20.0,control,control,ACTIVE_COMPARATOR,,,control,agreement(pipeline=ctgov),False,confident_2arm,2,2,False
PMID 26639149 a_Summary_SoE.pdf,NCT01722487,0,Arm B (PCI-32765 / Ibrutinib),20.0,intervention,intervention,EXPERIMENTAL,,,intervention,agreement(pipeline=ctgov),False,confident_2arm,2,2,False
PMID 26655421 CT_Summary_SoE.pdf,NCT01611090,0,Arm A (Placebo + Bendamustine and Rituximab),27.0,control,control,PLACEBO_COMPARATOR,,,control,agreement(pipeline=ctgov),False,confident_2arm,2,2,False
PMID 26655421 CT_Summary_SoE.pdf,NCT01611090,0,Arm B (Ibrutinib + Bendamustine and Rituximab),27.0,intervention,intervention,EXPERIMENTAL,,,intervention,agreement(pipeline=ctgov),False,confident_2arm,2,2,False
PMID 26673811 a_Summary_SoE.pdf,NCT01646021,0,Arm B (Temsirolimus),53.0,control,intervention,EXPERIMENTAL,control,primary hypothesis that ibrutinib compared with temsirolimus significantly improves progression-free survival,control,pubmed,False,confident_2arm,2,2,False
PMID 26673811 a_Summary_SoE.pdf,NCT01646021,0,Arm A (Ibrutinib),18.0,intervention,intervention,EXPERIMENTAL,intervention,primary hypothesis that ibrutinib compared with temsirolimus significantly improves progression-free survival,intervention,pubmed,False,confident_2arm,2,2,False
PMID 26703889 a_Summary_SoE.pdf,NCT01524783,0,Arm B (Placebo + Best Supportive Care),14.0,control,control,PLACEBO_COMPARATOR,,,control,agreement(pipeline=ctgov),False,confident_2arm,2,2,False
PMID 26703889 a_Summary_SoE.pdf,NCT01524783,0,Arm A (Everolimus + Best Supportive Care),14.0,intervention,intervention,EXPERIMENTAL,,,intervention,agreement(pipeline=ctgov),False,confident_2arm,2,2,False
PMID 26712084b_Summary_SoE.pdf,NCT01905657,0,Docetaxel 75 mg/m2 Q3W,18.0,control,control,ACTIVE_COMPARATOR,control,"We assessed the efficacy of pembrolizumab for patients with previously treated, PD-L1-positive, advanced non-small-cell lung cancer",control,pubmed,False,confident,3,3,False
PMID 26712084b_Summary_SoE.pdf,NCT01905657,0,MK-3475 10 mg/kg Q3W,18.0,intervention,intervention,EXPERIMENTAL,intervention,overall survival was significantly longer for pembrolizumab... 10 mg/kg versus docetaxel,intervention,pubmed,False,uncertain,3,3,False
PMID 26712084b_Summary_SoE.pdf,NCT01905657,1,MK-3475 2 mg/kg Q3W,18.0,intervention,intervention,EXPERIMENTAL,intervention,Overall survival was significantly longer for pembrolizumab 2 mg/kg versus docetaxel,intervention,pubmed,False,uncertain,3,3,False
PMID 26811519 a_Summary_SoE.pdf,NCT00686959,0,Arm B (Etoposide + Cisplatin + TRT followed by Platinum-doublet consolidation),46.0,control,control,ACTIVE_COMPARATOR,,,control,agreement(pipeline=ctgov),False,confident_2arm,2,2,False
PMID 26811519 a_Summary_SoE.pdf,NCT00686959,0,Arm A (Pemetrexed + Cisplatin + TRT followed by Pemetrexed consolidation),50.0,intervention,intervention,EXPERIMENTAL,,,intervention,agreement(pipeline=ctgov),False,confident_2arm,2,2,False
PMID 26858335 a_Summary_SoE.pdf,NCT00338286,0,Arm B (Standard Supportive Care alone),52.0,control,control,OTHER,,,control,agreement(pipeline=ctgov),False,confident_2arm,2,2,False
PMID 26858335 a_Summary_SoE.pdf,NCT00338286,0,Arm A (Epoetin Alfa plus Standard Supportive Care),52.0,intervention,intervention,EXPERIMENTAL,,,intervention,agreement(pipeline=ctgov),False,confident_2arm,2,2,False
PMID 26884585 a_Summary_SoE.pdf,NCT01512745,0,Placebo,39.0,control,control,PLACEBO_COMPARATOR,,,control,agreement(pipeline=ctgov),False,confident_2arm,2,2,False
PMID 26884585 a_Summary_SoE.pdf,NCT01512745,0,Apatinib (850 mg once daily),39.0,intervention,intervention,EXPERIMENTAL,,,intervention,agreement(pipeline=ctgov),False,confident_2arm,2,2,False
PMID 26933849 a_Summary_SoE.pdf,NCT01167712,0,Every-3-week Paclitaxel + Carboplatin,9.0,control,intervention,EXPERIMENTAL,control,whether dose-dense weekly paclitaxel and carboplatin would prolong PFS as compared with paclitaxel and carboplatin administered every 3 weeks,control,pubmed,False,confident_2arm,2,2,False
PMID 26933849 a_Summary_SoE.pdf,NCT01167712,0,Weekly Paclitaxel + Carboplatin,21.0,intervention,intervention,EXPERIMENTAL,intervention,whether dose-dense weekly paclitaxel and carboplatin would prolong progression-free survival as compared with paclitaxel... every 3 weeks,intervention,pubmed,False,confident_2arm,2,2,False
PMID 26997579 a _Summary_SoE.pdf,NCT02106494,0,Ondansetron + fosaprepitant + dexamethasone,2.0,control,intervention,EXPERIMENTAL,control,APF530 versus the standard three-drug regimen provided superior control of delayed-phase CINV,control,pubmed,False,confident_2arm,2,2,False
PMID 26997579 a _Summary_SoE.pdf,NCT02106494,0,APF530 (granisetron extended-release) + fosaprepitant + dexamethasone,2.0,intervention,control,ACTIVE_COMPARATOR,intervention,We compared efficacy and safety of APF530 versus ondansetron for delayed CINV,intervention,pubmed,False,confident_2arm,2,2,False
PMID 27044935 a_Summary_SoE.pdf,NCT00331773,0,Arm 1 (Conventionally Fractionated 3D-CRT/IMRT),45.0,control,control,ACTIVE_COMPARATOR,,,control,agreement(pipeline=ctgov),False,confident_2arm,2,2,False
PMID 27044935 a_Summary_SoE.pdf,NCT00331773,0,Arm 2 (Hypofractionated 3D-CRT/IMRT),32.0,intervention,intervention,EXPERIMENTAL,,,intervention,agreement(pipeline=ctgov),False,confident_2arm,2,2,False
PMID 27119237 a_Summary_SoE.pdf,NCT01564537,0,Placebo + Lenalidomide + Dexamethasone,21.0,control,control,PLACEBO_COMPARATOR,,,control,agreement(pipeline=ctgov),False,confident_2arm,2,2,False
PMID 27119237 a_Summary_SoE.pdf,NCT01564537,0,MLN9708 + Lenalidomide + Dexamethasone,21.0,intervention,intervention,EXPERIMENTAL,,,intervention,agreement(pipeline=ctgov),False,confident_2arm,2,2,False
PMID 27264120 a_Summary_SoE.pdf,NCT00754845,0,Arm 2 (Placebo),2.0,control,control,PLACEBO_COMPARATOR,control,"double-blind, placebo-controlled trial to assess the effect of the extended use of letrozole for an additional 5 years",control,pubmed,False,count_mismatch,4,2,False
PMID 27264120 a_Summary_SoE.pdf,NCT00754845,1,Arm 2: Placebo (MA.17 Core Study),3.0,control,control,,control,"double-blind, placebo-controlled trial to assess the effect of the extended use of letrozole",control,pubmed,False,count_mismatch_leftover,4,2,False
PMID 27264120 a_Summary_SoE.pdf,NCT00754845,0,Arm 1 (Letrozole),2.0,intervention,intervention,EXPERIMENTAL,intervention,to assess the effect of the extended use of letrozole for an additional 5 years,intervention,pubmed,False,count_mismatch,4,2,False
PMID 27264120 a_Summary_SoE.pdf,NCT00754845,1,Arm 1: Letrozole (MA.17 Core Study),3.0,intervention,intervention,,intervention,to assess the effect of the extended use of letrozole for an additional 5 years,intervention,pubmed,False,count_mismatch_leftover,4,2,False
PMID 27354480 a_Summary_SoE.pdf,NCT01029262,0,Placebo,7.0,control,control,PLACEBO_COMPARATOR,,,control,agreement(pipeline=ctgov),False,confident_2arm,2,2,False
PMID 27354480 a_Summary_SoE.pdf,NCT01029262,0,Lenalidomide,7.0,intervention,intervention,EXPERIMENTAL,,,intervention,agreement(pipeline=ctgov),False,confident_2arm,2,2,False
PMID 27458307 a_Summary_SoE.pdf,NCT01450761,0,Arm B (Placebo + Etoposide/Platinum),18.0,control,control,PLACEBO_COMPARATOR,,,control,agreement(pipeline=ctgov),False,confident_2arm,2,2,False
PMID 27458307 a_Summary_SoE.pdf,NCT01450761,0,Arm A (Ipilimumab + Etoposide/Platinum),18.0,intervention,intervention,EXPERIMENTAL,,,intervention,agreement(pipeline=ctgov),False,confident_2arm,2,2,False
PMID 27458945 a_Summary_SoE.pdf,NCT00377156,0,Arm B (Radiosurgery + Whole Brain Radiation Therapy),18.0,control,intervention,EXPERIMENTAL,control,"WBRT significantly improves tumor control in the brain after stereotactic radiosurgery, yet... its role... remains controversial",control,pubmed,False,confident_2arm,2,2,False
PMID 27458945 a_Summary_SoE.pdf,NCT00377156,0,Arm A (Radiosurgery alone),6.0,intervention,control,ACTIVE_COMPARATOR,intervention,"for patients with 1 to 3 brain metastases amenable to radiosurgery, SRS alone may be a preferred strategy",intervention,pubmed,False,confident_2arm,2,2,False
PMID 27557302 a_Summary_SoE.pdf,NCT02136134,0,Vd (Bortezomib and Dexamethasone),40.0,control,control,ACTIVE_COMPARATOR,,,control,agreement(pipeline=ctgov),False,confident_2arm,2,2,False
PMID 27557302 a_Summary_SoE.pdf,NCT02136134,0,"DVd (Daratumumab, Bortezomib, and Dexamethasone)",43.0,intervention,intervention,EXPERIMENTAL,,,intervention,agreement(pipeline=ctgov),False,confident_2arm,2,2,False
PMID 27569442 CT_Summary_SoE.pdf,NCT00134030,0,Arm A & C (MAP - Control),41.0,control,control,ACTIVE_COMPARATOR,control,"either postoperative cisplatin, doxorubicin, and methotrexate (MAP) or MAP plus ifosfamide and etoposide (MAPIE)... results define standard of care.",control,pubmed,False,count_mismatch,3,4,False
PMID 27569442 CT_Summary_SoE.pdf,NCT00134030,0,Arm B (MAP + Pegylated Interferon alfa-2b),56.0,intervention,intervention,EXPERIMENTAL,unresolved,,intervention,pipeline_fallback(pubmed_unresolved),True,count_mismatch,3,4,False
PMID 27569442 CT_Summary_SoE.pdf,NCT00134030,1,Arm D (MAP + Ifosfamide/Etoposide),61.0,intervention,intervention,EXPERIMENTAL,intervention,do not support the addition of ifosfamide and etoposide to postoperative chemotherapy... associated with increased toxicity.,intervention,pubmed,False,count_mismatch,3,4,False
PMID 27705267 a_Summary_SoE.pdf,NCT02076009,0,Arm B (Rd: Lenalidomide and Dexamethasone),24.0,control,control,ACTIVE_COMPARATOR,,,control,agreement(pipeline=ctgov),False,confident_2arm,2,2,False
PMID 27705267 a_Summary_SoE.pdf,NCT02076009,0,"Arm A (DRd: Daratumumab, Lenalidomide, and Dexamethasone)",24.0,intervention,intervention,EXPERIMENTAL,,,intervention,agreement(pipeline=ctgov),False,confident_2arm,2,2,False
PMID 27717299 a_Summary_SoE.pdf,NCT01847274,0,Placebo,17.0,control,control,PLACEBO_COMPARATOR,control,evaluate the efficacy of niraparib versus placebo as maintenance treatment,control,pubmed,False,count_mismatch,3,2,False
PMID 27717299 a_Summary_SoE.pdf,NCT01847274,0,Niraparib,17.0,intervention,control,ACTIVE_COMPARATOR,intervention,evaluate the efficacy of niraparib versus placebo as maintenance treatment,intervention,pubmed,False,count_mismatch,3,2,False
PMID 27717299 a_Summary_SoE.pdf,NCT01847274,1,Niraparib (Food Effect Sub-Study),26.0,intervention,intervention,,intervention,evaluate the efficacy of niraparib versus placebo as maintenance treatment,intervention,pubmed,False,count_mismatch_leftover,3,2,False
PMID 27717303 a_Summary_SoE.pdf,NCT01958021,0,Arm B (Placebo + Letrozole),15.0,control,control,PLACEBO_COMPARATOR,,,control,agreement(pipeline=ctgov),False,confident_2arm,2,2,False
PMID 27717303 a_Summary_SoE.pdf,NCT01958021,0,Arm A (LEE011 + Letrozole),15.0,intervention,intervention,EXPERIMENTAL,,,intervention,agreement(pipeline=ctgov),False,confident_2arm,2,2,False
PMID 27718781 a_Summary_SoE.pdf,NCT00375674,0,Arm B (Placebo),10.0,control,control,PLACEBO_COMPARATOR,,,control,agreement(pipeline=ctgov),False,confident_2arm,2,2,False
PMID 27718781 a_Summary_SoE.pdf,NCT00375674,0,Arm A (Sunitinib),10.0,intervention,intervention,EXPERIMENTAL,,,intervention,agreement(pipeline=ctgov),False,confident_2arm,2,2,False
PMID 27718784 a_Summary_SoE.pdf,NCT02105636,0,Arm IC (Investigator's Choice),53.0,control,control,ACTIVE_COMPARATOR,,,control,agreement(pipeline=ctgov),False,confident_2arm,2,2,False
PMID 27718784 a_Summary_SoE.pdf,NCT02105636,0,Arm N (Nivolumab),27.0,intervention,intervention,EXPERIMENTAL,,,intervention,agreement(pipeline=ctgov),False,confident_2arm,2,2,False
PMID 27731748 a_Summary_SoE.pdf,NCT00824265,0,FC (fludarabine and cyclophosphamide),0.0,control,control,ACTIVE_COMPARATOR,,,control,agreement(pipeline=ctgov),False,confident_2arm,2,2,False
PMID 27731748 a_Summary_SoE.pdf,NCT00824265,0,OFA+FC (Ofatumumab plus fludarabine and cyclophosphamide),0.0,intervention,intervention,EXPERIMENTAL,,,intervention,agreement(pipeline=ctgov),False,confident_2arm,2,2,False
PMID 27787547 a_Summary_SoE.pdf,NCT00087022,0,Placebo,26.0,control,control,PLACEBO_COMPARATOR,,,control,agreement(pipeline=ctgov),False,confident_2arm,2,2,False
PMID 27787547 a_Summary_SoE.pdf,NCT00087022,0,cG250,26.0,intervention,intervention,EXPERIMENTAL,,,intervention,agreement(pipeline=ctgov),False,confident_2arm,2,2,False
PMID 27908454 CT_Summary_SoE.pdf,NCT01602380,0,Arm B (Anastrozole 1 mg),15.0,control,intervention,EXPERIMENTAL,control,"Fulvestrant... is a preferred treatment option... compared with a third-generation aromatase inhibitor, a standard of care",control,pubmed,False,confident_2arm,2,2,False
PMID 27908454 CT_Summary_SoE.pdf,NCT01602380,0,Arm A (Fulvestrant 500 mg),15.0,intervention,control,ACTIVE_COMPARATOR,intervention,whether the selective oestrogen receptor degrader fulvestrant could improve progression-free survival compared with anastrozole,intervention,pubmed,False,confident_2arm,2,2,False
PMID 27914822_Summary_SoE.pdf,NCT00716976,0,Observation Arm (Control),10.0,control,intervention,EXPERIMENTAL,control,randomly assigned (1:1) to receive sodium thiosulfate or observation (control group),control,pubmed,False,confident_2arm,2,2,False
PMID 27914822_Summary_SoE.pdf,NCT00716976,0,STS Arm (Sodium Thiosulfate),10.0,intervention,intervention,EXPERIMENTAL,intervention,randomly assigned (1:1) to receive sodium thiosulfate or observation (control group),intervention,pubmed,False,confident_2arm,2,2,False
PMID 27918724 a_Summary_SoE.pdf,NCT01677910,0,Arm B (Placebo),13.0,control,intervention,EXPERIMENTAL,control,"received (1:1:1) placebo, telotristat ethyl 250 mg, or telotristat ethyl 500 mg three times per day",control,pubmed,False,count_mismatch,3,4,False
PMID 27918724 a_Summary_SoE.pdf,NCT01677910,0,Arm A (Telotristat etiprate 250 mg or 500 mg tid),13.0,intervention,intervention,EXPERIMENTAL,intervention,Estimated differences in BM frequency per day versus placebo averaged over 12 weeks were -0.81 for telotristat ethyl 250 mg,intervention,pubmed,False,count_mismatch,3,4,False
PMID 27918724 a_Summary_SoE.pdf,NCT01677910,1,Telotristat etiprate 500 mg tid,13.0,intervention,control,PLACEBO_COMPARATOR,intervention,-0.69 for telotristat ethyl 500 mg (P < .001),intervention,pubmed,False,count_mismatch,3,4,False
PMID 27918780 a_Summary_SoE.pdf,NCT02472964,0,Arm B (Herceptin plus taxane),20.0,control,control,ACTIVE_COMPARATOR,,,control,agreement(pipeline=ctgov),False,confident_2arm,2,2,False
PMID 27918780 a_Summary_SoE.pdf,NCT02472964,0,Arm A (Hercules plus taxane),20.0,intervention,intervention,EXPERIMENTAL,,,intervention,agreement(pipeline=ctgov),False,confident_2arm,2,2,False
PMID 27959613 a_Summary_SoE.pdf,NCT01740427,0,Arm B (Placebo + Letrozole),16.0,control,control,ACTIVE_COMPARATOR,,,control,agreement(pipeline=ctgov),False,confident_2arm,2,2,False
PMID 27959613 a_Summary_SoE.pdf,NCT01740427,0,Arm A (PD-0332991 + Letrozole),16.0,intervention,intervention,EXPERIMENTAL,,,intervention,agreement(pipeline=ctgov),False,confident_2arm,2,2,False
PMID 27959700 a_Summary_SoE.pdf,NCT02151981,0,Arm B (Platinum-based Doublet Chemotherapy),14.0,control,control,ACTIVE_COMPARATOR,,,control,agreement(pipeline=ctgov),False,confident_2arm,2,2,False
PMID 27959700 a_Summary_SoE.pdf,NCT02151981,0,Arm A (AZD9291 / Osimertinib),14.0,intervention,intervention,EXPERIMENTAL,,,intervention,agreement(pipeline=ctgov),False,confident_2arm,2,2,False
PMID 27979383 a_Summary_SoE.pdf,NCT02008227,0,Docetaxel,0.0,control,control,ACTIVE_COMPARATOR,,,control,agreement(pipeline=ctgov),False,confident_2arm,2,2,False
PMID 27979383 a_Summary_SoE.pdf,NCT02008227,0,Atezolizumab,0.0,intervention,intervention,EXPERIMENTAL,,,intervention,agreement(pipeline=ctgov),False,confident_2arm,2,2,False
PMID 28029326 a_Summary_SoE.pdf,NCT01014208,0,Arm B (Rituximab + DHAP),53.0,control,control,ACTIVE_COMPARATOR,,,control,agreement(pipeline=ctgov),False,confident_2arm,2,2,False
PMID 28029326 a_Summary_SoE.pdf,NCT01014208,0,Arm A (Ofatumumab + DHAP),53.0,intervention,intervention,EXPERIMENTAL,,,intervention,agreement(pipeline=ctgov),False,confident_2arm,2,2,False
PMID 28030702 a_Summary_SoE.pdf,NCT00869206,0,Arm A (Zoledronic acid every 4 weeks),14.0,control,intervention,EXPERIMENTAL,control,whether zoledronic acid administered every 12 weeks is noninferior to zoledronic acid administered every 4 weeks,control,pubmed,False,count_mismatch,3,2,False
PMID 28030702 a_Summary_SoE.pdf,NCT00869206,0,Arm B (Zoledronic acid every 12 weeks),14.0,intervention,intervention,EXPERIMENTAL,intervention,whether zoledronic acid administered every 12 weeks is noninferior to zoledronic acid administered every 4 weeks,intervention,pubmed,False,count_mismatch,3,2,False
PMID 28030702 a_Summary_SoE.pdf,NCT00869206,1,Arm B (Zoledronic acid 4 mg IV every 12 weeks),14.0,intervention,intervention,,intervention,use of zoledronic acid every 12 weeks compared with the standard dosing interval of every 4 weeks,intervention,pubmed,False,count_mismatch_leftover,3,2,False
PMID 28034081 a_Summary_SoE.pdf,NCT01057810,0,Arm B (Placebo),9.0,control,control,PLACEBO_COMPARATOR,,,control,agreement(pipeline=ctgov),False,confident_2arm,2,2,False
PMID 28034081 a_Summary_SoE.pdf,NCT01057810,0,Arm A (Ipilimumab 10 mg/kg),9.0,intervention,intervention,EXPERIMENTAL,,,intervention,agreement(pipeline=ctgov),False,confident_2arm,2,2,False
PMID 28056202 a_Summary_SoE.pdf,NCT01120184,0,Arm A (Trastuzumab + Taxane),53.0,control,intervention,EXPERIMENTAL,control,"randomly assigned 1:1:1 to control (trastuzumab plus taxane), T-DM1 plus placebo... or T-DM1 plus pertuzumab",control,pubmed,False,uncertain,3,3,False
PMID 28056202 a_Summary_SoE.pdf,NCT01120184,0,Arm B (Trastuzumab emtansine + Pertuzumab),24.0,intervention,intervention,EXPERIMENTAL,intervention,Neither experimental arm showed PFS superiority to trastuzumab plus taxane,intervention,pubmed,False,confident,3,3,False
PMID 28056202 a_Summary_SoE.pdf,NCT01120184,1,Arm C (Trastuzumab emtansine + Pertuzumab-placebo),25.0,intervention,intervention,EXPERIMENTAL,intervention,T-DM1 and T-DM1 plus pertuzumab showed noninferior PFS compared with trastuzumab plus taxane,intervention,pubmed,False,confident,3,3,False
PMID 28076709 a_Summary_SoE.pdf,NCT01578239,0,Arm B (60 mg Octreotide LAR),14.0,control,control,ACTIVE_COMPARATOR,,,control,agreement(pipeline=ctgov),False,confident_2arm,2,2,False
PMID 28076709 a_Summary_SoE.pdf,NCT01578239,0,Arm A (177Lu-DOTA0-Tyr3-Octreotate + 30 mg Octreotide LAR),21.0,intervention,intervention,EXPERIMENTAL,,,intervention,agreement(pipeline=ctgov),False,confident_2arm,2,2,False
PMID 28125763 a_Summary_SoE.pdf,NCT00320710,0,Arm A (Zometa 4 mg every 4 weeks),14.0,control,intervention,EXPERIMENTAL,control,whether zoledronic acid every 12 weeks was noninferior to zoledronic acid every 4 weeks,control,pubmed,False,count_mismatch,2,3,False
PMID 28125763 a_Summary_SoE.pdf,NCT00320710,0,Arm B (Zometa 4 mg every 12 weeks),14.0,intervention,intervention,EXPERIMENTAL,intervention,whether zoledronic acid every 12 weeks was noninferior to zoledronic acid every 4 weeks,intervention,pubmed,False,count_mismatch,2,3,False
PMID 28126333 a_Summary_SoE.pdf,NCT01828099,0,Arm 2 (Reference Chemotherapy),20.0,control,control,ACTIVE_COMPARATOR,,,control,agreement(pipeline=ctgov),False,confident_2arm,2,2,False
PMID 28126333 a_Summary_SoE.pdf,NCT01828099,0,Arm 1 (LDK378),20.0,intervention,intervention,EXPERIMENTAL,,,intervention,agreement(pipeline=ctgov),False,confident_2arm,2,2,False
PMID 28135150 a_Summary_SoE.pdf,NCT00003641,0,Arm A (Observation),5.0,control,control,OTHER,,,control,agreement(pipeline=ctgov),False,confident_2arm,2,2,False
PMID 28135150 a_Summary_SoE.pdf,NCT00003641,0,Arm B (Four Weeks High-dose IFN Alfa-2b),25.0,intervention,intervention,EXPERIMENTAL,,,intervention,agreement(pipeline=ctgov),False,confident_2arm,2,2,False
PMID 28139405 CT_Summary_SoE.pdf,NCT01569295,0,Arm B (Placebo + Bendamustine/Rituximab),23.0,control,control,PLACEBO_COMPARATOR,,,control,agreement(pipeline=ctgov),False,confident_2arm,2,2,False
PMID 28139405 CT_Summary_SoE.pdf,NCT01569295,0,Arm A (Idelalisib + Bendamustine/Rituximab),23.0,intervention,intervention,EXPERIMENTAL,,,intervention,agreement(pipeline=ctgov),False,confident_2arm,2,2,False
PMID 28140392 a_Summary_SoE.pdf,NCT00910910,0,Chlorambucil (CHB) Arm,27.0,control,control,ACTIVE_COMPARATOR,,,control,agreement(pipeline=ctgov),False,confident_2arm,2,2,False
PMID 28140392 a_Summary_SoE.pdf,NCT00910910,0,Lenalidomide (LEN) Arm,14.0,intervention,intervention,EXPERIMENTAL,,,intervention,agreement(pipeline=ctgov),False,confident_2arm,2,2,False
PMID 28146658 a_Summary_SoE.pdf,NCT00002874,0,Arm 2 (Radiation Therapy + Placebo),40.0,control,control,PLACEBO_COMPARATOR,,,control,agreement(pipeline=ctgov),False,confident_2arm,2,2,False
PMID 28146658 a_Summary_SoE.pdf,NCT00002874,0,Arm 1 (Radiation Therapy + Casodex),40.0,intervention,intervention,EXPERIMENTAL,,,intervention,agreement(pipeline=ctgov),False,confident_2arm,2,2,False
PMID 28212060 a_Summary_SoE.pdf,NCT02256436,0,"Arm B (Investigator's Choice: Paclitaxel, Docetaxel, or Vinflunine)",22.0,control,control,ACTIVE_COMPARATOR,,,control,agreement(pipeline=ctgov),False,confident_2arm,2,2,False
PMID 28212060 a_Summary_SoE.pdf,NCT02256436,0,Arm A (Pembrolizumab),18.0,intervention,intervention,EXPERIMENTAL,,,intervention,agreement(pipeline=ctgov),False,confident_2arm,2,2,False
PMID 28249141 a_Summary_SoE.pdf,NCT02013167,0,Arm 2 (Standard of Care Chemotherapy),34.0,control,control,ACTIVE_COMPARATOR,,,control,agreement(pipeline=ctgov),False,confident_2arm,2,2,False
PMID 28249141 a_Summary_SoE.pdf,NCT02013167,0,Arm 1 (Blinatumomab),42.0,intervention,intervention,EXPERIMENTAL,,,intervention,agreement(pipeline=ctgov),False,confident_2arm,2,2,False
PMID 28257752 CT_Summary_SoE.pdf,NCT01659021,0,Arm B (Ofatumumab),16.0,control,control,ACTIVE_COMPARATOR,,,control,agreement(pipeline=ctgov),False,confident_2arm,2,2,False
PMID 28257752 CT_Summary_SoE.pdf,NCT01659021,0,Arm A (Idelalisib + Ofatumumab),16.0,intervention,intervention,EXPERIMENTAL,,,intervention,agreement(pipeline=ctgov),False,confident_2arm,2,2,False
PMID 28296618 a_Summary_SoE.pdf,NCT00482677,0,Arm 1 (Short-course Radiation Therapy alone),21.0,control,control,ACTIVE_COMPARATOR,control,the benefit of adding temozolomide to a shorter course of radiotherapy is unknown,control,pubmed,False,confident_2arm,2,2,False
PMID 28296618 a_Summary_SoE.pdf,NCT00482677,0,Arm 2 (Short-course Radiation Therapy + Temozolomide),41.0,intervention,control,ACTIVE_COMPARATOR,intervention,the addition of temozolomide to short-course radiotherapy resulted in longer survival than short-course radiotherapy alone,intervention,pubmed,False,confident_2arm,2,2,False
PMID 28380315 a_Summary_SoE.pdf,NCT01339910,0,Arm B: Myeloablative Conditioning (MAC),23.0,control,control,ACTIVE_COMPARATOR,,,control,agreement(pipeline=ctgov),False,confident_2arm,2,2,False
PMID 28380315 a_Summary_SoE.pdf,NCT01339910,0,Arm A: Reduced Intensity Conditioning (RIC),22.0,intervention,intervention,EXPERIMENTAL,,,intervention,agreement(pipeline=ctgov),False,confident_2arm,2,2,False
PMID 28384065 a_Summary_SoE.pdf,NCT00569127,0,Arm 2 (Depot Octreotide Plus Interferon Alpha-2b),18.0,control,intervention,EXPERIMENTAL,unresolved,,control,pipeline_fallback(pubmed_unresolved),True,confident_2arm,2,2,False
PMID 28384065 a_Summary_SoE.pdf,NCT00569127,0,Arm 1 (Depot Octreotide Plus Bevacizumab),18.0,intervention,intervention,EXPERIMENTAL,unresolved,,intervention,pipeline_fallback(pubmed_unresolved),True,confident_2arm,2,2,False
PMID 28438473 a_Summary_SoE.pdf,NCT00565851,0,Arm I/V (No Surgery + Chemotherapy),29.0,control,control,,control,randomly assigned (1:1) to standard chemotherapy (six 3-weekly cycles of paclitaxel and carboplatin) or the same chemotherapy regimen plus bevacizumab.,control,pubmed,False,count_mismatch_leftover,5,4,False
PMID 28438473 a_Summary_SoE.pdf,NCT00565851,1,Arm III/VII (Surgery + CT/GC),31.0,control,intervention,EXPERIMENTAL,unresolved,,control,pipeline_fallback(pubmed_unresolved),True,count_mismatch,5,4,False
PMID 28438473 a_Summary_SoE.pdf,NCT00565851,0,Arm IV/VIII (Surgery + Chemotherapy + Bevacizumab),36.0,intervention,intervention,EXPERIMENTAL,unresolved,,intervention,pipeline_fallback(pubmed_unresolved),True,count_mismatch,5,4,False
PMID 28438473 a_Summary_SoE.pdf,NCT00565851,1,Arm II (Carboplatin + Paclitaxel + Bevacizumab),36.0,intervention,intervention,EXPERIMENTAL,intervention,"The addition of bevacizumab to standard chemotherapy, followed by maintenance therapy until progression, improved the median overall survival.",intervention,pubmed,False,count_mismatch,5,4,False
PMID 28438473 a_Summary_SoE.pdf,NCT00565851,2,Arm IV (Surgery + Carboplatin + Paclitaxel + Bevacizumab),34.0,intervention,control,ACTIVE_COMPARATOR,unresolved,,intervention,pipeline_fallback(pubmed_unresolved),True,count_mismatch,5,4,False
PMID 28492898 CT_Summary_SoE.pdf,NCT01933932,0,Arm B (Placebo + Docetaxel),26.0,control,intervention,EXPERIMENTAL,control,254 to receive selumetinib + docetaxel and 256 to receive placebo + docetaxel,control,pubmed,False,confident_2arm,2,2,False
PMID 28492898 CT_Summary_SoE.pdf,NCT01933932,0,Arm A (Selumetinib + Docetaxel),26.0,intervention,intervention,EXPERIMENTAL,intervention,compare efficacy of the... MEK inhibitor selumetinib + docetaxel with docetaxel alone as a second-line therapy,intervention,pubmed,False,confident_2arm,2,2,False
PMID 28501140 CT_Summary_SoE.pdf,NCT02075840,0,Arm B (Crizotinib),8.0,control,control,ACTIVE_COMPARATOR,,,control,agreement(pipeline=ctgov),False,confident_2arm,2,2,False
PMID 28501140 CT_Summary_SoE.pdf,NCT02075840,0,Arm A (Alectinib),8.0,intervention,intervention,EXPERIMENTAL,,,intervention,agreement(pipeline=ctgov),False,confident_2arm,2,2,False
PMID 28578601 a_Summary_SoE.pdf,NCT02000622,0,Arm B (Physician's Choice Chemotherapy),37.0,control,control,ACTIVE_COMPARATOR,,,control,agreement(pipeline=ctgov),False,confident_2arm,2,2,False
PMID 28578601 a_Summary_SoE.pdf,NCT02000622,0,Arm A (Olaparib Monotherapy),20.0,intervention,intervention,EXPERIMENTAL,,,intervention,agreement(pipeline=ctgov),False,confident_2arm,2,2,False
PMID 28578607 a_Summary_SoE.pdf,NCT01715285,0,Arm B (ADT + Placebos),17.0,control,control,PLACEBO_COMPARATOR,,,control,agreement(pipeline=ctgov),False,confident_2arm,2,2,False
PMID 28578607 a_Summary_SoE.pdf,NCT01715285,0,Arm A (Abiraterone Acetate + Prednisone + ADT),17.0,intervention,intervention,EXPERIMENTAL,,,intervention,agreement(pipeline=ctgov),False,confident_2arm,2,2,False
PMID 28580882 a_Summary_SoE.pdf,NCT02107703,0,Arm B (Placebo + Fulvestrant),15.0,control,control,PLACEBO_COMPARATOR,,,control,agreement(pipeline=ctgov),False,confident_2arm,2,2,False
PMID 28580882 a_Summary_SoE.pdf,NCT02107703,0,Arm A (Abemaciclib + Fulvestrant),15.0,intervention,intervention,EXPERIMENTAL,,,intervention,agreement(pipeline=ctgov),False,confident_2arm,2,2,False
PMID 28581356 a_Summary_SoE.pdf,NCT01358877,0,Arm 2 (Placebo + Trastuzumab + Chemotherapy),18.0,control,control,PLACEBO_COMPARATOR,,,control,agreement(pipeline=ctgov),False,confident_2arm,2,2,False
PMID 28581356 a_Summary_SoE.pdf,NCT01358877,0,Arm 1 (Pertuzumab + Trastuzumab + Chemotherapy),18.0,intervention,intervention,EXPERIMENTAL,,,intervention,agreement(pipeline=ctgov),False,confident_2arm,2,2,False
PMID 28600132 CT_Summary_SoE.pdf,NCT01578499,0,Arm 2: Physician's Choice (Methotrexate or Bexarotene),17.0,control,control,ACTIVE_COMPARATOR,,,control,agreement(pipeline=ctgov),False,confident_2arm,2,2,False
PMID 28600132 CT_Summary_SoE.pdf,NCT01578499,0,Arm 1: Brentuximab vedotin (SGN-35),21.0,intervention,intervention,EXPERIMENTAL,,,intervention,agreement(pipeline=ctgov),False,confident_2arm,2,2,False
PMID 28632865 a_Summary_SoE.pdf,NCT00265850,0,Arm A (Bevacizumab + FOLFOX/FOLFIRI),27.0,control,control,ACTIVE_COMPARATOR,unresolved,,control,pipeline_fallback(pubmed_unresolved),True,count_mismatch,2,3,False
PMID 28632865 a_Summary_SoE.pdf,NCT00265850,0,Arm B (Cetuximab + FOLFOX/FOLFIRI),53.0,intervention,intervention,EXPERIMENTAL,unresolved,,intervention,pipeline_fallback(pubmed_unresolved),True,count_mismatch,2,3,False
PMID 28636851 a_Summary_SoE.pdf,NCT02041533,0,Arm B (Investigator's Choice Chemotherapy),21.0,control,control,ACTIVE_COMPARATOR,,,control,agreement(pipeline=ctgov),False,confident_2arm,2,2,False
PMID 28636851 a_Summary_SoE.pdf,NCT02041533,0,Arm A (Nivolumab),27.0,intervention,intervention,EXPERIMENTAL,,,intervention,agreement(pipeline=ctgov),False,confident_2arm,2,2,False
PMID 28644114 a_Summary_SoE.pdf,NCT00651261,0,Arm B (Placebo + Chemotherapy),66.0,control,control,ACTIVE_COMPARATOR,,,control,agreement(pipeline=ctgov),False,confident_2arm,2,2,False
PMID 28644114 a_Summary_SoE.pdf,NCT00651261,0,Arm A (Midostaurin + Chemotherapy),66.0,intervention,intervention,EXPERIMENTAL,,,intervention,agreement(pipeline=ctgov),False,confident_2arm,2,2,False
PMID 28687830 a_Summary_SoE.pdf,NCT00655876,0,Arm 2 (Radiation Therapy + Paclitaxel + Cisplatin),32.0,control,control,ACTIVE_COMPARATOR,,,control,agreement(pipeline=ctgov),False,confident_2arm,2,2,False
PMID 28687830 a_Summary_SoE.pdf,NCT00655876,0,Arm 1 (Radiation Therapy + Paclitaxel + Cisplatin + Cetuximab),32.0,intervention,intervention,EXPERIMENTAL,,,intervention,agreement(pipeline=ctgov),False,confident_2arm,2,2,False
PMID 28746153 CT_Summary_SoE.pdf,NCT01438476,0,Intravenous Patient Controlled Analgesia (IVPCA),8.0,control,intervention,EXPERIMENTAL,control,compare thoracic epidural analgesia (TEA) to intravenous patient-controlled analgesia (IV-PCA) for pain control,control,pubmed,False,confident_2arm,2,2,False
PMID 28746153 CT_Summary_SoE.pdf,NCT01438476,0,Thoracic Epidural Analgesia (TEA),8.0,intervention,intervention,EXPERIMENTAL,intervention,"In major HPB surgery, TEA provides a superior patient experience through improved pain control and less narcotic use",intervention,pubmed,False,confident_2arm,2,2,False
PMID 28753384 a_Summary_SoE.pdf,NCT01308567,0,Arm C (Docetaxel 75 mg/m² + Prednisone),24.0,control,control,ACTIVE_COMPARATOR,,,control,agreement(pipeline=ctgov),False,confident,3,3,False
PMID 28753384 a_Summary_SoE.pdf,NCT01308567,0,Arm A (Cabazitaxel 25 mg/m² + Prednisone),24.0,intervention,intervention,EXPERIMENTAL,,,intervention,agreement(pipeline=ctgov),False,confident,3,3,False
PMID 28753384 a_Summary_SoE.pdf,NCT01308567,1,Arm B (Cabazitaxel 20 mg/m² + Prednisone),24.0,intervention,intervention,EXPERIMENTAL,,,intervention,agreement(pipeline=ctgov),False,confident,3,3,False
PMID 28754483 CT_Summary_SoE.pdf,NCT01874353,0,Matching Placebo,0.0,control,control,PLACEBO_COMPARATOR,,,control,agreement(pipeline=ctgov),False,confident_2arm,2,2,False
PMID 28754483 CT_Summary_SoE.pdf,NCT01874353,0,Olaparib 300 mg bd tablets,0.0,intervention,intervention,EXPERIMENTAL,,,intervention,agreement(pipeline=ctgov),False,confident_2arm,2,2,False
PMID 28796588 a_Summary_SoE.pdf,NCT01287741,0,R-CHOP (Rituximab plus CHOP),12.0,control,control,ACTIVE_COMPARATOR,,,control,agreement(pipeline=ctgov),False,confident_2arm,2,2,False
PMID 28796588 a_Summary_SoE.pdf,NCT01287741,0,G-CHOP (GA101 plus CHOP),14.0,intervention,intervention,EXPERIMENTAL,,,intervention,agreement(pipeline=ctgov),False,confident_2arm,2,2,False
PMID 28809610 a_Summary_SoE.pdf,NCT01308580,0,Arm B (Cabazitaxel 25 mg/m²),20.0,control,control,,control,noninferiority of cabazitaxel 20 mg/m2 (C20) versus C25... the Currently Approved Dose (25 mg/m2),control,pubmed,False,count_mismatch_leftover,3,2,False
PMID 28809610 a_Summary_SoE.pdf,NCT01308580,0,Arm A (Cabazitaxel 20 mg/m²),20.0,intervention,intervention,EXPERIMENTAL,intervention,assessed the noninferiority of cabazitaxel 20 mg/m2 (C20) versus C25 in postdocetaxel patients with mCRPC,intervention,pubmed,False,count_mismatch,3,2,False
PMID 28809610 a_Summary_SoE.pdf,NCT01308580,1,Arm B (Cabazitaxel 25 mg/m² + Prednisone),20.5,intervention,intervention,EXPERIMENTAL,control,the Currently Approved Dose (25 mg/m2)... C20 maintained >=50% of the OS benefit of C25,control,pubmed,False,count_mismatch,3,2,True
PMID 28854067 a_Summary_SoE.pdf,NCT01285609,0,Arm B (Placebo + Paclitaxel + Carboplatin),10.0,control,control,PLACEBO_COMPARATOR,,,control,agreement(pipeline=ctgov),False,confident_2arm,2,2,False
PMID 28854067 a_Summary_SoE.pdf,NCT01285609,0,Arm A (Ipilimumab + Paclitaxel + Carboplatin),10.0,intervention,intervention,EXPERIMENTAL,,,intervention,agreement(pipeline=ctgov),False,confident_2arm,2,2,False
PMID 28885881 a_Summary_SoE.pdf,NCT02125461,0,Arm B (Placebo),26.0,control,control,PLACEBO_COMPARATOR,,,control,agreement(pipeline=ctgov),False,confident_2arm,2,2,False
PMID 28885881 a_Summary_SoE.pdf,NCT02125461,0,Arm A (MEDI4736 / Durvalumab),26.0,intervention,intervention,EXPERIMENTAL,,,intervention,agreement(pipeline=ctgov),False,confident_2arm,2,2,False
PMID 28891408 a_Summary_SoE.pdf,NCT01682083,0,Arm B (Placebo),13.0,control,control,PLACEBO_COMPARATOR,,,control,agreement(pipeline=ctgov),False,confident_2arm,2,2,False
PMID 28891408 a_Summary_SoE.pdf,NCT01682083,0,Arm A (Dabrafenib + Trametinib),13.0,intervention,intervention,EXPERIMENTAL,,,intervention,agreement(pipeline=ctgov),False,confident_2arm,2,2,False
PMID 28891423 a_Summary_SoE.pdf,NCT02388906,0,Arm A (Ipilimumab 10 mg/kg + Nivolumab Placebo),31.0,control,intervention,EXPERIMENTAL,control,"In the United States, ipilimumab has also been approved as adjuvant therapy for melanoma",control,pubmed,False,count_mismatch,3,2,False
PMID 28891423 a_Summary_SoE.pdf,NCT02388906,0,Arm B (Nivolumab 3 mg/kg + Ipilimumab Placebo),31.0,intervention,intervention,EXPERIMENTAL,intervention,determine the efficacy of nivolumab versus ipilimumab for adjuvant therapy in patients with resected advanced melanoma,intervention,pubmed,False,count_mismatch,3,2,False
PMID 28891423 a_Summary_SoE.pdf,NCT02388906,1,Arm B (Nivolumab 3 mg/kg),31.0,intervention,intervention,,intervention,determine the efficacy of nivolumab versus ipilimumab for adjuvant therapy,intervention,pubmed,False,count_mismatch_leftover,3,2,False
PMID 28902533 a_Summary_SoE.pdf,NCT01235962,0,Matching Placebo,14.0,control,control,PLACEBO_COMPARATOR,,,control,agreement(pipeline=ctgov),False,confident_2arm,2,2,False
PMID 28902533 a_Summary_SoE.pdf,NCT01235962,0,Pazopanib (600 mg or 800 mg daily),14.0,intervention,intervention,EXPERIMENTAL,,,intervention,agreement(pipeline=ctgov),False,confident_2arm,2,2,False
PMID 28916367 a_Summary_SoE.pdf,NCT01968213,0,Placebo,14.0,control,control,PLACEBO_COMPARATOR,,,control,agreement(pipeline=ctgov),False,confident_2arm,2,2,False
PMID 28916367 a_Summary_SoE.pdf,NCT01968213,0,Rucaparib,14.0,intervention,intervention,EXPERIMENTAL,,,intervention,agreement(pipeline=ctgov),False,confident_2arm,2,2,False
PMID 28916371 a_Summary_SoE.pdf,NCT02426125,0,Arm B (Placebo plus Docetaxel),18.0,control,control,PLACEBO_COMPARATOR,,,control,agreement(pipeline=ctgov),False,confident_2arm,2,2,False
PMID 28916371 a_Summary_SoE.pdf,NCT02426125,0,Arm A (Ramucirumab plus Docetaxel),18.0,intervention,intervention,EXPERIMENTAL,,,intervention,agreement(pipeline=ctgov),False,confident_2arm,2,2,False
PMID 28935843 a_Summary_SoE.pdf,NCT01649856,0,Rituximab IV plus CHOP,10.0,control,intervention,EXPERIMENTAL,control,Intravenous rituximab plus chemotherapy is standard treatment for diffuse large B-cell lymphoma,control,pubmed,False,confident_2arm,2,2,False
PMID 28935843 a_Summary_SoE.pdf,NCT01649856,0,Rituximab SC plus CHOP,10.0,intervention,control,ACTIVE_COMPARATOR,intervention,A subcutaneous formulation of rituximab is expected to simplify and shorten drug preparation and administration,intervention,pubmed,False,confident_2arm,2,2,False
PMID 28958469a_Summary_SoE.pdf,NCT00774345,0,Placebo,22.0,control,control,PLACEBO_COMPARATOR,,,control,agreement(pipeline=ctgov),False,confident_2arm,2,2,False
PMID 28958469a_Summary_SoE.pdf,NCT00774345,0,Lenalidomide,22.0,intervention,intervention,EXPERIMENTAL,,,intervention,agreement(pipeline=ctgov),False,confident_2arm,2,2,False
PMID 28968163 CT a_Summary_SoE.pdf,NCT02246621,0,Control Arm B (Placebo + NSAI),20.0,control,control,PLACEBO_COMPARATOR,,,control,agreement(pipeline=ctgov),False,confident_2arm,2,2,False
PMID 28968163 CT a_Summary_SoE.pdf,NCT02246621,0,Experimental Arm A (LY2835219 + NSAI),20.0,intervention,intervention,EXPERIMENTAL,,,intervention,agreement(pipeline=ctgov),False,confident_2arm,2,2,False
PMID 28976863 a_Summary_SoE.pdf,NCT01332968,0,Arm A (Rituximab + Chemotherapy),14.0,control,control,ACTIVE_COMPARATOR,,,control,agreement(pipeline=ctgov),False,confident_2arm,2,2,False
PMID 28976863 a_Summary_SoE.pdf,NCT01332968,0,Arm B (Obinutuzumab + Chemotherapy),16.0,intervention,intervention,EXPERIMENTAL,,,intervention,agreement(pipeline=ctgov),False,confident_2arm,2,2,False
PMID 29091516 a_Summary_SoE.pdf,NCT02130557,0,Imatinib,14.0,control,control,ACTIVE_COMPARATOR,,,control,agreement(pipeline=ctgov),False,confident_2arm,2,2,False
PMID 29091516 a_Summary_SoE.pdf,NCT02130557,0,Bosutinib,14.0,intervention,intervention,EXPERIMENTAL,,,intervention,agreement(pipeline=ctgov),False,confident_2arm,2,2,False
PMID 29103871 CT_Summary_SoE.pdf,NCT01924533,0,Arm B (Placebo + Paclitaxel),28.0,control,control,PLACEBO_COMPARATOR,,,control,agreement(pipeline=ctgov),False,confident_2arm,2,2,False
PMID 29103871 CT_Summary_SoE.pdf,NCT01924533,0,Arm A (Olaparib + Paclitaxel),28.0,intervention,intervention,EXPERIMENTAL,,,intervention,agreement(pipeline=ctgov),False,confident_2arm,2,2,False
PMID 29136387 a_Summary_SoE.pdf,NCT01598298,0,Placebo,5.0,control,control,PLACEBO_COMPARATOR,,,control,agreement(pipeline=ctgov),False,confident_2arm,2,2,False
PMID 29136387 a_Summary_SoE.pdf,NCT01598298,0,Duloxetine,5.0,intervention,intervention,EXPERIMENTAL,,,intervention,agreement(pipeline=ctgov),False,confident_2arm,2,2,False
PMID 29151359 a_Summary_SoE.pdf,NCT02296125,0,Arm B (Standard of Care EGFR-TKI: gefitinib or erlotinib),14.0,control,control,ACTIVE_COMPARATOR,,,control,agreement(pipeline=ctgov),False,confident_2arm,2,2,False
PMID 29151359 a_Summary_SoE.pdf,NCT02296125,0,Arm A (AZD9291/osimertinib),14.0,intervention,intervention,EXPERIMENTAL,,,intervention,agreement(pipeline=ctgov),False,confident_2arm,2,2,False
PMID 29158011 CT_Summary_SoE.pdf,NCT00553410,0,Arm A (Continuous Letrozole),2.0,control,control,ACTIVE_COMPARATOR,control,Extended adjuvant intermittent letrozole versus continuous letrozole in postmenopausal women with breast cancer,control,pubmed,False,count_mismatch,3,2,False
PMID 29158011 CT_Summary_SoE.pdf,NCT00553410,0,Arm A (Continuous letrozole),2.0,intervention,intervention,,control,Extended adjuvant intermittent letrozole versus continuous letrozole in postmenopausal women with breast cancer,control,pubmed,False,count_mismatch_leftover,3,2,True
PMID 29158011 CT_Summary_SoE.pdf,NCT00553410,1,Arm B (Intermittent letrozole),2.0,intervention,intervention,EXPERIMENTAL,intervention,Extended adjuvant intermittent letrozole versus continuous letrozole in postmenopausal women with breast cancer,intervention,pubmed,False,count_mismatch,3,2,False
PMID 29169877 CT_Summary_SoE.pdf,NCT00946712,0,Arm 1b (Carboplatin/Paclitaxel),12.0,control,control,,control,either with cetuximab (...cetuximab group) or without (control group),control,pubmed,False,count_mismatch_leftover,5,2,False
PMID 29169877 CT_Summary_SoE.pdf,NCT00946712,1,Arm 1a (Carboplatin/Paclitaxel/Bevacizumab),18.0,control,intervention,EXPERIMENTAL,control,either with cetuximab (...cetuximab group) or without (control group),control,pubmed,False,count_mismatch,5,2,False
PMID 29169877 CT_Summary_SoE.pdf,NCT00946712,0,Arm 1a (Carboplatin/Paclitaxel/Bevacizumab),53.0,intervention,intervention,,control,either with cetuximab (...cetuximab group) or without (control group),control,pubmed,False,count_mismatch_leftover,5,2,True
PMID 29169877 CT_Summary_SoE.pdf,NCT00946712,1,Arm 2a (Carboplatin/Paclitaxel/Bevacizumab/Cetuximab),53.0,intervention,intervention,EXPERIMENTAL,intervention,explore the activity of cetuximab with chemotherapy in patients with advanced NSCLC who are EGFR FISH-positive,intervention,pubmed,False,count_mismatch,5,2,False
PMID 29169877 CT_Summary_SoE.pdf,NCT00946712,2,Arm 2b (Carboplatin/Paclitaxel/Cetuximab),52.0,intervention,intervention,,intervention,explore the activity of cetuximab with chemotherapy in patients with advanced NSCLC who are EGFR FISH-positive,intervention,pubmed,False,count_mismatch_leftover,5,2,False
PMID 29224502 a_Summary_SoE.pdf,NCT01712490,0,"Arm B (ABVD: doxorubicin, bleomycin, vinblastine, and dacarbazine)",16.0,control,control,ACTIVE_COMPARATOR,,,control,agreement(pipeline=ctgov),False,confident_2arm,2,2,False
PMID 29224502 a_Summary_SoE.pdf,NCT01712490,0,"Arm A (A+AVD: Brentuximab vedotin plus doxorubicin, vinblastine, and dacarbazine)",20.0,intervention,intervention,EXPERIMENTAL,,,intervention,agreement(pipeline=ctgov),False,confident_2arm,2,2,False
PMID 29231094 a_Summary_SoE.pdf,NCT02073682,0,Dalteparin,6.0,control,control,ACTIVE_COMPARATOR,,,control,agreement(pipeline=ctgov),False,confident_2arm,2,2,False
PMID 29231094 a_Summary_SoE.pdf,NCT02073682,0,LMWH/Edoxaban,6.0,intervention,intervention,EXPERIMENTAL,,,intervention,agreement(pipeline=ctgov),False,confident_2arm,2,2,False
PMID 29238824 a_Summary_SoE.pdf,NCT01067144,0,Placebo Arm,3.0,control,control,PLACEBO_COMPARATOR,control,"Gabapentin... or active placebo (lorazepam, 0.5 mg) preoperatively followed by inactive placebo postoperatively.",control,pubmed,False,count_mismatch,3,2,False
PMID 29238824 a_Summary_SoE.pdf,NCT01067144,1,Observational Arm,3.0,control,control,,unresolved,,control,pipeline_fallback(pubmed_unresolved),True,count_mismatch_leftover,3,2,False
PMID 29238824 a_Summary_SoE.pdf,NCT01067144,0,Gabapentin Arm,3.0,intervention,intervention,EXPERIMENTAL,intervention,To determine the effect of perioperative gabapentin on remote postoperative time to pain resolution and opioid cessation.,intervention,pubmed,False,count_mismatch,3,2,False
PMID 29244528 a_Summary_SoE.pdf,NCT01160211,0,Arm B (Trastuzumab + AI),18.0,control,control,ACTIVE_COMPARATOR,control,primary end point was progression-free survival ... with LAP + TRAS + AI versus TRAS + AI,control,pubmed,False,confident,3,3,False
PMID 29244528 a_Summary_SoE.pdf,NCT01160211,0,Arm C (Lapatinib + AI),13.0,intervention,control,ACTIVE_COMPARATOR,intervention,"median PFS with LAP + AI versus TRAS + AI was 8.3 versus 5.7 months (hazard ratio, 0.71",intervention,pubmed,False,confident,3,3,False
PMID 29244528 a_Summary_SoE.pdf,NCT01160211,1,Arm A (Lapatinib + Trastuzumab + AI),18.0,intervention,intervention,EXPERIMENTAL,intervention,"superior PFS was observed with LAP + TRAS + AI versus TRAS + AI (median PFS, 11 v 5.7 months",intervention,pubmed,False,confident,3,3,False
PMID 29268948 a_Summary_SoE.pdf,NCT02302807,0,"Arm B (Chemotherapy: Vinflunine, Paclitaxel, or Docetaxel)",20.0,control,control,ACTIVE_COMPARATOR,,,control,agreement(pipeline=ctgov),False,confident_2arm,2,2,False
PMID 29268948 a_Summary_SoE.pdf,NCT02302807,0,Arm A (Atezolizumab),20.0,intervention,intervention,EXPERIMENTAL,,,intervention,agreement(pipeline=ctgov),False,confident_2arm,2,2,False
PMID 29373094 a_Summary_SoE.pdf,NCT02149524,0,Herceptin (trastuzumab),20.0,control,control,ACTIVE_COMPARATOR,,,control,agreement(pipeline=ctgov),False,confident_2arm,2,2,False
PMID 29373094 a_Summary_SoE.pdf,NCT02149524,0,SB3 (proposed trastuzumab biosimilar),20.0,intervention,intervention,EXPERIMENTAL,,,intervention,agreement(pipeline=ctgov),False,confident_2arm,2,2,False
PMID 29420164 a_Summary_SoE.pdf,NCT01946204,0,Arm B (Placebo),10.0,control,control,PLACEBO_COMPARATOR,,,control,agreement(pipeline=ctgov),False,confident_2arm,2,2,False
PMID 29420164 a_Summary_SoE.pdf,NCT01946204,0,Arm A (Apalutamide/ARN-509),10.0,intervention,intervention,EXPERIMENTAL,,,intervention,agreement(pipeline=ctgov),False,confident_2arm,2,2,False
PMID 29477665 CT_Summary_SoE.pdf,NCT01667419,0,Arm A (Placebo),17.0,control,control,PLACEBO_COMPARATOR,control,"double-blind, placebo-controlled study ... receive twice-daily adjuvant oral vemurafenib 960 mg tablets or matching placebo",control,pubmed,False,count_mismatch,2,4,False
PMID 29477665 CT_Summary_SoE.pdf,NCT01667419,0,Arm B (Vemurafenib),17.0,intervention,intervention,EXPERIMENTAL,intervention,"The BRIM8 study evaluated adjuvant vemurafenib monotherapy in patients with resected, BRAFV600 mutation-positive melanoma",intervention,pubmed,False,count_mismatch,2,4,False
PMID 29522138 a_Summary_SoE.pdf,NCT02055781,0,Arm C (Best Available Therapy [BAT]),11.0,control,control,ACTIVE_COMPARATOR,control,To compare the efficacy and safety of JAK2 inhibitor pacritinib with that of best available therapy (BAT),control,pubmed,False,uncertain,3,3,False
PMID 29522138 a_Summary_SoE.pdf,NCT02055781,0,Arm A (Pacritinib 400 mg QD),11.0,intervention,intervention,EXPERIMENTAL,intervention,"compare the efficacy and safety of JAK2 inhibitor pacritinib with that of best available therapy (BAT), including ruxolitinib",intervention,pubmed,False,uncertain,3,3,False
PMID 29522138 a_Summary_SoE.pdf,NCT02055781,1,Arm B (Pacritinib 200 mg BID),11.0,intervention,intervention,EXPERIMENTAL,intervention,Pacritinib twice daily led to significant improvements in both end points over BAT,intervention,pubmed,False,uncertain,3,3,False
PMID 29528792 a_Summary_SoE.pdf,NCT01974752,0,Arm B (Placebo + Dacarbazine),20.0,control,control,PLACEBO_COMPARATOR,,,control,agreement(pipeline=ctgov),False,confident_2arm,2,2,False
PMID 29528792 a_Summary_SoE.pdf,NCT01974752,0,Arm A (Selumetinib + Dacarbazine),20.0,intervention,intervention,EXPERIMENTAL,,,intervention,agreement(pipeline=ctgov),False,confident_2arm,2,2,False
PMID 29543933 a_Summary_SoE.pdf,NCT00033631,0,Arm 1 (Standard-dose 3D-CRT/IMRT: 70.2 Gy in 39 fractions),43.0,control,control,ACTIVE_COMPARATOR,,,control,agreement(pipeline=ctgov),False,confident_2arm,2,2,False
PMID 29543933 a_Summary_SoE.pdf,NCT00033631,0,Arm 2 (High-dose 3D-CRT/IMRT: 79.2 Gy in 44 fractions),48.0,intervention,intervention,EXPERIMENTAL,,,intervention,agreement(pipeline=ctgov),False,confident_2arm,2,2,False
PMID 29562145 a_Summary_SoE.pdf,NCT02231749,0,Arm B (Sunitinib),9.0,control,control,ACTIVE_COMPARATOR,,,control,agreement(pipeline=ctgov),False,confident_2arm,2,2,False
PMID 29562145 a_Summary_SoE.pdf,NCT02231749,0,Arm A (Nivolumab + Ipilimumab),25.0,intervention,intervention,EXPERIMENTAL,,,intervention,agreement(pipeline=ctgov),False,confident_2arm,2,2,False
PMID 29562156 a_Summary_SoE.pdf,NCT02005471,0,Arm B (Bendamustine + Rituximab),22.0,control,control,ACTIVE_COMPARATOR,control,venetoclax plus rituximab resulted in significantly higher rates of progression-free survival than bendamustine plus rituximab,control,pubmed,False,count_mismatch,2,4,False
PMID 29562156 a_Summary_SoE.pdf,NCT02005471,0,Arm A (Venetoclax + Rituximab),22.0,intervention,intervention,EXPERIMENTAL,intervention,We evaluated the efficacy of venetoclax in combination with rituximab in patients with relapsed or refractory chronic lymphocytic leukemia,intervention,pubmed,False,count_mismatch,2,4,False
PMID 29573941 a_Summary_SoE.pdf,NCT01909453,0,Vemurafenib (960mg BID),14.0,control,control,ACTIVE_COMPARATOR,control,primary endpoint was progression-free survival ... for encorafenib plus binimetinib versus vemurafenib,control,pubmed,False,count_mismatch,5,4,False
PMID 29573941 a_Summary_SoE.pdf,NCT01909453,1,Vemurafenib (960mg BID),14.0,control,intervention,EXPERIMENTAL,control,primary endpoint was progression-free survival ... for encorafenib plus binimetinib versus vemurafenib,control,pubmed,False,count_mismatch,5,4,False
PMID 29573941 a_Summary_SoE.pdf,NCT01909453,0,Combo 450 (Encorafenib 450mg QD + Binimetinib 45mg BID),14.0,intervention,intervention,EXPERIMENTAL,intervention,"We investigated encorafenib ... alone or in combination with the MEK inhibitor binimetinib, versus vemurafenib",intervention,pubmed,False,count_mismatch,5,4,False
PMID 29573941 a_Summary_SoE.pdf,NCT01909453,1,LGX818 (Encorafenib 300mg QD),14.0,intervention,intervention,EXPERIMENTAL,intervention,"We investigated encorafenib, a BRAF inhibitor with unique target-binding properties, alone or in combination with ... binimetinib, versus vemurafenib",intervention,pubmed,False,count_mismatch,5,4,False
PMID 29573941 a_Summary_SoE.pdf,NCT01909453,2,Combo 300 (Encorafenib 300mg QD + Binimetinib 45mg BID),14.0,intervention,intervention,,intervention,"We investigated encorafenib ... in combination with the MEK inhibitor binimetinib, versus vemurafenib",intervention,pubmed,False,count_mismatch_leftover,5,4,False
PMID 29624463 a_Summary_SoE.pdf,NCT00004124,0,Arm 1: Adjuvant Hormonal Therapy (Casodex and Zoladex),5.0,control,control,ACTIVE_COMPARATOR,,,control,agreement(pipeline=ctgov),False,confident_2arm,2,2,False
PMID 29624463 a_Summary_SoE.pdf,NCT00004124,0,"Arm 2: Adjuvant Chemohormonal Therapy (Mitoxantrone, Prednisone, Casodex, Zoladex)",14.0,intervention,intervention,EXPERIMENTAL,,,intervention,agreement(pipeline=ctgov),False,confident_2arm,2,2,False
PMID 29625879 CT_Summary_SoE.pdf,NCT01755767,0,Placebo,34.0,control,control,PLACEBO_COMPARATOR,control,"randomised, double-blind, placebo-controlled study ... receive oral tivantinib (120 mg twice daily) or placebo",control,pubmed,False,count_mismatch,2,4,False
PMID 29625879 CT_Summary_SoE.pdf,NCT01755767,0,Tivantinib (ARQ 197),34.0,intervention,intervention,EXPERIMENTAL,intervention,"Tivantinib (ARQ 197), a selective, oral MET inhibitor, improved overall survival and progression-free survival compared with placebo",intervention,pubmed,False,count_mismatch,2,4,False
PMID 29658430 a_Summary_SoE.pdf,NCT02362594,0,Arm B (Placebo),18.0,control,control,PLACEBO_COMPARATOR,,,control,agreement(pipeline=ctgov),False,confident_2arm,2,2,False
PMID 29658430 a_Summary_SoE.pdf,NCT02362594,0,Arm A (Pembrolizumab),18.0,intervention,intervention,EXPERIMENTAL,,,intervention,agreement(pipeline=ctgov),False,confident_2arm,2,2,False
PMID 29658856 a_Summary_SoE.pdf,NCT02578680,0,Arm 2 (Saline Placebo + Pemetrexed + Platinum),18.0,control,control,ACTIVE_COMPARATOR,,,control,agreement(pipeline=ctgov),False,confident_2arm,2,2,False
PMID 29658856 a_Summary_SoE.pdf,NCT02578680,0,Arm 1 (Pembrolizumab + Pemetrexed + Platinum),18.0,intervention,intervention,EXPERIMENTAL,,,intervention,agreement(pipeline=ctgov),False,confident_2arm,2,2,False
PMID 29668860 a_Summary_SoE.pdf,NCT02604342,0,Chemotherapy,0.0,control,control,ACTIVE_COMPARATOR,,,control,agreement(pipeline=ctgov),False,confident_2arm,2,2,False
PMID 29668860 a_Summary_SoE.pdf,NCT02604342,0,Alectinib,0.0,intervention,intervention,EXPERIMENTAL,,,intervention,agreement(pipeline=ctgov),False,confident_2arm,2,2,False
PMID 29726361 CT_Summary_SoE.pdf,NCT01856543,0,Arm 1 (Standard emollient skin care - Eucerin),26.0,control,control,PLACEBO_COMPARATOR,,,control,agreement(pipeline=ctgov),False,confident_2arm,2,2,False
PMID 29726361 CT_Summary_SoE.pdf,NCT01856543,0,Arm 2 (Mometasone furoate 0.1% cream - MF),26.0,intervention,intervention,EXPERIMENTAL,,,intervention,agreement(pipeline=ctgov),False,confident_2arm,2,2,False
PMID 29801011 CT_Summary_SoE.pdf,NCT00445601,0,Arm 2 (Saline),8.0,control,control,PLACEBO_COMPARATOR,,,control,agreement(pipeline=ctgov),False,confident_2arm,2,2,False
PMID 29801011 CT_Summary_SoE.pdf,NCT00445601,0,Arm 1 (Gemcitabine),8.0,intervention,intervention,EXPERIMENTAL,,,intervention,agreement(pipeline=ctgov),False,confident_2arm,2,2,False
PMID 29804902 CT_Summary_SoE.pdf,NCT02278120,0,Arm B (Placebo + Tamoxifen/NSAI + Goserelin),16.0,control,control,PLACEBO_COMPARATOR,,,control,agreement(pipeline=ctgov),False,confident_2arm,2,2,False
PMID 29804902 CT_Summary_SoE.pdf,NCT02278120,0,Arm A (LEE011 + Tamoxifen/NSAI + Goserelin),16.0,intervention,intervention,EXPERIMENTAL,,,intervention,agreement(pipeline=ctgov),False,confident_2arm,2,2,False
PMID 29856685 a_Summary_SoE.pdf,NCT02165397,0,Arm B (Placebo + Rituximab),16.0,control,intervention,EXPERIMENTAL,control,randomly assigned 150 symptomatic patients to receive ibrutinib plus rituximab or placebo plus rituximab,control,pubmed,False,count_mismatch,2,3,False
PMID 29856685 a_Summary_SoE.pdf,NCT02165397,0,Arm A (Ibrutinib + Rituximab),16.0,intervention,intervention,EXPERIMENTAL,intervention,We evaluated the effect of adding ibrutinib to rituximab in patients with this disease,intervention,pubmed,False,count_mismatch,2,3,False
PMID 29860922 CT_Summary_SoE.pdf,NCT02422615,0,Arm B (Placebo + Fulvestrant),16.0,control,control,PLACEBO_COMPARATOR,,,control,agreement(pipeline=ctgov),False,confident_2arm,2,2,False
PMID 29860922 CT_Summary_SoE.pdf,NCT02422615,0,Arm A (Ribociclib + Fulvestrant),16.0,intervention,intervention,EXPERIMENTAL,,,intervention,agreement(pipeline=ctgov),False,confident_2arm,2,2,False
PMID 29863955 a_Summary_SoE.pdf,NCT02366143,0,Arm C (Carboplatin + Paclitaxel + Bevacizumab),18.0,control,control,ACTIVE_COMPARATOR,,,control,agreement(pipeline=ctgov),False,confident,3,3,False
PMID 29863955 a_Summary_SoE.pdf,NCT02366143,0,Arm A (Atezolizumab + Carboplatin + Paclitaxel),18.0,intervention,intervention,EXPERIMENTAL,,,intervention,agreement(pipeline=ctgov),False,confident,3,3,False
PMID 29863955 a_Summary_SoE.pdf,NCT02366143,1,Arm B (Atezolizumab + Carboplatin + Paclitaxel + Bevacizumab),18.0,intervention,intervention,EXPERIMENTAL,,,intervention,agreement(pipeline=ctgov),False,confident,3,3,False
PMID 29866475 CT_Summary_SoE.pdf,NCT02412878,0,Arm B (Twice-weekly Carfilzomib with Dexamethasone),79.0,control,intervention,EXPERIMENTAL,control,Twice a week carfilzomib at 27 mg/m2 is approved for treatment of relapsed or refractory multiple myeloma,control,pubmed,False,confident_2arm,2,2,False
PMID 29866475 CT_Summary_SoE.pdf,NCT02412878,0,Arm A (Once-weekly Carfilzomib with Dexamethasone),40.0,intervention,intervention,EXPERIMENTAL,intervention,"Phase 1/2 CHAMPION-1, the first study exploring once-weekly carfilzomib dosing ... Once weekly carfilzomib ... significantly prolonged progression-free survival versus the twice weekly schedule",intervention,pubmed,False,confident_2arm,2,2,False
PMID 29880231 a_Summary_SoE.pdf,NCT02370498,0,Arm 2: Paclitaxel,40.0,control,control,ACTIVE_COMPARATOR,,,control,agreement(pipeline=ctgov),False,confident_2arm,2,2,False
PMID 29880231 a_Summary_SoE.pdf,NCT02370498,0,Arm 1: Pembrolizumab (MK-3475),18.0,intervention,intervention,EXPERIMENTAL,,,intervention,agreement(pipeline=ctgov),False,confident_2arm,2,2,False
PMID 29949494 a_Summary_SoE.pdf,NCT02003924,0,Placebo,5.0,control,control,SHAM_COMPARATOR,,,control,agreement(pipeline=ctgov),False,confident_2arm,2,2,False
PMID 29949494 a_Summary_SoE.pdf,NCT02003924,0,Enzalutamide,5.0,intervention,intervention,EXPERIMENTAL,,,intervention,agreement(pipeline=ctgov),False,confident_2arm,2,2,False
PMID 29972759 a_Summary_SoE.pdf,NCT01908426,0,Arm B (Placebo),16.0,control,control,PLACEBO_COMPARATOR,,,control,agreement(pipeline=ctgov),False,confident_2arm,2,2,False
PMID 29972759 a_Summary_SoE.pdf,NCT01908426,0,Arm A (Cabozantinib),16.0,intervention,intervention,EXPERIMENTAL,,,intervention,agreement(pipeline=ctgov),False,confident_2arm,2,2,False
PMID 29989857 a_Summary_SoE.pdf,NCT01672892,0,Arm 2 (4-field pelvic radiation treatment),33.0,control,intervention,EXPERIMENTAL,control,compare patient-reported acute toxicity ... during treatment with standard pelvic radiation or intensity-modulated radiation therapy (IMRT),control,pubmed,False,confident_2arm,2,2,False
PMID 29989857 a_Summary_SoE.pdf,NCT01672892,0,Arm 1 (IMRT pelvic radiation treatment),33.0,intervention,control,ACTIVE_COMPARATOR,intervention,Pelvic IMRT was associated with significantly less GI and urinary toxicity than standard RT,intervention,pubmed,False,confident_2arm,2,2,False
PMID 30010751 a_Summary_SoE.pdf,NCT02149108,0,Arm B (Placebo + Best Supportive Care),19.0,control,control,PLACEBO_COMPARATOR,,,control,agreement(pipeline=ctgov),False,confident_2arm,2,2,False
PMID 30010751 a_Summary_SoE.pdf,NCT02149108,0,Arm A (Nintedanib + Best Supportive Care),19.0,intervention,intervention,EXPERIMENTAL,,,intervention,agreement(pipeline=ctgov),False,confident_2arm,2,2,False
PMID 30024784 a_Summary_SoE.pdf,NCT01696084,0,Arm B (Conventional 7+3 Regimen),46.0,control,control,ACTIVE_COMPARATOR,,,control,agreement(pipeline=ctgov),False,confident_2arm,2,2,False
PMID 30024784 a_Summary_SoE.pdf,NCT01696084,0,Arm A (CPX-351 Liposome Injection),37.0,intervention,intervention,EXPERIMENTAL,,,intervention,agreement(pipeline=ctgov),False,confident_2arm,2,2,False
PMID 30040523 a_Summary_SoE.pdf,NCT00433511,0,Arm A (Placebo + AC -> Placebo + Paclitaxel),19.0,control,control,ACTIVE_COMPARATOR,control,receive placebo with doxorubicin and cyclophosphamide (AC) followed by weekly paclitaxel (arm A),control,pubmed,False,uncertain,3,3,False
PMID 30040523 a_Summary_SoE.pdf,NCT00433511,0,Arm B (Bevacizumab + AC -> Bevacizumab + Paclitaxel),19.0,intervention,intervention,EXPERIMENTAL,intervention,E5103 tested the effect of bevacizumab in the adjuvant setting ... bevacizumab only during AC and paclitaxel (arm B),intervention,pubmed,False,uncertain,3,3,False
PMID 30040523 a_Summary_SoE.pdf,NCT00433511,1,Arm C/D (Bevacizumab + AC -> Bevacizumab + Paclitaxel -> Bevacizumab Monotherapy),26.0,intervention,intervention,EXPERIMENTAL,intervention,bevacizumab during AC and paclitaxel followed by bevacizumab monotherapy for 10 cycles (arm C),intervention,pubmed,False,uncertain,3,3,False
PMID 30052729 CT_Summary_SoE.pdf,NCT02625623,0,Arm D (Physician's Choice - BSC Only),18.0,control,control,,control,physician's choice of chemotherapy ... patients ineligible for chemotherapy received best supportive care,control,pubmed,False,count_mismatch_leftover,4,2,False
PMID 30052729 CT_Summary_SoE.pdf,NCT02625623,1,Arm C (Physician's Choice - Irinotecan + BSC),27.0,control,intervention,EXPERIMENTAL,control,physician's choice of chemotherapy (paclitaxel ... or irinotecan 150 mg/m2 on days 1 and 15,control,pubmed,False,count_mismatch,4,2,False
PMID 30052729 CT_Summary_SoE.pdf,NCT02625623,2,Arm B (Physician's Choice - Paclitaxel + BSC),40.0,control,control,,control,"physician's choice of chemotherapy (paclitaxel 80 mg/m2 on days 1, 8, and 15",control,pubmed,False,count_mismatch_leftover,4,2,False
PMID 30052729 CT_Summary_SoE.pdf,NCT02625623,0,Arm A (Avelumab + Best Supportive Care),27.0,intervention,control,ACTIVE_COMPARATOR,intervention,"The randomised, phase III JAVELIN Gastric 300 trial compared avelumab versus physician's choice of chemotherapy as third-line therapy",intervention,pubmed,False,count_mismatch,4,2,False
PMID 30072745 a_Summary_SoE.pdf,NCT00770874,0,Arm B (single-agent Cisplatin),36.0,control,intervention,EXPERIMENTAL,control,randomised (1:1) to S-1 plus cisplatin (study group) or cisplatin alone (control group),control,pubmed,False,confident_2arm,2,2,False
PMID 30072745 a_Summary_SoE.pdf,NCT00770874,0,Arm A (S-1 + Cisplatin),36.0,intervention,control,ACTIVE_COMPARATOR,intervention,evaluated efficacy and safety of S-1 plus cisplatin vs. cisplatin alone as first-line chemotherapy,intervention,pubmed,False,confident_2arm,2,2,False
PMID 30100375 CT_Summary_SoE.pdf,NCT01728805,0,Arm B (Vorinostat / ZOLINZA),42.0,control,control,ACTIVE_COMPARATOR,,,control,agreement(pipeline=ctgov),False,confident_2arm,2,2,False
PMID 30100375 CT_Summary_SoE.pdf,NCT01728805,0,Arm A (KW-0761 / mogamulizumab),42.0,intervention,intervention,EXPERIMENTAL,,,intervention,agreement(pipeline=ctgov),False,confident_2arm,2,2,False
PMID 30105668 a_Summary_SoE.pdf,NCT02101021,0,Arm A (VMP),42.0,control,intervention,EXPERIMENTAL,unresolved,,control,pipeline_fallback(pubmed_unresolved),True,confident_2arm,2,2,False
PMID 30105668 a_Summary_SoE.pdf,NCT02101021,0,Arm B (D-VMP),42.0,intervention,control,PLACEBO_COMPARATOR,unresolved,,intervention,pipeline_fallback(pubmed_unresolved),True,confident_2arm,2,2,False
PMID 30110579 a_Summary_SoE.pdf,NCT01945775,0,Arm B (Physician's Choice),40.0,control,control,ACTIVE_COMPARATOR,,,control,agreement(pipeline=ctgov),False,confident_2arm,2,2,False
PMID 30110579 a_Summary_SoE.pdf,NCT01945775,0,Arm A (Talazoparib),38.0,intervention,intervention,EXPERIMENTAL,,,intervention,agreement(pipeline=ctgov),False,confident_2arm,2,2,False
PMID 30177994 a_Summary_SoE.pdf,NCT01351415,0,"Arm B (Standard of Care - Erlotinib, Docetaxel, or Pemetrexed)",18.0,control,control,ACTIVE_COMPARATOR,,,control,agreement(pipeline=ctgov),False,confident_2arm,2,2,False
PMID 30177994 a_Summary_SoE.pdf,NCT01351415,0,Arm A (Bevacizumab + Platinum Doublet / Bevacizumab monotherapy),18.0,intervention,intervention,EXPERIMENTAL,,,intervention,agreement(pipeline=ctgov),False,confident_2arm,2,2,False
PMID 30262187 CT _Summary_SoE.pdf,NCT02395172,0,Docetaxel Arm,18.0,control,control,ACTIVE_COMPARATOR,,,control,agreement(pipeline=ctgov),False,confident_2arm,2,2,False
PMID 30262187 CT _Summary_SoE.pdf,NCT02395172,0,Avelumab Arm,27.0,intervention,intervention,EXPERIMENTAL,,,intervention,agreement(pipeline=ctgov),False,confident_2arm,2,2,False
PMID 30280635 a_Summary_SoE.pdf,NCT02775435,0,Arm 2 (Placebo + Carboplatin + Paclitaxel/Nab-paclitaxel),26.0,control,control,ACTIVE_COMPARATOR,,,control,agreement(pipeline=ctgov),False,confident_2arm,2,2,False
PMID 30280635 a_Summary_SoE.pdf,NCT02775435,0,Arm 1 (Pembrolizumab + Carboplatin + Paclitaxel/Nab-paclitaxel),26.0,intervention,intervention,EXPERIMENTAL,,,intervention,agreement(pipeline=ctgov),False,confident_2arm,2,2,False
PMID 30280641 a_Summary_SoE.pdf,NCT02763579,0,Arm B (Placebo + Carboplatin + Etoposide),26.0,control,control,ACTIVE_COMPARATOR,,,control,agreement(pipeline=ctgov),False,confident_2arm,2,2,False
PMID 30280641 a_Summary_SoE.pdf,NCT02763579,0,Arm A (Atezolizumab + Carboplatin + Etoposide),26.0,intervention,intervention,EXPERIMENTAL,,,intervention,agreement(pipeline=ctgov),False,confident_2arm,2,2,False
PMID 30280657 a_Summary_SoE.pdf,NCT02737501,0,Arm B (Crizotinib),23.0,control,control,ACTIVE_COMPARATOR,control,"The efficacy of brigatinib, as compared with crizotinib, in patients with advanced ALK-positive NSCLC who have not previously received an ALK inhibitor",control,pubmed,False,count_mismatch,2,3,False
PMID 30280657 a_Summary_SoE.pdf,NCT02737501,0,Arm A (Brigatinib),23.0,intervention,intervention,EXPERIMENTAL,intervention,"Brigatinib, a next-generation anaplastic lymphoma kinase (ALK) inhibitor, has robust efficacy in patients ... refractory to crizotinib",intervention,pubmed,False,count_mismatch,2,3,False
PMID 30287523 CT_Summary_SoE.pdf,NCT02004522,0,Arm B (Ofatumumab),15.0,control,control,ACTIVE_COMPARATOR,,,control,agreement(pipeline=ctgov),False,confident_2arm,2,2,False
PMID 30287523 CT_Summary_SoE.pdf,NCT02004522,0,Arm A (Duvelisib),12.0,intervention,intervention,EXPERIMENTAL,,,intervention,agreement(pipeline=ctgov),False,confident_2arm,2,2,False
PMID 30345884 a_Summary_SoE.pdf,NCT01844986,0,Matching Placebo,17.0,control,control,PLACEBO_COMPARATOR,,,control,agreement(pipeline=ctgov),False,confident_2arm,2,2,False
PMID 30345884 a_Summary_SoE.pdf,NCT01844986,0,Olaparib Maintenance Monotherapy,17.0,intervention,intervention,EXPERIMENTAL,,,intervention,agreement(pipeline=ctgov),False,confident_2arm,2,2,False
PMID 30345906 a_Summary_SoE.pdf,NCT02425891,0,Arm B (Placebo + nab-paclitaxel),40.0,control,control,PLACEBO_COMPARATOR,,,control,agreement(pipeline=ctgov),False,confident_2arm,2,2,False
PMID 30345906 a_Summary_SoE.pdf,NCT02425891,0,Arm A (Atezolizumab + nab-paclitaxel),40.0,intervention,intervention,EXPERIMENTAL,,,intervention,agreement(pipeline=ctgov),False,confident_2arm,2,2,False
PMID 30346481 CT_Summary_SoE.pdf,NCT01599754,0,Arm B (placebo),10.0,control,control,PLACEBO_COMPARATOR,,,control,agreement(pipeline=ctgov),False,confident_2arm,2,2,False
PMID 30346481 CT_Summary_SoE.pdf,NCT01599754,0,Arm A (axitinib),10.0,intervention,intervention,EXPERIMENTAL,,,intervention,agreement(pipeline=ctgov),False,confident_2arm,2,2,False
PMID 30355453 CT_Summary_SoE.pdf,NCT02500043,0,Placebo + Best Supportive Care (BSC),15.0,control,intervention,EXPERIMENTAL,control,receive either oral trifluridine/tipiracil ... plus best supportive care or placebo plus best supportive care,control,pubmed,False,confident_2arm,2,2,False
PMID 30355453 CT_Summary_SoE.pdf,NCT02500043,0,TAS-102 + Best Supportive Care (BSC),15.0,intervention,intervention,EXPERIMENTAL,intervention,Trifluridine/tipiracil significantly improved overall survival compared with placebo,intervention,pubmed,False,confident_2arm,2,2,False
PMID 30389036 CT_Summary_SoE.pdf,NCT02260804,0,US-licensed Rituxan (375 mg/m² IV),10.0,control,control,ACTIVE_COMPARATOR,,,control,agreement(pipeline=ctgov),False,confident_2arm,2,2,False
PMID 30389036 CT_Summary_SoE.pdf,NCT02260804,0,CT-P10 (375 mg/m² IV),10.0,intervention,intervention,EXPERIMENTAL,,,intervention,agreement(pipeline=ctgov),False,confident_2arm,2,2,False
PMID 30415629 a_Summary_SoE.pdf,NCT01169259,0,Arm 4: Placebo Vitamin D3 + Placebo Fish Oil,0.0,control,control,ACTIVE_COMPARATOR,control,"randomized, placebo-controlled trial, with a two-by-two factorial design, of vitamin D3 ... and marine n-3 ... fatty acids ... for the prevention of cancer",control,pubmed,False,confident,4,4,False
PMID 30415629 a_Summary_SoE.pdf,NCT01169259,0,Arm 1: Vitamin D3 (2000 IU/d) + Omacor® Fish Oil (840 mg EPA+DHA),0.0,intervention,control,ACTIVE_COMPARATOR,intervention,vitamin D3 (cholecalciferol) at a dose of 2000 IU per day and marine n-3 ... fatty acids at a dose of 1 g per day for the prevention of cancer,intervention,pubmed,False,uncertain,4,4,False
PMID 30415629 a_Summary_SoE.pdf,NCT01169259,1,Arm 2: Vitamin D3 (2000 IU/d) + Fish Oil Placebo,0.0,intervention,control,PLACEBO_COMPARATOR,intervention,vitamin D3 (cholecalciferol) at a dose of 2000 IU per day ... for the prevention of cancer and cardiovascular disease,intervention,pubmed,False,confident,4,4,False
PMID 30415629 a_Summary_SoE.pdf,NCT01169259,2,Arm 3: Placebo Vitamin D3 + Omacor® Fish Oil (840 mg EPA+DHA),0.0,intervention,control,ACTIVE_COMPARATOR,intervention,marine n-3 (also called omega-3) fatty acids at a dose of 1 g per day for the prevention of cancer and cardiovascular disease,intervention,pubmed,False,confident,4,4,False
PMID 30449625 CT_Summary_SoE.pdf,NCT01302834,0,Arm 1 (Accelerated IMRT + Cisplatin),34.0,control,control,ACTIVE_COMPARATOR,control,Patients ... have high survival when treated with radiotherapy plus cisplatin. Whether replacement of cisplatin with cetuximab ... can preserve high survival,control,pubmed,False,confident_2arm,2,2,False
PMID 30449625 CT_Summary_SoE.pdf,NCT01302834,0,Arm 2 (Accelerated IMRT + Cetuximab),36.0,intervention,control,ACTIVE_COMPARATOR,intervention,Whether replacement of cisplatin with cetuximab ... can preserve high survival and reduce treatment toxicity is unknown,intervention,pubmed,False,confident_2arm,2,2,False
PMID 30501481 a_Summary_SoE.pdf,NCT01886872,0,Arm 1 (Bendamustine plus Rituximab),15.0,control,control,ACTIVE_COMPARATOR,control,Ibrutinib ... has not been compared with chemoimmunotherapy ... treatment with ibrutinib was superior to treatment with bendamustine plus rituximab,control,pubmed,False,uncertain,3,3,False
PMID 30501481 a_Summary_SoE.pdf,NCT01886872,0,Arm 2 (Ibrutinib Alone),8.0,intervention,intervention,EXPERIMENTAL,intervention,"evaluate the efficacy of ibrutinib, either alone or in combination with rituximab, relative to chemoimmunotherapy",intervention,pubmed,False,uncertain,3,3,False
PMID 30501481 a_Summary_SoE.pdf,NCT01886872,1,Arm 3 (Ibrutinib plus Rituximab),11.0,intervention,intervention,EXPERIMENTAL,intervention,"evaluate the efficacy of ibrutinib, either alone or in combination with rituximab, relative to chemoimmunotherapy",intervention,pubmed,False,uncertain,3,3,False
PMID 30509740 a_Summary_SoE.pdf,NCT02252042,0,"Standard Treatment (Methotrexate, Docetaxel, or Cetuximab)",53.0,control,control,ACTIVE_COMPARATOR,,,control,agreement(pipeline=ctgov),False,confident_2arm,2,2,False
PMID 30509740 a_Summary_SoE.pdf,NCT02252042,0,Pembrolizumab (MK-3475),18.0,intervention,intervention,EXPERIMENTAL,,,intervention,agreement(pipeline=ctgov),False,confident_2arm,2,2,False
PMID 30516102 a_Summary_SoE.pdf,NCT01772472,0,Arm B (Trastuzumab),20.0,control,control,ACTIVE_COMPARATOR,,,control,agreement(pipeline=ctgov),False,confident_2arm,2,2,False
PMID 30516102 a_Summary_SoE.pdf,NCT01772472,0,Arm A (Trastuzumab emtansine),20.0,intervention,intervention,EXPERIMENTAL,,,intervention,agreement(pipeline=ctgov),False,confident_2arm,2,2,False
PMID 30522922 CT_Summary_SoE.pdf,NCT01777152,0,Standard-of-care Arm (CHOP),15.0,control,control,ACTIVE_COMPARATOR,,,control,agreement(pipeline=ctgov),False,confident_2arm,2,2,False
PMID 30522922 CT_Summary_SoE.pdf,NCT01777152,0,Experimental Arm (Brentuximab vedotin + CHP),15.0,intervention,intervention,EXPERIMENTAL,,,intervention,agreement(pipeline=ctgov),False,confident_2arm,2,2,False
PMID 30522969 CT_Summary_SoE.pdf,NCT02264574,0,Arm B (Chlorambucil + Obinutuzumab),16.0,control,intervention,EXPERIMENTAL,control,We compared the efficacy of the combination of ibrutinib plus obinutuzumab with chlorambucil plus obinutuzumab in first-line,control,pubmed,False,confident_2arm,2,2,False
PMID 30522969 CT_Summary_SoE.pdf,NCT02264574,0,Arm A (Ibrutinib + Obinutuzumab),17.0,intervention,intervention,EXPERIMENTAL,intervention,median progression-free survival was significantly longer in the ibrutinib plus obinutuzumab group ... than in the chlorambucil plus obinutuzumab group,intervention,pubmed,False,confident_2arm,2,2,False
PMID 30545780 CT_Summary_SoE.pdf,NCT02181413,0,Placebo,17.0,control,control,PLACEBO_COMPARATOR,,,control,agreement(pipeline=ctgov),False,confident_2arm,2,2,False
PMID 30545780 CT_Summary_SoE.pdf,NCT02181413,0,Ixazomib,17.0,intervention,intervention,EXPERIMENTAL,,,intervention,agreement(pipeline=ctgov),False,confident_2arm,2,2,False
PMID 30575484 a_Summary_SoE.pdf,NCT02066181,0,Arm 2 (Placebo),15.0,control,control,PLACEBO_COMPARATOR,,,control,agreement(pipeline=ctgov),False,confident_2arm,2,2,False
PMID 30575484 a_Summary_SoE.pdf,NCT02066181,0,Arm 1 (Sorafenib),15.0,intervention,intervention,EXPERIMENTAL,,,intervention,agreement(pipeline=ctgov),False,confident_2arm,2,2,False
PMID 30653422 a_Summary_SoE.pdf,NCT01109004,0,Arm B (Single Autologous Transplant followed by Lenalidomide Maintenance),34.0,control,control,ACTIVE_COMPARATOR,control,Single AHCT and len should remain as the standard approach for this population,control,pubmed,False,confident,3,3,False
PMID 30653422 a_Summary_SoE.pdf,NCT01109004,0,Arm A (Tandem Autologous Transplants followed by Lenalidomide Maintenance),42.0,intervention,control,ACTIVE_COMPARATOR,intervention,"test additional interventions to improve PFS by comparing AHCT, tandem AHCT (AHCT/AHCT), and AHCT and four subsequent cycles of ... RVD",intervention,pubmed,False,uncertain,3,3,False
PMID 30653422 a_Summary_SoE.pdf,NCT01109004,1,Arm C (Single Autologous Transplant plus RVD Consolidation followed by Lenalidomide Maintenance),53.0,intervention,control,ACTIVE_COMPARATOR,intervention,Second AHCT or RVD consolidation as post-AHCT interventions ... did not improve PFS or OS,intervention,pubmed,False,uncertain,3,3,False
PMID 30659987 CT_Summary_SoE.pdf,NCT02613507,0,Arm B (Docetaxel),18.0,control,control,ACTIVE_COMPARATOR,,,control,agreement(pipeline=ctgov),False,confident_2arm,2,2,False
PMID 30659987 CT_Summary_SoE.pdf,NCT02613507,0,Arm A (Nivolumab),27.0,intervention,intervention,EXPERIMENTAL,,,intervention,agreement(pipeline=ctgov),False,confident_2arm,2,2,False
PMID 30665869 CT_Summary_SoE.pdf,NCT02435433,0,Arm B (Placebo + Best Supportive Care),29.0,control,control,PLACEBO_COMPARATOR,control,randomly assigned (2:1) ... to 8 mg/kg intravenous ramucirumab every 2 weeks or placebo. All patients received best supportive care,control,pubmed,False,count_mismatch,2,5,False
PMID 30665869 CT_Summary_SoE.pdf,NCT02435433,0,Arm A (Ramucirumab + Best Supportive Care),29.0,intervention,intervention,EXPERIMENTAL,intervention,We aimed to establish the efficacy of ramucirumab in patients with advanced hepatocellular carcinoma,intervention,pubmed,False,count_mismatch,2,5,False
PMID 30707661 a_Summary_SoE.pdf,NCT01482962,0,Arm B (Pralatrexate),46.0,control,control,ACTIVE_COMPARATOR,,,control,agreement(pipeline=ctgov),False,confident_2arm,2,2,False
PMID 30707661 a_Summary_SoE.pdf,NCT01482962,0,Arm A (Alisertib),54.0,intervention,intervention,EXPERIMENTAL,,,intervention,agreement(pipeline=ctgov),False,confident_2arm,2,2,False
PMID 30763142 a_Summary_SoE.pdf,NCT02200614,0,Arm B (Placebo),6.0,control,control,PLACEBO_COMPARATOR,,,control,agreement(pipeline=ctgov),False,confident_2arm,2,2,False
PMID 30763142 a_Summary_SoE.pdf,NCT02200614,0,Arm A (Darolutamide),6.0,intervention,intervention,EXPERIMENTAL,,,intervention,agreement(pipeline=ctgov),False,confident_2arm,2,2,False
PMID 30763730 CT_Summary_SoE.pdf,NCT02454933,0,Arm A (AZD9291 Monotherapy),14.0,control,intervention,EXPERIMENTAL,control,investigated osimertinib plus durvalumab versus osimertinib monotherapy in patients with EGFR-TKI sensitizing and EGFR T790M mutation-positive advanced NSCLC,control,pubmed,False,confident_2arm,2,2,False
PMID 30763730 CT_Summary_SoE.pdf,NCT02454933,0,Arm B (AZD9291 + MEDI4736 Combination),27.0,intervention,intervention,EXPERIMENTAL,intervention,investigated osimertinib plus durvalumab versus osimertinib monotherapy,intervention,pubmed,False,confident_2arm,2,2,False
PMID 30777794 a_Summary_SoE.pdf,NCT01539083,0,Arm A (Thalidomide-Prednisolone),26.0,control,intervention,EXPERIMENTAL,control,randomized (1:1) to consolidation with TP (thalidomide ...; prednisolone ...) or VTP (subcutaneous bortezomib ... plus TP),control,pubmed,False,count_mismatch,2,3,False
PMID 30777794 a_Summary_SoE.pdf,NCT01539083,0,Arm B (Bortezomib-Thalidomide-Prednisolone),53.0,intervention,intervention,EXPERIMENTAL,intervention,Addition of bortezomib to TP consolidation was associated with limited additional toxicity but did not significantly improve efficacy versus TP,intervention,pubmed,False,count_mismatch,2,3,False
PMID 30779529 a_Summary_SoE.pdf,NCT02853331,0,Arm 2 (Sunitinib),14.0,control,control,ACTIVE_COMPARATOR,,,control,agreement(pipeline=ctgov),False,confident_2arm,2,2,False
PMID 30779529 a_Summary_SoE.pdf,NCT02853331,0,Arm 1 (Pembrolizumab + Axitinib),19.0,intervention,intervention,EXPERIMENTAL,,,intervention,agreement(pipeline=ctgov),False,confident_2arm,2,2,False
PMID 30786186 a_Summary_SoE.pdf,NCT02555878,0,Arm B (Placebo),4.0,control,intervention,EXPERIMENTAL,control,"double-blind, randomized trial ... we randomly assigned patients ... to receive rivaroxaban (at a dose of 10 mg) or placebo daily",control,pubmed,False,confident_2arm,2,2,False
PMID 30786186 a_Summary_SoE.pdf,NCT02555878,0,Arm A (Rivaroxaban),4.0,intervention,intervention,EXPERIMENTAL,intervention,the benefit of thromboprophylaxis in these patients is uncertain ... assigned patients ... to receive rivaroxaban (at a dose of 10 mg),intervention,pubmed,False,confident_2arm,2,2,False
PMID 30811280 a_Summary_SoE.pdf,NCT02714218,0,Arm B (N1I3: Nivolumab 1 mg/kg + Ipilimumab 3 mg/kg),20.0,control,intervention,EXPERIMENTAL,control,Nivolumab 1 mg/kg plus ipilimumab 3 mg/kg (NIVO1+IPI3) is approved for first-line treatment of patients with advanced melanoma,control,pubmed,False,count_mismatch,2,3,False
PMID 30811280 a_Summary_SoE.pdf,NCT02714218,0,Arm A (N3I1: Nivolumab 3 mg/kg + Ipilimumab 1 mg/kg),20.0,intervention,intervention,EXPERIMENTAL,intervention,to determine if nivolumab 3 mg/kg plus ipilimumab 1 mg/kg (NIVO3+IPI1) improves the safety profile of the combination,intervention,pubmed,False,count_mismatch,2,3,False
PMID 30817251 CT_Summary_SoE.pdf,NCT01322490,0,Arm P (Double placebo),9.0,control,control,PLACEBO_COMPARATOR,control,study design was a superiority trial of PROSTVAC (Arm V or Arm VG) versus Arm P,control,pubmed,False,confident,3,3,False
PMID 30817251 CT_Summary_SoE.pdf,NCT01322490,0,Arm V+G (PROSTVAC-V/F plus GM-CSF),9.0,intervention,intervention,EXPERIMENTAL,intervention,PROSTVAC plus granulocyte-macrophage colony-stimulating factor (Arm VG ... superiority trial of PROSTVAC (Arm V or Arm VG) versus Arm P,intervention,pubmed,False,uncertain,3,3,False
PMID 30817251 CT_Summary_SoE.pdf,NCT01322490,1,Arm V (PROSTVAC-V/F plus GM-CSF placebo),9.0,intervention,intervention,EXPERIMENTAL,intervention,"PROSTVAC, a viral vector-based immunotherapy ... superiority trial of PROSTVAC (Arm V or Arm VG) versus Arm P",intervention,pubmed,False,confident,3,3,False
PMID 30819926 a_Summary_SoE.pdf,NCT01818752,0,Bortezomib group (VMP),26.0,control,control,ACTIVE_COMPARATOR,,,control,agreement(pipeline=ctgov),False,confident_2arm,2,2,False
PMID 30819926 a_Summary_SoE.pdf,NCT01818752,0,Carfilzomib group (KMP),36.0,intervention,intervention,EXPERIMENTAL,,,intervention,agreement(pipeline=ctgov),False,confident_2arm,2,2,False
PMID 30897038 a_Summary_SoE.pdf,NCT01938001,0,Control: Rituximab plus Placebo,19.0,control,control,ACTIVE_COMPARATOR,,,control,agreement(pipeline=ctgov),False,confident_2arm,2,2,False
PMID 30897038 a_Summary_SoE.pdf,NCT01938001,0,Experimental: Rituximab plus Lenalidomide (CC-5013),19.0,intervention,intervention,EXPERIMENTAL,,,intervention,agreement(pipeline=ctgov),False,confident_2arm,2,2,False
PMID 30901302 a_Summary_SoE.pdf,NCT01855750,0,Arm A (Placebo + R-CHOP),27.0,control,control,PLACEBO_COMPARATOR,,,control,agreement(pipeline=ctgov),False,confident_2arm,2,2,False
PMID 30901302 a_Summary_SoE.pdf,NCT01855750,0,Arm B (Ibrutinib + R-CHOP),27.0,intervention,intervention,EXPERIMENTAL,,,intervention,agreement(pipeline=ctgov),False,confident_2arm,2,2,False
PMID 30939090 a_Summary_SoE.pdf,NCT00118209,0,Arm A (R-CHOP),11.5,control,control,ACTIVE_COMPARATOR,control,"compared dose-adjusted ... (DA-EPOCH-R) with standard rituximab, cyclophosphamide, doxorubicin, vincristine, and prednisone (R-CHOP)",control,pubmed,False,count_mismatch,3,2,False
PMID 30939090 a_Summary_SoE.pdf,NCT00118209,0,Arm A (R-CHOP),41.0,intervention,intervention,,control,"compared dose-adjusted ... (DA-EPOCH-R) with standard rituximab, cyclophosphamide, doxorubicin, vincristine, and prednisone (R-CHOP)",control,pubmed,False,count_mismatch_leftover,3,2,True
PMID 30939090 a_Summary_SoE.pdf,NCT00118209,1,Arm B (DA-EPOCH-R),40.0,intervention,intervention,EXPERIMENTAL,intervention,"the more intensive, infusional DA-EPOCH-R was more toxic and did not improve PFS or OS compared with R-CHOP",intervention,pubmed,False,count_mismatch,3,2,False
PMID 30955977 a_Summary_SoE.pdf,NCT02220894,0,Arm B (Standard of Care Platinum-based Chemotherapy),18.0,control,control,ACTIVE_COMPARATOR,,,control,agreement(pipeline=ctgov),False,confident_2arm,2,2,False
PMID 30955977 a_Summary_SoE.pdf,NCT02220894,0,Arm A (Pembrolizumab),18.0,intervention,intervention,EXPERIMENTAL,,,intervention,agreement(pipeline=ctgov),False,confident_2arm,2,2,False
PMID 30990550 a_Summary_SoE.pdf,NCT02229539,0,Arm C (Placebo mouthwash),2.0,control,control,PLACEBO_COMPARATOR,control,92 patients to placebo,control,pubmed,False,confident,3,3,False
PMID 30990550 a_Summary_SoE.pdf,NCT02229539,0,Arm A (Doxepin mouthwash),2.0,intervention,intervention,EXPERIMENTAL,intervention,To evaluate the effect of doxepin mouthwash or diphenhydramine-lidocaine-antacid mouthwash for the treatment of oral mucositis-related pain,intervention,pubmed,False,uncertain,3,3,False
PMID 30990550 a_Summary_SoE.pdf,NCT02229539,1,Arm B (DLA mouthwash),2.0,intervention,control,ACTIVE_COMPARATOR,intervention,diphenhydramine-lidocaine-antacid mouthwash compared with a single dose of placebo,intervention,pubmed,False,uncertain,3,3,False
PMID 30995174 a_Summary_SoE.pdf,NCT00807768,0,Regimen I (Pelvic Radiation Therapy),32.0,control,control,ACTIVE_COMPARATOR,,,control,agreement(pipeline=ctgov),False,confident_2arm,2,2,False
PMID 30995174 a_Summary_SoE.pdf,NCT00807768,0,Regimen II (Vaginal Cuff Brachytherapy + Chemotherapy),16.0,intervention,intervention,EXPERIMENTAL,,,intervention,agreement(pipeline=ctgov),False,confident_2arm,2,2,False
PMID 30995176 CT a_Summary_SoE.pdf,NCT01539291,0,Arm B (Standard-dose GS-1101),14.0,control,intervention,EXPERIMENTAL,unresolved,,control,pipeline_fallback(pubmed_unresolved),True,confident_2arm,2,2,False
PMID 30995176 CT a_Summary_SoE.pdf,NCT01539291,0,Arm A (High-dose GS-1101),14.0,intervention,intervention,EXPERIMENTAL,unresolved,,intervention,pipeline_fallback(pubmed_unresolved),True,confident_2arm,2,2,False
PMID 31002578 a_Summary_SoE.pdf,NCT00951496,0,"Arm I (TJIV: IV paclitaxel, IV carboplatin, IV bevacizumab)",30.0,control,intervention,EXPERIMENTAL,control,"Compared with the IV carboplatin reference arm, the duration of PFS was not significantly increased with either IP regimen",control,pubmed,False,confident,3,3,False
PMID 31002578 a_Summary_SoE.pdf,NCT00951496,0,"Arm II (TJIP: IV paclitaxel, IP carboplatin, IV bevacizumab)",30.0,intervention,intervention,EXPERIMENTAL,intervention,"Compared with the IV carboplatin reference arm, the duration of PFS was not significantly increased with either IP regimen",intervention,pubmed,False,confident,3,3,False
PMID 31002578 a_Summary_SoE.pdf,NCT00951496,1,"Arm III (TCTIP: IV paclitaxel, IP cisplatin, IP paclitaxel, IV bevacizumab)",36.0,intervention,intervention,EXPERIMENTAL,intervention,"Compared with the IV carboplatin reference arm, the duration of PFS was not significantly increased with either IP regimen",intervention,pubmed,False,confident,3,3,False
PMID 31003911 CT_Summary_SoE.pdf,NCT02788279,0,Arm C (Regorafenib),19.0,control,control,ACTIVE_COMPARATOR,control,comparison of atezolizumab plus cobimetinib or atezolizumab monotherapy versus regorafenib in the third-line setting,control,pubmed,False,confident,3,3,False
PMID 31003911 CT_Summary_SoE.pdf,NCT02788279,0,Arm B (Atezolizumab Monotherapy),19.0,intervention,intervention,EXPERIMENTAL,intervention,atezolizumab plus cobimetinib or atezolizumab monotherapy versus regorafenib,intervention,pubmed,False,uncertain,3,3,False
PMID 31003911 CT_Summary_SoE.pdf,NCT02788279,1,Arm A (Cobimetinib + Atezolizumab),27.0,intervention,intervention,EXPERIMENTAL,intervention,This phase 3 study was designed to assess atezolizumab plus cobimetinib in metastatic colorectal cancer,intervention,pubmed,False,confident,3,3,False
PMID 31070709 CT_Summary_SoE.pdf,NCT02588261,0,Arm B (Erlotinib or Gefitinib),11.0,control,control,ACTIVE_COMPARATOR,,,control,agreement(pipeline=ctgov),False,confident_2arm,2,2,False
PMID 31070709 CT_Summary_SoE.pdf,NCT02588261,0,Arm A (ASP8273),11.0,intervention,intervention,EXPERIMENTAL,,,intervention,agreement(pipeline=ctgov),False,confident_2arm,2,2,False
PMID 31079938 CT_Summary_SoE.pdf,NCT02420821,0,Arm B (Sunitinib),18.0,control,control,ACTIVE_COMPARATOR,,,control,agreement(pipeline=ctgov),False,confident_2arm,2,2,False
PMID 31079938 CT_Summary_SoE.pdf,NCT02420821,0,Arm A (Atezolizumab + Bevacizumab),18.0,intervention,intervention,EXPERIMENTAL,,,intervention,agreement(pipeline=ctgov),False,confident_2arm,2,2,False
PMID 31091374 a_Summary_SoE.pdf,NCT02437318,0,Arm A (Placebo + Fulvestrant),17.0,control,control,PLACEBO_COMPARATOR,,,control,agreement(pipeline=ctgov),False,confident_2arm,2,2,False
PMID 31091374 a_Summary_SoE.pdf,NCT02437318,0,Arm B (Alpelisib + Fulvestrant),17.0,intervention,intervention,EXPERIMENTAL,,,intervention,agreement(pipeline=ctgov),False,confident_2arm,2,2,False
PMID 31097405 a_Summary_SoE.pdf,NCT01734928,0,Arm B (Bortezomib and low-dose Dexamethasone),52.0,control,control,ACTIVE_COMPARATOR,,,control,agreement(pipeline=ctgov),False,confident_2arm,2,2,False
PMID 31097405 a_Summary_SoE.pdf,NCT01734928,0,"Arm A (Pomalidomide, Bortezomib, and low-dose Dexamethasone)",52.0,intervention,intervention,EXPERIMENTAL,,,intervention,agreement(pipeline=ctgov),False,confident_2arm,2,2,False
PMID 31122901 CT_Summary_SoE.pdf,NCT02367781,0,Arm B (Carboplatin + nab-Paclitaxel),30.0,control,control,ACTIVE_COMPARATOR,,,control,agreement(pipeline=ctgov),False,confident_2arm,2,2,False
PMID 31122901 CT_Summary_SoE.pdf,NCT02367781,0,Arm A (Atezolizumab + Carboplatin + nab-Paclitaxel),30.0,intervention,intervention,EXPERIMENTAL,,,intervention,agreement(pipeline=ctgov),False,confident_2arm,2,2,False
PMID 31141632 a_Summary_SoE.pdf,NCT02252172,0,Arm A (Rd: Lenalidomide and Dexamethasone),24.0,control,control,ACTIVE_COMPARATOR,control,lenalidomide and dexamethasone alone (control group),control,pubmed,False,confident_2arm,2,2,False
PMID 31141632 a_Summary_SoE.pdf,NCT02252172,0,"Arm B (DRd: Daratumumab, Lenalidomide, and Dexamethasone)",24.0,intervention,control,ACTIVE_COMPARATOR,intervention,whether the addition of daratumumab would significantly reduce the risk of disease progression or death,intervention,pubmed,False,confident_2arm,2,2,False
PMID 31150574 a_Summary_SoE.pdf,NCT02489318,0,Arm B (Placebo + ADT),13.0,control,intervention,EXPERIMENTAL,control,as compared with placebo plus ADT,control,pubmed,False,confident_2arm,2,2,False
PMID 31150574 a_Summary_SoE.pdf,NCT02489318,0,Arm A (Apalutamide + ADT),13.0,intervention,intervention,EXPERIMENTAL,intervention,Whether the addition of apalutamide to androgen-deprivation therapy (ADT) would prolong radiographic progression-free survival,intervention,pubmed,False,confident_2arm,2,2,False
PMID 31157963 a_Summary_SoE.pdf,NCT02184195,0,Arm B (Placebo),17.0,control,control,PLACEBO_COMPARATOR,,,control,agreement(pipeline=ctgov),False,confident_2arm,2,2,False
PMID 31157963 a_Summary_SoE.pdf,NCT02184195,0,Arm A (Olaparib),17.0,intervention,intervention,EXPERIMENTAL,,,intervention,agreement(pipeline=ctgov),False,confident_2arm,2,2,False
PMID 31166681 a_Summary_SoE.pdf,NCT02242942,0,Arm B (Obinutuzumab + Chlorambucil),27.0,control,intervention,EXPERIMENTAL,control,venetoclax-obinutuzumab was associated with longer progression-free survival than chlorambucil-obinutuzumab,control,pubmed,False,count_mismatch,2,3,False
PMID 31166681 a_Summary_SoE.pdf,NCT02242942,0,Arm A (Obinutuzumab + Venetoclax),25.0,intervention,intervention,EXPERIMENTAL,intervention,we investigated fixed-duration treatment with venetoclax and obinutuzumab,intervention,pubmed,False,count_mismatch,2,3,False
PMID 31175001 CT_Summary_SoE.pdf,NCT02039726,0,Arm B (Salvage Chemotherapy - LoDAC),133.0,control,control,ACTIVE_COMPARATOR,,,control,agreement(pipeline=ctgov),False,confident_2arm,2,2,False
PMID 31175001 CT_Summary_SoE.pdf,NCT02039726,0,Arm A (Quizartinib Monotherapy),19.0,intervention,intervention,EXPERIMENTAL,,,intervention,agreement(pipeline=ctgov),False,confident_2arm,2,2,False
PMID 31189035 a_Summary_SoE.pdf,NCT00942357,0,Regimen II (Carboplatin + Paclitaxel),9.0,control,control,ACTIVE_COMPARATOR,,,control,agreement(pipeline=ctgov),False,confident_2arm,2,2,False
PMID 31189035 a_Summary_SoE.pdf,NCT00942357,0,Regimen I (Cisplatin + RT followed by Carboplatin + Paclitaxel),33.0,intervention,intervention,EXPERIMENTAL,,,intervention,agreement(pipeline=ctgov),False,confident_2arm,2,2,False
PMID 31194247 a_Summary_SoE.pdf,NCT01345669,0,Arm B (Placebo),16.0,control,control,PLACEBO_COMPARATOR,,,control,agreement(pipeline=ctgov),False,confident_2arm,2,2,False
PMID 31194247 a_Summary_SoE.pdf,NCT01345669,0,Arm A (Afatinib),16.0,intervention,intervention,EXPERIMENTAL,,,intervention,agreement(pipeline=ctgov),False,confident_2arm,2,2,False
PMID 31221619 a_Summary_SoE.pdf,NCT02752074,0,Arm B (Pembrolizumab + Placebo),18.0,control,control,ACTIVE_COMPARATOR,,,control,agreement(pipeline=ctgov),False,confident_2arm,2,2,False
PMID 31221619 a_Summary_SoE.pdf,NCT02752074,0,Arm A (Pembrolizumab + Epacadostat),18.0,intervention,intervention,EXPERIMENTAL,,,intervention,agreement(pipeline=ctgov),False,confident_2arm,2,2,False
PMID 31240472 CT_Summary_SoE.pdf,NCT01102426,0,Arm B (Dexamethasone Alone),53.0,control,control,ACTIVE_COMPARATOR,,,control,agreement(pipeline=ctgov),False,confident_2arm,2,2,False
PMID 31240472 CT_Summary_SoE.pdf,NCT01102426,0,Arm A (Plitidepsin + Dexamethasone),53.0,intervention,intervention,EXPERIMENTAL,,,intervention,agreement(pipeline=ctgov),False,confident_2arm,2,2,False
PMID 31246522 CT_Summary_SoE.pdf,NCT00703820,0,Arm A: Conventional Induction (HD-ADE),30.0,control,control,ACTIVE_COMPARATOR,control,we introduced clofarabine into the first course of remission induction to reduce exposure to daunorubicin and etoposide,control,pubmed,False,confident_2arm,2,2,False
PMID 31246522 CT_Summary_SoE.pdf,NCT00703820,0,Arm B: Experimental Induction (Clo/AraC),29.0,intervention,control,ACTIVE_COMPARATOR,intervention,we introduced clofarabine into the first course of remission induction to reduce exposure to daunorubicin and etoposide,intervention,pubmed,False,confident_2arm,2,2,False
PMID 31248843 CT_Summary_SoE.pdf,NCT01231412,0,Arm 1 (Cyclosporine + Mycophenolate Mofetil),53.0,control,control,ACTIVE_COMPARATOR,control,the standard GVHD prophylaxis regimen (cyclosporine and mycophenolate mofetil),control,pubmed,False,count_mismatch,2,3,False
PMID 31248843 CT_Summary_SoE.pdf,NCT01231412,0,Arm 2 (Cyclosporine + Mycophenolate Mofetil + Sirolimus),53.0,intervention,intervention,EXPERIMENTAL,intervention,evaluate the efficacy of adding sirolimus to the standard cyclosporine and mycophenolate mofetil prophylaxis therapy,intervention,pubmed,False,count_mismatch,2,3,False
PMID 31327687 CT_Summary_SoE.pdf,NCT02576977,0,Arm B (Pomalidomide + Low Dose Dexamethasone),14.0,control,control,ACTIVE_COMPARATOR,,,control,agreement(pipeline=ctgov),False,confident_2arm,2,2,False
PMID 31327687 CT_Summary_SoE.pdf,NCT02576977,0,Arm A (Pembrolizumab + Pomalidomide + Low Dose Dexamethasone),27.0,intervention,intervention,EXPERIMENTAL,,,intervention,agreement(pipeline=ctgov),False,confident_2arm,2,2,False
PMID 31327689 a_Summary_SoE.pdf,NCT02579863,0,Arm B (Lenalidomide + Dexamethasone),14.0,control,control,ACTIVE_COMPARATOR,,,control,agreement(pipeline=ctgov),False,confident_2arm,2,2,False
PMID 31327689 a_Summary_SoE.pdf,NCT02579863,0,Arm A (Pembrolizumab + Lenalidomide + Dexamethasone),27.0,intervention,intervention,EXPERIMENTAL,,,intervention,agreement(pipeline=ctgov),False,confident_2arm,2,2,False
PMID 31329516 a_Summary_SoE.pdf,NCT02677896,0,Arm B (Placebo + ADT),6.0,control,control,PLACEBO_COMPARATOR,control,"randomly assigned 1:1 to enzalutamide (160 mg/day) or placebo, plus androgen deprivation therapy (ADT)",control,pubmed,False,count_mismatch,2,3,False
PMID 31329516 a_Summary_SoE.pdf,NCT02677896,0,Arm A (Enzalutamide + ADT),6.0,intervention,intervention,EXPERIMENTAL,intervention,the risk of radiographic progression or death was significantly reduced with enzalutamide plus ADT versus placebo plus ADT,intervention,pubmed,False,count_mismatch,2,3,False
PMID 31338773 CT_Summary_SoE.pdf,NCT02364999,0,Arm B (bevacizumab-EU + paclitaxel + carboplatin),18.0,control,control,ACTIVE_COMPARATOR,,,control,agreement(pipeline=ctgov),False,confident_2arm,2,2,False
PMID 31338773 CT_Summary_SoE.pdf,NCT02364999,0,Arm A (bevacizumab-Pfizer + paclitaxel + carboplatin),18.0,intervention,intervention,EXPERIMENTAL,,,intervention,agreement(pipeline=ctgov),False,confident_2arm,2,2,False
PMID 31345387 CT_Summary_SoE.pdf,NCT01706939,0,Arm B (Standard Dose Radiation + Carboplatin),48.0,control,control,ACTIVE_COMPARATOR,control,randomized 1:2 to sdCRT (7000 cGy) or rdCRT (5600 cGy) with weekly carboplatin,control,pubmed,False,count_mismatch,3,2,False
PMID 31345387 CT_Summary_SoE.pdf,NCT01706939,1,Arm C (Non-responders: Standard CRT + Carboplatin + Erbitux + Paclitaxel),48.0,control,control,,unresolved,,control,pipeline_fallback(pubmed_unresolved),True,count_mismatch_leftover,3,2,False
PMID 31345387 CT_Summary_SoE.pdf,NCT01706939,0,Arm A (Reduced Dose Radiation + Carboplatin),43.0,intervention,intervention,EXPERIMENTAL,intervention,"after induction chemotherapy (IC), reduced dose chemoradiation (rdCRT) would result in equivalent PFS and OS compared to sdCRT",intervention,pubmed,False,count_mismatch,3,2,False
PMID 31361535 a_Summary_SoE.pdf,NCT01107626,0,Arm A (Bevacizumab Maintenance),19.0,control,intervention,EXPERIMENTAL,control,"The primary end point was overall survival, with bevacizumab serving as the control group",control,pubmed,False,uncertain,3,3,False
PMID 31361535 a_Summary_SoE.pdf,NCT01107626,0,Arm B (Pemetrexed Maintenance),19.0,intervention,intervention,EXPERIMENTAL,intervention,"randomly assigned to maintenance therapy with bevacizumab, pemetrexed, or a combination of the two agents",intervention,pubmed,False,uncertain,3,3,False
PMID 31361535 a_Summary_SoE.pdf,NCT01107626,1,Arm C (Bevacizumab + Pemetrexed Maintenance),19.0,intervention,intervention,EXPERIMENTAL,intervention,"randomly assigned to maintenance therapy with bevacizumab, pemetrexed, or a combination of the two agents",intervention,pubmed,False,uncertain,3,3,False
PMID 31365801 a_Summary_SoE.pdf,NCT02048813,0,Arm B (FCR),21.0,control,control,ACTIVE_COMPARATOR,,,control,agreement(pipeline=ctgov),False,confident_2arm,2,2,False
PMID 31365801 a_Summary_SoE.pdf,NCT02048813,0,Arm A (Ibrutinib + Rituximab),10.0,intervention,intervention,EXPERIMENTAL,,,intervention,agreement(pipeline=ctgov),False,confident_2arm,2,2,False
PMID 31371228 CT_Summary_SoE.pdf,NCT02231086,0,Group A (Standard Adjuvant Systemic Chemotherapy),12.0,control,control,ACTIVE_COMPARATOR,,,control,agreement(pipeline=ctgov),False,confident_2arm,2,2,False
PMID 31371228 CT_Summary_SoE.pdf,NCT02231086,0,Group B (Adjuvant HIPEC + Standard Adjuvant Systemic Chemotherapy),13.0,intervention,intervention,EXPERIMENTAL,,,intervention,agreement(pipeline=ctgov),False,confident_2arm,2,2,False
PMID 31399378 CT_Summary_SoE.pdf,NCT01254630,0,Placebo,5.0,control,control,PLACEBO_COMPARATOR,control,"a two-arm, randomised, double-blind, phase 3 trial",control,pubmed,False,count_mismatch,2,4,False
PMID 31399378 CT_Summary_SoE.pdf,NCT01254630,0,V212 (Inactivated Varicella-Zoster Virus Vaccine),5.0,intervention,intervention,EXPERIMENTAL,intervention,investigate the efficacy and safety of an inactivated varicella zoster virus (VZV) vaccine for herpes zoster prevention,intervention,pubmed,False,count_mismatch,2,4,False
PMID 31454045 a_Summary_SoE.pdf,NCT00567567,0,Regimen A (Single Myeloablative Consolidation),93.0,intervention,control,ACTIVE_COMPARATOR,control,To determine if tandem autologous transplant improves event-free survival (EFS) compared with single transplant,control,pubmed,False,confident_2arm,2,2,True
PMID 31454045 a_Summary_SoE.pdf,NCT00567567,1,Regimen B (Tandem Myeloablative Consolidation),110.0,intervention,intervention,EXPERIMENTAL,intervention,To determine if tandem autologous transplant improves event-free survival (EFS) compared with single transplant,intervention,pubmed,False,confident_2arm,2,2,False
PMID 31486832 a_Summary_SoE.pdf,NCT01015833,0,Arm B (Sorafenib alone),18.0,control,intervention,EXPERIMENTAL,control,9.4 months ... in the sorafenib alone arm,control,pubmed,False,confident_2arm,2,2,False
PMID 31486832 a_Summary_SoE.pdf,NCT01015833,0,Arm A (Sorafenib plus Doxorubicin),18.0,intervention,intervention,EXPERIMENTAL,intervention,To determine if doxorubicin added to sorafenib therapy improves OS,intervention,pubmed,False,confident_2arm,2,2,False
PMID 31562799 a_Summary_SoE.pdf,NCT02655016,0,Arm B (Placebo),17.0,control,control,PLACEBO_COMPARATOR,,,control,agreement(pipeline=ctgov),False,confident_2arm,2,2,False
PMID 31562799 a_Summary_SoE.pdf,NCT02655016,0,Arm A (Niraparib),17.0,intervention,intervention,EXPERIMENTAL,,,intervention,agreement(pipeline=ctgov),False,confident_2arm,2,2,False
PMID 31566309 a_Summary_SoE.pdf,NCT02928224,0,Control Arm (Irinotecan/Cetuximab or FOLFIRI/Cetuximab),53.0,control,control,ACTIVE_COMPARATOR,,,control,agreement(pipeline=ctgov),False,confident,3,3,False
PMID 31566309 a_Summary_SoE.pdf,NCT02928224,0,Triplet Arm (Encorafenib + Binimetinib + Cetuximab),53.0,intervention,intervention,EXPERIMENTAL,,,intervention,agreement(pipeline=ctgov),False,confident,3,3,False
PMID 31566309 a_Summary_SoE.pdf,NCT02928224,1,Doublet Arm (Encorafenib + Cetuximab),53.0,intervention,intervention,EXPERIMENTAL,,,intervention,agreement(pipeline=ctgov),False,confident,3,3,False
PMID 31582355 a_Summary_SoE.pdf,NCT02569242,0,Arm B (Control - Paclitaxel),19.0,control,control,ACTIVE_COMPARATOR,control,or investigator's choice of chemotherapy (paclitaxel 100 mg/m2 ... or docetaxel 75 mg/m2),control,pubmed,False,count_mismatch,3,2,False
PMID 31582355 a_Summary_SoE.pdf,NCT02569242,1,Paclitaxel,50.5,control,control,,control,or investigator's choice of chemotherapy (paclitaxel 100 mg/m2 ... or docetaxel 75 mg/m2),control,pubmed,False,count_mismatch_leftover,3,2,False
PMID 31582355 a_Summary_SoE.pdf,NCT02569242,0,Arm A (ONO-4538 / Nivolumab),28.0,intervention,intervention,EXPERIMENTAL,intervention,overall survival was significantly improved in the nivolumab group compared with the chemotherapy group,intervention,pubmed,False,count_mismatch,3,2,False
PMID 31590988 a_Summary_SoE.pdf,NCT03043872,0,EP alone,9.0,control,control,ACTIVE_COMPARATOR,control,durvalumab plus tremelimumab plus platinum-etoposide; or platinum-etoposide alone,control,pubmed,False,uncertain,3,3,False
PMID 31590988 a_Summary_SoE.pdf,NCT03043872,0,Durvalumab + platinum-etoposide (EP),15.0,intervention,intervention,EXPERIMENTAL,intervention,"The CASPIAN trial assessed durvalumab, with or without tremelimumab, in combination with etoposide plus either cisplatin or carboplatin",intervention,pubmed,False,confident,3,3,False
PMID 31590988 a_Summary_SoE.pdf,NCT03043872,1,Durvalumab + tremelimumab + EP,15.0,intervention,intervention,EXPERIMENTAL,intervention,"The CASPIAN trial assessed durvalumab, with or without tremelimumab, in combination with etoposide plus either cisplatin or carboplatin",intervention,pubmed,False,uncertain,3,3,False
PMID 31591063 CT a_Summary_SoE.pdf,NCT02411448,0,Arm B (Erlotinib + Placebo),27.0,control,control,PLACEBO_COMPARATOR,control,oral erlotinib (150 mg/day) plus either intravenous ramucirumab (10 mg/kg) or matching placebo,control,pubmed,False,count_mismatch,2,3,False
PMID 31591063 CT a_Summary_SoE.pdf,NCT02411448,0,Arm A (Erlotinib + Ramucirumab),27.0,intervention,intervention,EXPERIMENTAL,intervention,progression-free survival was significantly longer in the ramucirumab plus erlotinib group ... than in the placebo plus erlotinib group,intervention,pubmed,False,count_mismatch,2,3,False
PMID 31618129 a_Summary_SoE.pdf,NCT00588770,0,Arm A (Platinum-doublet chemotherapy alone),10.0,control,control,ACTIVE_COMPARATOR,control,a platinum-based chemotherapy doublet with or without bevacizumab,control,pubmed,False,count_mismatch,2,8,False
PMID 31618129 a_Summary_SoE.pdf,NCT00588770,0,Arm B (Platinum-doublet chemotherapy plus Bevacizumab),18.0,intervention,intervention,EXPERIMENTAL,intervention,We evaluated the addition of bevacizumab ... to platinum-based chemotherapy,intervention,pubmed,False,count_mismatch,2,8,False
PMID 31629060 a_Summary_SoE.pdf,NCT00858364,0,Group B (Placebo),18.0,control,control,PLACEBO_COMPARATOR,,,control,agreement(pipeline=ctgov),False,confident_2arm,2,2,False
PMID 31629060 a_Summary_SoE.pdf,NCT00858364,0,Group A (Darbepoetin alfa),18.0,intervention,intervention,EXPERIMENTAL,,,intervention,agreement(pipeline=ctgov),False,confident_2arm,2,2,False
PMID 31645288 CT_Summary_SoE.pdf,NCT00418457,0,General Anesthesia and Opioid Analgesia,3.0,control,control,ACTIVE_COMPARATOR,control,lower with regional anaesthesia-analgesia ... than with general anaesthesia with the volatile anaesthetic sevoflurane and opioid analgesia,control,pubmed,False,confident_2arm,2,2,False
PMID 31645288 CT_Summary_SoE.pdf,NCT00418457,0,Regional Anesthesia and Analgesia,3.0,intervention,control,ACTIVE_COMPARATOR,intervention,breast cancer recurrence after potentially curative surgery is lower with regional anaesthesia-analgesia using paravertebral blocks and the anaesthetic propofol,intervention,pubmed,False,confident_2arm,2,2,False
PMID 31647503 a_Summary_SoE.pdf,NCT02586025,0,Arm B (Placebo + Trastuzumab + Docetaxel),22.0,control,intervention,EXPERIMENTAL,control,"vs placebo, trastuzumab, and docetaxel in Asian patients",control,pubmed,False,confident_2arm,2,2,False
PMID 31647503 a_Summary_SoE.pdf,NCT02586025,0,Arm A (Pertuzumab + Trastuzumab + Docetaxel),22.0,intervention,intervention,EXPERIMENTAL,intervention,"To compare the efficacy ... of adding pertuzumab to trastuzumab and docetaxel vs placebo, trastuzumab, and docetaxel",intervention,pubmed,False,confident_2arm,2,2,False
PMID 31665578 a_Summary_SoE.pdf,NCT02421939,0,Arm 2 (Salvage Chemotherapy),133.0,control,control,ACTIVE_COMPARATOR,,,control,agreement(pipeline=ctgov),False,confident_2arm,2,2,False
PMID 31665578 a_Summary_SoE.pdf,NCT02421939,0,Arm 1 (ASP2215 / Gilteritinib),19.0,intervention,intervention,EXPERIMENTAL,,,intervention,agreement(pipeline=ctgov),False,confident_2arm,2,2,False
PMID 31679945 a_Summary_SoE.pdf,NCT02358031,0,Cetuximab + Platinum + 5-FU (Standard Treatment),53.0,control,control,ACTIVE_COMPARATOR,control,or cetuximab plus a platinum and 5-fluorouracil (cetuximab with chemotherapy),control,pubmed,False,uncertain,3,3,False
PMID 31679945 a_Summary_SoE.pdf,NCT02358031,0,Pembrolizumab Monotherapy,18.0,intervention,intervention,EXPERIMENTAL,intervention,"randomly allocated (1:1:1) to pembrolizumab alone, pembrolizumab plus a platinum and 5-fluorouracil ... or cetuximab",intervention,pubmed,False,confident,3,3,False
PMID 31679945 a_Summary_SoE.pdf,NCT02358031,1,Pembrolizumab + Platinum + 5-FU,18.0,intervention,intervention,EXPERIMENTAL,intervention,Pembrolizumab alone or with chemotherapy versus cetuximab with chemotherapy,intervention,pubmed,False,uncertain,3,3,False
PMID 31688884 a_Summary_SoE.pdf,NCT01307579,0,Fluconazole Arm (Standard),36.0,control,control,ACTIVE_COMPARATOR,,,control,agreement(pipeline=ctgov),False,confident_2arm,2,2,False
PMID 31688884 a_Summary_SoE.pdf,NCT01307579,0,Caspofungin Arm (Experimental),106.0,intervention,intervention,EXPERIMENTAL,,,intervention,agreement(pipeline=ctgov),False,confident_2arm,2,2,False
PMID 31693129 CT_Summary_SoE.pdf,NCT00127205,0,Arm 2 (Clodronate),8.0,control,control,ACTIVE_COMPARATOR,unresolved,,control,pipeline_fallback(pubmed_unresolved),True,count_mismatch,4,3,False
PMID 31693129 CT_Summary_SoE.pdf,NCT00127205,0,Arm 1 (Zoledronic Acid),8.0,intervention,intervention,EXPERIMENTAL,unresolved,,intervention,pipeline_fallback(pubmed_unresolved),True,count_mismatch,4,3,False
PMID 31693129 CT_Summary_SoE.pdf,NCT00127205,1,Arm 3 (Ibandronate),8.0,intervention,intervention,EXPERIMENTAL,unresolved,,intervention,pipeline_fallback(pubmed_unresolved),True,count_mismatch,4,3,False
PMID 31693129 CT_Summary_SoE.pdf,NCT00127205,2,Arm 3 (Ibandronate),8.0,intervention,intervention,,unresolved,,intervention,pipeline_fallback(pubmed_unresolved),True,count_mismatch_leftover,4,3,False
PMID 31725692 CT_Summary_SoE.pdf,NCT03131713,0,Control Group (Usual Perioperative Care),2.0,control,control,NO_INTERVENTION,,,control,agreement(pipeline=ctgov),False,confident_2arm,2,2,False
PMID 31725692 CT_Summary_SoE.pdf,NCT03131713,0,Intervention Group (Acetaminophen and Carbohydrate Loading),2.0,intervention,intervention,EXPERIMENTAL,,,intervention,agreement(pipeline=ctgov),False,confident_2arm,2,2,False
PMID 31735560 CT_Summary_SoE.pdf,NCT02990338,0,Arm B: Pd (Pomalidomide + Dexamethasone),29.0,control,control,ACTIVE_COMPARATOR,,,control,agreement(pipeline=ctgov),False,confident_2arm,2,2,False
PMID 31735560 CT_Summary_SoE.pdf,NCT02990338,0,Arm A: IPd (Isatuximab + Pomalidomide + Dexamethasone),29.0,intervention,intervention,EXPERIMENTAL,,,intervention,agreement(pipeline=ctgov),False,confident_2arm,2,2,False
PMID 31800611 a_Summary_SoE.pdf,NCT01806259,0,Arm B (Placebo),3.0,control,control,PLACEBO_COMPARATOR,,,control,agreement(pipeline=ctgov),False,confident_2arm,2,2,False
PMID 31800611 a_Summary_SoE.pdf,NCT01806259,0,Arm A (Ketorolac),3.0,intervention,intervention,EXPERIMENTAL,,,intervention,agreement(pipeline=ctgov),False,confident_2arm,2,2,False
PMID 31806543 CT_Summary_SoE.pdf,NCT01077154,0,Matching Placebo,9.0,control,control,PLACEBO_COMPARATOR,,,control,agreement(pipeline=ctgov),False,confident_2arm,2,2,False
PMID 31806543 CT_Summary_SoE.pdf,NCT01077154,0,Denosumab 120 mg,9.0,intervention,intervention,EXPERIMENTAL,,,intervention,agreement(pipeline=ctgov),False,confident_2arm,2,2,False
PMID 31810797 CT_Summary_SoE.pdf,NCT02627963,0,Sorafenib,15.0,control,control,ACTIVE_COMPARATOR,,,control,agreement(pipeline=ctgov),False,confident_2arm,2,2,False
PMID 31810797 CT_Summary_SoE.pdf,NCT02627963,0,Tivozanib Hydrochloride (tivozanib),15.0,intervention,intervention,EXPERIMENTAL,,,intervention,agreement(pipeline=ctgov),False,confident_2arm,2,2,False
PMID 31820339 CT_Summary_SoE.pdf,NCT02213263,0,Arm B (rituximab-EU / MabThera),9.0,control,intervention,EXPERIMENTAL,control,versus rituximab reference product sourced from the EU (MabThera; rituximab-EU),control,pubmed,False,confident_2arm,2,2,False
PMID 31820339 CT_Summary_SoE.pdf,NCT02213263,0,Arm A (PF-05280586 / rituximab-Pfizer),9.0,intervention,control,ACTIVE_COMPARATOR,intervention,"evaluated the efficacy, safety, immunogenicity ... of PF-05280586 (Ruxience [a rituximab biosimilar]) versus rituximab reference product",intervention,pubmed,False,confident_2arm,2,2,False
PMID 31821109 a_Summary_SoE.pdf,NCT01275677,0,Arm 1 (Chemotherapy Alone - AC→WP),18.0,control,control,ACTIVE_COMPARATOR,,,control,agreement(pipeline=ctgov),False,confident_2arm,2,2,False
PMID 31821109 a_Summary_SoE.pdf,NCT01275677,0,Arm 2 (Chemotherapy + Trastuzumab - AC→WP+H→H),28.0,intervention,intervention,EXPERIMENTAL,,,intervention,agreement(pipeline=ctgov),False,confident_2arm,2,2,False
PMID 31924332 CT_Summary_SoE.pdf,NCT01846611,0,Arm B (DOXIL Monotherapy),53.0,control,control,ACTIVE_COMPARATOR,,,control,agreement(pipeline=ctgov),False,confident_2arm,2,2,False
PMID 31924332 CT_Summary_SoE.pdf,NCT01846611,0,Arm A (Trabectedin + DOXIL),54.0,intervention,intervention,EXPERIMENTAL,,,intervention,agreement(pipeline=ctgov),False,confident_2arm,2,2,False
PMID 31935026 a_Summary_SoE.pdf,NCT01238172,0,Arm B (Control Group),4.0,control,intervention,EXPERIMENTAL,control,"a control group, which received written information about diet and prostate cancer",control,pubmed,False,confident_2arm,2,2,False
PMID 31935026 a_Summary_SoE.pdf,NCT01238172,0,Arm A (MEAL Program Intervention),4.0,intervention,intervention,EXPERIMENTAL,intervention,a counseling behavioral intervention by telephone promoting consumption of 7 or more daily vegetable servings (MEAL intervention),intervention,pubmed,False,confident_2arm,2,2,False
PMID 32010577 a_Summary_SoE.pdf,NCT02954172,0,Bevacizumab + Paclitaxel/Carboplatin,18.0,control,intervention,EXPERIMENTAL,control,randomized (1:1) into IBI305 or bevacizumab groups,control,pubmed,False,confident_2arm,2,2,False
PMID 32010577 a_Summary_SoE.pdf,NCT02954172,0,IBI305 + Paclitaxel/Carboplatin,18.0,intervention,control,ACTIVE_COMPARATOR,intervention,Biosimilar candidate IBI305 plus paclitaxel/carboplatin for the treatment of non-squamous non-small cell lung cancer,intervention,pubmed,False,confident_2arm,2,2,False
PMID 32031887 CT_Summary_SoE.pdf,NCT02349412,0,Arm 2 (Standard Oncology Care),3.0,control,intervention,EXPERIMENTAL,control,or usual oncology care (n = 196) at sites through the Alliance for Clinical Trials in Oncology,control,pubmed,False,confident_2arm,2,2,False
PMID 32031887 CT_Summary_SoE.pdf,NCT02349412,0,Arm 1 (Early Palliative Care),14.0,intervention,intervention,EXPERIMENTAL,intervention,We randomly assigned patients ... to early integrated palliative and oncology care (n = 195) or usual oncology care,intervention,pubmed,False,confident_2arm,2,2,False
PMID 32058845 a_Summary_SoE.pdf,NCT02360215,0,Arm 1 (WBRT + Memantine),14.0,control,intervention,EXPERIMENTAL,control,Risk of cognitive failure was significantly lower after HA-WBRT plus memantine versus WBRT plus memantine,control,pubmed,False,confident_2arm,2,2,False
PMID 32058845 a_Summary_SoE.pdf,NCT02360215,0,Arm 2 (HA-WBRT + Memantine),14.0,intervention,intervention,EXPERIMENTAL,intervention,Hippocampal avoidance (HA) using intensity-modulated radiotherapy during whole-brain radiotherapy (WBRT) is hypothesized to preserve cognition,intervention,pubmed,False,confident_2arm,2,2,False
PMID 32073956 a_Summary_SoE.pdf,NCT02282020,0,Arm B (Physician’s Choice Single Agent Chemotherapy),53.0,control,control,ACTIVE_COMPARATOR,,,control,agreement(pipeline=ctgov),False,confident_2arm,2,2,False
PMID 32073956 a_Summary_SoE.pdf,NCT02282020,0,Arm A (Olaparib Monotherapy),17.0,intervention,intervention,EXPERIMENTAL,,,intervention,agreement(pipeline=ctgov),False,confident_2arm,2,2,False
PMID 32145827 a_Summary_SoE.pdf,NCT01435018,0,Arm 1C (Paclitaxel plus ART),14.0,control,control,ACTIVE_COMPARATOR,control,"or intravenous paclitaxel (the control arm), together with antiretroviral therapy (ART)",control,pubmed,False,count_mismatch,4,3,False
PMID 32145827 a_Summary_SoE.pdf,NCT01435018,1,Etoposide plus ART (ET+ART),25.0,control,intervention,EXPERIMENTAL,intervention,either intravenous bleomycin and vincristine or oral etoposide (the investigational arms),intervention,pubmed,False,count_mismatch,4,3,True
PMID 32145827 a_Summary_SoE.pdf,NCT01435018,0,Arm 1A (Etoposide plus ART),14.0,intervention,intervention,,intervention,either intravenous bleomycin and vincristine or oral etoposide (the investigational arms),intervention,pubmed,False,count_mismatch_leftover,4,3,False
PMID 32145827 a_Summary_SoE.pdf,NCT01435018,1,Arm 1B (Bleomycin and vincristine plus ART),14.0,intervention,intervention,EXPERIMENTAL,intervention,either intravenous bleomycin and vincristine or oral etoposide (the investigational arms),intervention,pubmed,False,count_mismatch,4,3,False
PMID 32201234 a_Summary_SoE.pdf,NCT02352948,0,Arm 4: Standard of Care (SoC),52.0,control,intervention,EXPERIMENTAL,control,assessed durvalumab ± tremelimumab versus standard of care (SoC) as ≥ third-line treatment of mNSCLC,control,pubmed,False,count_mismatch,4,6,False
PMID 32201234 a_Summary_SoE.pdf,NCT02352948,0,Arm 3: Tremelimumab Monotherapy,11.0,intervention,intervention,EXPERIMENTAL,intervention,assessed durvalumab ± tremelimumab versus standard of care (SoC),intervention,pubmed,False,count_mismatch,4,6,False
PMID 32201234 a_Summary_SoE.pdf,NCT02352948,1,Arm 2: Durvalumab + Tremelimumab,21.0,intervention,intervention,EXPERIMENTAL,intervention,durvalumab + tremelimumab versus SoC (study B),intervention,pubmed,False,count_mismatch,4,6,False
PMID 32201234 a_Summary_SoE.pdf,NCT02352948,2,Arm 1: Durvalumab Monotherapy,27.0,intervention,intervention,EXPERIMENTAL,intervention,durvalumab demonstrated clinically meaningful improvements in OS and PFS versus SoC,intervention,pubmed,False,count_mismatch,4,6,False
PMID 32213342 a_Summary_SoE.pdf,NCT03277105,0,Arm B (Dara-IV),24.0,control,intervention,EXPERIMENTAL,control,we tested the non-inferiority of subcutaneous daratumumab to intravenous daratumumab,control,pubmed,False,confident_2arm,2,2,False
PMID 32213342 a_Summary_SoE.pdf,NCT03277105,0,Arm A (Dara-SC),26.0,intervention,control,ACTIVE_COMPARATOR,intervention,Subcutaneous daratumumab is thought to be easier to administer ... we tested the non-inferiority of subcutaneous daratumumab,intervention,pubmed,False,confident_2arm,2,2,False
PMID 32259228 a_Summary_SoE.pdf,NCT02451943,0,Arm B (Doxorubicin plus Placebo),36.0,control,control,PLACEBO_COMPARATOR,,,control,agreement(pipeline=ctgov),False,confident_2arm,2,2,False
PMID 32259228 a_Summary_SoE.pdf,NCT02451943,0,Arm A (Doxorubicin plus Olaratumab),36.0,intervention,intervention,EXPERIMENTAL,,,intervention,agreement(pipeline=ctgov),False,confident_2arm,2,2,False
PMID 32271377 a_Summary_SoE.pdf,NCT02453282,0,Standard of Care (SoC) Platinum-Based Chemotherapy,18.0,control,control,ACTIVE_COMPARATOR,control,"To compare durvalumab, with or without tremelimumab, with chemotherapy as a first-line treatment",control,pubmed,False,uncertain,3,3,False
PMID 32271377 a_Summary_SoE.pdf,NCT02453282,0,MEDI4736 + tremelimumab combination therapy,17.0,intervention,intervention,EXPERIMENTAL,intervention,OS and progression-free survival (PFS) for durvalumab plus tremelimumab vs chemotherapy,intervention,pubmed,False,confident,3,3,False
PMID 32271377 a_Summary_SoE.pdf,NCT02453282,1,MEDI4736 monotherapy,17.0,intervention,intervention,EXPERIMENTAL,intervention,overall survival (OS) for durvalumab vs chemotherapy,intervention,pubmed,False,uncertain,3,3,False
PMID 32294530 CT_Summary_SoE.pdf,NCT02369874,0,Standard of Care (SoC),53.0,control,control,ACTIVE_COMPARATOR,control,durvalumab ... or durvalumab plus tremelimumab ... versus standard of care (SoC) in R/M HNSCC patients,control,pubmed,False,uncertain,3,3,False
PMID 32294530 CT_Summary_SoE.pdf,NCT02369874,0,MEDI4736 Monotherapy (Durvalumab),27.0,intervention,intervention,EXPERIMENTAL,intervention,The primary end points were overall survival (OS) for durvalumab versus SoC,intervention,pubmed,False,uncertain,3,3,False
PMID 32294530 CT_Summary_SoE.pdf,NCT02369874,1,MEDI4736 + Tremelimumab Combination,27.0,intervention,intervention,EXPERIMENTAL,intervention,OS for durvalumab plus tremelimumab versus SoC,intervention,pubmed,False,confident,3,3,False
PMID 32302702 CT_Summary_SoE.pdf,NCT02367794,0,Arm C (Carboplatin + nab-Paclitaxel),20.0,control,control,ACTIVE_COMPARATOR,,,control,agreement(pipeline=ctgov),False,confident,3,3,False
PMID 32302702 CT_Summary_SoE.pdf,NCT02367794,0,Arm A (Atezolizumab + Carboplatin + Paclitaxel),18.0,intervention,intervention,EXPERIMENTAL,,,intervention,agreement(pipeline=ctgov),False,confident,3,3,False
PMID 32302702 CT_Summary_SoE.pdf,NCT02367794,1,Arm B (Atezolizumab + Carboplatin + nab-Paclitaxel),26.0,intervention,intervention,EXPERIMENTAL,,,intervention,agreement(pipeline=ctgov),False,confident,3,3,False
PMID 32305093 a_Summary_SoE.pdf,NCT02475681,0,obinutuzumab-chlorambucil,0.0,control,control,ACTIVE_COMPARATOR,,,control,agreement(pipeline=ctgov),False,confident,3,3,False
PMID 32305093 a_Summary_SoE.pdf,NCT02475681,0,acalabrutinib-obinutuzumab,0.0,intervention,intervention,EXPERIMENTAL,,,intervention,agreement(pipeline=ctgov),False,confident,3,3,False
PMID 32305093 a_Summary_SoE.pdf,NCT02475681,1,acalabrutinib monotherapy,0.0,intervention,intervention,EXPERIMENTAL,,,intervention,agreement(pipeline=ctgov),False,confident,3,3,False
PMID 32343890 a_Summary_SoE.pdf,NCT02987543,0,Arm B (Investigator's Choice: Enzalutamide or Abiraterone),10.0,control,control,ACTIVE_COMPARATOR,,,control,agreement(pipeline=ctgov),False,confident_2arm,2,2,False
PMID 32343890 a_Summary_SoE.pdf,NCT02987543,0,Arm A (Olaparib),10.0,intervention,intervention,EXPERIMENTAL,,,intervention,agreement(pipeline=ctgov),False,confident_2arm,2,2,False
PMID 32372176 CT_Summary_SoE.pdf,NCT01573442,0,Arm B (Placebo Topical Gel),3.0,control,control,PLACEBO_COMPARATOR,control,randomized to receive either a topical testosterone gel or a placebo gel,control,pubmed,False,count_mismatch,4,2,False
PMID 32372176 CT_Summary_SoE.pdf,NCT01573442,1,Arm D (Placebo Subcutaneous Pellet),3.0,control,control,,control,randomly allocated to receive either a subcutaneous testosterone pellet versus a placebo pellet,control,pubmed,False,count_mismatch_leftover,4,2,False
PMID 32372176 CT_Summary_SoE.pdf,NCT01573442,0,Arm A (Testosterone Topical Gel),3.0,intervention,intervention,EXPERIMENTAL,intervention,To evaluate the efficacy of testosterone supplementation ... a topical testosterone gel or a placebo gel,intervention,pubmed,False,count_mismatch,4,2,False
PMID 32372176 CT_Summary_SoE.pdf,NCT01573442,1,Arm C (Testosterone Subcutaneous Pellet),3.0,intervention,intervention,,intervention,a subcutaneous testosterone pellet versus a placebo pellet,intervention,pubmed,False,count_mismatch_leftover,4,2,False
PMID 32379269 a_Summary_SoE.pdf,NCT03137121,0,Placebo,2.0,control,control,PLACEBO_COMPARATOR,,,control,agreement(pipeline=ctgov),False,confident_2arm,2,2,False
PMID 32379269 a_Summary_SoE.pdf,NCT03137121,0,Olanzapine,2.0,intervention,intervention,EXPERIMENTAL,,,intervention,agreement(pipeline=ctgov),False,confident_2arm,2,2,False
PMID 32402160 a_Summary_SoE.pdf,NCT03434379,0,Arm B (Sorafenib),18.0,control,control,ACTIVE_COMPARATOR,,,control,agreement(pipeline=ctgov),False,confident_2arm,2,2,False
PMID 32402160 a_Summary_SoE.pdf,NCT03434379,0,Arm A (Atezolizumab + Bevacizumab),18.0,intervention,intervention,EXPERIMENTAL,,,intervention,agreement(pipeline=ctgov),False,confident_2arm,2,2,False
PMID 32416072 CT a_Summary_SoE.pdf,NCT02989857,0,Arm B (Placebo),20.0,control,control,PLACEBO_COMPARATOR,control,randomly assigned (2:1) ... to oral ivosidenib 500 mg or matched placebo once daily,control,pubmed,False,count_mismatch,2,3,False
PMID 32416072 CT a_Summary_SoE.pdf,NCT02989857,0,Arm A (AG-120 / Ivosidenib),20.0,intervention,control,ACTIVE_COMPARATOR,intervention,to assess the efficacy and safety of ivosidenib (AG-120)-a small-molecule targeted inhibitor of mutated IDH1,intervention,pubmed,False,count_mismatch,2,3,False
PMID 32416073 CT_Summary_SoE.pdf,NCT03099382,0,Control Arm (Docetaxel),18.0,control,intervention,EXPERIMENTAL,control,camrelizumab ... or chemotherapy with docetaxel (75 mg/m2 every 3 weeks) or irinotecan,control,pubmed,False,count_mismatch,3,2,False
PMID 32416073 CT_Summary_SoE.pdf,NCT03099382,1,Control Arm (Irinotecan),27.0,control,control,ACTIVE_COMPARATOR,control,chemotherapy with docetaxel ... or irinotecan (180 mg/m2 every 2 weeks),control,pubmed,False,count_mismatch,3,2,False
PMID 32416073 CT_Summary_SoE.pdf,NCT03099382,0,Investigational Arm (SHR-1210),27.0,intervention,intervention,,intervention,the anti-PD-1 antibody camrelizumab versus investigator's choice of chemotherapy in previously treated patients,intervention,pubmed,False,count_mismatch_leftover,3,2,False
PMID 32416780 a_Summary_SoE.pdf,NCT02807636,0,Arm C (Placebo + Platinum/Gemcitabine),38.0,control,control,PLACEBO_COMPARATOR,,,control,agreement(pipeline=ctgov),False,confident,3,3,False
PMID 32416780 a_Summary_SoE.pdf,NCT02807636,0,Arm B (Atezolizumab Monotherapy),18.0,intervention,intervention,EXPERIMENTAL,,,intervention,agreement(pipeline=ctgov),False,confident,3,3,False
PMID 32416780 a_Summary_SoE.pdf,NCT02807636,1,Arm A (Atezolizumab + Platinum/Gemcitabine),38.0,intervention,intervention,EXPERIMENTAL,,,intervention,agreement(pipeline=ctgov),False,confident,3,3,False
PMID 32437507 a_Summary_SoE.pdf,NCT02017717,0,Arm B (Bevacizumab Monotherapy),27.0,control,control,ACTIVE_COMPARATOR,,,control,agreement(pipeline=ctgov),False,confident,3,3,False
PMID 32437507 a_Summary_SoE.pdf,NCT02017717,0,Arm C (Nivolumab + Ipilimumab Combination),25.0,intervention,intervention,EXPERIMENTAL,,,intervention,agreement(pipeline=ctgov),False,confident,3,3,False
PMID 32437507 a_Summary_SoE.pdf,NCT02017717,1,Arm A (Nivolumab Monotherapy),27.0,intervention,intervention,EXPERIMENTAL,,,intervention,agreement(pipeline=ctgov),False,confident,3,3,False
PMID 32459600 a_Summary_SoE.pdf,NCT02970318,0,Arm B (Idelalisib plus Rituximab),16.0,control,control,ACTIVE_COMPARATOR,control,Patients received acalabrutinib monotherapy or investigator's choice (idelalisib plus rituximab [I-R] or bendamustine plus rituximab [B-R]),control,pubmed,False,count_mismatch,3,2,False
PMID 32459600 a_Summary_SoE.pdf,NCT02970318,1,Arm B (Bendamustine plus Rituximab),17.0,control,control,,control,investigator's choice (idelalisib plus rituximab [I-R] or bendamustine plus rituximab [B-R]),control,pubmed,False,count_mismatch_leftover,3,2,False
PMID 32459600 a_Summary_SoE.pdf,NCT02970318,0,Arm A (Acalabrutinib monotherapy),16.0,intervention,intervention,EXPERIMENTAL,intervention,Acalabrutinib significantly improved PFS compared with I-R or B-R,intervention,pubmed,False,count_mismatch,3,2,False
PMID 32460997 CT_Summary_SoE.pdf,NCT01535053,0,Regimen 1 (IV pulse actinomycin-D),19.0,control,intervention,EXPERIMENTAL,control,The control arm was ACT-D; the experimental arm was multi-day MTX regimen,control,pubmed,False,count_mismatch,3,2,False
PMID 32460997 CT_Summary_SoE.pdf,NCT01535053,0,Regimen 2 (IV methotrexate 5-day),71.0,intervention,control,ACTIVE_COMPARATOR,intervention,the experimental arm was multi-day MTX regimen (institutional preference of 5 or 8 day),intervention,pubmed,False,count_mismatch,3,2,False
PMID 32460997 CT_Summary_SoE.pdf,NCT01535053,1,Regimen 2: IV Methotrexate (5-day regimen),45.0,intervention,intervention,,intervention,the experimental arm was multi-day MTX regimen (institutional preference of 5 or 8 day),intervention,pubmed,False,count_mismatch_leftover,3,2,False
PMID 32469183 a_Summary_SoE.pdf,NCT03085095,0,Arm B (Leuprolide Acetate),17.0,control,control,ACTIVE_COMPARATOR,,,control,agreement(pipeline=ctgov),False,confident_2arm,2,2,False
PMID 32469183 a_Summary_SoE.pdf,NCT03085095,0,Arm A (Relugolix),17.0,intervention,intervention,EXPERIMENTAL,,,intervention,agreement(pipeline=ctgov),False,confident_2arm,2,2,False
PMID 32469384 a_Summary_SoE.pdf,NCT03091192,0,Arm B (Sunitinib),19.0,control,control,ACTIVE_COMPARATOR,,,control,agreement(pipeline=ctgov),False,confident_2arm,2,2,False
PMID 32469384 a_Summary_SoE.pdf,NCT03091192,0,Arm A (Savolitinib),19.0,intervention,intervention,EXPERIMENTAL,,,intervention,agreement(pipeline=ctgov),False,confident_2arm,2,2,False
PMID 32496902 a_Summary_SoE.pdf,NCT02883049,0,Very High Risk (VHR) B-ALL (Control Arm),76.0,control,control,ACTIVE_COMPARATOR,unresolved,,control,pipeline_fallback(pubmed_unresolved),True,count_mismatch,6,8,False
PMID 32496902 a_Summary_SoE.pdf,NCT02883049,1,Very High Risk (VHR) B-ALL - Control Arm,90.0,control,intervention,EXPERIMENTAL,unresolved,,control,pipeline_fallback(pubmed_unresolved),True,count_mismatch,6,8,False
PMID 32496902 a_Summary_SoE.pdf,NCT02883049,0,High Risk (HR) B-ALL (Arm A/B),76.0,intervention,intervention,EXPERIMENTAL,unresolved,,intervention,pipeline_fallback(pubmed_unresolved),True,count_mismatch,6,8,False
PMID 32496902 a_Summary_SoE.pdf,NCT02883049,1,Ph-like Dasatinib Arm,83.0,intervention,intervention,EXPERIMENTAL,unresolved,,intervention,pipeline_fallback(pubmed_unresolved),True,count_mismatch,6,8,False
PMID 32496902 a_Summary_SoE.pdf,NCT02883049,2,Down Syndrome (DS) HR B-ALL,83.0,intervention,intervention,EXPERIMENTAL,unresolved,,intervention,pipeline_fallback(pubmed_unresolved),True,count_mismatch,6,8,False
PMID 32496902 a_Summary_SoE.pdf,NCT02883049,3,Down Syndrome HR B-ALL Arm,84.0,intervention,intervention,EXPERIMENTAL,unresolved,,intervention,pipeline_fallback(pubmed_unresolved),True,count_mismatch,6,8,False
PMID 32534646 CT_Summary_SoE.pdf,NCT02908672,0,Arm A (Placebo + Cobimetinib + Vemurafenib),32.0,control,intervention,EXPERIMENTAL,control,"atezolizumab placebo, vemurafenib, and cobimetinib (control group)",control,pubmed,False,confident_2arm,2,2,False
PMID 32534646 CT_Summary_SoE.pdf,NCT02908672,0,Arm B (Atezolizumab + Cobimetinib + Vemurafenib),32.0,intervention,intervention,EXPERIMENTAL,intervention,progression-free survival ... significantly prolonged with atezolizumab versus control,intervention,pubmed,False,confident_2arm,2,2,False
PMID 32564260 CT_Summary_SoE.pdf,NCT02896855,0,Arm A (Placebo + Herceptin + Docetaxel),18.0,control,control,ACTIVE_COMPARATOR,,,control,agreement(pipeline=ctgov),False,confident_2arm,2,2,False
PMID 32564260 CT_Summary_SoE.pdf,NCT02896855,0,Arm B (Pertuzumab + Herceptin + Docetaxel),18.0,intervention,intervention,EXPERIMENTAL,,,intervention,agreement(pipeline=ctgov),False,confident_2arm,2,2,False
PMID 32678716 CT_Summary_SoE.pdf,NCT01808573,0,Arm B (Lapatinib + Capecitabine),20.0,control,control,ACTIVE_COMPARATOR,,,control,agreement(pipeline=ctgov),False,confident_2arm,2,2,False
PMID 32678716 CT_Summary_SoE.pdf,NCT01808573,0,Arm A (Neratinib + Capecitabine),20.0,intervention,intervention,EXPERIMENTAL,,,intervention,agreement(pipeline=ctgov),False,confident_2arm,2,2,False
PMID 32682457 a_Summary_SoE.pdf,NCT02322593,0,Arm B (S-1 plus Cisplatin),36.0,control,control,ACTIVE_COMPARATOR,,,control,agreement(pipeline=ctgov),False,confident_2arm,2,2,False
PMID 32682457 a_Summary_SoE.pdf,NCT02322593,0,Arm A (TAS-118 plus Oxaliplatin),27.0,intervention,intervention,EXPERIMENTAL,,,intervention,agreement(pipeline=ctgov),False,confident_2arm,2,2,False
PMID 32682484 a_Summary_SoE.pdf,NCT03158688,0,Arm 2: Kd (Carfilzomib and Dexamethasone),79.0,control,control,ACTIVE_COMPARATOR,,,control,agreement(pipeline=ctgov),False,confident_2arm,2,2,False
PMID 32682484 a_Summary_SoE.pdf,NCT03158688,0,"Arm 1: KdD (Carfilzomib, Dexamethasone, and Daratumumab)",81.0,intervention,intervention,EXPERIMENTAL,,,intervention,agreement(pipeline=ctgov),False,confident_2arm,2,2,False
PMID 32706639 a_Summary_SoE.pdf,NCT00430183,0,Arm B (Immediate Radical Prostatectomy),6.0,control,control,OTHER,,,control,agreement(pipeline=ctgov),False,confident_2arm,2,2,False
PMID 32706639 a_Summary_SoE.pdf,NCT00430183,0,Arm A (Neo-adjuvant Docetaxel + LHRH Agonist + Radical Prostatectomy),11.0,intervention,intervention,EXPERIMENTAL,,,intervention,agreement(pipeline=ctgov),False,confident_2arm,2,2,False
PMID 32786187 a_Summary_SoE.pdf,NCT02993523,0,Arm B (Placebo plus Azacitidine),100.0,control,control,PLACEBO_COMPARATOR,control,the azacitidine-placebo [control] group,control,pubmed,False,count_mismatch,2,3,False
PMID 32786187 a_Summary_SoE.pdf,NCT02993523,0,Arm A (Venetoclax plus Azacitidine),100.0,intervention,control,ACTIVE_COMPARATOR,intervention,azacitidine plus either venetoclax or placebo ... median overall survival was 14.7 months in the azacitidine-venetoclax group,intervention,pubmed,False,count_mismatch,2,3,False
PMID 32813610 a_Summary_SoE.pdf,NCT00408005,0,Arm A (Capizzi MTX - Control),51.0,control,intervention,EXPERIMENTAL,control,5-year disease-free survival (DFS) rates for patients ... randomly assigned to nelarabine (n = 323) and no nelarabine,control,pubmed,False,count_mismatch,4,17,False
PMID 32813610 a_Summary_SoE.pdf,NCT00408005,0,Arm C (High Dose MTX),52.0,intervention,control,ACTIVE_COMPARATOR,control,patients ... randomly assigned to nelarabine ... and no nelarabine (n = 336),control,pubmed,False,count_mismatch,4,17,True
PMID 32813610 a_Summary_SoE.pdf,NCT00408005,1,Arm B (Capizzi MTX + Nelarabine),73.0,intervention,control,ACTIVE_COMPARATOR,intervention,addition of nelarabine to ABFM therapy improved DFS for children and young adults with newly diagnosed T-ALL,intervention,pubmed,False,count_mismatch,4,17,False
PMID 32813610 a_Summary_SoE.pdf,NCT00408005,2,Arm D (High Dose MTX + Nelarabine),74.0,intervention,control,ACTIVE_COMPARATOR,intervention,"Patients treated with the best-performing arm, C-MTX plus nelarabine ... addition of nelarabine ... improved DFS",intervention,pubmed,False,count_mismatch,4,17,False
PMID 32822286 a_Summary_SoE.pdf,NCT01849874,0,Physician's Choice: Liposomal Doxorubicin,19.0,control,control,,control,randomized study of binimetinib (45 mg twice daily) versus physician's choice chemotherapy (PCC),control,pubmed,False,count_mismatch_leftover,4,2,False
PMID 32822286 a_Summary_SoE.pdf,NCT01849874,1,Physician's Choice: Paclitaxel,41.0,control,control,ACTIVE_COMPARATOR,control,binimetinib ... versus physician's choice chemotherapy (PCC),control,pubmed,False,count_mismatch,4,2,False
PMID 32822286 a_Summary_SoE.pdf,NCT01849874,2,Physician's Choice: Topotecan,94.0,control,control,,control,binimetinib ... versus physician's choice chemotherapy (PCC),control,pubmed,False,count_mismatch_leftover,4,2,False
PMID 32822286 a_Summary_SoE.pdf,NCT01849874,0,MEK162 (Binimetinib),16.0,intervention,intervention,EXPERIMENTAL,intervention,"to evaluate binimetinib, a potent MEK1/2 inhibitor with demonstrated activity across multiple cancers, in LGSOC",intervention,pubmed,False,count_mismatch,4,2,False
PMID 32861273 CT_Summary_SoE.pdf,NCT02163694,0,Arm B (Placebo + Carboplatin + Paclitaxel),53.0,control,control,ACTIVE_COMPARATOR,,,control,agreement(pipeline=ctgov),False,confident_2arm,2,2,False
PMID 32861273 CT_Summary_SoE.pdf,NCT02163694,0,Arm A (Veliparib + Carboplatin + Paclitaxel),53.0,intervention,intervention,EXPERIMENTAL,,,intervention,agreement(pipeline=ctgov),False,confident_2arm,2,2,False
PMID 32880601a_Summary_SoE.pdf,NCT02494583,0,Arm 3 (Placebo + Chemotherapy),36.0,control,control,PLACEBO_COMPARATOR,control,"pembrolizumab plus chemotherapy ... or chemotherapy plus placebo, every 3 weeks",control,pubmed,False,uncertain,3,3,False
PMID 32880601a_Summary_SoE.pdf,NCT02494583,0,Arm 1 (Pembrolizumab Monotherapy),18.0,intervention,intervention,EXPERIMENTAL,intervention,pembrolizumab was noninferior to chemotherapy for OS in patients with CPS of 1 or greater,intervention,pubmed,False,confident,3,3,False
PMID 32880601a_Summary_SoE.pdf,NCT02494583,1,Arm 2 (Pembrolizumab + Chemotherapy),36.0,intervention,intervention,EXPERIMENTAL,intervention,Pembrolizumab plus chemotherapy was not superior to chemotherapy for OS,intervention,pubmed,False,uncertain,3,3,False
PMID 32945632 a_Summary_SoE.pdf,NCT02603432,0,Arm B (Best Supportive Care Alone),14.0,control,intervention,OTHER,control,the addition of maintenance avelumab to best supportive care significantly prolonged overall survival as compared with best supportive care alone (control),control,pubmed,False,confident_2arm,2,2,False
PMID 32945632 a_Summary_SoE.pdf,NCT02603432,0,Arm A (Avelumab + Best Supportive Care),27.0,intervention,intervention,EXPERIMENTAL,intervention,Maintenance avelumab plus best supportive care significantly prolonged overall survival,intervention,pubmed,False,confident_2arm,2,2,False
PMID 32954927a_Summary_SoE.pdf,NCT03155997,0,Arm B (Standard adjuvant endocrine therapy alone),11.0,control,control,OTHER,,,control,agreement(pipeline=ctgov),False,confident_2arm,2,2,False
PMID 32954927a_Summary_SoE.pdf,NCT03155997,0,Arm A (Abemaciclib plus standard adjuvant endocrine therapy),11.0,intervention,intervention,EXPERIMENTAL,,,intervention,agreement(pipeline=ctgov),False,confident_2arm,2,2,False
PMID 32971005 CT_Summary_SoE.pdf,NCT02516241,0,Standard of Care (SoC) - Cisplatin + Gemcitabine,23.0,control,control,ACTIVE_COMPARATOR,control,durvalumab ... with or without tremelimumab ... as a first-line treatment for metastatic urothelial carcinoma [vs chemotherapy],control,pubmed,False,count_mismatch,4,3,False
PMID 32971005 CT_Summary_SoE.pdf,NCT02516241,1,"Standard of Care (Cisplatin + Gemcitabine, 28-day cycle)",31.5,control,control,,control,"durvalumab (a PD-L1 inhibitor), with or without tremelimumab ... versus chemotherapy",control,pubmed,False,count_mismatch_leftover,4,3,False
PMID 32971005 CT_Summary_SoE.pdf,NCT02516241,0,MEDI4736 + tremelimumab combination therapy,13.0,intervention,intervention,EXPERIMENTAL,intervention,"durvalumab (a PD-L1 inhibitor), with or without tremelimumab (a CTLA-4 inhibitor), as a first-line treatment",intervention,pubmed,False,count_mismatch,4,3,False
PMID 32971005 CT_Summary_SoE.pdf,NCT02516241,1,MEDI4736 monotherapy,13.0,intervention,intervention,EXPERIMENTAL,intervention,We randomly assigned patients (1:1:1) to receive durvalumab monotherapy (1500 mg),intervention,pubmed,False,count_mismatch,4,3,False
PMID 32997907 a_Summary_SoE.pdf,NCT02409342,0,Arm B (Platinum-based Chemotherapy),18.0,control,control,ACTIVE_COMPARATOR,control,"atezolizumab, as compared with those of platinum-based chemotherapy, as first-line treatment",control,pubmed,False,count_mismatch,3,2,False
PMID 32997907 a_Summary_SoE.pdf,NCT02409342,1,Platinum-based Chemotherapy - Squamous (Control),18.0,control,control,,control,Patients were assigned in a 1:1 ratio to receive atezolizumab or chemotherapy,control,pubmed,False,count_mismatch_leftover,3,2,False
PMID 32997907 a_Summary_SoE.pdf,NCT02409342,0,Arm A (Atezolizumab),18.0,intervention,intervention,EXPERIMENTAL,intervention,Atezolizumab treatment resulted in significantly longer overall survival than platinum-based chemotherapy,intervention,pubmed,False,count_mismatch,3,2,False
PMID 33010094 CT_Summary_SoE.pdf,NCT01509612,0,Arm 2 (Placebo Homeopathic Treatment),6.0,control,control,ACTIVE_COMPARATOR,control,additive homeopathic treatment compared with placebo in patients with stage IV NSCLC,control,pubmed,False,count_mismatch,4,3,False
PMID 33010094 CT_Summary_SoE.pdf,NCT01509612,1,Arm 3 (Standard Care Control),5.0,control,control,NO_INTERVENTION,control,52 control patients without any homeopathic treatment were observed for survival only,control,pubmed,False,count_mismatch,4,3,False
PMID 33010094 CT_Summary_SoE.pdf,NCT01509612,0,Arm 1 (Verum Homeopathic Treatment),6.0,intervention,intervention,,intervention,received either individualized homeopathic remedies (n = 51) or placebo ... QoL improved significantly in the homeopathy group,intervention,pubmed,False,count_mismatch_leftover,4,3,False
PMID 33010094 CT_Summary_SoE.pdf,NCT01509612,1,Arm 2 (Placebo Homeopathic Treatment),6.0,intervention,control,PLACEBO_COMPARATOR,control,additive homeopathic treatment compared with placebo in patients with stage IV NSCLC,control,pubmed,False,count_mismatch,4,3,True
PMID 33021870 a_Summary_SoE.pdf,NCT02312258,0,Placebo,18.0,control,control,PLACEBO_COMPARATOR,,,control,agreement(pipeline=ctgov),False,confident_2arm,2,2,False
PMID 33021870 a_Summary_SoE.pdf,NCT02312258,0,Ixazomib,18.0,intervention,intervention,EXPERIMENTAL,,,intervention,agreement(pipeline=ctgov),False,confident_2arm,2,2,False
PMID 33026938 CT_Summary_SoE.pdf,NCT02564263,0,Docetaxel,18.0,control,control,ACTIVE_COMPARATOR,control,"pembrolizumab ... or chemotherapy (investigator's choice of paclitaxel, docetaxel, or irinotecan)",control,pubmed,False,count_mismatch,4,2,False
PMID 33026938 CT_Summary_SoE.pdf,NCT02564263,1,Irinotecan,27.0,control,control,,control,"chemotherapy (investigator's choice of paclitaxel, docetaxel, or irinotecan)",control,pubmed,False,count_mismatch_leftover,4,2,False
PMID 33026938 CT_Summary_SoE.pdf,NCT02564263,2,Paclitaxel,40.0,control,control,,control,"chemotherapy (investigator's choice of paclitaxel, docetaxel, or irinotecan)",control,pubmed,False,count_mismatch_leftover,4,2,False
PMID 33026938 CT_Summary_SoE.pdf,NCT02564263,0,Pembrolizumab (MK-3475),18.0,intervention,intervention,EXPERIMENTAL,intervention,Pembrolizumab prolonged OS versus chemotherapy as second-line therapy for advanced esophageal cancer,intervention,pubmed,False,count_mismatch,4,2,False
PMID 33044684 CT_Summary_SoE.pdf,NCT02747043,0,Rituximab,7.0,control,control,ACTIVE_COMPARATOR,,,control,agreement(pipeline=ctgov),False,confident_2arm,2,2,False
PMID 33044684 CT_Summary_SoE.pdf,NCT02747043,0,ABP 798,7.0,intervention,intervention,EXPERIMENTAL,,,intervention,agreement(pipeline=ctgov),False,confident_2arm,2,2,False
PMID 33078978 a_Summary_SoE.pdf,NCT00063999,0,Regimen II (Carboplatin/Paclitaxel),24.0,control,intervention,EXPERIMENTAL,intervention,studied carboplatin plus paclitaxel (TC) as a noninferior alternative to TAP,intervention,pubmed,False,count_mismatch,3,2,True
PMID 33078978 a_Summary_SoE.pdf,NCT00063999,0,Regimen II (Carboplatin/Paclitaxel),38.0,intervention,intervention,,intervention,studied carboplatin plus paclitaxel (TC) as a noninferior alternative to TAP,intervention,pubmed,False,count_mismatch_leftover,3,2,False
PMID 33078978 a_Summary_SoE.pdf,NCT00063999,1,Regimen I (Doxorubicin/Cisplatin/Paclitaxel + G-CSF),31.0,intervention,control,ACTIVE_COMPARATOR,control,carboplatin plus paclitaxel (TC) as a noninferior alternative to TAP [paclitaxel-doxorubicin-cisplatin],control,pubmed,False,count_mismatch,3,2,True
PMID 33129376 a_Summary_SoE.pdf,NCT02755597,0,Arm 2 (Placebo plus Bd),56.0,control,control,PLACEBO_COMPARATOR,,,control,agreement(pipeline=ctgov),False,confident_2arm,2,2,False
PMID 33129376 a_Summary_SoE.pdf,NCT02755597,0,Arm 1 (Venetoclax plus Bd),56.0,intervention,intervention,EXPERIMENTAL,,,intervention,agreement(pipeline=ctgov),False,confident_2arm,2,2,False
PMID 33186740 a_Summary_SoE.pdf,NCT02340221,0,Placebo plus fulvestrant,0.0,control,control,PLACEBO_COMPARATOR,,,control,agreement(pipeline=ctgov),False,confident_2arm,2,2,False
PMID 33186740 a_Summary_SoE.pdf,NCT02340221,0,Taselisib plus fulvestrant,0.0,intervention,intervention,EXPERIMENTAL,,,intervention,agreement(pipeline=ctgov),False,confident_2arm,2,2,False
PMID 33189178 a_Summary_SoE.pdf,NCT03110562,0,Vd (Bortezomib + Dexamethasone),59.0,control,intervention,EXPERIMENTAL,control,"Once-per-week selinexor, bortezomib, and dexamethasone versus twice-per-week bortezomib and dexamethasone",control,pubmed,False,count_mismatch,2,4,False
PMID 33189178 a_Summary_SoE.pdf,NCT03110562,0,SVd (Selinexor + Bortezomib + Dexamethasone),47.0,intervention,intervention,EXPERIMENTAL,intervention,"We aimed to evaluate the clinical benefit of weekly selinexor, bortezomib, and [dexamethasone]",intervention,pubmed,False,count_mismatch,2,4,False
PMID 33194700 CT a_Summary_SoE.pdf,NCT02152631,0,Arm B (Erlotinib + Best Supportive Care),14.0,control,control,ACTIVE_COMPARATOR,,,control,agreement(pipeline=ctgov),False,confident_2arm,2,2,False
PMID 33194700 CT a_Summary_SoE.pdf,NCT02152631,0,Arm A (LY2835219 + Best Supportive Care),14.0,intervention,intervention,EXPERIMENTAL,,,intervention,agreement(pipeline=ctgov),False,confident_2arm,2,2,False
PMID 33197226 a_Summary_SoE.pdf,NCT02625610,0,Best Supportive Care (BSC) Only,20.0,control,control,,unresolved,,control,pipeline_fallback(pubmed_unresolved),True,count_mismatch_leftover,3,2,False
PMID 33197226 a_Summary_SoE.pdf,NCT02625610,1,Chemotherapy Maintenance (Oxaliplatin + 5-FU),27.0,control,intervention,EXPERIMENTAL,control,randomly assigned 1:1 to avelumab 10 mg/kg every 2 weeks or continued chemotherapy,control,pubmed,False,count_mismatch,3,2,False
PMID 33197226 a_Summary_SoE.pdf,NCT02625610,0,Avelumab Maintenance,27.0,intervention,intervention,EXPERIMENTAL,intervention,We investigated avelumab (anti-programmed death ligand-1 [PD-L1]) maintenance after first-line induction chemotherapy,intervention,pubmed,False,count_mismatch,3,2,False
PMID 33207094 a_Summary_SoE.pdf,NCT03052608,0,Arm B (Crizotinib),16.0,control,control,ACTIVE_COMPARATOR,,,control,agreement(pipeline=ctgov),False,confident_2arm,2,2,False
PMID 33207094 a_Summary_SoE.pdf,NCT03052608,0,Arm A (Lorlatinib),16.0,intervention,intervention,EXPERIMENTAL,,,intervention,agreement(pipeline=ctgov),False,confident_2arm,2,2,False
PMID 33231285 a_Summary_SoE.pdf,NCT03850444,0,Standard of Care (SOC) Platinum-based Chemotherapy,18.0,control,control,ACTIVE_COMPARATOR,,,control,agreement(pipeline=ctgov),False,confident_2arm,2,2,False
PMID 33231285 a_Summary_SoE.pdf,NCT03850444,0,Pembrolizumab (MK-3475),18.0,intervention,intervention,EXPERIMENTAL,,,intervention,agreement(pipeline=ctgov),False,confident_2arm,2,2,False
PMID 33278935 a_Summary_SoE.pdf,NCT02819518,0,Arm B (Placebo + Chemotherapy),42.0,control,control,ACTIVE_COMPARATOR,control,pembrolizumab (200 mg) every 3 weeks plus chemotherapy ... or placebo plus chemotherapy,control,pubmed,False,count_mismatch,2,5,False
PMID 33278935 a_Summary_SoE.pdf,NCT02819518,0,Arm A (Pembrolizumab + Chemotherapy),42.0,intervention,intervention,EXPERIMENTAL,intervention,whether the addition of pembrolizumab would enhance the antitumour activity of chemotherapy,intervention,pubmed,False,count_mismatch,2,5,False
PMID 33357420 CT_Summary_SoE.pdf,NCT03493854,0,Arm A (Perjeta IV + Herceptin IV + Chemotherapy),28.0,control,control,ACTIVE_COMPARATOR,,,control,agreement(pipeline=ctgov),False,confident_2arm,2,2,False
PMID 33357420 CT_Summary_SoE.pdf,NCT03493854,0,Arm B (FDC SC + Chemotherapy),28.0,intervention,intervention,EXPERIMENTAL,,,intervention,agreement(pipeline=ctgov),False,confident_2arm,2,2,False
PMID 33369355 a_Summary_SoE.pdf,NCT01757535,0,Arm B (Placebo + BSC),31.0,control,control,PLACEBO_COMPARATOR,,,control,agreement(pipeline=ctgov),False,confident_2arm,2,2,False
PMID 33369355 a_Summary_SoE.pdf,NCT01757535,0,Arm A (Oral Azacitidine + BSC),31.0,intervention,intervention,EXPERIMENTAL,,,intervention,agreement(pipeline=ctgov),False,confident_2arm,2,2,False
PMID 33476593 a_Summary_SoE.pdf,NCT03215706,0,Arm B (Platinum Doublet Chemotherapy),18.0,control,control,ACTIVE_COMPARATOR,,,control,agreement(pipeline=ctgov),False,confident_2arm,2,2,False
PMID 33476593 a_Summary_SoE.pdf,NCT03215706,0,Arm A (Nivolumab + Ipilimumab + Platinum Doublet Chemotherapy),18.0,intervention,intervention,EXPERIMENTAL,,,intervention,agreement(pipeline=ctgov),False,confident_2arm,2,2,False
PMID 33480963 a_Summary_SoE.pdf,NCT02492711,0,Arm B (Trastuzumab plus Chemotherapy),36.0,control,control,ACTIVE_COMPARATOR,control,"To compare the clinical efficacy of margetuximab vs trastuzumab, each with chemotherapy",control,pubmed,False,count_mismatch,2,3,False
PMID 33480963 a_Summary_SoE.pdf,NCT02492711,0,Arm A (Margetuximab plus Chemotherapy),36.0,intervention,intervention,EXPERIMENTAL,intervention,The chimeric antibody margetuximab shares ERBB2 specificity with trastuzumab but incorporates an engineered Fc region,intervention,pubmed,False,count_mismatch,2,3,False
PMID 33485464 a_Summary_SoE.pdf,NCT02899299,0,Arm B (Pemetrexed + Cisplatin/Carboplatin),15.0,control,control,ACTIVE_COMPARATOR,,,control,agreement(pipeline=ctgov),False,confident_2arm,2,2,False
PMID 33485464 a_Summary_SoE.pdf,NCT02899299,0,Arm A (Nivolumab + Ipilimumab),27.0,intervention,intervention,EXPERIMENTAL,,,intervention,agreement(pipeline=ctgov),False,confident_2arm,2,2,False
PMID 33513313 a_Summary_SoE.pdf,NCT03302234,0,Arm 2 (Pembrolizumab + Placebo),21.0,control,control,ACTIVE_COMPARATOR,,,control,agreement(pipeline=ctgov),False,confident_2arm,2,2,False
PMID 33513313 a_Summary_SoE.pdf,NCT03302234,0,Arm 1 (Pembrolizumab + Ipilimumab),21.0,intervention,intervention,EXPERIMENTAL,,,intervention,agreement(pipeline=ctgov),False,confident_2arm,2,2,False
PMID 33539945 CT_Summary_SoE.pdf,NCT02436668,0,Arm B (Placebo in combination with nab-paclitaxel and gemcitabine),40.0,control,control,PLACEBO_COMPARATOR,control,randomized to once-daily oral ibrutinib (560 mg) or placebo plus nab-paclitaxel ... and gemcitabine,control,pubmed,False,confident_2arm,2,2,False
PMID 33539945 CT_Summary_SoE.pdf,NCT02436668,0,Arm A (Ibrutinib in combination with nab-paclitaxel and gemcitabine),40.0,intervention,control,ACTIVE_COMPARATOR,intervention,The safety and efficacy of first-line ibrutinib plus nab-paclitaxel/gemcitabine treatment ... were evaluated,intervention,pubmed,False,confident_2arm,2,2,False
PMID 33555926 a_Summary_SoE.pdf,NCT02923921,0,Arm 2 (FOLFOX alone),17.0,control,control,ACTIVE_COMPARATOR,,,control,agreement(pipeline=ctgov),False,confident_2arm,2,2,False
PMID 33555926 a_Summary_SoE.pdf,NCT02923921,0,Arm 1 (AM0010 + FOLFOX),24.0,intervention,intervention,EXPERIMENTAL,,,intervention,agreement(pipeline=ctgov),False,confident_2arm,2,2,False
PMID 33577358 a_Summary_SoE.pdf,NCT02545504,0,Arm B (Placebo + mFOLFOX6),29.0,control,control,PLACEBO_COMPARATOR,,,control,agreement(pipeline=ctgov),False,confident_2arm,2,2,False
PMID 33577358 a_Summary_SoE.pdf,NCT02545504,0,Arm A (GS-5745 + mFOLFOX6),29.0,intervention,intervention,EXPERIMENTAL,,,intervention,agreement(pipeline=ctgov),False,confident_2arm,2,2,False
PMID 33577729 a_Summary_SoE.pdf,NCT03474107,0,"Arm B (Chemotherapy: Docetaxel, Paclitaxel, or Vinflunine)",20.0,control,control,ACTIVE_COMPARATOR,control,"enfortumab vedotin ... or investigator-chosen chemotherapy (standard docetaxel, paclitaxel, or vinflunine)",control,pubmed,False,count_mismatch,2,3,False
PMID 33577729 a_Summary_SoE.pdf,NCT03474107,0,Arm A (Enfortumab Vedotin),40.0,intervention,intervention,EXPERIMENTAL,intervention,Enfortumab vedotin significantly prolonged survival as compared with standard chemotherapy,intervention,pubmed,False,count_mismatch,2,3,False
PMID 33616314 a_Summary_SoE.pdf,NCT02811861,0,Arm C (Sunitinib),26.0,control,control,ACTIVE_COMPARATOR,,,control,agreement(pipeline=ctgov),False,confident,3,3,False
PMID 33616314 a_Summary_SoE.pdf,NCT02811861,0,Arm A (Lenvatinib + Everolimus),26.0,intervention,intervention,EXPERIMENTAL,,,intervention,agreement(pipeline=ctgov),False,confident,3,3,False
PMID 33616314 a_Summary_SoE.pdf,NCT02811861,1,Arm B (Lenvatinib + Pembrolizumab),26.0,intervention,intervention,EXPERIMENTAL,,,intervention,agreement(pipeline=ctgov),False,confident,3,3,False
PMID 33621109 a_Summary_SoE.pdf,NCT02285062,0,Placebo-R-CHOP (Placebo + R-CHOP),18.0,control,control,ACTIVE_COMPARATOR,,,control,agreement(pipeline=ctgov),False,confident_2arm,2,2,False
PMID 33621109 a_Summary_SoE.pdf,NCT02285062,0,R2-CHOP (Lenalidomide + R-CHOP),18.0,intervention,intervention,EXPERIMENTAL,,,intervention,agreement(pipeline=ctgov),False,confident_2arm,2,2,False
PMID 33631112 CT_Summary_SoE.pdf,NCT02301156,0,Arm B (Ibrutinib),10.0,control,control,ACTIVE_COMPARATOR,,,control,agreement(pipeline=ctgov),False,confident_2arm,2,2,False
PMID 33631112 CT_Summary_SoE.pdf,NCT02301156,0,Arm A (Ublituximab + Ibrutinib),12.0,intervention,intervention,EXPERIMENTAL,,,intervention,agreement(pipeline=ctgov),False,confident_2arm,2,2,False
PMID 33651090 a_Summary_SoE.pdf,NCT02101853,0,Arm A (HR/IR Control - Chemotherapy),35.0,control,control,ACTIVE_COMPARATOR,control,substituting blinatumomab for intensive chemotherapy in consolidation therapy ... 2 cycles of multiagent chemotherapy,control,pubmed,False,uncertain,4,4,False
PMID 33651090 a_Summary_SoE.pdf,NCT02101853,1,Arm C (LR Control - Chemotherapy),93.0,control,control,ACTIVE_COMPARATOR,control,substituting blinatumomab for intensive chemotherapy ... 2 cycles of multiagent chemotherapy,control,pubmed,False,uncertain,4,4,False
PMID 33651090 a_Summary_SoE.pdf,NCT02101853,0,Arm B (HR/IR Experimental - Blinatumomab),41.0,intervention,intervention,EXPERIMENTAL,intervention,substituting blinatumomab for intensive chemotherapy in consolidation therapy would improve survival,intervention,pubmed,False,uncertain,4,4,False
PMID 33651090 a_Summary_SoE.pdf,NCT02101853,1,Arm D (LR Experimental - Blinatumomab),115.0,intervention,intervention,EXPERIMENTAL,intervention,substituting blinatumomab for intensive chemotherapy ... 2 cycles of blinatumomab,intervention,pubmed,False,uncertain,4,4,False
PMID 33651091 a_Summary_SoE.pdf,NCT02393859,0,Arm 2A (HC3 Chemotherapy),13.0,control,control,ACTIVE_COMPARATOR,,,control,agreement(pipeline=ctgov),False,confident_2arm,2,2,False
PMID 33651091 a_Summary_SoE.pdf,NCT02393859,0,Arm 1A (Blinatumomab),14.0,intervention,intervention,EXPERIMENTAL,,,intervention,agreement(pipeline=ctgov),False,confident_2arm,2,2,False
PMID 33657295 a_Summary_SoE.pdf,NCT03141177,0,Arm C (Sunitinib),18.0,control,control,ACTIVE_COMPARATOR,control,Nivolumab plus Cabozantinib versus Sunitinib for Advanced Renal-Cell Carcinoma,control,pubmed,False,confident,3,3,False
PMID 33657295 a_Summary_SoE.pdf,NCT03141177,0,Arm B (Nivolumab + Ipilimumab + Cabozantinib),25.0,intervention,intervention,EXPERIMENTAL,unresolved,,intervention,pipeline_fallback(pubmed_unresolved),True,uncertain,3,3,False
PMID 33657295 a_Summary_SoE.pdf,NCT03141177,1,Arm A (Nivolumab + Cabozantinib),27.0,intervention,intervention,EXPERIMENTAL,intervention,"we randomly assigned adults with previously untreated clear-cell, advanced renal-cell carcinoma to receive either nivolumab plus cabozantinib",intervention,pubmed,False,confident,3,3,False
PMID 33667670 CT_Summary_SoE.pdf,NCT02631876,0,Arm 2 (Investigator's Choice - Paclitaxel),56.0,control,intervention,EXPERIMENTAL,control,study FORWARD I compared MIRV and investigator's choice chemotherapy,control,pubmed,False,confident_2arm,2,2,False
PMID 33667670 CT_Summary_SoE.pdf,NCT02631876,0,Arm 1 (Mirvetuximab Soravtansine),41.0,intervention,intervention,EXPERIMENTAL,intervention,study FORWARD I compared MIRV and investigator's choice chemotherapy,intervention,pubmed,False,confident_2arm,2,2,False
PMID 33676601 CT_Summary_SoE.pdf,NCT02555657,0,TPC Arm (Capecitabine),18.0,control,control,,control,"single-drug chemotherapy per investigator's choice of capecitabine, eribulin, gemcitabine, or vinorelbine",control,pubmed,False,count_mismatch_leftover,4,2,False
PMID 33676601 CT_Summary_SoE.pdf,NCT02555657,1,TPC Arm (Gemcitabine or Eribulin),36.0,control,control,ACTIVE_COMPARATOR,control,"single-drug chemotherapy per investigator's choice of capecitabine, eribulin, gemcitabine, or vinorelbine",control,pubmed,False,count_mismatch,4,2,False
PMID 33676601 CT_Summary_SoE.pdf,NCT02555657,2,TPC Arm (Vinorelbine),53.0,control,control,,control,"single-drug chemotherapy per investigator's choice of capecitabine, eribulin, gemcitabine, or vinorelbine",control,pubmed,False,count_mismatch_leftover,4,2,False
PMID 33676601 CT_Summary_SoE.pdf,NCT02555657,0,Pembrolizumab Arm,18.0,intervention,intervention,EXPERIMENTAL,intervention,we compared pembrolizumab with chemotherapy for second-line or third-line treatment,intervention,pubmed,False,count_mismatch,4,2,False
PMID 33683919 a_Summary_SoE.pdf,NCT02538666,0,Arm C (Placebo),30.0,control,control,PLACEBO_COMPARATOR,,,control,agreement(pipeline=ctgov),False,confident,3,3,False
PMID 33683919 a_Summary_SoE.pdf,NCT02538666,0,Arm B (Nivolumab + Ipilimumab),29.0,intervention,intervention,EXPERIMENTAL,,,intervention,agreement(pipeline=ctgov),False,confident,3,3,False
PMID 33683919 a_Summary_SoE.pdf,NCT02538666,1,Arm A (Nivolumab monotherapy),30.0,intervention,intervention,EXPERIMENTAL,,,intervention,agreement(pipeline=ctgov),False,confident,3,3,False
PMID 33721560 CT_Summary_SoE.pdf,NCT02450331,0,Arm B (Observation),10.0,control,control,NO_INTERVENTION,,,control,agreement(pipeline=ctgov),False,confident_2arm,2,2,False
PMID 33721560 CT_Summary_SoE.pdf,NCT02450331,0,Arm A (Atezolizumab),18.0,intervention,intervention,EXPERIMENTAL,,,intervention,agreement(pipeline=ctgov),False,confident_2arm,2,2,False
PMID 33739848 a_Summary_SoE.pdf,NCT00769379,0,Group 1 (Radiation Therapy alone),28.0,control,intervention,EXPERIMENTAL,control,assess the efficacy of RT alone vs concurrent RT plus T in preventing recurrence,control,pubmed,False,confident_2arm,2,2,False
PMID 33739848 a_Summary_SoE.pdf,NCT00769379,0,Group 2 (Radiation Therapy + Trastuzumab),28.0,intervention,intervention,EXPERIMENTAL,intervention,Addition of T to RT did not achieve the objective of 36% reduction in IBTR rate,intervention,pubmed,False,confident_2arm,2,2,False
PMID 33764805 a_Summary_SoE.pdf,NCT01566695,0,Arm B (Placebo + Best Supportive Care),30.0,control,control,PLACEBO_COMPARATOR,,,control,agreement(pipeline=ctgov),False,confident_2arm,2,2,False
PMID 33764805 a_Summary_SoE.pdf,NCT01566695,0,Arm A (Oral Azacitidine + Best Supportive Care),30.0,intervention,intervention,EXPERIMENTAL,,,intervention,agreement(pipeline=ctgov),False,confident_2arm,2,2,False
PMID 33789008 a_Summary_SoE.pdf,NCT02743494,0,Arm B (Placebo),18.0,control,control,PLACEBO_COMPARATOR,,,control,agreement(pipeline=ctgov),False,confident_2arm,2,2,False
PMID 33789008 a_Summary_SoE.pdf,NCT02743494,0,Arm A (Nivolumab),18.0,intervention,intervention,EXPERIMENTAL,,,intervention,agreement(pipeline=ctgov),False,confident_2arm,2,2,False
PMID 33792623a_Summary_SoE.pdf,NCT03594747,0,Arm C (Paclitaxel + Carboplatin),14.0,control,control,ACTIVE_COMPARATOR,,,control,agreement(pipeline=ctgov),False,confident,3,3,False
PMID 33792623a_Summary_SoE.pdf,NCT03594747,0,Arm A (Tislelizumab + Paclitaxel + Carboplatin),18.0,intervention,intervention,EXPERIMENTAL,,,intervention,agreement(pipeline=ctgov),False,confident,3,3,False
PMID 33792623a_Summary_SoE.pdf,NCT03594747,1,Arm B (Tislelizumab + nab-paclitaxel + Carboplatin),30.0,intervention,intervention,EXPERIMENTAL,,,intervention,agreement(pipeline=ctgov),False,confident,3,3,False
PMID 33793299 a_Summary_SoE.pdf,NCT01864746,0,Arm B (Placebo + Endocrine Therapy),15.0,control,control,PLACEBO_COMPARATOR,,,control,agreement(pipeline=ctgov),False,confident_2arm,2,2,False
PMID 33793299 a_Summary_SoE.pdf,NCT01864746,0,Arm A (Palbociclib + Endocrine Therapy),15.0,intervention,intervention,EXPERIMENTAL,,,intervention,agreement(pipeline=ctgov),False,confident_2arm,2,2,False
PMID 33794205 CT_Summary_SoE.pdf,NCT02952586,0,Arm B (Placebo + SOC CRT),57.0,control,control,PLACEBO_COMPARATOR,,,control,agreement(pipeline=ctgov),False,confident_2arm,2,2,False
PMID 33794205 CT_Summary_SoE.pdf,NCT02952586,0,Arm A (Avelumab + SOC CRT),57.0,intervention,intervention,EXPERIMENTAL,,,intervention,agreement(pipeline=ctgov),False,confident_2arm,2,2,False
PMID 33821899a_Summary_SoE.pdf,NCT01150045,0,Arm A (12 cycles FOLFOX + Placebo),11.0,control,control,ACTIVE_COMPARATOR,control,"addition of celecoxib for 3 years, compared with placebo, to standard adjuvant chemotherapy",control,pubmed,False,count_mismatch,5,4,False
PMID 33821899a_Summary_SoE.pdf,NCT01150045,1,Arm A (12 cycles of FOLFOX + placebo daily),15.5,control,control,ACTIVE_COMPARATOR,control,"addition of celecoxib for 3 years, compared with placebo, to standard adjuvant chemotherapy",control,pubmed,False,count_mismatch,5,4,False
PMID 33821899a_Summary_SoE.pdf,NCT01150045,0,Arm C (6 cycles FOLFOX + Placebo),10.0,intervention,intervention,,control,"addition of celecoxib for 3 years, compared with placebo, to standard adjuvant chemotherapy",control,pubmed,False,count_mismatch_leftover,5,4,True
PMID 33821899a_Summary_SoE.pdf,NCT01150045,1,Arm D (6 cycles FOLFOX + Celecoxib),15.0,intervention,intervention,EXPERIMENTAL,intervention,"addition of celecoxib to adjuvant chemotherapy with fluorouracil, leucovorin, and oxaliplatin (FOLFOX)",intervention,pubmed,False,count_mismatch,5,4,False
PMID 33821899a_Summary_SoE.pdf,NCT01150045,2,Arm B (12 cycles FOLFOX + Celecoxib),14.0,intervention,intervention,EXPERIMENTAL,intervention,"addition of celecoxib to adjuvant chemotherapy with fluorouracil, leucovorin, and oxaliplatin (FOLFOX)",intervention,pubmed,False,count_mismatch,5,4,False
PMID 33848462 CT_Summary_SoE.pdf,NCT02367040,0,Arm B (Placebo + Rituximab),42.0,control,control,PLACEBO_COMPARATOR,,,control,agreement(pipeline=ctgov),False,confident_2arm,2,2,False
PMID 33848462 CT_Summary_SoE.pdf,NCT02367040,0,Arm A (Copanlisib + Rituximab),42.0,intervention,intervention,EXPERIMENTAL,,,intervention,agreement(pipeline=ctgov),False,confident_2arm,2,2,False
PMID 33882206 a_Summary_SoE.pdf,NCT02574455,0,Arm B (Treatment of Physician's Choice - TPC),36.0,control,control,ACTIVE_COMPARATOR,,,control,agreement(pipeline=ctgov),False,confident_2arm,2,2,False
PMID 33882206 a_Summary_SoE.pdf,NCT02574455,0,Arm A (Sacituzumab Govitecan),36.0,intervention,intervention,EXPERIMENTAL,,,intervention,agreement(pipeline=ctgov),False,confident_2arm,2,2,False
PMID 33891472 a_Summary_SoE.pdf,NCT03038100,0,Arm B (Placebo + Paclitaxel + Carboplatin + Bevacizumab),18.0,control,control,PLACEBO_COMPARATOR,,,control,agreement(pipeline=ctgov),False,confident_2arm,2,2,False
PMID 33891472 a_Summary_SoE.pdf,NCT03038100,0,Arm A (Atezolizumab + Paclitaxel + Carboplatin + Bevacizumab),18.0,intervention,intervention,EXPERIMENTAL,,,intervention,agreement(pipeline=ctgov),False,confident_2arm,2,2,False
PMID 33914256 CT_Summary_SoE.pdf,NCT03296163,0,Arm B (Avastin + Chemotherapy),19.0,control,control,ACTIVE_COMPARATOR,,,control,agreement(pipeline=ctgov),False,confident_2arm,2,2,False
PMID 33914256 CT_Summary_SoE.pdf,NCT03296163,0,Arm A (MB02 + Chemotherapy),19.0,intervention,intervention,EXPERIMENTAL,,,intervention,agreement(pipeline=ctgov),False,confident_2arm,2,2,False
PMID 33971141 CT_Summary_SoE.pdf,NCT02329860,0,Arm B (Placebo),16.0,control,control,PLACEBO_COMPARATOR,,,control,agreement(pipeline=ctgov),False,confident_2arm,2,2,False
PMID 33971141 CT_Summary_SoE.pdf,NCT02329860,0,Arm A (Apatinib Mesylate Tablets),16.0,intervention,intervention,EXPERIMENTAL,,,intervention,agreement(pipeline=ctgov),False,confident_2arm,2,2,False
PMID 33989025 a_Summary_SoE.pdf,NCT00942331,0,"Arm A (Gemcitabine, Cisplatin, and Placebo)",24.0,control,control,ACTIVE_COMPARATOR,,,control,agreement(pipeline=ctgov),False,confident_2arm,2,2,False
PMID 33989025 a_Summary_SoE.pdf,NCT00942331,0,"Arm B (Gemcitabine, Cisplatin, and Bevacizumab)",24.0,intervention,intervention,EXPERIMENTAL,,,intervention,agreement(pipeline=ctgov),False,confident_2arm,2,2,False
PMID 34048947 a_Summary_SoE.pdf,NCT03629925,0,Control Group (Placebo + Gemcitabine + Platinum),24.0,control,control,PLACEBO_COMPARATOR,,,control,agreement(pipeline=ctgov),False,confident_2arm,2,2,False
PMID 34048947 a_Summary_SoE.pdf,NCT03629925,0,Test Group (IBI308 + Gemcitabine + Platinum),24.0,intervention,intervention,EXPERIMENTAL,,,intervention,agreement(pipeline=ctgov),False,confident_2arm,2,2,False
PMID 34051178a_Summary_SoE.pdf,NCT02853305,0,Chemotherapy Alone,17.0,control,control,ACTIVE_COMPARATOR,control,pembrolizumab alone or combined with chemotherapy versus chemotherapy for patients with previously untreated advanced urothelial carcinoma,control,pubmed,False,uncertain,3,3,False
PMID 34051178a_Summary_SoE.pdf,NCT02853305,0,Pembrolizumab Monotherapy,18.0,intervention,intervention,EXPERIMENTAL,intervention,we assessed outcomes with first-line pembrolizumab alone or combined with chemotherapy versus chemotherapy,intervention,pubmed,False,confident,3,3,False
PMID 34051178a_Summary_SoE.pdf,NCT02853305,1,Pembrolizumab plus Chemotherapy,24.0,intervention,intervention,EXPERIMENTAL,intervention,pembrolizumab 200 mg every 3 weeks for a maximum of 35 cycles plus intravenous chemotherapy,intervention,pubmed,False,uncertain,3,3,False
PMID 34077643 a_Summary_SoE.pdf,NCT02632409,0,Arm B (Placebo),27.0,control,control,PLACEBO_COMPARATOR,,,control,agreement(pipeline=ctgov),False,confident_2arm,2,2,False
PMID 34077643 a_Summary_SoE.pdf,NCT02632409,0,Arm A (Nivolumab),27.0,intervention,intervention,EXPERIMENTAL,,,intervention,agreement(pipeline=ctgov),False,confident_2arm,2,2,False
PMID 34087126 a_Summary_SoE.pdf,NCT03180736,0,PomDex (Pomalidomide + Dexamethasone),24.0,control,control,ACTIVE_COMPARATOR,,,control,agreement(pipeline=ctgov),False,confident_2arm,2,2,False
PMID 34087126 a_Summary_SoE.pdf,NCT03180736,0,DaraPomDex (Daratumumab + Pomalidomide + Dexamethasone),24.0,intervention,intervention,EXPERIMENTAL,,,intervention,agreement(pipeline=ctgov),False,confident_2arm,2,2,False
PMID 34092112 a_Summary_SoE.pdf,NCT02445391,0,Arm A (Observation),4.0,control,control,NO_INTERVENTION,unresolved,,control,pipeline_fallback(pubmed_unresolved),True,uncertain,3,3,False
PMID 34092112 a_Summary_SoE.pdf,NCT02445391,0,Arm B (Platinum-based chemotherapy),8.0,intervention,intervention,EXPERIMENTAL,intervention,iDFS would not be inferior but improved in patients with basal subtype TNBC treated with adjuvant platinum compared with capecitabine,intervention,pubmed,False,uncertain,3,3,False
PMID 34092112 a_Summary_SoE.pdf,NCT02445391,1,Arm C (Capecitabine),10.0,intervention,control,ACTIVE_COMPARATOR,control,"high-risk for recurrence, which is reduced by adjuvant capecitabine ... assuming a 4-year iDFS of 67% with capecitabine",control,pubmed,False,confident,3,3,True
PMID 34102137 a_Summary_SoE.pdf,NCT02872116,0,XELOX alone,52.0,control,control,ACTIVE_COMPARATOR,control,nivolumab plus chemotherapy versus chemotherapy alone,control,pubmed,False,uncertain,5,5,False
PMID 34102137 a_Summary_SoE.pdf,NCT02872116,1,FOLFOX alone,52.0,control,control,ACTIVE_COMPARATOR,control,nivolumab plus chemotherapy versus chemotherapy alone,control,pubmed,False,uncertain,5,5,False
PMID 34102137 a_Summary_SoE.pdf,NCT02872116,0,Nivolumab + XELOX,18.0,intervention,intervention,EXPERIMENTAL,intervention,"nivolumab ... plus chemotherapy (capecitabine and oxaliplatin every 3 weeks or leucovorin, fluorouracil, and oxaliplatin)",intervention,pubmed,False,uncertain,5,5,False
PMID 34102137 a_Summary_SoE.pdf,NCT02872116,1,Nivolumab + FOLFOX,52.0,intervention,intervention,EXPERIMENTAL,intervention,"nivolumab ... plus chemotherapy (capecitabine and oxaliplatin every 3 weeks or leucovorin, fluorouracil, and oxaliplatin)",intervention,pubmed,False,uncertain,5,5,False
PMID 34102137 a_Summary_SoE.pdf,NCT02872116,2,Nivolumab + FOLFOX,52.0,intervention,intervention,EXPERIMENTAL,intervention,"nivolumab ... plus chemotherapy (capecitabine and oxaliplatin every 3 weeks or leucovorin, fluorouracil, and oxaliplatin)",intervention,pubmed,False,uncertain,5,5,False
PMID 34110925 a_Summary_SoE.pdf,NCT00085735,0,Arm A (Standard-dose CSRT 23.40 Gy + Standard Volume Boost),59.0,control,intervention,EXPERIMENTAL,control,Efforts to mitigate these effects include deintensification of craniospinal irradiation (CSI) dose and volume,control,pubmed,False,count_mismatch,2,6,False
PMID 34110925 a_Summary_SoE.pdf,NCT00085735,0,Arm B (Reduced-dose CSRT 18.00 Gy + Limited Target Volume Boost),59.0,intervention,intervention,EXPERIMENTAL,intervention,Reducing CSI dose in young children with average-risk MB results in inferior outcomes,intervention,pubmed,False,count_mismatch,2,6,False
PMID 34133211 a_Summary_SoE.pdf,NCT01515748,0,Arm 2 (SC Arm: Surgery + Chemotherapy),11.0,control,intervention,OTHER,control,D2 surgery followed by adjuvant S-1 ... SC group ... versus standard treatment,control,pubmed,False,confident_2arm,2,2,False
PMID 34133211 a_Summary_SoE.pdf,NCT01515748,0,Arm 1 (CSC Arm: Chemotherapy + Surgery + Chemotherapy),14.0,intervention,intervention,EXPERIMENTAL,intervention,"whether neoadjuvant docetaxel, oxaliplatin, and S-1 (DOS) followed by surgery and adjuvant S-1 could improve outcomes versus standard treatment",intervention,pubmed,False,confident_2arm,2,2,False
PMID 34134469 CT_Summary_SoE.pdf,NCT01461928,0,Arm B (Observation),13.0,control,intervention,OTHER,control,randomized to extended maintenance with subcutaneous rituximab (n=138) or observation only (n=138),control,pubmed,False,confident_2arm,2,2,False
PMID 34134469 CT_Summary_SoE.pdf,NCT01461928,0,Arm A (Prolonged SC Rituximab Maintenance),13.0,intervention,intervention,EXPERIMENTAL,intervention,whether further prolonged maintenance with rituximab provides additional benefit,intervention,pubmed,False,confident_2arm,2,2,False
PMID 34143970 CT_Summary_SoE.pdf,NCT02580058,0,Arm C (PLD alone),27.0,control,control,ACTIVE_COMPARATOR,control,objective to show whether avelumab alone or avelumab plus PLD is superior to PLD,control,pubmed,False,confident,3,3,False
PMID 34143970 CT_Summary_SoE.pdf,NCT02580058,0,Arm A (avelumab alone),27.0,intervention,intervention,EXPERIMENTAL,intervention,objective to show whether avelumab alone or avelumab plus PLD is superior to PLD,intervention,pubmed,False,confident,3,3,False
PMID 34143970 CT_Summary_SoE.pdf,NCT02580058,1,Arm B (avelumab plus PLD),27.0,intervention,intervention,EXPERIMENTAL,intervention,objective to show whether avelumab alone or avelumab plus PLD is superior to PLD,intervention,pubmed,False,uncertain,3,3,False
PMID 34161051 a_Summary_SoE.pdf,NCT03511664,0,Control Arm (Best Supportive Care Alone),24.0,control,control,OTHER,,,control,agreement(pipeline=ctgov),False,confident_2arm,2,2,False
PMID 34161051 a_Summary_SoE.pdf,NCT03511664,0,Investigational Arm (177Lu-PSMA-617 + BSoC),24.0,intervention,intervention,EXPERIMENTAL,,,intervention,agreement(pipeline=ctgov),False,confident_2arm,2,2,False
PMID 34170389 CT_Summary_SoE.pdf,NCT00549848,0,"Arm B (Conventional Dose PEG-asparaginase, Standard/High-Risk)",79.5,control,intervention,EXPERIMENTAL,control,randomized in continuation to receive 2500 IU/m2 or 3500 IU/m2 IV ... continuously (15 doses) on the standard/high risk (SHR) arms,control,pubmed,False,count_mismatch,3,2,False
PMID 34170389 CT_Summary_SoE.pdf,NCT00549848,0,"Arm A (Higher Dose PEG-asparaginase, Standard/High-Risk)",78.0,intervention,control,ACTIVE_COMPARATOR,intervention,randomized in continuation to receive 2500 IU/m2 or 3500 IU/m2 IV ... continuously (15 doses) on the standard/high risk (SHR) arms,intervention,pubmed,False,count_mismatch,3,2,False
PMID 34170389 CT_Summary_SoE.pdf,NCT00549848,1,Low-Risk (LR),78.0,intervention,intervention,,unresolved,,intervention,pipeline_fallback(pubmed_unresolved),True,count_mismatch_leftover,3,2,False
PMID 34197181 a_Summary_SoE.pdf,NCT00116142,0,Group 1 (AST + EBRT),48.0,control,control,OTHER,,,control,agreement(pipeline=ctgov),False,confident_2arm,2,2,False
PMID 34197181 a_Summary_SoE.pdf,NCT00116142,0,Group 2 (AST + EBRT + Docetaxel),53.0,intervention,intervention,EXPERIMENTAL,,,intervention,agreement(pipeline=ctgov),False,confident_2arm,2,2,False
PMID 34219000 a_Summary_SoE.pdf,NCT03125902,0,Arm B (Placebo + Paclitaxel),40.0,control,intervention,EXPERIMENTAL,control,"randomised 2:1 to atezolizumab 840 mg or placebo (days 1, 15), both with paclitaxel",control,pubmed,False,confident_2arm,2,2,False
PMID 34219000 a_Summary_SoE.pdf,NCT03125902,0,Arm A (Atezolizumab + Paclitaxel),40.0,intervention,control,PLACEBO_COMPARATOR,intervention,adding atezolizumab to paclitaxel did not improve investigator-assessed PFS,intervention,pubmed,False,confident_2arm,2,2,False
PMID 34237250 a_Summary_SoE.pdf,NCT03690388,0,Placebo,16.0,control,control,PLACEBO_COMPARATOR,,,control,agreement(pipeline=ctgov),False,confident_2arm,2,2,False
PMID 34237250 a_Summary_SoE.pdf,NCT03690388,0,Cabozantinib,16.0,intervention,intervention,EXPERIMENTAL,,,intervention,agreement(pipeline=ctgov),False,confident_2arm,2,2,False
PMID 34246347 CT_Summary_SoE.pdf,NCT03072238,0,Arm 2 (Placebo + Abiraterone + Prednisone/Prednisolone),19.0,control,control,ACTIVE_COMPARATOR,,,control,agreement(pipeline=ctgov),False,confident_2arm,2,2,False
PMID 34246347 CT_Summary_SoE.pdf,NCT03072238,0,Arm 1 (Ipatasertib + Abiraterone + Prednisone/Prednisolone),19.0,intervention,intervention,EXPERIMENTAL,,,intervention,agreement(pipeline=ctgov),False,confident_2arm,2,2,False
PMID 34264305 a_Summary_SoE.pdf,NCT02429427,0,Placebo,3.0,control,control,PLACEBO_COMPARATOR,,,control,agreement(pipeline=ctgov),False,confident_2arm,2,2,False
PMID 34264305 a_Summary_SoE.pdf,NCT02429427,0,Celecoxib,3.0,intervention,intervention,EXPERIMENTAL,,,intervention,agreement(pipeline=ctgov),False,confident_2arm,2,2,False
PMID 34264316 a_Summary_SoE.pdf,NCT02785952,0,Arm 2: Nivolumab monotherapy,27.0,control,control,ACTIVE_COMPARATOR,,,control,agreement(pipeline=ctgov),False,confident_2arm,2,2,False
PMID 34264316 a_Summary_SoE.pdf,NCT02785952,0,Arm 1: Nivolumab plus Ipilimumab,27.0,intervention,intervention,EXPERIMENTAL,,,intervention,agreement(pipeline=ctgov),False,confident_2arm,2,2,False
PMID 34264503 CT_Summary_SoE.pdf,NCT02810457,0,Arm B (Avastin group),20.0,control,control,ACTIVE_COMPARATOR,,,control,agreement(pipeline=ctgov),False,confident_2arm,2,2,False
PMID 34264503 CT_Summary_SoE.pdf,NCT02810457,0,Arm A (FKB238 group),20.0,intervention,intervention,EXPERIMENTAL,,,intervention,agreement(pipeline=ctgov),False,confident_2arm,2,2,False
PMID 34309665 a_Summary_SoE.pdf,NCT01718873,0,Standard Arm (Bevacizumab + FOLFOX/OXXEL),36.0,control,control,ACTIVE_COMPARATOR,,,control,agreement(pipeline=ctgov),False,confident_2arm,2,2,False
PMID 34309665 a_Summary_SoE.pdf,NCT01718873,0,Experimental Arm (Sequential Bevacizumab + FOLFOX/OXXEL),48.0,intervention,intervention,EXPERIMENTAL,,,intervention,agreement(pipeline=ctgov),False,confident_2arm,2,2,False
PMID 34320285 a_Summary_SoE.pdf,NCT00295620,0,Arm B (Anastrozole 5 years),2.0,control,intervention,EXPERIMENTAL,intervention,"anastrozole for an additional 2 years ... or an additional 5 years (5-year group, receiving a total of 10 years)",intervention,pubmed,False,confident_2arm,2,2,True
PMID 34320285 a_Summary_SoE.pdf,NCT00295620,0,Arm A (Anastrozole 2 years),2.0,intervention,intervention,EXPERIMENTAL,control,extending hormone therapy by 5 years provided no benefit over a 2-year extension,control,pubmed,False,confident_2arm,2,2,True
PMID 34341578 CT_Summary_SoE.pdf,NCT03581786,0,Arm B (Placebo + Chemotherapy),24.0,control,control,PLACEBO_COMPARATOR,,,control,agreement(pipeline=ctgov),False,confident_2arm,2,2,False
PMID 34341578 CT_Summary_SoE.pdf,NCT03581786,0,Arm A (Toripalimab + Chemotherapy),24.0,intervention,intervention,EXPERIMENTAL,,,intervention,agreement(pipeline=ctgov),False,confident_2arm,2,2,False
PMID 34343033 a_Summary_SoE.pdf,NCT03465722,0,Arm B (Regorafenib),11.0,control,control,ACTIVE_COMPARATOR,,,control,agreement(pipeline=ctgov),False,confident_2arm,2,2,False
PMID 34343033 a_Summary_SoE.pdf,NCT03465722,0,Arm A (Avapritinib),11.0,intervention,intervention,EXPERIMENTAL,,,intervention,agreement(pipeline=ctgov),False,confident_2arm,2,2,False
PMID 34357781 a_Summary_SoE.pdf,NCT02115282,0,Arm B (Exemestane + Placebo),15.0,control,control,PLACEBO_COMPARATOR,,,control,agreement(pipeline=ctgov),False,confident_2arm,2,2,False
PMID 34357781 a_Summary_SoE.pdf,NCT02115282,0,Arm A (Exemestane + Entinostat),15.0,intervention,intervention,EXPERIMENTAL,,,intervention,agreement(pipeline=ctgov),False,confident_2arm,2,2,False
PMID 34363762 CT_Summary_SoE.pdf,NCT02718417,0,Arm A (Chemotherapy alone followed by observation),24.0,control,control,ACTIVE_COMPARATOR,control,chemotherapy followed by observation (control group),control,pubmed,False,uncertain,3,3,False
PMID 34363762 CT_Summary_SoE.pdf,NCT02718417,0,Arm B (Chemotherapy alone followed by avelumab maintenance),36.0,intervention,intervention,EXPERIMENTAL,intervention,chemotherapy (six cycles ...) followed by avelumab maintenance ... avelumab maintenance group,intervention,pubmed,False,uncertain,3,3,False
PMID 34363762 CT_Summary_SoE.pdf,NCT02718417,1,Arm C (Avelumab in combination with chemotherapy followed by avelumab maintenance),36.0,intervention,intervention,EXPERIMENTAL,intervention,chemotherapy plus avelumab ... followed by avelumab maintenance (avelumab combination group),intervention,pubmed,False,uncertain,3,3,False
PMID 34383006a_Summary_SoE.pdf,NCT01459497,0,Arm B (Conventional radiation),34.0,control,control,ACTIVE_COMPARATOR,,,control,pipeline_fallback(pubmed_unresolved),True,confident_2arm,2,2,False
PMID 34383006a_Summary_SoE.pdf,NCT01459497,0,Arm A (Accelerated hypofractionated IGRT),19.0,intervention,control,ACTIVE_COMPARATOR,,,intervention,pipeline_fallback(pubmed_unresolved),True,confident_2arm,2,2,False
PMID 34407342 a_Summary_SoE.pdf,NCT03142334,0,Arm B (Placebo),18.0,control,control,PLACEBO_COMPARATOR,,,control,agreement(pipeline=ctgov),False,confident_2arm,2,2,False
PMID 34407342 a_Summary_SoE.pdf,NCT03142334,0,Arm A (Pembrolizumab),18.0,intervention,intervention,EXPERIMENTAL,,,intervention,agreement(pipeline=ctgov),False,confident_2arm,2,2,False
PMID 34407542 a_Summary_SoE.pdf,NCT03106779,0,Bosutinib 500 mg once daily,18.0,control,control,ACTIVE_COMPARATOR,,,control,agreement(pipeline=ctgov),False,confident_2arm,2,2,False
PMID 34407542 a_Summary_SoE.pdf,NCT03106779,0,Asciminib 40 mg twice daily,18.0,intervention,intervention,EXPERIMENTAL,,,intervention,agreement(pipeline=ctgov),False,confident_2arm,2,2,False
PMID 34418665 CT_Summary_SoE.pdf,NCT02383966,0,Arm B (Cisplatin + 5-FU),36.0,control,control,ACTIVE_COMPARATOR,,,control,agreement(pipeline=ctgov),False,confident_2arm,2,2,False
PMID 34418665 CT_Summary_SoE.pdf,NCT02383966,0,Arm A (Cetuximab + Cisplatin + 5-FU),77.0,intervention,intervention,EXPERIMENTAL,,,intervention,agreement(pipeline=ctgov),False,confident_2arm,2,2,False
PMID 34454674 a_Summary_SoE.pdf,NCT03189719,0,Arm 2 (Placebo + Cisplatin + 5-FU),36.0,control,control,PLACEBO_COMPARATOR,,,control,agreement(pipeline=ctgov),False,confident_2arm,2,2,False
PMID 34454674 a_Summary_SoE.pdf,NCT03189719,0,Arm 1 (Pembrolizumab + Cisplatin + 5-FU),36.0,intervention,intervention,EXPERIMENTAL,,,intervention,agreement(pipeline=ctgov),False,confident_2arm,2,2,False
PMID 34459214 CT_Summary_SoE.pdf,NCT02663908,0,Leuprolide (GnRH Receptor Agonist),13.0,control,control,ACTIVE_COMPARATOR,,,control,agreement(pipeline=ctgov),False,confident_2arm,2,2,False
PMID 34459214 CT_Summary_SoE.pdf,NCT02663908,0,Degarelix (GnRH Receptor Antagonist),13.0,intervention,intervention,EXPERIMENTAL,,,intervention,agreement(pipeline=ctgov),False,confident_2arm,2,2,False
PMID 34534429 a_Summary_SoE.pdf,NCT03635567,0,Arm 2 (Placebo + Chemotherapy),18.0,control,control,PLACEBO_COMPARATOR,,,control,agreement(pipeline=ctgov),False,confident_2arm,2,2,False
PMID 34534429 a_Summary_SoE.pdf,NCT03635567,0,Arm 1 (Pembrolizumab + Chemotherapy),18.0,intervention,intervention,EXPERIMENTAL,,,intervention,agreement(pipeline=ctgov),False,confident_2arm,2,2,False
PMID 34600602 a_Summary_SoE.pdf,NCT02257736,0,Arm B (Placebo + Abiraterone Acetate + Prednisone),17.0,control,control,PLACEBO_COMPARATOR,,,control,agreement(pipeline=ctgov),False,confident_2arm,2,2,False
PMID 34600602 a_Summary_SoE.pdf,NCT02257736,0,Arm A (Apalutamide + Abiraterone Acetate + Prednisone),17.0,intervention,intervention,EXPERIMENTAL,,,intervention,agreement(pipeline=ctgov),False,confident_2arm,2,2,False
PMID 34652968 a_Summary_SoE.pdf,NCT01231906,0,Regimen A (VDC1200/IE),67.0,control,intervention,EXPERIMENTAL,control,randomly assigned to receive standard five-drug interval compressed chemotherapy (regimen A),control,pubmed,False,confident_2arm,2,2,False
PMID 34652968 a_Summary_SoE.pdf,NCT01231906,0,Regimen B (VTC250/IE/VDC1200),84.0,intervention,intervention,EXPERIMENTAL,intervention,experimental therapy with five cycles of VTC within the 17 cycles (regimen B),intervention,pubmed,False,confident_2arm,2,2,False
PMID 34661177 CT_Summary_SoE.pdf,NCT03875092,0,Arm 2 (Saline Placebo + Carboplatin + Paclitaxel/nab-paclitaxel),26.0,control,control,ACTIVE_COMPARATOR,,,control,agreement(pipeline=ctgov),False,confident_2arm,2,2,False
PMID 34661177 CT_Summary_SoE.pdf,NCT03875092,0,Arm 1 (Pembrolizumab + Carboplatin + Paclitaxel/nab-paclitaxel),26.0,intervention,intervention,EXPERIMENTAL,,,intervention,agreement(pipeline=ctgov),False,confident_2arm,2,2,False
PMID 34808255 CT_Summary_SoE.pdf,NCT03269344,0,Arm 1 (Placebo Control),36.0,control,control,PLACEBO_COMPARATOR,,,control,agreement(pipeline=ctgov),False,confident_2arm,2,2,False
PMID 34808255 CT_Summary_SoE.pdf,NCT03269344,0,Arm 2 (Gabapentin),36.0,intervention,intervention,EXPERIMENTAL,,,intervention,agreement(pipeline=ctgov),False,confident_2arm,2,2,False
PMID 34855460 a_Summary_SoE.pdf,NCT02345850,0,Arm C (Control - BM/Tac/Mtx),24.0,control,control,ACTIVE_COMPARATOR,control,tacrolimus and methotrexate after BM graft (control),control,pubmed,False,uncertain,3,3,False
PMID 34855460 a_Summary_SoE.pdf,NCT02345850,0,Arm A (CD34 Selected PBSC),22.0,intervention,intervention,EXPERIMENTAL,intervention,"CNI-free approaches using donor T-cell depletion, either by ex vivo CD34 selection",intervention,pubmed,False,uncertain,3,3,False
PMID 34855460 a_Summary_SoE.pdf,NCT02345850,1,Arm B (BM/PTCy),22.0,intervention,intervention,EXPERIMENTAL,intervention,"in vivo post-transplant cyclophosphamide (PTCy) as a single agent, are associated with lower rates of chronic GVHD",intervention,pubmed,False,uncertain,3,3,False
PMID 34874182 a_Summary_SoE.pdf,NCT02513394,0,Arm B (Endocrine Therapy alone),0.0,control,control,OTHER,,,control,agreement(pipeline=ctgov),False,confident_2arm,2,2,False
PMID 34874182 a_Summary_SoE.pdf,NCT02513394,0,Arm A (Palbociclib + Endocrine Therapy),0.0,intervention,intervention,EXPERIMENTAL,,,intervention,agreement(pipeline=ctgov),False,confident_2arm,2,2,False
PMID 34882169 a_Summary_SoE.pdf,NCT01781468,0,Placebo,2.0,control,control,PLACEBO_COMPARATOR,control,randomized to receive armodafinil daily (150 mg or 250 mg) or placebo over 8 weeks,control,pubmed,False,confident,3,3,False
PMID 34882169 a_Summary_SoE.pdf,NCT01781468,0,Armodafinil 150mg,2.0,intervention,intervention,EXPERIMENTAL,intervention,To determine whether armodafinil reduces fatigue in patients with HGG,intervention,pubmed,False,uncertain,3,3,False
PMID 34882169 a_Summary_SoE.pdf,NCT01781468,1,Armodafinil 250mg,2.0,intervention,intervention,EXPERIMENTAL,intervention,To determine whether armodafinil reduces fatigue in patients with HGG,intervention,pubmed,False,uncertain,3,3,False
PMID 34890060 CT_Summary_SoE.pdf,NCT03103321,0,Arm D (Usual Care),2.0,control,control,ACTIVE_COMPARATOR,control,4 sites provided usual care (50 patients),control,pubmed,False,uncertain,4,4,False
PMID 34890060 CT_Summary_SoE.pdf,NCT03103321,0,Arm A (Pre- and During-consultation Decision Aids),2.0,intervention,intervention,EXPERIMENTAL,intervention,test the effectiveness of within-visit and previsit DAs for localized prostate cancer,intervention,pubmed,False,uncertain,4,4,False
PMID 34890060 CT_Summary_SoE.pdf,NCT03103321,1,Arm B (Pre-consultation Decision Aid only),2.0,intervention,intervention,EXPERIMENTAL,intervention,test the effectiveness of within-visit and previsit DAs for localized prostate cancer,intervention,pubmed,False,uncertain,4,4,False
PMID 34890060 CT_Summary_SoE.pdf,NCT03103321,2,Arm C (During-consultation Decision Aid only),2.0,intervention,intervention,EXPERIMENTAL,intervention,test the effectiveness of within-visit and previsit DAs for localized prostate cancer,intervention,pubmed,False,uncertain,4,4,False
PMID 34890214 a_Summary_SoE.pdf,NCT01966471,0,Arm 1 (Trastuzumab + Pertuzumab + Taxane),26.0,control,control,ACTIVE_COMPARATOR,,,control,agreement(pipeline=ctgov),False,confident_2arm,2,2,False
PMID 34890214 a_Summary_SoE.pdf,NCT01966471,0,Arm 2 (Trastuzumab Emtansine + Pertuzumab),18.0,intervention,intervention,EXPERIMENTAL,,,intervention,agreement(pipeline=ctgov),False,confident_2arm,2,2,False
PMID 34891224 a_Summary_SoE.pdf,NCT03391466,0,"Standard of Care (SOC) therapy (R-ICE, R-DHAP, R-ESHAP, or R-GDP)",37.0,control,control,ACTIVE_COMPARATOR,,,control,agreement(pipeline=ctgov),False,confident_2arm,2,2,False
PMID 34891224 a_Summary_SoE.pdf,NCT03391466,0,Axicabtagene Ciloleucel,17.0,intervention,intervention,EXPERIMENTAL,,,intervention,agreement(pipeline=ctgov),False,confident_2arm,2,2,False
PMID 34914339 a_Summary_SoE.pdf,NCT01272037,0,Arm 2 (Endocrine Therapy alone),5.0,control,intervention,EXPERIMENTAL,control,randomly assigned women ... to endocrine therapy only or to chemotherapy plus endocrine (chemoendocrine) therapy,control,pubmed,False,confident_2arm,2,2,False
PMID 34914339 a_Summary_SoE.pdf,NCT01272037,0,Arm 1 (Chemotherapy plus Endocrine Therapy),9.0,intervention,intervention,EXPERIMENTAL,intervention,to determine the effect of chemotherapy on invasive disease-free survival,intervention,pubmed,False,confident_2arm,2,2,False
PMID 34914889 a_Summary_SoE.pdf,NCT02576509,0,Sorafenib (400 mg PO BID),27.0,control,control,ACTIVE_COMPARATOR,,,control,agreement(pipeline=ctgov),False,confident_2arm,2,2,False
PMID 34914889 a_Summary_SoE.pdf,NCT02576509,0,Nivolumab (240 mg IV every 2 weeks),27.0,intervention,intervention,EXPERIMENTAL,,,intervention,agreement(pipeline=ctgov),False,confident_2arm,2,2,False
PMID 34967844 a_Summary_SoE.pdf,NCT02518191,0,Control Group (Conventional Chemotherapy),10.0,control,control,NO_INTERVENTION,,,control,agreement(pipeline=ctgov),False,confident_2arm,2,2,False
PMID 34967844 a_Summary_SoE.pdf,NCT02518191,0,Intervention Group (GnRHa + Chemotherapy),16.0,intervention,intervention,EXPERIMENTAL,,,intervention,agreement(pipeline=ctgov),False,confident_2arm,2,2,False
PMID 34997889 CT_Summary_SoE.pdf,NCT00500890,0,"Carboplatin Arm (Carboplatin, Etoposide, Vincristine)",33.0,intervention,intervention,EXPERIMENTAL,unresolved,,intervention,pipeline_fallback(pubmed_unresolved),True,confident_2arm,2,2,False
PMID 34997889 CT_Summary_SoE.pdf,NCT00500890,1,"Cyclophosphamide Arm (Cyclophosphamide, Etoposide, Vincristine)",33.0,intervention,intervention,EXPERIMENTAL,unresolved,,intervention,pipeline_fallback(pubmed_unresolved),True,confident_2arm,2,2,False
PMID 35007153 a_Summary_SoE.pdf,NCT00954174,0,"Regimen II (Ifosfamide, Mesna, and Paclitaxel)",32.0,control,intervention,EXPERIMENTAL,control,PC was not inferior to the active regimen PI and should be standard treatment for UCS,control,pubmed,False,confident_2arm,2,2,False
PMID 35007153 a_Summary_SoE.pdf,NCT00954174,0,Regimen I (Paclitaxel plus Carboplatin),20.0,intervention,intervention,EXPERIMENTAL,intervention,tested the null hypothesis that paclitaxel and carboplatin (PC) is inferior to paclitaxel and ifosfamide (PI),intervention,pubmed,False,confident_2arm,2,2,False
PMID 35013615 CT_Summary_SoE.pdf,NCT03016312,0,Arm B (Enzalutamide Alone),18.0,control,control,ACTIVE_COMPARATOR,,,control,agreement(pipeline=ctgov),False,confident_2arm,2,2,False
PMID 35013615 CT_Summary_SoE.pdf,NCT03016312,0,Arm A (Atezolizumab + Enzalutamide),18.0,intervention,intervention,EXPERIMENTAL,,,intervention,agreement(pipeline=ctgov),False,confident_2arm,2,2,False
PMID 35030011 a_Summary_SoE.pdf,NCT02967692,0,Arm 2 (Placebo + Dabrafenib + Trametinib),16.0,control,control,PLACEBO_COMPARATOR,control,versus placebo plus dabrafenib and trametinib (placebo-DabTram),control,pubmed,False,count_mismatch,2,4,False
PMID 35030011 a_Summary_SoE.pdf,NCT02967692,0,Arm 1 (PDR001 + Dabrafenib + Trametinib),16.0,intervention,intervention,EXPERIMENTAL,intervention,"evaluating spartalizumab, an anti-programmed death receptor 1 antibody, in combination with dabrafenib and trametinib",intervention,pubmed,False,count_mismatch,2,4,False
PMID 35032434 a_Summary_SoE.pdf,NCT03151811,0,Arm B (Pomalidomide + Dexamethasone),53.0,control,control,ACTIVE_COMPARATOR,,,control,agreement(pipeline=ctgov),False,confident_2arm,2,2,False
PMID 35032434 a_Summary_SoE.pdf,NCT03151811,0,Arm A (Melflufen + Dexamethasone),53.0,intervention,intervention,EXPERIMENTAL,,,intervention,agreement(pipeline=ctgov),False,confident_2arm,2,2,False
PMID 35038433 CT_Summary_SoE.pdf,NCT01196390,0,Arm 2 (Chemoradiation + Surgery),33.0,control,intervention,EXPERIMENTAL,control,"chemoradiotherapy followed by surgery, with or without intravenous trastuzumab",control,pubmed,False,confident_2arm,2,2,False
PMID 35038433 CT_Summary_SoE.pdf,NCT01196390,0,Arm 1 (Trastuzumab + Chemoradiation + Surgery + Maintenance Trastuzumab),43.0,intervention,intervention,EXPERIMENTAL,intervention,whether trastuzumab improves disease-free survival when combined with trimodality treatment,intervention,pubmed,False,confident_2arm,2,2,False
PMID 35045221 a_Summary_SoE.pdf,NCT03517449,0,Arm B (TPC - Paclitaxel),46.0,control,control,ACTIVE_COMPARATOR,,,control,agreement(pipeline=ctgov),False,confident_2arm,2,2,False
PMID 35045221 a_Summary_SoE.pdf,NCT03517449,0,Arm A (Lenvatinib + Pembrolizumab),23.0,intervention,intervention,EXPERIMENTAL,,,intervention,agreement(pipeline=ctgov),False,confident_2arm,2,2,False
PMID 35108470 a_Summary_SoE.pdf,NCT03143153,0,Arm C (Fluorouracil + Cisplatin),66.0,control,control,ACTIVE_COMPARATOR,,,control,agreement(pipeline=ctgov),False,confident,3,3,False
PMID 35108470 a_Summary_SoE.pdf,NCT03143153,0,Arm A (Nivolumab + Ipilimumab),27.0,intervention,intervention,EXPERIMENTAL,,,intervention,agreement(pipeline=ctgov),False,confident,3,3,False
PMID 35108470 a_Summary_SoE.pdf,NCT03143153,1,Arm B (Nivolumab + Fluorouracil + Cisplatin),79.0,intervention,intervention,EXPERIMENTAL,,,intervention,agreement(pipeline=ctgov),False,confident,3,3,False
PMID 35142815 a_Summary_SoE.pdf,NCT02111577,0,Arm B (Placebo + Standard of Care),24.0,control,control,PLACEBO_COMPARATOR,,,control,agreement(pipeline=ctgov),False,confident_2arm,2,2,False
PMID 35142815 a_Summary_SoE.pdf,NCT02111577,0,Arm A (DCVAC/PCa + Standard of Care),24.0,intervention,intervention,EXPERIMENTAL,,,intervention,agreement(pipeline=ctgov),False,confident_2arm,2,2,False
PMID 35179323 a_Summary_SoE.pdf,NCT02799602,0,Placebo + ADT + Docetaxel,9.0,control,control,PLACEBO_COMPARATOR,,,control,agreement(pipeline=ctgov),False,confident_2arm,2,2,False
PMID 35179323 a_Summary_SoE.pdf,NCT02799602,0,Darolutamide + ADT + Docetaxel,9.0,intervention,intervention,EXPERIMENTAL,,,intervention,agreement(pipeline=ctgov),False,confident_2arm,2,2,False
PMID 35192411 a_Summary_SoE.pdf,NCT01843062,0,Arm B (Placebo + RAI),10.0,control,control,PLACEBO_COMPARATOR,,,control,agreement(pipeline=ctgov),False,confident_2arm,2,2,False
PMID 35192411 a_Summary_SoE.pdf,NCT01843062,0,Arm A (Selumetinib + RAI),10.0,intervention,intervention,EXPERIMENTAL,,,intervention,agreement(pipeline=ctgov),False,confident_2arm,2,2,False
PMID 35213496 CT_Summary_SoE.pdf,NCT03196791,0,Group MB (Moderate Neuromuscular block),4.0,control,intervention,EXPERIMENTAL,control,randomized 1:1 ratio to the deep or moderate NMB groups,control,pubmed,False,confident_2arm,2,2,False
PMID 35213496 CT_Summary_SoE.pdf,NCT03196791,0,Group DB (Deep Neuromuscular block),4.0,intervention,intervention,EXPERIMENTAL,intervention,whether deep NMB improves the oncologic quality of laparoscopic cancer surgery in obese patients,intervention,pubmed,False,confident_2arm,2,2,False
PMID 35240074a_Summary_SoE.pdf,NCT03471078,0,Placebo,57.0,control,control,PLACEBO_COMPARATOR,,,control,agreement(pipeline=ctgov),False,confident_2arm,2,2,False
PMID 35240074a_Summary_SoE.pdf,NCT03471078,0,Avatrombopag,57.0,intervention,intervention,EXPERIMENTAL,,,intervention,agreement(pipeline=ctgov),False,confident_2arm,2,2,False
PMID 35245446 CT_Summary_SoE.pdf,NCT03829969,0,Group B (Placebo + Paclitaxel + Cisplatin),18.0,control,control,PLACEBO_COMPARATOR,,,control,agreement(pipeline=ctgov),False,confident_2arm,2,2,False
PMID 35245446 CT_Summary_SoE.pdf,NCT03829969,0,Group A (Toripalimab + Paclitaxel + Cisplatin),18.0,intervention,intervention,EXPERIMENTAL,,,intervention,agreement(pipeline=ctgov),False,confident_2arm,2,2,False
PMID 35271306 a_Summary_SoE.pdf,NCT02112916,0,Arm A (Modified ABFM Backbone),72.0,control,control,ACTIVE_COMPARATOR,,,control,agreement(pipeline=ctgov),False,confident_2arm,2,2,False
PMID 35271306 a_Summary_SoE.pdf,NCT02112916,0,Arm B (ABFM + Bortezomib),74.0,intervention,intervention,EXPERIMENTAL,,,intervention,agreement(pipeline=ctgov),False,confident_2arm,2,2,False
PMID 35290101 a_Summary_SoE.pdf,NCT02446600,0,Arm I (Standard platinum-based chemotherapy),12.0,control,control,ACTIVE_COMPARATOR,control,Platinum-based chemotherapy is the standard of care for platinum-sensitive ovarian cancer,control,pubmed,False,uncertain,3,3,False
PMID 35290101 a_Summary_SoE.pdf,NCT02446600,0,Arm II (Single-agent olaparib),20.0,intervention,intervention,EXPERIMENTAL,intervention,"assessed the activity of two all-oral nonplatinum alternatives, olaparib or olaparib/cediranib, versus platinum-based chemotherapy",intervention,pubmed,False,uncertain,3,3,False
PMID 35290101 a_Summary_SoE.pdf,NCT02446600,1,Arm III (Combination of olaparib and cediranib),25.0,intervention,intervention,EXPERIMENTAL,intervention,"assessed the activity of two all-oral nonplatinum alternatives, olaparib or olaparib/cediranib, versus platinum-based chemotherapy",intervention,pubmed,False,uncertain,3,3,False
PMID 35298906 CT_Summary_SoE.pdf,NCT02855944,0,Arm B (Chemotherapy),27.0,control,control,ACTIVE_COMPARATOR,,,control,agreement(pipeline=ctgov),False,confident_2arm,2,2,False
PMID 35298906 CT_Summary_SoE.pdf,NCT02855944,0,Arm A (Rucaparib),16.0,intervention,intervention,EXPERIMENTAL,,,intervention,agreement(pipeline=ctgov),False,confident_2arm,2,2,False
PMID 35320644 a_Summary_SoE.pdf,NCT03529110,0,Arm B (T-DM1 / Ado-trastuzumab emtansine),20.0,control,control,ACTIVE_COMPARATOR,,,control,agreement(pipeline=ctgov),False,confident_2arm,2,2,False
PMID 35320644 a_Summary_SoE.pdf,NCT03529110,0,Arm A (DS-8201a / Trastuzumab deruxtecan),20.0,intervention,intervention,EXPERIMENTAL,,,intervention,agreement(pipeline=ctgov),False,confident_2arm,2,2,False
PMID 35331641 CT_Summary_SoE.pdf,NCT02264990,0,Arm B (Investigator's Choice Platinum Doublet),20.0,control,control,ACTIVE_COMPARATOR,,,control,agreement(pipeline=ctgov),False,confident_2arm,2,2,False
PMID 35331641 CT_Summary_SoE.pdf,NCT02264990,0,Arm A (Veliparib + Carboplatin + Paclitaxel),20.0,intervention,intervention,EXPERIMENTAL,,,intervention,agreement(pipeline=ctgov),False,confident_2arm,2,2,False
PMID 35367007a_Summary_SoE.pdf,NCT03553836,0,Arm B (Placebo),17.0,control,control,PLACEBO_COMPARATOR,,,control,agreement(pipeline=ctgov),False,confident_2arm,2,2,False
PMID 35367007a_Summary_SoE.pdf,NCT03553836,0,Arm A (Pembrolizumab),17.0,intervention,intervention,EXPERIMENTAL,,,intervention,agreement(pipeline=ctgov),False,confident_2arm,2,2,False
PMID 35403841 a_Summary_SoE.pdf,NCT02998528,0,Arm B (Platinum-Doublet Chemotherapy),12.0,control,control,ACTIVE_COMPARATOR,control,"to receive nivolumab plus platinum-based chemotherapy or platinum-based chemotherapy alone, followed by resection",control,pubmed,False,uncertain,3,3,False
PMID 35403841 a_Summary_SoE.pdf,NCT02998528,0,Arm A (Nivolumab plus Ipilimumab),9.0,intervention,intervention,EXPERIMENTAL,unresolved,,intervention,pipeline_fallback(pubmed_unresolved),True,confident,3,3,False
PMID 35403841 a_Summary_SoE.pdf,NCT02998528,1,Arm C (Nivolumab plus Platinum-Doublet Chemotherapy),12.0,intervention,intervention,EXPERIMENTAL,intervention,neoadjuvant nivolumab plus chemotherapy resulted in significantly longer event-free survival ... than chemotherapy alone,intervention,pubmed,False,uncertain,3,3,False
PMID 35419607 CT_Summary_SoE.pdf,NCT02617589,0,RT + Temozolomide,50.0,control,control,ACTIVE_COMPARATOR,,,control,agreement(pipeline=ctgov),False,confident_2arm,2,2,False
PMID 35419607 CT_Summary_SoE.pdf,NCT02617589,0,RT + Nivolumab,51.0,intervention,intervention,EXPERIMENTAL,,,intervention,agreement(pipeline=ctgov),False,confident_2arm,2,2,False
PMID 35427471 CT_Summary_SoE.pdf,NCT02563002,0,Arm 2: Standard of Care (SOC) Chemotherapy,27.0,control,control,ACTIVE_COMPARATOR,,,control,agreement(pipeline=ctgov),False,confident_2arm,2,2,False
PMID 35427471 CT_Summary_SoE.pdf,NCT02563002,0,Arm 1: Pembrolizumab (MK-3475),18.0,intervention,intervention,EXPERIMENTAL,,,intervention,agreement(pipeline=ctgov),False,confident_2arm,2,2,False
PMID 35442766 a_Summary_SoE.pdf,NCT03430843,0,Arm B (Investigator-Chosen Chemotherapy),22.0,control,control,ACTIVE_COMPARATOR,,,control,agreement(pipeline=ctgov),False,confident_2arm,2,2,False
PMID 35442766 a_Summary_SoE.pdf,NCT03430843,0,Arm A (Tislelizumab),22.0,intervention,intervention,EXPERIMENTAL,,,intervention,agreement(pipeline=ctgov),False,confident_2arm,2,2,False
PMID 35443108 a_Summary_SoE.pdf,NCT03173248,0,Arm B (Placebo + Azacitidine),98.0,control,control,PLACEBO_COMPARATOR,,,control,agreement(pipeline=ctgov),False,confident_2arm,2,2,False
PMID 35443108 a_Summary_SoE.pdf,NCT03173248,0,Arm A (AG-120 + Azacitidine),98.0,intervention,intervention,EXPERIMENTAL,,,intervention,agreement(pipeline=ctgov),False,confident_2arm,2,2,False
PMID 35446628 a_Summary_SoE.pdf,NCT01809691,0,Arm 2 (ADT + Bicalutamide),7.0,control,control,ACTIVE_COMPARATOR,,,control,agreement(pipeline=ctgov),False,confident_2arm,2,2,False
PMID 35446628 a_Summary_SoE.pdf,NCT01809691,0,Arm 1 (ADT + TAK-700),7.0,intervention,intervention,EXPERIMENTAL,,,intervention,agreement(pipeline=ctgov),False,confident_2arm,2,2,False
PMID 35511454 CT_Summary_SoE.pdf,NCT02667587,0,Arm B (RT + TMZ + Placebo),61.0,control,control,PLACEBO_COMPARATOR,,,control,agreement(pipeline=ctgov),False,confident_2arm,2,2,False
PMID 35511454 CT_Summary_SoE.pdf,NCT02667587,0,Arm A (RT + TMZ + Nivolumab),61.0,intervention,intervention,EXPERIMENTAL,,,intervention,agreement(pipeline=ctgov),False,confident_2arm,2,2,False
PMID 35552364 a_Summary_SoE.pdf,NCT02915744,0,Arm B (Treatment of Physician's Choice [TPC]),35.0,control,control,ACTIVE_COMPARATOR,,,control,agreement(pipeline=ctgov),False,confident_2arm,2,2,False
PMID 35552364 a_Summary_SoE.pdf,NCT02915744,0,Arm A (NKTR-102 [etirinotecan pegol]),35.0,intervention,intervention,EXPERIMENTAL,,,intervention,agreement(pipeline=ctgov),False,confident_2arm,2,2,False
PMID 35569466 CT_Summary_SoE.pdf,NCT00567580,0,Arm 1 (Prostate Bed Radiotherapy alone),43.0,control,intervention,EXPERIMENTAL,control,whether incremental gains ... can be achieved by adding either 4-6 months of short-term androgen deprivation therapy (ADT) to PBRT,control,pubmed,False,uncertain,3,3,False
PMID 35569466 CT_Summary_SoE.pdf,NCT00567580,0,Arm 2 (Prostate Bed Radiotherapy + NC-STAD),44.0,intervention,intervention,EXPERIMENTAL,intervention,PBRT plus short-term ADT (group 2),intervention,pubmed,False,uncertain,3,3,False
PMID 35569466 CT_Summary_SoE.pdf,NCT00567580,1,Arm 3 (Pelvic Lymph Node Radiotherapy + PBRT + NC-STAD),44.0,intervention,control,ACTIVE_COMPARATOR,intervention,PLNRT ... plus PBRT plus short-term ADT (group 3),intervention,pubmed,False,uncertain,3,3,False
PMID 35580297 a_Summary_SoE.pdf,NCT03849768,0,Gefitinib,14.0,control,control,ACTIVE_COMPARATOR,,,control,agreement(pipeline=ctgov),False,confident_2arm,2,2,False
PMID 35580297 a_Summary_SoE.pdf,NCT03849768,0,HS-10296,14.0,intervention,intervention,EXPERIMENTAL,,,intervention,agreement(pipeline=ctgov),False,confident_2arm,2,2,False
PMID 35584336 a_Summary_SoE.pdf,NCT03778931,0,Standard of Care (Fulvestrant or Aromatase Inhibitor),15.0,control,control,ACTIVE_COMPARATOR,,,control,agreement(pipeline=ctgov),False,confident_2arm,2,2,False
PMID 35584336 a_Summary_SoE.pdf,NCT03778931,0,Elacestrant,15.0,intervention,intervention,EXPERIMENTAL,,,intervention,agreement(pipeline=ctgov),False,confident_2arm,2,2,False
PMID 35608580 a_Summary_SoE.pdf,NCT01101438,0,Arm 2 (Placebo),2.0,control,control,PLACEBO_COMPARATOR,,,control,agreement(pipeline=ctgov),False,confident_2arm,2,2,False
PMID 35608580 a_Summary_SoE.pdf,NCT01101438,0,Arm 1 (Metformin),2.0,intervention,intervention,EXPERIMENTAL,,,intervention,agreement(pipeline=ctgov),False,confident_2arm,2,2,False
PMID 35657079 a_Summary_SoE.pdf,NCT01776840,0,Arm A (Placebo + BR),26.0,control,control,PLACEBO_COMPARATOR,,,control,agreement(pipeline=ctgov),False,confident_2arm,2,2,False
PMID 35657079 a_Summary_SoE.pdf,NCT01776840,0,Arm B (Ibrutinib + BR),26.0,intervention,intervention,EXPERIMENTAL,,,intervention,agreement(pipeline=ctgov),False,confident_2arm,2,2,False
PMID 35660812 a_Summary_SoE.pdf,NCT01208662,0,Arm A (Conventional Dose RVD),50.5,control,intervention,EXPERIMENTAL,control,"Triplet Therapy, Transplantation, and Maintenance until Progression in Myeloma",control,pubmed,False,count_mismatch,3,2,False
PMID 35660812 a_Summary_SoE.pdf,NCT01208662,0,Arm B (RVD plus HDT/PBSCT),50.0,intervention,intervention,,intervention,"Triplet Therapy, Transplantation, and Maintenance until Progression in Myeloma",intervention,pubmed,False,count_mismatch_leftover,3,2,False
PMID 35660812 a_Summary_SoE.pdf,NCT01208662,1,Arm B (RVD + PBSCT),53.0,intervention,control,ACTIVE_COMPARATOR,intervention,"Triplet Therapy, Transplantation, and Maintenance until Progression in Myeloma",intervention,pubmed,False,count_mismatch,3,2,False
PMID 35665782 a_Summary_SoE.pdf,NCT03734029,0,Arm B (Physician's Choice),20.0,control,control,ACTIVE_COMPARATOR,,,control,agreement(pipeline=ctgov),False,confident_2arm,2,2,False
PMID 35665782 a_Summary_SoE.pdf,NCT03734029,0,Arm A (DS-8201a),20.0,intervention,intervention,EXPERIMENTAL,,,intervention,agreement(pipeline=ctgov),False,confident_2arm,2,2,False
PMID 35704479 a_Summary_SoE.pdf,NCT02135419,0,Active Monitoring Arm,3.0,control,control,ACTIVE_COMPARATOR,,,control,agreement(pipeline=ctgov),False,confident_2arm,2,2,False
PMID 35704479 a_Summary_SoE.pdf,NCT02135419,0,Treatment Arm (Topical/Ablative/Surgery),5.0,intervention,intervention,EXPERIMENTAL,,,intervention,agreement(pipeline=ctgov),False,confident_2arm,2,2,False
PMID 35728048 a_Summary_SoE.pdf,NCT03268954,0,Arm B (Azacitidine alone),100.0,control,intervention,EXPERIMENTAL,control,phase 3 trial of pevonedistat+azacitidine (n = 227) vs azacitidine monotherapy (n = 227),control,pubmed,False,confident_2arm,2,2,False
PMID 35728048 a_Summary_SoE.pdf,NCT03268954,0,Arm A (Pevonedistat + Azacitidine),100.0,intervention,intervention,EXPERIMENTAL,intervention,phase 3 trial of pevonedistat+azacitidine (n = 227) vs azacitidine monotherapy (n = 227),intervention,pubmed,False,confident_2arm,2,2,False
PMID 35759733a_Summary_SoE.pdf,NCT00108745,0,Regimen III (No treatment / Surveillance),12.0,control,intervention,EXPERIMENTAL,control,"compare taxane maintenance chemotherapy, paclitaxel (P) and paclitaxel poliglumex (PP), with surveillance (S)",control,pubmed,False,uncertain,3,3,False
PMID 35759733a_Summary_SoE.pdf,NCT00108745,0,Regimen I (CT-2103),24.0,intervention,control,OTHER,intervention,"compare taxane maintenance chemotherapy, paclitaxel (P) and paclitaxel poliglumex (PP), with surveillance (S)",intervention,pubmed,False,uncertain,3,3,False
PMID 35759733a_Summary_SoE.pdf,NCT00108745,1,Regimen II (Paclitaxel),24.0,intervention,control,ACTIVE_COMPARATOR,intervention,"compare taxane maintenance chemotherapy, paclitaxel (P) and paclitaxel poliglumex (PP), with surveillance (S)",intervention,pubmed,False,uncertain,3,3,False
PMID 35763704 a_Summary_SoE.pdf,NCT03726879,0,Arm B (Placebo + ddAC-PacHP),20.0,control,control,PLACEBO_COMPARATOR,,,control,agreement(pipeline=ctgov),False,confident_2arm,2,2,False
PMID 35763704 a_Summary_SoE.pdf,NCT03726879,0,Arm A (Atezolizumab + ddAC-PacHP),20.0,intervention,intervention,EXPERIMENTAL,,,intervention,agreement(pipeline=ctgov),False,confident_2arm,2,2,False
PMID 35810754 CT_Summary_SoE.pdf,NCT03336333,0,Arm B (Bendamustine + Rituximab),17.0,control,intervention,EXPERIMENTAL,control,randomly assigned patients without del(17)(p13.1) to zanubrutinib (group A) or bendamustine-rituximab (group B),control,pubmed,False,count_mismatch,3,6,False
PMID 35810754 CT_Summary_SoE.pdf,NCT03336333,0,Arm A/C (Zanubrutinib),11.0,intervention,intervention,EXPERIMENTAL,intervention,"Zanubrutinib is a next-generation, selective Bruton tyrosine kinase inhibitor ... We compared zanubrutinib with bendamustine-rituximab",intervention,pubmed,False,count_mismatch,3,6,False
PMID 35810754 CT_Summary_SoE.pdf,NCT03336333,1,Arm D (Venetoclax + Zanubrutinib),17.0,intervention,intervention,EXPERIMENTAL,unresolved,,intervention,pipeline_fallback(pubmed_unresolved),True,count_mismatch,3,6,False
PMID 35857290 a_Summary_SoE.pdf,NCT02448381,0,Arm B (Placebo + Light),47.0,control,control,PLACEBO_COMPARATOR,control,patients were randomized 2:1 to receive hypericin or placebo to 3 index lesions twice weekly,control,pubmed,False,confident_2arm,2,2,False
PMID 35857290 a_Summary_SoE.pdf,NCT02448381,0,Arm A (SGX301 + Light),47.0,intervention,control,ACTIVE_COMPARATOR,intervention,"hypericin PDT was more effective than placebo (cycle 1 ILRR, 16% vs 4%; P = .04)",intervention,pubmed,False,confident_2arm,2,2,False
PMID 35922251 CT_Summary_SoE.pdf,NCT03257267,0,Arm B (Investigator's Choice Chemotherapy),42.0,control,control,ACTIVE_COMPARATOR,,,control,agreement(pipeline=ctgov),False,confident_2arm,2,2,False
PMID 35922251 CT_Summary_SoE.pdf,NCT03257267,0,Arm A (Cemiplimab),24.0,intervention,intervention,EXPERIMENTAL,,,intervention,agreement(pipeline=ctgov),False,confident_2arm,2,2,False
PMID 35947817 a_Summary_SoE.pdf,NCT03673501,0,Arm B (Sunitinib),19.0,control,control,ACTIVE_COMPARATOR,,,control,agreement(pipeline=ctgov),False,confident_2arm,2,2,False
PMID 35947817 a_Summary_SoE.pdf,NCT03673501,0,Arm A (DCC-2618),19.0,intervention,intervention,EXPERIMENTAL,,,intervention,agreement(pipeline=ctgov),False,confident_2arm,2,2,False
PMID 36070540 a_Summary_SoE.pdf,NCT03180307,0,Arm 2 (OTL38 + No-Fluorescent Imaging),4.0,control,control,SHAM_COMPARATOR,,,control,agreement(pipeline=ctgov),False,confident_2arm,2,2,False
PMID 36070540 a_Summary_SoE.pdf,NCT03180307,0,Arm 1 (OTL38 + Fluorescent Imaging),4.0,intervention,intervention,EXPERIMENTAL,,,intervention,agreement(pipeline=ctgov),False,confident_2arm,2,2,False
PMID 36099926 a_Summary_SoE.pdf,NCT03024996,0,Arm B (Placebo),18.0,control,control,PLACEBO_COMPARATOR,,,control,agreement(pipeline=ctgov),False,confident_2arm,2,2,False
PMID 36099926 a_Summary_SoE.pdf,NCT03024996,0,Arm A (Atezolizumab),18.0,intervention,intervention,EXPERIMENTAL,,,intervention,agreement(pipeline=ctgov),False,confident_2arm,2,2,False
PMID 36108662 CT_Summary_SoE.pdf,NCT02504372,0,Control Arm (Placebo),18.0,control,control,PLACEBO_COMPARATOR,,,control,agreement(pipeline=ctgov),False,confident_2arm,2,2,False
PMID 36108662 CT_Summary_SoE.pdf,NCT02504372,0,Experimental Arm (Pembrolizumab),18.0,intervention,intervention,EXPERIMENTAL,,,intervention,agreement(pipeline=ctgov),False,confident_2arm,2,2,False
PMID 36155117 CT_Summary_SoE.pdf,NCT02297438,0,Arm B (Placebo plus letrozole),18.0,control,control,ACTIVE_COMPARATOR,,,control,agreement(pipeline=ctgov),False,confident_2arm,2,2,False
PMID 36155117 CT_Summary_SoE.pdf,NCT02297438,0,Arm A (Palbociclib plus letrozole),18.0,intervention,intervention,EXPERIMENTAL,,,intervention,agreement(pipeline=ctgov),False,confident_2arm,2,2,False
PMID 36162037 a_Summary_SoE.pdf,NCT03068455,0,Arm B (Nivolumab Monotherapy),25.0,control,intervention,EXPERIMENTAL,control,reaffirming nivolumab as a standard of care for melanoma adjuvant treatment,control,pubmed,False,confident_2arm,2,2,False
PMID 36162037 a_Summary_SoE.pdf,NCT03068455,0,Arm A (Nivolumab + Ipilimumab),25.0,intervention,intervention,EXPERIMENTAL,intervention,evaluated adjuvant nivolumab plus ipilimumab versus nivolumab alone,intervention,pubmed,False,confident_2arm,2,2,False
PMID 36265504 a_Summary_SoE.pdf,NCT02288247,0,Arm B (Placebo + Docetaxel + Prednisolone),25.0,control,control,PLACEBO_COMPARATOR,,,control,agreement(pipeline=ctgov),False,confident_2arm,2,2,False
PMID 36265504 a_Summary_SoE.pdf,NCT02288247,0,Arm A (Enzalutamide + Docetaxel + Prednisolone),25.0,intervention,intervention,EXPERIMENTAL,,,intervention,agreement(pipeline=ctgov),False,confident_2arm,2,2,False
PMID 36308441 a_Summary_SoE.pdf,NCT03654729,0,Placebo + mFOLFOX6,15.0,control,control,PLACEBO_COMPARATOR,control,"randomly assigned 1:1:1 to receive CaM 5 μmol/kg, CaM 2 μmol/kg, or placebo",control,pubmed,False,confident,3,3,False
PMID 36308441 a_Summary_SoE.pdf,NCT03654729,0,CaM 5 µmol/kg + mFOLFOX6,15.0,intervention,intervention,EXPERIMENTAL,intervention,assess efficacy and safety of CaM in the prevention of CIPN in patients treated with oxaliplatin,intervention,pubmed,False,uncertain,3,3,False
PMID 36308441 a_Summary_SoE.pdf,NCT03654729,1,CaM 2 µmol/kg + mFOLFOX6,15.0,intervention,intervention,EXPERIMENTAL,intervention,assess efficacy and safety of CaM in the prevention of CIPN in patients treated with oxaliplatin,intervention,pubmed,False,uncertain,3,3,False
PMID 36322844 a_Summary_SoE.pdf,NCT02166463,0,Arm A (ABVE-PC),25.0,control,control,ACTIVE_COMPARATOR,,,control,agreement(pipeline=ctgov),False,confident_2arm,2,2,False
PMID 36322844 a_Summary_SoE.pdf,NCT02166463,0,Arm B (Bv-AVEPC),25.0,intervention,intervention,EXPERIMENTAL,,,intervention,agreement(pipeline=ctgov),False,confident_2arm,2,2,False
PMID 36327426 a_Summary_SoE.pdf,NCT03164616,0,Arm 3 (SoC Chemotherapy),21.0,control,control,ACTIVE_COMPARATOR,control,durvalumab plus chemotherapy (D + CT) versus chemotherapy alone (CT),control,pubmed,False,uncertain,3,3,False
PMID 36327426 a_Summary_SoE.pdf,NCT03164616,0,Arm 1 (Durvalumab + Tremelimumab + SoC Chemotherapy),19.0,intervention,intervention,EXPERIMENTAL,intervention,evaluated tremelimumab plus durvalumab and chemotherapy (T + D + CT) ... versus chemotherapy alone (CT),intervention,pubmed,False,uncertain,3,3,False
PMID 36327426 a_Summary_SoE.pdf,NCT03164616,1,Arm 2 (Durvalumab + SoC Chemotherapy),19.0,intervention,intervention,EXPERIMENTAL,intervention,durvalumab plus chemotherapy (D + CT) versus chemotherapy alone (CT),intervention,pubmed,False,uncertain,3,3,False
PMID 36346687 CT_Summary_SoE.pdf,NCT00130533,0,Arm B (Observation),5.0,control,control,NO_INTERVENTION,,,control,agreement(pipeline=ctgov),False,confident_2arm,2,2,False
PMID 36346687 CT_Summary_SoE.pdf,NCT00130533,0,Arm A (Capecitabine),10.0,intervention,intervention,EXPERIMENTAL,,,intervention,agreement(pipeline=ctgov),False,confident_2arm,2,2,False
PMID 36455168 a_Summary_SoE.pdf,NCT03062358,0,Arm B (Placebo + BSC),18.0,control,control,PLACEBO_COMPARATOR,,,control,agreement(pipeline=ctgov),False,confident_2arm,2,2,False
PMID 36455168 a_Summary_SoE.pdf,NCT03062358,0,Arm A (Pembrolizumab + BSC),18.0,intervention,intervention,EXPERIMENTAL,,,intervention,agreement(pipeline=ctgov),False,confident_2arm,2,2,False
PMID 36473143 a_Summary_SoE.pdf,NCT02741570,0,Arm B (EXTREME Regimen),53.0,control,control,ACTIVE_COMPARATOR,,,control,agreement(pipeline=ctgov),False,confident_2arm,2,2,False
PMID 36473143 a_Summary_SoE.pdf,NCT02741570,0,Arm A (Nivolumab + Ipilimumab),27.0,intervention,intervention,EXPERIMENTAL,,,intervention,agreement(pipeline=ctgov),False,confident_2arm,2,2,False
PMID 36503738 CT_Summary_SoE.pdf,NCT02753127,0,Arm 2 (FOLFIRI),27.0,control,control,ACTIVE_COMPARATOR,,,control,agreement(pipeline=ctgov),False,confident_2arm,2,2,False
PMID 36503738 CT_Summary_SoE.pdf,NCT02753127,0,Arm 1 (BBI-608 + FOLFIRI),27.0,intervention,intervention,EXPERIMENTAL,,,intervention,agreement(pipeline=ctgov),False,confident_2arm,2,2,False
PMID 36521097 a_Summary_SoE.pdf,NCT01964430,0,Arm B (Gemcitabine alone),21.0,control,control,ACTIVE_COMPARATOR,,,control,agreement(pipeline=ctgov),False,confident_2arm,2,2,False
PMID 36521097 a_Summary_SoE.pdf,NCT01964430,0,Arm A (nab-Paclitaxel + Gemcitabine),21.0,intervention,intervention,EXPERIMENTAL,,,intervention,agreement(pipeline=ctgov),False,confident_2arm,2,2,False
PMID 36535566 CT_Summary_SoE.pdf,NCT02611960,0,Arm 2 (Standard of Care - Gemcitabine),40.0,control,control,ACTIVE_COMPARATOR,,,control,agreement(pipeline=ctgov),False,confident_2arm,2,2,False
PMID 36535566 CT_Summary_SoE.pdf,NCT02611960,0,Arm 1 (Pembrolizumab),26.0,intervention,intervention,EXPERIMENTAL,,,intervention,agreement(pipeline=ctgov),False,confident_2arm,2,2,False
PMID 36541957 a_Summary_SoE.pdf,NCT02703272,0,Arm B (CIT alone),25.0,control,intervention,EXPERIMENTAL,control,evaluating the efficacy of ibrutinib plus RICE or RVICI vs RICE/RVICI alone,control,pubmed,False,confident_2arm,2,2,False
PMID 36541957 a_Summary_SoE.pdf,NCT02703272,0,Arm A (Ibrutinib + CIT),27.0,intervention,intervention,EXPERIMENTAL,intervention,evaluating the efficacy of ibrutinib plus RICE or RVICI vs RICE/RVICI alone,intervention,pubmed,False,confident_2arm,2,2,False
PMID 36623230 a_Summary_SoE.pdf,NCT00632853,0,Arm A (Standard Thoracic Radiotherapy),38.0,control,control,ACTIVE_COMPARATOR,,,control,agreement(pipeline=ctgov),False,confident_2arm,2,2,False
PMID 36623230 a_Summary_SoE.pdf,NCT00632853,0,Arm B (Higher-dose Thoracic Radiotherapy),52.0,intervention,intervention,EXPERIMENTAL,,,intervention,agreement(pipeline=ctgov),False,confident_2arm,2,2,False
PMID 36669140 a_Summary_SoE.pdf,NCT02306161,0,Arm A (Regimen A: VDC/IE Chemotherapy),79.0,control,intervention,EXPERIMENTAL,control,randomly assigned 1:1 at enrollment to standard arm (interval-compressed vincristine/doxorubicin/cyclophosphamide ... = VDC/IE),control,pubmed,False,confident_2arm,2,2,False
PMID 36669140 a_Summary_SoE.pdf,NCT02306161,0,Arm B (Regimen B: VDC/IE + Ganitumab),80.0,intervention,intervention,EXPERIMENTAL,intervention,or to experimental arm (VDC/IE with ganitumab at cycle starts and as monotherapy),intervention,pubmed,False,confident_2arm,2,2,False
PMID 36693773 CT_Summary_SoE.pdf,NCT03839940,0,Control Group (Placebo mouthwash),3.0,control,control,PLACEBO_COMPARATOR,,,control,agreement(pipeline=ctgov),False,confident_2arm,2,2,False
PMID 36693773 CT_Summary_SoE.pdf,NCT03839940,0,Intervention Group (Dexamethasone mouthwash),3.0,intervention,intervention,EXPERIMENTAL,,,intervention,agreement(pipeline=ctgov),False,confident_2arm,2,2,False
PMID 36709073 CT_Summary_SoE.pdf,NCT04173494,0,Arm B (Danazol),14.0,control,intervention,EXPERIMENTAL,control,confirm the differentiated clinical benefits of momelotinib versus the active comparator danazol,control,pubmed,False,confident_2arm,2,2,False
PMID 36709073 CT_Summary_SoE.pdf,NCT04173494,0,Arm A (Momelotinib),14.0,intervention,control,ACTIVE_COMPARATOR,intervention,"Momelotinib, a first-in-class inhibitor ... has shown symptom, spleen, and anaemia benefits in myelofibrosis",intervention,pubmed,False,confident_2arm,2,2,False
PMID 36764316 a_Summary_SoE.pdf,NCT04303780,0,Docetaxel,20.0,control,control,ACTIVE_COMPARATOR,,,control,agreement(pipeline=ctgov),False,confident_2arm,2,2,False
PMID 36764316 a_Summary_SoE.pdf,NCT04303780,0,AMG 510 (Sotorasib),21.0,intervention,intervention,EXPERIMENTAL,,,intervention,agreement(pipeline=ctgov),False,confident_2arm,2,2,False
PMID 36795891 a_Summary_SoE.pdf,NCT02975934,0,Arm B (AR-directed therapy: Abiraterone Acetate or Enzalutamide),16.0,control,control,ACTIVE_COMPARATOR,control,receive oral rucaparib (600 mg twice daily) or a physician's choice control (docetaxel or a second-generation ARPI [abiraterone acetate or enzalutamide]),control,pubmed,False,count_mismatch,3,2,False
PMID 36795891 a_Summary_SoE.pdf,NCT02975934,1,Arm C (Docetaxel),18.5,control,control,,control,receive oral rucaparib ... or a physician's choice control (docetaxel or a second-generation ARPI),control,pubmed,False,count_mismatch_leftover,3,2,False
PMID 36795891 a_Summary_SoE.pdf,NCT02975934,0,Arm A (Rucaparib),16.0,intervention,intervention,EXPERIMENTAL,intervention,We randomly assigned the patients in a 2:1 ratio to receive oral rucaparib (600 mg twice daily),intervention,pubmed,False,count_mismatch,3,2,False
PMID 36952634 a_Summary_SoE.pdf,NCT03748641,0,Placebo + Abiraterone Acetate + Prednisone (AAP),18.0,control,intervention,EXPERIMENTAL,control,Patients were assigned 1:1 to receive niraparib + AAP or placebo + AAP,control,pubmed,False,confident,3,3,False
PMID 36952634 a_Summary_SoE.pdf,NCT03748641,0,Niraparib + Abiraterone Acetate + Prednisone (AAP),18.0,intervention,intervention,EXPERIMENTAL,intervention,Combination treatment with niraparib + AAP significantly lengthened rPFS in patients with HRR+ mCRPC compared with standard-of-care AAP,intervention,pubmed,False,confident,3,3,False
PMID 36952634 a_Summary_SoE.pdf,NCT03748641,1,Arm C (Cohort 3: FDC Niraparib/AA + Prednisone),18.0,intervention,intervention,EXPERIMENTAL,unresolved,,intervention,pipeline_fallback(pubmed_unresolved),True,uncertain,3,3,False
PMID 36969338 a_Summary_SoE.pdf,NCT02993731,0,Arm 2 (nab-Paclitaxel with Gemcitabine alone),40.0,control,control,ACTIVE_COMPARATOR,,,control,agreement(pipeline=ctgov),False,confident_2arm,2,2,False
PMID 36969338 a_Summary_SoE.pdf,NCT02993731,0,Arm 1 (BBI-608 plus nab-Paclitaxel with Gemcitabine),40.0,intervention,intervention,EXPERIMENTAL,,,intervention,agreement(pipeline=ctgov),False,confident_2arm,2,2,False
PMID 36996380 a_Summary_SoE.pdf,NCT01949337,0,Arm A (Enzalutamide),16.5,control,intervention,EXPERIMENTAL,control,whether the addition of abiraterone acetate and prednisone (AAP) to enzalutamide prolongs overall survival,control,pubmed,False,count_mismatch,3,2,False
PMID 36996380 a_Summary_SoE.pdf,NCT01949337,0,Arm A (Enzalutamide alone),17.0,intervention,intervention,,control,whether the addition of abiraterone acetate and prednisone (AAP) to enzalutamide prolongs overall survival,control,pubmed,False,count_mismatch_leftover,3,2,True
PMID 36996380 a_Summary_SoE.pdf,NCT01949337,1,"Arm B (Enzalutamide, Abiraterone, and Prednisone)",17.0,intervention,intervention,EXPERIMENTAL,intervention,whether the addition of abiraterone acetate and prednisone (AAP) to enzalutamide prolongs overall survival,intervention,pubmed,False,count_mismatch,3,2,False
PMID 37069359 a_Summary_SoE.pdf,NCT03246529,0,Arm B (Placebo + G-CSF),44.0,control,control,ACTIVE_COMPARATOR,,,control,agreement(pipeline=ctgov),False,confident_2arm,2,2,False
PMID 37069359 a_Summary_SoE.pdf,NCT03246529,0,Arm A (BL-8040 + G-CSF),44.0,intervention,intervention,EXPERIMENTAL,,,intervention,agreement(pipeline=ctgov),False,confident_2arm,2,2,False
PMID 37071094 a_Summary_SoE.pdf,NCT02394795,0,mFOLFOX6 + bevacizumab,27.0,control,control,ACTIVE_COMPARATOR,,,control,agreement(pipeline=ctgov),False,confident_2arm,2,2,False
PMID 37071094 a_Summary_SoE.pdf,NCT02394795,0,mFOLFOX6 + panitumumab,27.0,intervention,intervention,EXPERIMENTAL,,,intervention,agreement(pipeline=ctgov),False,confident_2arm,2,2,False
PMID 37075781 a_Summary_SoE.pdf,NCT04003636,0,Arm B (Placebo + Gemcitabine/Cisplatin),36.0,control,control,PLACEBO_COMPARATOR,,,control,agreement(pipeline=ctgov),False,confident_2arm,2,2,False
PMID 37075781 a_Summary_SoE.pdf,NCT04003636,0,Arm A (Pembrolizumab + Gemcitabine/Cisplatin),36.0,intervention,intervention,EXPERIMENTAL,,,intervention,agreement(pipeline=ctgov),False,confident_2arm,2,2,False
PMID 37080222 a_Summary_SoE.pdf,NCT03783442,0,Arm B (Placebo + Chemotherapy Doublet),96.0,control,control,ACTIVE_COMPARATOR,,,control,agreement(pipeline=ctgov),False,confident_2arm,2,2,False
PMID 37080222 a_Summary_SoE.pdf,NCT03783442,0,Arm A (Tislelizumab + Chemotherapy Doublet),96.0,intervention,intervention,EXPERIMENTAL,,,intervention,agreement(pipeline=ctgov),False,confident_2arm,2,2,False
PMID 37080223 CT_Summary_SoE.pdf,NCT01414608,0,Arm A (Standard Cisplatin-based Chemoradiation),37.0,control,intervention,EXPERIMENTAL,control,standard cisplatin-based chemoradiotherapy ... (chemoradiotherapy only group),control,pubmed,False,confident_2arm,2,2,False
PMID 37080223 CT_Summary_SoE.pdf,NCT01414608,0,Arm B (Standard Cisplatin-based Chemoradiation + Adjuvant Carboplatin/Paclitaxel),40.0,intervention,intervention,EXPERIMENTAL,intervention,We aimed to determine the effects on survival of adjuvant chemotherapy after chemoradiotherapy,intervention,pubmed,False,confident_2arm,2,2,False
PMID 37086745 a_Summary_SoE.pdf,NCT03523585,0,Arm B (Investigator's Choice),20.0,control,control,ACTIVE_COMPARATOR,control,Patients were randomly assigned (2:1) to receive trastuzumab deruxtecan ... or treatment of physician's choice,control,pubmed,False,count_mismatch,2,3,False
PMID 37086745 a_Summary_SoE.pdf,NCT03523585,0,Arm A (Trastuzumab deruxtecan),20.0,intervention,intervention,EXPERIMENTAL,intervention,compare the efficacy and safety of trastuzumab deruxtecan with treatment of physician's choice,intervention,pubmed,False,count_mismatch,2,3,False
PMID 37104748 a_Summary_SoE.pdf,NCT00936390,0,Arm 1 (Dose-escalated RT alone),48.0,control,control,ACTIVE_COMPARATOR,,,control,agreement(pipeline=ctgov),False,confident_2arm,2,2,False
PMID 37104748 a_Summary_SoE.pdf,NCT00936390,0,Arm 2 (Dose-escalated RT + short-term ADT),50.0,intervention,intervention,EXPERIMENTAL,,,intervention,agreement(pipeline=ctgov),False,confident_2arm,2,2,False
PMID 37116523 a_Summary_SoE.pdf,NCT02668653,0,Arm B (Placebo + Chemotherapy),67.0,control,control,ACTIVE_COMPARATOR,,,control,agreement(pipeline=ctgov),False,confident_2arm,2,2,False
PMID 37116523 a_Summary_SoE.pdf,NCT02668653,0,Arm A (Quizartinib + Chemotherapy),67.0,intervention,intervention,EXPERIMENTAL,,,intervention,agreement(pipeline=ctgov),False,confident_2arm,2,2,False
PMID 37133585 a_Summary_SoE.pdf,NCT04737187,0,Control Arm (Trifluridine/tipiracil monotherapy),10.0,control,control,ACTIVE_COMPARATOR,,,control,agreement(pipeline=ctgov),False,confident_2arm,2,2,False
PMID 37133585 a_Summary_SoE.pdf,NCT04737187,0,Experimental Arm (Trifluridine/tipiracil + bevacizumab),13.0,intervention,intervention,EXPERIMENTAL,,,intervention,agreement(pipeline=ctgov),False,confident_2arm,2,2,False
PMID 37141294 CT_Summary_SoE.pdf,NCT02864394,0,Docetaxel,18.0,control,intervention,EXPERIMENTAL,control,"compared pembrolizumab vs docetaxel in previously treated, programmed death-ligand 1 (PD-L1)-positive, advanced non-small cell lung cancer",control,pubmed,False,confident_2arm,2,2,False
PMID 37141294 CT_Summary_SoE.pdf,NCT02864394,0,Pembrolizumab (MK-3475),18.0,intervention,intervention,EXPERIMENTAL,intervention,"pembrolizumab improved OS vs docetaxel in previously treated, PD-L1-positive NSCLC",intervention,pubmed,False,confident_2arm,2,2,False
PMID 37257422 CT_Summary_SoE.pdf,NCT03419403,0,Arm A (Standard Steroids),53.0,control,intervention,EXPERIMENTAL,control,randomized (1:1:1) to OSE prophylactic treatments ... (a) standard steroid eye drops,control,pubmed,False,count_mismatch,4,3,False
PMID 37257422 CT_Summary_SoE.pdf,NCT03419403,0,Arm A (Standard Steroids),53.0,intervention,intervention,,control,randomized (1:1:1) to OSE prophylactic treatments ... (a) standard steroid eye drops,control,pubmed,False,count_mismatch_leftover,4,3,True
PMID 37257422 CT_Summary_SoE.pdf,NCT03419403,1,Arm B (Standard Steroids + Vasoconstrictor + Cold Compress),53.0,intervention,intervention,EXPERIMENTAL,intervention,(b) standard steroid eye drops plus vasoconstrictor eye drops and cold compress,intervention,pubmed,False,count_mismatch,4,3,False
PMID 37257422 CT_Summary_SoE.pdf,NCT03419403,2,Arm C (Enhanced Steroids + Vasoconstrictor + Cold Compress),58.5,intervention,intervention,EXPERIMENTAL,intervention,(c) enhanced steroids plus vasoconstrictor eye drops and cold compress,intervention,pubmed,False,count_mismatch,4,3,False
PMID 37272516 a_Summary_SoE.pdf,NCT04164901,0,Arm B (Placebo),16.0,control,control,PLACEBO_COMPARATOR,,,control,agreement(pipeline=ctgov),False,confident_2arm,2,2,False
PMID 37272516 a_Summary_SoE.pdf,NCT04164901,0,Arm A (Vorasidenib),16.0,intervention,intervention,EXPERIMENTAL,,,intervention,agreement(pipeline=ctgov),False,confident_2arm,2,2,False
PMID 37276510 CT_Summary_SoE.pdf,NCT02348489,0,Treatment Choice (TC) - Cytarabine Regimen,139.0,control,control,ACTIVE_COMPARATOR,,,control,agreement(pipeline=ctgov),False,confident_2arm,2,2,False
PMID 37276510 CT_Summary_SoE.pdf,NCT02348489,0,SGI-110,76.0,intervention,intervention,EXPERIMENTAL,,,intervention,agreement(pipeline=ctgov),False,confident_2arm,2,2,False
PMID 37284847 CT_Summary_SoE.pdf,NCT03578081,0,Group 2 (Olanzapine + Placebo),4.0,control,control,ACTIVE_COMPARATOR,,,control,agreement(pipeline=ctgov),False,confident_2arm,2,2,False
PMID 37284847 CT_Summary_SoE.pdf,NCT03578081,0,Group 1 (Olanzapine + Fosaprepitant/Aprepitant),4.0,intervention,intervention,EXPERIMENTAL,,,intervention,agreement(pipeline=ctgov),False,confident_2arm,2,2,False
PMID 37285865 a_Summary_SoE.pdf,NCT03395197,0,Arm B (Placebo + Enzalutamide),18.0,control,control,ACTIVE_COMPARATOR,,,control,agreement(pipeline=ctgov),False,confident_2arm,2,2,False
PMID 37285865 a_Summary_SoE.pdf,NCT03395197,0,Arm A (Talazoparib + Enzalutamide),18.0,intervention,intervention,EXPERIMENTAL,,,intervention,agreement(pipeline=ctgov),False,confident_2arm,2,2,False
PMID 37290035 a_Summary_SoE.pdf,NCT03834519,0,Arm 2 (Abiraterone Acetate or Enzalutamide),18.0,control,control,ACTIVE_COMPARATOR,,,control,agreement(pipeline=ctgov),False,confident_2arm,2,2,False
PMID 37290035 a_Summary_SoE.pdf,NCT03834519,0,Arm 1 (Pembrolizumab + Olaparib),18.0,intervention,intervention,EXPERIMENTAL,,,intervention,agreement(pipeline=ctgov),False,confident_2arm,2,2,False
PMID 37290461 a_Summary_SoE.pdf,NCT04338269,0,Control Arm (Cabozantinib),18.0,control,control,ACTIVE_COMPARATOR,,,control,agreement(pipeline=ctgov),False,confident_2arm,2,2,False
PMID 37290461 a_Summary_SoE.pdf,NCT04338269,0,Experimental Arm (Atezolizumab + Cabozantinib),18.0,intervention,intervention,EXPERIMENTAL,,,intervention,agreement(pipeline=ctgov),False,confident_2arm,2,2,False
PMID 37315297 a_Summary_SoE.pdf,NCT00063882,0,Arm 2 (Brachytherapy Alone),6.0,control,control,ACTIVE_COMPARATOR,,,control,agreement(pipeline=ctgov),False,confident_2arm,2,2,False
PMID 37315297 a_Summary_SoE.pdf,NCT00063882,0,Arm 1 (EBRT + Brachytherapy),31.0,intervention,intervention,EXPERIMENTAL,,,intervention,agreement(pipeline=ctgov),False,confident_2arm,2,2,False
PMID 37342922 a_Summary_SoE.pdf,NCT03959241,0,Arm A (Tacrolimus/Methotrexate),21.0,control,control,ACTIVE_COMPARATOR,,,control,agreement(pipeline=ctgov),False,confident_2arm,2,2,False
PMID 37342922 a_Summary_SoE.pdf,NCT03959241,0,Arm B (PTCy/Tac/MMF),20.0,intervention,intervention,EXPERIMENTAL,,,intervention,agreement(pipeline=ctgov),False,confident_2arm,2,2,False
PMID 37379502 a_Summary_SoE.pdf,NCT04248829,0,Gefitinib 250 mg,13.0,control,intervention,EXPERIMENTAL,control,Patients were randomly assigned 1:1 to lazertinib 240 mg once daily orally or gefitinib 250 mg once daily orally,control,pubmed,False,count_mismatch,3,2,False
PMID 37379502 a_Summary_SoE.pdf,NCT04248829,0,Lazertinib 240 mg,13.0,intervention,control,ACTIVE_COMPARATOR,intervention,"Lazertinib is a potent, CNS-penetrant, third-generation epidermal growth factor receptor (EGFR) tyrosine kinase inhibitor",intervention,pubmed,False,count_mismatch,3,2,False
PMID 37379502 a_Summary_SoE.pdf,NCT04248829,1,Open-label Lazertinib 240 mg (Cross-over),13.0,intervention,intervention,,unresolved,,intervention,pipeline_fallback(pubmed_unresolved),True,count_mismatch_leftover,3,2,False
PMID 37423228 a_Summary_SoE.pdf,NCT03191786,0,Arm B (Single-agent Chemotherapy),36.0,control,control,ACTIVE_COMPARATOR,,,control,agreement(pipeline=ctgov),False,confident_2arm,2,2,False
PMID 37423228 a_Summary_SoE.pdf,NCT03191786,0,Arm A (Atezolizumab),18.0,intervention,intervention,EXPERIMENTAL,,,intervention,agreement(pipeline=ctgov),False,confident_2arm,2,2,False
PMID 37478390 a_Summary_SoE.pdf,NCT03053440,0,Arm B (Ibrutinib),14.0,control,intervention,EXPERIMENTAL,control,ASPEN study demonstrated the comparable efficacy and improved safety of zanubrutinib versus ibrutinib,control,pubmed,False,count_mismatch,3,2,False
PMID 37478390 a_Summary_SoE.pdf,NCT03053440,0,Arm A (Zanubrutinib),14.0,intervention,control,ACTIVE_COMPARATOR,intervention,comparable efficacy and improved safety of zanubrutinib versus ibrutinib in patients with Waldenstrom macroglobulinemia,intervention,pubmed,False,count_mismatch,3,2,False
PMID 37478390 a_Summary_SoE.pdf,NCT03053440,1,Arm C (Zanubrutinib - Cohort 2),13.0,intervention,intervention,,intervention,cohort 2 comprised 28 patients (... MYD88 wild-type WM: 28 zanubrutinib; 26 efficacy evaluable),intervention,pubmed,False,count_mismatch_leftover,3,2,False
PMID 37499670 a_Summary_SoE.pdf,NCT03764293,0,Arm B (Sorafenib),17.0,control,control,ACTIVE_COMPARATOR,,,control,agreement(pipeline=ctgov),False,confident_2arm,2,2,False
PMID 37499670 a_Summary_SoE.pdf,NCT03764293,0,Arm A (SHR-1210 + Rivoceranib),27.0,intervention,intervention,EXPERIMENTAL,,,intervention,agreement(pipeline=ctgov),False,confident_2arm,2,2,False
PMID 37524096 a_Summary_SoE.pdf,NCT01120249,0,Placebo,9.0,control,control,PLACEBO_COMPARATOR,,,control,agreement(pipeline=ctgov),False,confident_2arm,2,2,False
PMID 37524096 a_Summary_SoE.pdf,NCT01120249,0,Everolimus,9.0,intervention,intervention,EXPERIMENTAL,,,intervention,agreement(pipeline=ctgov),False,confident_2arm,2,2,False
PMID 37604981 CT_Summary_SoE.pdf,NCT03416179,0,Arm B (Intensive: Placebo + Cytarabine/Daunorubicin),38.5,control,control,PLACEBO_COMPARATOR,,,control,agreement(pipeline=ctgov),False,confident,4,4,False
PMID 37604981 CT_Summary_SoE.pdf,NCT03416179,1,Arm B (Non-Intensive: Placebo + Azacitidine),89.0,control,control,PLACEBO_COMPARATOR,,,control,agreement(pipeline=ctgov),False,confident,4,4,False
PMID 37604981 CT_Summary_SoE.pdf,NCT03416179,0,Arm A (Intensive: Glasdegib + Cytarabine/Daunorubicin),38.0,intervention,intervention,EXPERIMENTAL,,,intervention,agreement(pipeline=ctgov),False,confident,4,4,False
PMID 37604981 CT_Summary_SoE.pdf,NCT03416179,1,Arm A (Non-Intensive: Glasdegib + Azacitidine),89.0,intervention,intervention,EXPERIMENTAL,,,intervention,agreement(pipeline=ctgov),False,confident,4,4,False
PMID 37646660 CT_Summary_SoE.pdf,NCT04649060,0,Arm B (Daratumumab),26.0,control,control,ACTIVE_COMPARATOR,,,control,agreement(pipeline=ctgov),False,confident_2arm,2,2,False
PMID 37646660 CT_Summary_SoE.pdf,NCT04649060,0,Arm A (Melflufen + Daratumumab + Dexamethasone),55.0,intervention,intervention,EXPERIMENTAL,,,intervention,agreement(pipeline=ctgov),False,confident_2arm,2,2,False
PMID 37647576 a_Summary_SoE.pdf,NCT02395016,0,Control Group (Placebo + Gemcitabine),53.0,control,control,PLACEBO_COMPARATOR,,,control,agreement(pipeline=ctgov),False,confident_2arm,2,2,False
PMID 37647576 a_Summary_SoE.pdf,NCT02395016,0,Trial Group (Nimotuzumab + Gemcitabine),53.0,intervention,intervention,EXPERIMENTAL,,,intervention,agreement(pipeline=ctgov),False,confident_2arm,2,2,False
PMID 37704166 CT_Summary_SoE.pdf,NCT02654587,0,Arm B (Standard of Care: Docetaxel or Pemetrexed),19.0,control,control,ACTIVE_COMPARATOR,,,control,agreement(pipeline=ctgov),False,confident_2arm,2,2,False
PMID 37704166 CT_Summary_SoE.pdf,NCT02654587,0,Arm A (OSE2101),15.0,intervention,intervention,EXPERIMENTAL,,,intervention,agreement(pipeline=ctgov),False,confident_2arm,2,2,False
PMID 37708904 a_Summary_SoE.pdf,NCT04083235,0,Arm B (nab-paclitaxel + gemcitabine),0.0,control,control,ACTIVE_COMPARATOR,,,control,agreement(pipeline=ctgov),False,confident_2arm,2,2,False
PMID 37708904 a_Summary_SoE.pdf,NCT04083235,0,Arm A (NALIRIFOX),0.0,intervention,intervention,EXPERIMENTAL,,,intervention,agreement(pipeline=ctgov),False,confident_2arm,2,2,False
PMID 37722354 CT_Summary_SoE.pdf,NCT01974440,0,Arm A (Placebo + Background Chemotherapy),16.0,control,control,PLACEBO_COMPARATOR,,,control,agreement(pipeline=ctgov),False,confident_2arm,2,2,False
PMID 37722354 CT_Summary_SoE.pdf,NCT01974440,0,Arm B (Ibrutinib + Background Chemotherapy),16.0,intervention,intervention,EXPERIMENTAL,,,intervention,agreement(pipeline=ctgov),False,confident_2arm,2,2,False
PMID 37748693 CT_Summary_SoE.pdf,NCT02576574,0,Arm B (SOC Chemotherapy),16.0,control,control,ACTIVE_COMPARATOR,control,comparing avelumab (anti-programmed death-ligand 1 [PD-L1]) versus platinum-based doublet chemotherapy as first-line treatment,control,pubmed,False,uncertain,3,3,False
PMID 37748693 CT_Summary_SoE.pdf,NCT02576574,0,Arm A (Avelumab 10 mg/kg Q2W),27.0,intervention,intervention,EXPERIMENTAL,intervention,comparing avelumab ... versus platinum-based doublet chemotherapy as first-line treatment,intervention,pubmed,False,confident,3,3,False
PMID 37748693 CT_Summary_SoE.pdf,NCT02576574,1,Arm C (Avelumab 10 mg/kg Q1W then Q2W),33.0,intervention,intervention,EXPERIMENTAL,intervention,avelumab 10 mg/kg once weekly (QW) for 12 weeks and Q2W thereafter,intervention,pubmed,False,uncertain,3,3,False
PMID 37788412 a_Summary_SoE.pdf,NCT03447769,0,Placebo,20.0,control,control,PLACEBO_COMPARATOR,,,control,agreement(pipeline=ctgov),False,confident_2arm,2,2,False
PMID 37788412 a_Summary_SoE.pdf,NCT03447769,0,Canakinumab 200 mg,20.0,intervention,intervention,EXPERIMENTAL,,,intervention,agreement(pipeline=ctgov),False,confident_2arm,2,2,False
PMID 37792130 CT_Summary_SoE.pdf,NCT04633564,0,Arm B (Avastin + Carboplatin/Paclitaxel),17.0,control,control,ACTIVE_COMPARATOR,,,control,agreement(pipeline=ctgov),False,confident_2arm,2,2,False
PMID 37792130 CT_Summary_SoE.pdf,NCT04633564,0,Arm A (MYL-1402O + Carboplatin/Paclitaxel),17.0,intervention,intervention,EXPERIMENTAL,,,intervention,agreement(pipeline=ctgov),False,confident_2arm,2,2,False
PMID 37793771 CT_Summary_SoE.pdf,NCT04162210,0,Arm 2 (Pomalidomide plus Low-dose Dexamethasone),31.0,control,control,ACTIVE_COMPARATOR,,,control,agreement(pipeline=ctgov),False,confident_2arm,2,2,False
PMID 37793771 CT_Summary_SoE.pdf,NCT04162210,0,Arm 1 (Belantamab Mafodotin),20.0,intervention,intervention,EXPERIMENTAL,,,intervention,agreement(pipeline=ctgov),False,confident_2arm,2,2,False
PMID 37845511 a_Summary_SoE.pdf,NCT04099251,0,Arm B (Placebo),13.0,control,control,PLACEBO_COMPARATOR,,,control,agreement(pipeline=ctgov),False,confident_2arm,2,2,False
PMID 37845511 a_Summary_SoE.pdf,NCT04099251,0,Arm A (Nivolumab),13.0,intervention,intervention,EXPERIMENTAL,,,intervention,agreement(pipeline=ctgov),False,confident_2arm,2,2,False
PMID 37870976 a_Summary_SoE.pdf,NCT04538664,0,Arm B (Carboplatin-Pemetrexed),20.0,control,intervention,EXPERIMENTAL,control,receive intravenous amivantamab plus chemotherapy (amivantamab-chemotherapy) or chemotherapy alone,control,pubmed,False,confident_2arm,2,2,False
PMID 37870976 a_Summary_SoE.pdf,NCT04538664,0,Arm A (Amivantamab + Carboplatin-Pemetrexed),21.0,intervention,intervention,EXPERIMENTAL,intervention,receive intravenous amivantamab plus chemotherapy (amivantamab-chemotherapy) or chemotherapy alone,intervention,pubmed,False,confident_2arm,2,2,False
PMID 37875143 a_Summary_SoE.pdf,NCT03675737,0,Arm B (Placebo + Chemotherapy),36.0,control,control,ACTIVE_COMPARATOR,,,control,agreement(pipeline=ctgov),False,confident_2arm,2,2,False
PMID 37875143 a_Summary_SoE.pdf,NCT03675737,0,Arm A (Pembrolizumab + Chemotherapy),36.0,intervention,intervention,EXPERIMENTAL,,,intervention,agreement(pipeline=ctgov),False,confident_2arm,2,2,False
PMID 37935977 a_Summary_SoE.pdf,NCT01802333,0,Arm 1 (7+3: Daunorubicin + AraC),38.0,control,intervention,EXPERIMENTAL,control,"compared daunorubicin and cytarabine (DA), idarubicin with higher dose cytarabine (IA) and IA with vorinostat (IA + V)",control,pubmed,False,uncertain,3,3,False
PMID 37935977 a_Summary_SoE.pdf,NCT01802333,0,Arm 2 (IA: Idarubicin + AraC),36.0,intervention,intervention,EXPERIMENTAL,intervention,use of higher doses of cytarabine during induction ... with a histone deacetylase inhibitor resulted in high response rates,intervention,pubmed,False,uncertain,3,3,False
PMID 37935977 a_Summary_SoE.pdf,NCT01802333,1,Arm 3 (IA+V: IA + Vorinostat),50.0,intervention,intervention,EXPERIMENTAL,intervention,use of higher doses of cytarabine during induction ... with a histone deacetylase inhibitor resulted in high response rates,intervention,pubmed,False,uncertain,3,3,False
PMID 37980924 a_Summary_SoE.pdf,NCT02369653,0,No systemic anticoagulant prophylaxis,5.0,control,control,PLACEBO_COMPARATOR,,,control,agreement(pipeline=ctgov),False,confident_2arm,2,2,False
PMID 37980924 a_Summary_SoE.pdf,NCT02369653,0,Apixaban,5.0,intervention,intervention,EXPERIMENTAL,,,intervention,agreement(pipeline=ctgov),False,confident_2arm,2,2,False
PMID 38039991 CT_Summary_SoE.pdf,NCT03830866,0,Arm B (Placebo + SoC CCRT),42.0,control,control,PLACEBO_COMPARATOR,,,control,agreement(pipeline=ctgov),False,confident_2arm,2,2,False
PMID 38039991 CT_Summary_SoE.pdf,NCT03830866,0,Arm A (Durvalumab + SoC CCRT),42.0,intervention,intervention,EXPERIMENTAL,,,intervention,agreement(pipeline=ctgov),False,confident_2arm,2,2,False
PMID 38039993 a_Summary_SoE.pdf,NCT03713593,0,Arm B (Lenvatinib + Placebo),21.0,control,control,ACTIVE_COMPARATOR,,,control,agreement(pipeline=ctgov),False,confident_2arm,2,2,False
PMID 38039993 a_Summary_SoE.pdf,NCT03713593,0,Arm A (Lenvatinib + Pembrolizumab),21.0,intervention,intervention,EXPERIMENTAL,,,intervention,agreement(pipeline=ctgov),False,confident_2arm,2,2,False
PMID 38059497 CT_Summary_SoE.pdf,NCT03750786,0,Group B (modified FOLFOX-6 + bevacizumab),27.0,control,intervention,EXPERIMENTAL,control,may improve outcomes over the existing standard of care (leucovorin),control,pubmed,False,confident_2arm,2,2,False
PMID 38059497 CT_Summary_SoE.pdf,NCT03750786,0,Group A (ARFOX + bevacizumab),27.0,intervention,control,ACTIVE_COMPARATOR,intervention,Arfolitixorin ... is an immediately active folate and may improve outcomes over the existing standard of care (leucovorin),intervention,pubmed,False,confident_2arm,2,2,False
PMID 38060199 CT_Summary_SoE.pdf,NCT04177108,0,Arm C (Paclitaxel + Placebo + Placebo),40.0,control,intervention,EXPERIMENTAL,control,Grade ≥3 adverse events were more frequent with the triplet than with doublets or single-agent paclitaxel,control,pubmed,False,count_mismatch,4,5,False
PMID 38060199 CT_Summary_SoE.pdf,NCT04177108,0,Arm A (Ipatasertib + Atezolizumab + Paclitaxel),40.0,intervention,intervention,EXPERIMENTAL,intervention,Triplet therapy comprised intravenous atezolizumab ... oral ipatasertib ... and intravenous paclitaxel ... as first-line therapy,intervention,pubmed,False,count_mismatch,4,5,False
PMID 38060199 CT_Summary_SoE.pdf,NCT04177108,1,Arm B (Ipatasertib + Paclitaxel / Atezolizumab + Paclitaxel),41.5,intervention,intervention,EXPERIMENTAL,unresolved,,intervention,pipeline_fallback(pubmed_unresolved),True,count_mismatch,4,5,False
PMID 38060199 CT_Summary_SoE.pdf,NCT04177108,2,Arm B - Cohort 2 (Atezolizumab + Paclitaxel + Placebo),40.0,intervention,intervention,EXPERIMENTAL,unresolved,,intervention,pipeline_fallback(pubmed_unresolved),True,count_mismatch,4,5,False
PMID 38103088 CT_Summary_SoE.pdf,NCT02872103,0,Arm 2 (Placebo / F-627 20 mg),51.0,control,control,PLACEBO_COMPARATOR,,,control,agreement(pipeline=ctgov),False,confident_2arm,2,2,False
PMID 38103088 CT_Summary_SoE.pdf,NCT02872103,0,Arm 1 (F-627 20 mg),51.0,intervention,intervention,EXPERIMENTAL,,,intervention,agreement(pipeline=ctgov),False,confident_2arm,2,2,False
PMID 38159809 CT_Summary_SoE.pdf,NCT04676412,0,Arm B (Pembrolizumab + Placebo),18.0,control,control,ACTIVE_COMPARATOR,,,control,agreement(pipeline=ctgov),False,confident_2arm,2,2,False
PMID 38159809 CT_Summary_SoE.pdf,NCT04676412,0,Arm A (Pembrolizumab + Lenvatinib),18.0,intervention,intervention,EXPERIMENTAL,,,intervention,agreement(pipeline=ctgov),False,confident_2arm,2,2,False
PMID 38231126 a_Summary_SoE.pdf,NCT02920008,0,Treatment Choice (TC),140.0,control,control,ACTIVE_COMPARATOR,,,control,agreement(pipeline=ctgov),False,confident_2arm,2,2,False
PMID 38231126 a_Summary_SoE.pdf,NCT02920008,0,Guadecitabine (SGI-110),86.0,intervention,intervention,EXPERIMENTAL,,,intervention,agreement(pipeline=ctgov),False,confident_2arm,2,2,False
PMID 38252907 a_Summary_SoE.pdf,NCT02864251,0,Arm C (Pemetrexed plus Platinum),18.0,control,control,ACTIVE_COMPARATOR,control,randomly assigned 1:1 to nivolumab ... plus platinum-doublet chemotherapy ... or platinum-doublet chemotherapy alone,control,pubmed,False,uncertain,3,3,False
PMID 38252907 a_Summary_SoE.pdf,NCT02864251,0,Arm A (Nivolumab plus Pemetrexed/Platinum),18.0,intervention,intervention,EXPERIMENTAL,intervention,evaluated nivolumab plus chemotherapy versus chemotherapy in patients with EGFR-mutated metastatic non-small-cell lung cancer,intervention,pubmed,False,confident,3,3,False
PMID 38252907 a_Summary_SoE.pdf,NCT02864251,1,Arm B (Nivolumab plus Ipilimumab),27.0,intervention,intervention,EXPERIMENTAL,unresolved,,intervention,pipeline_fallback(pubmed_unresolved),True,confident,3,3,False
PMID 38319255 a_Summary_SoE.pdf,NCT03462719,0,Arm B (Chlorambucil + Obinutuzumab),17.0,control,control,ACTIVE_COMPARATOR,,,control,agreement(pipeline=ctgov),False,confident_2arm,2,2,False
PMID 38319255 a_Summary_SoE.pdf,NCT03462719,0,Arm A (Ibrutinib + Venetoclax),18.0,intervention,intervention,EXPERIMENTAL,,,intervention,agreement(pipeline=ctgov),False,confident_2arm,2,2,False
PMID 38319800 a_Summary_SoE.pdf,NCT03732820,0,Arm B (Placebo + Abiraterone),17.0,control,control,PLACEBO_COMPARATOR,,,control,agreement(pipeline=ctgov),False,confident_2arm,2,2,False
PMID 38319800 a_Summary_SoE.pdf,NCT03732820,0,Arm A (Olaparib + Abiraterone),17.0,intervention,intervention,EXPERIMENTAL,,,intervention,agreement(pipeline=ctgov),False,confident_2arm,2,2,False
PMID 38319892 a_Summary_SoE.pdf,NCT03298451,0,Arm D (Sorafenib 400 mg BID),15.0,control,control,ACTIVE_COMPARATOR,,,control,agreement(pipeline=ctgov),False,confident,4,4,False
PMID 38319892 a_Summary_SoE.pdf,NCT03298451,0,Arm A (Durvalumab 1500 mg monotherapy),15.0,intervention,intervention,EXPERIMENTAL,,,intervention,agreement(pipeline=ctgov),False,confident,4,4,False
PMID 38319892 a_Summary_SoE.pdf,NCT03298451,1,Arm B (Durvalumab 1500 mg + Tremelimumab 75 mg x 4 doses),15.0,intervention,intervention,EXPERIMENTAL,,,intervention,agreement(pipeline=ctgov),False,confident,4,4,False
PMID 38319892 a_Summary_SoE.pdf,NCT03298451,2,Arm C (Durvalumab 1500 mg + Tremelimumab 300 mg x 1 dose),15.0,intervention,intervention,EXPERIMENTAL,,,intervention,agreement(pipeline=ctgov),False,confident,4,4,False
PMID 38319896 a_Summary_SoE.pdf,NCT03875235,0,Arm B (Placebo plus Gemcitabine and Cisplatin),24.0,control,control,PLACEBO_COMPARATOR,,,control,agreement(pipeline=ctgov),False,confident_2arm,2,2,False
PMID 38319896 a_Summary_SoE.pdf,NCT03875235,0,Arm A (Durvalumab plus Gemcitabine and Cisplatin),24.0,intervention,intervention,EXPERIMENTAL,,,intervention,agreement(pipeline=ctgov),False,confident_2arm,2,2,False
PMID 38320161 a_Summary_SoE.pdf,NCT03686215,0,Control Arm (Standard of Care),2.0,control,control,NO_INTERVENTION,,,control,agreement(pipeline=ctgov),False,confident_2arm,2,2,False
PMID 38320161 a_Summary_SoE.pdf,NCT03686215,0,Treatment Arm (LUM Imaging System),2.0,intervention,intervention,EXPERIMENTAL,,,intervention,agreement(pipeline=ctgov),False,confident_2arm,2,2,False
PMID 38483412 a_Summary_SoE.pdf,NCT03274687,0,Arm I (COPORT),39.0,control,intervention,EXPERIMENTAL,control,To determine if HYPORT is noninferior to COPORT for patient-reported genitourinary (GU) and gastrointestinal (GI) symptoms,control,pubmed,False,confident_2arm,2,2,False
PMID 38483412 a_Summary_SoE.pdf,NCT03274687,0,Arm II (HYPORT),27.0,intervention,intervention,EXPERIMENTAL,intervention,HYPORT is a new acceptable practice standard for patients receiving postprostatectomy radiotherapy,intervention,pubmed,False,confident_2arm,2,2,False
PMID 38499457 CT_Summary_SoE.pdf,NCT03151408,0,Group B (Placebo + Azacitidine),101.0,control,control,PLACEBO_COMPARATOR,,,control,agreement(pipeline=ctgov),False,confident_2arm,2,2,False
PMID 38499457 CT_Summary_SoE.pdf,NCT03151408,0,Group A (Pracinostat + Azacitidine),101.0,intervention,intervention,EXPERIMENTAL,,,intervention,agreement(pipeline=ctgov),False,confident_2arm,2,2,False
PMID 38531002 a_Summary_SoE.pdf,NCT01575548,0,Arm B (Placebo),18.0,control,control,PLACEBO_COMPARATOR,,,control,agreement(pipeline=ctgov),False,confident_2arm,2,2,False
PMID 38531002 a_Summary_SoE.pdf,NCT01575548,0,Arm A (Pazopanib),18.0,intervention,intervention,EXPERIMENTAL,,,intervention,agreement(pipeline=ctgov),False,confident_2arm,2,2,False
PMID 38552197 a_Summary_SoE.pdf,NCT04471428,0,Control Arm (Docetaxel),18.0,control,control,ACTIVE_COMPARATOR,,,control,agreement(pipeline=ctgov),False,confident_2arm,2,2,False
PMID 38552197 a_Summary_SoE.pdf,NCT04471428,0,Experimental Arm (Atezolizumab + Cabozantinib),18.0,intervention,intervention,EXPERIMENTAL,,,intervention,agreement(pipeline=ctgov),False,confident_2arm,2,2,False
PMID 38561010 a_Summary_SoE.pdf,NCT03040999,0,Arm 2 (Placebo + CRT),51.0,control,control,PLACEBO_COMPARATOR,,,control,agreement(pipeline=ctgov),False,confident_2arm,2,2,False
PMID 38561010 a_Summary_SoE.pdf,NCT03040999,0,Arm 1 (Pembrolizumab + CRT),51.0,intervention,intervention,EXPERIMENTAL,,,intervention,agreement(pipeline=ctgov),False,confident_2arm,2,2,False
PMID 38648575 a_Summary_SoE.pdf,NCT03088813,0,Arm B (IV Topotecan),110.0,control,control,ACTIVE_COMPARATOR,control,compared second-line liposomal irinotecan with topotecan in patients with small cell lung cancer (SCLC),control,pubmed,False,count_mismatch,2,4,False
PMID 38648575 a_Summary_SoE.pdf,NCT03088813,0,Arm A (Irinotecan Liposome Injection),38.0,intervention,intervention,EXPERIMENTAL,intervention,compared second-line liposomal irinotecan with topotecan in patients with small cell lung cancer (SCLC),intervention,pubmed,False,count_mismatch,2,4,False
PMID 38683596 a_Summary_SoE.pdf,NCT02927249,0,Arm 2 (Placebo),2.0,control,control,PLACEBO_COMPARATOR,,,control,agreement(pipeline=ctgov),False,confident_2arm,2,2,False
PMID 38683596 a_Summary_SoE.pdf,NCT02927249,0,Arm 1 (Aspirin),2.0,intervention,intervention,EXPERIMENTAL,,,intervention,agreement(pipeline=ctgov),False,confident_2arm,2,2,False
PMID 38833643 a_Summary_SoE.pdf,NCT01674140,0,Arm 2 (Placebo + Endocrine Therapy),6.0,control,control,PLACEBO_COMPARATOR,,,control,agreement(pipeline=ctgov),False,confident_2arm,2,2,False
PMID 38833643 a_Summary_SoE.pdf,NCT01674140,0,Arm 1 (Everolimus + Endocrine Therapy),6.0,intervention,intervention,EXPERIMENTAL,,,intervention,agreement(pipeline=ctgov),False,confident_2arm,2,2,False
PMID 38833658 a_Summary_SoE.pdf,NCT04776148,0,Arm B (Investigator's Choice SOC - Regorafenib),28.0,control,control,ACTIVE_COMPARATOR,,,control,agreement(pipeline=ctgov),False,confident_2arm,2,2,False
PMID 38833658 a_Summary_SoE.pdf,NCT04776148,0,Arm A (Lenvatinib + Pembrolizumab),27.0,intervention,intervention,EXPERIMENTAL,,,intervention,agreement(pipeline=ctgov),False,confident_2arm,2,2,False
PMID 38838287a_Summary_SoE.pdf,NCT03729245,0,Arm B (Sunitinib or Cabozantinib),19.0,control,control,ACTIVE_COMPARATOR,,,control,agreement(pipeline=ctgov),False,confident_2arm,2,2,False
PMID 38838287a_Summary_SoE.pdf,NCT03729245,0,Arm A (NKTR-214 + Nivolumab),21.0,intervention,intervention,EXPERIMENTAL,,,intervention,agreement(pipeline=ctgov),False,confident_2arm,2,2,False
PMID 38849283 CT_Summary_SoE.pdf,NCT02726581,0,Arm B (Pd: Pomalidomide + Dexamethasone),18.0,control,control,ACTIVE_COMPARATOR,,,control,agreement(pipeline=ctgov),False,confident,3,3,False
PMID 38849283 CT_Summary_SoE.pdf,NCT02726581,0,Arm A (N-Pd: Nivolumab + Pomalidomide + Dexamethasone),18.0,intervention,intervention,EXPERIMENTAL,,,intervention,agreement(pipeline=ctgov),False,confident,3,3,False
PMID 38849283 CT_Summary_SoE.pdf,NCT02726581,1,Arm C (NE-Pd: Nivolumab + Elotuzumab + Pomalidomide + Dexamethasone),22.0,intervention,intervention,EXPERIMENTAL,,,intervention,agreement(pipeline=ctgov),False,confident,3,3,False
PMID 38872480 a_Summary_SoE.pdf,NCT03635489,0,Placebo Group,0.0,control,control,PLACEBO_COMPARATOR,,,control,agreement(pipeline=ctgov),False,confident_2arm,2,2,False
PMID 38872480 a_Summary_SoE.pdf,NCT03635489,0,Bevacizumab Group,0.0,intervention,intervention,EXPERIMENTAL,,,intervention,agreement(pipeline=ctgov),False,confident_2arm,2,2,False
PMID 38889373 a_Summary_SoE.pdf,NCT04478266,0,Arm B (Letrozole plus Palbociclib),16.0,control,control,ACTIVE_COMPARATOR,,,control,agreement(pipeline=ctgov),False,confident_2arm,2,2,False
PMID 38889373 a_Summary_SoE.pdf,NCT04478266,0,Arm A (Amcenestrant plus Palbociclib),16.0,intervention,intervention,EXPERIMENTAL,,,intervention,agreement(pipeline=ctgov),False,confident_2arm,2,2,False
PMID 38942046 a_Summary_SoE.pdf,NCT03055013,0,Arm B (Observation),5.0,control,control,ACTIVE_COMPARATOR,,,control,agreement(pipeline=ctgov),False,confident_2arm,2,2,False
PMID 38942046 a_Summary_SoE.pdf,NCT03055013,0,Arm A (Perioperative Nivolumab),12.0,intervention,intervention,EXPERIMENTAL,,,intervention,agreement(pipeline=ctgov),False,confident_2arm,2,2,False
PMId 32955177 a_Summary_SoE.pdf,NCT02511106,0,Arm B (Placebo),7.0,control,control,PLACEBO_COMPARATOR,,,control,agreement(pipeline=ctgov),False,confident_2arm,2,2,False
PMId 32955177 a_Summary_SoE.pdf,NCT02511106,0,Arm A (AZD9291),7.0,intervention,intervention,EXPERIMENTAL,,,intervention,agreement(pipeline=ctgov),False,confident_2arm,2,2,False
PMId 32966830 a_Summary_SoE.pdf,NCT03197935,0,Arm B (Placebo + nab-paclitaxel + AC),28.0,control,control,PLACEBO_COMPARATOR,,,control,agreement(pipeline=ctgov),False,confident_2arm,2,2,False
PMId 32966830 a_Summary_SoE.pdf,NCT03197935,0,Arm A (Atezolizumab + nab-paclitaxel + AC),28.0,intervention,intervention,EXPERIMENTAL,,,intervention,agreement(pipeline=ctgov),False,confident_2arm,2,2,False
PMId 36395435 a_Summary_SoE.pdf,NCT03734016,0,Arm B (Ibrutinib 420 mg orally once daily),14.0,control,control,ACTIVE_COMPARATOR,,,control,agreement(pipeline=ctgov),False,confident_2arm,2,2,False
PMId 36395435 a_Summary_SoE.pdf,NCT03734016,0,Arm A (Zanubrutinib 160 mg orally twice daily),14.0,intervention,intervention,EXPERIMENTAL,,,intervention,agreement(pipeline=ctgov),False,confident_2arm,2,2,False
PMId 37331369 a_Summary_SoE.pdf,NCT04322539,0,Placebo + BSC,17.0,control,control,PLACEBO_COMPARATOR,,,control,agreement(pipeline=ctgov),False,confident_2arm,2,2,False
PMId 37331369 a_Summary_SoE.pdf,NCT04322539,0,Fruquintinib + BSC,17.0,intervention,intervention,EXPERIMENTAL,,,intervention,agreement(pipeline=ctgov),False,confident_2arm,2,2,False
