filename,pmid,arm_name,pubmed_designation,evidence,abstract_states_roles,design_summary
PIMD 27718847 a_Summary_SoE.pdf,27718847,Arm B (Standard of Care Platinum-based Chemotherapy),control,either pembrolizumab ... or the investigator's choice of platinum-based chemotherapy,True,SOC chemo vs experimental immunotherapy
PIMD 27718847 a_Summary_SoE.pdf,27718847,Arm A (Pembrolizumab Monotherapy),intervention,pembrolizumab was associated with significantly longer progression-free and overall survival ... than was platinum-based chemotherapy,True,SOC chemo vs experimental immunotherapy
PMID 19213681 a_Summary_SoE.pdf,19213681,Arm A (Nolvadex alone),control,"addition of zoledronic acid to endocrine therapy, as compared with endocrine therapy without zoledronic acid",True,endocrine backbone with/without added zoledronic acid
PMID 19213681 a_Summary_SoE.pdf,19213681,Arm C (Arimidex alone),control,"addition of zoledronic acid to endocrine therapy, as compared with endocrine therapy without zoledronic acid",True,endocrine backbone with/without added zoledronic acid
PMID 19213681 a_Summary_SoE.pdf,19213681,Arm C (Arimidex alone),control,"addition of zoledronic acid to endocrine therapy, as compared with endocrine therapy without zoledronic acid",True,endocrine backbone with/without added zoledronic acid
PMID 19213681 a_Summary_SoE.pdf,19213681,Arm B (Nolvadex plus zoledronate),intervention,The addition of zoledronic acid to adjuvant endocrine therapy improves disease-free survival,True,endocrine backbone with/without added zoledronic acid
PMID 19213681 a_Summary_SoE.pdf,19213681,Arm D (Arimidex plus zoledronate),intervention,The addition of zoledronic acid to adjuvant endocrine therapy improves disease-free survival,True,endocrine backbone with/without added zoledronic acid
PMID 20525992 a_Summary_SoE.pdf,20525992,Arm A (Melanoma Peptide Vaccine Monotherapy),control,administered with or without a glycoprotein 100 (gp100) peptide vaccine was compared with gp100 alone,True,vaccine comparator vs experimental antibody (alone or add-on)
PMID 20525992 a_Summary_SoE.pdf,20525992,Arm B (MDX-010 + Melanoma Peptide Vaccine),intervention,"Ipilimumab, with or without a gp100 peptide vaccine, as compared with gp100 alone, improved overall survival",True,vaccine comparator vs experimental antibody (alone or add-on)
PMID 20525992 a_Summary_SoE.pdf,20525992,Arm C (MDX-010 Monotherapy),intervention,The median overall survival with ipilimumab alone was 10.1 months ... in the comparison with gp100 alone,True,vaccine comparator vs experimental antibody (alone or add-on)
PMID 20525993 a_Summary_SoE.pdf,20525993,Arm C (Imatinib 400 mg QD),control,"We evaluated the efficacy and safety of nilotinib, as compared with imatinib",True,established comparator vs experimental agent
PMID 20525993 a_Summary_SoE.pdf,20525993,Arm A (Nilotinib 300 mg BID),intervention,Nilotinib ... was superior to imatinib in patients with newly diagnosed chronic-phase ... CML,True,established comparator vs experimental agent
PMID 20525993 a_Summary_SoE.pdf,20525993,Arm B (Nilotinib 400 mg BID),intervention,Nilotinib at a dose of either 300 mg or 400 mg twice daily was superior to imatinib,True,established comparator vs experimental agent
PMID 20818862 a_Summary_SoE.pdf,20818862,Arm B (Placebo),control,randomly assigned 512 patients in a 2:1 ratio to receive either sipuleucel-T ... or placebo,True,placebo-controlled immunotherapy
PMID 20818862 a_Summary_SoE.pdf,20818862,Arm A (Sipuleucel-T),intervention,The use of sipuleucel-T prolonged overall survival among men with metastatic castration-resistant prostate cancer,True,placebo-controlled immunotherapy
PMID 21631324 a_Summary_SoE.pdf,21631324,Arm 2: High-dose IL-2 alone,control,Patients were randomly assigned to receive interleukin-2 alone ... followed by interleukin-2,True,IL-2 backbone with/without added vaccine
PMID 21631324 a_Summary_SoE.pdf,21631324,Arm 1: gp100:209-217(210M) peptide vaccine + high-dose IL-2,intervention,the response rate was higher and progression-free survival longer with vaccine and interleukin-2 than with interleukin-2 alone,True,IL-2 backbone with/without added vaccine
PMID 21962393 CT_Summary_SoE.pdf,21962393,Arm B2 (Auto-Auto + Observation),control,allogeneic HSCT ... compared with tandem autologous HSCT,True,established tandem-autologous comparator vs experimental allogeneic strategy
PMID 21962393 CT_Summary_SoE.pdf,21962393,Arm A (Auto-Allo: ASCT followed by NMSCT),intervention,we aimed to assess effectiveness of allogeneic HSCT with non-myeloablative conditioning after autologous HSCT compared with tandem autologous HSCT,True,established tandem-autologous comparator vs experimental allogeneic strategy
PMID 21962393 CT_Summary_SoE.pdf,21962393,Arm B1 (Auto-Auto + Maintenance),control,allogeneic HSCT ... compared with tandem autologous HSCT,True,established tandem-autologous comparator vs experimental allogeneic strategy
PMID 21991949 a_Summary_SoE.pdf,21991949,AC→T (Doxorubicin and Cyclophosphamide followed by Docetaxel),unresolved,,False,truncated abstract; only the new nonanthracycline regimen identifiable
PMID 21991949 a_Summary_SoE.pdf,21991949,AC→TH (Doxorubicin and Cyclophosphamide followed by Docetaxel and Trastuzumab),unresolved,,False,truncated abstract; only the new nonanthracycline regimen identifiable
PMID 21991949 a_Summary_SoE.pdf,21991949,"TCH (Docetaxel, Carboplatin and Trastuzumab)",intervention,We wanted to evaluate the efficacy and safety of a new nonanthracycline regimen with trastuzumab,False,truncated abstract; only the new nonanthracycline regimen identifiable
PMID 22204724 a_Summary_SoE.pdf,22204724,Arm I (Standard Chemotherapy + Placebo),control,The control treatment was chemotherapy with placebo added in cycles 2 through 22,True,placebo-controlled add-on
PMID 22204724 a_Summary_SoE.pdf,22204724,Arm II (Concurrent Bevacizumab + Placebo Maintenance),intervention,bevacizumab-initiation treatment was chemotherapy with bevacizumab ... added in cycles 2 through 6,True,placebo-controlled add-on
PMID 22204724 a_Summary_SoE.pdf,22204724,Arm III (Extended Bevacizumab),intervention,Bevacizumab-throughout treatment was chemotherapy with bevacizumab added in cycles 2 through 22,True,placebo-controlled add-on
PMID 22257673 a_Summary_SoE.pdf,22257673,Lapatinib alone,intervention,the two anti-HER2 agents given together would be better than single-agent therapy,True,established monotherapy comparator vs experimental dual blockade
PMID 22257673 a_Summary_SoE.pdf,22257673,Trastuzumab alone,control,pCR rate was significantly higher in the group given lapatinib and trastuzumab ... than in the group given trastuzumab alone,True,established monotherapy comparator vs experimental dual blockade
PMID 22257673 a_Summary_SoE.pdf,22257673,Lapatinib + Trastuzumab,intervention,pCR rate was significantly higher in the group given lapatinib and trastuzumab,True,established monotherapy comparator vs experimental dual blockade
PMID 22454414 a_Summary_SoE.pdf,22454414,Arm A (Docetaxel + Prednisone + Placebo),control,docetaxel ... plus prednisone ... (DP) with either bevacizumab ... or placebo,True,placebo-controlled add-on
PMID 22454414 a_Summary_SoE.pdf,22454414,Arm B (Docetaxel + Prednisone + Bevacizumab),intervention,evaluate the addition of bevacizumab to standard docetaxel and prednisone therapy,True,placebo-controlled add-on
PMID 22551107 a_Summary_SoE.pdf,22551107,"Arm B (Sz/M: Streptozotocin, Mitotane)",unresolved,,False,"head-to-head of two combination regimens, no SOC labeled"
PMID 22551107 a_Summary_SoE.pdf,22551107,"Arm A (EDP/M: Etoposide, Doxorubicin, Cisplatin, Mitotane)",unresolved,,False,"head-to-head of two combination regimens, no SOC labeled"
PMID 22571200 a_Summary_SoE.pdf,22571200,Arm C (MP plus placebo induction followed by placebo maintenance),control,melphalan-prednisone (MP) followed by placebo in patients 65 years of age or older,True,standard backbone vs experimental add-on (lenalidomide)
PMID 22571200 a_Summary_SoE.pdf,22571200,Arm A (MPR induction followed by lenalidomide maintenance),intervention,median progression-free survival was significantly longer with MPR-R (31 months) than with MPR ... or MP,True,standard backbone vs experimental add-on (lenalidomide)
PMID 22571200 a_Summary_SoE.pdf,22571200,Arm B (MPR induction followed by placebo maintenance),intervention,Response rates were superior with MPR-R and MPR ... vs. 50% with MP,True,standard backbone vs experimental add-on (lenalidomide)
PMID 22585697 a_Summary_SoE.pdf,22585697,Arm A (Placebo + Intermediate Dose cytarabine [IDAC]),control,Patients were randomly assigned to receive either clofarabine (Clo) 40 mg/m(2) or a placebo followed by Ara-C,True,placebo-controlled add-on
PMID 22585697 a_Summary_SoE.pdf,22585697,Arm B (Clofarabine + Intermediate Dose cytarabine [IDAC]),intervention,Clo+Ara-C significantly improved response rates and EFS,True,placebo-controlled add-on
PMID 22663011 a_Summary_SoE.pdf,22663011,Arm B (Chemotherapy - Dacarbazine or Paclitaxel),control,randomly assigned 322 patients ... to receive either trametinib ... or chemotherapy in a 2:1 ratio,True,chemo comparator vs experimental MEK inhibitor (with crossover arm)
PMID 22663011 a_Summary_SoE.pdf,22663011,Arm A (GSK1120212 / Trametinib),intervention,"Trametinib, as compared with chemotherapy, improved rates of progression-free and overall survival",True,chemo comparator vs experimental MEK inhibitor (with crossover arm)
PMID 22663011 a_Summary_SoE.pdf,22663011,Arm C (Extension Arm - Crossover to GSK1120212),intervention,Patients in the chemotherapy group who had disease progression were permitted to cross over to receive trametinib,True,chemo comparator vs experimental MEK inhibitor (with crossover arm)
PMID 22689805 a_Summary_SoE.pdf,22689805,Arm A (Supportive Care or Low-dose Cytarabine),control,compared the efficacy and safety of decitabine with treatment choice (TC),True,standard treatment-choice comparator vs experimental agent
PMID 22689805 a_Summary_SoE.pdf,22689805,Arm B (Decitabine),intervention,decitabine improved response rates compared with standard therapies,True,standard treatment-choice comparator vs experimental agent
PMID 22735384 a_Summary_SoE.pdf,22735384,Arm B (DTIC),control,randomly assigned (3:1) to receive dabrafenib ... or dacarbazine,True,standard chemo comparator vs experimental targeted agent
PMID 22735384 a_Summary_SoE.pdf,22735384,Arm A (GSK2118436),intervention,Dabrafenib significantly improved progression-free survival compared with dacarbazine,True,standard chemo comparator vs experimental targeted agent
PMID 22808955 a_Summary_SoE.pdf,22808955,Expectant Management (Watchful Waiting),control,"radical prostatectomy did not significantly reduce all-cause or prostate-cancer mortality, as compared with observation",True,observation/watchful-waiting vs active surgery
PMID 22808955 a_Summary_SoE.pdf,22808955,Radical Prostatectomy,intervention,The effectiveness of surgery versus observation for men with localized prostate cancer ... is not known,True,observation/watchful-waiting vs active surgery
PMID 22915657 a_Summary_SoE.pdf,22915657,Arm 3 (Aprepitant + Palonosetron + Dexamethasone),unresolved,,False,"comparative-effectiveness antiemetic trial, no intervention/control framing"
PMID 22915657 a_Summary_SoE.pdf,22915657,"Arm 2: Granisetron + Dexamethasone (Day 1), Compazine + Placebo (Days 2 & 3)",unresolved,,False,"comparative-effectiveness antiemetic trial, no intervention/control framing"
PMID 22915657 a_Summary_SoE.pdf,22915657,Arm 1 (Palonosetron + Dexamethasone + Compazine),unresolved,,False,"comparative-effectiveness antiemetic trial, no intervention/control framing"
PMID 22915657 a_Summary_SoE.pdf,22915657,Arm 2 (Granisetron + Dexamethasone + Compazine),unresolved,,False,"comparative-effectiveness antiemetic trial, no intervention/control framing"
PMID 22915657 a_Summary_SoE.pdf,22915657,Arm 4 (Palonosetron + Dexamethasone + Compazine + Dexamethasone),unresolved,,False,"comparative-effectiveness antiemetic trial, no intervention/control framing"
PMID 22965965 a_Summary_SoE.pdf,22965965,"Placebo + XELOX (Arms C, E)",control,FOLFOX/CAPOX with or without cediranib ... cediranib (20 or 30 mg per day) or placebo plus FOLFOX/CAPOX,True,placebo-controlled add-on
PMID 22965965 a_Summary_SoE.pdf,22965965,"Placebo + FOLFOX (Arms C, E)",control,cediranib (20 or 30 mg per day) or placebo plus FOLFOX/CAPOX,True,placebo-controlled add-on
PMID 22965965 a_Summary_SoE.pdf,22965965,"Cediranib + XELOX (Arms A, B, D)",intervention,The addition of cediranib to FOLFOX/CAPOX resulted in PFS prolongation,True,placebo-controlled add-on
PMID 22965965 a_Summary_SoE.pdf,22965965,"Cediranib + FOLFOX (Arms A, B, D)",intervention,The addition of cediranib to FOLFOX/CAPOX resulted in PFS prolongation,True,placebo-controlled add-on
PMID 23075175 a_Summary_SoE.pdf,23075175,Arm B (Marrow Transplantation),unresolved,,False,"head-to-head of two graft sources, no SOC labeled"
PMID 23075175 a_Summary_SoE.pdf,23075175,Arm A (PBSC Transplantation),unresolved,,False,"head-to-head of two graft sources, no SOC labeled"
PMID 23295793 a_Summary_SoE.pdf,23295793,Arm B (Placebo),control,randomly assigned 1:1 to receive toremifene citrate 20 mg or placebo,True,placebo-controlled prevention
PMID 23295793 a_Summary_SoE.pdf,23295793,Arm A (Toremifene Citrate 20 mg),intervention,We evaluated the efficacy of toremifene citrate 20 mg in PCa prevention,True,placebo-controlled prevention
PMID 23358971 a_Summary_SoE.pdf,23358971,Arm 2: Exemestane + Placebo,intervention,exemestane ... could prove superior to anastrozole regarding efficacy and toxicity,True,established AI comparator vs experimental AI (celecoxib factorial unaddressed)
PMID 23358971 a_Summary_SoE.pdf,23358971,Arm 4: Anastrozole + Placebo,control,exemestane ... could prove superior to anastrozole,True,established AI comparator vs experimental AI (celecoxib factorial unaddressed)
PMID 23358971 a_Summary_SoE.pdf,23358971,Arm 1: Exemestane + Celecoxib,intervention,exemestane ... could prove superior to anastrozole regarding efficacy and toxicity,True,established AI comparator vs experimental AI (celecoxib factorial unaddressed)
PMID 23358971 a_Summary_SoE.pdf,23358971,Arm 3: Anastrozole + Celecoxib,control,exemestane ... could prove superior to anastrozole,True,established AI comparator vs experimental AI (celecoxib factorial unaddressed)
PMID 23509322 a_Summary_SoE.pdf,23509322,Paclitaxel + Placebo,control,compared with placebo plus paclitaxel in patients with HER2-overexpressing metastatic breast cancer,True,placebo-controlled add-on
PMID 23509322 a_Summary_SoE.pdf,23509322,Paclitaxel + Lapatinib,intervention,The addition of lapatinib to paclitaxel significantly improved OS versus paclitaxel,True,placebo-controlled add-on
PMID 23509322 a_Summary_SoE.pdf,23509322,Arm A (Lapatinib + Paclitaxel),intervention,lapatinib combined with paclitaxel offers a significant ... survival advantage over paclitaxel alone,True,placebo-controlled add-on
PMID 23724913 a_Summary_SoE.pdf,23724913,Arm B (Standard of Care Chemotherapy),control,Crizotinib is superior to standard chemotherapy in patients with previously treated ... ALK rearrangement,True,standard chemo comparator vs experimental targeted agent
PMID 23724913 a_Summary_SoE.pdf,23724913,Arm A (PF-02341066),intervention,Crizotinib is superior to standard chemotherapy,True,standard chemo comparator vs experimental targeted agent
PMID 23835708 a_Summary_SoE.pdf,23835708,Arm A (Bevacizumab Maintenance),control,bevacizumab plus pemetrexed maintenance was associated with a significant PFS benefit compared with bevacizumab alone,True,maintenance backbone with/without added pemetrexed
PMID 23835708 a_Summary_SoE.pdf,23835708,Arm B (Bevacizumab + Pemetrexed Maintenance),intervention,evaluated the safety and efficacy of bevacizumab with or without pemetrexed as continuation maintenance treatment,True,maintenance backbone with/without added pemetrexed
PMID 23940216 a_Summary_SoE.pdf,23940216,Arm C (Lomustine + Placebo),control,cediranib ... either as monotherapy or in combination with lomustine versus lomustine,True,established comparator (lomustine) vs experimental agent (alone or add-on)
PMID 23940216 a_Summary_SoE.pdf,23940216,Arm A (Cediranib 30 mg Monotherapy),intervention,determine the efficacy of cediranib ... either as monotherapy or in combination with lomustine versus lomustine,True,established comparator (lomustine) vs experimental agent (alone or add-on)
PMID 23940216 a_Summary_SoE.pdf,23940216,Arm B (Cediranib 20 mg + Lomustine),intervention,cediranib ... in combination with lomustine versus lomustine,True,established comparator (lomustine) vs experimental agent (alone or add-on)
PMID 23940225 a_Summary_SoE.pdf,23940225,Group 1 (TAC),control,whether the incorporation of a fourth drug could improve outcomes relative to two standard regimens,True,two standard regimens vs experimental fourth-drug addition
PMID 23940225 a_Summary_SoE.pdf,23940225,Group 2 (DD AC -> P),control,incorporation of a fourth drug could improve outcomes relative to two standard regimens,True,two standard regimens vs experimental fourth-drug addition
PMID 23940225 a_Summary_SoE.pdf,23940225,Group 3 (DD AC -> PG),intervention,DD AC->P with four cycles of gemcitabine (G) added to the DD paclitaxel (DD AC->PG),True,two standard regimens vs experimental fourth-drug addition
PMID 23960180 a_Summary_SoE.pdf,23960180,Arm B (No further therapy/Observation),control,randomly assigned to rituximab maintenance (arm A) ... or to observation (arm B),True,observation vs experimental maintenance therapy
PMID 23960180 a_Summary_SoE.pdf,23960180,Arm A (Maintenance Rituximab),intervention,To evaluate the efficacy of rituximab maintenance ... responding to brief first-line chemoimmunotherapy,True,observation vs experimental maintenance therapy
PMID 24081940 a_Summary_SoE.pdf,24081940,Arm D (Casein protein powder + Placebo pill),control,"milk protein powder and placebo pill, venlafaxine and milk protein powder, soy protein powder and placebo pill, or venlafaxine and soy",True,2x2 factorial of venlafaxine and soy protein vs placebo/milk protein for hot flashes
PMID 24081940 a_Summary_SoE.pdf,24081940,Arm A (Soy protein powder + Placebo pill),intervention,Neither venlafaxine nor soy protein alone or in combination had a significant effect on HFSSS,True,2x2 factorial of venlafaxine and soy protein vs placebo/milk protein for hot flashes
PMID 24081940 a_Summary_SoE.pdf,24081940,Arm B (Casein protein powder + Effexor XR),intervention,Neither venlafaxine nor soy protein alone or in combination had a significant effect on HFSSS,True,2x2 factorial of venlafaxine and soy protein vs placebo/milk protein for hot flashes
PMID 24081940 a_Summary_SoE.pdf,24081940,Arm C (Soy protein powder + Effexor XR),intervention,venlafaxine and soy protein powder,True,2x2 factorial of venlafaxine and soy protein vs placebo/milk protein for hot flashes
PMID 24101040 a_Summary_SoE.pdf,24101040,Arm 1 (Standard Arm: RT + TMZ 5/28),control,Patients were randomly assigned to standard temozolomide (arm 1) or DD temozolomide (arm 2),True,Standard vs dose-dense temozolomide for newly diagnosed glioblastoma
PMID 24101040 a_Summary_SoE.pdf,24101040,Arm 2 (Experimental Arm: RT + TMZ 21/28),intervention,This trial tested whether DD temozolomide improves overall survival (OS) or progression-free survival,True,Standard vs dose-dense temozolomide for newly diagnosed glioblastoma
PMID 24297950 a_Summary_SoE.pdf,24297950,Arm B (Sorafenib),control,second-line temsirolimus did not demonstrate a PFS advantage compared with sorafenib,True,Temsirolimus vs sorafenib as second-line therapy in metastatic RCC
PMID 24297950 a_Summary_SoE.pdf,24297950,Arm A (Temsirolimus),intervention,Investigating Torisel As Second-Line Therapy... second-line temsirolimus did not demonstrate a PFS advantage compared with sorafenib,True,Temsirolimus vs sorafenib as second-line therapy in metastatic RCC
PMID 24297951 a_Summary_SoE.pdf,24297951,Arm 2: Placebo before and after FOLFOX,control,"randomly assigned to intravenous calcium/magnesium before and after oxaliplatin, a placebo before and after",True,IV calcium/magnesium vs placebo to prevent oxaliplatin neurotoxicity
PMID 24297951 a_Summary_SoE.pdf,24297951,Arm 1: CaMg before and after FOLFOX,intervention,This trial was designed to definitively test whether calcium/magnesium decreases oxaliplatin-related neurotoxicity,True,IV calcium/magnesium vs placebo to prevent oxaliplatin neurotoxicity
PMID 24297951 a_Summary_SoE.pdf,24297951,Arm 3: CaMg before and placebo after FOLFOX,intervention,calcium/magnesium before and placebo after,True,IV calcium/magnesium vs placebo to prevent oxaliplatin neurotoxicity
PMID 24401022 a_Summary_SoE.pdf,24401022,Arm C (Clb: Chlorambucil alone),control,"obinutuzumab-chlorambucil or rituximab-chlorambucil, as compared with chlorambucil monotherapy, increased response rates",True,Obinutuzumab-chlorambucil vs rituximab-chlorambucil vs chlorambucil alone in CLL
PMID 24401022 a_Summary_SoE.pdf,24401022,Arm B (RClb: Rituximab + Chlorambucil),control,obinutuzumab was superior to rituximab when each was combined with chlorambucil,True,Obinutuzumab-chlorambucil vs rituximab-chlorambucil vs chlorambucil alone in CLL
PMID 24401022 a_Summary_SoE.pdf,24401022,Arm A (GClb: Obinutuzumab + Chlorambucil),intervention,"We investigated the benefit of the type 2, glycoengineered antibody obinutuzumab... as compared with that of rituximab",True,Obinutuzumab-chlorambucil vs rituximab-chlorambucil vs chlorambucil alone in CLL
PMID 24450857 a_Summary_SoE.pdf,24450857,Arm B (Placebo + Rituximab),control,idelalisib... in combination with rituximab versus rituximab plus placebo,True,Idelalisib plus rituximab vs placebo plus rituximab in relapsed CLL
PMID 24450857 a_Summary_SoE.pdf,24450857,Arm A (Idelalisib + Rituximab),intervention,we assessed the efficacy and safety of idelalisib... in combination with rituximab versus rituximab plus placebo,True,Idelalisib plus rituximab vs placebo plus rituximab in relapsed CLL
PMID 24552320 a_Summary_SoE.pdf,24552320,Regimen I (Cisplatin + Paclitaxel),control,the addition of bevacizumab to chemotherapy was associated with increased overall survival,True,2x2 factorial of chemotherapy backbone and bevacizumab in advanced cervical cancer
PMID 24552320 a_Summary_SoE.pdf,24552320,Regimen II (Cisplatin + Paclitaxel + Bevacizumab),intervention,the addition of bevacizumab to chemotherapy was associated with increased overall survival,True,2x2 factorial of chemotherapy backbone and bevacizumab in advanced cervical cancer
PMID 24552320 a_Summary_SoE.pdf,24552320,Regimen III (Topotecan + Paclitaxel),intervention,We evaluated the effectiveness of bevacizumab and nonplatinum combination chemotherapy,True,2x2 factorial of chemotherapy backbone and bevacizumab in advanced cervical cancer
PMID 24552320 a_Summary_SoE.pdf,24552320,Regimen IV (Topotecan + Paclitaxel + Bevacizumab),intervention,We evaluated the effectiveness of bevacizumab and nonplatinum combination chemotherapy,True,2x2 factorial of chemotherapy backbone and bevacizumab in advanced cervical cancer
PMID 24733799 a_Summary_SoE.pdf,24733799,Doxepin then Placebo Crossover,intervention,to test the efficacy of doxepin hydrochloride in the reduction of radiotherapy-induced OM pain,True,Doxepin oral rinse vs placebo (crossover) for radiotherapy-induced oral mucositis pain
PMID 24733799 a_Summary_SoE.pdf,24733799,Placebo then Doxepin Crossover,control,patients were randomly allocated to a doxepin oral rinse or a placebo,True,Doxepin oral rinse vs placebo (crossover) for radiotherapy-induced oral mucositis pain
PMID 24881463 a_Summary_SoE.pdf,24881463,SOFT Arm A (Tamoxifen alone),unresolved,,False,Adjuvant exemestane plus ovarian suppression in premenopausal breast cancer (abstract body not available)
PMID 24881463 a_Summary_SoE.pdf,24881463,TEXT Arm A (GnRH analogue + Tamoxifen),unresolved,,False,Adjuvant exemestane plus ovarian suppression in premenopausal breast cancer (abstract body not available)
PMID 24881463 a_Summary_SoE.pdf,24881463,SOFT Arm B & C (OFS + Tamoxifen/Exemestane),unresolved,,False,Adjuvant exemestane plus ovarian suppression in premenopausal breast cancer (abstract body not available)
PMID 24881463 a_Summary_SoE.pdf,24881463,TEXT Arm A & B (GnRH analogue + Tamoxifen/Exemestane),unresolved,,False,Adjuvant exemestane plus ovarian suppression in premenopausal breast cancer (abstract body not available)
PMID 24881463 a_Summary_SoE.pdf,24881463,TEXT Arm A (GnRH analogue plus Tamoxifen),unresolved,,False,Adjuvant exemestane plus ovarian suppression in premenopausal breast cancer (abstract body not available)
PMID 24881463 a_Summary_SoE.pdf,24881463,TEXT Arm B (GnRH analogue plus Exemestane),unresolved,,False,Adjuvant exemestane plus ovarian suppression in premenopausal breast cancer (abstract body not available)
PMID 24888818 a_Summary_SoE.pdf,24888818,Arm A (Low Risk Group - Regular Treatment),control,Patients with MBC who did not have increased CTCs at baseline remained on initial therapy until progression (arm A),True,CTC-guided early switch of chemotherapy vs continued therapy in metastatic breast cancer (SWOG S0500)
PMID 24888818 a_Summary_SoE.pdf,24888818,Arm B (Moderate Risk Group - Maintain Current Therapy),control,Patients with initially increased CTCs that decreased after 21 days of therapy remained on initial therapy (arm B),True,CTC-guided early switch of chemotherapy vs continued therapy in metastatic breast cancer (SWOG S0500)
PMID 24888818 a_Summary_SoE.pdf,24888818,Arm C1 (High Risk Group - Maintain Current Therapy),control,randomly assigned to continue initial therapy (arm C1) or change to an alternative chemotherapy (arm C2),True,CTC-guided early switch of chemotherapy vs continued therapy in metastatic breast cancer (SWOG S0500)
PMID 24888818 a_Summary_SoE.pdf,24888818,Arm C2 (High Risk Group - Switch Therapy),intervention,tested whether changing chemotherapy after one cycle of first-line chemotherapy would improve the primary outcome of overall survival,True,CTC-guided early switch of chemotherapy vs continued therapy in metastatic breast cancer (SWOG S0500)
PMID 24934787 a_Summary_SoE.pdf,24934787,Arm 1: Cyclophosphamide and Doxorubicin (CA),control,whether single-agent paclitaxel (T) was inferior to doxorubicin and cyclophosphamide (AC),True,Single-agent paclitaxel vs doxorubicin-cyclophosphamide as adjuvant breast cancer therapy (CALGB 40101)
PMID 24934787 a_Summary_SoE.pdf,24934787,Arm 2: Paclitaxel (T),intervention,to address the noninferiority of single-agent T to AC,True,Single-agent paclitaxel vs doxorubicin-cyclophosphamide as adjuvant breast cancer therapy (CALGB 40101)
PMID 24934787 a_Summary_SoE.pdf,24934787,Arm 2: Paclitaxel,intervention,to address the noninferiority of single-agent T to AC,True,Single-agent paclitaxel vs doxorubicin-cyclophosphamide as adjuvant breast cancer therapy (CALGB 40101)
PMID 25092781 a_Summary_SoE.pdf,25092781,Arm A (Standard chemotherapy),control,randomly assigned to either standard five-course chemotherapy alone or to the same chemotherapy with two doses of GO,True,Standard chemotherapy with or without gemtuzumab ozogamicin in pediatric AML (AAML0531)
PMID 25092781 a_Summary_SoE.pdf,25092781,Arm B (Standard chemotherapy + GMTZ),intervention,determine whether adding GO to standard chemotherapy improved event-free survival (EFS) and overall survival,True,Standard chemotherapy with or without gemtuzumab ozogamicin in pediatric AML (AAML0531)
PMID 25184863 a_Summary_SoE.pdf,25184863,Arm C (MPT for 12 cycles),control,melphalan-prednisone-thalidomide (MPT) is considered a standard therapy for patients with myeloma who are ineligible for stem-cell transplantation,True,Lenalidomide-dexamethasone (continuous or 18 cycles) vs melphalan-prednisone-thalidomide in transplant-ineligible myeloma (FIRST)
PMID 25184863 a_Summary_SoE.pdf,25184863,Arm A (Rd until PD),intervention,The primary end point was progression-free survival with continuous lenalidomide-dexamethasone versus MPT,True,Lenalidomide-dexamethasone (continuous or 18 cycles) vs melphalan-prednisone-thalidomide in transplant-ineligible myeloma (FIRST)
PMID 25184863 a_Summary_SoE.pdf,25184863,Arm B (Rd for 18 cycles),intervention,lenalidomide and dexamethasone in 28-day cycles until disease progression... to the same combination for 72 weeks (18 cycles; 541 patients),True,Lenalidomide-dexamethasone (continuous or 18 cycles) vs melphalan-prednisone-thalidomide in transplant-ineligible myeloma (FIRST)
PMID 25267740 a_Summary_SoE.pdf,25267740,Arm S2 (DHAP +/- Rituximab),control,gemcitabine-based therapy before autologous stem-cell transplantation (ASCT) is as effective as and less toxic than standard treatment,True,Gemcitabine-based GDP vs standard DHAP before autologous transplant in relapsed/refractory lymphoma (LY.12)
PMID 25267740 a_Summary_SoE.pdf,25267740,Arm S1 (GDP),intervention,we hypothesized that gemcitabine-based therapy before autologous stem-cell transplantation (ASCT) is as effective as and less toxic than standard treatment,True,Gemcitabine-based GDP vs standard DHAP before autologous transplant in relapsed/refractory lymphoma (LY.12)
PMID 25267740 a_Summary_SoE.pdf,25267740,Arm S2 (DHAP),control,treatment with GDP is associated with a noninferior response rate... less toxicity and hospitalization,True,Gemcitabine-based GDP vs standard DHAP before autologous transplant in relapsed/refractory lymphoma (LY.12)
PMID 25311218 a_Summary_SoE.pdf,25311218,RER Standard (ABVE-PC x4 + IFRT),control,RERs with CR were randomly assigned to involved-field radiotherapy (IFRT) or no additional therapy,True,"Response-based therapy adjustment (RT omission for rapid responders, DECA augmentation for slow responders) in pediatric Hodgkin lymphoma (AHOD0031)"
PMID 25311218 a_Summary_SoE.pdf,25311218,SER Standard (ABVE-PC x4 + IFRT),control,Slow early responders (SERs) were randomly assigned to receive two additional ABVE-PC cycles with or without two cycles of... DECA,True,"Response-based therapy adjustment (RT omission for rapid responders, DECA augmentation for slow responders) in pediatric Hodgkin lymphoma (AHOD0031)"
PMID 25311218 a_Summary_SoE.pdf,25311218,RER Reduced (ABVE-PC x4),intervention,omitting radiotherapy in RERs with CR,True,"Response-based therapy adjustment (RT omission for rapid responders, DECA augmentation for slow responders) in pediatric Hodgkin lymphoma (AHOD0031)"
PMID 25311218 a_Summary_SoE.pdf,25311218,SER Augmented (ABVE-PC x2 + DECA x2 + ABVE-PC x2 + IFRT),intervention,augmenting chemotherapy in SERs with PET-positive disease,True,"Response-based therapy adjustment (RT omission for rapid responders, DECA augmentation for slow responders) in pediatric Hodgkin lymphoma (AHOD0031)"
PMID 25332243 a_Summary_SoE.pdf,25332243,Arm 1 (High-Dose Interferon Alpha-2b),control,High-dose interferon (IFN) for 1 year (HDI) is the US Food and Drug Administration-approved adjuvant therapy,True,High-dose interferon vs biochemotherapy as adjuvant therapy in high-risk melanoma (SWOG S0008)
PMID 25332243 a_Summary_SoE.pdf,25332243,Arm 2 (Biochemotherapy: CVD + IL-2 + IFN + G-CSF),intervention,We sought to determine whether a shorter course of biochemotherapy would be more effective,True,High-dose interferon vs biochemotherapy as adjuvant therapy in high-risk melanoma (SWOG S0008)
PMID 25332243 a_Summary_SoE.pdf,25332243,Arm 1 (One Year High-Dose Interferon Alpha-2b),control,High-dose interferon (IFN) for 1 year (HDI) is the US Food and Drug Administration-approved adjuvant therapy,True,High-dose interferon vs biochemotherapy as adjuvant therapy in high-risk melanoma (SWOG S0008)
PMID 25354103 a_Summary_SoE.pdf,25354103,Arm A (Single Umbilical Cord Blood Transplantation),control,we hypothesized that the greater numbers of hematopoietic cells in two units of cord blood would be associated with improved outcomes,True,Single-unit vs double-unit cord-blood transplantation for hematologic cancers
PMID 25354103 a_Summary_SoE.pdf,25354103,Arm B (Double Umbilical Cord Blood Transplantation),intervention,we hypothesized that the greater numbers of hematopoietic cells in two units of cord blood would be associated with improved outcomes after transplantation,True,Single-unit vs double-unit cord-blood transplantation for hematologic cancers
PMID 25366680 a_Summary_SoE.pdf,25366680,Arm 1 (Standard Fractionation + Cisplatin),control,We tested the efficacy and toxicity of cisplatin plus accelerated fractionation with a concomitant boost (AFX-C) versus standard fractionation (SFX),True,Accelerated vs standard fractionation radiotherapy with concurrent cisplatin in head and neck cancer (RTOG 0129)
PMID 25366680 a_Summary_SoE.pdf,25366680,Arm 2 (Accelerated Fractionation + Cisplatin),intervention,We tested the efficacy and toxicity of cisplatin plus accelerated fractionation with a concomitant boost (AFX-C) versus standard fractionation,True,Accelerated vs standard fractionation radiotherapy with concurrent cisplatin in head and neck cancer (RTOG 0129)
PMID 25422488 a_Summary_SoE.pdf,25422488,Arm 5 (AC q2w x 4 -> Paclitaxel q2w x 6),control,that paclitaxel once per week was superior to six cycles of paclitaxel once every 2 weeks,True,2x2 factorial of anthracycline and taxane schedules in high-risk early breast cancer; arms differ by paclitaxel schedule (SWOG S0221)
PMID 25422488 a_Summary_SoE.pdf,25422488,Arm 6 (AC q2w x 4 -> Paclitaxel weekly x 12),intervention,that paclitaxel once per week was superior to six cycles of paclitaxel once every 2 weeks,True,2x2 factorial of anthracycline and taxane schedules in high-risk early breast cancer; arms differ by paclitaxel schedule (SWOG S0221)
PMID 25470694 a_Summary_SoE.pdf,25470694,Arm B (Chemotherapy - Pemetrexed/Cisplatin or Pemetrexed/Carboplatin),control,Crizotinib was superior to standard first-line pemetrexed-plus-platinum chemotherapy,True,First-line crizotinib vs platinum-pemetrexed chemotherapy in ALK-positive NSCLC (PROFILE 1014)
PMID 25470694 a_Summary_SoE.pdf,25470694,Arm A (Crizotinib),intervention,The efficacy of the ALK inhibitor crizotinib as compared with standard chemotherapy as first-line treatment... is unknown,True,First-line crizotinib vs platinum-pemetrexed chemotherapy in ALK-positive NSCLC (PROFILE 1014)
PMID 25495490 a_Summary_SoE.pdf,25495490,Arm A (Tamoxifen alone),unresolved,,False,Adjuvant ovarian suppression in premenopausal breast cancer (abstract body not available)
PMID 25495490 a_Summary_SoE.pdf,25495490,Arm B (OFS plus Tamoxifen),unresolved,,False,Adjuvant ovarian suppression in premenopausal breast cancer (abstract body not available)
PMID 25495490 a_Summary_SoE.pdf,25495490,Arm C (OFS plus Exemestane),unresolved,,False,Adjuvant ovarian suppression in premenopausal breast cancer (abstract body not available)
PMID 25671254 a_Summary_SoE.pdf,25671254,Arm B (Placebo),control,we randomly assigned 261 patients to receive lenvatinib... and 131 patients to receive placebo,True,Lenvatinib vs placebo in radioiodine-refractory thyroid cancer (SELECT)
PMID 25671254 a_Summary_SoE.pdf,25671254,Arm A (Lenvatinib),intervention,"Lenvatinib, as compared with placebo, was associated with significant improvements in progression-free survival",True,Lenvatinib vs placebo in radioiodine-refractory thyroid cancer (SELECT)
PMID 25682602 a_Summary_SoE.pdf,25682602,Higher-dose prednisone (1 or 2 mg/kg/day),control,randomized to start treatment with prednisone at 1 mg/kg/day or 0.5 mg/kg/day... at 2 mg/kg/day or 1 mg/kg/day,True,Lower-dose vs standard-dose initial prednisone for acute graft-versus-host disease
PMID 25682602 a_Summary_SoE.pdf,25682602,Lower-dose prednisone (0.5 or 1 mg/kg/day),intervention,prednisone is effective and safe for patients with newly diagnosed acute graft-versus-host disease,True,Lower-dose vs standard-dose initial prednisone for acute graft-versus-host disease
PMID 25682602 a_Summary_SoE.pdf,25682602,Higher-dose prednisone (1 or 2 mg/kg/day),control,a 50% decrease in the initial dose of prednisone... would suffice to control graft-versus-host disease,True,Lower-dose vs standard-dose initial prednisone for acute graft-versus-host disease
PMID 25713428 a_Summary_SoE.pdf,25713428,Regimen I (Gemcitabine + Docetaxel + Placebo + G-CSF),control,randomly assigned to gemcitabine-docetaxel plus bevacizumab or gemcitabine-docetaxel plus placebo,True,Gemcitabine-docetaxel plus bevacizumab vs plus placebo in metastatic uterine leiomyosarcoma
PMID 25713428 a_Summary_SoE.pdf,25713428,Regimen II (Gemcitabine + Docetaxel + Bevacizumab + G-CSF),intervention,whether the addition of bevacizumab to gemcitabine-docetaxel increases progression-free survival,True,Gemcitabine-docetaxel plus bevacizumab vs plus placebo in metastatic uterine leiomyosarcoma
PMID 25779558 a_Summary_SoE.pdf,25779558,Arm 2 (Trastuzumab + Taxane),control,"PFS was inferior for lapatinib compared with trastuzumab, with a stratified hazard ratio (HR) of 1.37",True,Lapatinib vs trastuzumab plus taxane in HER2-positive advanced breast cancer (MA.31)
PMID 25779558 a_Summary_SoE.pdf,25779558,Arm 1 (Lapatinib + Taxane),intervention,The efficacy of lapatinib versus trastuzumab combined with taxanes in the first-line setting... is unknown,True,Lapatinib vs trastuzumab plus taxane in HER2-positive advanced breast cancer (MA.31)
PMID 25891173 a_Summary_SoE.pdf,25891173,Ipilimumab Q3W (3 mg/kg every 3 weeks for 4 doses),control,The immune checkpoint inhibitor ipilimumab is the standard-of-care treatment for patients with advanced melanoma,True,Pembrolizumab (every 2 or 3 weeks) vs ipilimumab in advanced melanoma (KEYNOTE-006)
PMID 25891173 a_Summary_SoE.pdf,25891173,MK-3475 Q3W (10 mg/kg every 3 weeks),intervention,the anti-PD-1 antibody pembrolizumab prolonged progression-free survival and overall survival... versus ipilimumab,True,Pembrolizumab (every 2 or 3 weeks) vs ipilimumab in advanced melanoma (KEYNOTE-006)
PMID 25891173 a_Summary_SoE.pdf,25891173,MK-3475 Q2W (10 mg/kg every 2 weeks),intervention,P<0.001 for both pembrolizumab regimens versus ipilimumab,True,Pembrolizumab (every 2 or 3 weeks) vs ipilimumab in advanced melanoma (KEYNOTE-006)
PMID 26027431 a_Summary_SoE.pdf,26027431,Arm C (Ipilimumab monotherapy),control,nivolumab alone or nivolumab plus ipilimumab was compared with ipilimumab alone,True,"Nivolumab, nivolumab plus ipilimumab, or ipilimumab alone in untreated melanoma (CheckMate 067)"
PMID 26027431 a_Summary_SoE.pdf,26027431,Arm A (Nivolumab monotherapy),intervention,nivolumab alone or combined with ipilimumab resulted in significantly longer progression-free survival than ipilimumab alone,True,"Nivolumab, nivolumab plus ipilimumab, or ipilimumab alone in untreated melanoma (CheckMate 067)"
PMID 26027431 a_Summary_SoE.pdf,26027431,Arm B (Nivolumab + Ipilimumab),intervention,nivolumab alone or combined with ipilimumab resulted in significantly longer progression-free survival than ipilimumab alone,True,"Nivolumab, nivolumab plus ipilimumab, or ipilimumab alone in untreated melanoma (CheckMate 067)"
PMID 26028407 a_Summary_SoE.pdf,26028407,Arm B (Docetaxel),control,evaluated the efficacy and safety of nivolumab... as compared with docetaxel in this patient population,True,Nivolumab vs docetaxel in advanced squamous-cell NSCLC (CheckMate 017)
PMID 26028407 a_Summary_SoE.pdf,26028407,Arm A (Nivolumab),intervention,"overall survival, response rate, and progression-free survival were significantly better with nivolumab than with docetaxel",True,Nivolumab vs docetaxel in advanced squamous-cell NSCLC (CheckMate 017)
PMID 26040499 a_Summary_SoE.pdf,26040499,Placebo (Q6M),unresolved,,False,Adjuvant denosumab vs placebo in breast cancer (ABCSG-18) (abstract body not available)
PMID 26040499 a_Summary_SoE.pdf,26040499,Denosumab (60mg Q6M),unresolved,,False,Adjuvant denosumab vs placebo in breast cancer (ABCSG-18) (abstract body not available)
PMID 26056177 a_Summary_SoE.pdf,26056177,VD (VELCADE and Dexamethasone),control,VTD and VMP did not appear to offer an advantage over VD in transplantation-ineligible patients,True,Comparison of three frontline bortezomib-based myeloma regimens (VD vs VTD vs VMP)
PMID 26056177 a_Summary_SoE.pdf,26056177,"VTD (VELCADE, Thalidomide, and Dexamethasone)",intervention,VTD and VMP did not appear to offer an advantage over VD,True,Comparison of three frontline bortezomib-based myeloma regimens (VD vs VTD vs VMP)
PMID 26056177 a_Summary_SoE.pdf,26056177,"VMP (VELCADE, Melphalan, and Prednisone)",intervention,VTD and VMP did not appear to offer an advantage over VD,True,Comparison of three frontline bortezomib-based myeloma regimens (VD vs VTD vs VMP)
PMID 26122726 a_Summary_SoE.pdf,26122726,Arm B (Radiosurgery + WBRT),unresolved,,False,Abstract describes filgrastim biosimilar vs reference; arm_names (radiosurgery) do not match abstract content
PMID 26122726 a_Summary_SoE.pdf,26122726,Arm A (Radiosurgery alone),unresolved,,False,Abstract describes filgrastim biosimilar vs reference; arm_names (radiosurgery) do not match abstract content
PMID 26206652 CT_Summary_SoE.pdf,26206652,Group 1 (Standard fluid management),control,randomized to GDT using stroke volume variation as an end point or to standard perioperative resuscitation,True,Goal-directed fluid therapy vs standard resuscitation after liver resection
PMID 26206652 CT_Summary_SoE.pdf,26206652,Group 2 (Goal-directed fluid therapy - GDT),intervention,randomized to GDT using stroke volume variation as an end point or to standard perioperative resuscitation,True,Goal-directed fluid therapy vs standard resuscitation after liver resection
PMID 26351350 a_Summary_SoE.pdf,26351350,Arm F: GM-CSF Placebo (HLA-A2-),control,"HLA-A2-negative patients, GM-CSF or placebo",True,"Placebo-controlled trial of GM-CSF, peptide vaccination, both, or placebo in resected melanoma"
PMID 26351350 a_Summary_SoE.pdf,26351350,Arm D: GM-CSF Placebo + Peptide Placebo (HLA-A2+),control,"HLA-A2-positive patients were randomly assigned to receive GM-CSF, PV, both, or placebo",True,"Placebo-controlled trial of GM-CSF, peptide vaccination, both, or placebo in resected melanoma"
PMID 26351350 a_Summary_SoE.pdf,26351350,Arm E: GM-CSF (HLA-A2-),intervention,evaluate the effect of granulocyte-macrophage colony-stimulating factor (GM-CSF) and peptide vaccination,True,"Placebo-controlled trial of GM-CSF, peptide vaccination, both, or placebo in resected melanoma"
PMID 26351350 a_Summary_SoE.pdf,26351350,Arm A: GM-CSF + Peptide Vaccination (HLA-A2+),intervention,"HLA-A2-positive patients were randomly assigned to receive GM-CSF, PV, both, or placebo",True,"Placebo-controlled trial of GM-CSF, peptide vaccination, both, or placebo in resected melanoma"
PMID 26351350 a_Summary_SoE.pdf,26351350,Arm B: GM-CSF Placebo + Peptide Vaccination (HLA-A2+),intervention,evaluate the effect of granulocyte-macrophage colony-stimulating factor (GM-CSF) and peptide vaccination (PV),True,"Placebo-controlled trial of GM-CSF, peptide vaccination, both, or placebo in resected melanoma"
PMID 26351350 a_Summary_SoE.pdf,26351350,Arm C: GM-CSF + Peptide Placebo (HLA-A2+),intervention,"HLA-A2-positive patients were randomly assigned to receive GM-CSF, PV, both, or placebo",True,"Placebo-controlled trial of GM-CSF, peptide vaccination, both, or placebo in resected melanoma"
PMID 26412349 a_Summary_SoE.pdf,26412349,Arm B (Hormonal Therapy Alone),unresolved,,False,"21-gene assay validation; abstract reports only the low-risk endocrine-therapy-alone group, not the randomized chemo comparison"
PMID 26412349 a_Summary_SoE.pdf,26412349,Arm C (Chemotherapy + Hormonal Therapy),unresolved,,False,"21-gene assay validation; abstract reports only the low-risk endocrine-therapy-alone group, not the randomized chemo comparison"
PMID 26673811 a_Summary_SoE.pdf,26673811,Arm B (Temsirolimus),control,primary hypothesis that ibrutinib compared with temsirolimus significantly improves progression-free survival,True,Ibrutinib vs temsirolimus in relapsed/refractory mantle-cell lymphoma
PMID 26673811 a_Summary_SoE.pdf,26673811,Arm A (Ibrutinib),intervention,primary hypothesis that ibrutinib compared with temsirolimus significantly improves progression-free survival,True,Ibrutinib vs temsirolimus in relapsed/refractory mantle-cell lymphoma
PMID 26712084b_Summary_SoE.pdf,26712084,Docetaxel 75 mg/m2 Q3W,control,"We assessed the efficacy of pembrolizumab for patients with previously treated, PD-L1-positive, advanced non-small-cell lung cancer",True,Pembrolizumab (two doses) vs docetaxel in previously treated PD-L1-positive NSCLC
PMID 26712084b_Summary_SoE.pdf,26712084,MK-3475 10 mg/kg Q3W,intervention,overall survival was significantly longer for pembrolizumab... 10 mg/kg versus docetaxel,True,Pembrolizumab (two doses) vs docetaxel in previously treated PD-L1-positive NSCLC
PMID 26712084b_Summary_SoE.pdf,26712084,MK-3475 2 mg/kg Q3W,intervention,Overall survival was significantly longer for pembrolizumab 2 mg/kg versus docetaxel,True,Pembrolizumab (two doses) vs docetaxel in previously treated PD-L1-positive NSCLC
PMID 26933849 a_Summary_SoE.pdf,26933849,Every-3-week Paclitaxel + Carboplatin,control,whether dose-dense weekly paclitaxel and carboplatin would prolong PFS as compared with paclitaxel and carboplatin administered every 3 weeks,True,Dose-dense weekly vs every-3-week paclitaxel plus carboplatin in ovarian cancer
PMID 26933849 a_Summary_SoE.pdf,26933849,Weekly Paclitaxel + Carboplatin,intervention,whether dose-dense weekly paclitaxel and carboplatin would prolong progression-free survival as compared with paclitaxel... every 3 weeks,True,Dose-dense weekly vs every-3-week paclitaxel plus carboplatin in ovarian cancer
PMID 26997579 a _Summary_SoE.pdf,26997579,Ondansetron + fosaprepitant + dexamethasone,control,APF530 versus the standard three-drug regimen provided superior control of delayed-phase CINV,True,"APF530 (extended-release granisetron) vs ondansetron, each in a three-drug regimen for delayed CINV"
PMID 26997579 a _Summary_SoE.pdf,26997579,APF530 (granisetron extended-release) + fosaprepitant + dexamethasone,intervention,We compared efficacy and safety of APF530 versus ondansetron for delayed CINV,True,"APF530 (extended-release granisetron) vs ondansetron, each in a three-drug regimen for delayed CINV"
PMID 27264120 a_Summary_SoE.pdf,27264120,Arm 2 (Placebo),control,"double-blind, placebo-controlled trial to assess the effect of the extended use of letrozole for an additional 5 years",True,Extended (additional 5 years) letrozole vs placebo as adjuvant aromatase-inhibitor therapy
PMID 27264120 a_Summary_SoE.pdf,27264120,Arm 2: Placebo (MA.17 Core Study),control,"double-blind, placebo-controlled trial to assess the effect of the extended use of letrozole",True,Extended (additional 5 years) letrozole vs placebo as adjuvant aromatase-inhibitor therapy
PMID 27264120 a_Summary_SoE.pdf,27264120,Arm 1 (Letrozole),intervention,to assess the effect of the extended use of letrozole for an additional 5 years,True,Extended (additional 5 years) letrozole vs placebo as adjuvant aromatase-inhibitor therapy
PMID 27264120 a_Summary_SoE.pdf,27264120,Arm 1: Letrozole (MA.17 Core Study),intervention,to assess the effect of the extended use of letrozole for an additional 5 years,True,Extended (additional 5 years) letrozole vs placebo as adjuvant aromatase-inhibitor therapy
PMID 27458945 a_Summary_SoE.pdf,27458945,Arm B (Radiosurgery + Whole Brain Radiation Therapy),control,"WBRT significantly improves tumor control in the brain after stereotactic radiosurgery, yet... its role... remains controversial",True,De-escalation: stereotactic radiosurgery alone vs SRS plus whole-brain radiotherapy (cognitive endpoint)
PMID 27458945 a_Summary_SoE.pdf,27458945,Arm A (Radiosurgery alone),intervention,"for patients with 1 to 3 brain metastases amenable to radiosurgery, SRS alone may be a preferred strategy",True,De-escalation: stereotactic radiosurgery alone vs SRS plus whole-brain radiotherapy (cognitive endpoint)
PMID 27569442 CT_Summary_SoE.pdf,27569442,Arm A & C (MAP - Control),control,Comparison of MAPIE versus MAP in patients with a poor response to preoperative chemotherapy,False,MAPIE vs MAP for poor-responder osteosarcoma (only title available; no abstract body)
PMID 27569442 CT_Summary_SoE.pdf,27569442,Arm B (MAP + Pegylated Interferon alfa-2b),unresolved,,False,MAPIE vs MAP for poor-responder osteosarcoma (only title available; no abstract body)
PMID 27569442 CT_Summary_SoE.pdf,27569442,Arm D (MAP + Ifosfamide/Etoposide),intervention,Comparison of MAPIE versus MAP in patients with a poor response to preoperative chemotherapy,False,MAPIE vs MAP for poor-responder osteosarcoma (only title available; no abstract body)
PMID 27717299 a_Summary_SoE.pdf,27717299,Placebo,control,evaluate the efficacy of niraparib versus placebo as maintenance treatment,True,Niraparib vs placebo maintenance in platinum-sensitive recurrent ovarian cancer
PMID 27717299 a_Summary_SoE.pdf,27717299,Niraparib,intervention,evaluate the efficacy of niraparib versus placebo as maintenance treatment,True,Niraparib vs placebo maintenance in platinum-sensitive recurrent ovarian cancer
PMID 27717299 a_Summary_SoE.pdf,27717299,Niraparib (Food Effect Sub-Study),intervention,evaluate the efficacy of niraparib versus placebo as maintenance treatment,True,Niraparib vs placebo maintenance in platinum-sensitive recurrent ovarian cancer
PMID 27908454 CT_Summary_SoE.pdf,27908454,Arm B (Anastrozole 1 mg),control,"Fulvestrant... is a preferred treatment option... compared with a third-generation aromatase inhibitor, a standard of care",True,Fulvestrant vs anastrozole (standard-of-care aromatase inhibitor) in endocrine-naive advanced breast cancer
PMID 27908454 CT_Summary_SoE.pdf,27908454,Arm A (Fulvestrant 500 mg),intervention,whether the selective oestrogen receptor degrader fulvestrant could improve progression-free survival compared with anastrozole,True,Fulvestrant vs anastrozole (standard-of-care aromatase inhibitor) in endocrine-naive advanced breast cancer
PMID 27914822_Summary_SoE.pdf,27914822,Observation Arm (Control),control,randomly assigned (1:1) to receive sodium thiosulfate or observation (control group),True,Sodium thiosulfate vs observation to prevent cisplatin-induced hearing loss in children
PMID 27914822_Summary_SoE.pdf,27914822,STS Arm (Sodium Thiosulfate),intervention,randomly assigned (1:1) to receive sodium thiosulfate or observation (control group),True,Sodium thiosulfate vs observation to prevent cisplatin-induced hearing loss in children
PMID 27918724 a_Summary_SoE.pdf,27918724,Arm B (Placebo),control,"received (1:1:1) placebo, telotristat ethyl 250 mg, or telotristat ethyl 500 mg three times per day",True,Telotristat ethyl (250 or 500 mg) vs placebo added to somatostatin analog for carcinoid syndrome
PMID 27918724 a_Summary_SoE.pdf,27918724,Arm A (Telotristat etiprate 250 mg or 500 mg tid),intervention,Estimated differences in BM frequency per day versus placebo averaged over 12 weeks were -0.81 for telotristat ethyl 250 mg,True,Telotristat ethyl (250 or 500 mg) vs placebo added to somatostatin analog for carcinoid syndrome
PMID 27918724 a_Summary_SoE.pdf,27918724,Telotristat etiprate 500 mg tid,intervention,-0.69 for telotristat ethyl 500 mg (P < .001),True,Telotristat ethyl (250 or 500 mg) vs placebo added to somatostatin analog for carcinoid syndrome
PMID 28030702 a_Summary_SoE.pdf,28030702,Arm A (Zoledronic acid every 4 weeks),control,whether zoledronic acid administered every 12 weeks is noninferior to zoledronic acid administered every 4 weeks,True,De-escalation: zoledronic acid every 12 weeks vs standard every 4 weeks in bone metastases
PMID 28030702 a_Summary_SoE.pdf,28030702,Arm B (Zoledronic acid every 12 weeks),intervention,whether zoledronic acid administered every 12 weeks is noninferior to zoledronic acid administered every 4 weeks,True,De-escalation: zoledronic acid every 12 weeks vs standard every 4 weeks in bone metastases
PMID 28030702 a_Summary_SoE.pdf,28030702,Arm B (Zoledronic acid 4 mg IV every 12 weeks),intervention,use of zoledronic acid every 12 weeks compared with the standard dosing interval of every 4 weeks,True,De-escalation: zoledronic acid every 12 weeks vs standard every 4 weeks in bone metastases
PMID 28056202 a_Summary_SoE.pdf,28056202,Arm A (Trastuzumab + Taxane),control,"randomly assigned 1:1:1 to control (trastuzumab plus taxane), T-DM1 plus placebo... or T-DM1 plus pertuzumab",True,"MARIANNE: T-DM1, or T-DM1+pertuzumab, vs trastuzumab plus taxane (control) in HER2+ breast cancer"
PMID 28056202 a_Summary_SoE.pdf,28056202,Arm B (Trastuzumab emtansine + Pertuzumab),intervention,Neither experimental arm showed PFS superiority to trastuzumab plus taxane,True,"MARIANNE: T-DM1, or T-DM1+pertuzumab, vs trastuzumab plus taxane (control) in HER2+ breast cancer"
PMID 28056202 a_Summary_SoE.pdf,28056202,Arm C (Trastuzumab emtansine + Pertuzumab-placebo),intervention,T-DM1 and T-DM1 plus pertuzumab showed noninferior PFS compared with trastuzumab plus taxane,True,"MARIANNE: T-DM1, or T-DM1+pertuzumab, vs trastuzumab plus taxane (control) in HER2+ breast cancer"
PMID 28125763 a_Summary_SoE.pdf,28125763,Arm A (Zometa 4 mg every 4 weeks),control,whether zoledronic acid every 12 weeks was noninferior to zoledronic acid every 4 weeks,True,De-escalation: zoledronic acid every 12 weeks vs every 4 weeks in breast cancer bone metastases (OPTIMIZE-2)
PMID 28125763 a_Summary_SoE.pdf,28125763,Arm B (Zometa 4 mg every 12 weeks),intervention,whether zoledronic acid every 12 weeks was noninferior to zoledronic acid every 4 weeks,True,De-escalation: zoledronic acid every 12 weeks vs every 4 weeks in breast cancer bone metastases (OPTIMIZE-2)
PMID 28296618 a_Summary_SoE.pdf,28296618,Arm 1 (Short-course Radiation Therapy alone),control,the benefit of adding temozolomide to a shorter course of radiotherapy is unknown,True,Short-course radiotherapy plus temozolomide vs radiotherapy alone in elderly glioblastoma
PMID 28296618 a_Summary_SoE.pdf,28296618,Arm 2 (Short-course Radiation Therapy + Temozolomide),intervention,the addition of temozolomide to short-course radiotherapy resulted in longer survival than short-course radiotherapy alone,True,Short-course radiotherapy plus temozolomide vs radiotherapy alone in elderly glioblastoma
PMID 28384065 a_Summary_SoE.pdf,28384065,Arm 2 (Depot Octreotide Plus Interferon Alpha-2b),unresolved,,False,Octreotide plus bevacizumab vs octreotide plus interferon in advanced carcinoid; both framed as experimental additions
PMID 28384065 a_Summary_SoE.pdf,28384065,Arm 1 (Depot Octreotide Plus Bevacizumab),unresolved,,False,Octreotide plus bevacizumab vs octreotide plus interferon in advanced carcinoid; both framed as experimental additions
PMID 28438473 a_Summary_SoE.pdf,28438473,Arm I/V (No Surgery + Chemotherapy),control,Patients were randomly assigned (1:1) to standard chemotherapy (six 3-weekly cycles of paclitaxel... and carboplatin),True,GOG-0213 bevacizumab objective: chemotherapy plus bevacizumab vs standard chemotherapy (surgical objective ongoing/not reported)
PMID 28438473 a_Summary_SoE.pdf,28438473,Arm III/VII (Surgery + CT/GC),unresolved,,True,GOG-0213 bevacizumab objective: chemotherapy plus bevacizumab vs standard chemotherapy (surgical objective ongoing/not reported)
PMID 28438473 a_Summary_SoE.pdf,28438473,Arm IV/VIII (Surgery + Chemotherapy + Bevacizumab),unresolved,,True,GOG-0213 bevacizumab objective: chemotherapy plus bevacizumab vs standard chemotherapy (surgical objective ongoing/not reported)
PMID 28438473 a_Summary_SoE.pdf,28438473,Arm II (Carboplatin + Paclitaxel + Bevacizumab),intervention,the same chemotherapy regimen plus bevacizumab... every 3 weeks and continued as maintenance,True,GOG-0213 bevacizumab objective: chemotherapy plus bevacizumab vs standard chemotherapy (surgical objective ongoing/not reported)
PMID 28438473 a_Summary_SoE.pdf,28438473,Arm IV (Surgery + Carboplatin + Paclitaxel + Bevacizumab),unresolved,,True,GOG-0213 bevacizumab objective: chemotherapy plus bevacizumab vs standard chemotherapy (surgical objective ongoing/not reported)
PMID 28492898 CT_Summary_SoE.pdf,28492898,Arm B (Placebo + Docetaxel),control,254 to receive selumetinib + docetaxel and 256 to receive placebo + docetaxel,True,Selumetinib plus docetaxel vs placebo plus docetaxel in KRAS-mutant NSCLC (SELECT-1)
PMID 28492898 CT_Summary_SoE.pdf,28492898,Arm A (Selumetinib + Docetaxel),intervention,compare efficacy of the... MEK inhibitor selumetinib + docetaxel with docetaxel alone as a second-line therapy,True,Selumetinib plus docetaxel vs placebo plus docetaxel in KRAS-mutant NSCLC (SELECT-1)
PMID 28632865 a_Summary_SoE.pdf,28632865,Arm A (Bevacizumab + FOLFOX/FOLFIRI),unresolved,,False,Cetuximab vs bevacizumab added to chemotherapy in KRAS wild-type colorectal cancer; optimal biologic unknown
PMID 28632865 a_Summary_SoE.pdf,28632865,Arm B (Cetuximab + FOLFOX/FOLFIRI),unresolved,,False,Cetuximab vs bevacizumab added to chemotherapy in KRAS wild-type colorectal cancer; optimal biologic unknown
PMID 28746153 CT_Summary_SoE.pdf,28746153,Intravenous Patient Controlled Analgesia (IVPCA),control,compare thoracic epidural analgesia (TEA) to intravenous patient-controlled analgesia (IV-PCA) for pain control,True,Thoracic epidural analgesia vs intravenous patient-controlled analgesia after HPB surgery
PMID 28746153 CT_Summary_SoE.pdf,28746153,Thoracic Epidural Analgesia (TEA),intervention,"In major HPB surgery, TEA provides a superior patient experience through improved pain control and less narcotic use",True,Thoracic epidural analgesia vs intravenous patient-controlled analgesia after HPB surgery
PMID 28809610 a_Summary_SoE.pdf,28809610,Arm B (Cabazitaxel 25 mg/m²),control,noninferiority of cabazitaxel 20 mg/m2 (C20) versus C25... the Currently Approved Dose (25 mg/m2),True,De-escalation: reduced-dose cabazitaxel 20 mg/m2 vs approved 25 mg/m2 in metastatic CRPC (PROSELICA)
PMID 28809610 a_Summary_SoE.pdf,28809610,Arm A (Cabazitaxel 20 mg/m²),intervention,assessed the noninferiority of cabazitaxel 20 mg/m2 (C20) versus C25 in postdocetaxel patients with mCRPC,True,De-escalation: reduced-dose cabazitaxel 20 mg/m2 vs approved 25 mg/m2 in metastatic CRPC (PROSELICA)
PMID 28809610 a_Summary_SoE.pdf,28809610,Arm B (Cabazitaxel 25 mg/m² + Prednisone),control,the Currently Approved Dose (25 mg/m2)... C20 maintained >=50% of the OS benefit of C25,True,De-escalation: reduced-dose cabazitaxel 20 mg/m2 vs approved 25 mg/m2 in metastatic CRPC (PROSELICA)
PMID 28891423 a_Summary_SoE.pdf,28891423,Arm A (Ipilimumab 10 mg/kg + Nivolumab Placebo),control,"In the United States, ipilimumab has also been approved as adjuvant therapy for melanoma",True,Adjuvant nivolumab vs ipilimumab (approved adjuvant comparator) in resected stage III/IV melanoma
PMID 28891423 a_Summary_SoE.pdf,28891423,Arm B (Nivolumab 3 mg/kg + Ipilimumab Placebo),intervention,determine the efficacy of nivolumab versus ipilimumab for adjuvant therapy in patients with resected advanced melanoma,True,Adjuvant nivolumab vs ipilimumab (approved adjuvant comparator) in resected stage III/IV melanoma
PMID 28891423 a_Summary_SoE.pdf,28891423,Arm B (Nivolumab 3 mg/kg),intervention,determine the efficacy of nivolumab versus ipilimumab for adjuvant therapy,True,Adjuvant nivolumab vs ipilimumab (approved adjuvant comparator) in resected stage III/IV melanoma
PMID 28935843 a_Summary_SoE.pdf,28935843,Rituximab IV plus CHOP,control,Intravenous rituximab plus chemotherapy is standard treatment for diffuse large B-cell lymphoma,True,Subcutaneous vs intravenous (standard) rituximab plus CHOP in first-line DLBCL
PMID 28935843 a_Summary_SoE.pdf,28935843,Rituximab SC plus CHOP,intervention,A subcutaneous formulation of rituximab is expected to simplify and shorten drug preparation and administration,True,Subcutaneous vs intravenous (standard) rituximab plus CHOP in first-line DLBCL
PMID 29158011 CT_Summary_SoE.pdf,29158011,Arm A (Continuous Letrozole),control,Extended adjuvant intermittent letrozole versus continuous letrozole in postmenopausal women with breast cancer,False,"Extended adjuvant intermittent letrozole vs continuous letrozole (SOLE; only title available, no abstract body)"
PMID 29158011 CT_Summary_SoE.pdf,29158011,Arm A (Continuous letrozole),control,Extended adjuvant intermittent letrozole versus continuous letrozole in postmenopausal women with breast cancer,False,"Extended adjuvant intermittent letrozole vs continuous letrozole (SOLE; only title available, no abstract body)"
PMID 29158011 CT_Summary_SoE.pdf,29158011,Arm B (Intermittent letrozole),intervention,Extended adjuvant intermittent letrozole versus continuous letrozole in postmenopausal women with breast cancer,False,"Extended adjuvant intermittent letrozole vs continuous letrozole (SOLE; only title available, no abstract body)"
PMID 29169877 CT_Summary_SoE.pdf,29169877,Arm 1b (Carboplatin/Paclitaxel),control,either with cetuximab (...cetuximab group) or without (control group),True,Cetuximab added to chemo (+/- bevacizumab) vs chemo alone in NSCLC
PMID 29169877 CT_Summary_SoE.pdf,29169877,Arm 1a (Carboplatin/Paclitaxel/Bevacizumab),control,either with cetuximab (...cetuximab group) or without (control group),True,Cetuximab added to chemo (+/- bevacizumab) vs chemo alone in NSCLC
PMID 29169877 CT_Summary_SoE.pdf,29169877,Arm 1a (Carboplatin/Paclitaxel/Bevacizumab),control,either with cetuximab (...cetuximab group) or without (control group),True,Cetuximab added to chemo (+/- bevacizumab) vs chemo alone in NSCLC
PMID 29169877 CT_Summary_SoE.pdf,29169877,Arm 2a (Carboplatin/Paclitaxel/Bevacizumab/Cetuximab),intervention,explore the activity of cetuximab with chemotherapy in patients with advanced NSCLC who are EGFR FISH-positive,True,Cetuximab added to chemo (+/- bevacizumab) vs chemo alone in NSCLC
PMID 29169877 CT_Summary_SoE.pdf,29169877,Arm 2b (Carboplatin/Paclitaxel/Cetuximab),intervention,explore the activity of cetuximab with chemotherapy in patients with advanced NSCLC who are EGFR FISH-positive,True,Cetuximab added to chemo (+/- bevacizumab) vs chemo alone in NSCLC
PMID 29238824 a_Summary_SoE.pdf,29238824,Placebo Arm,control,"active placebo (lorazepam, 0.5 mg) preoperatively followed by inactive placebo postoperatively for 72 hours",True,Perioperative gabapentin vs active placebo for postoperative pain
PMID 29238824 a_Summary_SoE.pdf,29238824,Observational Arm,unresolved,,True,Perioperative gabapentin vs active placebo for postoperative pain
PMID 29238824 a_Summary_SoE.pdf,29238824,Gabapentin Arm,intervention,To determine the effect of perioperative gabapentin on remote postoperative time to pain resolution and opioid cessation,True,Perioperative gabapentin vs active placebo for postoperative pain
PMID 29244528 a_Summary_SoE.pdf,29244528,Arm B (Trastuzumab + AI),control,primary end point was progression-free survival ... with LAP + TRAS + AI versus TRAS + AI,True,Dual HER2 blockade (lapatinib+trastuzumab+AI) vs trastuzumab+AI vs lapatinib+AI
PMID 29244528 a_Summary_SoE.pdf,29244528,Arm C (Lapatinib + AI),intervention,"median PFS with LAP + AI versus TRAS + AI was 8.3 versus 5.7 months (hazard ratio, 0.71",True,Dual HER2 blockade (lapatinib+trastuzumab+AI) vs trastuzumab+AI vs lapatinib+AI
PMID 29244528 a_Summary_SoE.pdf,29244528,Arm A (Lapatinib + Trastuzumab + AI),intervention,"superior PFS was observed with LAP + TRAS + AI versus TRAS + AI (median PFS, 11 v 5.7 months",True,Dual HER2 blockade (lapatinib+trastuzumab+AI) vs trastuzumab+AI vs lapatinib+AI
PMID 29477665 CT_Summary_SoE.pdf,29477665,Arm A (Placebo),control,"double-blind, placebo-controlled study ... receive twice-daily adjuvant oral vemurafenib 960 mg tablets or matching placebo",True,Adjuvant vemurafenib vs placebo in resected BRAF-mutant melanoma
PMID 29477665 CT_Summary_SoE.pdf,29477665,Arm B (Vemurafenib),intervention,"The BRIM8 study evaluated adjuvant vemurafenib monotherapy in patients with resected, BRAFV600 mutation-positive melanoma",True,Adjuvant vemurafenib vs placebo in resected BRAF-mutant melanoma
PMID 29522138 a_Summary_SoE.pdf,29522138,Arm C (Best Available Therapy [BAT]),control,To compare the efficacy and safety of JAK2 inhibitor pacritinib with that of best available therapy (BAT),True,Pacritinib (two schedules) vs best available therapy in myelofibrosis
PMID 29522138 a_Summary_SoE.pdf,29522138,Arm A (Pacritinib 400 mg QD),intervention,"compare the efficacy and safety of JAK2 inhibitor pacritinib with that of best available therapy (BAT), including ruxolitinib",True,Pacritinib (two schedules) vs best available therapy in myelofibrosis
PMID 29522138 a_Summary_SoE.pdf,29522138,Arm B (Pacritinib 200 mg BID),intervention,Pacritinib twice daily led to significant improvements in both end points over BAT,True,Pacritinib (two schedules) vs best available therapy in myelofibrosis
PMID 29562156 a_Summary_SoE.pdf,29562156,Arm B (Bendamustine + Rituximab),control,venetoclax plus rituximab resulted in significantly higher rates of progression-free survival than bendamustine plus rituximab,True,Venetoclax+rituximab vs bendamustine+rituximab in relapsed/refractory CLL
PMID 29562156 a_Summary_SoE.pdf,29562156,Arm A (Venetoclax + Rituximab),intervention,We evaluated the efficacy of venetoclax in combination with rituximab in patients with relapsed or refractory chronic lymphocytic leukemia,True,Venetoclax+rituximab vs bendamustine+rituximab in relapsed/refractory CLL
PMID 29573941 a_Summary_SoE.pdf,29573941,Vemurafenib (960mg BID),control,primary endpoint was progression-free survival ... for encorafenib plus binimetinib versus vemurafenib,True,Encorafenib+binimetinib or encorafenib vs vemurafenib in BRAF-mutant melanoma
PMID 29573941 a_Summary_SoE.pdf,29573941,Vemurafenib (960mg BID),control,primary endpoint was progression-free survival ... for encorafenib plus binimetinib versus vemurafenib,True,Encorafenib+binimetinib or encorafenib vs vemurafenib in BRAF-mutant melanoma
PMID 29573941 a_Summary_SoE.pdf,29573941,Combo 450 (Encorafenib 450mg QD + Binimetinib 45mg BID),intervention,"We investigated encorafenib ... alone or in combination with the MEK inhibitor binimetinib, versus vemurafenib",True,Encorafenib+binimetinib or encorafenib vs vemurafenib in BRAF-mutant melanoma
PMID 29573941 a_Summary_SoE.pdf,29573941,LGX818 (Encorafenib 300mg QD),intervention,"We investigated encorafenib, a BRAF inhibitor with unique target-binding properties, alone or in combination with ... binimetinib, versus vemurafenib",True,Encorafenib+binimetinib or encorafenib vs vemurafenib in BRAF-mutant melanoma
PMID 29573941 a_Summary_SoE.pdf,29573941,Combo 300 (Encorafenib 300mg QD + Binimetinib 45mg BID),intervention,"We investigated encorafenib ... in combination with the MEK inhibitor binimetinib, versus vemurafenib",True,Encorafenib+binimetinib or encorafenib vs vemurafenib in BRAF-mutant melanoma
PMID 29625879 CT_Summary_SoE.pdf,29625879,Placebo,control,"randomised, double-blind, placebo-controlled study ... receive oral tivantinib (120 mg twice daily) or placebo",True,Tivantinib vs placebo in second-line MET-high hepatocellular carcinoma
PMID 29625879 CT_Summary_SoE.pdf,29625879,Tivantinib (ARQ 197),intervention,"Tivantinib (ARQ 197), a selective, oral MET inhibitor, improved overall survival and progression-free survival compared with placebo",True,Tivantinib vs placebo in second-line MET-high hepatocellular carcinoma
PMID 29856685 a_Summary_SoE.pdf,29856685,Arm B (Placebo + Rituximab),control,randomly assigned 150 symptomatic patients to receive ibrutinib plus rituximab or placebo plus rituximab,True,Ibrutinib+rituximab vs placebo+rituximab in Waldenstrom's macroglobulinemia
PMID 29856685 a_Summary_SoE.pdf,29856685,Arm A (Ibrutinib + Rituximab),intervention,We evaluated the effect of adding ibrutinib to rituximab in patients with this disease,True,Ibrutinib+rituximab vs placebo+rituximab in Waldenstrom's macroglobulinemia
PMID 29866475 CT_Summary_SoE.pdf,29866475,Arm B (Twice-weekly Carfilzomib with Dexamethasone),control,Twice a week carfilzomib at 27 mg/m2 is approved for treatment of relapsed or refractory multiple myeloma,True,Once-weekly vs twice-weekly carfilzomib dosing in relapsed/refractory myeloma
PMID 29866475 CT_Summary_SoE.pdf,29866475,Arm A (Once-weekly Carfilzomib with Dexamethasone),intervention,"Phase 1/2 CHAMPION-1, the first study exploring once-weekly carfilzomib dosing ... Once weekly carfilzomib ... significantly prolonged progression-free survival versus the twice weekly schedule",True,Once-weekly vs twice-weekly carfilzomib dosing in relapsed/refractory myeloma
PMID 29989857 a_Summary_SoE.pdf,29989857,Arm 2 (4-field pelvic radiation treatment),control,compare patient-reported acute toxicity ... during treatment with standard pelvic radiation or intensity-modulated radiation therapy (IMRT),True,IMRT vs standard four-field pelvic radiation in cervical/endometrial cancer
PMID 29989857 a_Summary_SoE.pdf,29989857,Arm 1 (IMRT pelvic radiation treatment),intervention,Pelvic IMRT was associated with significantly less GI and urinary toxicity than standard RT,True,IMRT vs standard four-field pelvic radiation in cervical/endometrial cancer
PMID 30040523 a_Summary_SoE.pdf,30040523,Arm A (Placebo + AC -> Placebo + Paclitaxel),control,receive placebo with doxorubicin and cyclophosphamide (AC) followed by weekly paclitaxel (arm A),True,Adjuvant chemotherapy with or without bevacizumab in breast cancer
PMID 30040523 a_Summary_SoE.pdf,30040523,Arm B (Bevacizumab + AC -> Bevacizumab + Paclitaxel),intervention,E5103 tested the effect of bevacizumab in the adjuvant setting ... bevacizumab only during AC and paclitaxel (arm B),True,Adjuvant chemotherapy with or without bevacizumab in breast cancer
PMID 30040523 a_Summary_SoE.pdf,30040523,Arm C/D (Bevacizumab + AC -> Bevacizumab + Paclitaxel -> Bevacizumab Monotherapy),intervention,bevacizumab during AC and paclitaxel followed by bevacizumab monotherapy for 10 cycles (arm C),True,Adjuvant chemotherapy with or without bevacizumab in breast cancer
PMID 30052729 CT_Summary_SoE.pdf,30052729,Arm D (Physician's Choice - BSC Only),control,physician's choice of chemotherapy ... patients ineligible for chemotherapy received best supportive care,True,Avelumab vs physician's choice of chemotherapy in third-line gastric cancer
PMID 30052729 CT_Summary_SoE.pdf,30052729,Arm C (Physician's Choice - Irinotecan + BSC),control,physician's choice of chemotherapy (paclitaxel ... or irinotecan 150 mg/m2 on days 1 and 15,True,Avelumab vs physician's choice of chemotherapy in third-line gastric cancer
PMID 30052729 CT_Summary_SoE.pdf,30052729,Arm B (Physician's Choice - Paclitaxel + BSC),control,"physician's choice of chemotherapy (paclitaxel 80 mg/m2 on days 1, 8, and 15",True,Avelumab vs physician's choice of chemotherapy in third-line gastric cancer
PMID 30052729 CT_Summary_SoE.pdf,30052729,Arm A (Avelumab + Best Supportive Care),intervention,"The randomised, phase III JAVELIN Gastric 300 trial compared avelumab versus physician's choice of chemotherapy as third-line therapy",True,Avelumab vs physician's choice of chemotherapy in third-line gastric cancer
PMID 30072745 a_Summary_SoE.pdf,30072745,Arm B (single-agent Cisplatin),control,randomised (1:1) to S-1 plus cisplatin (study group) or cisplatin alone (control group),True,S-1 plus cisplatin vs cisplatin alone in cervical cancer
PMID 30072745 a_Summary_SoE.pdf,30072745,Arm A (S-1 + Cisplatin),intervention,evaluated efficacy and safety of S-1 plus cisplatin vs. cisplatin alone as first-line chemotherapy,True,S-1 plus cisplatin vs cisplatin alone in cervical cancer
PMID 30105668 a_Summary_SoE.pdf,30105668,Arm A (VMP),unresolved,,False,Abstract describes momelotinib + nab-paclitaxel/gemcitabine dose-escalation; arm labels (VMP/D-VMP) absent from abstract
PMID 30105668 a_Summary_SoE.pdf,30105668,Arm B (D-VMP),unresolved,,False,Abstract describes momelotinib + nab-paclitaxel/gemcitabine dose-escalation; arm labels (VMP/D-VMP) absent from abstract
PMID 30280657 a_Summary_SoE.pdf,30280657,Arm B (Crizotinib),control,"The efficacy of brigatinib, as compared with crizotinib, in patients with advanced ALK-positive NSCLC who have not previously received an ALK inhibitor",True,Brigatinib vs crizotinib in ALK-positive NSCLC (no prior ALK inhibitor)
PMID 30280657 a_Summary_SoE.pdf,30280657,Arm A (Brigatinib),intervention,"Brigatinib, a next-generation anaplastic lymphoma kinase (ALK) inhibitor, has robust efficacy in patients ... refractory to crizotinib",True,Brigatinib vs crizotinib in ALK-positive NSCLC (no prior ALK inhibitor)
PMID 30355453 CT_Summary_SoE.pdf,30355453,Placebo + Best Supportive Care (BSC),control,receive either oral trifluridine/tipiracil ... plus best supportive care or placebo plus best supportive care,True,Trifluridine/tipiracil vs placebo in heavily pretreated metastatic gastric cancer
PMID 30355453 CT_Summary_SoE.pdf,30355453,TAS-102 + Best Supportive Care (BSC),intervention,Trifluridine/tipiracil significantly improved overall survival compared with placebo,True,Trifluridine/tipiracil vs placebo in heavily pretreated metastatic gastric cancer
PMID 30415629 a_Summary_SoE.pdf,30415629,Arm 4: Placebo Vitamin D3 + Placebo Fish Oil,control,"randomized, placebo-controlled trial, with a two-by-two factorial design, of vitamin D3 ... and marine n-3 ... fatty acids ... for the prevention of cancer",True,2x2 factorial vitamin D and n-3 fatty acids vs placebos for cancer/CVD prevention
PMID 30415629 a_Summary_SoE.pdf,30415629,Arm 1: Vitamin D3 (2000 IU/d) + Omacor® Fish Oil (840 mg EPA+DHA),intervention,vitamin D3 (cholecalciferol) at a dose of 2000 IU per day and marine n-3 ... fatty acids at a dose of 1 g per day for the prevention of cancer,True,2x2 factorial vitamin D and n-3 fatty acids vs placebos for cancer/CVD prevention
PMID 30415629 a_Summary_SoE.pdf,30415629,Arm 2: Vitamin D3 (2000 IU/d) + Fish Oil Placebo,intervention,vitamin D3 (cholecalciferol) at a dose of 2000 IU per day ... for the prevention of cancer and cardiovascular disease,True,2x2 factorial vitamin D and n-3 fatty acids vs placebos for cancer/CVD prevention
PMID 30415629 a_Summary_SoE.pdf,30415629,Arm 3: Placebo Vitamin D3 + Omacor® Fish Oil (840 mg EPA+DHA),intervention,marine n-3 (also called omega-3) fatty acids at a dose of 1 g per day for the prevention of cancer and cardiovascular disease,True,2x2 factorial vitamin D and n-3 fatty acids vs placebos for cancer/CVD prevention
PMID 30449625 CT_Summary_SoE.pdf,30449625,Arm 1 (Accelerated IMRT + Cisplatin),control,Patients ... have high survival when treated with radiotherapy plus cisplatin. Whether replacement of cisplatin with cetuximab ... can preserve high survival,True,Radiotherapy plus cetuximab vs radiotherapy plus cisplatin in HPV+ oropharyngeal cancer
PMID 30449625 CT_Summary_SoE.pdf,30449625,Arm 2 (Accelerated IMRT + Cetuximab),intervention,Whether replacement of cisplatin with cetuximab ... can preserve high survival and reduce treatment toxicity is unknown,True,Radiotherapy plus cetuximab vs radiotherapy plus cisplatin in HPV+ oropharyngeal cancer
PMID 30501481 a_Summary_SoE.pdf,30501481,Arm 1 (Bendamustine plus Rituximab),control,Ibrutinib ... has not been compared with chemoimmunotherapy ... treatment with ibrutinib was superior to treatment with bendamustine plus rituximab,True,Ibrutinib regimens vs bendamustine+rituximab chemoimmunotherapy in older untreated CLL
PMID 30501481 a_Summary_SoE.pdf,30501481,Arm 2 (Ibrutinib Alone),intervention,"evaluate the efficacy of ibrutinib, either alone or in combination with rituximab, relative to chemoimmunotherapy",True,Ibrutinib regimens vs bendamustine+rituximab chemoimmunotherapy in older untreated CLL
PMID 30501481 a_Summary_SoE.pdf,30501481,Arm 3 (Ibrutinib plus Rituximab),intervention,"evaluate the efficacy of ibrutinib, either alone or in combination with rituximab, relative to chemoimmunotherapy",True,Ibrutinib regimens vs bendamustine+rituximab chemoimmunotherapy in older untreated CLL
PMID 30522969 CT_Summary_SoE.pdf,30522969,Arm B (Chlorambucil + Obinutuzumab),control,We compared the efficacy of the combination of ibrutinib plus obinutuzumab with chlorambucil plus obinutuzumab in first-line,True,Ibrutinib+obinutuzumab vs chlorambucil+obinutuzumab in first-line CLL
PMID 30522969 CT_Summary_SoE.pdf,30522969,Arm A (Ibrutinib + Obinutuzumab),intervention,median progression-free survival was significantly longer in the ibrutinib plus obinutuzumab group ... than in the chlorambucil plus obinutuzumab group,True,Ibrutinib+obinutuzumab vs chlorambucil+obinutuzumab in first-line CLL
PMID 30653422 a_Summary_SoE.pdf,30653422,Arm B (Single Autologous Transplant followed by Lenalidomide Maintenance),control,Single AHCT and len should remain as the standard approach for this population,True,"Tandem transplant or AHCT+RVD vs single autologous transplant, all with lenalidomide, in myeloma"
PMID 30653422 a_Summary_SoE.pdf,30653422,Arm A (Tandem Autologous Transplants followed by Lenalidomide Maintenance),intervention,"test additional interventions to improve PFS by comparing AHCT, tandem AHCT (AHCT/AHCT), and AHCT and four subsequent cycles of ... RVD",True,"Tandem transplant or AHCT+RVD vs single autologous transplant, all with lenalidomide, in myeloma"
PMID 30653422 a_Summary_SoE.pdf,30653422,Arm C (Single Autologous Transplant plus RVD Consolidation followed by Lenalidomide Maintenance),intervention,Second AHCT or RVD consolidation as post-AHCT interventions ... did not improve PFS or OS,True,"Tandem transplant or AHCT+RVD vs single autologous transplant, all with lenalidomide, in myeloma"
PMID 30665869 CT_Summary_SoE.pdf,30665869,Arm B (Placebo + Best Supportive Care),control,randomly assigned (2:1) ... to 8 mg/kg intravenous ramucirumab every 2 weeks or placebo. All patients received best supportive care,True,Ramucirumab vs placebo (both with BSC) in hepatocellular carcinoma with high AFP
PMID 30665869 CT_Summary_SoE.pdf,30665869,Arm A (Ramucirumab + Best Supportive Care),intervention,We aimed to establish the efficacy of ramucirumab in patients with advanced hepatocellular carcinoma,True,Ramucirumab vs placebo (both with BSC) in hepatocellular carcinoma with high AFP
PMID 30763730 CT_Summary_SoE.pdf,30763730,Arm A (AZD9291 Monotherapy),control,investigated osimertinib plus durvalumab versus osimertinib monotherapy in patients with EGFR-TKI sensitizing and EGFR T790M mutation-positive advanced NSCLC,True,Osimertinib plus durvalumab vs osimertinib monotherapy in EGFR T790M+ NSCLC
PMID 30763730 CT_Summary_SoE.pdf,30763730,Arm B (AZD9291 + MEDI4736 Combination),intervention,investigated osimertinib plus durvalumab versus osimertinib monotherapy,True,Osimertinib plus durvalumab vs osimertinib monotherapy in EGFR T790M+ NSCLC
PMID 30777794 a_Summary_SoE.pdf,30777794,Arm A (Thalidomide-Prednisolone),control,randomized (1:1) to consolidation with TP (thalidomide ...; prednisolone ...) or VTP (subcutaneous bortezomib ... plus TP),True,Bortezomib-thalidomide-prednisolone vs thalidomide-prednisolone consolidation after ASCT in myeloma
PMID 30777794 a_Summary_SoE.pdf,30777794,Arm B (Bortezomib-Thalidomide-Prednisolone),intervention,Addition of bortezomib to TP consolidation was associated with limited additional toxicity but did not significantly improve efficacy versus TP,True,Bortezomib-thalidomide-prednisolone vs thalidomide-prednisolone consolidation after ASCT in myeloma
PMID 30786186 a_Summary_SoE.pdf,30786186,Arm B (Placebo),control,"double-blind, randomized trial ... we randomly assigned patients ... to receive rivaroxaban (at a dose of 10 mg) or placebo daily",True,Rivaroxaban vs placebo for thromboprophylaxis in high-risk ambulatory cancer patients
PMID 30786186 a_Summary_SoE.pdf,30786186,Arm A (Rivaroxaban),intervention,the benefit of thromboprophylaxis in these patients is uncertain ... assigned patients ... to receive rivaroxaban (at a dose of 10 mg),True,Rivaroxaban vs placebo for thromboprophylaxis in high-risk ambulatory cancer patients
PMID 30811280 a_Summary_SoE.pdf,30811280,Arm B (N1I3: Nivolumab 1 mg/kg + Ipilimumab 3 mg/kg),control,Nivolumab 1 mg/kg plus ipilimumab 3 mg/kg (NIVO1+IPI3) is approved for first-line treatment of patients with advanced melanoma,True,Nivolumab3+ipilimumab1 vs approved nivolumab1+ipilimumab3 in advanced melanoma
PMID 30811280 a_Summary_SoE.pdf,30811280,Arm A (N3I1: Nivolumab 3 mg/kg + Ipilimumab 1 mg/kg),intervention,to determine if nivolumab 3 mg/kg plus ipilimumab 1 mg/kg (NIVO3+IPI1) improves the safety profile of the combination,True,Nivolumab3+ipilimumab1 vs approved nivolumab1+ipilimumab3 in advanced melanoma
PMID 30817251 CT_Summary_SoE.pdf,30817251,Arm P (Double placebo),control,study design was a superiority trial of PROSTVAC (Arm V or Arm VG) versus Arm P,True,PROSTVAC alone or with GM-CSF vs placebo in metastatic castration-resistant prostate cancer
PMID 30817251 CT_Summary_SoE.pdf,30817251,Arm V+G (PROSTVAC-V/F plus GM-CSF),intervention,PROSTVAC plus granulocyte-macrophage colony-stimulating factor (Arm VG ... superiority trial of PROSTVAC (Arm V or Arm VG) versus Arm P,True,PROSTVAC alone or with GM-CSF vs placebo in metastatic castration-resistant prostate cancer
PMID 30817251 CT_Summary_SoE.pdf,30817251,Arm V (PROSTVAC-V/F plus GM-CSF placebo),intervention,"PROSTVAC, a viral vector-based immunotherapy ... superiority trial of PROSTVAC (Arm V or Arm VG) versus Arm P",True,PROSTVAC alone or with GM-CSF vs placebo in metastatic castration-resistant prostate cancer
PMID 30939090 a_Summary_SoE.pdf,30939090,Arm A (R-CHOP),control,"compared dose-adjusted etoposide, prednisone, vincristine, cyclophosphamide, doxorubicin, and rituximab (DA-EPOCH-R) with standard ... R-CHOP",True,Dose-adjusted EPOCH-R vs standard R-CHOP frontline for diffuse large B-cell lymphoma
PMID 30939090 a_Summary_SoE.pdf,30939090,Arm A (R-CHOP),control,"compared dose-adjusted ... (DA-EPOCH-R) with standard rituximab, cyclophosphamide, doxorubicin, vincristine, and prednisone (R-CHOP)",True,Dose-adjusted EPOCH-R vs standard R-CHOP frontline for diffuse large B-cell lymphoma
PMID 30939090 a_Summary_SoE.pdf,30939090,Arm B (DA-EPOCH-R),intervention,"the more intensive, infusional DA-EPOCH-R was more toxic and did not improve PFS or OS compared with R-CHOP",True,Dose-adjusted EPOCH-R vs standard R-CHOP frontline for diffuse large B-cell lymphoma
PMID 30990550 a_Summary_SoE.pdf,30990550,Arm C (Placebo mouthwash),control,92 patients to placebo,True,Two active mouthwashes vs placebo for radiotherapy oral mucositis pain
PMID 30990550 a_Summary_SoE.pdf,30990550,Arm A (Doxepin mouthwash),intervention,To evaluate the effect of doxepin mouthwash or diphenhydramine-lidocaine-antacid mouthwash for the treatment of oral mucositis-related pain,True,Two active mouthwashes vs placebo for radiotherapy oral mucositis pain
PMID 30990550 a_Summary_SoE.pdf,30990550,Arm B (DLA mouthwash),intervention,diphenhydramine-lidocaine-antacid mouthwash compared with a single dose of placebo,True,Two active mouthwashes vs placebo for radiotherapy oral mucositis pain
PMID 30995176 CT a_Summary_SoE.pdf,30995176,Arm B (Standard-dose GS-1101),unresolved,,False,Idelalisib plus rituximab vs placebo plus rituximab in relapsed CLL (arm labels do not match abstract)
PMID 30995176 CT a_Summary_SoE.pdf,30995176,Arm A (High-dose GS-1101),unresolved,,False,Idelalisib plus rituximab vs placebo plus rituximab in relapsed CLL (arm labels do not match abstract)
PMID 31002578 a_Summary_SoE.pdf,31002578,"Arm I (TJIV: IV paclitaxel, IV carboplatin, IV bevacizumab)",control,"Compared with the IV carboplatin reference arm, the duration of PFS was not significantly increased with either IP regimen",True,"IV reference chemo vs two intraperitoneal regimens, all plus bevacizumab, in ovarian cancer"
PMID 31002578 a_Summary_SoE.pdf,31002578,"Arm II (TJIP: IV paclitaxel, IP carboplatin, IV bevacizumab)",intervention,"Compared with the IV carboplatin reference arm, the duration of PFS was not significantly increased with either IP regimen",True,"IV reference chemo vs two intraperitoneal regimens, all plus bevacizumab, in ovarian cancer"
PMID 31002578 a_Summary_SoE.pdf,31002578,"Arm III (TCTIP: IV paclitaxel, IP cisplatin, IP paclitaxel, IV bevacizumab)",intervention,"Compared with the IV carboplatin reference arm, the duration of PFS was not significantly increased with either IP regimen",True,"IV reference chemo vs two intraperitoneal regimens, all plus bevacizumab, in ovarian cancer"
PMID 31003911 CT_Summary_SoE.pdf,31003911,Arm C (Regorafenib),control,comparison of atezolizumab plus cobimetinib or atezolizumab monotherapy versus regorafenib in the third-line setting,True,Atezolizumab +/- cobimetinib vs regorafenib comparator in metastatic colorectal cancer
PMID 31003911 CT_Summary_SoE.pdf,31003911,Arm B (Atezolizumab Monotherapy),intervention,atezolizumab plus cobimetinib or atezolizumab monotherapy versus regorafenib,True,Atezolizumab +/- cobimetinib vs regorafenib comparator in metastatic colorectal cancer
PMID 31003911 CT_Summary_SoE.pdf,31003911,Arm A (Cobimetinib + Atezolizumab),intervention,This phase 3 study was designed to assess atezolizumab plus cobimetinib in metastatic colorectal cancer,True,Atezolizumab +/- cobimetinib vs regorafenib comparator in metastatic colorectal cancer
PMID 31141632 a_Summary_SoE.pdf,31141632,Arm A (Rd: Lenalidomide and Dexamethasone),control,lenalidomide and dexamethasone alone (control group),True,Daratumumab added to lenalidomide-dexamethasone vs lenalidomide-dexamethasone control in untreated myeloma
PMID 31141632 a_Summary_SoE.pdf,31141632,"Arm B (DRd: Daratumumab, Lenalidomide, and Dexamethasone)",intervention,whether the addition of daratumumab would significantly reduce the risk of disease progression or death,True,Daratumumab added to lenalidomide-dexamethasone vs lenalidomide-dexamethasone control in untreated myeloma
PMID 31150574 a_Summary_SoE.pdf,31150574,Arm B (Placebo + ADT),control,as compared with placebo plus ADT,True,Apalutamide plus ADT vs placebo plus ADT in metastatic castration-sensitive prostate cancer
PMID 31150574 a_Summary_SoE.pdf,31150574,Arm A (Apalutamide + ADT),intervention,Whether the addition of apalutamide to androgen-deprivation therapy (ADT) would prolong radiographic progression-free survival,True,Apalutamide plus ADT vs placebo plus ADT in metastatic castration-sensitive prostate cancer
PMID 31166681 a_Summary_SoE.pdf,31166681,Arm B (Obinutuzumab + Chlorambucil),control,venetoclax-obinutuzumab was associated with longer progression-free survival than chlorambucil-obinutuzumab,True,Venetoclax-obinutuzumab vs chlorambucil-obinutuzumab in untreated CLL with comorbidities
PMID 31166681 a_Summary_SoE.pdf,31166681,Arm A (Obinutuzumab + Venetoclax),intervention,we investigated fixed-duration treatment with venetoclax and obinutuzumab,True,Venetoclax-obinutuzumab vs chlorambucil-obinutuzumab in untreated CLL with comorbidities
PMID 31246522 CT_Summary_SoE.pdf,31246522,Arm A: Conventional Induction (HD-ADE),control,we introduced clofarabine into the first course of remission induction to reduce exposure to daunorubicin and etoposide,True,Clofarabine-cytarabine experimental induction vs conventional HD-ADE induction in pediatric AML
PMID 31246522 CT_Summary_SoE.pdf,31246522,Arm B: Experimental Induction (Clo/AraC),intervention,we introduced clofarabine into the first course of remission induction to reduce exposure to daunorubicin and etoposide,True,Clofarabine-cytarabine experimental induction vs conventional HD-ADE induction in pediatric AML
PMID 31248843 CT_Summary_SoE.pdf,31248843,Arm 1 (Cyclosporine + Mycophenolate Mofetil),control,the standard GVHD prophylaxis regimen (cyclosporine and mycophenolate mofetil),True,Addition of sirolimus to standard cyclosporine plus mycophenolate mofetil GVHD prophylaxis
PMID 31248843 CT_Summary_SoE.pdf,31248843,Arm 2 (Cyclosporine + Mycophenolate Mofetil + Sirolimus),intervention,evaluate the efficacy of adding sirolimus to the standard cyclosporine and mycophenolate mofetil prophylaxis therapy,True,Addition of sirolimus to standard cyclosporine plus mycophenolate mofetil GVHD prophylaxis
PMID 31329516 a_Summary_SoE.pdf,31329516,Arm B (Placebo + ADT),control,"randomly assigned 1:1 to enzalutamide (160 mg/day) or placebo, plus androgen deprivation therapy (ADT)",True,Enzalutamide plus ADT vs placebo plus ADT in metastatic hormone-sensitive prostate cancer
PMID 31329516 a_Summary_SoE.pdf,31329516,Arm A (Enzalutamide + ADT),intervention,the risk of radiographic progression or death was significantly reduced with enzalutamide plus ADT versus placebo plus ADT,True,Enzalutamide plus ADT vs placebo plus ADT in metastatic hormone-sensitive prostate cancer
PMID 31345387 CT_Summary_SoE.pdf,31345387,Arm B (Standard Dose Radiation + Carboplatin),control,Clinical responders ... were randomized 1:2 to sdCRT (7000 cGy) or rdCRT (5600 cGy),True,Reduced-dose vs standard-of-care chemoradiation after induction in HPV+ oropharyngeal cancer
PMID 31345387 CT_Summary_SoE.pdf,31345387,Arm C (Non-responders: Standard CRT + Carboplatin + Erbitux + Paclitaxel),unresolved,,True,Reduced-dose vs standard-of-care chemoradiation after induction in HPV+ oropharyngeal cancer
PMID 31345387 CT_Summary_SoE.pdf,31345387,Arm A (Reduced Dose Radiation + Carboplatin),intervention,"after induction chemotherapy (IC), reduced dose chemoradiation (rdCRT) would result in equivalent PFS and OS ... and would reduce toxicity",True,Reduced-dose vs standard-of-care chemoradiation after induction in HPV+ oropharyngeal cancer
PMID 31361535 a_Summary_SoE.pdf,31361535,Arm A (Bevacizumab Maintenance),control,"The primary end point was overall survival, with bevacizumab serving as the control group",True,"Pemetrexed, bevacizumab, or combination maintenance in nonsquamous NSCLC (bevacizumab control)"
PMID 31361535 a_Summary_SoE.pdf,31361535,Arm B (Pemetrexed Maintenance),intervention,"randomly assigned to maintenance therapy with bevacizumab, pemetrexed, or a combination of the two agents",True,"Pemetrexed, bevacizumab, or combination maintenance in nonsquamous NSCLC (bevacizumab control)"
PMID 31361535 a_Summary_SoE.pdf,31361535,Arm C (Bevacizumab + Pemetrexed Maintenance),intervention,"randomly assigned to maintenance therapy with bevacizumab, pemetrexed, or a combination of the two agents",True,"Pemetrexed, bevacizumab, or combination maintenance in nonsquamous NSCLC (bevacizumab control)"
PMID 31399378 CT_Summary_SoE.pdf,31399378,Placebo,control,"a two-arm, randomised, double-blind, phase 3 trial",True,Inactivated varicella-zoster virus vaccine vs placebo in immunocompromised cancer patients
PMID 31399378 CT_Summary_SoE.pdf,31399378,V212 (Inactivated Varicella-Zoster Virus Vaccine),intervention,investigate the efficacy and safety of an inactivated varicella zoster virus (VZV) vaccine for herpes zoster prevention,True,Inactivated varicella-zoster virus vaccine vs placebo in immunocompromised cancer patients
PMID 31454045 a_Summary_SoE.pdf,31454045,Regimen A (Single Myeloablative Consolidation),control,To determine if tandem autologous transplant improves event-free survival (EFS) compared with single transplant,True,Tandem vs single autologous stem cell transplant in high-risk neuroblastoma
PMID 31454045 a_Summary_SoE.pdf,31454045,Regimen B (Tandem Myeloablative Consolidation),intervention,To determine if tandem autologous transplant improves event-free survival (EFS) compared with single transplant,True,Tandem vs single autologous stem cell transplant in high-risk neuroblastoma
PMID 31486832 a_Summary_SoE.pdf,31486832,Arm B (Sorafenib alone),control,9.4 months ... in the sorafenib alone arm,True,Doxorubicin added to sorafenib vs sorafenib alone in advanced hepatocellular carcinoma
PMID 31486832 a_Summary_SoE.pdf,31486832,Arm A (Sorafenib plus Doxorubicin),intervention,To determine if doxorubicin added to sorafenib therapy improves OS,True,Doxorubicin added to sorafenib vs sorafenib alone in advanced hepatocellular carcinoma
PMID 31582355 a_Summary_SoE.pdf,31582355,Arm B (Control - Paclitaxel),control,or investigator's choice of chemotherapy (paclitaxel 100 mg/m2 ... or docetaxel 75 mg/m2),True,Nivolumab vs investigator's-choice chemotherapy in advanced oesophageal squamous cell carcinoma
PMID 31582355 a_Summary_SoE.pdf,31582355,Paclitaxel,control,or investigator's choice of chemotherapy (paclitaxel 100 mg/m2 ... or docetaxel 75 mg/m2),True,Nivolumab vs investigator's-choice chemotherapy in advanced oesophageal squamous cell carcinoma
PMID 31582355 a_Summary_SoE.pdf,31582355,Arm A (ONO-4538 / Nivolumab),intervention,overall survival was significantly improved in the nivolumab group compared with the chemotherapy group,True,Nivolumab vs investigator's-choice chemotherapy in advanced oesophageal squamous cell carcinoma
PMID 31590988 a_Summary_SoE.pdf,31590988,EP alone,control,durvalumab plus tremelimumab plus platinum-etoposide; or platinum-etoposide alone,True,Durvalumab +/- tremelimumab plus platinum-etoposide vs platinum-etoposide in ES-SCLC
PMID 31590988 a_Summary_SoE.pdf,31590988,Durvalumab + platinum-etoposide (EP),intervention,"The CASPIAN trial assessed durvalumab, with or without tremelimumab, in combination with etoposide plus either cisplatin or carboplatin",True,Durvalumab +/- tremelimumab plus platinum-etoposide vs platinum-etoposide in ES-SCLC
PMID 31590988 a_Summary_SoE.pdf,31590988,Durvalumab + tremelimumab + EP,intervention,"The CASPIAN trial assessed durvalumab, with or without tremelimumab, in combination with etoposide plus either cisplatin or carboplatin",True,Durvalumab +/- tremelimumab plus platinum-etoposide vs platinum-etoposide in ES-SCLC
PMID 31591063 CT a_Summary_SoE.pdf,31591063,Arm B (Erlotinib + Placebo),control,oral erlotinib (150 mg/day) plus either intravenous ramucirumab (10 mg/kg) or matching placebo,True,Ramucirumab plus erlotinib vs placebo plus erlotinib in EGFR-mutated NSCLC
PMID 31591063 CT a_Summary_SoE.pdf,31591063,Arm A (Erlotinib + Ramucirumab),intervention,progression-free survival was significantly longer in the ramucirumab plus erlotinib group ... than in the placebo plus erlotinib group,True,Ramucirumab plus erlotinib vs placebo plus erlotinib in EGFR-mutated NSCLC
PMID 31618129 a_Summary_SoE.pdf,31618129,Arm A (Platinum-doublet chemotherapy alone),control,a platinum-based chemotherapy doublet with or without bevacizumab,True,Platinum chemotherapy with or without bevacizumab in recurrent/metastatic head and neck cancer
PMID 31618129 a_Summary_SoE.pdf,31618129,Arm B (Platinum-doublet chemotherapy plus Bevacizumab),intervention,We evaluated the addition of bevacizumab ... to platinum-based chemotherapy,True,Platinum chemotherapy with or without bevacizumab in recurrent/metastatic head and neck cancer
PMID 31645288 CT_Summary_SoE.pdf,31645288,General Anesthesia and Opioid Analgesia,control,lower with regional anaesthesia-analgesia ... than with general anaesthesia with the volatile anaesthetic sevoflurane and opioid analgesia,True,Regional anaesthesia-analgesia vs general anaesthesia with opioids for breast cancer recurrence
PMID 31645288 CT_Summary_SoE.pdf,31645288,Regional Anesthesia and Analgesia,intervention,breast cancer recurrence after potentially curative surgery is lower with regional anaesthesia-analgesia using paravertebral blocks and the anaesthetic propofol,True,Regional anaesthesia-analgesia vs general anaesthesia with opioids for breast cancer recurrence
PMID 31647503 a_Summary_SoE.pdf,31647503,Arm B (Placebo + Trastuzumab + Docetaxel),control,"vs placebo, trastuzumab, and docetaxel in Asian patients",True,Pertuzumab added to trastuzumab-docetaxel vs placebo-trastuzumab-docetaxel in ERBB2+ breast cancer
PMID 31647503 a_Summary_SoE.pdf,31647503,Arm A (Pertuzumab + Trastuzumab + Docetaxel),intervention,"To compare the efficacy ... of adding pertuzumab to trastuzumab and docetaxel vs placebo, trastuzumab, and docetaxel",True,Pertuzumab added to trastuzumab-docetaxel vs placebo-trastuzumab-docetaxel in ERBB2+ breast cancer
PMID 31679945 a_Summary_SoE.pdf,31679945,Cetuximab + Platinum + 5-FU (Standard Treatment),control,or cetuximab plus a platinum and 5-fluorouracil (cetuximab with chemotherapy),True,Pembrolizumab alone or with chemo vs cetuximab-chemo standard in recurrent/metastatic HNSCC
PMID 31679945 a_Summary_SoE.pdf,31679945,Pembrolizumab Monotherapy,intervention,"randomly allocated (1:1:1) to pembrolizumab alone, pembrolizumab plus a platinum and 5-fluorouracil ... or cetuximab",True,Pembrolizumab alone or with chemo vs cetuximab-chemo standard in recurrent/metastatic HNSCC
PMID 31679945 a_Summary_SoE.pdf,31679945,Pembrolizumab + Platinum + 5-FU,intervention,Pembrolizumab alone or with chemotherapy versus cetuximab with chemotherapy,True,Pembrolizumab alone or with chemo vs cetuximab-chemo standard in recurrent/metastatic HNSCC
PMID 31693129 CT_Summary_SoE.pdf,31693129,Arm 2 (Clodronate),unresolved,,False,Head-to-head comparison of three adjuvant bisphosphonates in breast cancer (no designated control)
PMID 31693129 CT_Summary_SoE.pdf,31693129,Arm 1 (Zoledronic Acid),unresolved,,False,Head-to-head comparison of three adjuvant bisphosphonates in breast cancer (no designated control)
PMID 31693129 CT_Summary_SoE.pdf,31693129,Arm 3 (Ibandronate),unresolved,,False,Head-to-head comparison of three adjuvant bisphosphonates in breast cancer (no designated control)
PMID 31693129 CT_Summary_SoE.pdf,31693129,Arm 3 (Ibandronate),unresolved,,False,Head-to-head comparison of three adjuvant bisphosphonates in breast cancer (no designated control)
PMID 31820339 CT_Summary_SoE.pdf,31820339,Arm B (rituximab-EU / MabThera),control,versus rituximab reference product sourced from the EU (MabThera; rituximab-EU),True,Rituximab biosimilar PF-05280586 vs rituximab reference product (MabThera) in follicular lymphoma
PMID 31820339 CT_Summary_SoE.pdf,31820339,Arm A (PF-05280586 / rituximab-Pfizer),intervention,"evaluated the efficacy, safety, immunogenicity ... of PF-05280586 (Ruxience [a rituximab biosimilar]) versus rituximab reference product",True,Rituximab biosimilar PF-05280586 vs rituximab reference product (MabThera) in follicular lymphoma
PMID 31935026 a_Summary_SoE.pdf,31935026,Arm B (Control Group),control,"a control group, which received written information about diet and prostate cancer",True,Behavioral vegetable-intake intervention vs control in early-stage prostate cancer
PMID 31935026 a_Summary_SoE.pdf,31935026,Arm A (MEAL Program Intervention),intervention,a counseling behavioral intervention by telephone promoting consumption of 7 or more daily vegetable servings (MEAL intervention),True,Behavioral vegetable-intake intervention vs control in early-stage prostate cancer
PMID 32010577 a_Summary_SoE.pdf,32010577,Bevacizumab + Paclitaxel/Carboplatin,control,randomized (1:1) into IBI305 or bevacizumab groups,True,Bevacizumab biosimilar IBI305 vs bevacizumab plus paclitaxel/carboplatin in nonsquamous NSCLC
PMID 32010577 a_Summary_SoE.pdf,32010577,IBI305 + Paclitaxel/Carboplatin,intervention,Biosimilar candidate IBI305 plus paclitaxel/carboplatin for the treatment of non-squamous non-small cell lung cancer,True,Bevacizumab biosimilar IBI305 vs bevacizumab plus paclitaxel/carboplatin in nonsquamous NSCLC
PMID 32031887 CT_Summary_SoE.pdf,32031887,Arm 2 (Standard Oncology Care),control,or usual oncology care (n = 196) at sites through the Alliance for Clinical Trials in Oncology,True,Early integrated palliative and oncology care vs usual oncology care in advanced cancer
PMID 32031887 CT_Summary_SoE.pdf,32031887,Arm 1 (Early Palliative Care),intervention,We randomly assigned patients ... to early integrated palliative and oncology care (n = 195) or usual oncology care,True,Early integrated palliative and oncology care vs usual oncology care in advanced cancer
PMID 32058845 a_Summary_SoE.pdf,32058845,Arm 1 (WBRT + Memantine),control,Risk of cognitive failure was significantly lower after HA-WBRT plus memantine versus WBRT plus memantine,True,Hippocampal-avoidance WBRT plus memantine vs WBRT plus memantine for brain metastases
PMID 32058845 a_Summary_SoE.pdf,32058845,Arm 2 (HA-WBRT + Memantine),intervention,Hippocampal avoidance (HA) using intensity-modulated radiotherapy during whole-brain radiotherapy (WBRT) is hypothesized to preserve cognition,True,Hippocampal-avoidance WBRT plus memantine vs WBRT plus memantine for brain metastases
PMID 32145827 a_Summary_SoE.pdf,32145827,Arm 1C (Paclitaxel plus ART),control,"or intravenous paclitaxel (the control arm), together with antiretroviral therapy (ART)",True,Oral etoposide or bleomycin-vincristine (investigational) vs paclitaxel control for AIDS-associated Kaposi sarcoma
PMID 32145827 a_Summary_SoE.pdf,32145827,Etoposide plus ART (ET+ART),intervention,either intravenous bleomycin and vincristine or oral etoposide (the investigational arms),True,Oral etoposide or bleomycin-vincristine (investigational) vs paclitaxel control for AIDS-associated Kaposi sarcoma
PMID 32145827 a_Summary_SoE.pdf,32145827,Arm 1A (Etoposide plus ART),intervention,either intravenous bleomycin and vincristine or oral etoposide (the investigational arms),True,Oral etoposide or bleomycin-vincristine (investigational) vs paclitaxel control for AIDS-associated Kaposi sarcoma
PMID 32145827 a_Summary_SoE.pdf,32145827,Arm 1B (Bleomycin and vincristine plus ART),intervention,either intravenous bleomycin and vincristine or oral etoposide (the investigational arms),True,Oral etoposide or bleomycin-vincristine (investigational) vs paclitaxel control for AIDS-associated Kaposi sarcoma
PMID 32201234 a_Summary_SoE.pdf,32201234,Arm 4: Standard of Care (SoC),control,assessed durvalumab ± tremelimumab versus standard of care (SoC) as ≥ third-line treatment of mNSCLC,True,Durvalumab +/- tremelimumab vs standard of care in metastatic NSCLC
PMID 32201234 a_Summary_SoE.pdf,32201234,Arm 3: Tremelimumab Monotherapy,intervention,assessed durvalumab ± tremelimumab versus standard of care (SoC),True,Durvalumab +/- tremelimumab vs standard of care in metastatic NSCLC
PMID 32201234 a_Summary_SoE.pdf,32201234,Arm 2: Durvalumab + Tremelimumab,intervention,durvalumab + tremelimumab versus SoC (study B),True,Durvalumab +/- tremelimumab vs standard of care in metastatic NSCLC
PMID 32201234 a_Summary_SoE.pdf,32201234,Arm 1: Durvalumab Monotherapy,intervention,durvalumab demonstrated clinically meaningful improvements in OS and PFS versus SoC,True,Durvalumab +/- tremelimumab vs standard of care in metastatic NSCLC
PMID 32213342 a_Summary_SoE.pdf,32213342,Arm B (Dara-IV),control,we tested the non-inferiority of subcutaneous daratumumab to intravenous daratumumab,True,Subcutaneous vs intravenous daratumumab non-inferiority in relapsed/refractory myeloma
PMID 32213342 a_Summary_SoE.pdf,32213342,Arm A (Dara-SC),intervention,Subcutaneous daratumumab is thought to be easier to administer ... we tested the non-inferiority of subcutaneous daratumumab,True,Subcutaneous vs intravenous daratumumab non-inferiority in relapsed/refractory myeloma
PMID 32271377 a_Summary_SoE.pdf,32271377,Standard of Care (SoC) Platinum-Based Chemotherapy,control,"To compare durvalumab, with or without tremelimumab, with chemotherapy as a first-line treatment",True,Durvalumab +/- tremelimumab vs chemotherapy first-line metastatic NSCLC
PMID 32271377 a_Summary_SoE.pdf,32271377,MEDI4736 + tremelimumab combination therapy,intervention,OS and progression-free survival (PFS) for durvalumab plus tremelimumab vs chemotherapy,True,Durvalumab +/- tremelimumab vs chemotherapy first-line metastatic NSCLC
PMID 32271377 a_Summary_SoE.pdf,32271377,MEDI4736 monotherapy,intervention,overall survival (OS) for durvalumab vs chemotherapy,True,Durvalumab +/- tremelimumab vs chemotherapy first-line metastatic NSCLC
PMID 32294530 CT_Summary_SoE.pdf,32294530,Standard of Care (SoC),control,durvalumab ... or durvalumab plus tremelimumab ... versus standard of care (SoC) in R/M HNSCC patients,True,Durvalumab +/- tremelimumab vs standard of care in recurrent/metastatic HNSCC
PMID 32294530 CT_Summary_SoE.pdf,32294530,MEDI4736 Monotherapy (Durvalumab),intervention,The primary end points were overall survival (OS) for durvalumab versus SoC,True,Durvalumab +/- tremelimumab vs standard of care in recurrent/metastatic HNSCC
PMID 32294530 CT_Summary_SoE.pdf,32294530,MEDI4736 + Tremelimumab Combination,intervention,OS for durvalumab plus tremelimumab versus SoC,True,Durvalumab +/- tremelimumab vs standard of care in recurrent/metastatic HNSCC
PMID 32372176 CT_Summary_SoE.pdf,32372176,Arm B (Placebo Topical Gel),control,randomized to receive either a topical testosterone gel or a placebo gel,True,Testosterone vs placebo (gel and pellet) for aromatase inhibitor arthralgias
PMID 32372176 CT_Summary_SoE.pdf,32372176,Arm D (Placebo Subcutaneous Pellet),control,randomly allocated to receive either a subcutaneous testosterone pellet versus a placebo pellet,True,Testosterone vs placebo (gel and pellet) for aromatase inhibitor arthralgias
PMID 32372176 CT_Summary_SoE.pdf,32372176,Arm A (Testosterone Topical Gel),intervention,To evaluate the efficacy of testosterone supplementation ... a topical testosterone gel or a placebo gel,True,Testosterone vs placebo (gel and pellet) for aromatase inhibitor arthralgias
PMID 32372176 CT_Summary_SoE.pdf,32372176,Arm C (Testosterone Subcutaneous Pellet),intervention,a subcutaneous testosterone pellet versus a placebo pellet,True,Testosterone vs placebo (gel and pellet) for aromatase inhibitor arthralgias
PMID 32416072 CT a_Summary_SoE.pdf,32416072,Arm B (Placebo),control,randomly assigned (2:1) ... to oral ivosidenib 500 mg or matched placebo once daily,True,Ivosidenib vs placebo in IDH1-mutant cholangiocarcinoma
PMID 32416072 CT a_Summary_SoE.pdf,32416072,Arm A (AG-120 / Ivosidenib),intervention,to assess the efficacy and safety of ivosidenib (AG-120)-a small-molecule targeted inhibitor of mutated IDH1,True,Ivosidenib vs placebo in IDH1-mutant cholangiocarcinoma
PMID 32416073 CT_Summary_SoE.pdf,32416073,Control Arm (Docetaxel),control,camrelizumab ... or chemotherapy with docetaxel (75 mg/m2 every 3 weeks) or irinotecan,True,Camrelizumab vs investigator's choice chemotherapy in advanced esophageal SCC
PMID 32416073 CT_Summary_SoE.pdf,32416073,Control Arm (Irinotecan),control,chemotherapy with docetaxel ... or irinotecan (180 mg/m2 every 2 weeks),True,Camrelizumab vs investigator's choice chemotherapy in advanced esophageal SCC
PMID 32416073 CT_Summary_SoE.pdf,32416073,Investigational Arm (SHR-1210),intervention,the anti-PD-1 antibody camrelizumab versus investigator's choice of chemotherapy in previously treated patients,True,Camrelizumab vs investigator's choice chemotherapy in advanced esophageal SCC
PMID 32459600 a_Summary_SoE.pdf,32459600,Arm B (Idelalisib plus Rituximab),control,Patients received acalabrutinib monotherapy or investigator's choice (idelalisib plus rituximab [I-R] or bendamustine plus rituximab [B-R]),True,Acalabrutinib vs investigator's choice (idelalisib+rituximab or bendamustine+rituximab) in R/R CLL
PMID 32459600 a_Summary_SoE.pdf,32459600,Arm B (Bendamustine plus Rituximab),control,investigator's choice (idelalisib plus rituximab [I-R] or bendamustine plus rituximab [B-R]),True,Acalabrutinib vs investigator's choice (idelalisib+rituximab or bendamustine+rituximab) in R/R CLL
PMID 32459600 a_Summary_SoE.pdf,32459600,Arm A (Acalabrutinib monotherapy),intervention,Acalabrutinib significantly improved PFS compared with I-R or B-R,True,Acalabrutinib vs investigator's choice (idelalisib+rituximab or bendamustine+rituximab) in R/R CLL
PMID 32460997 CT_Summary_SoE.pdf,32460997,Regimen 1 (IV pulse actinomycin-D),control,The control arm was ACT-D; the experimental arm was multi-day MTX regimen,True,Multi-day methotrexate vs pulse actinomycin-D in low-risk GTN
PMID 32460997 CT_Summary_SoE.pdf,32460997,Regimen 2 (IV methotrexate 5-day),intervention,the experimental arm was multi-day MTX regimen (institutional preference of 5 or 8 day),True,Multi-day methotrexate vs pulse actinomycin-D in low-risk GTN
PMID 32460997 CT_Summary_SoE.pdf,32460997,Regimen 2: IV Methotrexate (5-day regimen),intervention,the experimental arm was multi-day MTX regimen (institutional preference of 5 or 8 day),True,Multi-day methotrexate vs pulse actinomycin-D in low-risk GTN
PMID 32496902 a_Summary_SoE.pdf,32496902,Very High Risk (VHR) B-ALL (Control Arm),unresolved,,False,Intrathecal triple therapy vs intrathecal methotrexate in high-risk B-ALL (arm labels not described in abstract)
PMID 32496902 a_Summary_SoE.pdf,32496902,Very High Risk (VHR) B-ALL - Control Arm,unresolved,,False,Intrathecal triple therapy vs intrathecal methotrexate in high-risk B-ALL (arm labels not described in abstract)
PMID 32496902 a_Summary_SoE.pdf,32496902,High Risk (HR) B-ALL (Arm A/B),unresolved,,False,Intrathecal triple therapy vs intrathecal methotrexate in high-risk B-ALL (arm labels not described in abstract)
PMID 32496902 a_Summary_SoE.pdf,32496902,Ph-like Dasatinib Arm,unresolved,,False,Intrathecal triple therapy vs intrathecal methotrexate in high-risk B-ALL (arm labels not described in abstract)
PMID 32496902 a_Summary_SoE.pdf,32496902,Down Syndrome (DS) HR B-ALL,unresolved,,False,Intrathecal triple therapy vs intrathecal methotrexate in high-risk B-ALL (arm labels not described in abstract)
PMID 32496902 a_Summary_SoE.pdf,32496902,Down Syndrome HR B-ALL Arm,unresolved,,False,Intrathecal triple therapy vs intrathecal methotrexate in high-risk B-ALL (arm labels not described in abstract)
PMID 32534646 CT_Summary_SoE.pdf,32534646,Arm A (Placebo + Cobimetinib + Vemurafenib),control,"atezolizumab placebo, vemurafenib, and cobimetinib (control group)",True,Atezolizumab vs placebo added to vemurafenib+cobimetinib in BRAFV600 melanoma
PMID 32534646 CT_Summary_SoE.pdf,32534646,Arm B (Atezolizumab + Cobimetinib + Vemurafenib),intervention,progression-free survival ... significantly prolonged with atezolizumab versus control,True,Atezolizumab vs placebo added to vemurafenib+cobimetinib in BRAFV600 melanoma
PMID 32786187 a_Summary_SoE.pdf,32786187,Arm B (Placebo plus Azacitidine),control,the azacitidine-placebo [control] group,True,Venetoclax vs placebo added to azacitidine in untreated AML
PMID 32786187 a_Summary_SoE.pdf,32786187,Arm A (Venetoclax plus Azacitidine),intervention,azacitidine plus either venetoclax or placebo ... median overall survival was 14.7 months in the azacitidine-venetoclax group,True,Venetoclax vs placebo added to azacitidine in untreated AML
PMID 32813610 a_Summary_SoE.pdf,32813610,Arm A (Capizzi MTX - Control),control,5-year disease-free survival (DFS) rates for patients ... randomly assigned to nelarabine (n = 323) and no nelarabine,True,2x2 nelarabine vs no nelarabine and Capizzi MTX vs high-dose MTX in newly diagnosed T-ALL
PMID 32813610 a_Summary_SoE.pdf,32813610,Arm C (High Dose MTX),control,patients ... randomly assigned to nelarabine ... and no nelarabine (n = 336),True,2x2 nelarabine vs no nelarabine and Capizzi MTX vs high-dose MTX in newly diagnosed T-ALL
PMID 32813610 a_Summary_SoE.pdf,32813610,Arm B (Capizzi MTX + Nelarabine),intervention,addition of nelarabine to ABFM therapy improved DFS for children and young adults with newly diagnosed T-ALL,True,2x2 nelarabine vs no nelarabine and Capizzi MTX vs high-dose MTX in newly diagnosed T-ALL
PMID 32813610 a_Summary_SoE.pdf,32813610,Arm D (High Dose MTX + Nelarabine),intervention,"Patients treated with the best-performing arm, C-MTX plus nelarabine ... addition of nelarabine ... improved DFS",True,2x2 nelarabine vs no nelarabine and Capizzi MTX vs high-dose MTX in newly diagnosed T-ALL
PMID 32822286 a_Summary_SoE.pdf,32822286,Physician's Choice: Liposomal Doxorubicin,control,randomized study of binimetinib (45 mg twice daily) versus physician's choice chemotherapy (PCC),True,Binimetinib vs physician's choice chemotherapy in low-grade serous ovarian carcinoma
PMID 32822286 a_Summary_SoE.pdf,32822286,Physician's Choice: Paclitaxel,control,binimetinib ... versus physician's choice chemotherapy (PCC),True,Binimetinib vs physician's choice chemotherapy in low-grade serous ovarian carcinoma
PMID 32822286 a_Summary_SoE.pdf,32822286,Physician's Choice: Topotecan,control,binimetinib ... versus physician's choice chemotherapy (PCC),True,Binimetinib vs physician's choice chemotherapy in low-grade serous ovarian carcinoma
PMID 32822286 a_Summary_SoE.pdf,32822286,MEK162 (Binimetinib),intervention,"to evaluate binimetinib, a potent MEK1/2 inhibitor with demonstrated activity across multiple cancers, in LGSOC",True,Binimetinib vs physician's choice chemotherapy in low-grade serous ovarian carcinoma
PMID 32880601a_Summary_SoE.pdf,32880601,Arm 3 (Placebo + Chemotherapy),control,"pembrolizumab plus chemotherapy ... or chemotherapy plus placebo, every 3 weeks",True,Pembrolizumab or pembrolizumab+chemotherapy vs chemotherapy alone in advanced gastric cancer
PMID 32880601a_Summary_SoE.pdf,32880601,Arm 1 (Pembrolizumab Monotherapy),intervention,pembrolizumab was noninferior to chemotherapy for OS in patients with CPS of 1 or greater,True,Pembrolizumab or pembrolizumab+chemotherapy vs chemotherapy alone in advanced gastric cancer
PMID 32880601a_Summary_SoE.pdf,32880601,Arm 2 (Pembrolizumab + Chemotherapy),intervention,Pembrolizumab plus chemotherapy was not superior to chemotherapy for OS,True,Pembrolizumab or pembrolizumab+chemotherapy vs chemotherapy alone in advanced gastric cancer
PMID 32945632 a_Summary_SoE.pdf,32945632,Arm B (Best Supportive Care Alone),control,the addition of maintenance avelumab to best supportive care significantly prolonged overall survival as compared with best supportive care alone (control),True,Maintenance avelumab plus best supportive care vs best supportive care alone in urothelial carcinoma
PMID 32945632 a_Summary_SoE.pdf,32945632,Arm A (Avelumab + Best Supportive Care),intervention,Maintenance avelumab plus best supportive care significantly prolonged overall survival,True,Maintenance avelumab plus best supportive care vs best supportive care alone in urothelial carcinoma
PMID 32971005 CT_Summary_SoE.pdf,32971005,Standard of Care (SoC) - Cisplatin + Gemcitabine,control,durvalumab ... with or without tremelimumab ... as a first-line treatment for metastatic urothelial carcinoma [vs chemotherapy],True,Durvalumab +/- tremelimumab vs chemotherapy first-line metastatic urothelial carcinoma
PMID 32971005 CT_Summary_SoE.pdf,32971005,"Standard of Care (Cisplatin + Gemcitabine, 28-day cycle)",control,"durvalumab (a PD-L1 inhibitor), with or without tremelimumab ... versus chemotherapy",True,Durvalumab +/- tremelimumab vs chemotherapy first-line metastatic urothelial carcinoma
PMID 32971005 CT_Summary_SoE.pdf,32971005,MEDI4736 + tremelimumab combination therapy,intervention,"durvalumab (a PD-L1 inhibitor), with or without tremelimumab (a CTLA-4 inhibitor), as a first-line treatment",True,Durvalumab +/- tremelimumab vs chemotherapy first-line metastatic urothelial carcinoma
PMID 32971005 CT_Summary_SoE.pdf,32971005,MEDI4736 monotherapy,intervention,We randomly assigned patients (1:1:1) to receive durvalumab monotherapy (1500 mg),True,Durvalumab +/- tremelimumab vs chemotherapy first-line metastatic urothelial carcinoma
PMID 32997907 a_Summary_SoE.pdf,32997907,Arm B (Platinum-based Chemotherapy),control,"atezolizumab, as compared with those of platinum-based chemotherapy, as first-line treatment",True,Atezolizumab vs platinum-based chemotherapy first-line PD-L1-selected NSCLC
PMID 32997907 a_Summary_SoE.pdf,32997907,Platinum-based Chemotherapy - Squamous (Control),control,Patients were assigned in a 1:1 ratio to receive atezolizumab or chemotherapy,True,Atezolizumab vs platinum-based chemotherapy first-line PD-L1-selected NSCLC
PMID 32997907 a_Summary_SoE.pdf,32997907,Arm A (Atezolizumab),intervention,Atezolizumab treatment resulted in significantly longer overall survival than platinum-based chemotherapy,True,Atezolizumab vs platinum-based chemotherapy first-line PD-L1-selected NSCLC
PMID 33010094 CT_Summary_SoE.pdf,33010094,Arm 2 (Placebo Homeopathic Treatment),control,evaluated the possible effects of additive homeopathic treatment compared with placebo,True,Additive homeopathy vs placebo vs untreated control in stage IV NSCLC (retracted)
PMID 33010094 CT_Summary_SoE.pdf,33010094,Arm 3 (Standard Care Control),control,52 control patients without any homeopathic treatment were observed for survival only,True,Additive homeopathy vs placebo vs untreated control in stage IV NSCLC (retracted)
PMID 33010094 CT_Summary_SoE.pdf,33010094,Arm 1 (Verum Homeopathic Treatment),intervention,received either individualized homeopathic remedies (n = 51) or placebo ... QoL improved significantly in the homeopathy group,True,Additive homeopathy vs placebo vs untreated control in stage IV NSCLC (retracted)
PMID 33010094 CT_Summary_SoE.pdf,33010094,Arm 2 (Placebo Homeopathic Treatment),control,additive homeopathic treatment compared with placebo in patients with stage IV NSCLC,True,Additive homeopathy vs placebo vs untreated control in stage IV NSCLC (retracted)
PMID 33026938 CT_Summary_SoE.pdf,33026938,Docetaxel,control,"pembrolizumab ... or chemotherapy (investigator's choice of paclitaxel, docetaxel, or irinotecan)",True,Pembrolizumab vs investigator's choice chemotherapy second-line advanced esophageal cancer
PMID 33026938 CT_Summary_SoE.pdf,33026938,Irinotecan,control,"chemotherapy (investigator's choice of paclitaxel, docetaxel, or irinotecan)",True,Pembrolizumab vs investigator's choice chemotherapy second-line advanced esophageal cancer
PMID 33026938 CT_Summary_SoE.pdf,33026938,Paclitaxel,control,"chemotherapy (investigator's choice of paclitaxel, docetaxel, or irinotecan)",True,Pembrolizumab vs investigator's choice chemotherapy second-line advanced esophageal cancer
PMID 33026938 CT_Summary_SoE.pdf,33026938,Pembrolizumab (MK-3475),intervention,Pembrolizumab prolonged OS versus chemotherapy as second-line therapy for advanced esophageal cancer,True,Pembrolizumab vs investigator's choice chemotherapy second-line advanced esophageal cancer
PMID 33078978 a_Summary_SoE.pdf,33078978,Regimen II (Carboplatin/Paclitaxel),intervention,The Gynecologic Oncology Group studied carboplatin plus paclitaxel (TC) as a noninferior alternative to TAP,True,Carboplatin+paclitaxel (TC) as noninferior alternative to doxorubicin+cisplatin+paclitaxel (TAP) in advanced endometrial cancer
PMID 33078978 a_Summary_SoE.pdf,33078978,Regimen II (Carboplatin/Paclitaxel),intervention,studied carboplatin plus paclitaxel (TC) as a noninferior alternative to TAP,True,Carboplatin+paclitaxel (TC) as noninferior alternative to doxorubicin+cisplatin+paclitaxel (TAP) in advanced endometrial cancer
PMID 33078978 a_Summary_SoE.pdf,33078978,Regimen I (Doxorubicin/Cisplatin/Paclitaxel + G-CSF),control,carboplatin plus paclitaxel (TC) as a noninferior alternative to TAP [paclitaxel-doxorubicin-cisplatin],True,Carboplatin+paclitaxel (TC) as noninferior alternative to doxorubicin+cisplatin+paclitaxel (TAP) in advanced endometrial cancer
PMID 33189178 a_Summary_SoE.pdf,33189178,Vd (Bortezomib + Dexamethasone),control,"Once-per-week selinexor, bortezomib, and dexamethasone versus twice-per-week bortezomib and dexamethasone",True,Selinexor added to bortezomib+dexamethasone (SVd) vs bortezomib+dexamethasone (Vd) in multiple myeloma
PMID 33189178 a_Summary_SoE.pdf,33189178,SVd (Selinexor + Bortezomib + Dexamethasone),intervention,"We aimed to evaluate the clinical benefit of weekly selinexor, bortezomib, and [dexamethasone]",True,Selinexor added to bortezomib+dexamethasone (SVd) vs bortezomib+dexamethasone (Vd) in multiple myeloma
PMID 33197226 a_Summary_SoE.pdf,33197226,Best Supportive Care (BSC) Only,unresolved,,True,Avelumab maintenance vs continued chemotherapy after induction in advanced gastric cancer
PMID 33197226 a_Summary_SoE.pdf,33197226,Chemotherapy Maintenance (Oxaliplatin + 5-FU),control,randomly assigned 1:1 to avelumab 10 mg/kg every 2 weeks or continued chemotherapy,True,Avelumab maintenance vs continued chemotherapy after induction in advanced gastric cancer
PMID 33197226 a_Summary_SoE.pdf,33197226,Avelumab Maintenance,intervention,We investigated avelumab (anti-programmed death ligand-1 [PD-L1]) maintenance after first-line induction chemotherapy,True,Avelumab maintenance vs continued chemotherapy after induction in advanced gastric cancer
PMID 33278935 a_Summary_SoE.pdf,33278935,Arm B (Placebo + Chemotherapy),control,pembrolizumab (200 mg) every 3 weeks plus chemotherapy ... or placebo plus chemotherapy,True,Pembrolizumab vs placebo added to chemotherapy in metastatic triple-negative breast cancer
PMID 33278935 a_Summary_SoE.pdf,33278935,Arm A (Pembrolizumab + Chemotherapy),intervention,whether the addition of pembrolizumab would enhance the antitumour activity of chemotherapy,True,Pembrolizumab vs placebo added to chemotherapy in metastatic triple-negative breast cancer
PMID 33480963 a_Summary_SoE.pdf,33480963,Arm B (Trastuzumab plus Chemotherapy),control,"To compare the clinical efficacy of margetuximab vs trastuzumab, each with chemotherapy",True,"Margetuximab vs trastuzumab, each with chemotherapy, in pretreated ERBB2-positive advanced breast cancer"
PMID 33480963 a_Summary_SoE.pdf,33480963,Arm A (Margetuximab plus Chemotherapy),intervention,The chimeric antibody margetuximab shares ERBB2 specificity with trastuzumab but incorporates an engineered Fc region,True,"Margetuximab vs trastuzumab, each with chemotherapy, in pretreated ERBB2-positive advanced breast cancer"
PMID 33539945 CT_Summary_SoE.pdf,33539945,Arm B (Placebo in combination with nab-paclitaxel and gemcitabine),control,randomized to once-daily oral ibrutinib (560 mg) or placebo plus nab-paclitaxel ... and gemcitabine,True,Ibrutinib vs placebo added to nab-paclitaxel+gemcitabine in metastatic pancreatic adenocarcinoma
PMID 33539945 CT_Summary_SoE.pdf,33539945,Arm A (Ibrutinib in combination with nab-paclitaxel and gemcitabine),intervention,The safety and efficacy of first-line ibrutinib plus nab-paclitaxel/gemcitabine treatment ... were evaluated,True,Ibrutinib vs placebo added to nab-paclitaxel+gemcitabine in metastatic pancreatic adenocarcinoma
PMID 33577729 a_Summary_SoE.pdf,33577729,"Arm B (Chemotherapy: Docetaxel, Paclitaxel, or Vinflunine)",control,"enfortumab vedotin ... or investigator-chosen chemotherapy (standard docetaxel, paclitaxel, or vinflunine)",True,Enfortumab vedotin vs investigator-chosen chemotherapy in previously treated advanced urothelial carcinoma
PMID 33577729 a_Summary_SoE.pdf,33577729,Arm A (Enfortumab Vedotin),intervention,Enfortumab vedotin significantly prolonged survival as compared with standard chemotherapy,True,Enfortumab vedotin vs investigator-chosen chemotherapy in previously treated advanced urothelial carcinoma
PMID 33651090 a_Summary_SoE.pdf,33651090,Arm A (HR/IR Control - Chemotherapy),control,substituting blinatumomab for intensive chemotherapy in consolidation therapy ... 2 cycles of multiagent chemotherapy,True,Blinatumomab vs chemotherapy consolidation in first relapse of B-ALL
PMID 33651090 a_Summary_SoE.pdf,33651090,Arm C (LR Control - Chemotherapy),control,substituting blinatumomab for intensive chemotherapy ... 2 cycles of multiagent chemotherapy,True,Blinatumomab vs chemotherapy consolidation in first relapse of B-ALL
PMID 33651090 a_Summary_SoE.pdf,33651090,Arm B (HR/IR Experimental - Blinatumomab),intervention,substituting blinatumomab for intensive chemotherapy in consolidation therapy would improve survival,True,Blinatumomab vs chemotherapy consolidation in first relapse of B-ALL
PMID 33651090 a_Summary_SoE.pdf,33651090,Arm D (LR Experimental - Blinatumomab),intervention,substituting blinatumomab for intensive chemotherapy ... 2 cycles of blinatumomab,True,Blinatumomab vs chemotherapy consolidation in first relapse of B-ALL
PMID 33657295 a_Summary_SoE.pdf,33657295,Arm C (Sunitinib),control,Nivolumab plus Cabozantinib versus Sunitinib for Advanced Renal-Cell Carcinoma,True,Nivolumab plus cabozantinib vs sunitinib in advanced renal-cell carcinoma
PMID 33657295 a_Summary_SoE.pdf,33657295,Arm B (Nivolumab + Ipilimumab + Cabozantinib),unresolved,,True,Nivolumab plus cabozantinib vs sunitinib in advanced renal-cell carcinoma
PMID 33657295 a_Summary_SoE.pdf,33657295,Arm A (Nivolumab + Cabozantinib),intervention,The efficacy and safety of nivolumab plus cabozantinib as compared with those of sunitinib,True,Nivolumab plus cabozantinib vs sunitinib in advanced renal-cell carcinoma
PMID 33667670 CT_Summary_SoE.pdf,33667670,Arm 2 (Investigator's Choice - Paclitaxel),control,study FORWARD I compared MIRV and investigator's choice chemotherapy,True,Mirvetuximab soravtansine vs investigator's choice chemotherapy in platinum-resistant ovarian cancer
PMID 33667670 CT_Summary_SoE.pdf,33667670,Arm 1 (Mirvetuximab Soravtansine),intervention,study FORWARD I compared MIRV and investigator's choice chemotherapy,True,Mirvetuximab soravtansine vs investigator's choice chemotherapy in platinum-resistant ovarian cancer
PMID 33676601 CT_Summary_SoE.pdf,33676601,TPC Arm (Capecitabine),control,"single-drug chemotherapy per investigator's choice of capecitabine, eribulin, gemcitabine, or vinorelbine",True,Pembrolizumab vs investigator-choice chemotherapy in metastatic triple-negative breast cancer
PMID 33676601 CT_Summary_SoE.pdf,33676601,TPC Arm (Gemcitabine or Eribulin),control,"single-drug chemotherapy per investigator's choice of capecitabine, eribulin, gemcitabine, or vinorelbine",True,Pembrolizumab vs investigator-choice chemotherapy in metastatic triple-negative breast cancer
PMID 33676601 CT_Summary_SoE.pdf,33676601,TPC Arm (Vinorelbine),control,"single-drug chemotherapy per investigator's choice of capecitabine, eribulin, gemcitabine, or vinorelbine",True,Pembrolizumab vs investigator-choice chemotherapy in metastatic triple-negative breast cancer
PMID 33676601 CT_Summary_SoE.pdf,33676601,Pembrolizumab Arm,intervention,we compared pembrolizumab with chemotherapy for second-line or third-line treatment,True,Pembrolizumab vs investigator-choice chemotherapy in metastatic triple-negative breast cancer
PMID 33739848 a_Summary_SoE.pdf,33739848,Group 1 (Radiation Therapy alone),control,assess the efficacy of RT alone vs concurrent RT plus T in preventing recurrence,True,Radiation alone vs radiation plus concurrent trastuzumab for HER2-positive DCIS
PMID 33739848 a_Summary_SoE.pdf,33739848,Group 2 (Radiation Therapy + Trastuzumab),intervention,Addition of T to RT did not achieve the objective of 36% reduction in IBTR rate,True,Radiation alone vs radiation plus concurrent trastuzumab for HER2-positive DCIS
PMID 33821899a_Summary_SoE.pdf,33821899,Arm A (12 cycles FOLFOX + Placebo),control,"addition of celecoxib for 3 years, compared with placebo, to standard adjuvant chemotherapy",True,Celecoxib vs placebo added to adjuvant FOLFOX in stage III colon cancer
PMID 33821899a_Summary_SoE.pdf,33821899,Arm A (12 cycles of FOLFOX + placebo daily),control,"addition of celecoxib for 3 years, compared with placebo, to standard adjuvant chemotherapy",True,Celecoxib vs placebo added to adjuvant FOLFOX in stage III colon cancer
PMID 33821899a_Summary_SoE.pdf,33821899,Arm C (6 cycles FOLFOX + Placebo),control,"addition of celecoxib for 3 years, compared with placebo, to standard adjuvant chemotherapy",True,Celecoxib vs placebo added to adjuvant FOLFOX in stage III colon cancer
PMID 33821899a_Summary_SoE.pdf,33821899,Arm D (6 cycles FOLFOX + Celecoxib),intervention,"addition of celecoxib to adjuvant chemotherapy with fluorouracil, leucovorin, and oxaliplatin (FOLFOX)",True,Celecoxib vs placebo added to adjuvant FOLFOX in stage III colon cancer
PMID 33821899a_Summary_SoE.pdf,33821899,Arm B (12 cycles FOLFOX + Celecoxib),intervention,"addition of celecoxib to adjuvant chemotherapy with fluorouracil, leucovorin, and oxaliplatin (FOLFOX)",True,Celecoxib vs placebo added to adjuvant FOLFOX in stage III colon cancer
PMID 34051178a_Summary_SoE.pdf,34051178,Chemotherapy Alone,control,pembrolizumab alone or combined with chemotherapy versus chemotherapy for patients with previously untreated advanced urothelial carcinoma,True,Pembrolizumab alone or with chemotherapy vs chemotherapy alone in advanced urothelial carcinoma
PMID 34051178a_Summary_SoE.pdf,34051178,Pembrolizumab Monotherapy,intervention,we assessed outcomes with first-line pembrolizumab alone or combined with chemotherapy versus chemotherapy,True,Pembrolizumab alone or with chemotherapy vs chemotherapy alone in advanced urothelial carcinoma
PMID 34051178a_Summary_SoE.pdf,34051178,Pembrolizumab plus Chemotherapy,intervention,pembrolizumab 200 mg every 3 weeks for a maximum of 35 cycles plus intravenous chemotherapy,True,Pembrolizumab alone or with chemotherapy vs chemotherapy alone in advanced urothelial carcinoma
PMID 34092112 a_Summary_SoE.pdf,34092112,Arm A (Observation),unresolved,,True,Platinum-based chemotherapy vs capecitabine in residual triple-negative breast cancer after neoadjuvant therapy
PMID 34092112 a_Summary_SoE.pdf,34092112,Arm B (Platinum-based chemotherapy),intervention,iDFS would not be inferior but improved in patients with basal subtype TNBC treated with adjuvant platinum compared with capecitabine,True,Platinum-based chemotherapy vs capecitabine in residual triple-negative breast cancer after neoadjuvant therapy
PMID 34092112 a_Summary_SoE.pdf,34092112,Arm C (Capecitabine),control,"high-risk for recurrence, which is reduced by adjuvant capecitabine",True,Platinum-based chemotherapy vs capecitabine in residual triple-negative breast cancer after neoadjuvant therapy
PMID 34102137 a_Summary_SoE.pdf,34102137,XELOX alone,control,nivolumab plus chemotherapy versus chemotherapy alone,True,First-line nivolumab plus chemotherapy vs chemotherapy alone for advanced gastric/GEJ/oesophageal adenocarcinoma
PMID 34102137 a_Summary_SoE.pdf,34102137,FOLFOX alone,control,nivolumab plus chemotherapy versus chemotherapy alone,True,First-line nivolumab plus chemotherapy vs chemotherapy alone for advanced gastric/GEJ/oesophageal adenocarcinoma
PMID 34102137 a_Summary_SoE.pdf,34102137,Nivolumab + XELOX,intervention,"nivolumab ... plus chemotherapy (capecitabine and oxaliplatin every 3 weeks or leucovorin, fluorouracil, and oxaliplatin)",True,First-line nivolumab plus chemotherapy vs chemotherapy alone for advanced gastric/GEJ/oesophageal adenocarcinoma
PMID 34102137 a_Summary_SoE.pdf,34102137,Nivolumab + FOLFOX,intervention,"nivolumab ... plus chemotherapy (capecitabine and oxaliplatin every 3 weeks or leucovorin, fluorouracil, and oxaliplatin)",True,First-line nivolumab plus chemotherapy vs chemotherapy alone for advanced gastric/GEJ/oesophageal adenocarcinoma
PMID 34102137 a_Summary_SoE.pdf,34102137,Nivolumab + FOLFOX,intervention,"nivolumab ... plus chemotherapy (capecitabine and oxaliplatin every 3 weeks or leucovorin, fluorouracil, and oxaliplatin)",True,First-line nivolumab plus chemotherapy vs chemotherapy alone for advanced gastric/GEJ/oesophageal adenocarcinoma
PMID 34110925 a_Summary_SoE.pdf,34110925,Arm A (Standard-dose CSRT 23.40 Gy + Standard Volume Boost),control,Efforts to mitigate these effects include deintensification of craniospinal irradiation (CSI) dose and volume,True,Standard-dose/volume vs reduced-dose/volume craniospinal radiotherapy in average-risk medulloblastoma
PMID 34110925 a_Summary_SoE.pdf,34110925,Arm B (Reduced-dose CSRT 18.00 Gy + Limited Target Volume Boost),intervention,Reducing CSI dose in young children with average-risk MB results in inferior outcomes,True,Standard-dose/volume vs reduced-dose/volume craniospinal radiotherapy in average-risk medulloblastoma
PMID 34133211 a_Summary_SoE.pdf,34133211,Arm 2 (SC Arm: Surgery + Chemotherapy),control,D2 surgery followed by adjuvant S-1 ... SC group ... versus standard treatment,True,Neoadjuvant DOS plus surgery and adjuvant S-1 vs surgery and adjuvant S-1 in resectable gastric cancer
PMID 34133211 a_Summary_SoE.pdf,34133211,Arm 1 (CSC Arm: Chemotherapy + Surgery + Chemotherapy),intervention,"whether neoadjuvant docetaxel, oxaliplatin, and S-1 (DOS) followed by surgery and adjuvant S-1 could improve outcomes versus standard treatment",True,Neoadjuvant DOS plus surgery and adjuvant S-1 vs surgery and adjuvant S-1 in resectable gastric cancer
PMID 34134469 CT_Summary_SoE.pdf,34134469,Arm B (Observation),control,randomized to extended maintenance with subcutaneous rituximab (n=138) or observation only (n=138),True,Prolonged subcutaneous rituximab maintenance vs observation in relapsed/refractory indolent NHL
PMID 34134469 CT_Summary_SoE.pdf,34134469,Arm A (Prolonged SC Rituximab Maintenance),intervention,whether further prolonged maintenance with rituximab provides additional benefit,True,Prolonged subcutaneous rituximab maintenance vs observation in relapsed/refractory indolent NHL
PMID 34143970 CT_Summary_SoE.pdf,34143970,Arm C (PLD alone),control,objective to show whether avelumab alone or avelumab plus PLD is superior to PLD,True,Avelumab alone or with PLD vs PLD alone in platinum-resistant/refractory ovarian cancer
PMID 34143970 CT_Summary_SoE.pdf,34143970,Arm A (avelumab alone),intervention,objective to show whether avelumab alone or avelumab plus PLD is superior to PLD,True,Avelumab alone or with PLD vs PLD alone in platinum-resistant/refractory ovarian cancer
PMID 34143970 CT_Summary_SoE.pdf,34143970,Arm B (avelumab plus PLD),intervention,objective to show whether avelumab alone or avelumab plus PLD is superior to PLD,True,Avelumab alone or with PLD vs PLD alone in platinum-resistant/refractory ovarian cancer
PMID 34170389 CT_Summary_SoE.pdf,34170389,"Arm B (Conventional Dose PEG-asparaginase, Standard/High-Risk)",unresolved,,False,Pharmacodynamic comparison of two pegaspargase doses (2500 vs 3500 IU/m2) in childhood ALL
PMID 34170389 CT_Summary_SoE.pdf,34170389,"Arm A (Higher Dose PEG-asparaginase, Standard/High-Risk)",unresolved,,False,Pharmacodynamic comparison of two pegaspargase doses (2500 vs 3500 IU/m2) in childhood ALL
PMID 34170389 CT_Summary_SoE.pdf,34170389,Low-Risk (LR),unresolved,,False,Pharmacodynamic comparison of two pegaspargase doses (2500 vs 3500 IU/m2) in childhood ALL
PMID 34219000 a_Summary_SoE.pdf,34219000,Arm B (Placebo + Paclitaxel),control,"randomised 2:1 to atezolizumab 840 mg or placebo (days 1, 15), both with paclitaxel",True,First-line paclitaxel with or without atezolizumab in advanced triple-negative breast cancer
PMID 34219000 a_Summary_SoE.pdf,34219000,Arm A (Atezolizumab + Paclitaxel),intervention,adding atezolizumab to paclitaxel did not improve investigator-assessed PFS,True,First-line paclitaxel with or without atezolizumab in advanced triple-negative breast cancer
PMID 34320285 a_Summary_SoE.pdf,34320285,Arm B (Anastrozole 5 years),unresolved,,False,Duration of adjuvant anastrozole (2 vs 5 years) in postmenopausal breast cancer (abstract body not provided)
PMID 34320285 a_Summary_SoE.pdf,34320285,Arm A (Anastrozole 2 years),unresolved,,False,Duration of adjuvant anastrozole (2 vs 5 years) in postmenopausal breast cancer (abstract body not provided)
PMID 34363762 CT_Summary_SoE.pdf,34363762,Arm A (Chemotherapy alone followed by observation),control,chemotherapy followed by observation (control group),True,Chemotherapy with or without avelumab followed by avelumab maintenance vs chemotherapy alone in untreated ovarian cancer
PMID 34363762 CT_Summary_SoE.pdf,34363762,Arm B (Chemotherapy alone followed by avelumab maintenance),intervention,chemotherapy (six cycles ...) followed by avelumab maintenance ... avelumab maintenance group,True,Chemotherapy with or without avelumab followed by avelumab maintenance vs chemotherapy alone in untreated ovarian cancer
PMID 34363762 CT_Summary_SoE.pdf,34363762,Arm C (Avelumab in combination with chemotherapy followed by avelumab maintenance),intervention,chemotherapy plus avelumab ... followed by avelumab maintenance (avelumab combination group),True,Chemotherapy with or without avelumab followed by avelumab maintenance vs chemotherapy alone in untreated ovarian cancer
PMID 34383006 a_Summary_SoE.pdf,34383006,Arm B (Conventional radiation),control,traditionally relegated to receiving only conventionally fractionated radiotherapy (CFRT),True,Accelerated hypofractionated image-guided radiotherapy vs conventional radiotherapy in stage II/III NSCLC
PMID 34383006 a_Summary_SoE.pdf,34383006,Arm A (Accelerated hypofractionated IGRT),intervention,whether hypofractionated image-guided radiotherapy (IGRT) would improve overall survival,True,Accelerated hypofractionated image-guided radiotherapy vs conventional radiotherapy in stage II/III NSCLC
PMID 34652968 a_Summary_SoE.pdf,34652968,Regimen A (VDC1200/IE),control,randomly assigned to receive standard five-drug interval compressed chemotherapy (regimen A),True,Standard five-drug chemotherapy vs addition of vincristine-topotecan-cyclophosphamide in nonmetastatic Ewing sarcoma
PMID 34652968 a_Summary_SoE.pdf,34652968,Regimen B (VTC250/IE/VDC1200),intervention,experimental therapy with five cycles of VTC within the 17 cycles (regimen B),True,Standard five-drug chemotherapy vs addition of vincristine-topotecan-cyclophosphamide in nonmetastatic Ewing sarcoma
PMID 34855460 a_Summary_SoE.pdf,34855460,Arm C (Control - BM/Tac/Mtx),control,tacrolimus and methotrexate after BM graft (control),True,CD34-selected PBSC or post-transplant cyclophosphamide vs tacrolimus/methotrexate for GVHD prophylaxis
PMID 34855460 a_Summary_SoE.pdf,34855460,Arm A (CD34 Selected PBSC),intervention,"CNI-free approaches using donor T-cell depletion, either by ex vivo CD34 selection",True,CD34-selected PBSC or post-transplant cyclophosphamide vs tacrolimus/methotrexate for GVHD prophylaxis
PMID 34855460 a_Summary_SoE.pdf,34855460,Arm B (BM/PTCy),intervention,"in vivo post-transplant cyclophosphamide (PTCy) as a single agent, are associated with lower rates of chronic GVHD",True,CD34-selected PBSC or post-transplant cyclophosphamide vs tacrolimus/methotrexate for GVHD prophylaxis
PMID 34882169 a_Summary_SoE.pdf,34882169,Placebo,control,randomized to receive armodafinil daily (150 mg or 250 mg) or placebo over 8 weeks,True,Armodafinil (150 mg or 250 mg) vs placebo for cancer-related fatigue in high-grade glioma
PMID 34882169 a_Summary_SoE.pdf,34882169,Armodafinil 150mg,intervention,To determine whether armodafinil reduces fatigue in patients with HGG,True,Armodafinil (150 mg or 250 mg) vs placebo for cancer-related fatigue in high-grade glioma
PMID 34882169 a_Summary_SoE.pdf,34882169,Armodafinil 250mg,intervention,To determine whether armodafinil reduces fatigue in patients with HGG,True,Armodafinil (150 mg or 250 mg) vs placebo for cancer-related fatigue in high-grade glioma
PMID 34890060 CT_Summary_SoE.pdf,34890060,Arm D (Usual Care),control,4 sites provided usual care (50 patients),True,Previsit and/or within-visit decision aids vs usual care for localized prostate cancer
PMID 34890060 CT_Summary_SoE.pdf,34890060,Arm A (Pre- and During-consultation Decision Aids),intervention,test the effectiveness of within-visit and previsit DAs for localized prostate cancer,True,Previsit and/or within-visit decision aids vs usual care for localized prostate cancer
PMID 34890060 CT_Summary_SoE.pdf,34890060,Arm B (Pre-consultation Decision Aid only),intervention,test the effectiveness of within-visit and previsit DAs for localized prostate cancer,True,Previsit and/or within-visit decision aids vs usual care for localized prostate cancer
PMID 34890060 CT_Summary_SoE.pdf,34890060,Arm C (During-consultation Decision Aid only),intervention,test the effectiveness of within-visit and previsit DAs for localized prostate cancer,True,Previsit and/or within-visit decision aids vs usual care for localized prostate cancer
PMID 34914339 a_Summary_SoE.pdf,34914339,Arm 2 (Endocrine Therapy alone),control,randomly assigned women ... to endocrine therapy only or to chemotherapy plus endocrine (chemoendocrine) therapy,True,Endocrine therapy alone vs chemoendocrine therapy in node-positive breast cancer with recurrence score <=25
PMID 34914339 a_Summary_SoE.pdf,34914339,Arm 1 (Chemotherapy plus Endocrine Therapy),intervention,to determine the effect of chemotherapy on invasive disease-free survival,True,Endocrine therapy alone vs chemoendocrine therapy in node-positive breast cancer with recurrence score <=25
PMID 34997889 CT_Summary_SoE.pdf,34997889,"Carboplatin Arm (Carboplatin, Etoposide, Vincristine)",unresolved,,False,CarbEV vs CycEV chemotherapy for high-risk choroid plexus tumors (no established standard)
PMID 34997889 CT_Summary_SoE.pdf,34997889,"Cyclophosphamide Arm (Cyclophosphamide, Etoposide, Vincristine)",unresolved,,False,CarbEV vs CycEV chemotherapy for high-risk choroid plexus tumors (no established standard)
PMID 35007153 a_Summary_SoE.pdf,35007153,"Regimen II (Ifosfamide, Mesna, and Paclitaxel)",control,PC was not inferior to the active regimen PI and should be standard treatment for UCS,True,Paclitaxel/carboplatin tested for noninferiority vs active comparator paclitaxel/ifosfamide in carcinosarcoma
PMID 35007153 a_Summary_SoE.pdf,35007153,Regimen I (Paclitaxel plus Carboplatin),intervention,tested the null hypothesis that paclitaxel and carboplatin (PC) is inferior to paclitaxel and ifosfamide (PI),True,Paclitaxel/carboplatin tested for noninferiority vs active comparator paclitaxel/ifosfamide in carcinosarcoma
PMID 35030011 a_Summary_SoE.pdf,35030011,Arm 2 (Placebo + Dabrafenib + Trametinib),control,versus placebo plus dabrafenib and trametinib (placebo-DabTram),True,Spartalizumab plus dabrafenib/trametinib vs placebo plus dabrafenib/trametinib in BRAF V600 melanoma
PMID 35030011 a_Summary_SoE.pdf,35030011,Arm 1 (PDR001 + Dabrafenib + Trametinib),intervention,"evaluating spartalizumab, an anti-programmed death receptor 1 antibody, in combination with dabrafenib and trametinib",True,Spartalizumab plus dabrafenib/trametinib vs placebo plus dabrafenib/trametinib in BRAF V600 melanoma
PMID 35038433 CT_Summary_SoE.pdf,35038433,Arm 2 (Chemoradiation + Surgery),control,"chemoradiotherapy followed by surgery, with or without intravenous trastuzumab",True,Trastuzumab added to trimodality chemoradiotherapy plus surgery vs chemoradiotherapy plus surgery in HER2-positive oesophageal adenocarcinoma
PMID 35038433 CT_Summary_SoE.pdf,35038433,Arm 1 (Trastuzumab + Chemoradiation + Surgery + Maintenance Trastuzumab),intervention,whether trastuzumab improves disease-free survival when combined with trimodality treatment,True,Trastuzumab added to trimodality chemoradiotherapy plus surgery vs chemoradiotherapy plus surgery in HER2-positive oesophageal adenocarcinoma
PMID 35213496 CT_Summary_SoE.pdf,35213496,Group MB (Moderate Neuromuscular block),control,randomized 1:1 ratio to the deep or moderate NMB groups,True,Deep vs moderate neuromuscular block during laparoscopic gastrectomy in obese gastric cancer patients
PMID 35213496 CT_Summary_SoE.pdf,35213496,Group DB (Deep Neuromuscular block),intervention,whether deep NMB improves the oncologic quality of laparoscopic cancer surgery in obese patients,True,Deep vs moderate neuromuscular block during laparoscopic gastrectomy in obese gastric cancer patients
PMID 35290101 a_Summary_SoE.pdf,35290101,Arm I (Standard platinum-based chemotherapy),control,Platinum-based chemotherapy is the standard of care for platinum-sensitive ovarian cancer,True,Olaparib or olaparib/cediranib vs standard platinum-based chemotherapy in recurrent platinum-sensitive ovarian cancer
PMID 35290101 a_Summary_SoE.pdf,35290101,Arm II (Single-agent olaparib),intervention,"assessed the activity of two all-oral nonplatinum alternatives, olaparib or olaparib/cediranib, versus platinum-based chemotherapy",True,Olaparib or olaparib/cediranib vs standard platinum-based chemotherapy in recurrent platinum-sensitive ovarian cancer
PMID 35290101 a_Summary_SoE.pdf,35290101,Arm III (Combination of olaparib and cediranib),intervention,"assessed the activity of two all-oral nonplatinum alternatives, olaparib or olaparib/cediranib, versus platinum-based chemotherapy",True,Olaparib or olaparib/cediranib vs standard platinum-based chemotherapy in recurrent platinum-sensitive ovarian cancer
PMID 35403841 a_Summary_SoE.pdf,35403841,Arm B (Platinum-Doublet Chemotherapy),control,"nivolumab plus platinum-based chemotherapy or platinum-based chemotherapy alone, followed by resection",True,Neoadjuvant nivolumab plus platinum-doublet chemotherapy vs chemotherapy alone in resectable NSCLC
PMID 35403841 a_Summary_SoE.pdf,35403841,Arm A (Nivolumab plus Ipilimumab),unresolved,,True,Neoadjuvant nivolumab plus platinum-doublet chemotherapy vs chemotherapy alone in resectable NSCLC
PMID 35403841 a_Summary_SoE.pdf,35403841,Arm C (Nivolumab plus Platinum-Doublet Chemotherapy),intervention,neoadjuvant nivolumab plus chemotherapy resulted in significantly longer event-free survival,True,Neoadjuvant nivolumab plus platinum-doublet chemotherapy vs chemotherapy alone in resectable NSCLC
PMID 35569466 CT_Summary_SoE.pdf,35569466,Arm 1 (Prostate Bed Radiotherapy alone),control,whether incremental gains ... can be achieved by adding either 4-6 months of short-term androgen deprivation therapy (ADT) to PBRT,True,"Salvage prostate bed radiotherapy alone vs adding short-term ADT, vs adding ADT plus pelvic lymph node radiotherapy"
PMID 35569466 CT_Summary_SoE.pdf,35569466,Arm 2 (Prostate Bed Radiotherapy + NC-STAD),intervention,PBRT plus short-term ADT (group 2),True,"Salvage prostate bed radiotherapy alone vs adding short-term ADT, vs adding ADT plus pelvic lymph node radiotherapy"
PMID 35569466 CT_Summary_SoE.pdf,35569466,Arm 3 (Pelvic Lymph Node Radiotherapy + PBRT + NC-STAD),intervention,PLNRT ... plus PBRT plus short-term ADT (group 3),True,"Salvage prostate bed radiotherapy alone vs adding short-term ADT, vs adding ADT plus pelvic lymph node radiotherapy"
PMID 35660812 a_Summary_SoE.pdf,35660812,Arm A (Conventional Dose RVD),control,"Triplet Therapy, Transplantation, and Maintenance until Progression in Myeloma",False,RVD with vs without HDT/autologous transplant in myeloma
PMID 35660812 a_Summary_SoE.pdf,35660812,Arm B (RVD plus HDT/PBSCT),intervention,"Triplet Therapy, Transplantation, and Maintenance until Progression in Myeloma",False,RVD with vs without HDT/autologous transplant in myeloma
PMID 35660812 a_Summary_SoE.pdf,35660812,Arm B (RVD + PBSCT),intervention,"Triplet Therapy, Transplantation, and Maintenance until Progression in Myeloma",False,RVD with vs without HDT/autologous transplant in myeloma
PMID 35728048 a_Summary_SoE.pdf,35728048,Arm B (Azacitidine alone),control,phase 3 trial of pevonedistat+azacitidine (n = 227) vs azacitidine monotherapy (n = 227),True,Pevonedistat plus azacitidine vs azacitidine alone in higher-risk MDS/CMML/AML
PMID 35728048 a_Summary_SoE.pdf,35728048,Arm A (Pevonedistat + Azacitidine),intervention,phase 3 trial of pevonedistat+azacitidine (n = 227) vs azacitidine monotherapy (n = 227),True,Pevonedistat plus azacitidine vs azacitidine alone in higher-risk MDS/CMML/AML
PMID 35759733a_Summary_SoE.pdf,35759733,Regimen III (No treatment / Surveillance),control,"compare taxane maintenance chemotherapy, paclitaxel (P) and paclitaxel poliglumex (PP), with surveillance (S)",True,Maintenance taxanes (paclitaxel or paclitaxel poliglumex) vs surveillance in ovarian cancer
PMID 35759733a_Summary_SoE.pdf,35759733,Regimen I (CT-2103),intervention,"compare taxane maintenance chemotherapy, paclitaxel (P) and paclitaxel poliglumex (PP), with surveillance (S)",True,Maintenance taxanes (paclitaxel or paclitaxel poliglumex) vs surveillance in ovarian cancer
PMID 35759733a_Summary_SoE.pdf,35759733,Regimen II (Paclitaxel),intervention,"compare taxane maintenance chemotherapy, paclitaxel (P) and paclitaxel poliglumex (PP), with surveillance (S)",True,Maintenance taxanes (paclitaxel or paclitaxel poliglumex) vs surveillance in ovarian cancer
PMID 35810754 CT_Summary_SoE.pdf,35810754,Arm B (Bendamustine + Rituximab),control,We compared zanubrutinib with bendamustine-rituximab to determine its effectiveness as frontline therapy,True,Zanubrutinib vs bendamustine-rituximab in untreated CLL/SLL (SEQUOIA)
PMID 35810754 CT_Summary_SoE.pdf,35810754,Arm A/C (Zanubrutinib),intervention,"Zanubrutinib is a next-generation, selective Bruton tyrosine kinase inhibitor",True,Zanubrutinib vs bendamustine-rituximab in untreated CLL/SLL (SEQUOIA)
PMID 35810754 CT_Summary_SoE.pdf,35810754,Arm D (Venetoclax + Zanubrutinib),unresolved,,True,Zanubrutinib vs bendamustine-rituximab in untreated CLL/SLL (SEQUOIA)
PMID 35857290 a_Summary_SoE.pdf,35857290,Arm B (Placebo + Light),control,patients were randomized 2:1 to receive hypericin or placebo to 3 index lesions twice weekly,True,Topical hypericin photodynamic therapy vs placebo for early-stage CTCL (FLASH)
PMID 35857290 a_Summary_SoE.pdf,35857290,Arm A (SGX301 + Light),intervention,"hypericin PDT was more effective than placebo (cycle 1 ILRR, 16% vs 4%; P = .04)",True,Topical hypericin photodynamic therapy vs placebo for early-stage CTCL (FLASH)
PMID 36162037 a_Summary_SoE.pdf,36162037,Arm B (Nivolumab Monotherapy),control,reaffirming nivolumab as a standard of care for melanoma adjuvant treatment,True,Adjuvant nivolumab plus ipilimumab vs nivolumab alone in resected melanoma (CheckMate 915)
PMID 36162037 a_Summary_SoE.pdf,36162037,Arm A (Nivolumab + Ipilimumab),intervention,evaluated adjuvant nivolumab plus ipilimumab versus nivolumab alone,True,Adjuvant nivolumab plus ipilimumab vs nivolumab alone in resected melanoma (CheckMate 915)
PMID 36308441 a_Summary_SoE.pdf,36308441,Placebo + mFOLFOX6,control,"randomly assigned 1:1:1 to receive CaM 5 μmol/kg, CaM 2 μmol/kg, or placebo",True,Calmangafodipir (two doses) vs placebo with FOLFOX to prevent oxaliplatin neuropathy (POLAR-M)
PMID 36308441 a_Summary_SoE.pdf,36308441,CaM 5 µmol/kg + mFOLFOX6,intervention,assess efficacy and safety of CaM in the prevention of CIPN in patients treated with oxaliplatin,True,Calmangafodipir (two doses) vs placebo with FOLFOX to prevent oxaliplatin neuropathy (POLAR-M)
PMID 36308441 a_Summary_SoE.pdf,36308441,CaM 2 µmol/kg + mFOLFOX6,intervention,assess efficacy and safety of CaM in the prevention of CIPN in patients treated with oxaliplatin,True,Calmangafodipir (two doses) vs placebo with FOLFOX to prevent oxaliplatin neuropathy (POLAR-M)
PMID 36327426 a_Summary_SoE.pdf,36327426,Arm 3 (SoC Chemotherapy),control,durvalumab plus chemotherapy (D + CT) versus chemotherapy alone (CT),True,Durvalumab +/- tremelimumab plus chemo vs chemo alone in first-line mNSCLC (POSEIDON)
PMID 36327426 a_Summary_SoE.pdf,36327426,Arm 1 (Durvalumab + Tremelimumab + SoC Chemotherapy),intervention,evaluated tremelimumab plus durvalumab and chemotherapy (T + D + CT) ... versus chemotherapy alone (CT),True,Durvalumab +/- tremelimumab plus chemo vs chemo alone in first-line mNSCLC (POSEIDON)
PMID 36327426 a_Summary_SoE.pdf,36327426,Arm 2 (Durvalumab + SoC Chemotherapy),intervention,durvalumab plus chemotherapy (D + CT) versus chemotherapy alone (CT),True,Durvalumab +/- tremelimumab plus chemo vs chemo alone in first-line mNSCLC (POSEIDON)
PMID 36541957 a_Summary_SoE.pdf,36541957,Arm B (CIT alone),control,evaluating the efficacy of ibrutinib plus RICE or RVICI vs RICE/RVICI alone,True,Ibrutinib plus RICE/RVICI vs RICE/RVICI alone in pediatric R/R B-NHL (SPARKLE)
PMID 36541957 a_Summary_SoE.pdf,36541957,Arm A (Ibrutinib + CIT),intervention,evaluating the efficacy of ibrutinib plus RICE or RVICI vs RICE/RVICI alone,True,Ibrutinib plus RICE/RVICI vs RICE/RVICI alone in pediatric R/R B-NHL (SPARKLE)
PMID 36669140 a_Summary_SoE.pdf,36669140,Arm A (Regimen A: VDC/IE Chemotherapy),control,randomly assigned 1:1 at enrollment to standard arm (interval-compressed vincristine/doxorubicin/cyclophosphamide ... = VDC/IE),True,Ganitumab added to interval-compressed chemotherapy vs chemotherapy in metastatic Ewing sarcoma
PMID 36669140 a_Summary_SoE.pdf,36669140,Arm B (Regimen B: VDC/IE + Ganitumab),intervention,or to experimental arm (VDC/IE with ganitumab at cycle starts and as monotherapy),True,Ganitumab added to interval-compressed chemotherapy vs chemotherapy in metastatic Ewing sarcoma
PMID 36709073 CT_Summary_SoE.pdf,36709073,Arm B (Danazol),control,confirm the differentiated clinical benefits of momelotinib versus the active comparator danazol,True,Momelotinib vs danazol in anemic myelofibrosis (MOMENTUM)
PMID 36709073 CT_Summary_SoE.pdf,36709073,Arm A (Momelotinib),intervention,"Momelotinib, a first-in-class inhibitor ... has shown symptom, spleen, and anaemia benefits in myelofibrosis",True,Momelotinib vs danazol in anemic myelofibrosis (MOMENTUM)
PMID 36795891 a_Summary_SoE.pdf,36795891,Arm B (AR-directed therapy: Abiraterone Acetate or Enzalutamide),control,receive oral rucaparib (600 mg twice daily) or a physician's choice control (docetaxel or a second-generation ARPI [abiraterone acetate or enzalutamide]),True,Rucaparib vs physician's choice (docetaxel or ARPI) in metastatic prostate cancer (TRITON3)
PMID 36795891 a_Summary_SoE.pdf,36795891,Arm C (Docetaxel),control,receive oral rucaparib ... or a physician's choice control (docetaxel or a second-generation ARPI),True,Rucaparib vs physician's choice (docetaxel or ARPI) in metastatic prostate cancer (TRITON3)
PMID 36795891 a_Summary_SoE.pdf,36795891,Arm A (Rucaparib),intervention,We randomly assigned the patients in a 2:1 ratio to receive oral rucaparib (600 mg twice daily),True,Rucaparib vs physician's choice (docetaxel or ARPI) in metastatic prostate cancer (TRITON3)
PMID 36952634 a_Summary_SoE.pdf,36952634,Placebo + Abiraterone Acetate + Prednisone (AAP),control,Patients were assigned 1:1 to receive niraparib + AAP or placebo + AAP,True,Niraparib plus abiraterone/prednisone vs placebo plus AAP in mCRPC (MAGNITUDE)
PMID 36952634 a_Summary_SoE.pdf,36952634,Niraparib + Abiraterone Acetate + Prednisone (AAP),intervention,Patients were assigned 1:1 to receive niraparib + AAP or placebo + AAP,True,Niraparib plus abiraterone/prednisone vs placebo plus AAP in mCRPC (MAGNITUDE)
PMID 36952634 a_Summary_SoE.pdf,36952634,Arm C (Cohort 3: FDC Niraparib/AA + Prednisone),unresolved,,True,Niraparib plus abiraterone/prednisone vs placebo plus AAP in mCRPC (MAGNITUDE)
PMID 36996380 a_Summary_SoE.pdf,36996380,Arm A (Enzalutamide),control,whether the addition of abiraterone acetate and prednisone (AAP) to enzalutamide prolongs overall survival,True,Enzalutamide vs enzalutamide plus abiraterone/prednisone in mCRPC (Alliance A031201)
PMID 36996380 a_Summary_SoE.pdf,36996380,Arm A (Enzalutamide alone),control,whether the addition of abiraterone acetate and prednisone (AAP) to enzalutamide prolongs overall survival,True,Enzalutamide vs enzalutamide plus abiraterone/prednisone in mCRPC (Alliance A031201)
PMID 36996380 a_Summary_SoE.pdf,36996380,"Arm B (Enzalutamide, Abiraterone, and Prednisone)",intervention,whether the addition of abiraterone acetate and prednisone (AAP) to enzalutamide prolongs overall survival,True,Enzalutamide vs enzalutamide plus abiraterone/prednisone in mCRPC (Alliance A031201)
PMID 37080223 CT_Summary_SoE.pdf,37080223,Arm A (Standard Cisplatin-based Chemoradiation),control,standard cisplatin-based chemoradiotherapy ... (chemoradiotherapy only group),True,Chemoradiation +/- adjuvant carboplatin/paclitaxel in locally advanced cervical cancer (OUTBACK)
PMID 37080223 CT_Summary_SoE.pdf,37080223,Arm B (Standard Cisplatin-based Chemoradiation + Adjuvant Carboplatin/Paclitaxel),intervention,We aimed to determine the effects on survival of adjuvant chemotherapy after chemoradiotherapy,True,Chemoradiation +/- adjuvant carboplatin/paclitaxel in locally advanced cervical cancer (OUTBACK)
PMID 37086745 a_Summary_SoE.pdf,37086745,Arm B (Investigator's Choice),control,Patients were randomly assigned (2:1) to receive trastuzumab deruxtecan ... or treatment of physician's choice,True,Trastuzumab deruxtecan vs physician's choice in HER2-positive metastatic breast cancer (DESTINY-Breast02)
PMID 37086745 a_Summary_SoE.pdf,37086745,Arm A (Trastuzumab deruxtecan),intervention,compare the efficacy and safety of trastuzumab deruxtecan with treatment of physician's choice,True,Trastuzumab deruxtecan vs physician's choice in HER2-positive metastatic breast cancer (DESTINY-Breast02)
PMID 37141294 CT_Summary_SoE.pdf,37141294,Docetaxel,control,"compared pembrolizumab vs docetaxel in previously treated, programmed death-ligand 1 (PD-L1)-positive, advanced non-small cell lung cancer",True,Pembrolizumab vs docetaxel in previously treated PD-L1-positive NSCLC (KEYNOTE-033)
PMID 37141294 CT_Summary_SoE.pdf,37141294,Pembrolizumab (MK-3475),intervention,"pembrolizumab improved OS vs docetaxel in previously treated, PD-L1-positive NSCLC",True,Pembrolizumab vs docetaxel in previously treated PD-L1-positive NSCLC (KEYNOTE-033)
PMID 37257422 CT_Summary_SoE.pdf,37257422,Arm A (Standard Steroids),control,randomized (1:1:1) to OSE prophylactic treatments ... (a) standard steroid eye drops,True,Three ocular side-effect prophylaxis strategies (standard steroids vs added/enhanced regimens) with depatuxizumab mafodotin (UNITE)
PMID 37257422 CT_Summary_SoE.pdf,37257422,Arm A (Standard Steroids),control,randomized (1:1:1) to OSE prophylactic treatments ... (a) standard steroid eye drops,True,Three ocular side-effect prophylaxis strategies (standard steroids vs added/enhanced regimens) with depatuxizumab mafodotin (UNITE)
PMID 37257422 CT_Summary_SoE.pdf,37257422,Arm B (Standard Steroids + Vasoconstrictor + Cold Compress),intervention,(b) standard steroid eye drops plus vasoconstrictor eye drops and cold compress,True,Three ocular side-effect prophylaxis strategies (standard steroids vs added/enhanced regimens) with depatuxizumab mafodotin (UNITE)
PMID 37257422 CT_Summary_SoE.pdf,37257422,Arm C (Enhanced Steroids + Vasoconstrictor + Cold Compress),intervention,(c) enhanced steroids plus vasoconstrictor eye drops and cold compress,True,Three ocular side-effect prophylaxis strategies (standard steroids vs added/enhanced regimens) with depatuxizumab mafodotin (UNITE)
PMID 37379502 a_Summary_SoE.pdf,37379502,Gefitinib 250 mg,control,"This global, phase III study (LASER301) compared lazertinib versus gefitinib in treatment-naive patients",True,Lazertinib vs gefitinib first-line in EGFR-mutated advanced NSCLC (LASER301)
PMID 37379502 a_Summary_SoE.pdf,37379502,Lazertinib 240 mg,intervention,"Lazertinib is a potent, CNS-penetrant, third-generation epidermal growth factor receptor (EGFR) tyrosine kinase inhibitor",True,Lazertinib vs gefitinib first-line in EGFR-mutated advanced NSCLC (LASER301)
PMID 37379502 a_Summary_SoE.pdf,37379502,Open-label Lazertinib 240 mg (Cross-over),unresolved,,True,Lazertinib vs gefitinib first-line in EGFR-mutated advanced NSCLC (LASER301)
PMID 37478390 a_Summary_SoE.pdf,37478390,Arm B (Ibrutinib),control,ASPEN study demonstrated the comparable efficacy and improved safety of zanubrutinib versus ibrutinib,True,"Zanubrutinib vs ibrutinib in Waldenstrom macroglobulinemia, plus single-arm zanubrutinib cohort (ASPEN)"
PMID 37478390 a_Summary_SoE.pdf,37478390,Arm A (Zanubrutinib),intervention,comparable efficacy and improved safety of zanubrutinib versus ibrutinib in patients with Waldenstrom macroglobulinemia,True,"Zanubrutinib vs ibrutinib in Waldenstrom macroglobulinemia, plus single-arm zanubrutinib cohort (ASPEN)"
PMID 37478390 a_Summary_SoE.pdf,37478390,Arm C (Zanubrutinib - Cohort 2),intervention,cohort 2 comprised 28 patients (... MYD88 wild-type WM: 28 zanubrutinib; 26 efficacy evaluable),True,"Zanubrutinib vs ibrutinib in Waldenstrom macroglobulinemia, plus single-arm zanubrutinib cohort (ASPEN)"
PMID 37748693 CT_Summary_SoE.pdf,37748693,Arm B (SOC Chemotherapy),control,comparing avelumab (anti-programmed death-ligand 1 [PD-L1]) versus platinum-based doublet chemotherapy as first-line treatment,True,Avelumab (two schedules) vs platinum-doublet chemotherapy first-line in PD-L1-high NSCLC (JAVELIN Lung 100)
PMID 37748693 CT_Summary_SoE.pdf,37748693,Arm A (Avelumab 10 mg/kg Q2W),intervention,comparing avelumab ... versus platinum-based doublet chemotherapy as first-line treatment,True,Avelumab (two schedules) vs platinum-doublet chemotherapy first-line in PD-L1-high NSCLC (JAVELIN Lung 100)
PMID 37748693 CT_Summary_SoE.pdf,37748693,Arm C (Avelumab 10 mg/kg Q1W then Q2W),intervention,avelumab 10 mg/kg once weekly (QW) for 12 weeks and Q2W thereafter,True,Avelumab (two schedules) vs platinum-doublet chemotherapy first-line in PD-L1-high NSCLC (JAVELIN Lung 100)
PMID 37870976 a_Summary_SoE.pdf,37870976,Arm B (Carboplatin-Pemetrexed),control,receive intravenous amivantamab plus chemotherapy (amivantamab-chemotherapy) or chemotherapy alone,True,Amivantamab plus chemotherapy vs chemotherapy alone in EGFR exon 20 NSCLC (PAPILLON)
PMID 37870976 a_Summary_SoE.pdf,37870976,Arm A (Amivantamab + Carboplatin-Pemetrexed),intervention,receive intravenous amivantamab plus chemotherapy (amivantamab-chemotherapy) or chemotherapy alone,True,Amivantamab plus chemotherapy vs chemotherapy alone in EGFR exon 20 NSCLC (PAPILLON)
PMID 37935977 a_Summary_SoE.pdf,37935977,Arm 1 (7+3: Daunorubicin + AraC),control,"compared daunorubicin and cytarabine (DA), idarubicin with higher dose cytarabine (IA) and IA with vorinostat (IA + V)",True,Standard 7+3 vs high-dose cytarabine (IA) vs IA plus vorinostat in younger AML (S1203)
PMID 37935977 a_Summary_SoE.pdf,37935977,Arm 2 (IA: Idarubicin + AraC),intervention,use of higher doses of cytarabine during induction ... with a histone deacetylase inhibitor resulted in high response rates,True,Standard 7+3 vs high-dose cytarabine (IA) vs IA plus vorinostat in younger AML (S1203)
PMID 37935977 a_Summary_SoE.pdf,37935977,Arm 3 (IA+V: IA + Vorinostat),intervention,use of higher doses of cytarabine during induction ... with a histone deacetylase inhibitor resulted in high response rates,True,Standard 7+3 vs high-dose cytarabine (IA) vs IA plus vorinostat in younger AML (S1203)
PMID 38059497 CT_Summary_SoE.pdf,38059497,Group B (modified FOLFOX-6 + bevacizumab),control,may improve outcomes over the existing standard of care (leucovorin),True,Arfolitixorin vs leucovorin with FOLFOX-bevacizumab first-line in mCRC (AGENT)
PMID 38059497 CT_Summary_SoE.pdf,38059497,Group A (ARFOX + bevacizumab),intervention,Arfolitixorin ... is an immediately active folate and may improve outcomes over the existing standard of care (leucovorin),True,Arfolitixorin vs leucovorin with FOLFOX-bevacizumab first-line in mCRC (AGENT)
PMID 38060199 CT_Summary_SoE.pdf,38060199,Arm C (Paclitaxel + Placebo + Placebo),control,Grade ≥3 adverse events were more frequent with the triplet than with doublets or single-agent paclitaxel,False,Ipatasertib/atezolizumab/paclitaxel triplet vs paclitaxel (and doublets) in first-line mTNBC (IPATunity170)
PMID 38060199 CT_Summary_SoE.pdf,38060199,Arm A (Ipatasertib + Atezolizumab + Paclitaxel),intervention,"evaluate a triplet regimen combining immune checkpoint blockade, AKT pathway inhibition, and (nab-) paclitaxel as first-line therapy",False,Ipatasertib/atezolizumab/paclitaxel triplet vs paclitaxel (and doublets) in first-line mTNBC (IPATunity170)
PMID 38060199 CT_Summary_SoE.pdf,38060199,Arm B (Ipatasertib + Paclitaxel / Atezolizumab + Paclitaxel),unresolved,,False,Ipatasertib/atezolizumab/paclitaxel triplet vs paclitaxel (and doublets) in first-line mTNBC (IPATunity170)
PMID 38060199 CT_Summary_SoE.pdf,38060199,Arm B - Cohort 2 (Atezolizumab + Paclitaxel + Placebo),unresolved,,False,Ipatasertib/atezolizumab/paclitaxel triplet vs paclitaxel (and doublets) in first-line mTNBC (IPATunity170)
PMID 38252907 a_Summary_SoE.pdf,38252907,Arm C (Pemetrexed plus Platinum),control,randomly assigned 1:1 to nivolumab ... plus platinum-doublet chemotherapy ... or platinum-doublet chemotherapy alone,True,Nivolumab plus chemotherapy vs chemotherapy in EGFR-mutated NSCLC post-TKI (CheckMate 722)
PMID 38252907 a_Summary_SoE.pdf,38252907,Arm A (Nivolumab plus Pemetrexed/Platinum),intervention,evaluated nivolumab plus chemotherapy versus chemotherapy in patients with EGFR-mutated metastatic non-small-cell lung cancer,True,Nivolumab plus chemotherapy vs chemotherapy in EGFR-mutated NSCLC post-TKI (CheckMate 722)
PMID 38252907 a_Summary_SoE.pdf,38252907,Arm B (Nivolumab plus Ipilimumab),unresolved,,True,Nivolumab plus chemotherapy vs chemotherapy in EGFR-mutated NSCLC post-TKI (CheckMate 722)
PMID 38483412 a_Summary_SoE.pdf,38483412,Arm I (COPORT),control,To determine if HYPORT is noninferior to COPORT for patient-reported genitourinary (GU) and gastrointestinal (GI) symptoms,True,Hypofractionated (HYPORT) vs conventional (COPORT) postprostatectomy radiotherapy noninferiority (NRG-GU003)
PMID 38483412 a_Summary_SoE.pdf,38483412,Arm II (HYPORT),intervention,HYPORT is a new acceptable practice standard for patients receiving postprostatectomy radiotherapy,True,Hypofractionated (HYPORT) vs conventional (COPORT) postprostatectomy radiotherapy noninferiority (NRG-GU003)
PMID 38648575 a_Summary_SoE.pdf,38648575,Arm B (IV Topotecan),control,compared second-line liposomal irinotecan with topotecan in patients with small cell lung cancer (SCLC),True,Liposomal irinotecan vs topotecan second-line in relapsed SCLC (RESILIENT Part 2)
PMID 38648575 a_Summary_SoE.pdf,38648575,Arm A (Irinotecan Liposome Injection),intervention,compared second-line liposomal irinotecan with topotecan in patients with small cell lung cancer (SCLC),True,Liposomal irinotecan vs topotecan second-line in relapsed SCLC (RESILIENT Part 2)
