category,nct,pmid,pubmed_url,ctgov_url,design_summary,arm_name,tt_12mo,pipeline_label,ctgov_type,ctgov_label,pubmed_designation,pubmed_evidence,current_final_label,this_arm_unresolved,HUMAN_DECISION (intervention/control/exclude),HUMAN_NOTES,abstract_full
A: head-to-head (no control in abstract),NCT00075816,23075175,https://pubmed.ncbi.nlm.nih.gov/23075175,https://clinicaltrials.gov/study/NCT00075816,Phase 3 head-to-head comparison of peripheral-blood stem-cell versus bone marrow transplantation from unrelated donors. Direct comparison of two graft sources with no designated standard-of-care or control arm.,Arm B (Marrow Transplantation),29.0,control,ACTIVE_COMPARATOR,control,unresolved,,control,True,,,"1. N Engl J Med. 2012 Oct 18;367(16):1487-96. doi: 10.1056/NEJMoa1203517.

Peripheral-blood stem cells versus bone marrow from unrelated donors.

and Marrow Transplant Clinical Trials Network.

BACKGROUND: Randomized trials have shown that the transplantation of 
filgrastim-mobilized peripheral-blood stem cells from HLA-identical siblings 
accelerates engraftment but increases the risks of acute and chronic 
graft-versus-host disease (GVHD), as compared with the transplantation of bone 
marrow. Some studies have also shown that peripheral-blood stem cells are 
associated with a decreased rate of relapse and improved survival among 
recipients with high-risk leukemia.
METHODS: We conducted a phase 3, multicenter, randomized trial of 
transplantation of peripheral-blood stem cells versus bone marrow from unrelated 
donors to compare 2-year survival probabilities with the use of an 
intention-to-treat analysis. Between March 2004 and September 2009, we enrolled 
551 patients at 48 centers. Patients were randomly assigned in a 1:1 ratio to 
peripheral-blood stem-cell or bone marrow transplantation, stratified according 
to transplantation center and disease risk. The median follow-up of surviving 
patients was 36 months (interquartile range, 30 to 37).
RESULTS: The overall survival rate at 2 years in the peripheral-blood group was 
51% (95% confidence interval [CI], 45 to 57), as compared with 46% (95% CI, 40 
to 52) in the bone marrow group (P=0.29), with an absolute difference of 5 
percentage points (95% CI, -3 to 14). The overall incidence of graft failure in 
the peripheral-blood group was 3% (95% CI, 1 to 5), versus 9% (95% CI, 6 to 13) 
in the bone marrow group (P=0.002). The incidence of chronic GVHD at 2 years in 
the peripheral-blood group was 53% (95% CI, 45 to 61), as compared with 41% (95% 
CI, 34 to 48) in the bone marrow group (P=0.01). There were no significant 
between-group differences in the incidence of acute GVHD or relapse.
CONCLUSIONS: We did not detect significant survival differences between 
peripheral-blood stem-cell and bone marrow transplantation from unrelated 
donors. Exploratory analyses of secondary end points indicated that 
peripheral-blood stem cells may reduce the risk of graft failure, whereas bone 
marrow may reduce the risk of chronic GVHD. (Funded by the National Heart, Lung, 
and Blood Institute-National Cancer Institute and others; ClinicalTrials.gov 
number, NCT00075816.)."
A: head-to-head (no control in abstract),NCT00075816,23075175,https://pubmed.ncbi.nlm.nih.gov/23075175,https://clinicaltrials.gov/study/NCT00075816,Phase 3 head-to-head comparison of peripheral-blood stem-cell versus bone marrow transplantation from unrelated donors. Direct comparison of two graft sources with no designated standard-of-care or control arm.,Arm A (PBSC Transplantation),29.0,intervention,ACTIVE_COMPARATOR,control,unresolved,,intervention,True,,,"1. N Engl J Med. 2012 Oct 18;367(16):1487-96. doi: 10.1056/NEJMoa1203517.

Peripheral-blood stem cells versus bone marrow from unrelated donors.

and Marrow Transplant Clinical Trials Network.

BACKGROUND: Randomized trials have shown that the transplantation of 
filgrastim-mobilized peripheral-blood stem cells from HLA-identical siblings 
accelerates engraftment but increases the risks of acute and chronic 
graft-versus-host disease (GVHD), as compared with the transplantation of bone 
marrow. Some studies have also shown that peripheral-blood stem cells are 
associated with a decreased rate of relapse and improved survival among 
recipients with high-risk leukemia.
METHODS: We conducted a phase 3, multicenter, randomized trial of 
transplantation of peripheral-blood stem cells versus bone marrow from unrelated 
donors to compare 2-year survival probabilities with the use of an 
intention-to-treat analysis. Between March 2004 and September 2009, we enrolled 
551 patients at 48 centers. Patients were randomly assigned in a 1:1 ratio to 
peripheral-blood stem-cell or bone marrow transplantation, stratified according 
to transplantation center and disease risk. The median follow-up of surviving 
patients was 36 months (interquartile range, 30 to 37).
RESULTS: The overall survival rate at 2 years in the peripheral-blood group was 
51% (95% confidence interval [CI], 45 to 57), as compared with 46% (95% CI, 40 
to 52) in the bone marrow group (P=0.29), with an absolute difference of 5 
percentage points (95% CI, -3 to 14). The overall incidence of graft failure in 
the peripheral-blood group was 3% (95% CI, 1 to 5), versus 9% (95% CI, 6 to 13) 
in the bone marrow group (P=0.002). The incidence of chronic GVHD at 2 years in 
the peripheral-blood group was 53% (95% CI, 45 to 61), as compared with 41% (95% 
CI, 34 to 48) in the bone marrow group (P=0.01). There were no significant 
between-group differences in the incidence of acute GVHD or relapse.
CONCLUSIONS: We did not detect significant survival differences between 
peripheral-blood stem-cell and bone marrow transplantation from unrelated 
donors. Exploratory analyses of secondary end points indicated that 
peripheral-blood stem cells may reduce the risk of graft failure, whereas bone 
marrow may reduce the risk of chronic GVHD. (Funded by the National Heart, Lung, 
and Blood Institute-National Cancer Institute and others; ClinicalTrials.gov 
number, NCT00075816.)."
A: head-to-head (no control in abstract),NCT00127205,31693129,https://pubmed.ncbi.nlm.nih.gov/31693129,https://clinicaltrials.gov/study/NCT00127205,"S0307 phase III adjuvant breast cancer trial comparing three bisphosphonates head-to-head (intravenous zoledronic acid vs oral clodronate vs oral ibandronate); no designated standard comparator arm, so arm roles are not assignable.",Arm 2 (Clodronate),8.0,control,ACTIVE_COMPARATOR,control,unresolved,,control,True,,,"19. J Natl Cancer Inst. 2020 Jul 1;112(7):698-707. doi: 10.1093/jnci/djz215.

Phase III Randomized Trial of Bisphosphonates as Adjuvant Therapy in Breast 
Cancer: S0307.

RB(17), Hortobagyi GN(18).

BACKGROUND: Adjuvant bisphosphonates, when given in a low-estrogen environment, 
can decrease breast cancer recurrence and death. Treatment guidelines include 
recommendations for adjuvant bisphosphonates in postmenopausal patients. 
SWOG/Alliance/Canadian Cancer Trials Group/ECOG-ACRIN/NRG Oncology study S0307 
compared the efficacy of three bisphosphonates in early-stage breast cancer.
METHODS: Patients with stage I-III breast cancer were randomly assigned to 
3 years of intravenous zoledronic acid, oral clodronate, or oral ibandronate. 
The primary endpoint was disease-free survival (DFS) with overall survival as a 
secondary outcome. All statistical tests were two-sided.
RESULTS: A total of 6097 patients enrolled. Median age was 52.7 years. Prior to 
being randomly assigned, 73.2% patients indicated preference for oral vs 
intravenous formulation. DFS did not differ across arms in a log-rank test 
(P = .49); 5-year DFS was 88.3% (zoledronic acid: 95% confidence interval [CI] = 
86.9% to 89.6%), 87.6% (clodronate: 95% CI = 86.1% to 88.9%), and 87.4% 
(ibandronate: 95% CI = 85.6% to 88.9%). Additionally, 5-year overall survival 
did not differ between arms (log rank P = .50) and was 92.6% (zoledronic acid: 
95% CI = 91.4% to 93.6%), 92.4% (clodronate: 95% CI = 91.2% to 93.5%), and 92.9% 
(ibandronate: 95% CI = 91.5% to 94.1%). Bone as first site of recurrence did not 
differ between arms (P = .93). Analyses based on age and tumor subtypes showed 
no treatment differences. Grade 3/4 toxicity was 8.8% (zoledronic acid), 8.3% 
(clodronate), and 10.5% (ibandronate). Osteonecrosis of the jaw was highest for 
zoledronic acid (1.26%) compared with clodronate (0.36%) and ibandronate 
(0.77%).
CONCLUSIONS: We found no evidence of differences in efficacy by type of 
bisphosphonate, either in overall analysis or subgroups. Despite an increased 
rate of osteonecrosis of the jaw with zoledronic acid, overall toxicity grade 
differed little across arms. Given that patients expressed preference for oral 
formulation, efforts to make oral agents available in the United States should 
be considered."
A: head-to-head (no control in abstract),NCT00127205,31693129,https://pubmed.ncbi.nlm.nih.gov/31693129,https://clinicaltrials.gov/study/NCT00127205,"S0307 phase III adjuvant breast cancer trial comparing three bisphosphonates head-to-head (intravenous zoledronic acid vs oral clodronate vs oral ibandronate); no designated standard comparator arm, so arm roles are not assignable.",Arm 1 (Zoledronic Acid),8.0,intervention,EXPERIMENTAL,intervention,unresolved,,intervention,True,,,"19. J Natl Cancer Inst. 2020 Jul 1;112(7):698-707. doi: 10.1093/jnci/djz215.

Phase III Randomized Trial of Bisphosphonates as Adjuvant Therapy in Breast 
Cancer: S0307.

RB(17), Hortobagyi GN(18).

BACKGROUND: Adjuvant bisphosphonates, when given in a low-estrogen environment, 
can decrease breast cancer recurrence and death. Treatment guidelines include 
recommendations for adjuvant bisphosphonates in postmenopausal patients. 
SWOG/Alliance/Canadian Cancer Trials Group/ECOG-ACRIN/NRG Oncology study S0307 
compared the efficacy of three bisphosphonates in early-stage breast cancer.
METHODS: Patients with stage I-III breast cancer were randomly assigned to 
3 years of intravenous zoledronic acid, oral clodronate, or oral ibandronate. 
The primary endpoint was disease-free survival (DFS) with overall survival as a 
secondary outcome. All statistical tests were two-sided.
RESULTS: A total of 6097 patients enrolled. Median age was 52.7 years. Prior to 
being randomly assigned, 73.2% patients indicated preference for oral vs 
intravenous formulation. DFS did not differ across arms in a log-rank test 
(P = .49); 5-year DFS was 88.3% (zoledronic acid: 95% confidence interval [CI] = 
86.9% to 89.6%), 87.6% (clodronate: 95% CI = 86.1% to 88.9%), and 87.4% 
(ibandronate: 95% CI = 85.6% to 88.9%). Additionally, 5-year overall survival 
did not differ between arms (log rank P = .50) and was 92.6% (zoledronic acid: 
95% CI = 91.4% to 93.6%), 92.4% (clodronate: 95% CI = 91.2% to 93.5%), and 92.9% 
(ibandronate: 95% CI = 91.5% to 94.1%). Bone as first site of recurrence did not 
differ between arms (P = .93). Analyses based on age and tumor subtypes showed 
no treatment differences. Grade 3/4 toxicity was 8.8% (zoledronic acid), 8.3% 
(clodronate), and 10.5% (ibandronate). Osteonecrosis of the jaw was highest for 
zoledronic acid (1.26%) compared with clodronate (0.36%) and ibandronate 
(0.77%).
CONCLUSIONS: We found no evidence of differences in efficacy by type of 
bisphosphonate, either in overall analysis or subgroups. Despite an increased 
rate of osteonecrosis of the jaw with zoledronic acid, overall toxicity grade 
differed little across arms. Given that patients expressed preference for oral 
formulation, efforts to make oral agents available in the United States should 
be considered."
A: head-to-head (no control in abstract),NCT00127205,31693129,https://pubmed.ncbi.nlm.nih.gov/31693129,https://clinicaltrials.gov/study/NCT00127205,"S0307 phase III adjuvant breast cancer trial comparing three bisphosphonates head-to-head (intravenous zoledronic acid vs oral clodronate vs oral ibandronate); no designated standard comparator arm, so arm roles are not assignable.",Arm 3 (Ibandronate),8.0,intervention,EXPERIMENTAL,intervention,unresolved,,intervention,True,,,"19. J Natl Cancer Inst. 2020 Jul 1;112(7):698-707. doi: 10.1093/jnci/djz215.

Phase III Randomized Trial of Bisphosphonates as Adjuvant Therapy in Breast 
Cancer: S0307.

RB(17), Hortobagyi GN(18).

BACKGROUND: Adjuvant bisphosphonates, when given in a low-estrogen environment, 
can decrease breast cancer recurrence and death. Treatment guidelines include 
recommendations for adjuvant bisphosphonates in postmenopausal patients. 
SWOG/Alliance/Canadian Cancer Trials Group/ECOG-ACRIN/NRG Oncology study S0307 
compared the efficacy of three bisphosphonates in early-stage breast cancer.
METHODS: Patients with stage I-III breast cancer were randomly assigned to 
3 years of intravenous zoledronic acid, oral clodronate, or oral ibandronate. 
The primary endpoint was disease-free survival (DFS) with overall survival as a 
secondary outcome. All statistical tests were two-sided.
RESULTS: A total of 6097 patients enrolled. Median age was 52.7 years. Prior to 
being randomly assigned, 73.2% patients indicated preference for oral vs 
intravenous formulation. DFS did not differ across arms in a log-rank test 
(P = .49); 5-year DFS was 88.3% (zoledronic acid: 95% confidence interval [CI] = 
86.9% to 89.6%), 87.6% (clodronate: 95% CI = 86.1% to 88.9%), and 87.4% 
(ibandronate: 95% CI = 85.6% to 88.9%). Additionally, 5-year overall survival 
did not differ between arms (log rank P = .50) and was 92.6% (zoledronic acid: 
95% CI = 91.4% to 93.6%), 92.4% (clodronate: 95% CI = 91.2% to 93.5%), and 92.9% 
(ibandronate: 95% CI = 91.5% to 94.1%). Bone as first site of recurrence did not 
differ between arms (P = .93). Analyses based on age and tumor subtypes showed 
no treatment differences. Grade 3/4 toxicity was 8.8% (zoledronic acid), 8.3% 
(clodronate), and 10.5% (ibandronate). Osteonecrosis of the jaw was highest for 
zoledronic acid (1.26%) compared with clodronate (0.36%) and ibandronate 
(0.77%).
CONCLUSIONS: We found no evidence of differences in efficacy by type of 
bisphosphonate, either in overall analysis or subgroups. Despite an increased 
rate of osteonecrosis of the jaw with zoledronic acid, overall toxicity grade 
differed little across arms. Given that patients expressed preference for oral 
formulation, efforts to make oral agents available in the United States should 
be considered."
A: head-to-head (no control in abstract),NCT00127205,31693129,https://pubmed.ncbi.nlm.nih.gov/31693129,https://clinicaltrials.gov/study/NCT00127205,"S0307 phase III adjuvant breast cancer trial comparing three bisphosphonates head-to-head (intravenous zoledronic acid vs oral clodronate vs oral ibandronate); no designated standard comparator arm, so arm roles are not assignable.",Arm 3 (Ibandronate),8.0,intervention,,intervention,unresolved,,intervention,True,,,"19. J Natl Cancer Inst. 2020 Jul 1;112(7):698-707. doi: 10.1093/jnci/djz215.

Phase III Randomized Trial of Bisphosphonates as Adjuvant Therapy in Breast 
Cancer: S0307.

RB(17), Hortobagyi GN(18).

BACKGROUND: Adjuvant bisphosphonates, when given in a low-estrogen environment, 
can decrease breast cancer recurrence and death. Treatment guidelines include 
recommendations for adjuvant bisphosphonates in postmenopausal patients. 
SWOG/Alliance/Canadian Cancer Trials Group/ECOG-ACRIN/NRG Oncology study S0307 
compared the efficacy of three bisphosphonates in early-stage breast cancer.
METHODS: Patients with stage I-III breast cancer were randomly assigned to 
3 years of intravenous zoledronic acid, oral clodronate, or oral ibandronate. 
The primary endpoint was disease-free survival (DFS) with overall survival as a 
secondary outcome. All statistical tests were two-sided.
RESULTS: A total of 6097 patients enrolled. Median age was 52.7 years. Prior to 
being randomly assigned, 73.2% patients indicated preference for oral vs 
intravenous formulation. DFS did not differ across arms in a log-rank test 
(P = .49); 5-year DFS was 88.3% (zoledronic acid: 95% confidence interval [CI] = 
86.9% to 89.6%), 87.6% (clodronate: 95% CI = 86.1% to 88.9%), and 87.4% 
(ibandronate: 95% CI = 85.6% to 88.9%). Additionally, 5-year overall survival 
did not differ between arms (log rank P = .50) and was 92.6% (zoledronic acid: 
95% CI = 91.4% to 93.6%), 92.4% (clodronate: 95% CI = 91.2% to 93.5%), and 92.9% 
(ibandronate: 95% CI = 91.5% to 94.1%). Bone as first site of recurrence did not 
differ between arms (P = .93). Analyses based on age and tumor subtypes showed 
no treatment differences. Grade 3/4 toxicity was 8.8% (zoledronic acid), 8.3% 
(clodronate), and 10.5% (ibandronate). Osteonecrosis of the jaw was highest for 
zoledronic acid (1.26%) compared with clodronate (0.36%) and ibandronate 
(0.77%).
CONCLUSIONS: We found no evidence of differences in efficacy by type of 
bisphosphonate, either in overall analysis or subgroups. Despite an increased 
rate of osteonecrosis of the jaw with zoledronic acid, overall toxicity grade 
differed little across arms. Given that patients expressed preference for oral 
formulation, efforts to make oral agents available in the United States should 
be considered."
A: head-to-head (no control in abstract),NCT00265850,28632865,https://pubmed.ncbi.nlm.nih.gov/28632865,https://clinicaltrials.gov/study/NCT00265850,"CALGB/SWOG 80405: KRAS wild-type metastatic colorectal cancer, first-line FOLFOX/FOLFIRI randomized to cetuximab versus bevacizumab. Pure head-to-head of two biologics with no significant survival difference and no designated standard-of-care or control arm.",Arm A (Bevacizumab + FOLFOX/FOLFIRI),27.0,control,ACTIVE_COMPARATOR,control,unresolved,,control,True,,,"2. JAMA. 2017 Jun 20;317(23):2392-2401. doi: 10.1001/jama.2017.7105.

Effect of First-Line Chemotherapy Combined With Cetuximab or Bevacizumab on 
Overall Survival in Patients With KRAS Wild-Type Advanced or Metastatic 
Colorectal Cancer: A Randomized Clinical Trial.

Mulkerin DL(18), Mayer RJ(6), Blanke C(19).

IMPORTANCE: Combining biologic monoclonal antibodies with chemotherapeutic 
cytotoxic drugs provides clinical benefit to patients with advanced or 
metastatic colorectal cancer, but the optimal choice of the initial biologic 
therapy in previously untreated patients is unknown.
OBJECTIVE: To determine if the addition of cetuximab vs bevacizumab to the 
combination of leucovorin, fluorouracil, and oxaliplatin (mFOLFOX6) regimen or 
the combination of leucovorin, fluorouracil, and irinotecan (FOLFIRI) regimen is 
superior as first-line therapy in advanced or metastatic KRAS wild-type (wt) 
colorectal cancer.
DESIGN, SETTING, AND PARTICIPANTS: Patients (≥18 years) enrolled at community 
and academic centers throughout the National Clinical Trials Network in the 
United States and Canada (November 2005-March 2012) with previously untreated 
advanced or metastatic colorectal cancer whose tumors were KRAS wt chose to take 
either the mFOLFOX6 regimen or the FOLFIRI regimen as chemotherapy and were 
randomized to receive either cetuximab (n = 578) or bevacizumab (n = 559). The 
last date of follow-up was December 15, 2015.
INTERVENTIONS: Cetuximab vs bevacizumab combined with either mFOLFOX6 or FOLFIRI 
chemotherapy regimen chosen by the treating physician and patient.
MAIN OUTCOMES AND MEASURES: The primary end point was overall survival. 
Secondary objectives included progression-free survival and overall response 
rate, site-reported confirmed or unconfirmed complete or partial response.
RESULTS: Among 1137 patients (median age, 59 years; 440 [39%] women), 1074 (94%) 
of patients met eligibility criteria. As of December 15, 2015, median follow-up 
for 263 surviving patients was 47.4 months (range, 0-110.7 months), and 82% of 
patients (938 of 1137) experienced disease progression. The median overall 
survival was 30.0 months in the cetuximab-chemotherapy group and 29.0 months in 
the bevacizumab-chemotherapy group with a stratified hazard ratio (HR) of 0.88 
(95% CI, 0.77-1.01; P = .08). The median progression-free survival was 10.5 
months in the cetuximab-chemotherapy group and 10.6 months in the 
bevacizumab-chemotherapy group with a stratified HR of 0.95 (95% CI, 0.84-1.08; 
P = .45). Response rates were not significantly different, 59.6% vs 55.2% for 
P = .13).
CONCLUSIONS AND RELEVANCE: Among patients with KRAS wt untreated advanced or 
metastatic colorectal cancer, there was no significant difference in overall 
survival between the addition of cetuximab vs bevacizumab to chemotherapy as 
initial biologic treatment.
TRIAL REGISTRATION: clinicaltrials.gov identifier: NCT00265850."
A: head-to-head (no control in abstract),NCT00265850,28632865,https://pubmed.ncbi.nlm.nih.gov/28632865,https://clinicaltrials.gov/study/NCT00265850,"CALGB/SWOG 80405: KRAS wild-type metastatic colorectal cancer, first-line FOLFOX/FOLFIRI randomized to cetuximab versus bevacizumab. Pure head-to-head of two biologics with no significant survival difference and no designated standard-of-care or control arm.",Arm B (Cetuximab + FOLFOX/FOLFIRI),53.0,intervention,EXPERIMENTAL,intervention,unresolved,,intervention,True,,,"2. JAMA. 2017 Jun 20;317(23):2392-2401. doi: 10.1001/jama.2017.7105.

Effect of First-Line Chemotherapy Combined With Cetuximab or Bevacizumab on 
Overall Survival in Patients With KRAS Wild-Type Advanced or Metastatic 
Colorectal Cancer: A Randomized Clinical Trial.

Mulkerin DL(18), Mayer RJ(6), Blanke C(19).

IMPORTANCE: Combining biologic monoclonal antibodies with chemotherapeutic 
cytotoxic drugs provides clinical benefit to patients with advanced or 
metastatic colorectal cancer, but the optimal choice of the initial biologic 
therapy in previously untreated patients is unknown.
OBJECTIVE: To determine if the addition of cetuximab vs bevacizumab to the 
combination of leucovorin, fluorouracil, and oxaliplatin (mFOLFOX6) regimen or 
the combination of leucovorin, fluorouracil, and irinotecan (FOLFIRI) regimen is 
superior as first-line therapy in advanced or metastatic KRAS wild-type (wt) 
colorectal cancer.
DESIGN, SETTING, AND PARTICIPANTS: Patients (≥18 years) enrolled at community 
and academic centers throughout the National Clinical Trials Network in the 
United States and Canada (November 2005-March 2012) with previously untreated 
advanced or metastatic colorectal cancer whose tumors were KRAS wt chose to take 
either the mFOLFOX6 regimen or the FOLFIRI regimen as chemotherapy and were 
randomized to receive either cetuximab (n = 578) or bevacizumab (n = 559). The 
last date of follow-up was December 15, 2015.
INTERVENTIONS: Cetuximab vs bevacizumab combined with either mFOLFOX6 or FOLFIRI 
chemotherapy regimen chosen by the treating physician and patient.
MAIN OUTCOMES AND MEASURES: The primary end point was overall survival. 
Secondary objectives included progression-free survival and overall response 
rate, site-reported confirmed or unconfirmed complete or partial response.
RESULTS: Among 1137 patients (median age, 59 years; 440 [39%] women), 1074 (94%) 
of patients met eligibility criteria. As of December 15, 2015, median follow-up 
for 263 surviving patients was 47.4 months (range, 0-110.7 months), and 82% of 
patients (938 of 1137) experienced disease progression. The median overall 
survival was 30.0 months in the cetuximab-chemotherapy group and 29.0 months in 
the bevacizumab-chemotherapy group with a stratified hazard ratio (HR) of 0.88 
(95% CI, 0.77-1.01; P = .08). The median progression-free survival was 10.5 
months in the cetuximab-chemotherapy group and 10.6 months in the 
bevacizumab-chemotherapy group with a stratified HR of 0.95 (95% CI, 0.84-1.08; 
P = .45). Response rates were not significantly different, 59.6% vs 55.2% for 
P = .13).
CONCLUSIONS AND RELEVANCE: Among patients with KRAS wt untreated advanced or 
metastatic colorectal cancer, there was no significant difference in overall 
survival between the addition of cetuximab vs bevacizumab to chemotherapy as 
initial biologic treatment.
TRIAL REGISTRATION: clinicaltrials.gov identifier: NCT00265850."
A: head-to-head (no control in abstract),NCT00310180,26412349,https://pubmed.ncbi.nlm.nih.gov/26412349,https://clinicaltrials.gov/study/NCT00310180,TAILORx 21-gene assay validation. This abstract reports only the recurrence-score 0-10 cohort assigned to endocrine therapy alone without chemotherapy; it is a single observational arm with no chemotherapy-comparator results and no designated intervention/control roles.,Arm B (Hormonal Therapy Alone),4.0,control,EXPERIMENTAL,intervention,unresolved,,control,True,,,"3. N Engl J Med. 2015 Nov 19;373(21):2005-14. doi: 10.1056/NEJMoa1510764. Epub
2015  Sep 27.

Prospective Validation of a 21-Gene Expression Assay in Breast Cancer.

VG, Atkins JN, Berenberg JL, Sledge GW.

BACKGROUND: Prior studies with the use of a prospective-retrospective design 
including archival tumor samples have shown that gene-expression assays provide 
clinically useful prognostic information. However, a prospectively conducted 
study in a uniformly treated population provides the highest level of evidence 
supporting the clinical validity and usefulness of a biomarker.
METHODS: We performed a prospective trial involving women with 
hormone-receptor-positive, human epidermal growth factor receptor type 2 
(HER2)-negative, axillary node-negative breast cancer with tumors of 1.1 to 5.0 
cm in the greatest dimension (or 0.6 to 1.0 cm in the greatest dimension and 
intermediate or high tumor grade) who met established guidelines for the 
consideration of adjuvant chemotherapy on the basis of clinicopathologic 
features. A reverse-transcriptase-polymerase-chain-reaction assay of 21 genes 
was performed on the paraffin-embedded tumor tissue, and the results were used 
to calculate a score indicating the risk of breast-cancer recurrence; patients 
were assigned to receive endocrine therapy without chemotherapy if they had a 
recurrence score of 0 to 10, indicating a very low risk of recurrence (on a 
scale of 0 to 100, with higher scores indicating a greater risk of recurrence).
RESULTS: Of the 10,253 eligible women enrolled, 1626 women (15.9%) who had a 
recurrence score of 0 to 10 were assigned to receive endocrine therapy alone 
without chemotherapy. At 5 years, in this patient population, the rate of 
invasive disease-free survival was 93.8% (95% confidence interval [CI], 92.4 to 
94.9), the rate of freedom from recurrence of breast cancer at a distant site 
was 99.3% (95% CI, 98.7 to 99.6), the rate of freedom from recurrence of breast 
cancer at a distant or local-regional site was 98.7% (95% CI, 97.9 to 99.2), and 
the rate of overall survival was 98.0% (95% CI, 97.1 to 98.6).
CONCLUSIONS: Among patients with hormone-receptor-positive, HER2-negative, 
axillary node-negative breast cancer who met established guidelines for the 
recommendation of adjuvant chemotherapy on the basis of clinicopathologic 
features, those with tumors that had a favorable gene-expression profile had 
very low rates of recurrence at 5 years with endocrine therapy alone. (Funded by 
the National Cancer Institute and others; ClinicalTrials.gov number, 
NCT00310180.)."
A: head-to-head (no control in abstract),NCT00310180,26412349,https://pubmed.ncbi.nlm.nih.gov/26412349,https://clinicaltrials.gov/study/NCT00310180,TAILORx 21-gene assay validation. This abstract reports only the recurrence-score 0-10 cohort assigned to endocrine therapy alone without chemotherapy; it is a single observational arm with no chemotherapy-comparator results and no designated intervention/control roles.,Arm C (Chemotherapy + Hormonal Therapy),8.0,intervention,EXPERIMENTAL,intervention,unresolved,,intervention,True,,,"3. N Engl J Med. 2015 Nov 19;373(21):2005-14. doi: 10.1056/NEJMoa1510764. Epub
2015  Sep 27.

Prospective Validation of a 21-Gene Expression Assay in Breast Cancer.

VG, Atkins JN, Berenberg JL, Sledge GW.

BACKGROUND: Prior studies with the use of a prospective-retrospective design 
including archival tumor samples have shown that gene-expression assays provide 
clinically useful prognostic information. However, a prospectively conducted 
study in a uniformly treated population provides the highest level of evidence 
supporting the clinical validity and usefulness of a biomarker.
METHODS: We performed a prospective trial involving women with 
hormone-receptor-positive, human epidermal growth factor receptor type 2 
(HER2)-negative, axillary node-negative breast cancer with tumors of 1.1 to 5.0 
cm in the greatest dimension (or 0.6 to 1.0 cm in the greatest dimension and 
intermediate or high tumor grade) who met established guidelines for the 
consideration of adjuvant chemotherapy on the basis of clinicopathologic 
features. A reverse-transcriptase-polymerase-chain-reaction assay of 21 genes 
was performed on the paraffin-embedded tumor tissue, and the results were used 
to calculate a score indicating the risk of breast-cancer recurrence; patients 
were assigned to receive endocrine therapy without chemotherapy if they had a 
recurrence score of 0 to 10, indicating a very low risk of recurrence (on a 
scale of 0 to 100, with higher scores indicating a greater risk of recurrence).
RESULTS: Of the 10,253 eligible women enrolled, 1626 women (15.9%) who had a 
recurrence score of 0 to 10 were assigned to receive endocrine therapy alone 
without chemotherapy. At 5 years, in this patient population, the rate of 
invasive disease-free survival was 93.8% (95% confidence interval [CI], 92.4 to 
94.9), the rate of freedom from recurrence of breast cancer at a distant site 
was 99.3% (95% CI, 98.7 to 99.6), the rate of freedom from recurrence of breast 
cancer at a distant or local-regional site was 98.7% (95% CI, 97.9 to 99.2), and 
the rate of overall survival was 98.0% (95% CI, 97.1 to 98.6).
CONCLUSIONS: Among patients with hormone-receptor-positive, HER2-negative, 
axillary node-negative breast cancer who met established guidelines for the 
recommendation of adjuvant chemotherapy on the basis of clinicopathologic 
features, those with tumors that had a favorable gene-expression profile had 
very low rates of recurrence at 5 years with endocrine therapy alone. (Funded by 
the National Cancer Institute and others; ClinicalTrials.gov number, 
NCT00310180.)."
A: head-to-head (no control in abstract),NCT00475085,22915657,https://pubmed.ncbi.nlm.nih.gov/22915657,https://clinicaltrials.gov/study/NCT00475085,Four-regimen factorial antiemetic trial for delayed nausea (palonosetron vs granisetron; +/- day 2-3 dexamethasone; aprepitant vs prochlorperazine). All arms are active antiemetic regimens compared pairwise with no single designated control arm.,Arm 3 (Aprepitant + Palonosetron + Dexamethasone),1.0,control,ACTIVE_COMPARATOR,control,unresolved,,control,True,,,"19. J Clin Oncol. 2012 Sep 20;30(27):3389-95. doi: 10.1200/JCO.2011.39.8123. Epub
 2012 Aug 20.

Prevention of delayed nausea: a University of Rochester Cancer Center Community 
Clinical Oncology Program study of patients receiving chemotherapy.

PURPOSE: We conducted a double-blind randomized clinical trial of the following 
four regimens for controlling delayed nausea (DN): group 1: palonosetron + 
dexamethasone on day 1 with prochlorperazine on days 2 and 3; group 2: 
granisetron + dexamethasone on day 1 with prochlorperazine on days 2 and 3; 
group 3: aprepitant + palonosetron + dexamethasone on day 1 with aprepitant + 
dexamethasone on days 2 and 3; and group 4: palonosetron + dexamethasone on day 
1 with prochlorperazine + dexamethasone on days 2 and 3.
PATIENTS AND METHODS: Chemotherapy-naive patients received doxorubicin, 
epirubicin, cisplatin, carboplatin, or oxaliplatin. The primary end point was 
average nausea assessed four times daily on days 2 and 3. Primary analyses were 
whether nausea control would be improved by using palonosetron versus 
granisetron on day 1 (group 1 v group 2); by adding dexamethasone on days 2 and 
3 (group 1 v group 4); and by using aprepitant versus prochlorperazine (group 3 
v group 4). Statistical significance was set at P = .017.
RESULTS: Two hundred thirty-four, 234, 241, and 235 evaluable patients were 
the three planned analyses were as follows: palonosetron versus granisetron: 
-0.01 (95% CI, -0.23 to 0.20; P = .72); adding dexamethasone on days 2 and 3: 
0.20 (95% CI, -0.02 to 0.41; P = .01); and using aprepitant versus 
prochlorperazine: -0.03 (95% CI, -0.24 to 0.19; P = .56).
CONCLUSION: The addition of dexamethasone on days 2 and 3 reduced DN. 
Palonosetron and granisetron have similar effects on DN. The beneficial effect 
of adding aprepitant for control of DN was the same as adding prochlorperazine."
A: head-to-head (no control in abstract),NCT00475085,22915657,https://pubmed.ncbi.nlm.nih.gov/22915657,https://clinicaltrials.gov/study/NCT00475085,Four-regimen factorial antiemetic trial for delayed nausea (palonosetron vs granisetron; +/- day 2-3 dexamethasone; aprepitant vs prochlorperazine). All arms are active antiemetic regimens compared pairwise with no single designated control arm.,Arm 1 (Palonosetron + Dexamethasone + Compazine),1.0,intervention,ACTIVE_COMPARATOR,control,unresolved,,intervention,True,,,"19. J Clin Oncol. 2012 Sep 20;30(27):3389-95. doi: 10.1200/JCO.2011.39.8123. Epub
 2012 Aug 20.

Prevention of delayed nausea: a University of Rochester Cancer Center Community 
Clinical Oncology Program study of patients receiving chemotherapy.

PURPOSE: We conducted a double-blind randomized clinical trial of the following 
four regimens for controlling delayed nausea (DN): group 1: palonosetron + 
dexamethasone on day 1 with prochlorperazine on days 2 and 3; group 2: 
granisetron + dexamethasone on day 1 with prochlorperazine on days 2 and 3; 
group 3: aprepitant + palonosetron + dexamethasone on day 1 with aprepitant + 
dexamethasone on days 2 and 3; and group 4: palonosetron + dexamethasone on day 
1 with prochlorperazine + dexamethasone on days 2 and 3.
PATIENTS AND METHODS: Chemotherapy-naive patients received doxorubicin, 
epirubicin, cisplatin, carboplatin, or oxaliplatin. The primary end point was 
average nausea assessed four times daily on days 2 and 3. Primary analyses were 
whether nausea control would be improved by using palonosetron versus 
granisetron on day 1 (group 1 v group 2); by adding dexamethasone on days 2 and 
3 (group 1 v group 4); and by using aprepitant versus prochlorperazine (group 3 
v group 4). Statistical significance was set at P = .017.
RESULTS: Two hundred thirty-four, 234, 241, and 235 evaluable patients were 
the three planned analyses were as follows: palonosetron versus granisetron: 
-0.01 (95% CI, -0.23 to 0.20; P = .72); adding dexamethasone on days 2 and 3: 
0.20 (95% CI, -0.02 to 0.41; P = .01); and using aprepitant versus 
prochlorperazine: -0.03 (95% CI, -0.24 to 0.19; P = .56).
CONCLUSION: The addition of dexamethasone on days 2 and 3 reduced DN. 
Palonosetron and granisetron have similar effects on DN. The beneficial effect 
of adding aprepitant for control of DN was the same as adding prochlorperazine."
A: head-to-head (no control in abstract),NCT00475085,22915657,https://pubmed.ncbi.nlm.nih.gov/22915657,https://clinicaltrials.gov/study/NCT00475085,Four-regimen factorial antiemetic trial for delayed nausea (palonosetron vs granisetron; +/- day 2-3 dexamethasone; aprepitant vs prochlorperazine). All arms are active antiemetic regimens compared pairwise with no single designated control arm.,"Arm 2: Granisetron + Dexamethasone (Day 1), Compazine + Placebo (Days 2 & 3)",1.0,control,EXPERIMENTAL,intervention,unresolved,,control,True,,,"19. J Clin Oncol. 2012 Sep 20;30(27):3389-95. doi: 10.1200/JCO.2011.39.8123. Epub
 2012 Aug 20.

Prevention of delayed nausea: a University of Rochester Cancer Center Community 
Clinical Oncology Program study of patients receiving chemotherapy.

PURPOSE: We conducted a double-blind randomized clinical trial of the following 
four regimens for controlling delayed nausea (DN): group 1: palonosetron + 
dexamethasone on day 1 with prochlorperazine on days 2 and 3; group 2: 
granisetron + dexamethasone on day 1 with prochlorperazine on days 2 and 3; 
group 3: aprepitant + palonosetron + dexamethasone on day 1 with aprepitant + 
dexamethasone on days 2 and 3; and group 4: palonosetron + dexamethasone on day 
1 with prochlorperazine + dexamethasone on days 2 and 3.
PATIENTS AND METHODS: Chemotherapy-naive patients received doxorubicin, 
epirubicin, cisplatin, carboplatin, or oxaliplatin. The primary end point was 
average nausea assessed four times daily on days 2 and 3. Primary analyses were 
whether nausea control would be improved by using palonosetron versus 
granisetron on day 1 (group 1 v group 2); by adding dexamethasone on days 2 and 
3 (group 1 v group 4); and by using aprepitant versus prochlorperazine (group 3 
v group 4). Statistical significance was set at P = .017.
RESULTS: Two hundred thirty-four, 234, 241, and 235 evaluable patients were 
the three planned analyses were as follows: palonosetron versus granisetron: 
-0.01 (95% CI, -0.23 to 0.20; P = .72); adding dexamethasone on days 2 and 3: 
0.20 (95% CI, -0.02 to 0.41; P = .01); and using aprepitant versus 
prochlorperazine: -0.03 (95% CI, -0.24 to 0.19; P = .56).
CONCLUSION: The addition of dexamethasone on days 2 and 3 reduced DN. 
Palonosetron and granisetron have similar effects on DN. The beneficial effect 
of adding aprepitant for control of DN was the same as adding prochlorperazine."
A: head-to-head (no control in abstract),NCT00475085,22915657,https://pubmed.ncbi.nlm.nih.gov/22915657,https://clinicaltrials.gov/study/NCT00475085,Four-regimen factorial antiemetic trial for delayed nausea (palonosetron vs granisetron; +/- day 2-3 dexamethasone; aprepitant vs prochlorperazine). All arms are active antiemetic regimens compared pairwise with no single designated control arm.,Arm 2 (Granisetron + Dexamethasone + Compazine),1.0,intervention,,intervention,unresolved,,intervention,True,,,"19. J Clin Oncol. 2012 Sep 20;30(27):3389-95. doi: 10.1200/JCO.2011.39.8123. Epub
 2012 Aug 20.

Prevention of delayed nausea: a University of Rochester Cancer Center Community 
Clinical Oncology Program study of patients receiving chemotherapy.

PURPOSE: We conducted a double-blind randomized clinical trial of the following 
four regimens for controlling delayed nausea (DN): group 1: palonosetron + 
dexamethasone on day 1 with prochlorperazine on days 2 and 3; group 2: 
granisetron + dexamethasone on day 1 with prochlorperazine on days 2 and 3; 
group 3: aprepitant + palonosetron + dexamethasone on day 1 with aprepitant + 
dexamethasone on days 2 and 3; and group 4: palonosetron + dexamethasone on day 
1 with prochlorperazine + dexamethasone on days 2 and 3.
PATIENTS AND METHODS: Chemotherapy-naive patients received doxorubicin, 
epirubicin, cisplatin, carboplatin, or oxaliplatin. The primary end point was 
average nausea assessed four times daily on days 2 and 3. Primary analyses were 
whether nausea control would be improved by using palonosetron versus 
granisetron on day 1 (group 1 v group 2); by adding dexamethasone on days 2 and 
3 (group 1 v group 4); and by using aprepitant versus prochlorperazine (group 3 
v group 4). Statistical significance was set at P = .017.
RESULTS: Two hundred thirty-four, 234, 241, and 235 evaluable patients were 
the three planned analyses were as follows: palonosetron versus granisetron: 
-0.01 (95% CI, -0.23 to 0.20; P = .72); adding dexamethasone on days 2 and 3: 
0.20 (95% CI, -0.02 to 0.41; P = .01); and using aprepitant versus 
prochlorperazine: -0.03 (95% CI, -0.24 to 0.19; P = .56).
CONCLUSION: The addition of dexamethasone on days 2 and 3 reduced DN. 
Palonosetron and granisetron have similar effects on DN. The beneficial effect 
of adding aprepitant for control of DN was the same as adding prochlorperazine."
A: head-to-head (no control in abstract),NCT00475085,22915657,https://pubmed.ncbi.nlm.nih.gov/22915657,https://clinicaltrials.gov/study/NCT00475085,Four-regimen factorial antiemetic trial for delayed nausea (palonosetron vs granisetron; +/- day 2-3 dexamethasone; aprepitant vs prochlorperazine). All arms are active antiemetic regimens compared pairwise with no single designated control arm.,Arm 4 (Palonosetron + Dexamethasone + Compazine + Dexamethasone),1.5,intervention,EXPERIMENTAL,intervention,unresolved,,intervention,True,,,"19. J Clin Oncol. 2012 Sep 20;30(27):3389-95. doi: 10.1200/JCO.2011.39.8123. Epub
 2012 Aug 20.

Prevention of delayed nausea: a University of Rochester Cancer Center Community 
Clinical Oncology Program study of patients receiving chemotherapy.

PURPOSE: We conducted a double-blind randomized clinical trial of the following 
four regimens for controlling delayed nausea (DN): group 1: palonosetron + 
dexamethasone on day 1 with prochlorperazine on days 2 and 3; group 2: 
granisetron + dexamethasone on day 1 with prochlorperazine on days 2 and 3; 
group 3: aprepitant + palonosetron + dexamethasone on day 1 with aprepitant + 
dexamethasone on days 2 and 3; and group 4: palonosetron + dexamethasone on day 
1 with prochlorperazine + dexamethasone on days 2 and 3.
PATIENTS AND METHODS: Chemotherapy-naive patients received doxorubicin, 
epirubicin, cisplatin, carboplatin, or oxaliplatin. The primary end point was 
average nausea assessed four times daily on days 2 and 3. Primary analyses were 
whether nausea control would be improved by using palonosetron versus 
granisetron on day 1 (group 1 v group 2); by adding dexamethasone on days 2 and 
3 (group 1 v group 4); and by using aprepitant versus prochlorperazine (group 3 
v group 4). Statistical significance was set at P = .017.
RESULTS: Two hundred thirty-four, 234, 241, and 235 evaluable patients were 
the three planned analyses were as follows: palonosetron versus granisetron: 
-0.01 (95% CI, -0.23 to 0.20; P = .72); adding dexamethasone on days 2 and 3: 
0.20 (95% CI, -0.02 to 0.41; P = .01); and using aprepitant versus 
prochlorperazine: -0.03 (95% CI, -0.24 to 0.19; P = .56).
CONCLUSION: The addition of dexamethasone on days 2 and 3 reduced DN. 
Palonosetron and granisetron have similar effects on DN. The beneficial effect 
of adding aprepitant for control of DN was the same as adding prochlorperazine."
A: head-to-head (no control in abstract),NCT00500890,34997889,https://pubmed.ncbi.nlm.nih.gov/34997889,https://clinicaltrials.gov/study/NCT00500890,"CPT-SIOP-2000 randomized high-risk choroid plexus tumors head-to-head between two chemotherapy regimens (CarbEV vs CycEV); no established standard existed, so neither arm is a designated control.","Carboplatin Arm (Carboplatin, Etoposide, Vincristine)",33.0,intervention,EXPERIMENTAL,intervention,unresolved,,intervention,True,,,"16. J Neurooncol. 2022 Feb;156(3):599-613. doi: 10.1007/s11060-021-03942-0. Epub 
2022 Jan 8.

Final results of the Choroid Plexus Tumor study CPT-SIOP-2000.

INTRODUCTION: Standards for chemotherapy against choroid plexus tumors (CPT) 
have not yet been established.
METHODS: CPT-SIOP-2000 (NCT00500890) was an international registry for all CPT 
nesting a chemotherapy randomization for high-risk CPT with 
Carboplatin/Etoposide/Vincristine (CarbEV) versus 
Cyclophosphamide/Etoposide/Vincristine (CycEV). Patients older than three years 
were recommended to receive irradiation: focal fields for non-metastatic CPC, 
incompletely resected atypical choroid plexus papilloma (APP) or metastatic 
choroid plexus papilloma (CPP); craniospinal fields for metastatic CPC/APP and 
non-responsive CPC. High risk was defined as choroid plexus carcinoma (CPC), 
incompletely resected APP, and all metastatic CPT. From 2000 until 2010, 158 CPT 
patients from 23 countries were enrolled.
RESULTS: For randomized CPC, the 5/10 year progression free survival (PFS) of 
patients on CarbEV (n = 20) were 62%/47%, respectively, compared to 27%/18%, on 
histological grading was the most influential prognostic factor: for CPP 
(n = 55) the 5/10 year overall survival (OS) and the event free survival (EFS) 
probabilities were 100%/97% and 92%/92%, respectively; for APP (n = 49) 96%/96% 
and 76%/76%, respectively; and for CPC (n = 54) 65%/51% and 41%/39%, 
respectively. Without irradiation, 12 out of 33 patients with CPC younger than 
three years were alive for a median of 8.52 years. Extent of surgery and 
metastases were not independent prognosticators.
CONCLUSIONS: Chemotherapy for Choroid Plexus Carcinoma is feasible and 
effective. CarbEV is superior to CycEV. A subset of CPC can be cured without 
irradiation."
A: head-to-head (no control in abstract),NCT00500890,34997889,https://pubmed.ncbi.nlm.nih.gov/34997889,https://clinicaltrials.gov/study/NCT00500890,"CPT-SIOP-2000 randomized high-risk choroid plexus tumors head-to-head between two chemotherapy regimens (CarbEV vs CycEV); no established standard existed, so neither arm is a designated control.","Cyclophosphamide Arm (Cyclophosphamide, Etoposide, Vincristine)",33.0,intervention,EXPERIMENTAL,intervention,unresolved,,intervention,True,,,"16. J Neurooncol. 2022 Feb;156(3):599-613. doi: 10.1007/s11060-021-03942-0. Epub 
2022 Jan 8.

Final results of the Choroid Plexus Tumor study CPT-SIOP-2000.

INTRODUCTION: Standards for chemotherapy against choroid plexus tumors (CPT) 
have not yet been established.
METHODS: CPT-SIOP-2000 (NCT00500890) was an international registry for all CPT 
nesting a chemotherapy randomization for high-risk CPT with 
Carboplatin/Etoposide/Vincristine (CarbEV) versus 
Cyclophosphamide/Etoposide/Vincristine (CycEV). Patients older than three years 
were recommended to receive irradiation: focal fields for non-metastatic CPC, 
incompletely resected atypical choroid plexus papilloma (APP) or metastatic 
choroid plexus papilloma (CPP); craniospinal fields for metastatic CPC/APP and 
non-responsive CPC. High risk was defined as choroid plexus carcinoma (CPC), 
incompletely resected APP, and all metastatic CPT. From 2000 until 2010, 158 CPT 
patients from 23 countries were enrolled.
RESULTS: For randomized CPC, the 5/10 year progression free survival (PFS) of 
patients on CarbEV (n = 20) were 62%/47%, respectively, compared to 27%/18%, on 
histological grading was the most influential prognostic factor: for CPP 
(n = 55) the 5/10 year overall survival (OS) and the event free survival (EFS) 
probabilities were 100%/97% and 92%/92%, respectively; for APP (n = 49) 96%/96% 
and 76%/76%, respectively; and for CPC (n = 54) 65%/51% and 41%/39%, 
respectively. Without irradiation, 12 out of 33 patients with CPC younger than 
three years were alive for a median of 8.52 years. Extent of surgery and 
metastases were not independent prognosticators.
CONCLUSIONS: Chemotherapy for Choroid Plexus Carcinoma is feasible and 
effective. CarbEV is superior to CycEV. A subset of CPC can be cured without 
irradiation."
A: head-to-head (no control in abstract),NCT00569127,28384065,https://pubmed.ncbi.nlm.nih.gov/28384065,https://clinicaltrials.gov/study/NCT00569127,SWOG S0518: phase 3 head-to-head comparison of depot octreotide plus interferon alfa-2b versus depot octreotide plus bevacizumab in advanced carcinoid/NETs. Symmetric comparison with similar antitumor activity and no designated standard-of-care or control arm.,Arm 2 (Depot Octreotide Plus Interferon Alpha-2b),18.0,control,EXPERIMENTAL,intervention,unresolved,,control,True,,,"19. J Clin Oncol. 2017 May 20;35(15):1695-1703. doi: 10.1200/JCO.2016.70.4072.
Epub  2017 Apr 6.

Phase III Prospective Randomized Comparison Trial of Depot Octreotide Plus 
Interferon Alfa-2b Versus Depot Octreotide Plus Bevacizumab in Patients With 
Advanced Carcinoid Tumors: SWOG S0518.

H(1), Blanke CD(1), Hochster HS(1).

Purpose Treatment options for neuroendocrine tumors (NETs) remain limited. This 
trial assessed the progression-free survival (PFS) of bevacizumab or interferon 
alfa-2b (IFN-α-2b) added to octreotide among patients with advanced NETs. 
Patients and Methods Southwest Oncology Group (SWOG) S0518, a phase III study 
conducted in a US cooperative group system, enrolled patients with advanced 
grades 1 and 2 NETs with progressive disease or other poor prognostic features. 
Patients were randomly assigned to treatment with octreotide LAR 20 mg every 21 
days with either bevacizumab 15 mg/kg every 21 days or 5 million units of 
IFN-α-2b three times per week. The primary end point was centrally assessed PFS. 
This trial is registered with ClinicalTrials.gov as NCT00569127. Results A total 
of 427 patients was enrolled, of whom 214 were allocated to bevacizumab and 213 
to IFN-α-2b. The median PFS by central review was 16.6 months (95% CI, 12.9 to 
19.6 months) in the bevacizumab arm and was 15.4 months (95% CI, 9.6 to 18.6 
months) in the IFN arm (hazard ratio [HR], 0.93; 95% CI, 0.73 to 1.18; P = .55). 
By site review, the median PFS times were 15.4 months (95% CI, 12.6 to 17.2 
months) for bevacizumab and 10.6 months (95% CI, 8.5 to 14.4 months) for 
interferon (HR, 0.90; 95% CI, 0.72 to 1.12; P = .33). Time to treatment failure 
was longer with bevacizumab than with IFN (HR, 0.72; 95% CI, 0.58 to 0.89; P = 
.003). Confirmed radiologic response rates were 12% (95% CI, 8% to 18%) for 
bevacizumab and 4% (95% CI, 2% to 8%) for IFN. Common adverse events with 
bevacizumab and octreotide included hypertension (32%), proteinuria (9%), and 
fatigue (7%); with IFN and octreotide, they included fatigue (27%), neutropenia 
(12%), and nausea (6%). Conclusion No significant differences in PFS were 
observed between the bevacizumab and IFN arms, which suggests that these agents 
have similar antitumor activity among patients with advanced NETs."
A: head-to-head (no control in abstract),NCT00569127,28384065,https://pubmed.ncbi.nlm.nih.gov/28384065,https://clinicaltrials.gov/study/NCT00569127,SWOG S0518: phase 3 head-to-head comparison of depot octreotide plus interferon alfa-2b versus depot octreotide plus bevacizumab in advanced carcinoid/NETs. Symmetric comparison with similar antitumor activity and no designated standard-of-care or control arm.,Arm 1 (Depot Octreotide Plus Bevacizumab),18.0,intervention,EXPERIMENTAL,intervention,unresolved,,intervention,True,,,"19. J Clin Oncol. 2017 May 20;35(15):1695-1703. doi: 10.1200/JCO.2016.70.4072.
Epub  2017 Apr 6.

Phase III Prospective Randomized Comparison Trial of Depot Octreotide Plus 
Interferon Alfa-2b Versus Depot Octreotide Plus Bevacizumab in Patients With 
Advanced Carcinoid Tumors: SWOG S0518.

H(1), Blanke CD(1), Hochster HS(1).

Purpose Treatment options for neuroendocrine tumors (NETs) remain limited. This 
trial assessed the progression-free survival (PFS) of bevacizumab or interferon 
alfa-2b (IFN-α-2b) added to octreotide among patients with advanced NETs. 
Patients and Methods Southwest Oncology Group (SWOG) S0518, a phase III study 
conducted in a US cooperative group system, enrolled patients with advanced 
grades 1 and 2 NETs with progressive disease or other poor prognostic features. 
Patients were randomly assigned to treatment with octreotide LAR 20 mg every 21 
days with either bevacizumab 15 mg/kg every 21 days or 5 million units of 
IFN-α-2b three times per week. The primary end point was centrally assessed PFS. 
This trial is registered with ClinicalTrials.gov as NCT00569127. Results A total 
of 427 patients was enrolled, of whom 214 were allocated to bevacizumab and 213 
to IFN-α-2b. The median PFS by central review was 16.6 months (95% CI, 12.9 to 
19.6 months) in the bevacizumab arm and was 15.4 months (95% CI, 9.6 to 18.6 
months) in the IFN arm (hazard ratio [HR], 0.93; 95% CI, 0.73 to 1.18; P = .55). 
By site review, the median PFS times were 15.4 months (95% CI, 12.6 to 17.2 
months) for bevacizumab and 10.6 months (95% CI, 8.5 to 14.4 months) for 
interferon (HR, 0.90; 95% CI, 0.72 to 1.12; P = .33). Time to treatment failure 
was longer with bevacizumab than with IFN (HR, 0.72; 95% CI, 0.58 to 0.89; P = 
.003). Confirmed radiologic response rates were 12% (95% CI, 8% to 18%) for 
bevacizumab and 4% (95% CI, 2% to 8%) for IFN. Common adverse events with 
bevacizumab and octreotide included hypertension (32%), proteinuria (9%), and 
fatigue (7%); with IFN and octreotide, they included fatigue (27%), neutropenia 
(12%), and nausea (6%). Conclusion No significant differences in PFS were 
observed between the bevacizumab and IFN arms, which suggests that these agents 
have similar antitumor activity among patients with advanced NETs."
B: primary resolved; secondary arm not in abstract,NCT00066703,24881463,https://pubmed.ncbi.nlm.nih.gov/24881463,https://clinicaltrials.gov/study/NCT00066703,"Combined TEXT+SOFT analysis comparing exemestane plus ovarian suppression versus tamoxifen plus ovarian suppression in premenopausal HR-positive breast cancer; exemestane+OFS reduced recurrence. Abstract addresses only the OFS-containing arms, not tamoxifen alone.",SOFT Arm A (Tamoxifen alone),5.0,control,ACTIVE_COMPARATOR,control,unresolved,,control,True,,,"18. N Engl J Med. 2014 Jul 10;371(2):107-18. doi: 10.1056/NEJMoa1404037. Epub
2014  Jun 1.

Adjuvant exemestane with ovarian suppression in premenopausal breast cancer.

SOFT Investigators; International Breast Cancer Study Group.

BACKGROUND: Adjuvant therapy with an aromatase inhibitor improves outcomes, as 
compared with tamoxifen, in postmenopausal women with hormone-receptor-positive 
breast cancer.
METHODS: In two phase 3 trials, we randomly assigned premenopausal women with 
hormone-receptor-positive early breast cancer to the aromatase inhibitor 
exemestane plus ovarian suppression or tamoxifen plus ovarian suppression for a 
period of 5 years. Suppression of ovarian estrogen production was achieved with 
the use of the gonadotropin-releasing-hormone agonist triptorelin, oophorectomy, 
or ovarian irradiation. The primary analysis combined data from 4690 patients in 
the two trials.
RESULTS: After a median follow-up of 68 months, disease-free survival at 5 years 
was 91.1% in the exemestane-ovarian suppression group and 87.3% in the 
tamoxifen-ovarian suppression group (hazard ratio for disease recurrence, second 
invasive cancer, or death, 0.72; 95% confidence interval [CI], 0.60 to 0.85; 
P<0.001). The rate of freedom from breast cancer at 5 years was 92.8% in the 
exemestane-ovarian suppression group, as compared with 88.8% in the 
tamoxifen-ovarian suppression group (hazard ratio for recurrence, 0.66; 95% CI, 
0.55 to 0.80; P<0.001). With 194 deaths (4.1% of the patients), overall survival 
did not differ significantly between the two groups (hazard ratio for death in 
the exemestane-ovarian suppression group, 1.14; 95% CI, 0.86 to 1.51; P=0.37). 
Selected adverse events of grade 3 or 4 were reported for 30.6% of the patients 
in the exemestane-ovarian suppression group and 29.4% of those in the 
tamoxifen-ovarian suppression group, with profiles similar to those for 
postmenopausal women.
CONCLUSIONS: In premenopausal women with hormone-receptor-positive early breast 
cancer, adjuvant treatment with exemestane plus ovarian suppression, as compared 
with tamoxifen plus ovarian suppression, significantly reduced recurrence. 
(Funded by Pfizer and others; TEXT and SOFT ClinicalTrials.gov numbers, 
NCT00066703 and NCT00066690, respectively.)."
B: primary resolved; secondary arm not in abstract,NCT00066703,24881463,https://pubmed.ncbi.nlm.nih.gov/24881463,https://clinicaltrials.gov/study/NCT00066703,"Combined TEXT+SOFT analysis comparing exemestane plus ovarian suppression versus tamoxifen plus ovarian suppression in premenopausal HR-positive breast cancer; exemestane+OFS reduced recurrence. Abstract addresses only the OFS-containing arms, not tamoxifen alone.",SOFT Arm B & C (OFS + Tamoxifen/Exemestane),14.0,intervention,EXPERIMENTAL,intervention,unresolved,,intervention,True,,,"18. N Engl J Med. 2014 Jul 10;371(2):107-18. doi: 10.1056/NEJMoa1404037. Epub
2014  Jun 1.

Adjuvant exemestane with ovarian suppression in premenopausal breast cancer.

SOFT Investigators; International Breast Cancer Study Group.

BACKGROUND: Adjuvant therapy with an aromatase inhibitor improves outcomes, as 
compared with tamoxifen, in postmenopausal women with hormone-receptor-positive 
breast cancer.
METHODS: In two phase 3 trials, we randomly assigned premenopausal women with 
hormone-receptor-positive early breast cancer to the aromatase inhibitor 
exemestane plus ovarian suppression or tamoxifen plus ovarian suppression for a 
period of 5 years. Suppression of ovarian estrogen production was achieved with 
the use of the gonadotropin-releasing-hormone agonist triptorelin, oophorectomy, 
or ovarian irradiation. The primary analysis combined data from 4690 patients in 
the two trials.
RESULTS: After a median follow-up of 68 months, disease-free survival at 5 years 
was 91.1% in the exemestane-ovarian suppression group and 87.3% in the 
tamoxifen-ovarian suppression group (hazard ratio for disease recurrence, second 
invasive cancer, or death, 0.72; 95% confidence interval [CI], 0.60 to 0.85; 
P<0.001). The rate of freedom from breast cancer at 5 years was 92.8% in the 
exemestane-ovarian suppression group, as compared with 88.8% in the 
tamoxifen-ovarian suppression group (hazard ratio for recurrence, 0.66; 95% CI, 
0.55 to 0.80; P<0.001). With 194 deaths (4.1% of the patients), overall survival 
did not differ significantly between the two groups (hazard ratio for death in 
the exemestane-ovarian suppression group, 1.14; 95% CI, 0.86 to 1.51; P=0.37). 
Selected adverse events of grade 3 or 4 were reported for 30.6% of the patients 
in the exemestane-ovarian suppression group and 29.4% of those in the 
tamoxifen-ovarian suppression group, with profiles similar to those for 
postmenopausal women.
CONCLUSIONS: In premenopausal women with hormone-receptor-positive early breast 
cancer, adjuvant treatment with exemestane plus ovarian suppression, as compared 
with tamoxifen plus ovarian suppression, significantly reduced recurrence. 
(Funded by Pfizer and others; TEXT and SOFT ClinicalTrials.gov numbers, 
NCT00066703 and NCT00066690, respectively.)."
B: primary resolved; secondary arm not in abstract,NCT00066703,24881463,https://pubmed.ncbi.nlm.nih.gov/24881463,https://clinicaltrials.gov/study/NCT00066703,"Combined TEXT+SOFT analysis comparing exemestane plus ovarian suppression versus tamoxifen plus ovarian suppression in premenopausal HR-positive breast cancer; exemestane+OFS reduced recurrence. Abstract addresses only the OFS-containing arms, not tamoxifen alone.",TEXT Arm A & B (GnRH analogue + Tamoxifen/Exemestane),14.0,intervention,,intervention,unresolved,,intervention,True,,,"18. N Engl J Med. 2014 Jul 10;371(2):107-18. doi: 10.1056/NEJMoa1404037. Epub
2014  Jun 1.

Adjuvant exemestane with ovarian suppression in premenopausal breast cancer.

SOFT Investigators; International Breast Cancer Study Group.

BACKGROUND: Adjuvant therapy with an aromatase inhibitor improves outcomes, as 
compared with tamoxifen, in postmenopausal women with hormone-receptor-positive 
breast cancer.
METHODS: In two phase 3 trials, we randomly assigned premenopausal women with 
hormone-receptor-positive early breast cancer to the aromatase inhibitor 
exemestane plus ovarian suppression or tamoxifen plus ovarian suppression for a 
period of 5 years. Suppression of ovarian estrogen production was achieved with 
the use of the gonadotropin-releasing-hormone agonist triptorelin, oophorectomy, 
or ovarian irradiation. The primary analysis combined data from 4690 patients in 
the two trials.
RESULTS: After a median follow-up of 68 months, disease-free survival at 5 years 
was 91.1% in the exemestane-ovarian suppression group and 87.3% in the 
tamoxifen-ovarian suppression group (hazard ratio for disease recurrence, second 
invasive cancer, or death, 0.72; 95% confidence interval [CI], 0.60 to 0.85; 
P<0.001). The rate of freedom from breast cancer at 5 years was 92.8% in the 
exemestane-ovarian suppression group, as compared with 88.8% in the 
tamoxifen-ovarian suppression group (hazard ratio for recurrence, 0.66; 95% CI, 
0.55 to 0.80; P<0.001). With 194 deaths (4.1% of the patients), overall survival 
did not differ significantly between the two groups (hazard ratio for death in 
the exemestane-ovarian suppression group, 1.14; 95% CI, 0.86 to 1.51; P=0.37). 
Selected adverse events of grade 3 or 4 were reported for 30.6% of the patients 
in the exemestane-ovarian suppression group and 29.4% of those in the 
tamoxifen-ovarian suppression group, with profiles similar to those for 
postmenopausal women.
CONCLUSIONS: In premenopausal women with hormone-receptor-positive early breast 
cancer, adjuvant treatment with exemestane plus ovarian suppression, as compared 
with tamoxifen plus ovarian suppression, significantly reduced recurrence. 
(Funded by Pfizer and others; TEXT and SOFT ClinicalTrials.gov numbers, 
NCT00066703 and NCT00066690, respectively.)."
B: primary resolved; secondary arm not in abstract,NCT00066703,24881463,https://pubmed.ncbi.nlm.nih.gov/24881463,https://clinicaltrials.gov/study/NCT00066703,"Combined TEXT+SOFT analysis comparing exemestane plus ovarian suppression versus tamoxifen plus ovarian suppression in premenopausal HR-positive breast cancer; exemestane+OFS reduced recurrence. Abstract addresses only the OFS-containing arms, not tamoxifen alone.",TEXT Arm A (GnRH analogue + Tamoxifen),14.0,control,,control,control,"exemestane plus ovarian suppression, as compared with tamoxifen plus ovarian suppression, significantly reduced recurrence.",control,False,,,"18. N Engl J Med. 2014 Jul 10;371(2):107-18. doi: 10.1056/NEJMoa1404037. Epub
2014  Jun 1.

Adjuvant exemestane with ovarian suppression in premenopausal breast cancer.

SOFT Investigators; International Breast Cancer Study Group.

BACKGROUND: Adjuvant therapy with an aromatase inhibitor improves outcomes, as 
compared with tamoxifen, in postmenopausal women with hormone-receptor-positive 
breast cancer.
METHODS: In two phase 3 trials, we randomly assigned premenopausal women with 
hormone-receptor-positive early breast cancer to the aromatase inhibitor 
exemestane plus ovarian suppression or tamoxifen plus ovarian suppression for a 
period of 5 years. Suppression of ovarian estrogen production was achieved with 
the use of the gonadotropin-releasing-hormone agonist triptorelin, oophorectomy, 
or ovarian irradiation. The primary analysis combined data from 4690 patients in 
the two trials.
RESULTS: After a median follow-up of 68 months, disease-free survival at 5 years 
was 91.1% in the exemestane-ovarian suppression group and 87.3% in the 
tamoxifen-ovarian suppression group (hazard ratio for disease recurrence, second 
invasive cancer, or death, 0.72; 95% confidence interval [CI], 0.60 to 0.85; 
P<0.001). The rate of freedom from breast cancer at 5 years was 92.8% in the 
exemestane-ovarian suppression group, as compared with 88.8% in the 
tamoxifen-ovarian suppression group (hazard ratio for recurrence, 0.66; 95% CI, 
0.55 to 0.80; P<0.001). With 194 deaths (4.1% of the patients), overall survival 
did not differ significantly between the two groups (hazard ratio for death in 
the exemestane-ovarian suppression group, 1.14; 95% CI, 0.86 to 1.51; P=0.37). 
Selected adverse events of grade 3 or 4 were reported for 30.6% of the patients 
in the exemestane-ovarian suppression group and 29.4% of those in the 
tamoxifen-ovarian suppression group, with profiles similar to those for 
postmenopausal women.
CONCLUSIONS: In premenopausal women with hormone-receptor-positive early breast 
cancer, adjuvant treatment with exemestane plus ovarian suppression, as compared 
with tamoxifen plus ovarian suppression, significantly reduced recurrence. 
(Funded by Pfizer and others; TEXT and SOFT ClinicalTrials.gov numbers, 
NCT00066703 and NCT00066690, respectively.)."
B: primary resolved; secondary arm not in abstract,NCT00066703,24881463,https://pubmed.ncbi.nlm.nih.gov/24881463,https://clinicaltrials.gov/study/NCT00066703,"Combined TEXT+SOFT analysis comparing exemestane plus ovarian suppression versus tamoxifen plus ovarian suppression in premenopausal HR-positive breast cancer; exemestane+OFS reduced recurrence. Abstract addresses only the OFS-containing arms, not tamoxifen alone.",TEXT Arm A (GnRH analogue plus Tamoxifen),14.0,intervention,,intervention,control,"exemestane plus ovarian suppression, as compared with tamoxifen plus ovarian suppression, significantly reduced recurrence.",control,False,,,"18. N Engl J Med. 2014 Jul 10;371(2):107-18. doi: 10.1056/NEJMoa1404037. Epub
2014  Jun 1.

Adjuvant exemestane with ovarian suppression in premenopausal breast cancer.

SOFT Investigators; International Breast Cancer Study Group.

BACKGROUND: Adjuvant therapy with an aromatase inhibitor improves outcomes, as 
compared with tamoxifen, in postmenopausal women with hormone-receptor-positive 
breast cancer.
METHODS: In two phase 3 trials, we randomly assigned premenopausal women with 
hormone-receptor-positive early breast cancer to the aromatase inhibitor 
exemestane plus ovarian suppression or tamoxifen plus ovarian suppression for a 
period of 5 years. Suppression of ovarian estrogen production was achieved with 
the use of the gonadotropin-releasing-hormone agonist triptorelin, oophorectomy, 
or ovarian irradiation. The primary analysis combined data from 4690 patients in 
the two trials.
RESULTS: After a median follow-up of 68 months, disease-free survival at 5 years 
was 91.1% in the exemestane-ovarian suppression group and 87.3% in the 
tamoxifen-ovarian suppression group (hazard ratio for disease recurrence, second 
invasive cancer, or death, 0.72; 95% confidence interval [CI], 0.60 to 0.85; 
P<0.001). The rate of freedom from breast cancer at 5 years was 92.8% in the 
exemestane-ovarian suppression group, as compared with 88.8% in the 
tamoxifen-ovarian suppression group (hazard ratio for recurrence, 0.66; 95% CI, 
0.55 to 0.80; P<0.001). With 194 deaths (4.1% of the patients), overall survival 
did not differ significantly between the two groups (hazard ratio for death in 
the exemestane-ovarian suppression group, 1.14; 95% CI, 0.86 to 1.51; P=0.37). 
Selected adverse events of grade 3 or 4 were reported for 30.6% of the patients 
in the exemestane-ovarian suppression group and 29.4% of those in the 
tamoxifen-ovarian suppression group, with profiles similar to those for 
postmenopausal women.
CONCLUSIONS: In premenopausal women with hormone-receptor-positive early breast 
cancer, adjuvant treatment with exemestane plus ovarian suppression, as compared 
with tamoxifen plus ovarian suppression, significantly reduced recurrence. 
(Funded by Pfizer and others; TEXT and SOFT ClinicalTrials.gov numbers, 
NCT00066703 and NCT00066690, respectively.)."
B: primary resolved; secondary arm not in abstract,NCT00066703,24881463,https://pubmed.ncbi.nlm.nih.gov/24881463,https://clinicaltrials.gov/study/NCT00066703,"Combined TEXT+SOFT analysis comparing exemestane plus ovarian suppression versus tamoxifen plus ovarian suppression in premenopausal HR-positive breast cancer; exemestane+OFS reduced recurrence. Abstract addresses only the OFS-containing arms, not tamoxifen alone.",TEXT Arm B (GnRH analogue plus Exemestane),14.0,intervention,,intervention,intervention,adjuvant treatment with exemestane plus ovarian suppression... significantly reduced recurrence.,intervention,False,,,"18. N Engl J Med. 2014 Jul 10;371(2):107-18. doi: 10.1056/NEJMoa1404037. Epub
2014  Jun 1.

Adjuvant exemestane with ovarian suppression in premenopausal breast cancer.

SOFT Investigators; International Breast Cancer Study Group.

BACKGROUND: Adjuvant therapy with an aromatase inhibitor improves outcomes, as 
compared with tamoxifen, in postmenopausal women with hormone-receptor-positive 
breast cancer.
METHODS: In two phase 3 trials, we randomly assigned premenopausal women with 
hormone-receptor-positive early breast cancer to the aromatase inhibitor 
exemestane plus ovarian suppression or tamoxifen plus ovarian suppression for a 
period of 5 years. Suppression of ovarian estrogen production was achieved with 
the use of the gonadotropin-releasing-hormone agonist triptorelin, oophorectomy, 
or ovarian irradiation. The primary analysis combined data from 4690 patients in 
the two trials.
RESULTS: After a median follow-up of 68 months, disease-free survival at 5 years 
was 91.1% in the exemestane-ovarian suppression group and 87.3% in the 
tamoxifen-ovarian suppression group (hazard ratio for disease recurrence, second 
invasive cancer, or death, 0.72; 95% confidence interval [CI], 0.60 to 0.85; 
P<0.001). The rate of freedom from breast cancer at 5 years was 92.8% in the 
exemestane-ovarian suppression group, as compared with 88.8% in the 
tamoxifen-ovarian suppression group (hazard ratio for recurrence, 0.66; 95% CI, 
0.55 to 0.80; P<0.001). With 194 deaths (4.1% of the patients), overall survival 
did not differ significantly between the two groups (hazard ratio for death in 
the exemestane-ovarian suppression group, 1.14; 95% CI, 0.86 to 1.51; P=0.37). 
Selected adverse events of grade 3 or 4 were reported for 30.6% of the patients 
in the exemestane-ovarian suppression group and 29.4% of those in the 
tamoxifen-ovarian suppression group, with profiles similar to those for 
postmenopausal women.
CONCLUSIONS: In premenopausal women with hormone-receptor-positive early breast 
cancer, adjuvant treatment with exemestane plus ovarian suppression, as compared 
with tamoxifen plus ovarian suppression, significantly reduced recurrence. 
(Funded by Pfizer and others; TEXT and SOFT ClinicalTrials.gov numbers, 
NCT00066703 and NCT00066690, respectively.)."
B: primary resolved; secondary arm not in abstract,NCT00134030,27569442,https://pubmed.ncbi.nlm.nih.gov/27569442,https://clinicaltrials.gov/study/NCT00134030,EURAMOS-1 poor-responder randomization: high-grade osteosarcoma with poor preoperative response randomized to postoperative MAP versus MAP plus ifosfamide/etoposide (MAPIE). MAPIE added toxicity without improving event-free survival; MAP defines standard of care. The MAP-plus-interferon (good-responder) arm is not addressed here.,Arm B (MAP + Pegylated Interferon alfa-2b),56.0,intervention,EXPERIMENTAL,intervention,unresolved,,intervention,True,,,"10. Lancet Oncol. 2016 Oct;17(10):1396-1408. doi: 10.1016/S1470-2045(16)30214-5. 
Epub 2016 Aug 25.

Comparison of MAPIE versus MAP in patients with a poor response to preoperative 
chemotherapy for newly diagnosed high-grade osteosarcoma (EURAMOS-1): an 
open-label, international, randomised controlled trial.

Sydes MR(49), Whelan JS(46).

BACKGROUND: We designed the EURAMOS-1 trial to investigate whether intensified 
postoperative chemotherapy for patients whose tumour showed a poor response to 
preoperative chemotherapy (≥10% viable tumour) improved event-free survival in 
patients with high-grade osteosarcoma.
METHODS: EURAMOS-1 was an open-label, international, phase 3 randomised, 
controlled trial. Consenting patients with newly diagnosed, resectable, 
high-grade osteosarcoma aged 40 years or younger were eligible for 
randomisation. Patients were randomly assigned (1:1) to receive either 
postoperative cisplatin, doxorubicin, and methotrexate (MAP) or MAP plus 
ifosfamide and etoposide (MAPIE) using concealed permuted blocks with three 
stratification factors: trial group; location of tumour (proximal femur or 
proximal humerus vs other limb vs axial skeleton); and presence of metastases 
(no vs yes or possible). The MAP regimen consisted of cisplatin 120 mg/m2, 
doxorubicin 37·5 mg/m2 per day on days 1 and 2 (on weeks 1 and 6) followed 3 
weeks later by high-dose methotrexate 12 g/m2 over 4 h. The MAPIE regimen 
consisted of MAP as a base regimen, with the addition of high-dose ifosfamide 
(14 g/m2) at 2·8 g/m2 per day with equidose mesna uroprotection, followed by 
etoposide 100 mg/m2 per day over 1 h on days 1-5. The primary outcome measure 
was event-free survival measured in the intention-to-treat population. This 
trial is registered with ClinicalTrials.gov, number NCT00134030.
FINDINGS: Between April 14, 2005, and June 30, 2011, 2260 patients were 
registered from 325 sites in 17 countries. 618 patients with poor response were 
randomly assigned; 310 to receive MAP and 308 to receive MAPIE. Median follow-up 
was 62·1 months (IQR 46·6-76·6); 62·3 months (IQR 46·9-77·1) for the MAP group 
and 61·1 months (IQR 46·5-75·3) for the MAPIE group. 307 event-free survival 
events were reported (153 in the MAP group vs 154 in the MAPIE group). 193 
deaths were reported (101 in the MAP group vs 92 in the MAPIE group). Event-free 
survival did not differ between treatment groups (hazard ratio [HR] 0·98 [95% CI 
0·78-1·23]); hazards were non-proportional (p=0·0003). The most common grade 3-4 
adverse events were neutropenia (268 [89%] patients in MAP vs 268 [90%] in 
MAPIE), thrombocytopenia (231 [78% in MAP vs 248 [83%] in MAPIE), and febrile 
neutropenia without documented infection (149 [50%] in MAP vs 217 [73%] in 
MAPIE). MAPIE was associated with more frequent grade 4 non-haematological 
toxicity than MAP (35 [12%] of 301 in the MAP group vs 71 [24%] of 298 in the 
MAPIE group). Two patients died during postoperative therapy, one from infection 
(although their absolute neutrophil count was normal), which was definitely 
related to their MAP treatment (specifically doxorubicin and cisplatin), and one 
from left ventricular systolic dysfunction, which was probably related to MAPIE 
treatment (specifically doxorubicin). One suspected unexpected serious adverse 
reaction was reported in the MAP group: bone marrow infarction due to 
methotrexate.
INTERPRETATION: EURAMOS-1 results do not support the addition of ifosfamide and 
etoposide to postoperative chemotherapy in patients with poorly responding 
osteosarcoma because its administration was associated with increased toxicity 
without improving event-free survival. The results define standard of care for 
this population. New strategies are required to improve outcomes in this 
setting.
FUNDING: UK Medical Research Council, National Cancer Institute, European 
Science Foundation, St Anna Kinderkrebsforschung, Fonds National de la Recherche 
Scientifique, Fonds voor Wetenschappelijk Onderzoek-Vlaanderen, Parents 
Organization, Danish Medical Research Council, Academy of Finland, Deutsche 
Forschungsgemeinschaft, Deutsche Krebshilfe, Federal Ministry of Education and 
Research, Semmelweis Foundation, ZonMw (Council for Medical Research), Research 
Council of Norway, Scandinavian Sarcoma Group, Swiss Paediatric Oncology Group, 
Cancer Research UK, National Institute for Health Research, University College 
London Hospitals, and Biomedical Research Centre."
B: primary resolved; secondary arm not in abstract,NCT00134030,27569442,https://pubmed.ncbi.nlm.nih.gov/27569442,https://clinicaltrials.gov/study/NCT00134030,EURAMOS-1 poor-responder randomization: high-grade osteosarcoma with poor preoperative response randomized to postoperative MAP versus MAP plus ifosfamide/etoposide (MAPIE). MAPIE added toxicity without improving event-free survival; MAP defines standard of care. The MAP-plus-interferon (good-responder) arm is not addressed here.,Arm A & C (MAP - Control),41.0,control,ACTIVE_COMPARATOR,control,control,"either postoperative cisplatin, doxorubicin, and methotrexate (MAP) or MAP plus ifosfamide and etoposide (MAPIE)... results define standard of care.",control,False,,,"10. Lancet Oncol. 2016 Oct;17(10):1396-1408. doi: 10.1016/S1470-2045(16)30214-5. 
Epub 2016 Aug 25.

Comparison of MAPIE versus MAP in patients with a poor response to preoperative 
chemotherapy for newly diagnosed high-grade osteosarcoma (EURAMOS-1): an 
open-label, international, randomised controlled trial.

Sydes MR(49), Whelan JS(46).

BACKGROUND: We designed the EURAMOS-1 trial to investigate whether intensified 
postoperative chemotherapy for patients whose tumour showed a poor response to 
preoperative chemotherapy (≥10% viable tumour) improved event-free survival in 
patients with high-grade osteosarcoma.
METHODS: EURAMOS-1 was an open-label, international, phase 3 randomised, 
controlled trial. Consenting patients with newly diagnosed, resectable, 
high-grade osteosarcoma aged 40 years or younger were eligible for 
randomisation. Patients were randomly assigned (1:1) to receive either 
postoperative cisplatin, doxorubicin, and methotrexate (MAP) or MAP plus 
ifosfamide and etoposide (MAPIE) using concealed permuted blocks with three 
stratification factors: trial group; location of tumour (proximal femur or 
proximal humerus vs other limb vs axial skeleton); and presence of metastases 
(no vs yes or possible). The MAP regimen consisted of cisplatin 120 mg/m2, 
doxorubicin 37·5 mg/m2 per day on days 1 and 2 (on weeks 1 and 6) followed 3 
weeks later by high-dose methotrexate 12 g/m2 over 4 h. The MAPIE regimen 
consisted of MAP as a base regimen, with the addition of high-dose ifosfamide 
(14 g/m2) at 2·8 g/m2 per day with equidose mesna uroprotection, followed by 
etoposide 100 mg/m2 per day over 1 h on days 1-5. The primary outcome measure 
was event-free survival measured in the intention-to-treat population. This 
trial is registered with ClinicalTrials.gov, number NCT00134030.
FINDINGS: Between April 14, 2005, and June 30, 2011, 2260 patients were 
registered from 325 sites in 17 countries. 618 patients with poor response were 
randomly assigned; 310 to receive MAP and 308 to receive MAPIE. Median follow-up 
was 62·1 months (IQR 46·6-76·6); 62·3 months (IQR 46·9-77·1) for the MAP group 
and 61·1 months (IQR 46·5-75·3) for the MAPIE group. 307 event-free survival 
events were reported (153 in the MAP group vs 154 in the MAPIE group). 193 
deaths were reported (101 in the MAP group vs 92 in the MAPIE group). Event-free 
survival did not differ between treatment groups (hazard ratio [HR] 0·98 [95% CI 
0·78-1·23]); hazards were non-proportional (p=0·0003). The most common grade 3-4 
adverse events were neutropenia (268 [89%] patients in MAP vs 268 [90%] in 
MAPIE), thrombocytopenia (231 [78% in MAP vs 248 [83%] in MAPIE), and febrile 
neutropenia without documented infection (149 [50%] in MAP vs 217 [73%] in 
MAPIE). MAPIE was associated with more frequent grade 4 non-haematological 
toxicity than MAP (35 [12%] of 301 in the MAP group vs 71 [24%] of 298 in the 
MAPIE group). Two patients died during postoperative therapy, one from infection 
(although their absolute neutrophil count was normal), which was definitely 
related to their MAP treatment (specifically doxorubicin and cisplatin), and one 
from left ventricular systolic dysfunction, which was probably related to MAPIE 
treatment (specifically doxorubicin). One suspected unexpected serious adverse 
reaction was reported in the MAP group: bone marrow infarction due to 
methotrexate.
INTERPRETATION: EURAMOS-1 results do not support the addition of ifosfamide and 
etoposide to postoperative chemotherapy in patients with poorly responding 
osteosarcoma because its administration was associated with increased toxicity 
without improving event-free survival. The results define standard of care for 
this population. New strategies are required to improve outcomes in this 
setting.
FUNDING: UK Medical Research Council, National Cancer Institute, European 
Science Foundation, St Anna Kinderkrebsforschung, Fonds National de la Recherche 
Scientifique, Fonds voor Wetenschappelijk Onderzoek-Vlaanderen, Parents 
Organization, Danish Medical Research Council, Academy of Finland, Deutsche 
Forschungsgemeinschaft, Deutsche Krebshilfe, Federal Ministry of Education and 
Research, Semmelweis Foundation, ZonMw (Council for Medical Research), Research 
Council of Norway, Scandinavian Sarcoma Group, Swiss Paediatric Oncology Group, 
Cancer Research UK, National Institute for Health Research, University College 
London Hospitals, and Biomedical Research Centre."
B: primary resolved; secondary arm not in abstract,NCT00134030,27569442,https://pubmed.ncbi.nlm.nih.gov/27569442,https://clinicaltrials.gov/study/NCT00134030,EURAMOS-1 poor-responder randomization: high-grade osteosarcoma with poor preoperative response randomized to postoperative MAP versus MAP plus ifosfamide/etoposide (MAPIE). MAPIE added toxicity without improving event-free survival; MAP defines standard of care. The MAP-plus-interferon (good-responder) arm is not addressed here.,Arm D (MAP + Ifosfamide/Etoposide),61.0,intervention,EXPERIMENTAL,intervention,intervention,do not support the addition of ifosfamide and etoposide to postoperative chemotherapy... associated with increased toxicity.,intervention,False,,,"10. Lancet Oncol. 2016 Oct;17(10):1396-1408. doi: 10.1016/S1470-2045(16)30214-5. 
Epub 2016 Aug 25.

Comparison of MAPIE versus MAP in patients with a poor response to preoperative 
chemotherapy for newly diagnosed high-grade osteosarcoma (EURAMOS-1): an 
open-label, international, randomised controlled trial.

Sydes MR(49), Whelan JS(46).

BACKGROUND: We designed the EURAMOS-1 trial to investigate whether intensified 
postoperative chemotherapy for patients whose tumour showed a poor response to 
preoperative chemotherapy (≥10% viable tumour) improved event-free survival in 
patients with high-grade osteosarcoma.
METHODS: EURAMOS-1 was an open-label, international, phase 3 randomised, 
controlled trial. Consenting patients with newly diagnosed, resectable, 
high-grade osteosarcoma aged 40 years or younger were eligible for 
randomisation. Patients were randomly assigned (1:1) to receive either 
postoperative cisplatin, doxorubicin, and methotrexate (MAP) or MAP plus 
ifosfamide and etoposide (MAPIE) using concealed permuted blocks with three 
stratification factors: trial group; location of tumour (proximal femur or 
proximal humerus vs other limb vs axial skeleton); and presence of metastases 
(no vs yes or possible). The MAP regimen consisted of cisplatin 120 mg/m2, 
doxorubicin 37·5 mg/m2 per day on days 1 and 2 (on weeks 1 and 6) followed 3 
weeks later by high-dose methotrexate 12 g/m2 over 4 h. The MAPIE regimen 
consisted of MAP as a base regimen, with the addition of high-dose ifosfamide 
(14 g/m2) at 2·8 g/m2 per day with equidose mesna uroprotection, followed by 
etoposide 100 mg/m2 per day over 1 h on days 1-5. The primary outcome measure 
was event-free survival measured in the intention-to-treat population. This 
trial is registered with ClinicalTrials.gov, number NCT00134030.
FINDINGS: Between April 14, 2005, and June 30, 2011, 2260 patients were 
registered from 325 sites in 17 countries. 618 patients with poor response were 
randomly assigned; 310 to receive MAP and 308 to receive MAPIE. Median follow-up 
was 62·1 months (IQR 46·6-76·6); 62·3 months (IQR 46·9-77·1) for the MAP group 
and 61·1 months (IQR 46·5-75·3) for the MAPIE group. 307 event-free survival 
events were reported (153 in the MAP group vs 154 in the MAPIE group). 193 
deaths were reported (101 in the MAP group vs 92 in the MAPIE group). Event-free 
survival did not differ between treatment groups (hazard ratio [HR] 0·98 [95% CI 
0·78-1·23]); hazards were non-proportional (p=0·0003). The most common grade 3-4 
adverse events were neutropenia (268 [89%] patients in MAP vs 268 [90%] in 
MAPIE), thrombocytopenia (231 [78% in MAP vs 248 [83%] in MAPIE), and febrile 
neutropenia without documented infection (149 [50%] in MAP vs 217 [73%] in 
MAPIE). MAPIE was associated with more frequent grade 4 non-haematological 
toxicity than MAP (35 [12%] of 301 in the MAP group vs 71 [24%] of 298 in the 
MAPIE group). Two patients died during postoperative therapy, one from infection 
(although their absolute neutrophil count was normal), which was definitely 
related to their MAP treatment (specifically doxorubicin and cisplatin), and one 
from left ventricular systolic dysfunction, which was probably related to MAPIE 
treatment (specifically doxorubicin). One suspected unexpected serious adverse 
reaction was reported in the MAP group: bone marrow infarction due to 
methotrexate.
INTERPRETATION: EURAMOS-1 results do not support the addition of ifosfamide and 
etoposide to postoperative chemotherapy in patients with poorly responding 
osteosarcoma because its administration was associated with increased toxicity 
without improving event-free survival. The results define standard of care for 
this population. New strategies are required to improve outcomes in this 
setting.
FUNDING: UK Medical Research Council, National Cancer Institute, European 
Science Foundation, St Anna Kinderkrebsforschung, Fonds National de la Recherche 
Scientifique, Fonds voor Wetenschappelijk Onderzoek-Vlaanderen, Parents 
Organization, Danish Medical Research Council, Academy of Finland, Deutsche 
Forschungsgemeinschaft, Deutsche Krebshilfe, Federal Ministry of Education and 
Research, Semmelweis Foundation, ZonMw (Council for Medical Research), Research 
Council of Norway, Scandinavian Sarcoma Group, Swiss Paediatric Oncology Group, 
Cancer Research UK, National Institute for Health Research, University College 
London Hospitals, and Biomedical Research Centre."
B: primary resolved; secondary arm not in abstract,NCT00549848,34170389,https://pubmed.ncbi.nlm.nih.gov/34170389,https://clinicaltrials.gov/study/NCT00549848,"Total XVI pharmacodynamic study: ALL patients randomized in continuation to lower (2500 IU/m2) versus higher (3500 IU/m2) IV pegaspargase doses within risk strata; low-risk is a stratum, not an intervention/control designation.",Low-Risk (LR),78.0,intervention,,intervention,unresolved,,intervention,True,,,"6. Cancer Chemother Pharmacol. 2021 Oct;88(4):655-664. doi: 
10.1007/s00280-021-04315-0. Epub 2021 Jun 25.

Pharmacodynamics of cerebrospinal fluid asparagine after asparaginase.

PURPOSE: We evaluated effects of asparaginase dosage, schedule, and formulation 
on CSF asparagine in children with acute lymphoblastic leukemia (ALL).
METHODS: We evaluated CSF asparagine (2114 samples) and serum asparaginase (5007 
samples) in 482 children with ALL treated on the Total XVI study (NCT00549848). 
Patients received one or two 3000 IU/m2 IV pegaspargase doses during induction 
and were then randomized in continuation to receive 2500 IU/m2 or 3500 IU/m2 IV 
intermittently (four doses) on the low-risk (LR) or continuously (15 doses) on 
the standard/high risk (SHR) arms. A pharmacokinetic-pharmacodynamic model was 
used to estimate the duration of CSF asparagine depletion below 1 uM.
RESULTS: During induction, CSF asparagine depletion after two doses of 
pegaspargase was twice as long as one dose (median 30.7 vs 15.3 days, 
p < 0.001). During continuation, the higher dose increased the CSF asparagine 
depletion duration by only 9% on the LR and 1% in the SHR arm, consistent with 
the nonlinear pharmacokinetics of serum asparaginase. Pegaspargase caused a 
longer CSF asparagine depletion duration (1.3-5.3-fold) compared to those who 
were switched to erwinase (p < 0.001). The median (quartile range) serum 
asparaginase activity needed to maintain CSF asparagine below 1 µM was 0.44 
(0.20, 0.99) IU/mL. Although rare, CNS relapse was higher with decreased CSF 
asparagine depletion (p = 0.0486); there was no association with relapse at any 
site (p = 0.3).
CONCLUSIONS: The number of pegaspargase doses has a stronger influence on CSF 
asparagine depletion than did dosage, pegaspargase depleted CSF asparagine 
longer than erwinase, and CSF asparagine depletion may prevent CNS relapses."
B: primary resolved; secondary arm not in abstract,NCT00549848,34170389,https://pubmed.ncbi.nlm.nih.gov/34170389,https://clinicaltrials.gov/study/NCT00549848,"Total XVI pharmacodynamic study: ALL patients randomized in continuation to lower (2500 IU/m2) versus higher (3500 IU/m2) IV pegaspargase doses within risk strata; low-risk is a stratum, not an intervention/control designation.","Arm B (Conventional Dose PEG-asparaginase, Standard/High-Risk)",79.5,control,EXPERIMENTAL,intervention,control,randomized in continuation to receive 2500 IU/m2 or 3500 IU/m2 IV ... continuously (15 doses) on the standard/high risk (SHR) arms,control,False,,,"6. Cancer Chemother Pharmacol. 2021 Oct;88(4):655-664. doi: 
10.1007/s00280-021-04315-0. Epub 2021 Jun 25.

Pharmacodynamics of cerebrospinal fluid asparagine after asparaginase.

PURPOSE: We evaluated effects of asparaginase dosage, schedule, and formulation 
on CSF asparagine in children with acute lymphoblastic leukemia (ALL).
METHODS: We evaluated CSF asparagine (2114 samples) and serum asparaginase (5007 
samples) in 482 children with ALL treated on the Total XVI study (NCT00549848). 
Patients received one or two 3000 IU/m2 IV pegaspargase doses during induction 
and were then randomized in continuation to receive 2500 IU/m2 or 3500 IU/m2 IV 
intermittently (four doses) on the low-risk (LR) or continuously (15 doses) on 
the standard/high risk (SHR) arms. A pharmacokinetic-pharmacodynamic model was 
used to estimate the duration of CSF asparagine depletion below 1 uM.
RESULTS: During induction, CSF asparagine depletion after two doses of 
pegaspargase was twice as long as one dose (median 30.7 vs 15.3 days, 
p < 0.001). During continuation, the higher dose increased the CSF asparagine 
depletion duration by only 9% on the LR and 1% in the SHR arm, consistent with 
the nonlinear pharmacokinetics of serum asparaginase. Pegaspargase caused a 
longer CSF asparagine depletion duration (1.3-5.3-fold) compared to those who 
were switched to erwinase (p < 0.001). The median (quartile range) serum 
asparaginase activity needed to maintain CSF asparagine below 1 µM was 0.44 
(0.20, 0.99) IU/mL. Although rare, CNS relapse was higher with decreased CSF 
asparagine depletion (p = 0.0486); there was no association with relapse at any 
site (p = 0.3).
CONCLUSIONS: The number of pegaspargase doses has a stronger influence on CSF 
asparagine depletion than did dosage, pegaspargase depleted CSF asparagine 
longer than erwinase, and CSF asparagine depletion may prevent CNS relapses."
B: primary resolved; secondary arm not in abstract,NCT00549848,34170389,https://pubmed.ncbi.nlm.nih.gov/34170389,https://clinicaltrials.gov/study/NCT00549848,"Total XVI pharmacodynamic study: ALL patients randomized in continuation to lower (2500 IU/m2) versus higher (3500 IU/m2) IV pegaspargase doses within risk strata; low-risk is a stratum, not an intervention/control designation.","Arm A (Higher Dose PEG-asparaginase, Standard/High-Risk)",78.0,intervention,ACTIVE_COMPARATOR,control,intervention,randomized in continuation to receive 2500 IU/m2 or 3500 IU/m2 IV ... continuously (15 doses) on the standard/high risk (SHR) arms,intervention,False,,,"6. Cancer Chemother Pharmacol. 2021 Oct;88(4):655-664. doi: 
10.1007/s00280-021-04315-0. Epub 2021 Jun 25.

Pharmacodynamics of cerebrospinal fluid asparagine after asparaginase.

PURPOSE: We evaluated effects of asparaginase dosage, schedule, and formulation 
on CSF asparagine in children with acute lymphoblastic leukemia (ALL).
METHODS: We evaluated CSF asparagine (2114 samples) and serum asparaginase (5007 
samples) in 482 children with ALL treated on the Total XVI study (NCT00549848). 
Patients received one or two 3000 IU/m2 IV pegaspargase doses during induction 
and were then randomized in continuation to receive 2500 IU/m2 or 3500 IU/m2 IV 
intermittently (four doses) on the low-risk (LR) or continuously (15 doses) on 
the standard/high risk (SHR) arms. A pharmacokinetic-pharmacodynamic model was 
used to estimate the duration of CSF asparagine depletion below 1 uM.
RESULTS: During induction, CSF asparagine depletion after two doses of 
pegaspargase was twice as long as one dose (median 30.7 vs 15.3 days, 
p < 0.001). During continuation, the higher dose increased the CSF asparagine 
depletion duration by only 9% on the LR and 1% in the SHR arm, consistent with 
the nonlinear pharmacokinetics of serum asparaginase. Pegaspargase caused a 
longer CSF asparagine depletion duration (1.3-5.3-fold) compared to those who 
were switched to erwinase (p < 0.001). The median (quartile range) serum 
asparaginase activity needed to maintain CSF asparagine below 1 µM was 0.44 
(0.20, 0.99) IU/mL. Although rare, CNS relapse was higher with decreased CSF 
asparagine depletion (p = 0.0486); there was no association with relapse at any 
site (p = 0.3).
CONCLUSIONS: The number of pegaspargase doses has a stronger influence on CSF 
asparagine depletion than did dosage, pegaspargase depleted CSF asparagine 
longer than erwinase, and CSF asparagine depletion may prevent CNS relapses."
B: primary resolved; secondary arm not in abstract,NCT00565851,28438473,https://pubmed.ncbi.nlm.nih.gov/28438473,https://clinicaltrials.gov/study/NCT00565851,GOG-0213 bevacizumab objective: platinum-sensitive recurrent ovarian cancer randomized to standard paclitaxel-carboplatin chemotherapy versus the same plus bevacizumab. Adding bevacizumab improved median overall survival. The secondary cytoreductive-surgery objective is ongoing and not reported here.,Arm IV/VIII (Surgery + Chemotherapy + Bevacizumab),36.0,intervention,EXPERIMENTAL,intervention,unresolved,,intervention,True,,,"20. Lancet Oncol. 2017 Jun;18(6):779-791. doi: 10.1016/S1470-2045(17)30279-6.
Epub  2017 Apr 21.

Bevacizumab and paclitaxel-carboplatin chemotherapy and secondary cytoreduction 
in recurrent, platinum-sensitive ovarian cancer (NRG Oncology/Gynecologic 
Oncology Group study GOG-0213): a multicentre, open-label, randomised, phase 3 
trial.

JK(15), Spirtos NM(16), Ashfaq R(17), Mannel RS(6).

BACKGROUND: Platinum-based chemotherapy doublets are a standard of care for 
women with ovarian cancer recurring 6 months after completion of initial 
therapy. In this study, we aimed to explore the roles of secondary surgical 
cytoreduction and bevacizumab in this population, and report the results of the 
bevacizumab component here.
METHODS: The multicentre, open-label, randomised phase 3 GOG-0213 trial was done 
in 67 predominantly academic centres in the USA (65 centres), Japan (one 
centre), and South Korea (one centre). Eligible patients were adult women (aged 
≥18 years) with recurrent measurable or evaluable epithelial ovarian, primary 
peritoneal, or fallopian tube cancer, and a clinical complete response to 
primary platinum-based chemotherapy, who had been disease-free for at least 6 
months following last infused cycle of platinum. Patients were randomly assigned 
(1:1) to standard chemotherapy (six 3-weekly cycles of paclitaxel [175 mg/m2 of 
body surface area] and carboplatin [area under the curve 5]) or the same 
chemotherapy regimen plus bevacizumab (15 mg/kg of bodyweight) every 3 weeks and 
continued as maintenance every 3 weeks until disease progression or unacceptable 
toxicity. Individuals who participated in both the bevacizumab objective and 
surgical objective (which is ongoing) were randomly assigned (1:1:1:1) to 
receive either of these two chemotherapy regimens with or without prior 
secondary cytoreductive surgery. Randomisation for the bevacizumab objective was 
stratified by treatment-free interval and participation in the surgical 
objective. The primary endpoint was overall survival, analysed by intention to 
treat. This study is registered with ClinicalTrials.gov, number NCT00565851.
FINDINGS: Between Dec 10, 2007, and Aug 26, 2011, 674 women were enrolled and 
randomly assigned to standard chemotherapy (n=337) or chemotherapy plus 
bevacizumab (n=377). Median follow-up at the end of the trial on Nov 5, 2014, 
was 49·6 months in each treatment group (IQR 41·5-62·2 for chemotherapy plus 
bevacizumab; IQR 40·8-59·3 for chemotherapy), at which point 415 patients had 
died (214 in the chemotherapy group and 201 in the chemotherapy plus bevacizumab 
group). Based on pretreatment stratification data, median overall survival in 
the chemotherapy plus bevacizumab group was 42·2 months (95% CI 37·7-46·2) 
versus 37·3 months (32·6-39·7) in the chemotherapy group (hazard ratio [HR] 
0·829; 95% CI 0·683-1·005; p=0·056). We identified incorrect treatment-free 
interval stratification data for 45 (7%) patients (equally balanced between 
treatment groups); a sensitivity analysis of overall survival based on the 
audited treatment-free interval stratification data gave an adjusted HR of 0·823 
(95% CI 0·680-0·996; p=0·0447). In the safety population (all patients who 
initiated treatment), 317 (96%) of 325 patients in the chemotherapy plus 
bevacizumab group had at least one grade 3 or worse adverse event compared with 
282 (86%) of 332 in the chemotherapy group; the most frequently reported of 
these in the chemotherapy plus bevacizumab group compared with the chemotherapy 
group were hypertension (39 [12%] vs two [1%]), fatigue (27 [8%] vs eight [2%]), 
and proteinuria (27 [8%] vs none). Two (1%) treatment-related deaths occurred in 
the chemotherapy group (infection [n=1] and myelodysplastic syndrome [n=1]) 
compared with nine (3%) in the chemotherapy plus bevacizumab group (infection 
[n=1], febrile neutropenia [n=1], myelodysplastic syndrome [n=1], secondary 
malignancy [n=1]; deaths not classified with CTCAE terms: disease progression 
[n=3], sudden death [n=1], and not specified [n=1]).
INTERPRETATION: The addition of bevacizumab to standard chemotherapy, followed 
by maintenance therapy until progression, improved the median overall survival 
in patients with platinum-sensitive recurrent ovarian cancer. Although the 
intention-to-treat analysis for overall survival was not significant, our 
sensitivity analysis based on corrected treatment-free interval stratification 
indicates that this strategy might be an important addition to the therapeutic 
armamentarium in these patients.
FUNDING: National Cancer Institute and Genentech."
B: primary resolved; secondary arm not in abstract,NCT00565851,28438473,https://pubmed.ncbi.nlm.nih.gov/28438473,https://clinicaltrials.gov/study/NCT00565851,GOG-0213 bevacizumab objective: platinum-sensitive recurrent ovarian cancer randomized to standard paclitaxel-carboplatin chemotherapy versus the same plus bevacizumab. Adding bevacizumab improved median overall survival. The secondary cytoreductive-surgery objective is ongoing and not reported here.,Arm III/VII (Surgery + CT/GC),31.0,control,EXPERIMENTAL,intervention,unresolved,,control,True,,,"20. Lancet Oncol. 2017 Jun;18(6):779-791. doi: 10.1016/S1470-2045(17)30279-6.
Epub  2017 Apr 21.

Bevacizumab and paclitaxel-carboplatin chemotherapy and secondary cytoreduction 
in recurrent, platinum-sensitive ovarian cancer (NRG Oncology/Gynecologic 
Oncology Group study GOG-0213): a multicentre, open-label, randomised, phase 3 
trial.

JK(15), Spirtos NM(16), Ashfaq R(17), Mannel RS(6).

BACKGROUND: Platinum-based chemotherapy doublets are a standard of care for 
women with ovarian cancer recurring 6 months after completion of initial 
therapy. In this study, we aimed to explore the roles of secondary surgical 
cytoreduction and bevacizumab in this population, and report the results of the 
bevacizumab component here.
METHODS: The multicentre, open-label, randomised phase 3 GOG-0213 trial was done 
in 67 predominantly academic centres in the USA (65 centres), Japan (one 
centre), and South Korea (one centre). Eligible patients were adult women (aged 
≥18 years) with recurrent measurable or evaluable epithelial ovarian, primary 
peritoneal, or fallopian tube cancer, and a clinical complete response to 
primary platinum-based chemotherapy, who had been disease-free for at least 6 
months following last infused cycle of platinum. Patients were randomly assigned 
(1:1) to standard chemotherapy (six 3-weekly cycles of paclitaxel [175 mg/m2 of 
body surface area] and carboplatin [area under the curve 5]) or the same 
chemotherapy regimen plus bevacizumab (15 mg/kg of bodyweight) every 3 weeks and 
continued as maintenance every 3 weeks until disease progression or unacceptable 
toxicity. Individuals who participated in both the bevacizumab objective and 
surgical objective (which is ongoing) were randomly assigned (1:1:1:1) to 
receive either of these two chemotherapy regimens with or without prior 
secondary cytoreductive surgery. Randomisation for the bevacizumab objective was 
stratified by treatment-free interval and participation in the surgical 
objective. The primary endpoint was overall survival, analysed by intention to 
treat. This study is registered with ClinicalTrials.gov, number NCT00565851.
FINDINGS: Between Dec 10, 2007, and Aug 26, 2011, 674 women were enrolled and 
randomly assigned to standard chemotherapy (n=337) or chemotherapy plus 
bevacizumab (n=377). Median follow-up at the end of the trial on Nov 5, 2014, 
was 49·6 months in each treatment group (IQR 41·5-62·2 for chemotherapy plus 
bevacizumab; IQR 40·8-59·3 for chemotherapy), at which point 415 patients had 
died (214 in the chemotherapy group and 201 in the chemotherapy plus bevacizumab 
group). Based on pretreatment stratification data, median overall survival in 
the chemotherapy plus bevacizumab group was 42·2 months (95% CI 37·7-46·2) 
versus 37·3 months (32·6-39·7) in the chemotherapy group (hazard ratio [HR] 
0·829; 95% CI 0·683-1·005; p=0·056). We identified incorrect treatment-free 
interval stratification data for 45 (7%) patients (equally balanced between 
treatment groups); a sensitivity analysis of overall survival based on the 
audited treatment-free interval stratification data gave an adjusted HR of 0·823 
(95% CI 0·680-0·996; p=0·0447). In the safety population (all patients who 
initiated treatment), 317 (96%) of 325 patients in the chemotherapy plus 
bevacizumab group had at least one grade 3 or worse adverse event compared with 
282 (86%) of 332 in the chemotherapy group; the most frequently reported of 
these in the chemotherapy plus bevacizumab group compared with the chemotherapy 
group were hypertension (39 [12%] vs two [1%]), fatigue (27 [8%] vs eight [2%]), 
and proteinuria (27 [8%] vs none). Two (1%) treatment-related deaths occurred in 
the chemotherapy group (infection [n=1] and myelodysplastic syndrome [n=1]) 
compared with nine (3%) in the chemotherapy plus bevacizumab group (infection 
[n=1], febrile neutropenia [n=1], myelodysplastic syndrome [n=1], secondary 
malignancy [n=1]; deaths not classified with CTCAE terms: disease progression 
[n=3], sudden death [n=1], and not specified [n=1]).
INTERPRETATION: The addition of bevacizumab to standard chemotherapy, followed 
by maintenance therapy until progression, improved the median overall survival 
in patients with platinum-sensitive recurrent ovarian cancer. Although the 
intention-to-treat analysis for overall survival was not significant, our 
sensitivity analysis based on corrected treatment-free interval stratification 
indicates that this strategy might be an important addition to the therapeutic 
armamentarium in these patients.
FUNDING: National Cancer Institute and Genentech."
B: primary resolved; secondary arm not in abstract,NCT00565851,28438473,https://pubmed.ncbi.nlm.nih.gov/28438473,https://clinicaltrials.gov/study/NCT00565851,GOG-0213 bevacizumab objective: platinum-sensitive recurrent ovarian cancer randomized to standard paclitaxel-carboplatin chemotherapy versus the same plus bevacizumab. Adding bevacizumab improved median overall survival. The secondary cytoreductive-surgery objective is ongoing and not reported here.,Arm IV (Surgery + Carboplatin + Paclitaxel + Bevacizumab),34.0,intervention,ACTIVE_COMPARATOR,control,unresolved,,intervention,True,,,"20. Lancet Oncol. 2017 Jun;18(6):779-791. doi: 10.1016/S1470-2045(17)30279-6.
Epub  2017 Apr 21.

Bevacizumab and paclitaxel-carboplatin chemotherapy and secondary cytoreduction 
in recurrent, platinum-sensitive ovarian cancer (NRG Oncology/Gynecologic 
Oncology Group study GOG-0213): a multicentre, open-label, randomised, phase 3 
trial.

JK(15), Spirtos NM(16), Ashfaq R(17), Mannel RS(6).

BACKGROUND: Platinum-based chemotherapy doublets are a standard of care for 
women with ovarian cancer recurring 6 months after completion of initial 
therapy. In this study, we aimed to explore the roles of secondary surgical 
cytoreduction and bevacizumab in this population, and report the results of the 
bevacizumab component here.
METHODS: The multicentre, open-label, randomised phase 3 GOG-0213 trial was done 
in 67 predominantly academic centres in the USA (65 centres), Japan (one 
centre), and South Korea (one centre). Eligible patients were adult women (aged 
≥18 years) with recurrent measurable or evaluable epithelial ovarian, primary 
peritoneal, or fallopian tube cancer, and a clinical complete response to 
primary platinum-based chemotherapy, who had been disease-free for at least 6 
months following last infused cycle of platinum. Patients were randomly assigned 
(1:1) to standard chemotherapy (six 3-weekly cycles of paclitaxel [175 mg/m2 of 
body surface area] and carboplatin [area under the curve 5]) or the same 
chemotherapy regimen plus bevacizumab (15 mg/kg of bodyweight) every 3 weeks and 
continued as maintenance every 3 weeks until disease progression or unacceptable 
toxicity. Individuals who participated in both the bevacizumab objective and 
surgical objective (which is ongoing) were randomly assigned (1:1:1:1) to 
receive either of these two chemotherapy regimens with or without prior 
secondary cytoreductive surgery. Randomisation for the bevacizumab objective was 
stratified by treatment-free interval and participation in the surgical 
objective. The primary endpoint was overall survival, analysed by intention to 
treat. This study is registered with ClinicalTrials.gov, number NCT00565851.
FINDINGS: Between Dec 10, 2007, and Aug 26, 2011, 674 women were enrolled and 
randomly assigned to standard chemotherapy (n=337) or chemotherapy plus 
bevacizumab (n=377). Median follow-up at the end of the trial on Nov 5, 2014, 
was 49·6 months in each treatment group (IQR 41·5-62·2 for chemotherapy plus 
bevacizumab; IQR 40·8-59·3 for chemotherapy), at which point 415 patients had 
died (214 in the chemotherapy group and 201 in the chemotherapy plus bevacizumab 
group). Based on pretreatment stratification data, median overall survival in 
the chemotherapy plus bevacizumab group was 42·2 months (95% CI 37·7-46·2) 
versus 37·3 months (32·6-39·7) in the chemotherapy group (hazard ratio [HR] 
0·829; 95% CI 0·683-1·005; p=0·056). We identified incorrect treatment-free 
interval stratification data for 45 (7%) patients (equally balanced between 
treatment groups); a sensitivity analysis of overall survival based on the 
audited treatment-free interval stratification data gave an adjusted HR of 0·823 
(95% CI 0·680-0·996; p=0·0447). In the safety population (all patients who 
initiated treatment), 317 (96%) of 325 patients in the chemotherapy plus 
bevacizumab group had at least one grade 3 or worse adverse event compared with 
282 (86%) of 332 in the chemotherapy group; the most frequently reported of 
these in the chemotherapy plus bevacizumab group compared with the chemotherapy 
group were hypertension (39 [12%] vs two [1%]), fatigue (27 [8%] vs eight [2%]), 
and proteinuria (27 [8%] vs none). Two (1%) treatment-related deaths occurred in 
the chemotherapy group (infection [n=1] and myelodysplastic syndrome [n=1]) 
compared with nine (3%) in the chemotherapy plus bevacizumab group (infection 
[n=1], febrile neutropenia [n=1], myelodysplastic syndrome [n=1], secondary 
malignancy [n=1]; deaths not classified with CTCAE terms: disease progression 
[n=3], sudden death [n=1], and not specified [n=1]).
INTERPRETATION: The addition of bevacizumab to standard chemotherapy, followed 
by maintenance therapy until progression, improved the median overall survival 
in patients with platinum-sensitive recurrent ovarian cancer. Although the 
intention-to-treat analysis for overall survival was not significant, our 
sensitivity analysis based on corrected treatment-free interval stratification 
indicates that this strategy might be an important addition to the therapeutic 
armamentarium in these patients.
FUNDING: National Cancer Institute and Genentech."
B: primary resolved; secondary arm not in abstract,NCT00565851,28438473,https://pubmed.ncbi.nlm.nih.gov/28438473,https://clinicaltrials.gov/study/NCT00565851,GOG-0213 bevacizumab objective: platinum-sensitive recurrent ovarian cancer randomized to standard paclitaxel-carboplatin chemotherapy versus the same plus bevacizumab. Adding bevacizumab improved median overall survival. The secondary cytoreductive-surgery objective is ongoing and not reported here.,Arm I/V (No Surgery + Chemotherapy),29.0,control,,control,control,randomly assigned (1:1) to standard chemotherapy (six 3-weekly cycles of paclitaxel and carboplatin) or the same chemotherapy regimen plus bevacizumab.,control,False,,,"20. Lancet Oncol. 2017 Jun;18(6):779-791. doi: 10.1016/S1470-2045(17)30279-6.
Epub  2017 Apr 21.

Bevacizumab and paclitaxel-carboplatin chemotherapy and secondary cytoreduction 
in recurrent, platinum-sensitive ovarian cancer (NRG Oncology/Gynecologic 
Oncology Group study GOG-0213): a multicentre, open-label, randomised, phase 3 
trial.

JK(15), Spirtos NM(16), Ashfaq R(17), Mannel RS(6).

BACKGROUND: Platinum-based chemotherapy doublets are a standard of care for 
women with ovarian cancer recurring 6 months after completion of initial 
therapy. In this study, we aimed to explore the roles of secondary surgical 
cytoreduction and bevacizumab in this population, and report the results of the 
bevacizumab component here.
METHODS: The multicentre, open-label, randomised phase 3 GOG-0213 trial was done 
in 67 predominantly academic centres in the USA (65 centres), Japan (one 
centre), and South Korea (one centre). Eligible patients were adult women (aged 
≥18 years) with recurrent measurable or evaluable epithelial ovarian, primary 
peritoneal, or fallopian tube cancer, and a clinical complete response to 
primary platinum-based chemotherapy, who had been disease-free for at least 6 
months following last infused cycle of platinum. Patients were randomly assigned 
(1:1) to standard chemotherapy (six 3-weekly cycles of paclitaxel [175 mg/m2 of 
body surface area] and carboplatin [area under the curve 5]) or the same 
chemotherapy regimen plus bevacizumab (15 mg/kg of bodyweight) every 3 weeks and 
continued as maintenance every 3 weeks until disease progression or unacceptable 
toxicity. Individuals who participated in both the bevacizumab objective and 
surgical objective (which is ongoing) were randomly assigned (1:1:1:1) to 
receive either of these two chemotherapy regimens with or without prior 
secondary cytoreductive surgery. Randomisation for the bevacizumab objective was 
stratified by treatment-free interval and participation in the surgical 
objective. The primary endpoint was overall survival, analysed by intention to 
treat. This study is registered with ClinicalTrials.gov, number NCT00565851.
FINDINGS: Between Dec 10, 2007, and Aug 26, 2011, 674 women were enrolled and 
randomly assigned to standard chemotherapy (n=337) or chemotherapy plus 
bevacizumab (n=377). Median follow-up at the end of the trial on Nov 5, 2014, 
was 49·6 months in each treatment group (IQR 41·5-62·2 for chemotherapy plus 
bevacizumab; IQR 40·8-59·3 for chemotherapy), at which point 415 patients had 
died (214 in the chemotherapy group and 201 in the chemotherapy plus bevacizumab 
group). Based on pretreatment stratification data, median overall survival in 
the chemotherapy plus bevacizumab group was 42·2 months (95% CI 37·7-46·2) 
versus 37·3 months (32·6-39·7) in the chemotherapy group (hazard ratio [HR] 
0·829; 95% CI 0·683-1·005; p=0·056). We identified incorrect treatment-free 
interval stratification data for 45 (7%) patients (equally balanced between 
treatment groups); a sensitivity analysis of overall survival based on the 
audited treatment-free interval stratification data gave an adjusted HR of 0·823 
(95% CI 0·680-0·996; p=0·0447). In the safety population (all patients who 
initiated treatment), 317 (96%) of 325 patients in the chemotherapy plus 
bevacizumab group had at least one grade 3 or worse adverse event compared with 
282 (86%) of 332 in the chemotherapy group; the most frequently reported of 
these in the chemotherapy plus bevacizumab group compared with the chemotherapy 
group were hypertension (39 [12%] vs two [1%]), fatigue (27 [8%] vs eight [2%]), 
and proteinuria (27 [8%] vs none). Two (1%) treatment-related deaths occurred in 
the chemotherapy group (infection [n=1] and myelodysplastic syndrome [n=1]) 
compared with nine (3%) in the chemotherapy plus bevacizumab group (infection 
[n=1], febrile neutropenia [n=1], myelodysplastic syndrome [n=1], secondary 
malignancy [n=1]; deaths not classified with CTCAE terms: disease progression 
[n=3], sudden death [n=1], and not specified [n=1]).
INTERPRETATION: The addition of bevacizumab to standard chemotherapy, followed 
by maintenance therapy until progression, improved the median overall survival 
in patients with platinum-sensitive recurrent ovarian cancer. Although the 
intention-to-treat analysis for overall survival was not significant, our 
sensitivity analysis based on corrected treatment-free interval stratification 
indicates that this strategy might be an important addition to the therapeutic 
armamentarium in these patients.
FUNDING: National Cancer Institute and Genentech."
B: primary resolved; secondary arm not in abstract,NCT00565851,28438473,https://pubmed.ncbi.nlm.nih.gov/28438473,https://clinicaltrials.gov/study/NCT00565851,GOG-0213 bevacizumab objective: platinum-sensitive recurrent ovarian cancer randomized to standard paclitaxel-carboplatin chemotherapy versus the same plus bevacizumab. Adding bevacizumab improved median overall survival. The secondary cytoreductive-surgery objective is ongoing and not reported here.,Arm II (Carboplatin + Paclitaxel + Bevacizumab),36.0,intervention,EXPERIMENTAL,intervention,intervention,"The addition of bevacizumab to standard chemotherapy, followed by maintenance therapy until progression, improved the median overall survival.",intervention,False,,,"20. Lancet Oncol. 2017 Jun;18(6):779-791. doi: 10.1016/S1470-2045(17)30279-6.
Epub  2017 Apr 21.

Bevacizumab and paclitaxel-carboplatin chemotherapy and secondary cytoreduction 
in recurrent, platinum-sensitive ovarian cancer (NRG Oncology/Gynecologic 
Oncology Group study GOG-0213): a multicentre, open-label, randomised, phase 3 
trial.

JK(15), Spirtos NM(16), Ashfaq R(17), Mannel RS(6).

BACKGROUND: Platinum-based chemotherapy doublets are a standard of care for 
women with ovarian cancer recurring 6 months after completion of initial 
therapy. In this study, we aimed to explore the roles of secondary surgical 
cytoreduction and bevacizumab in this population, and report the results of the 
bevacizumab component here.
METHODS: The multicentre, open-label, randomised phase 3 GOG-0213 trial was done 
in 67 predominantly academic centres in the USA (65 centres), Japan (one 
centre), and South Korea (one centre). Eligible patients were adult women (aged 
≥18 years) with recurrent measurable or evaluable epithelial ovarian, primary 
peritoneal, or fallopian tube cancer, and a clinical complete response to 
primary platinum-based chemotherapy, who had been disease-free for at least 6 
months following last infused cycle of platinum. Patients were randomly assigned 
(1:1) to standard chemotherapy (six 3-weekly cycles of paclitaxel [175 mg/m2 of 
body surface area] and carboplatin [area under the curve 5]) or the same 
chemotherapy regimen plus bevacizumab (15 mg/kg of bodyweight) every 3 weeks and 
continued as maintenance every 3 weeks until disease progression or unacceptable 
toxicity. Individuals who participated in both the bevacizumab objective and 
surgical objective (which is ongoing) were randomly assigned (1:1:1:1) to 
receive either of these two chemotherapy regimens with or without prior 
secondary cytoreductive surgery. Randomisation for the bevacizumab objective was 
stratified by treatment-free interval and participation in the surgical 
objective. The primary endpoint was overall survival, analysed by intention to 
treat. This study is registered with ClinicalTrials.gov, number NCT00565851.
FINDINGS: Between Dec 10, 2007, and Aug 26, 2011, 674 women were enrolled and 
randomly assigned to standard chemotherapy (n=337) or chemotherapy plus 
bevacizumab (n=377). Median follow-up at the end of the trial on Nov 5, 2014, 
was 49·6 months in each treatment group (IQR 41·5-62·2 for chemotherapy plus 
bevacizumab; IQR 40·8-59·3 for chemotherapy), at which point 415 patients had 
died (214 in the chemotherapy group and 201 in the chemotherapy plus bevacizumab 
group). Based on pretreatment stratification data, median overall survival in 
the chemotherapy plus bevacizumab group was 42·2 months (95% CI 37·7-46·2) 
versus 37·3 months (32·6-39·7) in the chemotherapy group (hazard ratio [HR] 
0·829; 95% CI 0·683-1·005; p=0·056). We identified incorrect treatment-free 
interval stratification data for 45 (7%) patients (equally balanced between 
treatment groups); a sensitivity analysis of overall survival based on the 
audited treatment-free interval stratification data gave an adjusted HR of 0·823 
(95% CI 0·680-0·996; p=0·0447). In the safety population (all patients who 
initiated treatment), 317 (96%) of 325 patients in the chemotherapy plus 
bevacizumab group had at least one grade 3 or worse adverse event compared with 
282 (86%) of 332 in the chemotherapy group; the most frequently reported of 
these in the chemotherapy plus bevacizumab group compared with the chemotherapy 
group were hypertension (39 [12%] vs two [1%]), fatigue (27 [8%] vs eight [2%]), 
and proteinuria (27 [8%] vs none). Two (1%) treatment-related deaths occurred in 
the chemotherapy group (infection [n=1] and myelodysplastic syndrome [n=1]) 
compared with nine (3%) in the chemotherapy plus bevacizumab group (infection 
[n=1], febrile neutropenia [n=1], myelodysplastic syndrome [n=1], secondary 
malignancy [n=1]; deaths not classified with CTCAE terms: disease progression 
[n=3], sudden death [n=1], and not specified [n=1]).
INTERPRETATION: The addition of bevacizumab to standard chemotherapy, followed 
by maintenance therapy until progression, improved the median overall survival 
in patients with platinum-sensitive recurrent ovarian cancer. Although the 
intention-to-treat analysis for overall survival was not significant, our 
sensitivity analysis based on corrected treatment-free interval stratification 
indicates that this strategy might be an important addition to the therapeutic 
armamentarium in these patients.
FUNDING: National Cancer Institute and Genentech."
B: primary resolved; secondary arm not in abstract,NCT01067144,29238824,https://pubmed.ncbi.nlm.nih.gov/29238824,https://clinicaltrials.gov/study/NCT01067144,"Placebo-controlled randomized trial of perioperative gabapentin versus active placebo (lorazepam) in a mixed surgical cohort, assessing time to pain resolution and opioid cessation. Only two randomized arms are described; no observational arm is reported.",Observational Arm,3.0,control,,control,unresolved,,control,True,,,"9. JAMA Surg. 2018 Apr 1;153(4):303-311. doi: 10.1001/jamasurg.2017.4915.

Effect of Perioperative Gabapentin on Postoperative Pain Resolution and Opioid 
Cessation in a Mixed Surgical Cohort: A Randomized Clinical Trial.

JG(6), Curtin C(10), Carroll I(1).

IMPORTANCE: Guidelines recommend using gabapentin to decrease postoperative pain 
and opioid use, but significant variation exists in clinical practice.
OBJECTIVE: To determine the effect of perioperative gabapentin on remote 
postoperative time to pain resolution and opioid cessation.
placebo-controlled trial of perioperative gabapentin was conducted at a 
single-center, tertiary referral teaching hospital. A total of 1805 patients 
aged 18 to 75 years scheduled for surgery (thoracotomy, video-assisted 
thoracoscopic surgery, total hip replacement, total knee replacement, 
arthroscopy, shoulder arthroplasty, and shoulder arthroscopy) were screened. 
Participants were enrolled from May 25, 2010, to July 25, 2014, and followed up 
for 2 years postoperatively. Intention-to-treat analysis was used in evaluation 
of the findings.
INTERVENTIONS: Gabapentin, 1200 mg, preoperatively and 600 mg, 3 times a day 
postoperatively or active placebo (lorazepam, 0.5 mg) preoperatively followed by 
inactive placebo postoperatively for 72 hours.
MAIN OUTCOMES AND MEASURES: Primary outcome was time to pain resolution (5 
consecutive reports of 0 of 10 possible levels of average pain at the surgical 
site on the numeric rating scale of pain). Secondary outcomes were time to 
opioid cessation (5 consecutive reports of no opioid use) and the proportion of 
participants with continued pain or opioid use at 6 months and 1 year.
RESULTS: Of 1805 patients screened for enrollment, 1383 were excluded, including 
926 who did not meet inclusion criteria and 273 who declined to participate. 
Overall, 8% of patients randomized were lost to follow-up. A total of 202 
patients were randomized to active placebo and 208 patients were randomized to 
gabapentin in the intention-to-treat analysis (mean [SD] age, 56.7 [11.7] years; 
256 (62.4%) women and 154 (37.6%) men). Baseline characteristics of the groups 
were similar. Perioperative gabapentin did not affect time to pain cessation 
(hazard ratio [HR], 1.04; 95% CI, 0.82-1.33; P = .73) in the intention-to-treat 
analysis. However, participants receiving gabapentin had a 24% increase in the 
rate of opioid cessation after surgery (HR, 1.24; 95% CI, 1.00-1.54; P = .05). 
No significant differences were noted in the number of adverse events as well as 
the rate of medication discontinuation due to sedation or dizziness (placebo, 42 
of 202 [20.8%]; gabapentin, 52 of 208 [25.0%]).
CONCLUSIONS AND RELEVANCE: Perioperative administration of gabapentin had no 
effect on postoperative pain resolution, but it had a modest effect on promoting 
opioid cessation after surgery. The routine use of perioperative gabapentin may 
be warranted to promote opioid cessation and prevent chronic opioid use. Optimal 
dosing and timing of perioperative gabapentin in the context of specific 
operations to decrease opioid use should be addressed in further research.
TRIAL REGISTRATION: clinicaltrials.gov Identifier: NCT01067144."
B: primary resolved; secondary arm not in abstract,NCT01067144,29238824,https://pubmed.ncbi.nlm.nih.gov/29238824,https://clinicaltrials.gov/study/NCT01067144,"Placebo-controlled randomized trial of perioperative gabapentin versus active placebo (lorazepam) in a mixed surgical cohort, assessing time to pain resolution and opioid cessation. Only two randomized arms are described; no observational arm is reported.",Placebo Arm,3.0,control,PLACEBO_COMPARATOR,control,control,"Gabapentin... or active placebo (lorazepam, 0.5 mg) preoperatively followed by inactive placebo postoperatively.",control,False,,,"9. JAMA Surg. 2018 Apr 1;153(4):303-311. doi: 10.1001/jamasurg.2017.4915.

Effect of Perioperative Gabapentin on Postoperative Pain Resolution and Opioid 
Cessation in a Mixed Surgical Cohort: A Randomized Clinical Trial.

JG(6), Curtin C(10), Carroll I(1).

IMPORTANCE: Guidelines recommend using gabapentin to decrease postoperative pain 
and opioid use, but significant variation exists in clinical practice.
OBJECTIVE: To determine the effect of perioperative gabapentin on remote 
postoperative time to pain resolution and opioid cessation.
placebo-controlled trial of perioperative gabapentin was conducted at a 
single-center, tertiary referral teaching hospital. A total of 1805 patients 
aged 18 to 75 years scheduled for surgery (thoracotomy, video-assisted 
thoracoscopic surgery, total hip replacement, total knee replacement, 
arthroscopy, shoulder arthroplasty, and shoulder arthroscopy) were screened. 
Participants were enrolled from May 25, 2010, to July 25, 2014, and followed up 
for 2 years postoperatively. Intention-to-treat analysis was used in evaluation 
of the findings.
INTERVENTIONS: Gabapentin, 1200 mg, preoperatively and 600 mg, 3 times a day 
postoperatively or active placebo (lorazepam, 0.5 mg) preoperatively followed by 
inactive placebo postoperatively for 72 hours.
MAIN OUTCOMES AND MEASURES: Primary outcome was time to pain resolution (5 
consecutive reports of 0 of 10 possible levels of average pain at the surgical 
site on the numeric rating scale of pain). Secondary outcomes were time to 
opioid cessation (5 consecutive reports of no opioid use) and the proportion of 
participants with continued pain or opioid use at 6 months and 1 year.
RESULTS: Of 1805 patients screened for enrollment, 1383 were excluded, including 
926 who did not meet inclusion criteria and 273 who declined to participate. 
Overall, 8% of patients randomized were lost to follow-up. A total of 202 
patients were randomized to active placebo and 208 patients were randomized to 
gabapentin in the intention-to-treat analysis (mean [SD] age, 56.7 [11.7] years; 
256 (62.4%) women and 154 (37.6%) men). Baseline characteristics of the groups 
were similar. Perioperative gabapentin did not affect time to pain cessation 
(hazard ratio [HR], 1.04; 95% CI, 0.82-1.33; P = .73) in the intention-to-treat 
analysis. However, participants receiving gabapentin had a 24% increase in the 
rate of opioid cessation after surgery (HR, 1.24; 95% CI, 1.00-1.54; P = .05). 
No significant differences were noted in the number of adverse events as well as 
the rate of medication discontinuation due to sedation or dizziness (placebo, 42 
of 202 [20.8%]; gabapentin, 52 of 208 [25.0%]).
CONCLUSIONS AND RELEVANCE: Perioperative administration of gabapentin had no 
effect on postoperative pain resolution, but it had a modest effect on promoting 
opioid cessation after surgery. The routine use of perioperative gabapentin may 
be warranted to promote opioid cessation and prevent chronic opioid use. Optimal 
dosing and timing of perioperative gabapentin in the context of specific 
operations to decrease opioid use should be addressed in further research.
TRIAL REGISTRATION: clinicaltrials.gov Identifier: NCT01067144."
B: primary resolved; secondary arm not in abstract,NCT01067144,29238824,https://pubmed.ncbi.nlm.nih.gov/29238824,https://clinicaltrials.gov/study/NCT01067144,"Placebo-controlled randomized trial of perioperative gabapentin versus active placebo (lorazepam) in a mixed surgical cohort, assessing time to pain resolution and opioid cessation. Only two randomized arms are described; no observational arm is reported.",Gabapentin Arm,3.0,intervention,EXPERIMENTAL,intervention,intervention,To determine the effect of perioperative gabapentin on remote postoperative time to pain resolution and opioid cessation.,intervention,False,,,"9. JAMA Surg. 2018 Apr 1;153(4):303-311. doi: 10.1001/jamasurg.2017.4915.

Effect of Perioperative Gabapentin on Postoperative Pain Resolution and Opioid 
Cessation in a Mixed Surgical Cohort: A Randomized Clinical Trial.

JG(6), Curtin C(10), Carroll I(1).

IMPORTANCE: Guidelines recommend using gabapentin to decrease postoperative pain 
and opioid use, but significant variation exists in clinical practice.
OBJECTIVE: To determine the effect of perioperative gabapentin on remote 
postoperative time to pain resolution and opioid cessation.
placebo-controlled trial of perioperative gabapentin was conducted at a 
single-center, tertiary referral teaching hospital. A total of 1805 patients 
aged 18 to 75 years scheduled for surgery (thoracotomy, video-assisted 
thoracoscopic surgery, total hip replacement, total knee replacement, 
arthroscopy, shoulder arthroplasty, and shoulder arthroscopy) were screened. 
Participants were enrolled from May 25, 2010, to July 25, 2014, and followed up 
for 2 years postoperatively. Intention-to-treat analysis was used in evaluation 
of the findings.
INTERVENTIONS: Gabapentin, 1200 mg, preoperatively and 600 mg, 3 times a day 
postoperatively or active placebo (lorazepam, 0.5 mg) preoperatively followed by 
inactive placebo postoperatively for 72 hours.
MAIN OUTCOMES AND MEASURES: Primary outcome was time to pain resolution (5 
consecutive reports of 0 of 10 possible levels of average pain at the surgical 
site on the numeric rating scale of pain). Secondary outcomes were time to 
opioid cessation (5 consecutive reports of no opioid use) and the proportion of 
participants with continued pain or opioid use at 6 months and 1 year.
RESULTS: Of 1805 patients screened for enrollment, 1383 were excluded, including 
926 who did not meet inclusion criteria and 273 who declined to participate. 
Overall, 8% of patients randomized were lost to follow-up. A total of 202 
patients were randomized to active placebo and 208 patients were randomized to 
gabapentin in the intention-to-treat analysis (mean [SD] age, 56.7 [11.7] years; 
256 (62.4%) women and 154 (37.6%) men). Baseline characteristics of the groups 
were similar. Perioperative gabapentin did not affect time to pain cessation 
(hazard ratio [HR], 1.04; 95% CI, 0.82-1.33; P = .73) in the intention-to-treat 
analysis. However, participants receiving gabapentin had a 24% increase in the 
rate of opioid cessation after surgery (HR, 1.24; 95% CI, 1.00-1.54; P = .05). 
No significant differences were noted in the number of adverse events as well as 
the rate of medication discontinuation due to sedation or dizziness (placebo, 42 
of 202 [20.8%]; gabapentin, 52 of 208 [25.0%]).
CONCLUSIONS AND RELEVANCE: Perioperative administration of gabapentin had no 
effect on postoperative pain resolution, but it had a modest effect on promoting 
opioid cessation after surgery. The routine use of perioperative gabapentin may 
be warranted to promote opioid cessation and prevent chronic opioid use. Optimal 
dosing and timing of perioperative gabapentin in the context of specific 
operations to decrease opioid use should be addressed in further research.
TRIAL REGISTRATION: clinicaltrials.gov Identifier: NCT01067144."
B: primary resolved; secondary arm not in abstract,NCT01706939,31345387,https://pubmed.ncbi.nlm.nih.gov/31345387,https://clinicaltrials.gov/study/NCT01706939,"Quarterback trial in HPV+ oropharyngeal carcinoma: after induction TPF, clinical responders randomized 1:2 to standard-dose chemoradiation (7000 cGy) vs reduced-dose chemoradiation (5600 cGy) with weekly carboplatin; abstract does not describe a non-responder arm.",Arm C (Non-responders: Standard CRT + Carboplatin + Erbitux + Paclitaxel),48.0,control,,control,unresolved,,control,True,,,"7. Oral Oncol. 2019 Aug;95:170-177. doi: 10.1016/j.oraloncology.2019.06.021. Epub
 2019 Jun 25.

Standard of care vs reduced-dose chemoradiation after induction chemotherapy in 
HPV+ oropharyngeal carcinoma patients: The Quarterback trial.

BACKGROUND: Human Papillomavirus oropharyngeal carcinoma (HPVOPC) has better 
progression free (PFS) and overall survival (OS) than non-HPVOPC. Standard-dose 
chemoradiotherapy (sdCRT) results in significant acute toxicity and late 
morbidity. We hypothesized that after induction chemotherapy (IC), reduced dose 
chemoradiation (rdCRT) would result in equivalent PFS and OS compared to sdCRT 
plus IC in HPVOPC and would reduce toxicity.
METHODS: Patients with p16+, previously untreated, locally advanced HPVOPC and 
≤20 pack years smoking history received 3 cycles of IC with docetaxel, cisplatin 
and fluorouracil (TPF). Clinical responders who were HPV positive by 
type-specific PCR were randomized 1:2 to sdCRT (7000 cGy) or rdCRT (5600 cGy) 
with weekly carboplatin. The endpoints of the study were 3 year PFS and OS.
RESULTS: 23 patients were enrolled, 22 were evaluable for TPF toxicity and 20 
were randomized, 8 to sdCRT and 12 to rdCRT. Sixteen (80%) were HPV 16+ and 4 
(20%) were other high risk (HR) variants. Fourteen (70%) had high risk features: 
T4, N2c, or N3. Median follow up was 56 months (range 42-70). Three-year PFS/OS 
for sdCRT and rdCRT are 87.5% vs 83.3% (log-rank test p = 0.85), respectively. 
All 3 failures are locoregional within 4 months of completion of CRT; 2 were in 
HR variants (50%).
CONCLUSIONS: rdCRT after IC resulted in similar PFS/OS compared sdCRT. These 
data support Phase 3 clinical trials of radiation dose reduction after IC as a 
treatment strategy in HPVOPC. Molecular HPV with variant testing and smoking 
history are necessary for de-escalation trials."
B: primary resolved; secondary arm not in abstract,NCT01706939,31345387,https://pubmed.ncbi.nlm.nih.gov/31345387,https://clinicaltrials.gov/study/NCT01706939,"Quarterback trial in HPV+ oropharyngeal carcinoma: after induction TPF, clinical responders randomized 1:2 to standard-dose chemoradiation (7000 cGy) vs reduced-dose chemoradiation (5600 cGy) with weekly carboplatin; abstract does not describe a non-responder arm.",Arm B (Standard Dose Radiation + Carboplatin),48.0,control,ACTIVE_COMPARATOR,control,control,randomized 1:2 to sdCRT (7000 cGy) or rdCRT (5600 cGy) with weekly carboplatin,control,False,,,"7. Oral Oncol. 2019 Aug;95:170-177. doi: 10.1016/j.oraloncology.2019.06.021. Epub
 2019 Jun 25.

Standard of care vs reduced-dose chemoradiation after induction chemotherapy in 
HPV+ oropharyngeal carcinoma patients: The Quarterback trial.

BACKGROUND: Human Papillomavirus oropharyngeal carcinoma (HPVOPC) has better 
progression free (PFS) and overall survival (OS) than non-HPVOPC. Standard-dose 
chemoradiotherapy (sdCRT) results in significant acute toxicity and late 
morbidity. We hypothesized that after induction chemotherapy (IC), reduced dose 
chemoradiation (rdCRT) would result in equivalent PFS and OS compared to sdCRT 
plus IC in HPVOPC and would reduce toxicity.
METHODS: Patients with p16+, previously untreated, locally advanced HPVOPC and 
≤20 pack years smoking history received 3 cycles of IC with docetaxel, cisplatin 
and fluorouracil (TPF). Clinical responders who were HPV positive by 
type-specific PCR were randomized 1:2 to sdCRT (7000 cGy) or rdCRT (5600 cGy) 
with weekly carboplatin. The endpoints of the study were 3 year PFS and OS.
RESULTS: 23 patients were enrolled, 22 were evaluable for TPF toxicity and 20 
were randomized, 8 to sdCRT and 12 to rdCRT. Sixteen (80%) were HPV 16+ and 4 
(20%) were other high risk (HR) variants. Fourteen (70%) had high risk features: 
T4, N2c, or N3. Median follow up was 56 months (range 42-70). Three-year PFS/OS 
for sdCRT and rdCRT are 87.5% vs 83.3% (log-rank test p = 0.85), respectively. 
All 3 failures are locoregional within 4 months of completion of CRT; 2 were in 
HR variants (50%).
CONCLUSIONS: rdCRT after IC resulted in similar PFS/OS compared sdCRT. These 
data support Phase 3 clinical trials of radiation dose reduction after IC as a 
treatment strategy in HPVOPC. Molecular HPV with variant testing and smoking 
history are necessary for de-escalation trials."
B: primary resolved; secondary arm not in abstract,NCT01706939,31345387,https://pubmed.ncbi.nlm.nih.gov/31345387,https://clinicaltrials.gov/study/NCT01706939,"Quarterback trial in HPV+ oropharyngeal carcinoma: after induction TPF, clinical responders randomized 1:2 to standard-dose chemoradiation (7000 cGy) vs reduced-dose chemoradiation (5600 cGy) with weekly carboplatin; abstract does not describe a non-responder arm.",Arm A (Reduced Dose Radiation + Carboplatin),43.0,intervention,EXPERIMENTAL,intervention,intervention,"after induction chemotherapy (IC), reduced dose chemoradiation (rdCRT) would result in equivalent PFS and OS compared to sdCRT",intervention,False,,,"7. Oral Oncol. 2019 Aug;95:170-177. doi: 10.1016/j.oraloncology.2019.06.021. Epub
 2019 Jun 25.

Standard of care vs reduced-dose chemoradiation after induction chemotherapy in 
HPV+ oropharyngeal carcinoma patients: The Quarterback trial.

BACKGROUND: Human Papillomavirus oropharyngeal carcinoma (HPVOPC) has better 
progression free (PFS) and overall survival (OS) than non-HPVOPC. Standard-dose 
chemoradiotherapy (sdCRT) results in significant acute toxicity and late 
morbidity. We hypothesized that after induction chemotherapy (IC), reduced dose 
chemoradiation (rdCRT) would result in equivalent PFS and OS compared to sdCRT 
plus IC in HPVOPC and would reduce toxicity.
METHODS: Patients with p16+, previously untreated, locally advanced HPVOPC and 
≤20 pack years smoking history received 3 cycles of IC with docetaxel, cisplatin 
and fluorouracil (TPF). Clinical responders who were HPV positive by 
type-specific PCR were randomized 1:2 to sdCRT (7000 cGy) or rdCRT (5600 cGy) 
with weekly carboplatin. The endpoints of the study were 3 year PFS and OS.
RESULTS: 23 patients were enrolled, 22 were evaluable for TPF toxicity and 20 
were randomized, 8 to sdCRT and 12 to rdCRT. Sixteen (80%) were HPV 16+ and 4 
(20%) were other high risk (HR) variants. Fourteen (70%) had high risk features: 
T4, N2c, or N3. Median follow up was 56 months (range 42-70). Three-year PFS/OS 
for sdCRT and rdCRT are 87.5% vs 83.3% (log-rank test p = 0.85), respectively. 
All 3 failures are locoregional within 4 months of completion of CRT; 2 were in 
HR variants (50%).
CONCLUSIONS: rdCRT after IC resulted in similar PFS/OS compared sdCRT. These 
data support Phase 3 clinical trials of radiation dose reduction after IC as a 
treatment strategy in HPVOPC. Molecular HPV with variant testing and smoking 
history are necessary for de-escalation trials."
B: primary resolved; secondary arm not in abstract,NCT02445391,34092112,https://pubmed.ncbi.nlm.nih.gov/34092112,https://clinicaltrials.gov/study/NCT02445391,ECOG-ACRIN EA1131 phase III postoperative trial in residual triple-negative breast cancer post-NAC: platinum-based chemotherapy tested for noninferiority/superiority versus established adjuvant capecitabine; abstract does not describe an observation arm.,Arm A (Observation),4.0,control,NO_INTERVENTION,control,unresolved,,control,True,,,"20. J Clin Oncol. 2021 Aug 10;39(23):2539-2551. doi: 10.1200/JCO.21.00976. Epub
2021  Jun 6.

Randomized Phase III Postoperative Trial of Platinum-Based Chemotherapy Versus 
Capecitabine in Patients With Residual Triple-Negative Breast Cancer Following 
Neoadjuvant Chemotherapy: ECOG-ACRIN EA1131.

AM(20), Sparano JA(9), Wolff AC(8), Miller KD(21).

PURPOSE: Patients with triple-negative breast cancer (TNBC) and residual 
invasive disease (RD) after completion of neoadjuvant chemotherapy (NAC) have a 
high-risk for recurrence, which is reduced by adjuvant capecitabine. Preclinical 
models support the use of platinum agents in the TNBC basal subtype. The EA1131 
trial hypothesized that invasive disease-free survival (iDFS) would not be 
inferior but improved in patients with basal subtype TNBC treated with adjuvant 
platinum compared with capecitabine.
PATIENTS AND METHODS: Patients with clinical stage II or III TNBC with ≥ 1 cm RD 
in the breast post-NAC were randomly assigned to receive platinum (carboplatin 
or cisplatin) once every 3 weeks for four cycles or capecitabine 14 out of 21 
days every 3 weeks for six cycles. TNBC subtype (basal v nonbasal) was 
determined by PAM50 in the residual disease. A noninferiority design with 
superiority alternative was chosen, assuming a 4-year iDFS of 67% with 
capecitabine.
RESULTS: Four hundred ten of planned 775 participants were randomly assigned to 
platinum or capecitabine between 2015 and 2021. After median follow-up of 20 
months and 120 iDFS events (61% of full information) in the 308 (78%) patients 
with basal subtype TNBC, the 3-year iDFS for platinum was 42% (95% CI, 30 to 53) 
versus 49% (95% CI, 39 to 59) for capecitabine. Grade 3 and 4 toxicities were 
more common with platinum agents. The Data and Safety Monitoring Committee 
recommended stopping the trial as it was unlikely that further follow-up would 
show noninferiority or superiority of platinum.
CONCLUSION: Platinum agents do not improve outcomes in patients with basal 
subtype TNBC RD post-NAC and are associated with more severe toxicity when 
compared with capecitabine. Participants had a lower than expected 3-year iDFS 
regardless of study treatment, highlighting the need for better therapies in 
this high-risk population."
B: primary resolved; secondary arm not in abstract,NCT02445391,34092112,https://pubmed.ncbi.nlm.nih.gov/34092112,https://clinicaltrials.gov/study/NCT02445391,ECOG-ACRIN EA1131 phase III postoperative trial in residual triple-negative breast cancer post-NAC: platinum-based chemotherapy tested for noninferiority/superiority versus established adjuvant capecitabine; abstract does not describe an observation arm.,Arm C (Capecitabine),10.0,intervention,ACTIVE_COMPARATOR,control,control,"high-risk for recurrence, which is reduced by adjuvant capecitabine ... assuming a 4-year iDFS of 67% with capecitabine",control,False,,,"20. J Clin Oncol. 2021 Aug 10;39(23):2539-2551. doi: 10.1200/JCO.21.00976. Epub
2021  Jun 6.

Randomized Phase III Postoperative Trial of Platinum-Based Chemotherapy Versus 
Capecitabine in Patients With Residual Triple-Negative Breast Cancer Following 
Neoadjuvant Chemotherapy: ECOG-ACRIN EA1131.

AM(20), Sparano JA(9), Wolff AC(8), Miller KD(21).

PURPOSE: Patients with triple-negative breast cancer (TNBC) and residual 
invasive disease (RD) after completion of neoadjuvant chemotherapy (NAC) have a 
high-risk for recurrence, which is reduced by adjuvant capecitabine. Preclinical 
models support the use of platinum agents in the TNBC basal subtype. The EA1131 
trial hypothesized that invasive disease-free survival (iDFS) would not be 
inferior but improved in patients with basal subtype TNBC treated with adjuvant 
platinum compared with capecitabine.
PATIENTS AND METHODS: Patients with clinical stage II or III TNBC with ≥ 1 cm RD 
in the breast post-NAC were randomly assigned to receive platinum (carboplatin 
or cisplatin) once every 3 weeks for four cycles or capecitabine 14 out of 21 
days every 3 weeks for six cycles. TNBC subtype (basal v nonbasal) was 
determined by PAM50 in the residual disease. A noninferiority design with 
superiority alternative was chosen, assuming a 4-year iDFS of 67% with 
capecitabine.
RESULTS: Four hundred ten of planned 775 participants were randomly assigned to 
platinum or capecitabine between 2015 and 2021. After median follow-up of 20 
months and 120 iDFS events (61% of full information) in the 308 (78%) patients 
with basal subtype TNBC, the 3-year iDFS for platinum was 42% (95% CI, 30 to 53) 
versus 49% (95% CI, 39 to 59) for capecitabine. Grade 3 and 4 toxicities were 
more common with platinum agents. The Data and Safety Monitoring Committee 
recommended stopping the trial as it was unlikely that further follow-up would 
show noninferiority or superiority of platinum.
CONCLUSION: Platinum agents do not improve outcomes in patients with basal 
subtype TNBC RD post-NAC and are associated with more severe toxicity when 
compared with capecitabine. Participants had a lower than expected 3-year iDFS 
regardless of study treatment, highlighting the need for better therapies in 
this high-risk population."
B: primary resolved; secondary arm not in abstract,NCT02445391,34092112,https://pubmed.ncbi.nlm.nih.gov/34092112,https://clinicaltrials.gov/study/NCT02445391,ECOG-ACRIN EA1131 phase III postoperative trial in residual triple-negative breast cancer post-NAC: platinum-based chemotherapy tested for noninferiority/superiority versus established adjuvant capecitabine; abstract does not describe an observation arm.,Arm B (Platinum-based chemotherapy),8.0,intervention,EXPERIMENTAL,intervention,intervention,iDFS would not be inferior but improved in patients with basal subtype TNBC treated with adjuvant platinum compared with capecitabine,intervention,False,,,"20. J Clin Oncol. 2021 Aug 10;39(23):2539-2551. doi: 10.1200/JCO.21.00976. Epub
2021  Jun 6.

Randomized Phase III Postoperative Trial of Platinum-Based Chemotherapy Versus 
Capecitabine in Patients With Residual Triple-Negative Breast Cancer Following 
Neoadjuvant Chemotherapy: ECOG-ACRIN EA1131.

AM(20), Sparano JA(9), Wolff AC(8), Miller KD(21).

PURPOSE: Patients with triple-negative breast cancer (TNBC) and residual 
invasive disease (RD) after completion of neoadjuvant chemotherapy (NAC) have a 
high-risk for recurrence, which is reduced by adjuvant capecitabine. Preclinical 
models support the use of platinum agents in the TNBC basal subtype. The EA1131 
trial hypothesized that invasive disease-free survival (iDFS) would not be 
inferior but improved in patients with basal subtype TNBC treated with adjuvant 
platinum compared with capecitabine.
PATIENTS AND METHODS: Patients with clinical stage II or III TNBC with ≥ 1 cm RD 
in the breast post-NAC were randomly assigned to receive platinum (carboplatin 
or cisplatin) once every 3 weeks for four cycles or capecitabine 14 out of 21 
days every 3 weeks for six cycles. TNBC subtype (basal v nonbasal) was 
determined by PAM50 in the residual disease. A noninferiority design with 
superiority alternative was chosen, assuming a 4-year iDFS of 67% with 
capecitabine.
RESULTS: Four hundred ten of planned 775 participants were randomly assigned to 
platinum or capecitabine between 2015 and 2021. After median follow-up of 20 
months and 120 iDFS events (61% of full information) in the 308 (78%) patients 
with basal subtype TNBC, the 3-year iDFS for platinum was 42% (95% CI, 30 to 53) 
versus 49% (95% CI, 39 to 59) for capecitabine. Grade 3 and 4 toxicities were 
more common with platinum agents. The Data and Safety Monitoring Committee 
recommended stopping the trial as it was unlikely that further follow-up would 
show noninferiority or superiority of platinum.
CONCLUSION: Platinum agents do not improve outcomes in patients with basal 
subtype TNBC RD post-NAC and are associated with more severe toxicity when 
compared with capecitabine. Participants had a lower than expected 3-year iDFS 
regardless of study treatment, highlighting the need for better therapies in 
this high-risk population."
B: primary resolved; secondary arm not in abstract,NCT02625610,33197226,https://pubmed.ncbi.nlm.nih.gov/33197226,https://clinicaltrials.gov/study/NCT02625610,"JAVELIN Gastric 100 phase III trial: after first-line induction chemotherapy, gastric/GEJ cancer patients without progression randomized 1:1 to avelumab maintenance vs continued chemotherapy; abstract does not describe a best-supportive-care-only arm.",Best Supportive Care (BSC) Only,20.0,control,,control,unresolved,,control,True,,,"8. J Clin Oncol. 2021 Mar 20;39(9):966-977. doi: 10.1200/JCO.20.00892. Epub 2020 
Nov 16.

Phase III Trial of Avelumab Maintenance After First-Line Induction Chemotherapy 
Versus Continuation of Chemotherapy in Patients With Gastric Cancers: Results 
From JAVELIN Gastric 100.

PURPOSE: The role of maintenance therapy for gastric (GC) or gastroesophageal 
junction cancer (GEJC) is unclear. We investigated avelumab (anti-programmed 
death ligand-1 [PD-L1]) maintenance after first-line induction chemotherapy for 
GC/GEJC.
PATIENTS AND METHODS: JAVELIN Gastric 100 was a global, open-label, phase III 
trial. Eligible patients had untreated, unresectable, human epidermal growth 
factor receptor 2-negative, locally advanced or metastatic GC or GEJC. Patients 
without progressive disease after 12 weeks of first-line chemotherapy with 
oxaliplatin plus a fluoropyrimidine were randomly assigned 1:1 to avelumab 10 
mg/kg every 2 weeks or continued chemotherapy, stratified by region (Asia v 
non-Asia). The primary end point was overall survival (OS) after induction 
chemotherapy in all randomly assigned patients or the PD-L1-positive randomly 
assigned population (≥ 1% of tumor cells; 73-10 assay).
RESULTS: A total of 805 patients received induction; 499 were randomly assigned 
to avelumab (n = 249) or continued chemotherapy (n = 250). Median OS was 10.4 
months (95% CI, 9.1 to 12.0 months) versus 10.9 months (95% CI, 9.6 to 12.4 
months) and 24-month OS rate was 22.1% versus 15.5% with avelumab versus 
chemotherapy, respectively (hazard ratio [HR], 0.91; 95% CI, 0.74 to 1.11; P = 
.1779). In the PD-L1-positive population (n = 54), the HR for OS was 1.13 (95% 
CI, 0.57 to 2.23; P = .6352). In an exploratory analysis of the PD-L1-positive 
population, defined as combined positive score ≥ 1 (22C3 assay; n = 137), median 
OS was 14.9 months (95% CI, 8.7 to 17.3 months) with avelumab versus 11.6 months 
(95% CI, 8.4 to 12.6 months) with chemotherapy (unstratified HR, 0.72; 95% CI, 
0.49 to 1.05). With avelumab and chemotherapy, treatment-related adverse events 
(TRAEs) occurred in 149 (61.3%) and 184 (77.3%) patients, including grade ≥ 3 
TRAEs in 31 (12.8%) and 78 (32.8%) patients, respectively.
CONCLUSION: JAVELIN Gastric 100 did not demonstrate superior OS with avelumab 
maintenance versus continued chemotherapy in patients with advanced GC or GEJC 
overall or in a prespecified PD-L1-positive population."
B: primary resolved; secondary arm not in abstract,NCT02625610,33197226,https://pubmed.ncbi.nlm.nih.gov/33197226,https://clinicaltrials.gov/study/NCT02625610,"JAVELIN Gastric 100 phase III trial: after first-line induction chemotherapy, gastric/GEJ cancer patients without progression randomized 1:1 to avelumab maintenance vs continued chemotherapy; abstract does not describe a best-supportive-care-only arm.",Chemotherapy Maintenance (Oxaliplatin + 5-FU),27.0,control,EXPERIMENTAL,intervention,control,randomly assigned 1:1 to avelumab 10 mg/kg every 2 weeks or continued chemotherapy,control,False,,,"8. J Clin Oncol. 2021 Mar 20;39(9):966-977. doi: 10.1200/JCO.20.00892. Epub 2020 
Nov 16.

Phase III Trial of Avelumab Maintenance After First-Line Induction Chemotherapy 
Versus Continuation of Chemotherapy in Patients With Gastric Cancers: Results 
From JAVELIN Gastric 100.

PURPOSE: The role of maintenance therapy for gastric (GC) or gastroesophageal 
junction cancer (GEJC) is unclear. We investigated avelumab (anti-programmed 
death ligand-1 [PD-L1]) maintenance after first-line induction chemotherapy for 
GC/GEJC.
PATIENTS AND METHODS: JAVELIN Gastric 100 was a global, open-label, phase III 
trial. Eligible patients had untreated, unresectable, human epidermal growth 
factor receptor 2-negative, locally advanced or metastatic GC or GEJC. Patients 
without progressive disease after 12 weeks of first-line chemotherapy with 
oxaliplatin plus a fluoropyrimidine were randomly assigned 1:1 to avelumab 10 
mg/kg every 2 weeks or continued chemotherapy, stratified by region (Asia v 
non-Asia). The primary end point was overall survival (OS) after induction 
chemotherapy in all randomly assigned patients or the PD-L1-positive randomly 
assigned population (≥ 1% of tumor cells; 73-10 assay).
RESULTS: A total of 805 patients received induction; 499 were randomly assigned 
to avelumab (n = 249) or continued chemotherapy (n = 250). Median OS was 10.4 
months (95% CI, 9.1 to 12.0 months) versus 10.9 months (95% CI, 9.6 to 12.4 
months) and 24-month OS rate was 22.1% versus 15.5% with avelumab versus 
chemotherapy, respectively (hazard ratio [HR], 0.91; 95% CI, 0.74 to 1.11; P = 
.1779). In the PD-L1-positive population (n = 54), the HR for OS was 1.13 (95% 
CI, 0.57 to 2.23; P = .6352). In an exploratory analysis of the PD-L1-positive 
population, defined as combined positive score ≥ 1 (22C3 assay; n = 137), median 
OS was 14.9 months (95% CI, 8.7 to 17.3 months) with avelumab versus 11.6 months 
(95% CI, 8.4 to 12.6 months) with chemotherapy (unstratified HR, 0.72; 95% CI, 
0.49 to 1.05). With avelumab and chemotherapy, treatment-related adverse events 
(TRAEs) occurred in 149 (61.3%) and 184 (77.3%) patients, including grade ≥ 3 
TRAEs in 31 (12.8%) and 78 (32.8%) patients, respectively.
CONCLUSION: JAVELIN Gastric 100 did not demonstrate superior OS with avelumab 
maintenance versus continued chemotherapy in patients with advanced GC or GEJC 
overall or in a prespecified PD-L1-positive population."
B: primary resolved; secondary arm not in abstract,NCT02625610,33197226,https://pubmed.ncbi.nlm.nih.gov/33197226,https://clinicaltrials.gov/study/NCT02625610,"JAVELIN Gastric 100 phase III trial: after first-line induction chemotherapy, gastric/GEJ cancer patients without progression randomized 1:1 to avelumab maintenance vs continued chemotherapy; abstract does not describe a best-supportive-care-only arm.",Avelumab Maintenance,27.0,intervention,EXPERIMENTAL,intervention,intervention,We investigated avelumab (anti-programmed death ligand-1 [PD-L1]) maintenance after first-line induction chemotherapy,intervention,False,,,"8. J Clin Oncol. 2021 Mar 20;39(9):966-977. doi: 10.1200/JCO.20.00892. Epub 2020 
Nov 16.

Phase III Trial of Avelumab Maintenance After First-Line Induction Chemotherapy 
Versus Continuation of Chemotherapy in Patients With Gastric Cancers: Results 
From JAVELIN Gastric 100.

PURPOSE: The role of maintenance therapy for gastric (GC) or gastroesophageal 
junction cancer (GEJC) is unclear. We investigated avelumab (anti-programmed 
death ligand-1 [PD-L1]) maintenance after first-line induction chemotherapy for 
GC/GEJC.
PATIENTS AND METHODS: JAVELIN Gastric 100 was a global, open-label, phase III 
trial. Eligible patients had untreated, unresectable, human epidermal growth 
factor receptor 2-negative, locally advanced or metastatic GC or GEJC. Patients 
without progressive disease after 12 weeks of first-line chemotherapy with 
oxaliplatin plus a fluoropyrimidine were randomly assigned 1:1 to avelumab 10 
mg/kg every 2 weeks or continued chemotherapy, stratified by region (Asia v 
non-Asia). The primary end point was overall survival (OS) after induction 
chemotherapy in all randomly assigned patients or the PD-L1-positive randomly 
assigned population (≥ 1% of tumor cells; 73-10 assay).
RESULTS: A total of 805 patients received induction; 499 were randomly assigned 
to avelumab (n = 249) or continued chemotherapy (n = 250). Median OS was 10.4 
months (95% CI, 9.1 to 12.0 months) versus 10.9 months (95% CI, 9.6 to 12.4 
months) and 24-month OS rate was 22.1% versus 15.5% with avelumab versus 
chemotherapy, respectively (hazard ratio [HR], 0.91; 95% CI, 0.74 to 1.11; P = 
.1779). In the PD-L1-positive population (n = 54), the HR for OS was 1.13 (95% 
CI, 0.57 to 2.23; P = .6352). In an exploratory analysis of the PD-L1-positive 
population, defined as combined positive score ≥ 1 (22C3 assay; n = 137), median 
OS was 14.9 months (95% CI, 8.7 to 17.3 months) with avelumab versus 11.6 months 
(95% CI, 8.4 to 12.6 months) with chemotherapy (unstratified HR, 0.72; 95% CI, 
0.49 to 1.05). With avelumab and chemotherapy, treatment-related adverse events 
(TRAEs) occurred in 149 (61.3%) and 184 (77.3%) patients, including grade ≥ 3 
TRAEs in 31 (12.8%) and 78 (32.8%) patients, respectively.
CONCLUSION: JAVELIN Gastric 100 did not demonstrate superior OS with avelumab 
maintenance versus continued chemotherapy in patients with advanced GC or GEJC 
overall or in a prespecified PD-L1-positive population."
B: primary resolved; secondary arm not in abstract,NCT02864251,38252907,https://pubmed.ncbi.nlm.nih.gov/38252907,https://clinicaltrials.gov/study/NCT02864251,CheckMate 722 phase III trial in EGFR-mutated metastatic NSCLC after progression on EGFR TKIs: patients randomized 1:1 to nivolumab plus platinum-doublet chemotherapy versus platinum-doublet chemotherapy alone; abstract does not describe a nivolumab-plus-ipilimumab arm.,Arm B (Nivolumab plus Ipilimumab),27.0,intervention,EXPERIMENTAL,intervention,unresolved,,intervention,True,,,"9. J Clin Oncol. 2024 Apr 10;42(11):1252-1264. doi: 10.1200/JCO.23.01017. Epub
2024  Jan 22.

Nivolumab Plus Chemotherapy in Epidermal Growth Factor Receptor-Mutated 
Metastatic Non-Small-Cell Lung Cancer After Disease Progression on Epidermal 
Growth Factor Receptor Tyrosine Kinase Inhibitors: Final Results of CheckMate 
722.

PURPOSE: The phase III CheckMate 722 trial (ClinicalTrials.gov identifier: 
NCT02864251) evaluated nivolumab plus chemotherapy versus chemotherapy in 
patients with epidermal growth factor receptor (EGFR)-mutated metastatic 
non-small-cell lung cancer (NSCLC) after disease progression on EGFR tyrosine 
kinase inhibitors (TKIs).
METHODS: Patients with disease progression after first- or second-generation 
EGFR TKI therapy (without EGFR T790M mutation) or osimertinib (with/without 
T790M mutation) were randomly assigned 1:1 to nivolumab (360 mg once every 3 
weeks) plus platinum-doublet chemotherapy (once every 3 weeks) or 
platinum-doublet chemotherapy alone (once every 3 weeks) for four cycles. 
Primary end point was progression-free survival (PFS). Secondary end points 
included 9- and 12-month PFS rates, overall survival (OS), objective response 
rate (ORR), and duration of response (DOR).
RESULTS: Overall, 294 patients were randomly assigned. At final analysis (median 
follow-up, 38.1 months), PFS was not significantly improved with nivolumab plus 
chemotherapy versus chemotherapy (median, 5.6 v 5.4 months; hazard ratio [HR], 
0.75 [95% CI, 0.56 to 1.00]; P = .0528), with 9- and 12-month PFS rates of 25.9% 
versus 19.8%, and 21.2% versus 15.9%, respectively. Post hoc PFS subgroup 
analyses showed a trend favoring nivolumab plus chemotherapy in patients with 
tumors harboring sensitizing EGFR mutations (HR, 0.72 [95% CI, 0.54 to 0.97]), 
one line of previous EGFR TKI (0.72 [95% CI, 0.54 to 0.97]), or both (0.64 [95% 
CI, 0.47 to 0.88]). Median OS was 19.4 months with nivolumab plus chemotherapy 
versus 15.9 months with chemotherapy, while ORR was 31.3% versus 26.7%, and 
median DOR was 6.7 versus 5.6 months, respectively. Grade 3/4 treatment-related 
adverse events occurred in 44.7% and 29.4% of patients treated with nivolumab 
plus chemotherapy and chemotherapy alone, respectively.
CONCLUSION: Nivolumab plus chemotherapy did not significantly improve PFS versus 
chemotherapy in patients with EGFR-mutated metastatic NSCLC previously treated 
with EGFR TKIs. No new safety signals were identified."
B: primary resolved; secondary arm not in abstract,NCT02864251,38252907,https://pubmed.ncbi.nlm.nih.gov/38252907,https://clinicaltrials.gov/study/NCT02864251,CheckMate 722 phase III trial in EGFR-mutated metastatic NSCLC after progression on EGFR TKIs: patients randomized 1:1 to nivolumab plus platinum-doublet chemotherapy versus platinum-doublet chemotherapy alone; abstract does not describe a nivolumab-plus-ipilimumab arm.,Arm C (Pemetrexed plus Platinum),18.0,control,ACTIVE_COMPARATOR,control,control,randomly assigned 1:1 to nivolumab ... plus platinum-doublet chemotherapy ... or platinum-doublet chemotherapy alone,control,False,,,"9. J Clin Oncol. 2024 Apr 10;42(11):1252-1264. doi: 10.1200/JCO.23.01017. Epub
2024  Jan 22.

Nivolumab Plus Chemotherapy in Epidermal Growth Factor Receptor-Mutated 
Metastatic Non-Small-Cell Lung Cancer After Disease Progression on Epidermal 
Growth Factor Receptor Tyrosine Kinase Inhibitors: Final Results of CheckMate 
722.

PURPOSE: The phase III CheckMate 722 trial (ClinicalTrials.gov identifier: 
NCT02864251) evaluated nivolumab plus chemotherapy versus chemotherapy in 
patients with epidermal growth factor receptor (EGFR)-mutated metastatic 
non-small-cell lung cancer (NSCLC) after disease progression on EGFR tyrosine 
kinase inhibitors (TKIs).
METHODS: Patients with disease progression after first- or second-generation 
EGFR TKI therapy (without EGFR T790M mutation) or osimertinib (with/without 
T790M mutation) were randomly assigned 1:1 to nivolumab (360 mg once every 3 
weeks) plus platinum-doublet chemotherapy (once every 3 weeks) or 
platinum-doublet chemotherapy alone (once every 3 weeks) for four cycles. 
Primary end point was progression-free survival (PFS). Secondary end points 
included 9- and 12-month PFS rates, overall survival (OS), objective response 
rate (ORR), and duration of response (DOR).
RESULTS: Overall, 294 patients were randomly assigned. At final analysis (median 
follow-up, 38.1 months), PFS was not significantly improved with nivolumab plus 
chemotherapy versus chemotherapy (median, 5.6 v 5.4 months; hazard ratio [HR], 
0.75 [95% CI, 0.56 to 1.00]; P = .0528), with 9- and 12-month PFS rates of 25.9% 
versus 19.8%, and 21.2% versus 15.9%, respectively. Post hoc PFS subgroup 
analyses showed a trend favoring nivolumab plus chemotherapy in patients with 
tumors harboring sensitizing EGFR mutations (HR, 0.72 [95% CI, 0.54 to 0.97]), 
one line of previous EGFR TKI (0.72 [95% CI, 0.54 to 0.97]), or both (0.64 [95% 
CI, 0.47 to 0.88]). Median OS was 19.4 months with nivolumab plus chemotherapy 
versus 15.9 months with chemotherapy, while ORR was 31.3% versus 26.7%, and 
median DOR was 6.7 versus 5.6 months, respectively. Grade 3/4 treatment-related 
adverse events occurred in 44.7% and 29.4% of patients treated with nivolumab 
plus chemotherapy and chemotherapy alone, respectively.
CONCLUSION: Nivolumab plus chemotherapy did not significantly improve PFS versus 
chemotherapy in patients with EGFR-mutated metastatic NSCLC previously treated 
with EGFR TKIs. No new safety signals were identified."
B: primary resolved; secondary arm not in abstract,NCT02864251,38252907,https://pubmed.ncbi.nlm.nih.gov/38252907,https://clinicaltrials.gov/study/NCT02864251,CheckMate 722 phase III trial in EGFR-mutated metastatic NSCLC after progression on EGFR TKIs: patients randomized 1:1 to nivolumab plus platinum-doublet chemotherapy versus platinum-doublet chemotherapy alone; abstract does not describe a nivolumab-plus-ipilimumab arm.,Arm A (Nivolumab plus Pemetrexed/Platinum),18.0,intervention,EXPERIMENTAL,intervention,intervention,evaluated nivolumab plus chemotherapy versus chemotherapy in patients with EGFR-mutated metastatic non-small-cell lung cancer,intervention,False,,,"9. J Clin Oncol. 2024 Apr 10;42(11):1252-1264. doi: 10.1200/JCO.23.01017. Epub
2024  Jan 22.

Nivolumab Plus Chemotherapy in Epidermal Growth Factor Receptor-Mutated 
Metastatic Non-Small-Cell Lung Cancer After Disease Progression on Epidermal 
Growth Factor Receptor Tyrosine Kinase Inhibitors: Final Results of CheckMate 
722.

PURPOSE: The phase III CheckMate 722 trial (ClinicalTrials.gov identifier: 
NCT02864251) evaluated nivolumab plus chemotherapy versus chemotherapy in 
patients with epidermal growth factor receptor (EGFR)-mutated metastatic 
non-small-cell lung cancer (NSCLC) after disease progression on EGFR tyrosine 
kinase inhibitors (TKIs).
METHODS: Patients with disease progression after first- or second-generation 
EGFR TKI therapy (without EGFR T790M mutation) or osimertinib (with/without 
T790M mutation) were randomly assigned 1:1 to nivolumab (360 mg once every 3 
weeks) plus platinum-doublet chemotherapy (once every 3 weeks) or 
platinum-doublet chemotherapy alone (once every 3 weeks) for four cycles. 
Primary end point was progression-free survival (PFS). Secondary end points 
included 9- and 12-month PFS rates, overall survival (OS), objective response 
rate (ORR), and duration of response (DOR).
RESULTS: Overall, 294 patients were randomly assigned. At final analysis (median 
follow-up, 38.1 months), PFS was not significantly improved with nivolumab plus 
chemotherapy versus chemotherapy (median, 5.6 v 5.4 months; hazard ratio [HR], 
0.75 [95% CI, 0.56 to 1.00]; P = .0528), with 9- and 12-month PFS rates of 25.9% 
versus 19.8%, and 21.2% versus 15.9%, respectively. Post hoc PFS subgroup 
analyses showed a trend favoring nivolumab plus chemotherapy in patients with 
tumors harboring sensitizing EGFR mutations (HR, 0.72 [95% CI, 0.54 to 0.97]), 
one line of previous EGFR TKI (0.72 [95% CI, 0.54 to 0.97]), or both (0.64 [95% 
CI, 0.47 to 0.88]). Median OS was 19.4 months with nivolumab plus chemotherapy 
versus 15.9 months with chemotherapy, while ORR was 31.3% versus 26.7%, and 
median DOR was 6.7 versus 5.6 months, respectively. Grade 3/4 treatment-related 
adverse events occurred in 44.7% and 29.4% of patients treated with nivolumab 
plus chemotherapy and chemotherapy alone, respectively.
CONCLUSION: Nivolumab plus chemotherapy did not significantly improve PFS versus 
chemotherapy in patients with EGFR-mutated metastatic NSCLC previously treated 
with EGFR TKIs. No new safety signals were identified."
B: primary resolved; secondary arm not in abstract,NCT02998528,35403841,https://pubmed.ncbi.nlm.nih.gov/35403841,https://clinicaltrials.gov/study/NCT02998528,CheckMate 816 phase 3 trial in resectable NSCLC comparing neoadjuvant nivolumab plus platinum-based chemotherapy versus platinum-based chemotherapy alone; abstract does not describe a nivolumab-plus-ipilimumab arm.,Arm A (Nivolumab plus Ipilimumab),9.0,intervention,EXPERIMENTAL,intervention,unresolved,,intervention,True,,,"2. N Engl J Med. 2022 May 26;386(21):1973-1985. doi: 10.1056/NEJMoa2202170. Epub 
2022 Apr 11.

Neoadjuvant Nivolumab plus Chemotherapy in Resectable Lung Cancer.

Investigators.

BACKGROUND: Neoadjuvant or adjuvant chemotherapy confers a modest benefit over 
surgery alone for resectable non-small-cell lung cancer (NSCLC). In early-phase 
trials, nivolumab-based neoadjuvant regimens have shown promising clinical 
activity; however, data from phase 3 trials are needed to confirm these 
findings.
METHODS: In this open-label, phase 3 trial, we randomly assigned patients with 
stage IB to IIIA resectable NSCLC to receive nivolumab plus platinum-based 
chemotherapy or platinum-based chemotherapy alone, followed by resection. The 
primary end points were event-free survival and pathological complete response 
(0% viable tumor in resected lung and lymph nodes), both evaluated by blinded 
independent review. Overall survival was a key secondary end point. Safety was 
assessed in all treated patients.
RESULTS: The median event-free survival was 31.6 months (95% confidence interval 
[CI], 30.2 to not reached) with nivolumab plus chemotherapy and 20.8 months (95% 
CI, 14.0 to 26.7) with chemotherapy alone (hazard ratio for disease progression, 
disease recurrence, or death, 0.63; 97.38% CI, 0.43 to 0.91; P = 0.005). The 
percentage of patients with a pathological complete response was 24.0% (95% CI, 
18.0 to 31.0) and 2.2% (95% CI, 0.6 to 5.6), respectively (odds ratio, 13.94; 
99% CI, 3.49 to 55.75; P<0.001). Results for event-free survival and 
pathological complete response across most subgroups favored nivolumab plus 
chemotherapy over chemotherapy alone. At the first prespecified interim 
analysis, the hazard ratio for death was 0.57 (99.67% CI, 0.30 to 1.07) and did 
not meet the criterion for significance. Of the patients who underwent 
randomization, 83.2% of those in the nivolumab-plus-chemotherapy group and 75.4% 
of those in the chemotherapy-alone group underwent surgery. Grade 3 or 4 
treatment-related adverse events occurred in 33.5% of the patients in the 
nivolumab-plus-chemotherapy group and in 36.9% of those in the 
chemotherapy-alone group.
CONCLUSIONS: In patients with resectable NSCLC, neoadjuvant nivolumab plus 
chemotherapy resulted in significantly longer event-free survival and a higher 
percentage of patients with a pathological complete response than chemotherapy 
alone. The addition of nivolumab to neoadjuvant chemotherapy did not increase 
the incidence of adverse events or impede the feasibility of surgery. (Funded by 
Bristol Myers Squibb; CheckMate 816 ClinicalTrials.gov number, NCT02998528.)."
B: primary resolved; secondary arm not in abstract,NCT02998528,35403841,https://pubmed.ncbi.nlm.nih.gov/35403841,https://clinicaltrials.gov/study/NCT02998528,CheckMate 816 phase 3 trial in resectable NSCLC comparing neoadjuvant nivolumab plus platinum-based chemotherapy versus platinum-based chemotherapy alone; abstract does not describe a nivolumab-plus-ipilimumab arm.,Arm B (Platinum-Doublet Chemotherapy),12.0,control,ACTIVE_COMPARATOR,control,control,"to receive nivolumab plus platinum-based chemotherapy or platinum-based chemotherapy alone, followed by resection",control,False,,,"2. N Engl J Med. 2022 May 26;386(21):1973-1985. doi: 10.1056/NEJMoa2202170. Epub 
2022 Apr 11.

Neoadjuvant Nivolumab plus Chemotherapy in Resectable Lung Cancer.

Investigators.

BACKGROUND: Neoadjuvant or adjuvant chemotherapy confers a modest benefit over 
surgery alone for resectable non-small-cell lung cancer (NSCLC). In early-phase 
trials, nivolumab-based neoadjuvant regimens have shown promising clinical 
activity; however, data from phase 3 trials are needed to confirm these 
findings.
METHODS: In this open-label, phase 3 trial, we randomly assigned patients with 
stage IB to IIIA resectable NSCLC to receive nivolumab plus platinum-based 
chemotherapy or platinum-based chemotherapy alone, followed by resection. The 
primary end points were event-free survival and pathological complete response 
(0% viable tumor in resected lung and lymph nodes), both evaluated by blinded 
independent review. Overall survival was a key secondary end point. Safety was 
assessed in all treated patients.
RESULTS: The median event-free survival was 31.6 months (95% confidence interval 
[CI], 30.2 to not reached) with nivolumab plus chemotherapy and 20.8 months (95% 
CI, 14.0 to 26.7) with chemotherapy alone (hazard ratio for disease progression, 
disease recurrence, or death, 0.63; 97.38% CI, 0.43 to 0.91; P = 0.005). The 
percentage of patients with a pathological complete response was 24.0% (95% CI, 
18.0 to 31.0) and 2.2% (95% CI, 0.6 to 5.6), respectively (odds ratio, 13.94; 
99% CI, 3.49 to 55.75; P<0.001). Results for event-free survival and 
pathological complete response across most subgroups favored nivolumab plus 
chemotherapy over chemotherapy alone. At the first prespecified interim 
analysis, the hazard ratio for death was 0.57 (99.67% CI, 0.30 to 1.07) and did 
not meet the criterion for significance. Of the patients who underwent 
randomization, 83.2% of those in the nivolumab-plus-chemotherapy group and 75.4% 
of those in the chemotherapy-alone group underwent surgery. Grade 3 or 4 
treatment-related adverse events occurred in 33.5% of the patients in the 
nivolumab-plus-chemotherapy group and in 36.9% of those in the 
chemotherapy-alone group.
CONCLUSIONS: In patients with resectable NSCLC, neoadjuvant nivolumab plus 
chemotherapy resulted in significantly longer event-free survival and a higher 
percentage of patients with a pathological complete response than chemotherapy 
alone. The addition of nivolumab to neoadjuvant chemotherapy did not increase 
the incidence of adverse events or impede the feasibility of surgery. (Funded by 
Bristol Myers Squibb; CheckMate 816 ClinicalTrials.gov number, NCT02998528.)."
B: primary resolved; secondary arm not in abstract,NCT02998528,35403841,https://pubmed.ncbi.nlm.nih.gov/35403841,https://clinicaltrials.gov/study/NCT02998528,CheckMate 816 phase 3 trial in resectable NSCLC comparing neoadjuvant nivolumab plus platinum-based chemotherapy versus platinum-based chemotherapy alone; abstract does not describe a nivolumab-plus-ipilimumab arm.,Arm C (Nivolumab plus Platinum-Doublet Chemotherapy),12.0,intervention,EXPERIMENTAL,intervention,intervention,neoadjuvant nivolumab plus chemotherapy resulted in significantly longer event-free survival ... than chemotherapy alone,intervention,False,,,"2. N Engl J Med. 2022 May 26;386(21):1973-1985. doi: 10.1056/NEJMoa2202170. Epub 
2022 Apr 11.

Neoadjuvant Nivolumab plus Chemotherapy in Resectable Lung Cancer.

Investigators.

BACKGROUND: Neoadjuvant or adjuvant chemotherapy confers a modest benefit over 
surgery alone for resectable non-small-cell lung cancer (NSCLC). In early-phase 
trials, nivolumab-based neoadjuvant regimens have shown promising clinical 
activity; however, data from phase 3 trials are needed to confirm these 
findings.
METHODS: In this open-label, phase 3 trial, we randomly assigned patients with 
stage IB to IIIA resectable NSCLC to receive nivolumab plus platinum-based 
chemotherapy or platinum-based chemotherapy alone, followed by resection. The 
primary end points were event-free survival and pathological complete response 
(0% viable tumor in resected lung and lymph nodes), both evaluated by blinded 
independent review. Overall survival was a key secondary end point. Safety was 
assessed in all treated patients.
RESULTS: The median event-free survival was 31.6 months (95% confidence interval 
[CI], 30.2 to not reached) with nivolumab plus chemotherapy and 20.8 months (95% 
CI, 14.0 to 26.7) with chemotherapy alone (hazard ratio for disease progression, 
disease recurrence, or death, 0.63; 97.38% CI, 0.43 to 0.91; P = 0.005). The 
percentage of patients with a pathological complete response was 24.0% (95% CI, 
18.0 to 31.0) and 2.2% (95% CI, 0.6 to 5.6), respectively (odds ratio, 13.94; 
99% CI, 3.49 to 55.75; P<0.001). Results for event-free survival and 
pathological complete response across most subgroups favored nivolumab plus 
chemotherapy over chemotherapy alone. At the first prespecified interim 
analysis, the hazard ratio for death was 0.57 (99.67% CI, 0.30 to 1.07) and did 
not meet the criterion for significance. Of the patients who underwent 
randomization, 83.2% of those in the nivolumab-plus-chemotherapy group and 75.4% 
of those in the chemotherapy-alone group underwent surgery. Grade 3 or 4 
treatment-related adverse events occurred in 33.5% of the patients in the 
nivolumab-plus-chemotherapy group and in 36.9% of those in the 
chemotherapy-alone group.
CONCLUSIONS: In patients with resectable NSCLC, neoadjuvant nivolumab plus 
chemotherapy resulted in significantly longer event-free survival and a higher 
percentage of patients with a pathological complete response than chemotherapy 
alone. The addition of nivolumab to neoadjuvant chemotherapy did not increase 
the incidence of adverse events or impede the feasibility of surgery. (Funded by 
Bristol Myers Squibb; CheckMate 816 ClinicalTrials.gov number, NCT02998528.)."
B: primary resolved; secondary arm not in abstract,NCT03141177,33657295,https://pubmed.ncbi.nlm.nih.gov/33657295,https://clinicaltrials.gov/study/NCT03141177,CheckMate 9ER phase 3 open-label trial in previously untreated advanced renal-cell carcinoma comparing nivolumab plus cabozantinib versus sunitinib; abstract does not describe a nivolumab+ipilimumab+cabozantinib triplet arm.,Arm B (Nivolumab + Ipilimumab + Cabozantinib),25.0,intervention,EXPERIMENTAL,intervention,unresolved,,intervention,True,,,"14. N Engl J Med. 2021 Mar 4;384(9):829-841. doi: 10.1056/NEJMoa2026982.

Nivolumab plus Cabozantinib versus Sunitinib for Advanced Renal-Cell Carcinoma.

Ejzykowicz F(1), Schwab GM(1), Apolo AB(1), Motzer RJ(1); CheckMate 9ER 
Investigators.

BACKGROUND: The efficacy and safety of nivolumab plus cabozantinib as compared 
with those of sunitinib in the treatment of previously untreated advanced 
renal-cell carcinoma are not known.
METHODS: In this phase 3, randomized, open-label trial, we randomly assigned 
adults with previously untreated clear-cell, advanced renal-cell carcinoma to 
receive either nivolumab (240 mg every 2 weeks) plus cabozantinib (40 mg once 
daily) or sunitinib (50 mg once daily for 4 weeks of each 6-week cycle). The 
primary end point was progression-free survival, as determined by blinded 
independent central review. Secondary end points included overall survival, 
objective response as determined by independent review, and safety. 
Health-related quality of life was an exploratory end point.
RESULTS: Overall, 651 patients were assigned to receive nivolumab plus 
cabozantinib (323 patients) or sunitinib (328 patients). At a median follow-up 
of 18.1 months for overall survival, the median progression-free survival was 
16.6 months (95% confidence interval [CI], 12.5 to 24.9) with nivolumab plus 
cabozantinib and 8.3 months (95% CI, 7.0 to 9.7) with sunitinib (hazard ratio 
for disease progression or death, 0.51; 95% CI, 0.41 to 0.64; P<0.001). The 
probability of overall survival at 12 months was 85.7% (95% CI, 81.3 to 89.1) 
with nivolumab plus cabozantinib and 75.6% (95% CI, 70.5 to 80.0) with sunitinib 
(hazard ratio for death, 0.60; 98.89% CI, 0.40 to 0.89; P = 0.001). An objective 
response occurred in 55.7% of the patients receiving nivolumab plus cabozantinib 
and in 27.1% of those receiving sunitinib (P<0.001). Efficacy benefits with 
nivolumab plus cabozantinib were consistent across subgroups. Adverse events of 
any cause of grade 3 or higher occurred in 75.3% of the 320 patients receiving 
nivolumab plus cabozantinib and in 70.6% of the 320 patients receiving 
sunitinib. Overall, 19.7% of the patients in the combination group discontinued 
at least one of the trial drugs owing to adverse events, and 5.6% discontinued 
both. Patients reported better health-related quality of life with nivolumab 
plus cabozantinib than with sunitinib.
CONCLUSIONS: Nivolumab plus cabozantinib had significant benefits over sunitinib 
with respect to progression-free survival, overall survival, and likelihood of 
response in patients with previously untreated advanced renal-cell carcinoma. 
(Funded by Bristol Myers Squibb and others; CheckMate 9ER ClinicalTrials.gov 
number, NCT03141177.)."
B: primary resolved; secondary arm not in abstract,NCT03141177,33657295,https://pubmed.ncbi.nlm.nih.gov/33657295,https://clinicaltrials.gov/study/NCT03141177,CheckMate 9ER phase 3 open-label trial in previously untreated advanced renal-cell carcinoma comparing nivolumab plus cabozantinib versus sunitinib; abstract does not describe a nivolumab+ipilimumab+cabozantinib triplet arm.,Arm C (Sunitinib),18.0,control,ACTIVE_COMPARATOR,control,control,Nivolumab plus Cabozantinib versus Sunitinib for Advanced Renal-Cell Carcinoma,control,False,,,"14. N Engl J Med. 2021 Mar 4;384(9):829-841. doi: 10.1056/NEJMoa2026982.

Nivolumab plus Cabozantinib versus Sunitinib for Advanced Renal-Cell Carcinoma.

Ejzykowicz F(1), Schwab GM(1), Apolo AB(1), Motzer RJ(1); CheckMate 9ER 
Investigators.

BACKGROUND: The efficacy and safety of nivolumab plus cabozantinib as compared 
with those of sunitinib in the treatment of previously untreated advanced 
renal-cell carcinoma are not known.
METHODS: In this phase 3, randomized, open-label trial, we randomly assigned 
adults with previously untreated clear-cell, advanced renal-cell carcinoma to 
receive either nivolumab (240 mg every 2 weeks) plus cabozantinib (40 mg once 
daily) or sunitinib (50 mg once daily for 4 weeks of each 6-week cycle). The 
primary end point was progression-free survival, as determined by blinded 
independent central review. Secondary end points included overall survival, 
objective response as determined by independent review, and safety. 
Health-related quality of life was an exploratory end point.
RESULTS: Overall, 651 patients were assigned to receive nivolumab plus 
cabozantinib (323 patients) or sunitinib (328 patients). At a median follow-up 
of 18.1 months for overall survival, the median progression-free survival was 
16.6 months (95% confidence interval [CI], 12.5 to 24.9) with nivolumab plus 
cabozantinib and 8.3 months (95% CI, 7.0 to 9.7) with sunitinib (hazard ratio 
for disease progression or death, 0.51; 95% CI, 0.41 to 0.64; P<0.001). The 
probability of overall survival at 12 months was 85.7% (95% CI, 81.3 to 89.1) 
with nivolumab plus cabozantinib and 75.6% (95% CI, 70.5 to 80.0) with sunitinib 
(hazard ratio for death, 0.60; 98.89% CI, 0.40 to 0.89; P = 0.001). An objective 
response occurred in 55.7% of the patients receiving nivolumab plus cabozantinib 
and in 27.1% of those receiving sunitinib (P<0.001). Efficacy benefits with 
nivolumab plus cabozantinib were consistent across subgroups. Adverse events of 
any cause of grade 3 or higher occurred in 75.3% of the 320 patients receiving 
nivolumab plus cabozantinib and in 70.6% of the 320 patients receiving 
sunitinib. Overall, 19.7% of the patients in the combination group discontinued 
at least one of the trial drugs owing to adverse events, and 5.6% discontinued 
both. Patients reported better health-related quality of life with nivolumab 
plus cabozantinib than with sunitinib.
CONCLUSIONS: Nivolumab plus cabozantinib had significant benefits over sunitinib 
with respect to progression-free survival, overall survival, and likelihood of 
response in patients with previously untreated advanced renal-cell carcinoma. 
(Funded by Bristol Myers Squibb and others; CheckMate 9ER ClinicalTrials.gov 
number, NCT03141177.)."
B: primary resolved; secondary arm not in abstract,NCT03141177,33657295,https://pubmed.ncbi.nlm.nih.gov/33657295,https://clinicaltrials.gov/study/NCT03141177,CheckMate 9ER phase 3 open-label trial in previously untreated advanced renal-cell carcinoma comparing nivolumab plus cabozantinib versus sunitinib; abstract does not describe a nivolumab+ipilimumab+cabozantinib triplet arm.,Arm A (Nivolumab + Cabozantinib),27.0,intervention,EXPERIMENTAL,intervention,intervention,"we randomly assigned adults with previously untreated clear-cell, advanced renal-cell carcinoma to receive either nivolumab plus cabozantinib",intervention,False,,,"14. N Engl J Med. 2021 Mar 4;384(9):829-841. doi: 10.1056/NEJMoa2026982.

Nivolumab plus Cabozantinib versus Sunitinib for Advanced Renal-Cell Carcinoma.

Ejzykowicz F(1), Schwab GM(1), Apolo AB(1), Motzer RJ(1); CheckMate 9ER 
Investigators.

BACKGROUND: The efficacy and safety of nivolumab plus cabozantinib as compared 
with those of sunitinib in the treatment of previously untreated advanced 
renal-cell carcinoma are not known.
METHODS: In this phase 3, randomized, open-label trial, we randomly assigned 
adults with previously untreated clear-cell, advanced renal-cell carcinoma to 
receive either nivolumab (240 mg every 2 weeks) plus cabozantinib (40 mg once 
daily) or sunitinib (50 mg once daily for 4 weeks of each 6-week cycle). The 
primary end point was progression-free survival, as determined by blinded 
independent central review. Secondary end points included overall survival, 
objective response as determined by independent review, and safety. 
Health-related quality of life was an exploratory end point.
RESULTS: Overall, 651 patients were assigned to receive nivolumab plus 
cabozantinib (323 patients) or sunitinib (328 patients). At a median follow-up 
of 18.1 months for overall survival, the median progression-free survival was 
16.6 months (95% confidence interval [CI], 12.5 to 24.9) with nivolumab plus 
cabozantinib and 8.3 months (95% CI, 7.0 to 9.7) with sunitinib (hazard ratio 
for disease progression or death, 0.51; 95% CI, 0.41 to 0.64; P<0.001). The 
probability of overall survival at 12 months was 85.7% (95% CI, 81.3 to 89.1) 
with nivolumab plus cabozantinib and 75.6% (95% CI, 70.5 to 80.0) with sunitinib 
(hazard ratio for death, 0.60; 98.89% CI, 0.40 to 0.89; P = 0.001). An objective 
response occurred in 55.7% of the patients receiving nivolumab plus cabozantinib 
and in 27.1% of those receiving sunitinib (P<0.001). Efficacy benefits with 
nivolumab plus cabozantinib were consistent across subgroups. Adverse events of 
any cause of grade 3 or higher occurred in 75.3% of the 320 patients receiving 
nivolumab plus cabozantinib and in 70.6% of the 320 patients receiving 
sunitinib. Overall, 19.7% of the patients in the combination group discontinued 
at least one of the trial drugs owing to adverse events, and 5.6% discontinued 
both. Patients reported better health-related quality of life with nivolumab 
plus cabozantinib than with sunitinib.
CONCLUSIONS: Nivolumab plus cabozantinib had significant benefits over sunitinib 
with respect to progression-free survival, overall survival, and likelihood of 
response in patients with previously untreated advanced renal-cell carcinoma. 
(Funded by Bristol Myers Squibb and others; CheckMate 9ER ClinicalTrials.gov 
number, NCT03141177.)."
B: primary resolved; secondary arm not in abstract,NCT03336333,35810754,https://pubmed.ncbi.nlm.nih.gov/35810754,https://clinicaltrials.gov/study/NCT03336333,SEQUOIA phase 3 trial in untreated CLL/SLL: patients without del(17p) randomized to zanubrutinib (group A) versus bendamustine-rituximab (group B); del(17p) patients in group C received zanubrutinib. Abstract does not describe a venetoclax+zanubrutinib arm.,Arm D (Venetoclax + Zanubrutinib),17.0,intervention,EXPERIMENTAL,intervention,unresolved,,intervention,True,,,"7. Lancet Oncol. 2022 Aug;23(8):1031-1043. doi: 10.1016/S1470-2045(22)00293-5.
Epub  2022 Jul 7.

Zanubrutinib versus bendamustine and rituximab in untreated chronic lymphocytic 
leukaemia and small lymphocytic lymphoma (SEQUOIA): a randomised, controlled, 
phase 3 trial.

Huang J(24), Robak T(26), Hillmen P(27).

BACKGROUND: Zanubrutinib is a next-generation, selective Bruton tyrosine kinase 
inhibitor with efficacy in relapsed chronic lymphocytic leukemia (CLL) and small 
lymphocytic lymphoma (SLL). We compared zanubrutinib with bendamustine-rituximab 
to determine its effectiveness as frontline therapy in patients with CLL or SLL.
METHODS: We conducted an open-label, multicentre, phase 3 study at 153 academic 
or community hospitals in 14 countries and regions. Eligible patients had 
untreated CLL or SLL requiring treatment as per International Workshop on CLL 
criteria; were aged 65 years or older, or 18 years or older and had 
comorbidities; and had an Eastern Cooperative Oncology Group performance status 
score of 0-2. A central interactive web response system randomly assigned 
patients without del(17)(p13·1) to zanubrutinib (group A) or 
bendamustine-rituximab (group B) by sequential block method (permutated blocks 
with a random block size of four). Patients with del(17)(p13·1) were enrolled in 
group C and received zanubrutinib. Zanubrutinib was administered orally at 160 
mg twice per day (28-day cycles); bendamustine at 90 mg/m2 of body surface area 
on days 1 and 2 for six cycles plus rituximab at 375 mg/m2 of body surface area 
the day before or on day 1 of cycle 1, and 500 mg/m2 of body surface area on day 
1 of cycles 2-6, were administered intravenously. The primary endpoint was 
progression-free survival per independent review committee in the 
intention-to-treat population in groups A and B, with minimum two-sided α of 
0·05 for superiority. Safety was analysed in all patients who received at least 
one dose of study treatment. The study is registered with ClinicalTrials.gov, 
NCT03336333, and is closed to recruitment.
FINDINGS: Between Oct 31, 2017, and July 22, 2019, 590 patients were enrolled; 
patients without del(17)(p13·1) were randomly assigned to zanubrutinib (group A; 
n=241) or bendamustine-rituximab (group B; n=238). At median follow-up of 26·2 
months (IQR 23·7-29·6), median progression-free survival per independent review 
committee was not reached in either group (group A 95% CI not estimable [NE] to 
NE; group B 28·1 months to NE). Progression-free survival was significantly 
improved in group A versus group B (HR 0·42 [95% CI 0·28 to 0·63]; two-sided 
p<0·0001). The most common grade 3 or worse adverse event was neutropenia (27 
[11%] of 240 patients in group A, 116 [51%] of 227 in group B, and 17 [15%] of 
111 patients in group C). Serious adverse events occurred in 88 (37%) of 240 
patients in group A, 113 (50%) of 227 patients in group B, and 45 (41%) of 111 
patients in group C. Adverse events leading to death occurred in 11 (5%) of 240 
patients in group A, 12 (5%) of 227 patients in group B, and three (3%) of 111 
patients in group C, most commonly due to COVID-19 (four [2%] of 240 patients in 
group A), diarrhoea, and aspiration pneumonia (two each [1%] of 227 patients in 
group B).
INTERPRETATION: Zanubrutinib significantly improved progression-free survival 
versus bendamustine-rituximab, with an acceptable safety profile consistent with 
previous studies. These data support zanubrutinib as a potential new treatment 
option for untreated CLL and SLL.
FUNDING: BeiGene."
B: primary resolved; secondary arm not in abstract,NCT03336333,35810754,https://pubmed.ncbi.nlm.nih.gov/35810754,https://clinicaltrials.gov/study/NCT03336333,SEQUOIA phase 3 trial in untreated CLL/SLL: patients without del(17p) randomized to zanubrutinib (group A) versus bendamustine-rituximab (group B); del(17p) patients in group C received zanubrutinib. Abstract does not describe a venetoclax+zanubrutinib arm.,Arm B (Bendamustine + Rituximab),17.0,control,EXPERIMENTAL,intervention,control,randomly assigned patients without del(17)(p13.1) to zanubrutinib (group A) or bendamustine-rituximab (group B),control,False,,,"7. Lancet Oncol. 2022 Aug;23(8):1031-1043. doi: 10.1016/S1470-2045(22)00293-5.
Epub  2022 Jul 7.

Zanubrutinib versus bendamustine and rituximab in untreated chronic lymphocytic 
leukaemia and small lymphocytic lymphoma (SEQUOIA): a randomised, controlled, 
phase 3 trial.

Huang J(24), Robak T(26), Hillmen P(27).

BACKGROUND: Zanubrutinib is a next-generation, selective Bruton tyrosine kinase 
inhibitor with efficacy in relapsed chronic lymphocytic leukemia (CLL) and small 
lymphocytic lymphoma (SLL). We compared zanubrutinib with bendamustine-rituximab 
to determine its effectiveness as frontline therapy in patients with CLL or SLL.
METHODS: We conducted an open-label, multicentre, phase 3 study at 153 academic 
or community hospitals in 14 countries and regions. Eligible patients had 
untreated CLL or SLL requiring treatment as per International Workshop on CLL 
criteria; were aged 65 years or older, or 18 years or older and had 
comorbidities; and had an Eastern Cooperative Oncology Group performance status 
score of 0-2. A central interactive web response system randomly assigned 
patients without del(17)(p13·1) to zanubrutinib (group A) or 
bendamustine-rituximab (group B) by sequential block method (permutated blocks 
with a random block size of four). Patients with del(17)(p13·1) were enrolled in 
group C and received zanubrutinib. Zanubrutinib was administered orally at 160 
mg twice per day (28-day cycles); bendamustine at 90 mg/m2 of body surface area 
on days 1 and 2 for six cycles plus rituximab at 375 mg/m2 of body surface area 
the day before or on day 1 of cycle 1, and 500 mg/m2 of body surface area on day 
1 of cycles 2-6, were administered intravenously. The primary endpoint was 
progression-free survival per independent review committee in the 
intention-to-treat population in groups A and B, with minimum two-sided α of 
0·05 for superiority. Safety was analysed in all patients who received at least 
one dose of study treatment. The study is registered with ClinicalTrials.gov, 
NCT03336333, and is closed to recruitment.
FINDINGS: Between Oct 31, 2017, and July 22, 2019, 590 patients were enrolled; 
patients without del(17)(p13·1) were randomly assigned to zanubrutinib (group A; 
n=241) or bendamustine-rituximab (group B; n=238). At median follow-up of 26·2 
months (IQR 23·7-29·6), median progression-free survival per independent review 
committee was not reached in either group (group A 95% CI not estimable [NE] to 
NE; group B 28·1 months to NE). Progression-free survival was significantly 
improved in group A versus group B (HR 0·42 [95% CI 0·28 to 0·63]; two-sided 
p<0·0001). The most common grade 3 or worse adverse event was neutropenia (27 
[11%] of 240 patients in group A, 116 [51%] of 227 in group B, and 17 [15%] of 
111 patients in group C). Serious adverse events occurred in 88 (37%) of 240 
patients in group A, 113 (50%) of 227 patients in group B, and 45 (41%) of 111 
patients in group C. Adverse events leading to death occurred in 11 (5%) of 240 
patients in group A, 12 (5%) of 227 patients in group B, and three (3%) of 111 
patients in group C, most commonly due to COVID-19 (four [2%] of 240 patients in 
group A), diarrhoea, and aspiration pneumonia (two each [1%] of 227 patients in 
group B).
INTERPRETATION: Zanubrutinib significantly improved progression-free survival 
versus bendamustine-rituximab, with an acceptable safety profile consistent with 
previous studies. These data support zanubrutinib as a potential new treatment 
option for untreated CLL and SLL.
FUNDING: BeiGene."
B: primary resolved; secondary arm not in abstract,NCT03336333,35810754,https://pubmed.ncbi.nlm.nih.gov/35810754,https://clinicaltrials.gov/study/NCT03336333,SEQUOIA phase 3 trial in untreated CLL/SLL: patients without del(17p) randomized to zanubrutinib (group A) versus bendamustine-rituximab (group B); del(17p) patients in group C received zanubrutinib. Abstract does not describe a venetoclax+zanubrutinib arm.,Arm A/C (Zanubrutinib),11.0,intervention,EXPERIMENTAL,intervention,intervention,"Zanubrutinib is a next-generation, selective Bruton tyrosine kinase inhibitor ... We compared zanubrutinib with bendamustine-rituximab",intervention,False,,,"7. Lancet Oncol. 2022 Aug;23(8):1031-1043. doi: 10.1016/S1470-2045(22)00293-5.
Epub  2022 Jul 7.

Zanubrutinib versus bendamustine and rituximab in untreated chronic lymphocytic 
leukaemia and small lymphocytic lymphoma (SEQUOIA): a randomised, controlled, 
phase 3 trial.

Huang J(24), Robak T(26), Hillmen P(27).

BACKGROUND: Zanubrutinib is a next-generation, selective Bruton tyrosine kinase 
inhibitor with efficacy in relapsed chronic lymphocytic leukemia (CLL) and small 
lymphocytic lymphoma (SLL). We compared zanubrutinib with bendamustine-rituximab 
to determine its effectiveness as frontline therapy in patients with CLL or SLL.
METHODS: We conducted an open-label, multicentre, phase 3 study at 153 academic 
or community hospitals in 14 countries and regions. Eligible patients had 
untreated CLL or SLL requiring treatment as per International Workshop on CLL 
criteria; were aged 65 years or older, or 18 years or older and had 
comorbidities; and had an Eastern Cooperative Oncology Group performance status 
score of 0-2. A central interactive web response system randomly assigned 
patients without del(17)(p13·1) to zanubrutinib (group A) or 
bendamustine-rituximab (group B) by sequential block method (permutated blocks 
with a random block size of four). Patients with del(17)(p13·1) were enrolled in 
group C and received zanubrutinib. Zanubrutinib was administered orally at 160 
mg twice per day (28-day cycles); bendamustine at 90 mg/m2 of body surface area 
on days 1 and 2 for six cycles plus rituximab at 375 mg/m2 of body surface area 
the day before or on day 1 of cycle 1, and 500 mg/m2 of body surface area on day 
1 of cycles 2-6, were administered intravenously. The primary endpoint was 
progression-free survival per independent review committee in the 
intention-to-treat population in groups A and B, with minimum two-sided α of 
0·05 for superiority. Safety was analysed in all patients who received at least 
one dose of study treatment. The study is registered with ClinicalTrials.gov, 
NCT03336333, and is closed to recruitment.
FINDINGS: Between Oct 31, 2017, and July 22, 2019, 590 patients were enrolled; 
patients without del(17)(p13·1) were randomly assigned to zanubrutinib (group A; 
n=241) or bendamustine-rituximab (group B; n=238). At median follow-up of 26·2 
months (IQR 23·7-29·6), median progression-free survival per independent review 
committee was not reached in either group (group A 95% CI not estimable [NE] to 
NE; group B 28·1 months to NE). Progression-free survival was significantly 
improved in group A versus group B (HR 0·42 [95% CI 0·28 to 0·63]; two-sided 
p<0·0001). The most common grade 3 or worse adverse event was neutropenia (27 
[11%] of 240 patients in group A, 116 [51%] of 227 in group B, and 17 [15%] of 
111 patients in group C). Serious adverse events occurred in 88 (37%) of 240 
patients in group A, 113 (50%) of 227 patients in group B, and 45 (41%) of 111 
patients in group C. Adverse events leading to death occurred in 11 (5%) of 240 
patients in group A, 12 (5%) of 227 patients in group B, and three (3%) of 111 
patients in group C, most commonly due to COVID-19 (four [2%] of 240 patients in 
group A), diarrhoea, and aspiration pneumonia (two each [1%] of 227 patients in 
group B).
INTERPRETATION: Zanubrutinib significantly improved progression-free survival 
versus bendamustine-rituximab, with an acceptable safety profile consistent with 
previous studies. These data support zanubrutinib as a potential new treatment 
option for untreated CLL and SLL.
FUNDING: BeiGene."
B: primary resolved; secondary arm not in abstract,NCT03748641,36952634,https://pubmed.ncbi.nlm.nih.gov/36952634,https://clinicaltrials.gov/study/NCT03748641,MAGNITUDE phase III double-blind trial in metastatic castration-resistant prostate cancer: patients assigned 1:1 to niraparib plus abiraterone acetate/prednisone versus placebo plus AAP; abstract does not describe a fixed-dose-combination Cohort 3 arm.,Arm C (Cohort 3: FDC Niraparib/AA + Prednisone),18.0,intervention,EXPERIMENTAL,intervention,unresolved,,intervention,True,,,"16. J Clin Oncol. 2023 Jun 20;41(18):3339-3351. doi: 10.1200/JCO.22.01649. Epub
2023  Mar 23.

Niraparib and Abiraterone Acetate for Metastatic Castration-Resistant Prostate 
Cancer.

D(16), Diorio B(17), Lopez-Gitlitz A(16), Sandhu S(18); MAGNITUDE Principal 
Investigators.

PURPOSE: Metastatic castration-resistant prostate cancer (mCRPC) remains a 
lethal disease with current standard-of-care therapies. Homologous recombination 
repair (HRR) gene alterations, including BRCA1/2 alterations, can sensitize 
cancer cells to poly (ADP-ribose) polymerase inhibition, which may improve 
outcomes in treatment-naïve mCRPC when combined with androgen receptor signaling 
inhibition.
METHODS: MAGNITUDE (ClinicalTrials.gov identifier: NCT03748641) is a phase III, 
randomized, double-blinded study that evaluates niraparib and abiraterone 
acetate plus prednisone (niraparib + AAP) in patients with (HRR+, n = 423) or 
without (HRR-, n = 247) HRR-associated gene alterations, as prospectively 
determined by tissue/plasma-based assays. Patients were assigned 1:1 to receive 
niraparib + AAP or placebo + AAP. The primary end point, radiographic 
progression-free survival (rPFS) assessed by central review, was evaluated first 
in the BRCA1/2 subgroup and then in the full HRR+ cohort, with secondary end 
points analyzed for the full HRR+ cohort if rPFS was statistically significant. 
A futility analysis was preplanned in the HRR- cohort.
RESULTS: Median rPFS in the BRCA1/2 subgroup was significantly longer in the 
niraparib + AAP group compared with the placebo + AAP group (16.6 v 10.9 months; 
hazard ratio [HR], 0.53; 95% CI, 0.36 to 0.79; P = .001). In the overall HRR+ 
cohort, rPFS was significantly longer in the niraparib + AAP group compared with 
the placebo + AAP group (16.5 v 13.7 months; HR, 0.73; 95% CI, 0.56 to 0.96; P = 
.022). These findings were supported by improvement in the secondary end points 
of time to symptomatic progression and time to initiation of cytotoxic 
chemotherapy. In the HRR- cohort, futility was declared per the prespecified 
criteria. Treatment with niraparib + AAP was tolerable, with anemia and 
hypertension as the most reported grade ≥ 3 adverse events.
CONCLUSION: Combination treatment with niraparib + AAP significantly lengthened 
rPFS in patients with HRR+ mCRPC compared with standard-of-care AAP.
[Media: see text]."
B: primary resolved; secondary arm not in abstract,NCT03748641,36952634,https://pubmed.ncbi.nlm.nih.gov/36952634,https://clinicaltrials.gov/study/NCT03748641,MAGNITUDE phase III double-blind trial in metastatic castration-resistant prostate cancer: patients assigned 1:1 to niraparib plus abiraterone acetate/prednisone versus placebo plus AAP; abstract does not describe a fixed-dose-combination Cohort 3 arm.,Placebo + Abiraterone Acetate + Prednisone (AAP),18.0,control,EXPERIMENTAL,intervention,control,Patients were assigned 1:1 to receive niraparib + AAP or placebo + AAP,control,False,,,"16. J Clin Oncol. 2023 Jun 20;41(18):3339-3351. doi: 10.1200/JCO.22.01649. Epub
2023  Mar 23.

Niraparib and Abiraterone Acetate for Metastatic Castration-Resistant Prostate 
Cancer.

D(16), Diorio B(17), Lopez-Gitlitz A(16), Sandhu S(18); MAGNITUDE Principal 
Investigators.

PURPOSE: Metastatic castration-resistant prostate cancer (mCRPC) remains a 
lethal disease with current standard-of-care therapies. Homologous recombination 
repair (HRR) gene alterations, including BRCA1/2 alterations, can sensitize 
cancer cells to poly (ADP-ribose) polymerase inhibition, which may improve 
outcomes in treatment-naïve mCRPC when combined with androgen receptor signaling 
inhibition.
METHODS: MAGNITUDE (ClinicalTrials.gov identifier: NCT03748641) is a phase III, 
randomized, double-blinded study that evaluates niraparib and abiraterone 
acetate plus prednisone (niraparib + AAP) in patients with (HRR+, n = 423) or 
without (HRR-, n = 247) HRR-associated gene alterations, as prospectively 
determined by tissue/plasma-based assays. Patients were assigned 1:1 to receive 
niraparib + AAP or placebo + AAP. The primary end point, radiographic 
progression-free survival (rPFS) assessed by central review, was evaluated first 
in the BRCA1/2 subgroup and then in the full HRR+ cohort, with secondary end 
points analyzed for the full HRR+ cohort if rPFS was statistically significant. 
A futility analysis was preplanned in the HRR- cohort.
RESULTS: Median rPFS in the BRCA1/2 subgroup was significantly longer in the 
niraparib + AAP group compared with the placebo + AAP group (16.6 v 10.9 months; 
hazard ratio [HR], 0.53; 95% CI, 0.36 to 0.79; P = .001). In the overall HRR+ 
cohort, rPFS was significantly longer in the niraparib + AAP group compared with 
the placebo + AAP group (16.5 v 13.7 months; HR, 0.73; 95% CI, 0.56 to 0.96; P = 
.022). These findings were supported by improvement in the secondary end points 
of time to symptomatic progression and time to initiation of cytotoxic 
chemotherapy. In the HRR- cohort, futility was declared per the prespecified 
criteria. Treatment with niraparib + AAP was tolerable, with anemia and 
hypertension as the most reported grade ≥ 3 adverse events.
CONCLUSION: Combination treatment with niraparib + AAP significantly lengthened 
rPFS in patients with HRR+ mCRPC compared with standard-of-care AAP.
[Media: see text]."
B: primary resolved; secondary arm not in abstract,NCT03748641,36952634,https://pubmed.ncbi.nlm.nih.gov/36952634,https://clinicaltrials.gov/study/NCT03748641,MAGNITUDE phase III double-blind trial in metastatic castration-resistant prostate cancer: patients assigned 1:1 to niraparib plus abiraterone acetate/prednisone versus placebo plus AAP; abstract does not describe a fixed-dose-combination Cohort 3 arm.,Niraparib + Abiraterone Acetate + Prednisone (AAP),18.0,intervention,EXPERIMENTAL,intervention,intervention,Combination treatment with niraparib + AAP significantly lengthened rPFS in patients with HRR+ mCRPC compared with standard-of-care AAP,intervention,False,,,"16. J Clin Oncol. 2023 Jun 20;41(18):3339-3351. doi: 10.1200/JCO.22.01649. Epub
2023  Mar 23.

Niraparib and Abiraterone Acetate for Metastatic Castration-Resistant Prostate 
Cancer.

D(16), Diorio B(17), Lopez-Gitlitz A(16), Sandhu S(18); MAGNITUDE Principal 
Investigators.

PURPOSE: Metastatic castration-resistant prostate cancer (mCRPC) remains a 
lethal disease with current standard-of-care therapies. Homologous recombination 
repair (HRR) gene alterations, including BRCA1/2 alterations, can sensitize 
cancer cells to poly (ADP-ribose) polymerase inhibition, which may improve 
outcomes in treatment-naïve mCRPC when combined with androgen receptor signaling 
inhibition.
METHODS: MAGNITUDE (ClinicalTrials.gov identifier: NCT03748641) is a phase III, 
randomized, double-blinded study that evaluates niraparib and abiraterone 
acetate plus prednisone (niraparib + AAP) in patients with (HRR+, n = 423) or 
without (HRR-, n = 247) HRR-associated gene alterations, as prospectively 
determined by tissue/plasma-based assays. Patients were assigned 1:1 to receive 
niraparib + AAP or placebo + AAP. The primary end point, radiographic 
progression-free survival (rPFS) assessed by central review, was evaluated first 
in the BRCA1/2 subgroup and then in the full HRR+ cohort, with secondary end 
points analyzed for the full HRR+ cohort if rPFS was statistically significant. 
A futility analysis was preplanned in the HRR- cohort.
RESULTS: Median rPFS in the BRCA1/2 subgroup was significantly longer in the 
niraparib + AAP group compared with the placebo + AAP group (16.6 v 10.9 months; 
hazard ratio [HR], 0.53; 95% CI, 0.36 to 0.79; P = .001). In the overall HRR+ 
cohort, rPFS was significantly longer in the niraparib + AAP group compared with 
the placebo + AAP group (16.5 v 13.7 months; HR, 0.73; 95% CI, 0.56 to 0.96; P = 
.022). These findings were supported by improvement in the secondary end points 
of time to symptomatic progression and time to initiation of cytotoxic 
chemotherapy. In the HRR- cohort, futility was declared per the prespecified 
criteria. Treatment with niraparib + AAP was tolerable, with anemia and 
hypertension as the most reported grade ≥ 3 adverse events.
CONCLUSION: Combination treatment with niraparib + AAP significantly lengthened 
rPFS in patients with HRR+ mCRPC compared with standard-of-care AAP.
[Media: see text]."
B: primary resolved; secondary arm not in abstract,NCT04177108,38060199,https://pubmed.ncbi.nlm.nih.gov/38060199,https://clinicaltrials.gov/study/NCT04177108,"Pooled report of the ipatasertib/atezolizumab/paclitaxel triplet across three first-line mTNBC studies (two single-arm, plus randomized IPATunity170); abstract reports only the 317 triplet-treated patients and does not describe the randomized comparator/doublet/placebo arms' roles.",Arm B (Ipatasertib + Paclitaxel / Atezolizumab + Paclitaxel),41.5,intervention,EXPERIMENTAL,intervention,unresolved,,intervention,True,,,"8. Clin Cancer Res. 2024 Feb 16;30(4):767-778. doi:
10.1158/1078-0432.CCR-23-2084.

First-Line Ipatasertib, Atezolizumab, and Taxane Triplet for Metastatic 
Triple-Negative Breast Cancer: Clinical and Biomarker Results.

X(27), Shah K(28), Dent R(29).

PURPOSE: To evaluate a triplet regimen combining immune checkpoint blockade, AKT 
pathway inhibition, and (nab-) paclitaxel as first-line therapy for locally 
advanced/metastatic triple-negative breast cancer (mTNBC).
PATIENTS AND METHODS: The single-arm CO40151 phase Ib study (NCT03800836), the 
single-arm signal-seeking cohort of IPATunity130 (NCT03337724), and the 
randomized phase III IPATunity170 trial (NCT04177108) enrolled patients with 
previously untreated mTNBC. Triplet therapy comprised intravenous atezolizumab 
840 mg (days 1 and 15), oral ipatasertib 400 mg/day (days 1-21), and intravenous 
paclitaxel 80 mg/m2 (or nab-paclitaxel 100 mg/m2; days 1, 8, and 15) every 28 
days. Exploratory translational research aimed to elucidate mechanisms and 
molecular markers of sensitivity and resistance.
RESULTS: Among 317 patients treated with the triplet, efficacy ranged across 
studies as follows: median progression-free survival (PFS) 5.4 to 7.4 months, 
objective response rate 44% to 63%, median duration of response 5.6 to 11.1 
months, and median overall survival 15.7 to 28.3 months. The safety profile was 
consistent with the known toxicities of each agent. Grade ≥3 adverse events were 
more frequent with the triplet than with doublets or single-agent paclitaxel. 
Patients with PFS >10 months were characterized by NF1, CCND3, and PIK3CA 
alterations and increased immune pathway activity. PFS <5 months was associated 
with CDKN2A/CDKN2B/MTAP alterations and lower predicted phosphorylated AKT-S473 
levels.
CONCLUSIONS: In patients with mTNBC receiving an ipatasertib/atezolizumab/taxane 
triplet regimen, molecular characteristics may identify those with particularly 
favorable or unfavorable outcomes, potentially guiding future research efforts."
B: primary resolved; secondary arm not in abstract,NCT04177108,38060199,https://pubmed.ncbi.nlm.nih.gov/38060199,https://clinicaltrials.gov/study/NCT04177108,"Pooled report of the ipatasertib/atezolizumab/paclitaxel triplet across three first-line mTNBC studies (two single-arm, plus randomized IPATunity170); abstract reports only the 317 triplet-treated patients and does not describe the randomized comparator/doublet/placebo arms' roles.",Arm B - Cohort 2 (Atezolizumab + Paclitaxel + Placebo),40.0,intervention,EXPERIMENTAL,intervention,unresolved,,intervention,True,,,"8. Clin Cancer Res. 2024 Feb 16;30(4):767-778. doi:
10.1158/1078-0432.CCR-23-2084.

First-Line Ipatasertib, Atezolizumab, and Taxane Triplet for Metastatic 
Triple-Negative Breast Cancer: Clinical and Biomarker Results.

X(27), Shah K(28), Dent R(29).

PURPOSE: To evaluate a triplet regimen combining immune checkpoint blockade, AKT 
pathway inhibition, and (nab-) paclitaxel as first-line therapy for locally 
advanced/metastatic triple-negative breast cancer (mTNBC).
PATIENTS AND METHODS: The single-arm CO40151 phase Ib study (NCT03800836), the 
single-arm signal-seeking cohort of IPATunity130 (NCT03337724), and the 
randomized phase III IPATunity170 trial (NCT04177108) enrolled patients with 
previously untreated mTNBC. Triplet therapy comprised intravenous atezolizumab 
840 mg (days 1 and 15), oral ipatasertib 400 mg/day (days 1-21), and intravenous 
paclitaxel 80 mg/m2 (or nab-paclitaxel 100 mg/m2; days 1, 8, and 15) every 28 
days. Exploratory translational research aimed to elucidate mechanisms and 
molecular markers of sensitivity and resistance.
RESULTS: Among 317 patients treated with the triplet, efficacy ranged across 
studies as follows: median progression-free survival (PFS) 5.4 to 7.4 months, 
objective response rate 44% to 63%, median duration of response 5.6 to 11.1 
months, and median overall survival 15.7 to 28.3 months. The safety profile was 
consistent with the known toxicities of each agent. Grade ≥3 adverse events were 
more frequent with the triplet than with doublets or single-agent paclitaxel. 
Patients with PFS >10 months were characterized by NF1, CCND3, and PIK3CA 
alterations and increased immune pathway activity. PFS <5 months was associated 
with CDKN2A/CDKN2B/MTAP alterations and lower predicted phosphorylated AKT-S473 
levels.
CONCLUSIONS: In patients with mTNBC receiving an ipatasertib/atezolizumab/taxane 
triplet regimen, molecular characteristics may identify those with particularly 
favorable or unfavorable outcomes, potentially guiding future research efforts."
B: primary resolved; secondary arm not in abstract,NCT04177108,38060199,https://pubmed.ncbi.nlm.nih.gov/38060199,https://clinicaltrials.gov/study/NCT04177108,"Pooled report of the ipatasertib/atezolizumab/paclitaxel triplet across three first-line mTNBC studies (two single-arm, plus randomized IPATunity170); abstract reports only the 317 triplet-treated patients and does not describe the randomized comparator/doublet/placebo arms' roles.",Arm C (Paclitaxel + Placebo + Placebo),40.0,control,EXPERIMENTAL,intervention,control,Grade ≥3 adverse events were more frequent with the triplet than with doublets or single-agent paclitaxel,control,False,,,"8. Clin Cancer Res. 2024 Feb 16;30(4):767-778. doi:
10.1158/1078-0432.CCR-23-2084.

First-Line Ipatasertib, Atezolizumab, and Taxane Triplet for Metastatic 
Triple-Negative Breast Cancer: Clinical and Biomarker Results.

X(27), Shah K(28), Dent R(29).

PURPOSE: To evaluate a triplet regimen combining immune checkpoint blockade, AKT 
pathway inhibition, and (nab-) paclitaxel as first-line therapy for locally 
advanced/metastatic triple-negative breast cancer (mTNBC).
PATIENTS AND METHODS: The single-arm CO40151 phase Ib study (NCT03800836), the 
single-arm signal-seeking cohort of IPATunity130 (NCT03337724), and the 
randomized phase III IPATunity170 trial (NCT04177108) enrolled patients with 
previously untreated mTNBC. Triplet therapy comprised intravenous atezolizumab 
840 mg (days 1 and 15), oral ipatasertib 400 mg/day (days 1-21), and intravenous 
paclitaxel 80 mg/m2 (or nab-paclitaxel 100 mg/m2; days 1, 8, and 15) every 28 
days. Exploratory translational research aimed to elucidate mechanisms and 
molecular markers of sensitivity and resistance.
RESULTS: Among 317 patients treated with the triplet, efficacy ranged across 
studies as follows: median progression-free survival (PFS) 5.4 to 7.4 months, 
objective response rate 44% to 63%, median duration of response 5.6 to 11.1 
months, and median overall survival 15.7 to 28.3 months. The safety profile was 
consistent with the known toxicities of each agent. Grade ≥3 adverse events were 
more frequent with the triplet than with doublets or single-agent paclitaxel. 
Patients with PFS >10 months were characterized by NF1, CCND3, and PIK3CA 
alterations and increased immune pathway activity. PFS <5 months was associated 
with CDKN2A/CDKN2B/MTAP alterations and lower predicted phosphorylated AKT-S473 
levels.
CONCLUSIONS: In patients with mTNBC receiving an ipatasertib/atezolizumab/taxane 
triplet regimen, molecular characteristics may identify those with particularly 
favorable or unfavorable outcomes, potentially guiding future research efforts."
B: primary resolved; secondary arm not in abstract,NCT04177108,38060199,https://pubmed.ncbi.nlm.nih.gov/38060199,https://clinicaltrials.gov/study/NCT04177108,"Pooled report of the ipatasertib/atezolizumab/paclitaxel triplet across three first-line mTNBC studies (two single-arm, plus randomized IPATunity170); abstract reports only the 317 triplet-treated patients and does not describe the randomized comparator/doublet/placebo arms' roles.",Arm A (Ipatasertib + Atezolizumab + Paclitaxel),40.0,intervention,EXPERIMENTAL,intervention,intervention,Triplet therapy comprised intravenous atezolizumab ... oral ipatasertib ... and intravenous paclitaxel ... as first-line therapy,intervention,False,,,"8. Clin Cancer Res. 2024 Feb 16;30(4):767-778. doi:
10.1158/1078-0432.CCR-23-2084.

First-Line Ipatasertib, Atezolizumab, and Taxane Triplet for Metastatic 
Triple-Negative Breast Cancer: Clinical and Biomarker Results.

X(27), Shah K(28), Dent R(29).

PURPOSE: To evaluate a triplet regimen combining immune checkpoint blockade, AKT 
pathway inhibition, and (nab-) paclitaxel as first-line therapy for locally 
advanced/metastatic triple-negative breast cancer (mTNBC).
PATIENTS AND METHODS: The single-arm CO40151 phase Ib study (NCT03800836), the 
single-arm signal-seeking cohort of IPATunity130 (NCT03337724), and the 
randomized phase III IPATunity170 trial (NCT04177108) enrolled patients with 
previously untreated mTNBC. Triplet therapy comprised intravenous atezolizumab 
840 mg (days 1 and 15), oral ipatasertib 400 mg/day (days 1-21), and intravenous 
paclitaxel 80 mg/m2 (or nab-paclitaxel 100 mg/m2; days 1, 8, and 15) every 28 
days. Exploratory translational research aimed to elucidate mechanisms and 
molecular markers of sensitivity and resistance.
RESULTS: Among 317 patients treated with the triplet, efficacy ranged across 
studies as follows: median progression-free survival (PFS) 5.4 to 7.4 months, 
objective response rate 44% to 63%, median duration of response 5.6 to 11.1 
months, and median overall survival 15.7 to 28.3 months. The safety profile was 
consistent with the known toxicities of each agent. Grade ≥3 adverse events were 
more frequent with the triplet than with doublets or single-agent paclitaxel. 
Patients with PFS >10 months were characterized by NF1, CCND3, and PIK3CA 
alterations and increased immune pathway activity. PFS <5 months was associated 
with CDKN2A/CDKN2B/MTAP alterations and lower predicted phosphorylated AKT-S473 
levels.
CONCLUSIONS: In patients with mTNBC receiving an ipatasertib/atezolizumab/taxane 
triplet regimen, molecular characteristics may identify those with particularly 
favorable or unfavorable outcomes, potentially guiding future research efforts."
B: primary resolved; secondary arm not in abstract,NCT04248829,37379502,https://pubmed.ncbi.nlm.nih.gov/37379502,https://clinicaltrials.gov/study/NCT04248829,LASER301 phase III trial in treatment-naive EGFR-mutated advanced NSCLC: patients randomized 1:1 to third-generation lazertinib versus first-generation gefitinib; abstract does not describe an open-label lazertinib cross-over arm.,Open-label Lazertinib 240 mg (Cross-over),13.0,intervention,,intervention,unresolved,,intervention,True,,,"2. J Clin Oncol. 2023 Sep 10;41(26):4208-4217. doi: 10.1200/JCO.23.00515. Epub
2023  Jun 28.

Lazertinib Versus Gefitinib as First-Line Treatment in Patients With 
EGFR-Mutated Advanced Non-Small-Cell Lung Cancer: Results From LASER301.

PURPOSE: Lazertinib is a potent, CNS-penetrant, third-generation epidermal 
growth factor receptor (EGFR) tyrosine kinase inhibitor. This global, phase III 
study (LASER301) compared lazertinib versus gefitinib in treatment-naïve 
patients with EGFR-mutated (exon 19 deletion [ex19del]/L858R) locally advanced 
or metastatic non-small-cell lung cancer (NSCLC).
PATIENTS AND METHODS: Patients were 18 years and older with no previous systemic 
anticancer therapy. Neurologically stable patients with CNS metastases were 
allowed. Patients were randomly assigned 1:1 to lazertinib 240 mg once daily 
orally or gefitinib 250 mg once daily orally, stratified by mutation status and 
race. The primary end point was investigator-assessed progression-free survival 
(PFS) by RECIST v1.1.
RESULTS: Overall, 393 patients received double-blind study treatment across 96 
sites in 13 countries. Median PFS was significantly longer with lazertinib than 
with gefitinib (20.6 v 9.7 months; hazard ratio [HR], 0.45; 95% CI, 0.34 to 
0.58; P < .001). The PFS benefit of lazertinib over gefitinib was consistent 
across all predefined subgroups. The objective response rate was 76% in both 
groups (odds ratio, 0.99; 95% CI, 0.62 to 1.59). Median duration of response was 
19.4 months (95% CI, 16.6 to 24.9) with lazertinib versus 8.3 months (95% CI, 
6.9 to 10.9) with gefitinib. Overall survival data were immature at the interim 
analysis (29% maturity). The 18-month survival rate was 80% with lazertinib and 
72% with gefitinib (HR, 0.74; 95% CI, 0.51 to 1.08; P = .116). Observed safety 
of both treatments was consistent with their previously reported safety 
profiles.
CONCLUSION: Lazertinib demonstrated significant efficacy improvement compared 
with gefitinib in the first-line treatment of EGFR-mutated advanced NSCLC, with 
a manageable safety profile."
B: primary resolved; secondary arm not in abstract,NCT04248829,37379502,https://pubmed.ncbi.nlm.nih.gov/37379502,https://clinicaltrials.gov/study/NCT04248829,LASER301 phase III trial in treatment-naive EGFR-mutated advanced NSCLC: patients randomized 1:1 to third-generation lazertinib versus first-generation gefitinib; abstract does not describe an open-label lazertinib cross-over arm.,Gefitinib 250 mg,13.0,control,EXPERIMENTAL,intervention,control,Patients were randomly assigned 1:1 to lazertinib 240 mg once daily orally or gefitinib 250 mg once daily orally,control,False,,,"2. J Clin Oncol. 2023 Sep 10;41(26):4208-4217. doi: 10.1200/JCO.23.00515. Epub
2023  Jun 28.

Lazertinib Versus Gefitinib as First-Line Treatment in Patients With 
EGFR-Mutated Advanced Non-Small-Cell Lung Cancer: Results From LASER301.

PURPOSE: Lazertinib is a potent, CNS-penetrant, third-generation epidermal 
growth factor receptor (EGFR) tyrosine kinase inhibitor. This global, phase III 
study (LASER301) compared lazertinib versus gefitinib in treatment-naïve 
patients with EGFR-mutated (exon 19 deletion [ex19del]/L858R) locally advanced 
or metastatic non-small-cell lung cancer (NSCLC).
PATIENTS AND METHODS: Patients were 18 years and older with no previous systemic 
anticancer therapy. Neurologically stable patients with CNS metastases were 
allowed. Patients were randomly assigned 1:1 to lazertinib 240 mg once daily 
orally or gefitinib 250 mg once daily orally, stratified by mutation status and 
race. The primary end point was investigator-assessed progression-free survival 
(PFS) by RECIST v1.1.
RESULTS: Overall, 393 patients received double-blind study treatment across 96 
sites in 13 countries. Median PFS was significantly longer with lazertinib than 
with gefitinib (20.6 v 9.7 months; hazard ratio [HR], 0.45; 95% CI, 0.34 to 
0.58; P < .001). The PFS benefit of lazertinib over gefitinib was consistent 
across all predefined subgroups. The objective response rate was 76% in both 
groups (odds ratio, 0.99; 95% CI, 0.62 to 1.59). Median duration of response was 
19.4 months (95% CI, 16.6 to 24.9) with lazertinib versus 8.3 months (95% CI, 
6.9 to 10.9) with gefitinib. Overall survival data were immature at the interim 
analysis (29% maturity). The 18-month survival rate was 80% with lazertinib and 
72% with gefitinib (HR, 0.74; 95% CI, 0.51 to 1.08; P = .116). Observed safety 
of both treatments was consistent with their previously reported safety 
profiles.
CONCLUSION: Lazertinib demonstrated significant efficacy improvement compared 
with gefitinib in the first-line treatment of EGFR-mutated advanced NSCLC, with 
a manageable safety profile."
B: primary resolved; secondary arm not in abstract,NCT04248829,37379502,https://pubmed.ncbi.nlm.nih.gov/37379502,https://clinicaltrials.gov/study/NCT04248829,LASER301 phase III trial in treatment-naive EGFR-mutated advanced NSCLC: patients randomized 1:1 to third-generation lazertinib versus first-generation gefitinib; abstract does not describe an open-label lazertinib cross-over arm.,Lazertinib 240 mg,13.0,intervention,ACTIVE_COMPARATOR,control,intervention,"Lazertinib is a potent, CNS-penetrant, third-generation epidermal growth factor receptor (EGFR) tyrosine kinase inhibitor",intervention,False,,,"2. J Clin Oncol. 2023 Sep 10;41(26):4208-4217. doi: 10.1200/JCO.23.00515. Epub
2023  Jun 28.

Lazertinib Versus Gefitinib as First-Line Treatment in Patients With 
EGFR-Mutated Advanced Non-Small-Cell Lung Cancer: Results From LASER301.

PURPOSE: Lazertinib is a potent, CNS-penetrant, third-generation epidermal 
growth factor receptor (EGFR) tyrosine kinase inhibitor. This global, phase III 
study (LASER301) compared lazertinib versus gefitinib in treatment-naïve 
patients with EGFR-mutated (exon 19 deletion [ex19del]/L858R) locally advanced 
or metastatic non-small-cell lung cancer (NSCLC).
PATIENTS AND METHODS: Patients were 18 years and older with no previous systemic 
anticancer therapy. Neurologically stable patients with CNS metastases were 
allowed. Patients were randomly assigned 1:1 to lazertinib 240 mg once daily 
orally or gefitinib 250 mg once daily orally, stratified by mutation status and 
race. The primary end point was investigator-assessed progression-free survival 
(PFS) by RECIST v1.1.
RESULTS: Overall, 393 patients received double-blind study treatment across 96 
sites in 13 countries. Median PFS was significantly longer with lazertinib than 
with gefitinib (20.6 v 9.7 months; hazard ratio [HR], 0.45; 95% CI, 0.34 to 
0.58; P < .001). The PFS benefit of lazertinib over gefitinib was consistent 
across all predefined subgroups. The objective response rate was 76% in both 
groups (odds ratio, 0.99; 95% CI, 0.62 to 1.59). Median duration of response was 
19.4 months (95% CI, 16.6 to 24.9) with lazertinib versus 8.3 months (95% CI, 
6.9 to 10.9) with gefitinib. Overall survival data were immature at the interim 
analysis (29% maturity). The 18-month survival rate was 80% with lazertinib and 
72% with gefitinib (HR, 0.74; 95% CI, 0.51 to 1.08; P = .116). Observed safety 
of both treatments was consistent with their previously reported safety 
profiles.
CONCLUSION: Lazertinib demonstrated significant efficacy improvement compared 
with gefitinib in the first-line treatment of EGFR-mutated advanced NSCLC, with 
a manageable safety profile."
C: partial/different objective reported,NCT01459497,34383006,https://pubmed.ncbi.nlm.nih.gov/34383006,https://clinicaltrials.gov/study/NCT01459497,,Arm B (Conventional radiation),34.0,control,ACTIVE_COMPARATOR,control,,,control,False,,,"10. JAMA Oncol. 2021 Oct 1;7(10):1497-1505. doi: 10.1001/jamaoncol.2021.3186.

Accelerated Hypofractionated Image-Guided vs Conventional Radiotherapy for 
Patients With Stage II/III Non-Small Cell Lung Cancer and Poor Performance 
Status: A Randomized Clinical Trial.

C(1)(2)(3), Choy H(1)(2)(3), Timmerman R(1)(2)(3).

IMPORTANCE: A significant subset of patients with stage II/III non-small cell 
lung cancer (NSCLC) cannot receive standard concurrent chemoradiotherapy owing 
to the risk of toxic effects outweighing potential benefits. Without concurrent 
chemotherapy, however, the efficacy of conventional radiotherapy is reduced.
OBJECTIVE: To determine whether hypofractionated image-guided radiotherapy 
(IGRT) would improve overall survival in patients with stage II/III NSCLC who 
could not receive concurrent chemoradiotherapy and therefore were traditionally 
relegated to receiving only conventionally fractionated radiotherapy (CFRT).
DESIGN, SETTING, AND PARTICIPANTS: This nonblinded, phase 3 randomized clinical 
study enrolled 103 patients and analyzed 96 patients with stage II/III NSCLC and 
Zubrod performance status of at least 2, with greater than 10% weight loss in 
the previous 6 months, and/or who were ineligible for concurrent 
chemoradiotherapy after oncology consultation. Enrollment occurred at multiple 
US institutions. Patients were enrolled from November 13, 2012, to August 28, 
2018, with a median follow-up of 8.7 (3.6-19.9) months. Data were analyzed from 
September 14, 2018, to April 11, 2021.
INTERVENTIONS: Eligible patients were randomized to hypofractionated IGRT (60 Gy 
in 15 fractions) vs CFRT (60 Gy in 30 fractions).
MAIN OUTCOMES AND MEASURES: The primary end point was 1-year overall survival.
RESULTS: A total of 103 patients (96 of whom were analyzed [63 men (65.6%); mean 
(SD) age, 71.0 (10.2) years (range, 50-90 years)]) were randomized to 
hypofractionated IGRT (n = 50) or CFRT (n = 46) when a planned interim analysis 
suggested futility in reaching the primary end point, and the study was closed 
to further accrual. There was no statistically significant difference between 
the treatment groups for 1-year overall survival (37.7% [95% CI, 24.2%-51.0%] 
for hypofractionated IGRT vs 44.6% [95% CI, 29.9%-58.3%] for CFRT; P = .29). 
There were also no significant differences in median overall survival, 
progression-free survival, time to local failure, time to distant metastasis, 
and toxic effects of grade 3 or greater between the 2 treatment groups.
CONCLUSIONS AND RELEVANCE: This phase 3 randomized clinical trial found that 
hypofractionated IGRT (60 Gy in 15 fractions) was not superior to CFRT (60 Gy in 
30 fractions) for patients with stage II/III NSCLC ineligible for concurrent 
chemoradiotherapy. Further studies are needed to verify equivalence between 
these radiotherapy regimens. Regardless, for well-selected patients with NSCLC 
(ie, peripheral primary tumors and limited mediastinal/hilar adenopathy), the 
convenience of hypofractionated radiotherapy regimens may offer an appropriate 
treatment option.
TRIAL REGISTRATION: ClinicalTrials.gov Identifier: NCT01459497."
C: partial/different objective reported,NCT01459497,34383006,https://pubmed.ncbi.nlm.nih.gov/34383006,https://clinicaltrials.gov/study/NCT01459497,,Arm A (Accelerated hypofractionated IGRT),19.0,intervention,ACTIVE_COMPARATOR,control,,,intervention,False,,,"10. JAMA Oncol. 2021 Oct 1;7(10):1497-1505. doi: 10.1001/jamaoncol.2021.3186.

Accelerated Hypofractionated Image-Guided vs Conventional Radiotherapy for 
Patients With Stage II/III Non-Small Cell Lung Cancer and Poor Performance 
Status: A Randomized Clinical Trial.

C(1)(2)(3), Choy H(1)(2)(3), Timmerman R(1)(2)(3).

IMPORTANCE: A significant subset of patients with stage II/III non-small cell 
lung cancer (NSCLC) cannot receive standard concurrent chemoradiotherapy owing 
to the risk of toxic effects outweighing potential benefits. Without concurrent 
chemotherapy, however, the efficacy of conventional radiotherapy is reduced.
OBJECTIVE: To determine whether hypofractionated image-guided radiotherapy 
(IGRT) would improve overall survival in patients with stage II/III NSCLC who 
could not receive concurrent chemoradiotherapy and therefore were traditionally 
relegated to receiving only conventionally fractionated radiotherapy (CFRT).
DESIGN, SETTING, AND PARTICIPANTS: This nonblinded, phase 3 randomized clinical 
study enrolled 103 patients and analyzed 96 patients with stage II/III NSCLC and 
Zubrod performance status of at least 2, with greater than 10% weight loss in 
the previous 6 months, and/or who were ineligible for concurrent 
chemoradiotherapy after oncology consultation. Enrollment occurred at multiple 
US institutions. Patients were enrolled from November 13, 2012, to August 28, 
2018, with a median follow-up of 8.7 (3.6-19.9) months. Data were analyzed from 
September 14, 2018, to April 11, 2021.
INTERVENTIONS: Eligible patients were randomized to hypofractionated IGRT (60 Gy 
in 15 fractions) vs CFRT (60 Gy in 30 fractions).
MAIN OUTCOMES AND MEASURES: The primary end point was 1-year overall survival.
RESULTS: A total of 103 patients (96 of whom were analyzed [63 men (65.6%); mean 
(SD) age, 71.0 (10.2) years (range, 50-90 years)]) were randomized to 
hypofractionated IGRT (n = 50) or CFRT (n = 46) when a planned interim analysis 
suggested futility in reaching the primary end point, and the study was closed 
to further accrual. There was no statistically significant difference between 
the treatment groups for 1-year overall survival (37.7% [95% CI, 24.2%-51.0%] 
for hypofractionated IGRT vs 44.6% [95% CI, 29.9%-58.3%] for CFRT; P = .29). 
There were also no significant differences in median overall survival, 
progression-free survival, time to local failure, time to distant metastasis, 
and toxic effects of grade 3 or greater between the 2 treatment groups.
CONCLUSIONS AND RELEVANCE: This phase 3 randomized clinical trial found that 
hypofractionated IGRT (60 Gy in 15 fractions) was not superior to CFRT (60 Gy in 
30 fractions) for patients with stage II/III NSCLC ineligible for concurrent 
chemoradiotherapy. Further studies are needed to verify equivalence between 
these radiotherapy regimens. Regardless, for well-selected patients with NSCLC 
(ie, peripheral primary tumors and limited mediastinal/hilar adenopathy), the 
convenience of hypofractionated radiotherapy regimens may offer an appropriate 
treatment option.
TRIAL REGISTRATION: ClinicalTrials.gov Identifier: NCT01459497."
