filename,intervention_type,pos_idx,core_treatment_screening,core_treatment_1_month,core_treatment_3_months,core_treatment_6_months,core_treatment_9_months,core_treatment_12_months,imaging_diagnostics_screening,imaging_diagnostics_1_month,imaging_diagnostics_3_months,imaging_diagnostics_6_months,imaging_diagnostics_9_months,imaging_diagnostics_12_months,labs_screening,labs_1_month,labs_3_months,labs_6_months,labs_9_months,labs_12_months,clinic_visits_screening,clinic_visits_1_month,clinic_visits_3_months,clinic_visits_6_months,clinic_visits_9_months,clinic_visits_12_months,total_screening,total_1_month,total_3_months,total_6_months,total_9_months,total_12_months,n_runs
30738780 CT_Summary_SoE.pdf,control,0,0.0,2.0,4.0,6.0,6.0,6.0,1.5,0.0,0.0,1.0,2.0,3.0,0.5,1.0,3.0,3.0,5.0,7.5,0.0,0.0,0.0,0.0,0.0,0.0,2.0,3.0,7.0,10.0,13.0,16.5,2
30738780 CT_Summary_SoE.pdf,intervention,0,0.0,2.0,4.0,6.0,6.0,6.0,1.5,0.0,0.0,1.0,2.0,3.0,0.5,1.0,3.0,3.0,5.0,7.5,0.0,0.0,0.0,0.0,0.0,0.0,2.0,3.0,7.0,10.0,13.0,16.5,2
PIMD 27718847 a_Summary_SoE.pdf,control,0,0.0,4.0,9.0,12.0,12.0,12.0,1.0,0.5,0.5,1.0,3.0,4.0,0.5,0.5,0.5,1.5,2.0,2.5,0.0,0.0,0.0,0.5,2.5,5.5,1.5,5.0,10.0,15.0,19.5,24.0,2
PIMD 27718847 a_Summary_SoE.pdf,intervention,0,0.0,2.0,5.0,9.0,13.0,18.0,1.0,0.5,0.5,0.5,0.5,0.5,0.5,0.5,0.5,0.5,0.5,0.5,0.0,0.0,0.0,0.0,0.0,0.0,1.5,3.0,6.0,10.0,14.0,19.0,2
PMID 19213681 a_Summary_SoE.pdf,control,0,0.0,0.0,0.0,0.0,0.0,0.0,1.0,0.0,0.0,1.0,1.0,2.0,0.0,0.0,0.0,0.0,0.0,0.0,0.0,0.5,0.5,0.5,0.5,0.5,1.0,0.5,0.5,1.5,1.5,2.5,2
PMID 19213681 a_Summary_SoE.pdf,control,1,0.0,0.0,0.0,0.0,0.0,0.0,1.0,0.0,0.0,1.0,1.0,2.0,0.0,0.0,0.0,0.0,0.0,0.0,0.0,1.0,1.0,1.0,1.0,1.0,1.0,1.0,1.0,2.0,2.0,3.0,1
PMID 19213681 a_Summary_SoE.pdf,intervention,0,0.0,0.5,0.5,1.0,1.0,1.5,1.0,0.0,0.0,0.5,0.5,1.0,0.0,0.0,0.0,0.0,0.0,0.0,0.0,0.0,0.0,0.0,0.0,0.0,1.0,0.5,0.5,1.5,1.5,2.5,2
PMID 19213681 a_Summary_SoE.pdf,intervention,1,0.0,1.5,2.5,4.5,6.0,8.5,1.0,0.0,0.0,0.0,0.0,0.0,0.0,0.0,0.0,0.0,0.0,0.0,0.0,0.0,0.0,0.0,0.0,0.0,1.0,1.5,2.5,4.5,6.0,8.5,2
PMID 19213681 a_Summary_SoE.pdf,intervention,2,0.0,2.0,4.0,7.0,10.0,14.0,1.0,0.0,0.0,0.0,0.0,0.0,0.0,0.0,0.0,0.0,0.0,0.0,0.0,0.0,0.0,0.0,0.0,0.0,1.0,2.0,4.0,7.0,10.0,14.0,1
PMID 20525992 a_Summary_SoE.pdf,control,0,0.0,2.0,4.0,4.0,4.0,4.0,1.0,0.0,1.0,4.0,6.0,7.0,1.0,0.0,0.0,0.0,0.0,0.0,0.0,0.0,0.0,0.0,0.0,0.0,2.0,2.0,5.0,8.0,10.0,11.0,2
PMID 20525992 a_Summary_SoE.pdf,intervention,0,0.0,2.0,4.0,4.0,4.0,4.0,1.0,0.0,1.0,4.0,6.0,7.0,1.0,0.0,0.0,0.0,0.0,0.0,0.0,0.0,0.0,0.0,0.0,0.0,2.0,2.0,5.0,8.0,10.0,11.0,2
PMID 20525992 a_Summary_SoE.pdf,intervention,1,0.0,2.0,4.0,4.0,4.0,4.0,1.0,0.0,1.0,4.0,6.0,7.0,1.0,0.0,0.0,0.0,0.0,0.0,0.0,0.0,0.0,0.0,0.0,0.0,2.0,2.0,5.0,8.0,10.0,11.0,2
PMID 20525993 a_Summary_SoE.pdf,control,0,0.0,0.5,0.5,0.5,0.5,0.5,1.0,1.5,2.5,3.5,4.5,5.5,0.0,2.0,3.0,5.0,5.0,5.0,0.0,0.0,0.0,0.0,0.0,0.0,1.0,4.0,6.0,9.0,10.0,11.0,2
PMID 20525993 a_Summary_SoE.pdf,intervention,0,0.0,0.5,0.5,0.5,0.5,0.5,1.0,1.5,2.5,3.5,4.5,5.5,0.0,2.0,3.0,5.0,5.0,5.0,0.0,0.0,0.0,0.0,0.0,0.0,1.0,4.0,6.0,9.0,10.0,11.0,2
PMID 20525993 a_Summary_SoE.pdf,intervention,1,0.0,0.5,0.5,0.5,0.5,0.5,1.0,1.5,2.5,3.5,4.5,5.5,0.0,2.0,3.0,5.0,5.0,5.0,0.0,0.0,0.0,0.0,0.0,0.0,1.0,4.0,6.0,9.0,10.0,11.0,2
PMID 20525995 a_Summary_SoE.pdf,control,0,0.0,0.5,0.5,0.5,0.5,0.5,1.5,1.0,2.0,3.0,3.0,3.0,0.5,1.0,2.0,2.0,3.0,4.0,0.0,0.5,0.5,0.5,0.5,0.5,2.0,3.0,5.0,6.0,7.0,8.0,2
PMID 20525995 a_Summary_SoE.pdf,intervention,0,0.0,0.5,0.5,0.5,0.5,0.5,1.5,1.0,2.0,3.0,3.0,3.0,0.5,2.5,3.5,3.5,4.5,5.5,0.0,0.0,0.0,0.0,0.0,0.0,2.0,4.0,6.0,7.0,8.0,9.0,2
PMID 20570559 CT a_Summary_SoE.pdf,control,0,0.0,1.5,5.0,6.0,6.0,6.0,1.0,0.0,0.0,2.5,5.5,9.0,0.0,0.0,0.0,0.5,1.5,3.0,0.0,0.0,0.0,0.0,0.0,0.0,1.0,1.5,5.0,9.0,13.0,18.0,2
PMID 20570559 CT a_Summary_SoE.pdf,intervention,0,0.0,1.5,5.0,6.0,6.0,6.0,1.0,0.0,0.0,2.5,5.5,9.0,0.0,0.0,0.0,0.5,1.5,3.0,0.0,0.0,0.0,0.0,0.0,0.0,1.0,1.5,5.0,9.0,13.0,18.0,2
PMID 20818862 a_Summary_SoE.pdf,control,0,1.0,5.0,5.0,5.0,5.0,5.0,1.0,0.0,0.5,1.5,3.0,4.0,1.0,0.0,1.0,1.5,2.0,2.0,0.0,0.0,0.0,0.0,0.0,0.0,3.0,5.0,6.5,8.0,10.0,11.0,2
PMID 20818862 a_Summary_SoE.pdf,intervention,0,1.0,5.0,5.0,5.0,5.0,5.0,1.0,0.0,0.5,1.5,3.0,4.0,1.0,0.0,1.0,1.5,2.0,2.0,0.0,0.0,0.0,0.0,0.0,0.0,3.0,5.0,6.5,8.0,10.0,11.0,2
PMID 20826719 a_Summary_SoE.pdf,control,0,0.0,1.0,1.0,1.5,1.5,1.5,1.0,0.0,0.0,0.0,0.0,0.0,1.0,0.0,0.0,1.5,1.5,2.5,0.0,0.0,0.0,0.0,0.0,0.0,2.0,1.0,1.0,3.0,3.0,4.0,2
PMID 20826719 a_Summary_SoE.pdf,intervention,0,0.0,1.0,1.0,1.5,1.5,1.5,1.0,0.0,0.0,0.0,0.0,0.0,1.0,0.0,0.0,1.5,1.5,2.5,0.0,0.0,0.0,0.0,0.0,0.0,2.0,1.0,1.0,3.0,3.0,4.0,2
PMID 21121833 a_Summary_SoE.pdf,control,0,0.0,2.0,5.0,6.0,6.0,6.0,1.0,0.0,0.0,0.0,0.0,0.0,1.0,0.0,0.0,1.0,1.0,2.0,0.0,0.0,0.0,0.0,1.0,1.0,2.0,2.0,5.0,7.0,8.0,9.0,2
PMID 21121833 a_Summary_SoE.pdf,intervention,0,0.0,2.0,5.0,6.0,6.0,6.0,1.0,0.0,0.0,0.0,0.0,0.0,1.0,0.0,0.0,1.0,1.0,2.0,0.0,0.0,0.0,0.0,1.0,1.0,2.0,2.0,5.0,7.0,8.0,9.0,2
PMID 21282542 CT_Summary_SoE.pdf,control,0,0.0,2.0,4.0,7.0,10.0,14.0,1.0,2.0,2.0,2.0,2.0,2.0,0.0,0.0,0.0,0.0,0.0,0.0,0.5,0.0,0.0,0.0,0.0,0.0,1.5,4.0,6.0,9.0,12.0,16.0,2
PMID 21282542 CT_Summary_SoE.pdf,intervention,0,0.0,2.0,4.0,7.0,10.0,14.0,1.0,2.0,2.0,2.0,2.0,2.0,0.0,0.0,0.0,0.0,0.0,0.0,0.5,0.0,0.0,0.0,0.0,0.0,1.5,4.0,6.0,9.0,12.0,16.0,2
PMID 21306237 a_Summary_SoE.pdf,control,0,0.0,1.0,2.0,3.5,5.0,7.0,1.0,0.5,1.0,2.0,2.5,3.5,0.0,1.5,2.0,2.5,3.5,4.5,0.0,0.0,0.0,0.0,0.0,0.0,1.0,3.0,5.0,8.0,11.0,15.0,2
PMID 21306237 a_Summary_SoE.pdf,intervention,0,0.0,1.0,2.0,3.5,5.0,7.0,1.0,0.5,1.0,2.0,2.5,3.5,0.0,1.5,2.0,2.5,3.5,4.5,0.0,0.0,0.0,0.0,0.0,0.0,1.0,3.0,5.0,8.0,11.0,15.0,2
PMID 21306238 a_Summary_SoE.pdf,control,0,0.0,1.5,2.5,4.0,5.5,7.5,1.0,0.0,0.5,1.0,1.5,2.0,0.0,1.5,2.0,3.0,4.0,5.5,0.0,0.0,0.0,0.0,0.0,0.0,1.0,3.0,5.0,8.0,11.0,15.0,2
PMID 21306238 a_Summary_SoE.pdf,intervention,0,0.0,1.5,2.5,4.0,5.5,7.5,1.0,0.0,0.5,1.0,1.5,2.0,0.0,1.5,2.0,3.0,4.0,5.5,0.0,0.0,0.0,0.0,0.0,0.0,1.0,3.0,5.0,8.0,11.0,15.0,2
PMID 21410393 a_Summary_SoE.pdf,control,0,0.0,0.0,0.0,0.0,0.0,0.0,1.0,0.0,0.0,0.0,0.0,1.0,0.0,1.0,1.0,2.0,3.0,4.0,1.0,0.0,0.0,0.0,0.0,0.0,2.0,1.0,1.0,2.0,3.0,5.0,2
PMID 21410393 a_Summary_SoE.pdf,intervention,0,0.0,0.0,0.0,0.0,0.0,0.0,1.0,0.0,0.0,0.0,0.0,1.0,0.0,1.0,1.0,2.0,3.0,4.0,1.0,0.0,0.0,0.0,0.0,0.0,2.0,1.0,1.0,2.0,3.0,5.0,2
PMID 21612468 a_Summary_SoE.pdf,control,0,0.0,1.5,1.5,2.0,2.0,2.0,1.0,0.0,1.0,2.0,3.0,4.0,0.0,1.5,4.5,6.0,8.0,11.0,0.0,0.0,0.0,0.0,0.0,0.0,1.0,3.0,7.0,10.0,13.0,17.0,2
PMID 21612468 a_Summary_SoE.pdf,intervention,0,0.0,1.5,1.5,2.0,2.0,2.0,1.0,0.0,1.0,2.0,3.0,4.0,0.0,1.5,4.5,6.0,8.0,11.0,0.0,0.0,0.0,0.0,0.0,0.0,1.0,3.0,7.0,10.0,13.0,17.0,2
PMID 21621716 CT_Summary_SoE.pdf,control,0,0.0,2.0,5.0,9.0,13.0,18.0,1.0,0.0,0.0,0.0,0.0,0.0,0.5,0.0,0.0,0.0,0.0,0.0,0.0,0.0,0.0,0.0,0.0,0.0,1.5,2.0,5.0,9.0,13.0,18.0,2
PMID 21621716 CT_Summary_SoE.pdf,intervention,0,0.0,2.0,5.0,9.0,13.0,18.0,1.0,0.0,0.0,0.0,0.0,0.0,0.5,0.0,0.0,0.0,0.0,0.0,0.0,0.0,0.0,0.0,0.0,0.0,1.5,2.0,5.0,9.0,13.0,18.0,2
PMID 21631324 a_Summary_SoE.pdf,control,0,0.0,11.5,27.0,47.5,65.5,71.5,1.0,0.0,0.5,1.5,3.0,4.5,1.0,3.0,5.5,9.0,13.5,18.0,0.0,1.0,2.0,3.0,4.5,6.5,2.0,15.5,35.0,61.0,86.5,100.5,2
PMID 21631324 a_Summary_SoE.pdf,intervention,0,0.0,12.5,29.0,50.5,70.0,77.5,1.0,0.0,0.5,1.5,3.0,4.5,1.0,3.0,5.5,9.0,13.5,18.0,0.0,0.0,0.0,0.0,0.0,0.5,2.0,15.5,35.0,61.0,86.5,100.5,2
PMID 21639808 a_Summary_SoE.pdf,control,0,0.0,2.0,5.0,9.0,13.0,18.0,1.0,0.0,0.0,0.0,0.0,0.0,0.5,1.0,1.0,1.0,1.0,1.0,0.0,0.0,0.0,0.0,0.0,0.0,1.5,3.0,6.0,10.0,14.0,19.0,2
PMID 21639808 a_Summary_SoE.pdf,intervention,0,0.0,2.0,5.0,9.0,13.0,18.0,1.0,0.0,0.0,0.0,0.0,0.0,0.5,1.0,1.0,1.0,1.0,1.0,0.0,0.0,0.0,0.0,0.0,0.0,1.5,3.0,6.0,10.0,14.0,19.0,2
PMID 21639810 a_Summary_SoE.pdf,control,0,0.0,2.0,5.5,9.5,10.5,11.5,1.0,0.0,0.5,1.5,2.5,3.5,0.5,0.0,2.0,2.0,2.0,2.0,0.0,0.0,0.0,0.0,0.0,0.0,1.5,2.0,8.0,13.0,15.0,17.0,2
PMID 21639810 a_Summary_SoE.pdf,intervention,0,0.0,2.0,5.5,9.5,10.5,11.5,1.0,0.0,0.5,1.5,2.5,3.5,0.5,0.0,2.0,2.0,2.0,2.0,0.0,0.0,0.0,0.0,0.0,0.0,1.5,2.0,8.0,13.0,15.0,17.0,2
PMID 21751904 a_Summary_SoE.pdf,control,0,0.0,21.5,37.0,37.0,37.0,37.0,1.0,0.0,0.0,0.0,0.0,0.0,1.0,0.0,0.5,1.5,2.5,3.5,0.0,0.0,0.0,0.0,0.0,0.0,2.0,21.5,37.5,38.5,39.5,40.5,2
PMID 21751904 a_Summary_SoE.pdf,intervention,0,0.0,1.0,25.0,39.5,39.5,39.5,1.0,0.0,0.0,0.0,0.0,0.0,1.0,0.0,0.0,0.5,1.5,2.5,0.0,0.0,0.0,0.0,0.0,0.0,2.0,1.0,25.0,40.0,41.0,42.0,2
PMID 21962393 CT_Summary_SoE.pdf,control,0,0.5,11.5,11.5,22.5,22.5,22.5,1.5,0.0,0.0,1.0,1.0,2.0,1.0,4.5,6.0,10.5,12.5,13.5,0.5,0.0,0.5,0.0,0.0,0.0,3.5,16.0,18.0,34.0,36.0,38.0,2
PMID 21962393 CT_Summary_SoE.pdf,intervention,0,0.5,11.5,11.5,13.0,13.0,13.0,1.5,0.0,0.0,1.0,1.0,2.0,1.0,4.5,9.0,14.0,20.0,21.0,0.5,0.0,0.0,0.0,0.0,0.0,3.5,16.0,20.5,28.0,34.0,36.0,2
PMID 21962393 CT_Summary_SoE.pdf,intervention,1,0.5,11.5,12.0,23.0,23.0,23.0,1.5,0.0,0.0,1.0,1.0,2.0,1.0,4.5,7.5,13.0,20.0,27.0,0.5,0.0,0.0,0.0,0.0,0.0,3.5,16.0,19.5,37.0,44.0,52.0,2
PMID 21990397 a_Summary_SoE.pdf,control,0,0.0,2.0,5.0,9.0,13.0,18.0,1.0,0.0,1.0,2.0,3.0,4.0,1.0,0.0,0.0,0.0,0.0,0.0,0.0,0.0,0.0,0.0,0.0,0.0,2.0,2.0,6.0,11.0,16.0,22.0,2
PMID 21990397 a_Summary_SoE.pdf,intervention,0,0.0,2.0,5.0,9.0,13.0,18.0,1.0,0.0,1.0,2.0,3.0,4.0,1.0,0.0,0.0,0.0,0.0,0.0,0.0,0.0,0.0,0.0,0.0,0.0,2.0,2.0,6.0,11.0,16.0,22.0,2
PMID 21991949 a_Summary_SoE.pdf,control,0,0.0,2.0,5.0,8.0,8.0,8.0,1.5,0.0,0.0,0.5,1.0,1.0,0.5,0.0,0.0,0.0,0.0,0.5,0.0,0.0,0.0,0.0,1.0,1.5,2.0,2.0,5.0,8.5,10.0,11.0,2
PMID 21991949 a_Summary_SoE.pdf,intervention,0,0.0,2.0,6.5,17.5,21.5,26.0,1.5,0.0,0.0,0.5,0.5,0.5,0.5,0.0,0.0,0.0,0.0,0.0,0.0,0.0,0.0,0.0,0.0,0.0,2.0,2.0,6.5,18.0,22.0,26.5,2
PMID 21991949 a_Summary_SoE.pdf,intervention,1,0.0,6.0,14.0,20.5,24.5,29.0,1.5,0.0,0.0,1.5,1.5,1.5,0.5,0.0,0.0,0.0,0.0,0.0,0.0,0.0,0.0,0.0,0.0,0.0,2.0,6.0,14.0,22.0,26.0,30.5,2
PMID 22025146 CT_Summary_SoE.pdf,control,0,0.0,1.0,1.0,1.0,1.0,1.0,1.0,2.0,4.0,6.0,8.0,10.5,0.0,0.0,0.0,0.0,0.0,0.0,0.0,0.0,0.0,0.0,0.0,0.0,1.0,3.0,5.0,7.0,9.0,11.5,2
PMID 22025146 CT_Summary_SoE.pdf,intervention,0,0.0,1.0,1.0,1.0,1.0,1.0,1.0,2.0,4.0,6.0,8.0,10.5,0.0,0.0,0.0,0.0,0.0,0.0,0.0,0.0,0.0,0.0,0.0,0.0,1.0,3.0,5.0,7.0,9.0,11.5,2
PMID 22119496 a_Summary_SoE.pdf,control,0,0.0,2.0,4.0,7.0,10.0,14.0,1.0,0.0,0.0,0.0,0.0,0.0,0.0,1.0,1.0,1.0,1.0,1.0,0.0,0.0,0.0,0.0,0.0,0.0,1.0,3.0,5.0,8.0,11.0,15.0,2
PMID 22119496 a_Summary_SoE.pdf,intervention,0,0.0,2.0,4.0,7.0,10.0,14.0,1.0,0.0,0.0,0.0,0.0,0.0,0.0,1.0,1.0,1.0,1.0,1.0,0.0,0.0,0.0,0.0,0.0,0.0,1.0,3.0,5.0,8.0,11.0,15.0,2
PMID 22149875 a_Summary_SoE.pdf,control,0,0.0,3.0,6.0,10.0,14.0,19.0,1.5,0.0,0.0,0.0,0.0,0.0,0.5,2.0,4.0,6.0,6.0,6.0,0.0,0.0,0.0,0.0,0.0,0.0,2.0,5.0,10.0,16.0,20.0,25.0,2
PMID 22149875 a_Summary_SoE.pdf,intervention,0,0.0,3.0,6.0,10.0,14.0,19.0,1.5,0.0,0.0,0.0,0.0,0.0,0.5,2.0,4.0,6.0,6.0,6.0,0.0,0.0,0.0,0.0,0.0,0.0,2.0,5.0,10.0,16.0,20.0,25.0,2
PMID 22149876 a_Summary_SoE.pdf,control,0,0.0,2.0,3.0,4.0,5.0,6.0,1.0,0.0,1.0,2.0,3.0,4.0,0.0,1.0,1.0,1.0,1.0,1.0,0.0,0.0,0.0,0.0,0.0,0.0,1.0,3.0,5.0,7.0,9.0,11.0,2
PMID 22149876 a_Summary_SoE.pdf,intervention,0,0.0,2.0,3.0,4.0,5.0,6.0,1.0,0.0,1.0,2.0,3.0,4.0,0.0,1.0,1.0,1.0,1.0,1.0,0.0,0.0,0.0,0.0,0.0,0.0,1.0,3.0,5.0,7.0,9.0,11.0,2
PMID 22204724 a_Summary_SoE.pdf,control,0,0.0,2.0,5.0,9.0,13.0,18.0,1.0,0.0,0.5,1.0,1.5,2.0,1.0,3.0,8.0,12.0,12.0,12.0,0.0,0.0,0.0,0.0,0.0,0.0,2.0,5.0,13.5,22.0,26.5,32.0,2
PMID 22204724 a_Summary_SoE.pdf,intervention,0,0.0,2.0,5.0,9.0,13.0,18.0,1.0,0.0,0.5,1.0,1.5,2.0,1.0,3.0,8.0,12.0,12.0,12.0,0.0,0.0,0.0,0.0,0.0,0.0,2.0,5.0,13.5,22.0,26.5,32.0,2
PMID 22204724 a_Summary_SoE.pdf,intervention,1,0.0,2.0,5.0,9.0,13.0,18.0,1.0,0.0,0.5,1.0,1.5,2.0,1.0,3.0,8.0,12.0,12.0,12.0,0.0,0.0,0.0,0.0,0.0,0.0,2.0,5.0,13.5,22.0,26.5,32.0,2
PMID 22257673 a_Summary_SoE.pdf,intervention,0,0.0,1.5,7.5,12.0,15.5,20.0,1.0,0.0,0.5,0.5,0.5,0.5,0.0,0.5,0.5,0.5,0.5,0.5,0.0,0.0,0.0,0.5,0.5,0.5,1.0,2.0,8.5,13.5,17.0,21.5,2
PMID 22257673 a_Summary_SoE.pdf,intervention,1,0.0,2.0,8.0,12.5,17.0,21.5,1.0,0.0,0.5,0.5,0.5,0.5,0.0,0.0,0.0,0.0,0.0,0.0,0.0,0.0,0.0,0.5,0.5,0.5,1.0,2.0,8.5,13.5,18.0,22.5,2
PMID 22257673 a_Summary_SoE.pdf,intervention,2,0.0,2.0,8.0,12.5,17.0,21.5,1.0,0.0,0.5,0.5,0.5,0.5,0.0,0.0,0.0,0.0,0.0,0.0,0.0,0.0,0.0,0.5,0.5,0.5,1.0,2.0,8.5,13.5,18.0,22.5,2
PMID 22271472 a_Summary_SoE.pdf,control,0,0.0,2.0,32.0,32.0,32.0,32.0,0.5,0.0,1.0,1.5,2.0,2.5,0.5,0.0,0.0,0.0,0.0,0.0,0.0,0.0,0.0,1.5,1.5,1.5,1.0,2.0,33.0,35.0,35.5,36.0,2
PMID 22271472 a_Summary_SoE.pdf,intervention,0,0.0,2.0,32.0,32.0,32.0,32.0,0.5,0.0,1.0,1.5,2.0,2.5,0.5,3.0,3.0,5.5,8.0,10.5,0.0,0.0,0.0,1.5,1.5,1.5,1.0,5.0,36.0,40.5,43.5,46.5,2
PMID 22375970 a_Summary_SoE.pdf,control,0,0.0,0.0,0.0,0.0,0.0,0.0,1.5,0.0,1.0,2.0,3.0,4.0,0.5,1.5,2.5,3.5,4.5,5.5,0.0,1.5,2.5,3.5,3.5,3.5,2.0,3.0,6.0,9.0,11.0,13.0,2
PMID 22375970 a_Summary_SoE.pdf,intervention,0,0.0,0.5,0.5,0.5,0.5,0.5,1.5,1.0,2.0,3.0,4.0,5.0,0.5,2.0,3.0,4.0,5.0,6.0,0.0,0.5,1.5,2.5,2.5,2.5,2.0,4.0,7.0,10.0,12.0,14.0,2
PMID 22375971 a_Summary_SoE.pdf,control,0,0.0,2.0,3.0,3.0,3.0,3.0,2.0,0.0,0.0,1.5,2.5,3.5,0.0,2.0,4.0,5.5,6.5,7.5,0.0,0.0,0.0,0.0,0.0,0.0,2.0,4.0,7.0,10.0,12.0,14.0,2
PMID 22375971 a_Summary_SoE.pdf,intervention,0,0.0,2.0,3.0,3.0,3.0,3.0,2.0,0.0,0.0,1.5,2.5,3.5,0.0,2.0,4.0,5.5,6.5,7.5,0.0,0.0,0.0,0.0,0.0,0.0,2.0,4.0,7.0,10.0,12.0,14.0,2
PMID 22454414 a_Summary_SoE.pdf,control,0,0.0,2.0,5.0,9.0,13.0,18.0,2.0,0.0,0.0,0.0,0.0,0.0,0.5,0.0,0.0,0.0,0.0,0.0,0.0,0.0,0.0,0.0,0.0,0.0,2.5,2.0,5.0,9.0,13.0,18.0,2
PMID 22454414 a_Summary_SoE.pdf,intervention,0,0.0,2.0,5.0,9.0,13.0,18.0,2.0,0.0,0.0,0.0,0.0,0.0,0.5,0.0,0.0,0.0,0.0,0.0,0.0,0.0,0.0,0.0,0.0,0.0,2.5,2.0,5.0,9.0,13.0,18.0,2
PMID 22508813 a_Summary_SoE.pdf,control,0,0.0,1.0,1.0,1.0,1.0,1.0,0.0,0.0,0.0,0.0,0.0,0.0,0.5,0.0,0.0,0.0,0.0,0.0,0.5,1.0,1.0,1.0,1.0,1.0,1.0,2.0,2.0,2.0,2.0,2.0,2
PMID 22508813 a_Summary_SoE.pdf,intervention,0,0.0,1.0,1.0,1.0,1.0,1.0,0.0,0.0,0.0,0.0,0.0,0.0,0.5,0.0,0.0,0.0,0.0,0.0,0.5,1.0,1.0,1.0,1.0,1.0,1.0,2.0,2.0,2.0,2.0,2.0,2
PMID 22529265 a_Summary_SoE.pdf,control,0,0.0,4.0,9.0,15.0,19.0,24.0,0.5,0.5,0.5,0.5,0.5,0.5,0.5,0.0,0.0,0.0,0.0,0.0,0.0,0.0,0.0,0.0,0.0,0.0,1.0,4.5,9.5,15.5,19.5,24.5,2
PMID 22529265 a_Summary_SoE.pdf,intervention,0,0.0,4.0,9.0,15.0,19.0,24.0,0.5,0.5,0.5,0.5,0.5,0.5,0.5,0.0,0.0,0.0,0.0,0.0,0.0,0.0,0.0,0.0,0.0,0.0,1.0,4.5,9.5,15.5,19.5,24.5,2
PMID 22551107 a_Summary_SoE.pdf,control,0,0.0,6.0,9.0,13.0,17.0,22.0,1.0,0.0,1.0,2.5,3.0,3.5,0.0,0.5,1.5,3.0,4.0,4.5,0.5,0.0,0.0,0.0,0.0,0.0,1.5,6.5,11.5,18.5,24.0,30.0,2
PMID 22551107 a_Summary_SoE.pdf,intervention,0,0.0,6.0,16.0,28.0,40.0,52.5,1.0,0.0,0.5,1.5,2.0,2.5,0.0,2.0,6.0,12.5,20.0,26.0,0.5,0.0,0.0,0.0,0.0,0.0,1.5,8.0,22.5,42.0,62.0,81.0,2
PMID 22564989 a_Summary_SoE.pdf,control,0,0.0,1.0,2.0,3.5,5.0,7.0,1.5,1.5,2.5,4.5,5.5,7.5,0.0,1.0,3.5,4.0,5.0,6.0,0.0,0.5,0.5,0.5,0.5,0.5,1.5,4.0,8.5,12.5,16.0,21.0,2
PMID 22564989 a_Summary_SoE.pdf,intervention,0,0.0,1.0,2.0,3.5,5.0,7.0,1.5,1.5,2.5,4.5,5.5,7.5,0.0,1.0,3.5,4.0,5.0,6.0,0.0,0.5,0.5,0.5,0.5,0.5,1.5,4.0,8.5,12.5,16.0,21.0,2
PMID 22571200 a_Summary_SoE.pdf,control,0,0.0,2.0,4.0,7.0,10.0,14.0,1.0,0.0,0.0,0.0,0.0,0.0,0.0,3.0,5.0,8.0,11.0,11.0,0.0,0.0,0.0,0.0,0.0,0.0,1.0,5.0,9.0,15.0,21.0,25.0,2
PMID 22571200 a_Summary_SoE.pdf,intervention,0,0.0,2.0,4.0,7.0,10.0,14.0,1.0,0.0,0.0,0.0,0.0,0.0,0.0,3.0,5.0,8.0,11.0,11.0,0.0,0.0,0.0,0.0,0.0,0.0,1.0,5.0,9.0,15.0,21.0,25.0,2
PMID 22571200 a_Summary_SoE.pdf,intervention,1,0.0,2.0,4.0,7.0,10.0,14.0,1.0,0.0,0.0,0.0,0.0,0.0,0.0,3.0,5.0,8.0,11.0,11.0,0.0,0.0,0.0,0.0,0.0,0.0,1.0,5.0,9.0,15.0,21.0,25.0,2
PMID 22571201 a_Summary_SoE.pdf,control,0,10.5,15.0,15.0,16.5,18.5,20.0,1.5,0.0,0.5,0.5,0.5,1.5,1.0,2.0,3.5,8.5,11.5,12.5,0.0,0.0,0.0,0.0,0.0,0.0,13.0,17.0,19.0,25.5,30.5,34.0,2
PMID 22571201 a_Summary_SoE.pdf,intervention,0,10.5,15.0,15.0,16.5,18.5,20.0,1.5,0.0,0.5,0.5,0.5,1.5,1.0,2.0,3.5,8.5,11.5,12.5,0.0,0.0,0.0,0.0,0.0,0.0,13.0,17.0,19.0,25.5,30.5,34.0,2
PMID 22585697 a_Summary_SoE.pdf,control,0,0.0,6.0,11.5,11.5,11.5,11.5,1.5,0.0,0.5,1.0,1.0,1.0,0.0,3.5,8.5,10.5,13.5,16.5,0.0,0.0,0.0,0.0,0.0,0.0,1.5,9.5,20.5,23.0,26.0,29.0,2
PMID 22585697 a_Summary_SoE.pdf,intervention,0,0.0,6.0,11.5,11.5,11.5,11.5,1.5,0.0,0.5,1.0,1.0,1.0,0.0,3.5,8.5,10.5,13.5,16.5,0.0,0.0,0.0,0.0,0.0,0.0,1.5,9.5,20.5,23.0,26.0,29.0,2
PMID 22663011 a_Summary_SoE.pdf,control,0,0.0,2.0,5.0,9.0,13.0,18.0,1.0,0.5,0.5,0.5,0.5,0.5,0.5,0.5,0.5,0.5,0.5,1.0,0.0,0.0,0.0,0.0,0.0,0.0,1.5,3.0,6.0,10.0,14.0,19.5,2
PMID 22663011 a_Summary_SoE.pdf,intervention,0,0.0,0.0,0.0,0.0,0.0,0.0,1.0,1.5,3.5,4.5,5.5,6.5,0.5,1.5,2.5,5.5,8.5,13.0,0.0,0.0,0.0,0.0,0.0,0.0,1.5,3.0,6.0,10.0,14.0,19.5,2
PMID 22663011 a_Summary_SoE.pdf,intervention,1,0.0,0.0,0.0,0.0,0.0,0.0,1.0,2.0,4.0,5.0,6.0,7.0,0.0,1.0,2.0,5.0,8.0,13.0,0.0,0.0,0.0,0.0,0.0,0.0,1.0,3.0,6.0,10.0,14.0,20.0,1
PMID 22689805 a_Summary_SoE.pdf,control,0,0.0,10.0,36.0,70.0,100.0,131.0,1.0,0.0,0.0,0.0,0.0,0.0,0.0,1.0,3.5,7.5,12.0,16.0,0.0,0.0,0.0,0.0,0.0,0.0,1.0,11.0,39.5,77.5,112.0,147.0,2
PMID 22689805 a_Summary_SoE.pdf,intervention,0,0.0,5.0,20.0,35.0,50.0,66.0,1.0,0.0,0.0,0.0,0.0,0.0,0.0,1.0,3.5,7.5,12.0,16.0,0.0,0.0,0.0,0.0,0.0,0.0,1.0,6.0,23.5,42.5,62.0,82.0,2
PMID 22735384 a_Summary_SoE.pdf,control,0,0.0,2.0,5.0,9.0,13.0,18.0,1.0,0.0,0.0,0.0,0.0,1.0,0.0,1.0,1.0,1.0,1.0,1.0,0.0,0.0,0.0,0.0,0.0,0.0,1.0,3.0,6.0,10.0,14.0,20.0,2
PMID 22735384 a_Summary_SoE.pdf,intervention,0,0.0,1.0,2.5,4.5,6.5,9.0,1.0,0.5,1.5,3.0,4.0,6.0,0.0,1.5,2.0,2.5,3.5,5.0,0.0,0.0,0.0,0.0,0.0,0.0,1.0,3.0,6.0,10.0,14.0,20.0,2
PMID 22808955 a_Summary_SoE.pdf,control,0,0.0,0.0,0.0,0.0,0.0,0.0,1.0,0.0,0.0,0.0,0.0,0.0,0.0,0.0,2.0,3.0,4.0,5.0,0.0,1.0,1.0,1.0,1.0,1.0,1.0,1.0,3.0,4.0,5.0,6.0,2
PMID 22808955 a_Summary_SoE.pdf,intervention,0,0.0,1.0,1.0,1.0,1.0,1.0,1.0,0.0,0.0,0.0,0.0,0.0,0.0,0.0,2.0,3.0,4.0,5.0,0.0,0.5,0.5,0.5,0.5,0.5,1.0,1.5,3.5,4.5,5.5,6.5,2
PMID 22851564 a_Summary_SoE.pdf,control,0,0.0,4.0,9.0,12.0,12.0,12.0,1.0,0.0,0.0,2.0,4.0,5.0,1.0,1.0,4.0,7.0,9.0,13.5,0.0,0.0,0.0,0.0,0.0,0.0,2.0,5.0,13.0,21.0,25.0,30.5,2
PMID 22851564 a_Summary_SoE.pdf,intervention,0,0.0,4.0,9.0,12.0,12.0,12.0,1.0,0.0,0.0,2.0,4.0,5.0,1.0,1.0,4.0,7.0,9.0,13.5,0.0,0.0,0.0,0.0,0.0,0.0,2.0,5.0,13.0,21.0,25.0,30.5,2
PMID 22853014 a_Summary_SoE.pdf,control,0,0.0,0.0,0.0,0.0,0.0,0.0,1.0,0.0,1.0,2.0,3.0,4.0,0.5,2.0,3.5,6.0,8.5,12.0,0.0,0.0,0.0,0.0,0.0,0.0,1.5,2.0,4.5,8.0,11.5,16.0,2
PMID 22853014 a_Summary_SoE.pdf,intervention,0,0.0,3.0,5.0,8.0,11.0,15.0,1.0,0.0,0.0,0.0,0.0,0.0,0.5,0.0,0.0,0.0,0.0,0.0,0.0,0.0,0.0,0.0,0.0,0.0,1.5,3.0,5.0,8.0,11.0,15.0,2
PMID 22894553 a_Summary_SoE.pdf,control,0,0.0,2.0,3.0,5.0,6.0,7.0,1.0,1.0,2.0,2.0,2.0,2.0,0.0,0.0,0.0,1.0,1.0,1.0,0.0,0.0,0.0,0.0,0.0,0.0,1.0,3.0,5.0,8.0,9.0,10.0,2
PMID 22894553 a_Summary_SoE.pdf,intervention,0,0.0,2.0,3.0,5.0,6.0,7.0,1.0,1.0,2.0,2.0,2.0,2.0,0.0,0.0,0.0,1.0,1.0,1.0,0.0,0.0,0.0,0.0,0.0,0.0,1.0,3.0,5.0,8.0,9.0,10.0,2
PMID 22915657 a_Summary_SoE.pdf,control,0,0.0,1.0,1.0,1.0,1.0,1.0,0.0,0.0,0.0,0.0,0.0,0.0,0.0,0.0,0.0,0.0,0.0,0.0,1.0,0.5,0.5,0.5,0.5,0.5,1.0,1.5,1.5,1.5,1.5,1.5,2
PMID 22915657 a_Summary_SoE.pdf,control,1,0.0,1.0,1.0,1.0,1.0,1.0,0.0,0.0,0.0,0.0,0.0,0.0,0.0,0.0,0.0,0.0,0.0,0.0,1.0,0.0,0.0,0.0,0.0,0.0,1.0,1.0,1.0,1.0,1.0,1.0,1
PMID 22915657 a_Summary_SoE.pdf,intervention,0,0.0,1.0,1.0,1.0,1.0,1.0,0.0,0.0,0.0,0.0,0.0,0.0,0.0,0.0,0.0,0.0,0.0,0.0,1.0,0.5,0.5,0.5,0.5,0.5,1.0,1.5,1.5,1.5,1.5,1.5,2
PMID 22915657 a_Summary_SoE.pdf,intervention,1,0.0,1.0,1.0,1.0,1.0,1.0,0.0,0.0,0.0,0.0,0.0,0.0,0.0,0.0,0.0,0.0,0.0,0.0,1.0,0.5,0.5,0.5,0.5,0.5,1.0,1.5,1.5,1.5,1.5,1.5,2
PMID 22915657 a_Summary_SoE.pdf,intervention,2,0.0,1.0,1.0,1.0,1.0,1.0,0.0,0.0,0.0,0.0,0.0,0.0,0.0,0.0,0.0,0.0,0.0,0.0,1.0,1.0,1.0,1.0,1.0,1.0,1.0,2.0,2.0,2.0,2.0,2.0,1
PMID 22949154 a_Summary_SoE.pdf,control,0,0.0,0.5,0.5,0.5,0.5,0.5,1.0,1.5,3.5,4.0,4.5,5.0,0.5,0.0,0.0,2.5,3.0,3.5,0.0,0.0,0.0,0.0,0.0,0.0,1.5,2.0,4.0,7.0,8.0,9.0,2
PMID 22949154 a_Summary_SoE.pdf,intervention,0,0.0,0.5,0.5,0.5,0.5,0.5,1.0,1.5,3.5,4.5,5.5,6.5,0.5,0.0,0.0,2.0,2.0,2.0,0.0,0.0,0.0,0.0,0.0,0.0,1.5,2.0,4.0,7.0,8.0,9.0,2
PMID 22965961 a_Summary_SoE.pdf,control,0,0.0,3.0,7.0,13.0,20.0,27.0,1.0,0.0,0.0,0.0,0.0,0.0,0.0,1.0,1.0,1.0,1.0,1.0,0.0,0.0,0.0,0.0,0.0,0.0,1.0,4.0,8.0,14.0,21.0,28.0,2
PMID 22965961 a_Summary_SoE.pdf,intervention,0,0.0,3.0,7.0,13.0,20.0,27.0,1.0,0.0,0.0,0.0,0.0,0.0,0.0,1.0,1.0,1.0,1.0,1.0,0.0,0.0,0.0,0.0,0.0,0.0,1.0,4.0,8.0,14.0,21.0,28.0,2
PMID 22965962 a_Summary_SoE.pdf,control,0,0.0,2.0,5.0,9.0,13.0,18.0,1.5,0.0,0.0,0.0,0.0,0.0,0.5,0.0,0.0,0.0,0.0,0.0,0.0,2.0,4.0,9.0,13.0,18.0,2.0,4.0,9.0,18.0,26.0,36.0,2
PMID 22965962 a_Summary_SoE.pdf,intervention,0,0.0,2.0,5.0,9.0,13.0,18.0,1.5,0.0,0.0,0.0,0.0,0.0,0.5,0.0,0.0,0.0,0.0,0.0,0.0,2.0,4.0,9.0,13.0,18.0,2.0,4.0,9.0,18.0,26.0,36.0,2
PMID 22965965 a_Summary_SoE.pdf,control,0,0.0,2.0,5.0,9.0,13.0,18.0,1.0,0.0,0.0,0.0,0.0,0.0,0.0,2.0,2.0,2.0,2.0,2.0,0.0,0.0,0.0,0.0,0.0,0.0,1.0,4.0,7.0,11.0,15.0,20.0,2
PMID 22965965 a_Summary_SoE.pdf,control,1,0.0,3.0,7.0,13.0,20.0,27.0,1.0,0.0,0.0,0.0,0.0,0.0,0.0,1.0,1.0,1.0,1.0,1.0,0.0,0.0,0.0,0.0,0.0,0.0,1.0,4.0,8.0,14.0,21.0,28.0,2
PMID 22965965 a_Summary_SoE.pdf,intervention,0,0.0,2.0,5.0,9.0,13.0,18.0,1.0,0.0,0.0,0.0,0.0,0.0,0.0,2.0,2.0,2.0,2.0,2.0,0.0,0.0,0.0,0.0,0.0,0.0,1.0,4.0,7.0,11.0,15.0,20.0,2
PMID 22965965 a_Summary_SoE.pdf,intervention,1,0.0,3.0,7.0,13.0,20.0,27.0,1.0,0.0,0.0,0.0,0.0,0.0,0.0,1.0,1.0,1.0,1.0,1.0,0.0,0.0,0.0,0.0,0.0,0.0,1.0,4.0,8.0,14.0,21.0,28.0,2
PMID 22987089 a_Summary_SoE.pdf,control,0,0.0,0.0,0.0,0.0,0.0,0.0,0.0,0.0,0.0,0.0,0.0,0.0,1.5,1.0,2.0,2.0,2.0,2.0,0.0,0.5,0.5,0.5,0.5,0.5,1.5,1.5,2.5,2.5,2.5,2.5,2
PMID 22987089 a_Summary_SoE.pdf,intervention,0,0.0,0.0,0.0,0.0,0.0,0.0,0.0,0.0,0.0,0.0,0.0,0.0,1.5,1.0,2.0,2.0,2.0,2.0,0.0,0.5,0.5,0.5,0.5,0.5,1.5,1.5,2.5,2.5,2.5,2.5,2
PMID 23075175 a_Summary_SoE.pdf,control,0,0.5,2.5,3.0,4.0,6.0,7.5,0.5,0.0,0.0,0.0,0.0,0.5,0.0,9.0,17.5,21.5,21.5,21.5,0.0,0.0,0.0,0.0,0.0,0.0,1.0,11.5,20.5,25.5,27.5,29.5,2
PMID 23075175 a_Summary_SoE.pdf,intervention,0,0.5,2.5,3.0,4.0,6.0,7.5,0.5,0.0,0.0,0.0,0.0,0.5,0.0,9.0,17.5,21.5,21.5,21.5,0.0,0.0,0.0,0.0,0.0,0.0,1.0,11.5,20.5,25.5,27.5,29.5,2
PMID 23177515 a_Summary_SoE.pdf,control,0,0.0,0.0,0.0,0.0,0.0,0.0,0.0,0.0,0.0,0.0,0.0,0.0,1.0,0.0,0.0,0.0,0.0,0.0,0.0,0.0,0.0,0.0,0.0,0.0,1.0,0.0,0.0,0.0,0.0,0.0,2
PMID 23177515 a_Summary_SoE.pdf,intervention,0,0.0,0.0,0.0,0.0,0.0,0.0,0.0,0.0,0.0,0.0,0.0,0.0,1.0,0.0,0.0,0.0,0.0,0.0,0.0,0.0,0.0,0.0,0.0,0.0,1.0,0.0,0.0,0.0,0.0,0.0,2
PMID 23228172 a_Summary_SoE.pdf,control,0,0.0,1.0,2.0,3.5,5.0,7.0,1.5,0.0,0.5,1.5,2.0,2.5,0.0,2.0,4.5,5.0,6.0,7.5,0.0,0.0,0.0,0.0,0.0,0.0,1.5,3.0,7.0,10.0,13.0,17.0,2
PMID 23228172 a_Summary_SoE.pdf,intervention,0,0.0,1.0,2.0,3.5,5.0,7.0,1.5,0.0,0.5,1.5,2.0,2.5,0.0,2.0,4.5,5.0,6.0,7.5,0.0,0.0,0.0,0.0,0.0,0.0,1.5,3.0,7.0,10.0,13.0,17.0,2
PMID 23234763 a_Summary_SoE.pdf,control,0,0.0,0.5,0.5,0.5,0.5,0.5,1.0,0.0,0.5,1.0,1.5,2.5,0.0,0.0,0.0,0.0,0.0,0.0,0.0,0.0,0.0,0.0,0.0,0.0,1.0,0.5,1.0,1.5,2.0,3.0,2
PMID 23234763 a_Summary_SoE.pdf,intervention,0,0.0,0.5,0.5,0.5,0.5,0.5,1.0,0.0,0.5,1.0,1.5,2.5,0.0,0.0,0.0,0.0,0.0,0.0,0.0,0.0,0.0,0.0,0.0,0.0,1.0,0.5,1.0,1.5,2.0,3.0,2
PMID 23248256 a_Summary_SoE.pdf,control,0,0.0,2.0,5.0,9.0,10.0,10.0,1.0,0.0,0.0,0.0,1.5,4.0,1.0,0.0,0.0,0.0,1.0,2.0,0.0,1.0,1.0,1.0,1.5,3.0,2.0,3.0,6.0,10.0,14.0,19.0,2
PMID 23248256 a_Summary_SoE.pdf,intervention,0,0.0,2.0,5.0,9.0,10.0,10.0,1.0,0.0,0.0,0.0,1.5,4.0,1.0,0.0,0.0,0.0,1.0,2.0,0.0,1.0,1.0,1.0,1.5,3.0,2.0,3.0,6.0,10.0,14.0,19.0,2
PMID 23295789 a_Summary_SoE.pdf,control,0,0.0,0.0,0.0,0.0,0.0,0.0,1.5,0.0,1.0,2.0,2.5,3.0,0.5,5.0,8.5,14.0,14.0,14.5,0.0,0.0,0.0,0.0,0.0,0.0,2.0,5.0,9.5,16.0,16.5,17.5,2
PMID 23295789 a_Summary_SoE.pdf,intervention,0,0.0,5.0,6.5,9.0,9.0,9.0,1.5,0.0,1.0,2.0,2.5,3.0,0.5,1.0,3.0,6.0,6.0,6.5,0.0,0.0,0.0,0.0,0.0,0.0,2.0,6.0,10.5,17.0,17.5,18.5,2
PMID 23295789 a_Summary_SoE.pdf,intervention,1,0.0,5.0,6.5,9.0,9.0,9.0,1.5,0.0,1.0,2.0,2.5,3.0,0.5,1.0,3.0,6.0,6.0,6.5,0.0,0.0,0.0,0.0,0.0,0.0,2.0,6.0,10.5,17.0,17.5,18.5,2
PMID 23295793 a_Summary_SoE.pdf,control,0,0.0,0.0,0.0,0.0,0.0,0.0,0.0,0.0,0.0,0.0,0.0,1.0,1.0,1.0,2.0,3.0,3.0,3.0,0.0,0.0,0.0,0.0,0.0,0.0,1.0,1.0,2.0,3.0,3.0,4.0,2
PMID 23295793 a_Summary_SoE.pdf,intervention,0,0.0,0.0,0.0,0.0,0.0,0.0,0.0,0.0,0.0,0.0,0.0,1.0,1.0,1.0,2.0,3.0,3.0,3.0,0.0,0.0,0.0,0.0,0.0,0.0,1.0,1.0,2.0,3.0,3.0,4.0,2
PMID 23358971 a_Summary_SoE.pdf,control,0,0.0,0.5,0.5,0.5,0.5,0.5,1.0,0.0,0.0,0.0,0.0,1.0,0.0,0.0,0.0,1.0,1.0,1.0,0.0,0.0,1.0,1.0,2.0,2.0,1.0,0.5,1.5,2.5,3.5,4.5,2
PMID 23358971 a_Summary_SoE.pdf,control,1,0.0,0.5,0.5,0.5,0.5,0.5,1.0,0.0,0.0,0.0,0.0,1.0,0.0,0.0,0.0,1.0,1.0,1.0,0.0,0.0,1.0,1.0,2.0,2.0,1.0,0.5,1.5,2.5,3.5,4.5,2
PMID 23358971 a_Summary_SoE.pdf,intervention,0,0.0,0.5,0.5,0.5,0.5,0.5,1.0,0.0,0.0,0.0,0.0,1.0,0.0,0.0,0.0,1.0,1.0,1.0,0.0,0.0,1.0,1.0,2.0,2.0,1.0,0.5,1.5,2.5,3.5,4.5,2
PMID 23358971 a_Summary_SoE.pdf,intervention,1,0.0,0.5,0.5,0.5,0.5,0.5,1.0,0.0,0.0,0.0,0.0,1.0,0.0,0.0,0.0,1.0,1.0,1.0,0.0,0.0,1.0,1.0,2.0,2.0,1.0,0.5,1.5,2.5,3.5,4.5,2
PMID 23358972_Summary_SoE.pdf,control,0,0.0,3.0,7.0,13.0,20.0,27.0,1.0,0.0,0.0,0.0,0.0,0.0,1.0,2.0,2.0,2.0,2.0,2.0,0.0,0.0,0.0,0.0,0.0,0.0,2.0,5.0,9.0,15.0,22.0,29.0,2
PMID 23358972_Summary_SoE.pdf,intervention,0,0.0,3.0,7.0,13.0,20.0,27.0,1.0,0.0,0.0,0.0,0.0,0.0,1.0,2.0,2.0,2.0,2.0,2.0,0.0,0.0,0.0,0.0,0.0,0.0,2.0,5.0,9.0,15.0,22.0,29.0,2
PMID 23460714 a_Summary_SoE.pdf,control,0,0.0,4.0,10.0,19.5,30.0,40.0,1.0,0.0,0.0,0.0,0.0,0.0,1.0,0.0,0.0,0.0,0.0,0.0,0.0,0.0,0.0,0.0,0.0,0.0,2.0,4.0,10.0,19.5,30.0,40.0,2
PMID 23460714 a_Summary_SoE.pdf,intervention,0,0.0,4.0,10.0,19.5,30.0,40.0,1.0,0.0,0.0,0.0,0.0,0.0,1.0,0.0,0.0,0.0,0.0,0.0,0.0,0.0,0.0,0.0,0.0,0.0,2.0,4.0,10.0,19.5,30.0,40.0,2
PMID 23478059 a_Summary_SoE.pdf,control,0,0.0,3.0,5.0,8.0,12.0,15.0,1.0,0.0,0.0,0.0,0.0,0.0,0.0,0.0,0.0,0.0,0.0,0.0,0.0,0.0,0.0,0.0,0.0,0.0,1.0,3.0,5.0,8.0,12.0,15.0,2
PMID 23478059 a_Summary_SoE.pdf,intervention,0,0.0,3.0,5.0,8.0,12.0,15.0,1.0,0.0,0.0,0.0,0.0,0.0,0.0,0.0,0.0,0.0,0.0,0.0,0.0,0.0,0.0,0.0,0.0,0.0,1.0,3.0,5.0,8.0,12.0,15.0,2
PMID 23509322 a_Summary_SoE.pdf,control,0,0.0,4.0,10.0,18.5,19.0,20.0,1.0,0.0,0.0,0.5,1.0,2.0,0.0,0.0,0.0,0.0,0.0,0.0,0.0,0.0,0.0,0.0,0.0,0.0,1.0,4.0,10.0,19.0,20.0,22.0,2
PMID 23509322 a_Summary_SoE.pdf,intervention,0,0.0,2.0,5.0,9.5,10.0,11.0,0.5,0.0,0.5,1.5,2.0,3.0,0.0,0.5,0.5,0.5,0.5,0.5,0.0,0.0,0.0,0.0,0.0,0.0,0.5,2.5,6.0,11.5,12.5,14.5,2
PMID 23509322 a_Summary_SoE.pdf,intervention,1,0.0,4.0,10.0,18.0,18.0,18.0,1.0,0.0,0.0,1.0,2.0,4.0,0.0,0.0,0.0,0.0,0.0,0.0,0.0,0.0,0.0,0.0,0.0,0.0,1.0,4.0,10.0,19.0,20.0,22.0,1
PMID 23569308 a_Summary_SoE.pdf,control,0,0.0,2.0,5.0,9.0,10.0,10.0,1.0,0.0,0.0,0.0,0.0,1.0,0.0,3.0,4.0,4.0,6.0,9.5,0.0,0.0,0.0,0.0,0.0,0.0,1.0,5.0,9.0,13.0,16.0,20.5,2
PMID 23569308 a_Summary_SoE.pdf,intervention,0,0.0,2.0,5.0,9.0,10.0,10.0,1.0,0.0,0.0,0.0,0.0,1.0,0.0,3.0,4.0,4.0,6.0,9.5,0.0,0.0,0.0,0.0,0.0,0.0,1.0,5.0,9.0,13.0,16.0,20.5,2
PMID 23690416 a_Summary_SoE.pdf,control,0,0.5,4.0,9.0,12.0,12.0,12.0,1.0,0.0,1.0,2.5,4.5,6.5,0.5,0.0,0.0,0.5,0.5,0.5,0.0,0.0,0.0,0.0,0.0,0.0,2.0,4.0,10.0,15.0,17.0,19.0,2
PMID 23690416 a_Summary_SoE.pdf,intervention,0,0.5,5.0,11.5,18.0,18.0,18.0,1.0,0.0,1.0,2.0,4.0,6.0,0.5,0.0,0.0,0.5,0.5,0.5,0.0,0.0,0.0,0.0,0.0,0.0,2.0,5.0,12.5,20.5,22.5,24.5,2
PMID 23724913 a_Summary_SoE.pdf,control,0,0.0,2.0,5.0,9.0,13.0,18.0,1.0,0.0,0.0,0.0,0.0,0.0,0.0,1.0,1.0,1.0,1.0,1.0,0.0,0.0,0.0,0.0,0.0,0.5,1.0,3.0,6.0,10.0,14.0,19.5,2
PMID 23724913 a_Summary_SoE.pdf,intervention,0,0.0,1.5,3.0,5.0,7.0,9.5,1.0,0.0,1.0,2.0,3.0,4.0,0.0,1.5,2.0,3.0,4.0,5.5,0.0,0.0,0.0,0.0,0.0,0.5,1.0,3.0,6.0,10.0,14.0,19.5,2
PMID 23733756 a_Summary_SoE.pdf,control,0,0.0,5.0,12.5,12.5,12.5,12.5,0.0,0.0,0.0,0.0,0.0,0.0,1.0,0.0,0.0,1.0,1.0,1.0,0.5,0.0,0.0,0.0,1.0,2.0,1.5,5.0,12.5,13.5,14.5,15.5,2
PMID 23733756 a_Summary_SoE.pdf,intervention,0,0.0,5.0,12.5,12.5,12.5,12.5,0.0,0.0,0.0,0.0,0.0,0.0,1.0,0.0,0.0,1.0,1.0,1.0,0.5,0.0,0.0,0.0,1.0,2.0,1.5,5.0,12.5,13.5,14.5,15.5,2
PMID 23733779 a_Summary_SoE.pdf,control,0,0.0,2.0,5.0,6.0,6.0,6.0,1.5,0.0,0.0,0.0,0.0,0.5,0.0,0.0,0.0,1.0,1.0,1.5,0.0,0.0,0.0,0.5,1.5,1.5,1.5,2.0,5.0,7.5,8.5,9.5,2
PMID 23733779 a_Summary_SoE.pdf,intervention,0,0.0,2.0,5.0,12.0,12.0,12.0,1.5,0.0,0.0,0.0,0.0,0.5,0.0,0.0,0.0,1.0,1.0,1.5,0.0,0.0,0.0,0.5,1.5,1.5,1.5,2.0,5.0,13.5,14.5,15.5,2
PMID 23816960 a_Summary_SoE.pdf,control,0,0.0,2.0,5.0,6.0,6.0,6.0,2.0,0.5,1.5,3.5,5.5,7.5,0.0,1.5,1.5,3.0,6.0,10.0,0.0,0.0,0.0,0.5,0.5,0.5,2.0,4.0,8.0,13.0,18.0,24.0,2
PMID 23816960 a_Summary_SoE.pdf,intervention,0,0.0,0.5,0.5,0.5,0.5,0.5,2.0,1.0,4.0,6.5,9.5,12.0,0.0,2.5,3.5,6.0,8.0,11.5,0.0,0.0,0.0,0.0,0.0,0.0,2.0,4.0,8.0,13.0,18.0,24.0,2
PMID 23835708 a_Summary_SoE.pdf,control,0,0.0,2.0,5.0,9.0,13.0,18.0,1.0,0.0,0.0,0.0,0.0,0.0,0.0,0.0,0.0,0.0,0.0,0.0,0.0,0.0,0.0,0.0,0.0,0.0,1.0,2.0,5.0,9.0,13.0,18.0,2
PMID 23835708 a_Summary_SoE.pdf,intervention,0,0.0,2.0,5.0,9.0,13.0,18.0,1.0,0.0,0.0,0.0,0.0,0.0,0.0,0.0,0.0,0.0,0.0,0.0,0.0,0.0,0.0,0.0,0.0,0.0,1.0,2.0,5.0,9.0,13.0,18.0,2
PMID 23857972 a_Summary_SoE.pdf,control,0,0.0,1.5,3.5,6.0,8.5,11.5,1.0,1.5,2.5,4.0,5.5,7.5,0.0,1.0,1.0,1.0,1.0,1.0,0.0,0.0,0.0,0.0,0.0,0.0,1.0,4.0,7.0,11.0,15.0,20.0,2
PMID 23857972 a_Summary_SoE.pdf,intervention,0,0.0,1.5,3.5,6.0,8.5,11.5,1.0,1.5,2.5,4.0,5.5,7.5,0.0,1.0,1.0,1.0,1.0,1.0,0.0,0.0,0.0,0.0,0.0,0.0,1.0,4.0,7.0,11.0,15.0,20.0,2
PMID 23863050 a_Summary_SoE.pdf,control,0,0.0,2.0,4.0,6.0,6.0,6.0,1.5,0.5,0.5,1.5,1.5,1.5,0.0,0.0,0.0,0.0,1.0,3.0,0.5,1.0,1.0,1.0,1.0,1.0,2.0,3.5,5.5,8.5,9.5,11.5,2
PMID 23863050 a_Summary_SoE.pdf,intervention,0,0.0,2.0,4.0,6.0,6.0,6.0,1.5,0.5,0.5,1.5,1.5,1.5,0.0,0.0,0.0,0.0,1.0,3.0,0.5,1.0,1.0,1.0,1.0,1.0,2.0,3.5,5.5,8.5,9.5,11.5,2
PMID 23940216 a_Summary_SoE.pdf,control,0,0.0,0.5,1.5,2.5,3.5,4.5,1.0,0.5,1.5,2.5,3.5,4.5,0.0,4.0,6.0,8.0,10.0,13.0,0.0,0.0,0.0,0.0,0.0,0.0,1.0,5.0,9.0,13.0,17.0,22.0,2
PMID 23940216 a_Summary_SoE.pdf,intervention,0,0.0,0.0,0.0,0.0,0.0,0.0,1.0,1.0,3.0,5.0,7.0,9.0,0.0,0.5,1.0,2.0,3.0,4.5,0.0,3.5,4.5,4.5,4.5,4.5,1.0,5.0,8.5,11.5,14.5,18.0,2
PMID 23940216 a_Summary_SoE.pdf,intervention,1,0.0,0.5,1.5,2.5,3.5,4.5,1.0,0.5,1.5,2.5,3.5,4.5,0.0,4.0,6.0,8.0,10.0,13.0,0.0,0.0,0.0,0.0,0.0,0.0,1.0,5.0,9.0,13.0,17.0,22.0,2
PMID 23940225 a_Summary_SoE.pdf,control,0,0.0,3.0,7.5,9.0,9.0,9.0,1.0,0.5,0.5,0.5,0.5,0.5,1.5,0.5,0.5,1.5,1.5,1.5,0.5,0.5,0.5,0.5,0.5,0.5,3.0,4.5,9.0,11.5,11.5,12.5,2
PMID 23940225 a_Summary_SoE.pdf,intervention,0,0.0,4.5,10.5,12.0,12.0,12.0,1.0,0.5,0.5,0.5,0.5,1.5,1.5,0.5,0.5,1.5,1.5,1.5,0.5,0.5,0.5,0.5,0.5,0.5,3.0,6.0,12.0,14.5,14.5,15.5,2
PMID 23940225 a_Summary_SoE.pdf,intervention,1,0.0,4.5,10.5,12.0,12.0,12.0,1.0,0.5,0.5,0.5,0.5,1.5,1.5,0.5,0.5,1.5,1.5,1.5,0.5,0.5,0.5,0.5,0.5,0.5,3.0,6.0,12.0,14.5,14.5,15.5,2
PMID 23960180 a_Summary_SoE.pdf,control,0,0.0,5.5,14.5,20.5,20.5,20.5,1.0,0.0,0.0,0.5,1.5,1.5,1.0,1.0,3.0,4.0,4.0,5.0,0.0,0.0,0.0,0.0,0.0,0.0,2.0,6.5,17.5,25.0,26.0,27.0,2
PMID 23960180 a_Summary_SoE.pdf,intervention,0,0.0,5.5,14.5,20.5,21.5,22.5,1.0,0.0,0.0,0.5,1.5,1.5,1.0,1.0,3.0,4.0,4.0,5.0,0.0,0.0,0.0,0.0,0.0,0.0,2.0,6.5,17.5,25.0,27.0,29.0,2
PMID 23980091 a_Summary_SoE.pdf,control,0,0.0,0.0,0.0,0.0,0.0,0.0,1.0,1.0,2.0,3.0,4.0,5.0,0.0,0.0,0.0,0.0,0.0,0.0,0.0,0.0,0.0,0.0,0.0,0.0,1.0,1.0,2.0,3.0,4.0,5.0,2
PMID 23980091 a_Summary_SoE.pdf,intervention,0,0.0,0.0,0.0,0.0,0.0,0.0,1.0,1.0,2.0,3.0,4.0,5.0,0.0,0.0,0.0,0.0,0.0,0.0,0.0,0.0,0.0,0.0,0.0,0.0,1.0,1.0,2.0,3.0,4.0,5.0,2
PMID 24043745 a_Summary_SoE.pdf,control,0,0.0,0.5,0.5,0.5,0.5,0.5,1.0,0.0,2.0,4.0,6.0,8.0,1.0,2.0,3.0,5.0,7.0,9.5,0.0,0.0,0.0,0.0,0.0,0.0,2.0,2.5,5.5,9.5,13.5,18.0,2
PMID 24043745 a_Summary_SoE.pdf,intervention,0,0.0,0.5,0.5,0.5,0.5,0.5,1.0,0.0,2.0,4.0,6.0,8.0,1.0,2.0,3.0,5.0,7.0,9.5,0.0,0.0,0.0,0.0,0.0,0.0,2.0,2.5,5.5,9.5,13.5,18.0,2
PMID 24081940 a_Summary_SoE.pdf,control,0,0.0,0.0,0.0,0.0,0.0,0.0,0.0,0.0,0.0,0.0,0.0,0.0,0.0,1.0,1.0,1.0,1.0,1.0,1.0,0.0,0.0,0.0,0.0,0.0,1.0,1.0,1.0,1.0,1.0,1.0,2
PMID 24081940 a_Summary_SoE.pdf,intervention,0,0.0,0.0,0.0,0.0,0.0,0.0,0.0,0.0,0.0,0.0,0.0,0.0,0.0,1.0,1.0,1.0,1.0,1.0,1.0,0.0,0.0,0.0,0.0,0.0,1.0,1.0,1.0,1.0,1.0,1.0,2
PMID 24081940 a_Summary_SoE.pdf,intervention,1,0.0,0.0,0.0,0.0,0.0,0.0,0.0,0.0,0.0,0.0,0.0,0.0,0.0,1.0,1.0,1.0,1.0,1.0,1.0,0.0,0.0,0.0,0.0,0.0,1.0,1.0,1.0,1.0,1.0,1.0,2
PMID 24081940 a_Summary_SoE.pdf,intervention,2,0.0,0.0,0.0,0.0,0.0,0.0,0.0,0.0,0.0,0.0,0.0,0.0,0.0,1.0,1.0,1.0,1.0,1.0,1.0,0.0,0.0,0.0,0.0,0.0,1.0,1.0,1.0,1.0,1.0,1.0,2
PMID 24101040 a_Summary_SoE.pdf,control,0,0.0,20.0,30.0,30.0,30.0,30.0,1.0,0.5,1.0,2.0,3.0,4.0,0.5,0.0,0.5,7.5,13.5,16.5,0.5,0.5,2.0,5.0,7.0,8.5,2.0,21.0,33.5,44.5,53.5,59.0,2
PMID 24101040 a_Summary_SoE.pdf,intervention,0,0.0,20.0,30.0,30.0,30.0,30.0,1.0,0.5,1.0,2.0,3.0,4.0,0.5,0.0,1.0,10.5,19.0,24.0,0.5,0.5,1.5,4.0,6.0,7.5,2.0,21.0,33.5,46.5,58.0,65.5,2
PMID 24101054 a_Summary_SoE.pdf,control,0,0.0,3.5,9.0,13.0,17.0,22.0,1.0,0.0,1.0,1.0,1.0,1.0,0.0,0.0,0.0,0.0,0.0,0.0,0.0,0.0,0.0,0.0,0.0,0.0,1.0,3.5,10.0,14.0,18.0,23.0,2
PMID 24101054 a_Summary_SoE.pdf,intervention,0,0.0,3.5,9.0,13.0,17.0,22.0,1.0,0.0,1.0,1.0,1.0,1.0,0.0,0.0,0.0,0.0,0.0,0.0,0.0,0.0,0.0,0.0,0.0,0.0,1.0,3.5,10.0,14.0,18.0,23.0,2
PMID 24131140 a_Summary_SoE.pdf,control,0,0.0,5.0,11.0,21.0,31.0,42.5,1.0,0.5,0.5,0.5,0.5,1.0,0.5,0.0,0.5,0.5,0.5,0.5,0.0,0.0,0.0,0.0,0.0,0.0,1.5,5.5,12.0,22.0,32.0,44.0,2
PMID 24131140 a_Summary_SoE.pdf,intervention,0,0.0,4.0,10.0,20.0,30.0,41.5,1.0,0.5,0.5,0.5,0.5,1.0,0.5,0.5,1.0,1.0,1.0,1.0,0.0,0.0,0.0,0.0,0.0,0.0,1.5,5.0,11.5,21.5,31.5,43.5,2
PMID 24145346 a_Summary_SoE.pdf,control,0,0.0,2.0,5.0,9.0,13.0,18.0,1.0,0.0,0.0,0.0,0.0,0.0,0.0,3.0,8.0,8.0,8.0,8.0,0.0,0.0,0.0,0.0,0.0,0.0,1.0,5.0,13.0,17.0,21.0,26.0,2
PMID 24145346 a_Summary_SoE.pdf,intervention,0,0.0,2.0,5.0,9.0,13.0,18.0,1.0,0.0,0.0,0.0,0.0,0.0,0.0,3.0,8.0,8.0,8.0,8.0,0.0,0.0,0.0,0.0,0.0,0.0,1.0,5.0,13.0,17.0,21.0,26.0,2
PMID 24297945 a_Summary_SoE.pdf,control,0,0.0,3.0,7.0,13.0,20.0,27.0,1.5,0.0,0.0,0.0,0.0,0.5,0.5,2.0,6.0,13.0,19.0,26.0,0.0,0.0,0.0,0.0,0.0,0.0,2.0,5.0,13.0,26.0,39.0,53.5,2
PMID 24297945 a_Summary_SoE.pdf,intervention,0,0.0,5.0,13.0,26.0,39.0,53.0,1.5,0.0,0.0,0.0,0.0,0.5,0.5,0.0,0.0,0.0,0.0,0.0,0.0,0.0,0.0,0.0,0.0,0.0,2.0,5.0,13.0,26.0,39.0,53.5,2
PMID 24297950 a_Summary_SoE.pdf,control,0,0.0,0.0,0.0,0.0,0.0,0.0,1.0,1.0,3.0,5.0,7.0,9.0,0.0,2.0,4.0,8.0,13.0,18.0,0.0,0.0,0.0,0.0,0.0,0.0,1.0,3.0,7.0,13.0,20.0,27.0,2
PMID 24297950 a_Summary_SoE.pdf,intervention,0,0.0,5.0,13.0,26.0,39.0,53.0,1.0,0.0,0.0,0.0,0.0,0.0,0.0,0.0,0.0,0.0,0.0,0.0,0.0,0.0,0.0,0.0,0.0,0.0,1.0,5.0,13.0,26.0,39.0,53.0,2
PMID 24297951 a_Summary_SoE.pdf,control,0,0.0,3.0,7.0,12.5,12.5,12.5,0.0,0.0,0.0,0.0,0.0,0.0,1.0,0.0,0.0,0.5,1.0,1.5,0.0,0.0,0.0,0.0,1.0,1.5,1.0,3.0,7.0,13.0,14.5,15.5,2
PMID 24297951 a_Summary_SoE.pdf,intervention,0,0.0,3.0,7.0,12.5,12.5,12.5,0.0,0.0,0.0,0.0,0.0,0.0,1.0,0.0,0.0,0.5,1.0,1.5,0.0,0.0,0.0,0.0,1.0,1.5,1.0,3.0,7.0,13.0,14.5,15.5,2
PMID 24297951 a_Summary_SoE.pdf,intervention,1,0.0,3.0,7.0,12.5,12.5,12.5,0.0,0.0,0.0,0.0,0.0,0.0,1.0,0.0,0.0,0.5,1.0,1.5,0.0,0.0,0.0,0.0,1.0,1.5,1.0,3.0,7.0,13.0,14.5,15.5,2
PMID 24323035 a_Summary_SoE.pdf,control,0,0.0,2.0,4.0,7.0,10.0,14.0,1.0,0.0,0.0,0.0,0.0,0.0,0.0,1.0,1.0,1.0,1.0,1.0,0.0,0.0,0.0,0.0,0.0,0.0,1.0,3.0,5.0,8.0,11.0,15.0,2
PMID 24323035 a_Summary_SoE.pdf,intervention,0,0.0,2.0,4.0,7.0,10.0,14.0,1.0,0.0,0.0,0.0,0.0,0.0,0.0,1.0,1.0,1.0,1.0,1.0,0.0,0.0,0.0,0.0,0.0,0.0,1.0,3.0,5.0,8.0,11.0,15.0,2
PMID 24395863 a_Summary_SoE.pdf,control,0,0.0,22.0,36.5,36.5,36.5,36.5,1.0,0.0,0.0,0.0,0.0,0.0,1.0,0.0,0.0,0.0,0.0,0.0,0.0,0.0,1.0,2.0,3.0,4.0,2.0,22.0,37.5,38.5,39.5,40.5,2
PMID 24395863 a_Summary_SoE.pdf,intervention,0,0.0,22.0,36.5,36.5,36.5,36.5,1.0,0.0,0.0,0.0,0.0,0.0,1.0,0.0,0.0,0.0,0.0,0.0,0.0,0.0,1.0,2.0,3.0,4.0,2.0,22.0,37.5,38.5,39.5,40.5,2
PMID 24401022 a_Summary_SoE.pdf,control,0,0.0,1.5,3.5,6.0,6.0,6.0,1.0,0.0,0.0,0.0,1.0,1.0,0.0,1.5,3.5,6.0,7.0,8.0,0.0,0.0,0.0,0.0,0.0,0.0,1.0,3.0,7.0,12.0,14.0,15.0,2
PMID 24401022 a_Summary_SoE.pdf,intervention,0,0.0,2.5,5.5,9.0,9.0,9.0,1.0,0.0,0.0,0.0,1.0,1.0,0.0,0.5,1.5,3.0,4.0,5.0,0.0,0.0,0.0,0.0,0.0,0.0,1.0,3.0,7.0,12.0,14.0,15.0,2
PMID 24401022 a_Summary_SoE.pdf,intervention,1,0.0,4.5,7.5,11.0,11.0,11.0,1.0,0.0,0.0,0.0,1.0,1.0,0.0,0.0,1.0,2.5,3.5,4.5,0.0,0.0,0.0,0.0,0.0,0.0,1.0,4.5,8.5,13.5,15.5,16.5,2
PMID 24439929 CT_Summary_SoE.pdf,control,0,0.0,4.0,9.0,12.0,12.0,12.0,1.0,0.0,0.0,1.0,1.0,1.0,1.0,0.0,0.0,1.5,3.5,6.0,0.0,0.0,0.0,0.5,2.5,5.0,2.0,4.0,9.0,15.0,19.0,24.0,2
PMID 24439929 CT_Summary_SoE.pdf,intervention,0,0.0,1.5,3.0,5.5,8.0,12.0,1.0,1.0,2.0,3.0,4.5,6.0,1.0,1.5,2.0,2.5,2.5,2.0,0.0,0.0,0.0,0.0,0.0,0.0,2.0,4.0,7.0,11.0,15.0,20.0,2
PMID 24450857 a_Summary_SoE.pdf,control,0,0.0,3.0,6.0,9.0,9.0,9.0,1.0,0.0,0.0,0.0,1.0,2.5,0.0,0.0,1.0,1.0,2.0,3.0,0.0,0.0,0.0,0.0,0.0,0.0,1.0,3.0,7.0,10.0,12.0,14.5,2
PMID 24450857 a_Summary_SoE.pdf,intervention,0,0.0,3.0,6.0,9.0,9.0,9.0,1.0,0.0,0.0,0.0,1.0,2.5,0.0,0.0,1.0,1.0,2.0,3.0,0.0,0.0,0.0,0.0,0.0,0.0,1.0,3.0,7.0,10.0,12.0,14.5,2
PMID 24552317 a_Summary_SoE.pdf,control,0,0.0,22.0,32.0,38.0,45.0,52.0,1.0,0.5,0.5,0.5,0.5,0.5,1.0,0.5,1.0,4.5,7.5,10.5,0.0,0.0,0.0,0.0,0.0,0.0,2.0,23.0,33.5,43.0,53.0,63.0,2
PMID 24552317 a_Summary_SoE.pdf,intervention,0,0.0,22.0,32.0,38.0,45.0,52.0,1.0,0.5,0.5,0.5,0.5,0.5,1.0,0.5,1.0,4.5,7.5,10.5,0.0,0.0,0.0,0.0,0.0,0.0,2.0,23.0,33.5,43.0,53.0,63.0,2
PMID 24552318 a_Summary_SoE.pdf,control,0,0.0,21.0,32.5,38.5,44.5,49.5,1.0,0.0,1.0,2.0,2.5,2.5,1.0,0.0,1.5,4.0,5.5,5.5,0.0,0.0,0.0,0.0,0.0,0.0,2.0,21.0,35.0,44.5,52.5,57.5,2
PMID 24552318 a_Summary_SoE.pdf,intervention,0,0.0,21.0,32.5,38.5,44.5,49.5,1.0,0.0,1.0,2.0,2.5,2.5,1.0,0.0,1.5,4.0,5.5,5.5,0.0,0.0,0.0,0.0,0.0,0.0,2.0,21.0,35.0,44.5,52.5,57.5,2
PMID 24552320 a_Summary_SoE.pdf,control,0,0.0,4.0,10.0,18.0,26.0,36.0,1.0,0.0,1.0,2.0,3.0,4.0,1.0,3.0,8.0,17.0,26.0,35.0,0.0,0.0,0.0,0.0,0.0,0.0,2.0,7.0,19.0,37.0,55.0,75.0,2
PMID 24552320 a_Summary_SoE.pdf,intervention,0,0.0,4.0,10.0,18.0,26.0,36.0,1.0,0.0,1.0,2.0,3.0,4.0,1.0,3.0,8.0,17.0,26.0,35.0,0.0,0.0,0.0,0.0,0.0,0.0,2.0,7.0,19.0,37.0,55.0,75.0,2
PMID 24552320 a_Summary_SoE.pdf,intervention,1,0.0,6.0,15.0,27.0,39.0,54.0,1.0,0.0,1.0,2.0,3.0,4.0,1.0,3.0,8.0,17.0,26.0,35.0,0.0,0.0,0.0,0.0,0.0,0.0,2.0,9.0,24.0,46.0,68.0,93.0,2
PMID 24552320 a_Summary_SoE.pdf,intervention,2,0.0,6.0,15.0,27.0,39.0,54.0,1.0,0.0,1.0,2.0,3.0,4.0,1.0,3.0,8.0,17.0,26.0,35.0,0.0,0.0,0.0,0.0,0.0,0.0,2.0,9.0,24.0,46.0,68.0,93.0,2
PMID 24590644 a_Summary_SoE.pdf,control,0,0.0,2.0,4.0,7.0,10.0,14.0,1.0,0.0,0.0,0.0,0.0,0.0,1.0,0.0,0.0,0.0,0.0,0.0,0.0,0.0,0.0,0.0,0.0,0.0,2.0,2.0,4.0,7.0,10.0,14.0,2
PMID 24590644 a_Summary_SoE.pdf,intervention,0,0.0,2.0,4.0,7.0,10.0,14.0,1.0,0.0,0.0,0.0,0.0,0.0,1.0,0.0,0.0,0.0,0.0,0.0,0.0,0.0,0.0,0.0,0.0,0.0,2.0,2.0,4.0,7.0,10.0,14.0,2
PMID 24637997 a_Summary_SoE.pdf,control,0,0.0,5.0,13.0,26.0,39.0,53.0,1.0,0.0,0.0,0.0,0.0,0.0,1.0,0.0,0.0,0.0,0.0,0.0,0.0,0.0,0.0,0.0,0.0,0.0,2.0,5.0,13.0,26.0,39.0,53.0,2
PMID 24637997 a_Summary_SoE.pdf,intervention,0,0.0,5.0,13.0,26.0,39.0,53.0,1.0,0.0,0.0,0.0,0.0,0.0,1.0,0.0,0.0,0.0,0.0,0.0,0.0,0.0,0.0,0.0,0.0,0.0,2.0,5.0,13.0,26.0,39.0,53.0,2
PMID 24733799 a_Summary_SoE.pdf,intervention,0,0.0,2.0,2.0,2.0,2.0,2.0,0.0,0.0,0.0,0.0,0.0,0.0,1.0,0.0,0.0,0.0,0.0,0.0,0.0,4.0,8.5,8.5,8.5,8.5,1.0,6.0,10.5,10.5,10.5,10.5,2
PMID 24733799 a_Summary_SoE.pdf,intervention,1,0.0,2.0,2.0,2.0,2.0,2.0,0.0,0.0,0.0,0.0,0.0,0.0,1.0,0.0,0.0,0.0,0.0,0.0,0.0,4.0,8.5,8.5,8.5,8.5,1.0,6.0,10.5,10.5,10.5,10.5,2
PMID 24768112 a_Summary_SoE.pdf,control,0,0.0,0.5,0.5,0.5,0.5,0.5,1.0,0.0,1.0,3.0,4.0,6.0,0.0,0.0,0.0,0.0,0.0,0.0,0.0,0.5,0.5,0.5,0.5,0.5,1.0,1.0,2.0,4.0,5.0,7.0,2
PMID 24768112 a_Summary_SoE.pdf,intervention,0,0.0,0.5,0.5,0.5,0.5,0.5,1.0,0.0,1.0,3.0,4.0,6.0,0.0,0.0,0.0,0.0,0.0,0.0,0.0,0.5,0.5,0.5,0.5,0.5,1.0,1.0,2.0,4.0,5.0,7.0,2
PMID 24868024 a_Summary_SoE.pdf,control,0,0.0,4.0,10.0,20.0,30.0,40.0,1.0,0.0,0.0,0.0,0.0,0.0,0.0,0.0,0.0,0.0,0.0,0.0,0.0,0.0,0.0,0.0,0.0,0.0,1.0,4.0,10.0,20.0,30.0,40.0,2
PMID 24868024 a_Summary_SoE.pdf,intervention,0,0.0,4.0,10.0,20.0,30.0,40.0,1.0,0.0,0.0,0.0,0.0,0.0,0.0,0.0,0.0,0.0,0.0,0.0,0.0,0.0,0.0,0.0,0.0,0.0,1.0,4.0,10.0,20.0,30.0,40.0,2
PMID 24881463 a_Summary_SoE.pdf,control,0,0.0,0.0,0.0,0.0,0.0,0.0,1.0,0.5,0.5,1.5,1.5,2.5,0.0,0.0,0.0,0.0,0.0,0.0,0.0,0.5,1.5,1.5,2.5,2.5,1.0,1.0,2.0,3.0,4.0,5.0,2
PMID 24881463 a_Summary_SoE.pdf,control,1,0.0,2.0,4.0,7.0,10.0,14.0,1.0,0.0,0.0,0.0,0.0,0.0,0.0,0.0,0.0,0.0,0.0,0.0,0.0,0.0,0.0,0.0,0.0,0.0,1.0,2.0,4.0,7.0,10.0,14.0,1
PMID 24881463 a_Summary_SoE.pdf,intervention,0,0.0,2.0,4.0,7.0,10.0,14.0,1.0,0.0,0.0,0.0,0.0,0.0,0.0,0.0,0.0,0.0,0.0,0.0,0.0,0.0,0.0,0.0,0.0,0.0,1.0,2.0,4.0,7.0,10.0,14.0,2
PMID 24881463 a_Summary_SoE.pdf,intervention,1,0.0,2.0,4.0,7.0,10.0,14.0,1.0,0.0,0.0,0.0,0.0,0.0,0.0,0.0,0.0,0.0,0.0,0.0,0.0,0.0,0.0,0.0,0.0,0.0,1.0,2.0,4.0,7.0,10.0,14.0,2
PMID 24881631 a_Summary_SoE.pdf,control,0,0.5,5.5,9.5,13.0,13.0,13.0,1.5,0.5,0.5,0.5,1.5,2.5,0.0,0.0,0.0,0.5,0.5,0.5,0.0,0.0,0.0,0.0,0.0,0.0,2.0,6.0,10.0,14.0,15.0,16.0,2
PMID 24881631 a_Summary_SoE.pdf,intervention,0,0.5,0.5,0.5,0.5,0.5,0.5,1.5,0.5,1.5,2.5,3.5,4.5,0.0,5.0,8.0,10.0,10.0,10.0,0.0,0.0,0.0,0.0,0.0,0.0,2.0,6.0,10.0,13.0,14.0,15.0,2
PMID 24881730 a_Summary_SoE.pdf,control,0,0.0,2.0,4.0,7.0,8.0,9.0,1.0,0.0,0.0,0.0,0.0,0.0,0.0,0.0,0.0,0.0,0.0,0.0,0.0,0.0,0.0,0.0,0.0,0.0,1.0,2.0,4.0,7.0,8.0,9.0,2
PMID 24881730 a_Summary_SoE.pdf,intervention,0,0.0,2.0,4.0,7.0,8.0,9.0,1.0,0.0,0.0,0.0,0.0,0.0,0.0,0.0,0.0,0.0,0.0,0.0,0.0,0.0,0.0,0.0,0.0,0.0,1.0,2.0,4.0,7.0,8.0,9.0,2
PMID 24888818 a_Summary_SoE.pdf,control,0,0.0,1.5,3.0,5.0,7.0,9.5,1.0,0.0,0.5,1.0,1.5,2.0,0.0,0.0,0.0,0.0,0.0,0.0,0.0,0.0,0.0,0.0,0.0,0.0,1.0,1.5,3.5,6.0,8.5,11.5,2
PMID 24888818 a_Summary_SoE.pdf,control,1,0.0,1.5,2.5,5.0,7.0,9.5,1.0,0.0,1.0,2.0,3.0,4.0,0.0,1.0,1.5,1.5,1.5,1.5,0.0,0.0,0.0,0.0,0.0,0.0,1.0,2.5,5.0,8.5,11.5,15.0,2
PMID 24888818 a_Summary_SoE.pdf,control,2,0.0,2.0,3.0,5.5,7.5,10.0,1.0,0.0,1.0,2.0,3.0,4.0,0.0,1.0,1.5,1.5,1.5,1.5,0.0,0.0,0.0,0.0,0.0,0.0,1.0,3.0,5.5,9.0,12.0,15.5,2
PMID 24888818 a_Summary_SoE.pdf,intervention,0,0.0,2.0,3.0,5.5,7.5,10.0,1.0,0.0,1.0,2.0,3.0,4.0,0.0,1.0,1.5,1.5,1.5,1.5,0.0,0.0,0.0,0.0,0.0,0.0,1.0,3.0,5.5,9.0,12.0,15.5,2
PMID 24898665 CT_Summary_SoE.pdf,control,0,0.0,4.0,4.0,4.0,4.0,4.0,1.0,0.0,1.0,2.0,3.0,5.0,0.0,1.0,8.0,8.0,8.0,8.0,0.0,0.0,0.0,0.0,0.0,0.0,1.0,5.0,13.0,14.0,15.0,17.0,2
PMID 24898665 CT_Summary_SoE.pdf,intervention,0,0.0,2.0,2.0,2.0,2.0,2.0,1.0,1.5,2.5,3.5,4.5,6.5,0.0,2.5,9.5,9.5,9.5,9.5,0.5,0.5,0.5,0.5,0.5,0.5,1.5,6.5,14.5,15.5,16.5,18.5,2
PMID 24933332 a_Summary_SoE.pdf,control,0,0.0,2.0,4.5,6.5,8.5,11.0,1.0,0.0,0.0,0.5,1.0,1.5,0.5,0.0,0.0,0.0,0.0,0.0,0.0,0.0,0.5,0.5,0.5,0.5,1.5,2.0,5.0,7.5,10.0,13.0,2
PMID 24933332 a_Summary_SoE.pdf,intervention,0,0.0,2.0,5.0,7.0,9.0,11.5,1.0,0.0,0.0,0.5,1.0,1.5,0.5,0.0,0.0,0.0,0.0,0.0,0.0,0.0,0.0,0.5,0.5,0.5,1.5,2.0,5.0,8.0,10.5,13.5,2
PMID 24934787 a_Summary_SoE.pdf,control,0,0.0,3.0,4.0,4.0,4.0,4.0,1.0,0.0,0.0,0.0,0.0,0.5,1.0,0.0,0.0,0.0,0.0,0.0,0.0,0.0,1.0,2.0,2.0,2.5,2.0,3.0,5.0,6.0,6.0,7.0,2
PMID 24934787 a_Summary_SoE.pdf,intervention,0,0.0,3.0,4.0,4.0,4.0,4.0,1.0,0.0,0.0,0.0,0.0,0.5,1.0,0.0,0.0,0.0,0.0,0.0,0.0,0.0,1.0,2.0,2.0,2.5,2.0,3.0,5.0,6.0,6.0,7.0,2
PMID 24982457 a_Summary_SoE.pdf,control,0,0.0,1.0,1.0,1.0,1.0,1.0,1.0,0.0,1.0,2.0,2.0,3.0,0.0,0.0,0.0,0.0,0.0,0.0,0.5,0.0,0.0,0.0,0.0,0.0,1.5,1.0,2.0,3.0,3.0,4.0,2
PMID 24982457 a_Summary_SoE.pdf,intervention,0,0.0,1.0,1.0,1.0,1.0,1.0,1.0,1.0,2.0,3.0,3.0,4.0,0.0,0.0,0.0,0.0,0.0,0.0,0.5,0.0,0.0,0.0,0.0,0.0,1.5,2.0,3.0,4.0,4.0,5.0,2
PMID 24982504 CT_Summary_SoE.pdf,control,0,0.0,17.5,17.5,17.5,17.5,17.5,1.5,0.0,0.0,0.0,0.0,0.0,0.5,3.0,10.0,15.0,17.0,19.0,0.0,0.0,0.0,0.0,0.0,0.0,2.0,20.5,27.5,32.5,34.5,36.5,2
PMID 24982504 CT_Summary_SoE.pdf,intervention,0,0.0,15.5,15.5,15.5,15.5,15.5,1.5,0.0,0.0,0.0,0.0,0.0,0.5,5.0,12.0,17.0,19.0,21.0,0.0,0.0,0.0,0.0,0.0,0.0,2.0,20.5,27.5,32.5,34.5,36.5,2
PMID 25014687 a_Summary_SoE.pdf,control,0,0.5,2.0,4.0,7.0,10.0,14.0,2.5,0.0,0.0,0.0,0.0,0.0,0.5,2.0,2.0,4.0,4.0,4.0,0.5,0.0,0.0,0.0,0.0,0.0,4.0,4.0,6.0,11.0,14.0,18.0,2
PMID 25014687 a_Summary_SoE.pdf,intervention,0,0.5,2.0,4.0,7.0,10.0,14.0,2.5,0.0,0.0,0.0,0.0,0.0,0.5,2.0,2.0,4.0,4.0,4.0,0.5,0.0,0.0,0.0,0.0,0.0,4.0,4.0,6.0,11.0,14.0,18.0,2
PMID 25092781 a_Summary_SoE.pdf,control,0,0.0,10.0,23.0,32.0,32.0,32.0,0.5,0.5,1.0,2.0,2.0,2.0,1.0,10.0,33.5,59.0,59.0,59.0,0.5,0.0,0.0,2.0,5.0,8.0,2.0,20.5,57.5,95.0,98.0,101.0,2
PMID 25092781 a_Summary_SoE.pdf,intervention,0,0.0,10.0,23.0,32.5,32.5,32.5,0.5,0.5,1.0,2.0,2.0,2.0,1.0,10.0,33.5,59.0,59.0,59.0,0.5,0.0,0.0,2.0,5.0,8.0,2.0,20.5,57.5,95.5,98.5,101.5,2
PMID 25154829 a_Summary_SoE.pdf,control,0,0.0,4.0,4.0,4.0,4.0,4.0,1.5,0.0,0.0,1.0,2.0,3.0,0.5,0.0,0.0,0.0,0.0,1.0,0.0,0.0,0.0,0.0,0.0,0.0,2.0,4.0,4.0,5.0,6.0,8.0,2
PMID 25154829 a_Summary_SoE.pdf,intervention,0,0.0,4.0,4.0,4.5,5.5,7.5,1.5,0.0,0.0,0.5,0.5,0.5,0.5,0.0,0.0,0.0,0.0,0.0,0.0,0.0,0.0,0.0,0.0,0.0,2.0,4.0,4.0,5.0,6.0,8.0,2
PMID 25184863 a_Summary_SoE.pdf,control,0,0.0,3.0,8.0,11.0,13.0,15.0,1.0,0.0,0.0,0.0,0.0,0.0,0.0,2.0,5.0,6.5,7.5,9.0,0.0,0.0,0.0,0.0,0.0,0.0,1.0,5.0,13.0,17.5,20.5,24.0,2
PMID 25184863 a_Summary_SoE.pdf,intervention,0,0.0,3.5,7.5,10.5,13.5,17.5,1.0,0.0,0.0,0.0,0.0,0.0,0.0,1.5,3.5,3.5,3.5,3.5,0.0,0.0,0.0,0.0,0.0,0.0,1.0,5.0,11.0,14.0,17.0,21.0,2
PMID 25184863 a_Summary_SoE.pdf,intervention,1,0.0,3.5,7.5,10.5,13.5,17.5,1.0,0.0,0.0,0.0,0.0,0.0,0.0,1.5,3.5,3.5,3.5,3.5,0.0,0.0,0.0,0.0,0.0,0.0,1.0,5.0,11.0,14.0,17.0,21.0,2
PMID 25225436 a_Summary_SoE.pdf,control,0,0.0,1.5,3.0,3.0,3.5,4.5,1.0,0.5,1.0,1.5,1.5,2.0,0.0,0.0,1.0,1.0,1.5,1.5,0.0,2.0,2.0,2.0,2.0,2.0,1.0,4.0,7.0,7.5,8.5,10.0,2
PMID 25225436 a_Summary_SoE.pdf,intervention,0,0.0,1.5,3.0,3.0,3.5,4.5,1.0,0.5,1.0,1.5,1.5,2.0,0.0,0.0,1.0,1.0,1.5,1.5,0.0,2.0,2.0,2.0,2.0,2.0,1.0,4.0,7.0,7.5,8.5,10.0,2
PMID 25265494 a_Summary_SoE.pdf,control,0,0.0,2.0,4.0,6.0,7.5,9.5,1.5,1.0,2.5,4.0,5.5,7.0,0.0,0.0,0.5,1.0,1.5,2.5,0.0,0.0,0.0,0.0,0.0,0.0,1.5,3.0,7.0,11.0,14.5,19.0,2
PMID 25265494 a_Summary_SoE.pdf,intervention,0,0.0,2.0,4.0,6.0,7.5,9.5,1.5,1.0,2.5,4.0,5.5,0.0,0.0,0.0,0.5,1.0,1.5,2.5,0.0,0.0,0.0,0.0,0.0,0.0,1.5,3.0,7.0,11.0,14.5,19.0,2
PMID 25267740 a_Summary_SoE.pdf,control,0,0.0,4.0,6.0,6.0,6.0,6.0,1.0,0.0,0.0,0.0,0.0,0.0,1.0,0.0,0.0,0.0,0.0,0.0,0.0,0.0,0.0,1.0,2.0,3.0,2.0,4.0,6.0,7.0,8.0,9.0,1
PMID 25267740 a_Summary_SoE.pdf,intervention,0,0.0,4.0,14.0,16.5,16.5,16.5,1.0,0.0,0.5,1.0,1.0,1.0,1.0,0.0,0.0,0.0,0.5,1.0,0.5,0.0,0.0,0.5,1.0,1.5,2.5,4.0,14.5,18.0,19.0,20.0,2
PMID 25267740 a_Summary_SoE.pdf,intervention,1,0.0,6.0,25.0,30.0,30.0,30.0,1.0,0.0,1.0,2.0,2.0,2.0,1.0,0.0,0.0,0.0,1.0,2.0,1.0,0.0,0.0,0.0,0.0,0.0,3.0,6.0,26.0,32.0,33.0,34.0,1
PMID 25311218 a_Summary_SoE.pdf,control,0,0.5,7.0,16.5,30.5,30.5,30.5,1.0,1.0,3.0,4.0,5.0,5.5,0.5,0.5,0.5,0.5,0.5,1.0,0.0,0.0,0.0,0.0,0.0,0.0,2.0,8.5,20.0,35.0,36.0,37.0,2
PMID 25311218 a_Summary_SoE.pdf,control,1,0.0,8.0,16.0,30.0,30.0,30.0,1.0,1.0,3.0,3.0,4.0,5.0,1.0,1.0,1.0,1.0,1.0,1.0,0.0,0.0,0.0,0.0,0.0,0.0,2.0,10.0,20.0,34.0,35.0,36.0,1
PMID 25311218 a_Summary_SoE.pdf,intervention,0,0.5,7.0,16.5,16.5,16.5,16.5,1.0,1.0,3.5,4.5,5.0,5.0,0.5,0.5,0.5,0.5,1.0,2.0,0.0,0.0,0.0,0.0,0.0,0.0,2.0,8.5,20.5,21.5,22.5,23.5,2
PMID 25311218 a_Summary_SoE.pdf,intervention,1,0.5,7.0,14.0,34.5,34.5,34.5,1.0,1.0,2.5,4.5,6.0,6.5,0.5,0.5,0.5,0.5,0.5,1.0,0.0,0.0,0.0,0.0,0.0,0.0,2.0,8.5,17.0,39.5,41.0,42.0,2
PMID 25332243 a_Summary_SoE.pdf,control,0,0.0,20.0,20.0,20.0,20.0,20.0,1.0,0.0,0.0,1.0,2.0,4.0,0.0,1.0,5.0,5.0,5.0,5.0,0.0,0.0,0.0,0.0,0.0,0.0,1.0,21.0,25.0,26.0,27.0,29.0,1
PMID 25332243 a_Summary_SoE.pdf,intervention,0,0.0,16.0,28.5,28.5,28.5,28.5,1.0,0.5,2.0,2.5,3.0,3.5,0.0,3.0,5.0,5.5,6.0,6.5,0.5,0.0,0.0,0.0,0.0,0.0,1.5,19.5,35.5,36.5,37.5,38.5,2
PMID 25332243 a_Summary_SoE.pdf,intervention,1,0.0,21.0,47.0,86.0,125.0,164.0,1.0,0.0,0.0,0.0,0.0,0.0,0.0,0.0,0.0,0.0,0.0,0.0,1.0,0.0,0.0,0.0,0.0,0.0,2.0,21.0,47.0,86.0,125.0,164.0,1
PMID 25348000 a_Summary_SoE.pdf,control,0,0.0,2.5,5.0,8.0,11.0,15.0,1.0,0.0,0.0,0.0,0.0,0.0,1.0,0.0,0.0,0.0,0.0,0.0,0.0,0.0,0.0,0.0,0.0,0.0,2.0,2.5,5.0,8.0,11.0,15.0,2
PMID 25348000 a_Summary_SoE.pdf,intervention,0,0.0,2.5,5.0,8.0,11.0,15.0,1.0,0.0,0.0,0.0,0.0,0.0,1.0,0.0,0.0,0.0,0.0,0.0,0.0,0.0,0.0,0.0,0.0,0.0,2.0,2.5,5.0,8.0,11.0,15.0,2
PMID 25354103 a_Summary_SoE.pdf,control,0,5.0,15.5,18.5,19.0,19.0,19.5,1.5,0.0,0.0,0.0,0.0,0.0,0.5,6.0,14.5,17.0,17.5,18.0,0.0,0.0,0.0,0.0,0.0,0.0,7.0,21.5,33.0,36.0,36.5,37.5,2
PMID 25354103 a_Summary_SoE.pdf,intervention,0,5.0,15.5,18.5,19.0,19.0,19.5,1.5,0.0,0.0,0.0,0.0,0.0,0.5,6.0,14.5,17.0,17.5,18.0,0.0,0.0,0.0,0.0,0.0,0.0,7.0,21.5,33.0,36.0,36.5,37.5,2
PMID 25366680 a_Summary_SoE.pdf,control,0,0.0,21.0,35.0,35.0,35.0,35.0,1.0,0.0,0.0,1.5,2.0,2.5,0.5,0.0,1.0,1.5,2.0,2.5,0.5,0.0,0.0,0.0,0.0,0.0,2.0,21.0,36.0,38.0,39.0,40.0,2
PMID 25366680 a_Summary_SoE.pdf,intervention,0,0.0,21.0,30.0,30.0,30.0,30.0,1.0,0.0,1.0,1.5,2.0,2.5,0.5,0.0,1.0,1.5,2.0,2.5,0.5,0.0,0.0,0.0,0.0,0.0,2.0,21.0,32.0,33.0,34.0,35.0,2
PMID 25399551 a_Summary_SoE.pdf,control,0,0.0,2.0,4.0,7.0,10.0,14.0,1.0,1.0,1.0,1.0,1.0,1.0,0.0,0.0,0.0,0.0,0.0,0.0,0.0,0.0,0.0,0.0,0.0,0.0,1.0,3.0,5.0,8.0,11.0,15.0,2
PMID 25399551 a_Summary_SoE.pdf,intervention,0,0.0,2.0,4.0,7.0,10.0,14.0,1.0,1.0,1.0,1.0,1.0,1.0,0.0,0.0,0.0,0.0,0.0,0.0,0.0,0.0,0.0,0.0,0.0,0.0,1.0,3.0,5.0,8.0,11.0,15.0,2
PMID 25399552 a_Summary_SoE.pdf,control,0,0.0,4.0,9.0,17.0,26.0,36.0,1.0,0.0,0.0,0.0,0.0,0.0,1.0,0.0,0.0,0.0,0.0,0.0,0.0,0.0,0.0,0.0,0.0,0.0,2.0,4.0,9.0,17.0,26.0,36.0,2
PMID 25399552 a_Summary_SoE.pdf,intervention,0,0.0,4.0,9.0,17.0,26.0,36.0,1.0,0.0,0.0,0.0,0.0,0.0,1.0,0.0,0.0,0.0,0.0,0.0,0.0,0.0,0.0,0.0,0.0,0.0,2.0,4.0,9.0,17.0,26.0,36.0,2
PMID 25422488 a_Summary_SoE.pdf,intervention,0,0.0,6.0,14.0,20.0,20.0,20.0,1.0,0.0,0.0,0.0,0.0,1.0,1.0,0.0,0.0,0.0,0.0,0.0,0.0,0.0,0.0,1.5,1.5,1.5,2.0,6.0,14.0,21.5,21.5,22.5,2
PMID 25422488 a_Summary_SoE.pdf,intervention,1,0.0,6.0,13.0,20.0,20.0,20.0,1.0,0.0,0.0,0.0,0.0,1.0,1.0,0.0,0.0,0.0,0.0,0.0,0.0,0.0,0.0,1.5,1.5,1.5,2.0,6.0,13.0,21.5,21.5,22.5,2
PMID 25470694 a_Summary_SoE.pdf,control,0,0.5,2.0,5.0,6.0,6.0,6.0,1.0,0.0,0.0,1.5,2.5,3.5,0.0,1.0,1.0,1.0,1.0,1.0,0.0,0.0,0.0,0.0,0.0,0.0,1.5,3.0,6.0,8.5,9.5,10.5,2
PMID 25470694 a_Summary_SoE.pdf,intervention,0,0.5,2.0,5.0,9.0,13.0,18.0,1.0,0.0,0.0,0.0,0.0,0.0,0.0,1.0,1.0,1.0,1.0,1.0,0.0,0.0,0.0,0.0,0.0,0.0,1.5,3.0,6.0,10.0,14.0,19.0,2
PMID 25482145 a_Summary_SoE.pdf,control,0,0.0,1.0,2.0,3.5,5.0,7.0,1.0,0.5,1.0,1.5,2.0,2.5,0.5,1.5,4.0,8.0,13.0,16.5,0.5,0.0,0.0,0.0,0.0,0.0,2.0,3.0,7.0,13.0,20.0,26.0,2
PMID 25482145 a_Summary_SoE.pdf,intervention,0,0.0,8.0,20.0,40.0,60.0,77.0,1.0,0.0,0.0,0.0,0.0,0.0,0.5,0.5,0.5,0.5,0.5,0.5,0.5,0.0,0.0,0.0,0.0,0.0,2.0,8.5,20.5,40.5,60.5,77.5,2
PMID 25495490 a_Summary_SoE.pdf,control,0,0.0,0.0,0.0,0.0,0.0,0.0,1.0,0.5,0.5,0.5,0.5,1.5,0.0,0.5,0.5,0.5,0.5,0.5,0.0,0.0,1.0,2.0,3.0,3.0,1.0,1.0,2.0,3.0,4.0,5.0,2
PMID 25495490 a_Summary_SoE.pdf,intervention,0,0.0,2.0,4.0,7.0,10.0,14.0,1.0,0.0,0.0,0.0,0.0,0.0,0.0,0.0,0.0,0.0,0.0,0.0,0.0,0.0,0.0,0.0,0.0,0.0,1.0,2.0,4.0,7.0,10.0,14.0,2
PMID 25495490 a_Summary_SoE.pdf,intervention,1,0.0,2.0,4.0,7.0,10.0,14.0,1.0,0.0,0.0,0.0,0.0,0.0,0.0,0.0,0.0,0.0,0.0,0.0,0.0,0.0,0.0,0.0,0.0,0.0,1.0,2.0,4.0,7.0,10.0,14.0,2
PMID 25547503 a_Summary_SoE.pdf,control,0,0.0,0.5,1.5,2.5,3.5,4.5,1.0,0.0,1.0,2.0,3.0,4.0,0.5,1.5,2.0,3.0,4.0,5.5,0.0,0.0,0.5,1.5,2.5,4.0,1.5,2.0,5.0,9.0,13.0,18.0,2
PMID 25547503 a_Summary_SoE.pdf,intervention,0,0.0,0.5,1.5,2.5,3.5,4.5,1.0,0.0,1.0,2.0,3.0,4.0,0.5,1.5,2.0,3.0,4.0,5.5,0.0,0.0,0.5,1.5,2.5,4.0,1.5,2.0,5.0,9.0,13.0,18.0,2
PMID 25605862 a_Summary_SoE.pdf,control,0,0.0,2.0,5.0,9.0,13.0,18.0,1.0,0.0,2.0,4.0,6.0,8.0,0.5,2.0,3.0,5.5,7.5,10.0,0.0,1.0,2.0,4.5,6.5,9.0,1.5,5.0,12.0,23.0,33.0,45.0,2
PMID 25605862 a_Summary_SoE.pdf,intervention,0,0.0,4.0,9.0,18.0,26.0,36.0,1.0,0.0,2.0,4.0,6.0,8.0,0.5,1.0,1.0,1.0,1.0,1.0,0.0,0.0,0.0,0.0,0.0,0.0,1.5,5.0,12.0,23.0,33.0,45.0,2
PMID 25629741 a_Summary_SoE.pdf,control,0,0.5,2.0,4.0,7.0,9.0,11.0,1.5,0.0,0.0,0.0,0.0,0.0,0.5,1.0,3.0,3.0,3.0,3.0,0.5,0.0,0.0,0.0,0.0,0.0,3.0,3.0,7.0,10.0,12.0,14.0,2
PMID 25629741 a_Summary_SoE.pdf,intervention,0,0.5,2.0,4.0,7.0,9.0,11.0,1.5,0.0,0.0,0.0,0.0,0.0,0.5,1.0,3.0,3.0,3.0,3.0,0.5,0.0,0.0,0.0,0.0,0.0,3.0,3.0,7.0,10.0,12.0,14.0,2
PMID 25671254 a_Summary_SoE.pdf,control,0,0.0,3.0,6.0,9.0,12.0,16.0,1.0,0.0,0.0,0.0,0.0,0.0,1.0,0.0,0.0,0.0,0.0,0.0,0.0,0.0,0.0,0.0,0.0,0.0,2.0,3.0,6.0,9.0,12.0,16.0,2
PMID 25671254 a_Summary_SoE.pdf,intervention,0,0.0,3.0,6.0,9.0,12.0,16.0,1.0,0.0,0.0,0.0,0.0,0.0,1.0,0.0,0.0,0.0,0.0,0.0,0.0,0.0,0.0,0.0,0.0,0.0,2.0,3.0,6.0,9.0,12.0,16.0,2
PMID 25682602 a_Summary_SoE.pdf,control,0,0.0,0.0,0.0,0.0,0.0,0.0,0.0,0.0,0.0,0.0,0.0,0.0,1.0,4.0,12.0,14.0,14.0,14.0,0.0,0.0,0.0,0.0,0.0,0.5,1.0,4.0,12.0,14.0,14.0,14.5,2
PMID 25682602 a_Summary_SoE.pdf,intervention,0,0.0,0.0,0.0,0.0,0.0,0.0,0.0,0.0,0.0,0.0,0.0,0.0,1.0,4.0,12.0,14.0,14.0,14.0,0.0,0.0,0.0,0.0,0.0,0.5,1.0,4.0,12.0,14.0,14.0,14.5,2
PMID 25713428 a_Summary_SoE.pdf,control,0,0.0,5.5,13.0,27.0,39.0,53.0,1.0,0.5,2.0,4.0,6.0,8.5,1.0,0.5,0.5,0.5,0.5,0.5,0.0,0.5,0.5,0.5,0.5,0.5,2.0,7.0,16.0,32.0,46.0,62.5,2
PMID 25713428 a_Summary_SoE.pdf,intervention,0,0.0,5.5,13.0,27.0,39.0,53.0,1.0,0.5,2.0,4.0,6.0,8.5,1.0,0.5,0.5,0.5,0.5,0.5,0.0,0.5,0.5,0.5,0.5,0.5,2.0,7.0,16.0,32.0,46.0,62.5,2
PMID 25738668 a_Summary_SoE.pdf,control,0,0.0,2.0,4.5,7.0,7.0,7.0,0.0,0.0,0.0,0.0,0.0,0.0,1.0,0.0,0.0,0.0,0.0,1.0,0.0,0.0,0.0,0.0,0.0,0.0,1.0,2.0,4.5,7.0,7.0,8.0,2
PMID 25738668 a_Summary_SoE.pdf,intervention,0,1.0,2.5,6.0,10.0,10.0,10.0,0.0,0.0,0.0,0.0,0.0,0.0,1.0,0.0,0.0,0.0,0.0,1.0,0.0,0.0,0.0,0.0,0.0,0.0,2.0,2.5,6.0,10.0,10.0,11.0,2
PMID 25738670 a_Summary_SoE.pdf,control,0,0.0,2.0,5.0,6.0,6.0,6.0,1.0,0.0,2.0,3.5,6.0,7.5,0.5,0.5,1.0,1.5,1.5,1.5,0.0,0.0,0.0,0.5,0.5,0.5,1.5,2.5,8.0,11.5,14.0,15.5,2
PMID 25738670 a_Summary_SoE.pdf,intervention,0,0.0,7.0,18.0,24.0,24.0,24.0,1.0,0.0,1.0,2.0,4.0,6.0,0.5,0.0,0.0,0.0,0.0,0.0,0.0,0.0,0.0,0.5,0.5,0.5,1.5,7.0,19.0,26.5,28.5,30.5,2
PMID 25779558 a_Summary_SoE.pdf,control,0,0.0,4.5,11.5,22.0,26.0,31.0,1.0,0.5,0.5,0.5,0.5,0.5,1.0,0.5,0.5,0.5,0.5,0.5,0.0,0.0,0.0,0.0,0.0,0.0,2.0,5.5,12.5,23.0,27.0,32.0,2
PMID 25779558 a_Summary_SoE.pdf,intervention,0,0.0,4.0,10.0,18.0,18.0,18.0,1.0,0.5,0.5,1.5,2.5,3.5,1.0,0.5,0.5,0.5,0.5,0.5,0.0,0.0,0.0,0.0,0.0,0.0,2.0,5.0,11.0,20.0,21.0,22.0,2
PMID 25891173 a_Summary_SoE.pdf,control,0,0.0,2.0,4.0,4.0,4.0,4.0,1.5,0.0,1.0,2.5,4.0,5.5,0.0,0.0,0.0,2.5,5.0,8.5,0.0,0.0,0.0,0.0,0.0,0.0,1.5,2.0,5.0,9.0,13.0,18.0,2
PMID 25891173 a_Summary_SoE.pdf,intervention,0,0.0,2.0,5.0,9.0,13.0,18.0,1.5,0.0,0.0,0.0,0.0,0.0,0.0,0.5,0.5,0.5,0.5,0.5,0.0,0.0,0.0,0.0,0.0,0.0,1.5,2.5,5.5,9.5,13.5,18.5,2
PMID 25891173 a_Summary_SoE.pdf,intervention,1,0.0,3.0,7.0,13.0,20.0,27.0,1.5,0.0,0.0,0.0,0.0,0.0,0.0,0.5,0.5,0.5,0.5,0.5,0.0,0.0,0.0,0.0,0.0,0.0,1.5,3.5,7.5,13.5,20.5,27.5,2
PMID 25897156 a_Summary_SoE.pdf,control,0,0.0,0.0,0.0,0.0,0.0,0.0,1.0,0.0,0.0,0.0,0.0,0.0,1.0,0.0,0.0,0.0,0.0,0.0,0.0,0.0,1.0,2.0,2.0,2.0,2.0,0.0,1.0,2.0,2.0,2.0,2
PMID 25897156 a_Summary_SoE.pdf,intervention,0,0.0,0.0,0.0,0.0,0.0,0.0,1.0,0.0,0.0,0.0,0.0,0.0,1.0,0.0,0.0,0.0,0.0,0.0,0.0,0.0,1.0,2.0,2.0,2.0,2.0,0.0,1.0,2.0,2.0,2.0,2
PMID 25940724 a_Summary_SoE.pdf,control,0,0.0,0.5,1.0,1.0,1.0,1.0,0.0,0.0,0.0,0.0,0.0,0.0,0.5,0.5,1.0,2.0,2.0,2.0,0.5,0.0,1.0,1.0,1.0,1.0,1.0,1.0,3.0,4.0,4.0,4.0,2
PMID 25940724 a_Summary_SoE.pdf,intervention,0,0.0,0.5,1.0,1.0,1.0,1.0,0.0,0.0,0.0,0.0,0.0,0.0,0.5,0.5,1.0,2.0,2.0,2.0,0.5,0.0,1.0,1.0,1.0,1.0,1.0,1.0,3.0,4.0,4.0,4.0,2
PMID 25970050 a_Summary_SoE.pdf,control,0,0.0,2.0,4.0,7.0,10.0,14.0,1.5,1.0,1.0,1.0,1.0,1.0,0.5,1.0,3.0,6.0,10.0,13.0,0.0,0.0,0.0,0.0,0.0,0.0,2.0,4.0,8.0,14.0,21.0,28.0,2
PMID 25970050 a_Summary_SoE.pdf,intervention,0,0.0,2.0,4.0,7.0,10.0,14.0,1.5,1.0,1.0,1.0,1.0,1.0,0.5,1.0,3.0,6.0,10.0,13.0,0.0,0.0,0.0,0.0,0.0,0.0,2.0,4.0,8.0,14.0,21.0,28.0,2
PMID 26014293 a_Summary_SoE.pdf,control,0,0.0,2.0,5.5,10.0,15.0,20.5,1.0,0.0,0.0,0.0,0.0,0.0,0.0,0.0,0.0,0.0,0.0,0.0,0.0,0.5,1.5,3.0,5.0,6.5,1.0,2.5,7.0,13.0,20.0,27.0,2
PMID 26014293 a_Summary_SoE.pdf,intervention,0,0.0,2.0,6.0,13.0,19.0,26.0,1.0,0.0,0.0,0.0,0.0,0.0,0.0,0.0,0.0,0.0,0.0,0.0,0.0,0.0,0.0,0.0,0.0,0.0,1.0,2.0,6.0,13.0,19.0,26.0,2
PMID 26027431 a_Summary_SoE.pdf,control,0,0.0,4.0,9.0,15.0,22.0,29.0,1.0,0.0,1.0,3.0,5.0,7.0,1.0,0.0,0.0,0.0,0.0,0.0,0.0,0.0,0.0,0.0,0.0,0.0,2.0,4.0,10.0,18.0,27.0,36.0,2
PMID 26027431 a_Summary_SoE.pdf,intervention,0,0.0,4.0,9.0,15.0,22.0,29.0,1.0,0.0,1.0,3.0,5.0,7.0,1.0,0.0,0.0,0.0,0.0,0.0,0.0,0.0,0.0,0.0,0.0,0.0,2.0,4.0,10.0,18.0,27.0,36.0,2
PMID 26027431 a_Summary_SoE.pdf,intervention,1,0.0,4.0,9.0,15.0,22.0,29.0,1.0,0.0,1.0,3.0,5.0,7.0,1.0,0.0,0.0,0.0,0.0,0.0,0.0,0.0,0.0,0.0,0.0,0.0,2.0,4.0,10.0,18.0,27.0,36.0,2
PMID 26028407 a_Summary_SoE.pdf,control,0,0.0,2.0,5.0,9.0,13.0,18.0,0.5,0.0,0.5,1.5,2.5,4.0,0.5,1.0,1.0,1.0,1.0,1.0,0.5,0.0,0.0,0.0,0.0,0.0,1.5,3.0,6.5,11.5,16.5,23.0,2
PMID 26028407 a_Summary_SoE.pdf,intervention,0,0.0,3.0,7.0,13.0,20.0,27.0,0.5,0.0,1.0,3.0,5.0,8.0,0.5,1.0,1.0,1.0,1.0,1.0,0.5,0.0,0.0,0.0,0.0,0.0,1.5,4.0,9.0,17.0,26.0,36.0,2
PMID 26030518 a_Summary_SoE.pdf,control,0,0.0,3.0,5.0,8.0,11.0,15.0,1.0,0.0,0.0,0.0,0.0,0.0,0.0,0.0,1.0,1.0,1.0,1.0,0.0,0.0,0.0,0.0,0.0,0.0,1.0,3.0,6.0,9.0,12.0,16.0,2
PMID 26030518 a_Summary_SoE.pdf,intervention,0,0.0,3.0,5.0,8.0,11.0,15.0,1.0,0.0,0.0,0.0,0.0,0.0,0.0,0.0,1.0,1.0,1.0,1.0,0.0,0.0,0.0,0.0,0.0,0.0,1.0,3.0,6.0,9.0,12.0,16.0,2
PMID 26035255 a_Summary_SoE.pdf,control,0,0.0,0.0,0.0,0.0,0.0,0.0,1.0,0.0,0.0,0.0,0.0,0.0,0.5,5.0,11.0,17.0,24.0,31.0,0.0,0.0,0.0,0.0,0.0,0.0,1.5,5.5,11.5,17.5,24.5,31.5,2
PMID 26035255 a_Summary_SoE.pdf,intervention,0,0.0,5.0,11.0,17.0,24.0,31.0,1.0,0.0,0.0,0.0,0.0,0.0,0.5,0.0,0.0,0.0,0.0,0.0,0.0,0.0,0.0,0.0,0.0,0.0,1.5,5.5,11.5,17.5,24.5,31.5,2
PMID 26040499 a_Summary_SoE.pdf,control,0,0.0,1.0,1.0,2.0,2.0,3.0,1.0,0.0,0.0,0.0,0.0,0.0,0.0,0.0,0.0,0.0,0.0,0.0,0.0,0.0,0.0,0.0,0.0,0.0,1.0,1.0,1.0,2.0,2.0,3.0,2
PMID 26040499 a_Summary_SoE.pdf,intervention,0,0.0,1.0,1.0,2.0,2.0,3.0,1.0,0.0,0.0,0.0,0.0,0.0,0.0,0.0,0.0,0.0,0.0,0.0,0.0,0.0,0.0,0.0,0.0,0.0,1.0,1.0,1.0,2.0,2.0,3.0,2
PMID 26056177 a_Summary_SoE.pdf,intervention,0,0.0,7.0,18.0,34.0,44.0,52.0,1.0,0.0,0.0,0.0,0.0,0.0,0.0,0.0,0.0,0.0,0.0,0.5,0.5,0.0,0.0,0.0,0.0,0.5,1.5,7.0,18.0,34.0,44.0,53.0,2
PMID 26056177 a_Summary_SoE.pdf,intervention,1,0.0,7.0,18.0,34.0,44.0,52.0,1.0,0.0,0.0,0.0,0.0,0.0,0.0,0.0,0.0,0.0,0.0,0.5,1.0,0.0,0.0,0.0,0.0,0.5,2.0,7.0,18.0,34.0,44.0,53.0,2
PMID 26056177 a_Summary_SoE.pdf,intervention,2,0.0,7.0,18.0,34.0,44.0,52.0,1.0,0.0,0.0,0.0,0.0,0.0,0.0,0.0,0.0,0.0,0.0,0.5,0.5,0.0,0.0,0.0,0.0,0.5,1.5,7.0,18.0,34.0,44.0,53.0,2
PMID 26122726 a_Summary_SoE.pdf,control,0,0.0,13.0,13.0,13.0,13.0,13.0,1.0,0.0,2.0,3.0,4.0,5.0,0.0,0.0,0.0,0.0,0.0,0.0,0.0,0.0,0.0,0.0,0.0,0.0,1.0,13.0,15.0,16.0,17.0,18.0,2
PMID 26122726 a_Summary_SoE.pdf,intervention,0,0.0,1.0,1.0,1.0,1.0,1.0,1.0,0.0,2.0,3.0,4.0,5.0,0.0,0.0,0.0,0.0,0.0,0.0,0.0,0.0,0.0,0.0,0.0,0.0,1.0,1.0,3.0,4.0,5.0,6.0,2
PMID 26159065 CT_Summary_SoE.pdf,control,0,0.0,2.0,5.0,6.0,6.0,6.0,1.0,0.0,0.0,2.0,4.0,6.0,0.0,0.0,0.0,0.5,1.5,3.0,0.0,0.0,0.0,0.0,0.0,0.0,1.0,2.0,5.0,8.5,11.5,15.0,2
PMID 26159065 CT_Summary_SoE.pdf,intervention,0,0.0,2.0,5.0,6.0,6.0,6.0,1.0,0.0,0.0,2.0,4.0,6.0,0.0,0.0,0.0,0.5,1.5,3.0,0.0,0.0,0.0,0.0,0.0,0.0,1.0,2.0,5.0,8.5,11.5,15.0,2
PMID 26169611 a_Summary_SoE.pdf,control,0,0.0,2.0,4.0,6.0,6.0,6.0,1.0,0.0,0.0,0.5,1.5,2.5,0.0,3.0,5.0,8.0,8.0,8.0,0.0,0.0,0.0,0.0,0.0,0.0,1.0,5.0,9.0,14.5,15.5,16.5,2
PMID 26169611 a_Summary_SoE.pdf,intervention,0,0.0,2.0,4.0,6.0,6.0,6.0,1.0,0.0,0.0,0.5,1.5,2.5,0.0,3.0,5.0,8.0,8.0,8.0,0.0,0.0,0.0,0.0,0.0,0.0,1.0,5.0,9.0,14.5,15.5,16.5,2
PMID 26206652 CT_Summary_SoE.pdf,control,0,0.0,1.0,1.0,1.0,1.0,1.0,1.0,0.0,0.0,0.0,0.0,0.0,0.0,7.0,7.0,7.0,7.0,7.0,0.0,1.0,1.0,1.0,1.0,1.0,1.0,9.0,9.0,9.0,9.0,9.0,2
PMID 26206652 CT_Summary_SoE.pdf,intervention,0,0.0,1.0,1.0,1.0,1.0,1.0,1.0,0.0,0.0,0.0,0.0,0.0,0.0,7.0,7.0,7.0,7.0,7.0,0.0,1.0,1.0,1.0,1.0,1.0,1.0,9.0,9.0,9.0,9.0,9.0,2
PMID 26244877 a_Summary_SoE.pdf,control,0,0.0,0.5,1.0,1.5,2.0,2.5,1.0,0.0,0.0,0.0,0.0,0.0,1.0,0.0,0.5,1.0,1.5,2.0,0.0,0.5,0.5,0.5,0.5,0.5,2.0,1.0,2.0,3.0,4.0,5.0,2
PMID 26244877 a_Summary_SoE.pdf,intervention,0,0.0,2.0,5.0,6.5,7.0,7.5,1.0,0.0,0.0,0.0,0.0,0.0,1.0,0.0,0.0,0.5,1.0,1.5,0.0,0.0,0.0,0.0,0.0,0.0,2.0,2.0,5.0,7.0,8.0,9.0,2
PMID 26351350 a_Summary_SoE.pdf,control,0,0.0,1.0,2.0,3.5,5.0,6.5,1.0,0.0,0.5,1.0,1.5,2.5,1.0,1.0,1.5,2.5,3.5,4.5,0.5,0.0,0.0,0.0,0.0,0.0,2.5,2.0,4.0,7.0,10.0,13.5,2
PMID 26351350 a_Summary_SoE.pdf,control,1,0.0,3.0,5.0,8.0,11.0,14.0,1.0,0.0,0.0,0.0,0.0,0.0,1.0,0.0,0.0,0.0,0.0,0.0,0.0,0.0,0.0,0.0,0.0,0.0,2.0,3.0,5.0,8.0,11.0,14.0,1
PMID 26351350 a_Summary_SoE.pdf,intervention,0,0.0,2.5,4.5,7.5,10.5,13.5,1.0,0.0,0.0,0.0,0.0,0.5,1.0,0.0,0.0,0.0,0.0,0.0,0.5,0.0,0.0,0.0,0.0,0.0,2.5,2.5,4.5,7.5,10.5,14.0,2
PMID 26351350 a_Summary_SoE.pdf,intervention,1,0.0,3.0,5.0,8.0,11.0,14.0,1.0,0.0,0.0,0.0,0.0,0.0,1.0,0.0,0.0,0.0,0.0,0.0,0.0,0.0,0.0,0.0,0.0,0.0,2.0,3.0,5.0,8.0,11.0,14.0,1
PMID 26351350 a_Summary_SoE.pdf,intervention,2,0.0,3.0,5.0,8.0,11.0,14.0,1.0,0.0,0.0,0.0,0.0,0.0,1.0,0.0,0.0,0.0,0.0,0.0,0.0,0.0,0.0,0.0,0.0,0.0,2.0,3.0,5.0,8.0,11.0,14.0,1
PMID 26351350 a_Summary_SoE.pdf,intervention,3,0.0,3.0,5.0,8.0,11.0,14.0,1.0,0.0,0.0,0.0,0.0,0.0,1.0,0.0,0.0,0.0,0.0,0.0,0.0,0.0,0.0,0.0,0.0,0.0,2.0,3.0,5.0,8.0,11.0,14.0,1
PMID 26371143 a_Summary_SoE.pdf,control,0,0.0,2.0,5.0,9.0,13.0,18.0,1.0,0.0,0.0,0.0,0.0,0.0,0.5,3.0,8.0,17.0,26.0,35.0,0.0,0.0,0.0,0.0,0.0,0.0,1.5,5.0,13.0,26.0,39.0,53.0,2
PMID 26371143 a_Summary_SoE.pdf,intervention,0,0.0,4.0,10.0,18.0,26.0,36.0,1.0,0.0,0.0,0.0,0.0,0.0,0.5,3.0,8.0,17.0,26.0,35.0,0.0,0.0,0.0,0.0,0.0,0.0,1.5,7.0,18.0,35.0,52.0,71.0,2
PMID 26377300 CT_Summary_SoE.pdf,control,0,0.0,0.0,0.0,0.0,0.0,0.0,1.0,0.0,0.0,0.0,0.0,0.5,0.0,2.0,3.0,4.5,6.0,7.0,0.0,0.0,0.0,0.0,0.0,0.0,1.0,2.0,3.0,4.5,6.0,7.5,2
PMID 26377300 CT_Summary_SoE.pdf,intervention,0,0.0,2.0,3.0,4.5,6.0,7.5,1.0,0.0,0.0,0.0,0.0,0.0,0.0,0.0,0.0,0.0,0.0,0.0,0.0,0.0,0.0,0.0,0.0,0.0,1.0,2.0,3.0,4.5,6.0,7.5,2
PMID 26406148 a_Summary_SoE.pdf,control,0,0.0,2.0,4.0,7.0,10.0,14.0,1.0,0.0,0.0,0.0,0.0,0.0,0.5,0.0,0.0,0.0,0.0,0.0,0.0,0.0,0.0,0.0,0.0,0.0,1.5,2.0,4.0,7.0,10.0,14.0,2
PMID 26406148 a_Summary_SoE.pdf,intervention,0,0.0,3.0,7.0,13.0,20.0,27.0,1.0,0.0,0.0,0.0,0.0,0.0,0.5,0.0,0.0,0.0,0.0,0.0,0.0,0.0,0.0,0.0,0.0,0.0,1.5,3.0,7.0,13.0,20.0,27.0,2
PMID 26406150 a_Summary_SoE.pdf,control,0,0.0,1.0,1.0,1.0,1.0,1.0,1.0,1.0,2.0,5.0,6.0,9.0,0.5,1.0,3.0,3.0,5.0,6.0,0.0,0.0,0.0,0.0,0.0,0.0,1.5,3.0,6.0,9.0,12.0,16.0,2
PMID 26406150 a_Summary_SoE.pdf,intervention,0,0.0,1.0,1.0,1.0,1.0,1.0,1.0,1.0,2.0,5.0,6.0,9.0,0.5,1.0,3.0,3.0,5.0,6.0,0.0,0.0,0.0,0.0,0.0,0.0,1.5,3.0,6.0,9.0,12.0,16.0,2
PMID 26412349 a_Summary_SoE.pdf,control,0,0.0,0.0,0.0,0.0,0.0,0.0,1.0,0.0,0.0,0.0,0.0,1.0,0.5,0.0,0.0,0.0,0.0,0.0,0.5,0.0,1.0,2.0,2.5,2.5,2.0,0.0,1.0,2.0,2.5,3.5,2
PMID 26412349 a_Summary_SoE.pdf,intervention,0,0.0,2.0,4.0,4.0,4.0,4.0,1.0,0.0,0.0,0.0,0.0,1.0,0.5,0.0,0.0,0.0,0.0,0.0,0.5,0.0,1.0,2.0,2.5,2.5,2.0,2.0,5.0,6.0,6.5,7.5,2
PMID 26412456 a_Summary_SoE.pdf,control,0,0.0,2.0,5.0,9.0,13.0,18.0,1.0,0.0,0.0,0.0,0.0,0.0,0.0,1.0,1.0,1.0,1.0,1.0,0.0,0.0,0.0,0.0,0.0,0.0,1.0,3.0,6.0,10.0,14.0,19.0,2
PMID 26412456 a_Summary_SoE.pdf,intervention,0,0.0,3.0,7.0,13.0,20.0,27.0,1.0,0.0,0.5,1.5,2.5,4.0,0.0,1.0,1.0,1.0,1.0,1.0,0.0,0.0,0.0,0.0,0.0,0.0,1.0,4.0,8.5,15.5,23.5,32.0,2
PMID 26416999 a_Summary_SoE.pdf,control,0,0.0,2.0,5.0,8.0,8.0,8.0,1.5,0.0,0.0,0.0,0.0,0.0,0.5,0.0,0.0,0.0,0.5,0.5,0.0,0.0,0.0,0.0,0.5,1.5,2.0,2.0,5.0,8.0,9.0,10.0,2
PMID 26416999 a_Summary_SoE.pdf,intervention,0,0.0,2.0,4.5,6.0,6.0,6.0,1.5,0.0,0.0,0.0,0.0,0.0,0.5,0.0,0.5,2.0,2.5,2.5,0.0,0.0,0.0,0.0,0.5,1.5,2.0,2.0,5.0,8.0,9.0,10.0,2
PMID 26527790 a_Summary_SoE.pdf,control,0,0.0,17.5,34.5,34.5,34.5,34.5,1.0,0.0,0.0,2.0,3.0,5.0,0.5,0.5,0.5,0.5,0.5,0.5,0.0,0.0,0.0,0.0,0.0,0.0,1.5,18.0,35.0,37.0,38.0,40.0,2
PMID 26527790 a_Summary_SoE.pdf,intervention,0,0.0,17.5,34.5,34.5,34.5,34.5,1.0,0.0,0.0,2.0,3.0,5.0,0.5,0.5,0.5,0.5,0.5,0.5,0.0,0.0,0.0,0.0,0.0,0.0,1.5,18.0,35.0,37.0,38.0,40.0,2
PMID 26540028 a_Summary_SoE.pdf,control,0,0.0,2.0,3.0,4.0,5.0,5.5,0.0,0.0,0.0,0.0,0.0,0.0,1.0,0.5,0.5,0.5,0.5,1.0,0.0,0.0,0.0,0.0,0.0,0.0,1.0,2.5,3.5,4.5,5.5,6.5,2
PMID 26540028 a_Summary_SoE.pdf,intervention,0,0.0,2.0,3.0,4.0,5.0,5.5,0.0,0.0,0.0,0.0,0.0,0.0,1.0,0.5,0.5,0.5,0.5,1.0,0.0,0.0,0.0,0.0,0.0,0.0,1.0,2.5,3.5,4.5,5.5,6.5,2
PMID 26598744 a_Summary_SoE.pdf,control,0,0.0,2.0,5.0,9.0,13.0,18.0,1.0,1.0,1.0,1.0,1.0,1.0,1.0,1.0,1.0,1.0,1.0,1.0,0.0,0.0,0.0,0.0,0.0,0.0,2.0,4.0,7.0,11.0,15.0,20.0,2
PMID 26598744 a_Summary_SoE.pdf,intervention,0,0.0,0.0,0.0,0.0,0.0,0.0,1.0,1.0,2.0,3.0,4.0,5.0,1.0,2.0,3.0,4.0,4.0,4.0,0.0,0.0,0.0,0.0,0.0,0.0,2.0,3.0,5.0,7.0,8.0,9.0,2
PMID 26598744 a_Summary_SoE.pdf,intervention,1,0.0,4.5,12.0,12.0,12.0,12.0,1.0,1.0,1.5,2.5,3.5,4.5,1.0,1.0,1.0,2.0,2.0,2.0,0.0,0.0,0.0,0.0,0.0,0.0,2.0,6.5,14.5,16.5,17.5,18.5,2
PMID 26598744 a_Summary_SoE.pdf,intervention,2,0.0,2.0,5.0,9.0,13.0,18.0,1.0,1.0,1.0,1.0,1.0,1.0,1.0,1.0,1.0,1.0,1.0,1.0,0.0,0.0,0.0,0.0,0.0,0.0,2.0,4.0,7.0,11.0,15.0,20.0,2
PMID 26628478 a_Summary_SoE.pdf,control,0,0.0,2.0,5.0,8.0,8.0,8.0,1.0,0.0,0.0,0.5,2.5,3.5,1.0,0.0,0.0,0.0,0.0,1.5,0.0,0.0,0.0,0.0,0.0,0.0,2.0,2.0,5.0,8.5,10.5,13.0,2
PMID 26628478 a_Summary_SoE.pdf,intervention,0,0.0,2.0,5.0,8.0,8.0,8.0,1.0,0.0,0.0,0.5,2.5,3.5,1.0,0.0,0.0,0.0,0.0,1.5,0.0,0.0,0.0,0.0,0.0,0.0,2.0,2.0,5.0,8.5,10.5,13.0,2
PMID 26639149 a_Summary_SoE.pdf,control,0,0.0,2.5,5.0,7.5,10.0,12.0,1.0,0.0,0.0,0.5,1.0,1.5,0.0,0.5,1.5,3.0,3.5,3.5,0.0,0.0,0.0,0.0,0.0,0.5,1.0,3.0,6.5,11.0,14.5,17.5,2
PMID 26639149 a_Summary_SoE.pdf,intervention,0,0.0,2.0,4.0,6.5,9.0,11.5,1.0,0.0,0.0,0.5,1.0,1.5,0.0,1.0,3.0,6.0,7.0,7.0,0.0,0.0,0.0,0.0,0.0,0.0,1.0,3.0,7.0,13.0,17.0,20.0,2
PMID 26655421 CT_Summary_SoE.pdf,control,0,0.0,4.0,8.5,13.0,13.0,13.0,1.0,0.0,0.0,1.0,2.0,3.0,0.5,2.0,4.0,7.0,9.0,11.0,0.0,0.0,0.0,0.0,0.0,0.0,1.5,6.0,12.5,21.0,24.0,27.0,2
PMID 26655421 CT_Summary_SoE.pdf,intervention,0,0.0,4.0,8.5,13.0,13.0,13.0,1.0,0.0,0.0,1.0,2.0,3.0,0.5,2.0,4.0,7.0,9.0,11.0,0.0,0.0,0.0,0.0,0.0,0.0,1.5,6.0,12.5,21.0,24.0,27.0,2
PMID 26673811 a_Summary_SoE.pdf,control,0,0.0,5.0,13.0,26.0,39.0,53.0,0.5,0.0,0.0,0.0,0.0,0.0,0.0,0.0,0.0,0.0,0.0,0.0,0.5,0.0,0.0,0.0,0.0,0.0,1.0,5.0,13.0,26.0,39.0,53.0,2
PMID 26673811 a_Summary_SoE.pdf,intervention,0,0.0,0.0,0.0,0.0,0.0,0.0,0.5,0.0,0.5,1.0,2.0,2.5,0.0,1.0,2.0,3.5,4.5,6.5,0.5,1.0,2.5,4.5,6.5,9.0,1.0,2.0,5.0,9.0,13.0,18.0,2
PMID 26703889 a_Summary_SoE.pdf,control,0,0.0,1.5,3.0,5.5,7.5,10.5,1.0,0.0,0.0,0.0,0.0,0.0,0.0,0.5,1.0,1.5,2.5,3.5,0.0,0.0,0.0,0.0,0.0,0.0,1.0,2.0,4.0,7.0,10.0,14.0,2
PMID 26703889 a_Summary_SoE.pdf,intervention,0,0.0,1.5,3.0,5.5,7.5,10.5,1.0,0.0,0.0,0.0,0.0,0.0,0.0,0.5,1.0,1.5,2.5,3.5,0.0,0.0,0.0,0.0,0.0,0.0,1.0,2.0,4.0,7.0,10.0,14.0,2
PMID 26712084b_Summary_SoE.pdf,control,0,0.0,2.0,5.0,9.0,13.0,18.0,1.0,0.0,0.0,0.0,0.0,0.0,0.0,0.0,0.0,0.0,0.0,0.0,0.0,0.0,0.0,0.0,0.0,0.0,1.0,2.0,5.0,9.0,13.0,18.0,2
PMID 26712084b_Summary_SoE.pdf,intervention,0,0.0,2.0,5.0,9.0,13.0,18.0,1.0,0.0,0.0,0.0,0.0,0.0,0.0,0.0,0.0,0.0,0.0,0.0,0.0,0.0,0.0,0.0,0.0,0.0,1.0,2.0,5.0,9.0,13.0,18.0,2
PMID 26712084b_Summary_SoE.pdf,intervention,1,0.0,2.0,5.0,9.0,13.0,18.0,1.0,0.0,0.0,0.0,0.0,0.0,0.0,0.0,0.0,0.0,0.0,0.0,0.0,0.0,0.0,0.0,0.0,0.0,1.0,2.0,5.0,9.0,13.0,18.0,2
PMID 26811519 a_Summary_SoE.pdf,control,0,0.0,22.0,34.0,35.0,35.0,35.0,1.0,0.0,1.0,3.0,4.0,5.0,0.0,0.0,3.5,6.5,6.5,6.5,0.0,0.0,0.0,0.0,0.0,0.0,1.0,22.0,38.5,44.5,45.5,46.5,2
PMID 26811519 a_Summary_SoE.pdf,intervention,0,0.0,22.0,35.0,37.0,37.0,37.0,1.0,0.0,1.0,2.5,4.0,5.0,0.0,0.0,3.0,9.0,9.0,9.0,0.0,0.0,0.0,0.0,0.0,0.0,1.0,22.0,39.0,48.5,50.0,51.0,2
PMID 26858335 a_Summary_SoE.pdf,control,0,0.0,1.0,2.5,4.5,6.5,9.0,1.0,0.0,1.0,2.5,3.5,5.0,0.0,4.0,9.5,19.0,29.0,38.5,0.0,0.0,0.0,0.0,0.0,0.0,1.0,5.0,13.0,26.0,39.0,52.5,2
PMID 26858335 a_Summary_SoE.pdf,intervention,0,0.0,5.0,13.0,26.0,39.0,52.5,1.0,0.0,0.0,0.0,0.0,0.0,0.0,0.0,0.0,0.0,0.0,0.0,0.0,0.0,0.0,0.0,0.0,0.0,1.0,5.0,13.0,26.0,39.0,52.5,2
PMID 26884585 a_Summary_SoE.pdf,control,0,0.0,0.0,0.0,0.0,0.0,0.0,1.0,0.5,2.0,5.0,7.0,9.5,1.0,5.0,10.5,16.0,23.5,32.0,0.0,0.0,0.0,0.0,0.0,0.0,2.0,5.5,12.5,21.0,30.5,41.5,2
PMID 26884585 a_Summary_SoE.pdf,intervention,0,0.0,0.0,0.0,0.0,0.0,0.0,1.0,0.5,2.0,5.0,7.0,9.5,1.0,5.0,10.5,16.0,23.5,32.0,0.0,0.0,0.0,0.0,0.0,0.0,2.0,5.5,12.5,21.0,30.5,41.5,2
PMID 26933849 a_Summary_SoE.pdf,control,0,0.0,2.0,5.0,6.0,6.0,6.0,1.0,0.0,0.0,1.0,2.0,3.0,0.0,0.0,0.0,0.0,0.0,0.0,0.0,0.0,0.0,0.0,0.0,0.0,1.0,2.0,5.0,7.0,8.0,9.0,2
PMID 26933849 a_Summary_SoE.pdf,intervention,0,0.0,5.0,13.0,18.0,18.0,18.0,1.0,0.0,0.0,1.0,2.0,3.0,0.0,0.0,0.0,0.0,0.0,0.0,0.0,0.0,0.0,0.0,0.0,0.0,1.0,5.0,13.0,19.0,20.0,21.0,2
PMID 26997579 a _Summary_SoE.pdf,control,0,0.0,1.0,1.0,1.0,1.0,1.0,0.0,0.0,0.0,0.0,0.0,0.0,1.0,1.0,1.0,1.0,1.0,1.0,0.0,0.0,0.0,0.0,0.0,0.0,1.0,2.0,2.0,2.0,2.0,2.0,2
PMID 26997579 a _Summary_SoE.pdf,intervention,0,0.0,1.0,1.0,1.0,1.0,1.0,0.0,0.0,0.0,0.0,0.0,0.0,1.0,1.0,1.0,1.0,1.0,1.0,0.0,0.0,0.0,0.0,0.0,0.0,1.0,2.0,2.0,2.0,2.0,2.0,2
PMID 27044935 a_Summary_SoE.pdf,control,0,0.0,22.0,41.0,41.0,41.0,41.0,2.0,0.0,0.0,0.0,0.0,0.0,1.0,0.0,1.0,2.0,3.0,4.0,0.0,0.0,0.0,0.0,0.0,0.0,3.0,22.0,42.0,43.0,44.0,45.0,2
PMID 27044935 a_Summary_SoE.pdf,intervention,0,0.0,22.0,28.0,28.0,28.0,28.0,2.0,0.0,0.0,0.0,0.0,0.0,1.0,0.0,1.0,2.0,3.0,4.0,0.0,0.0,0.0,0.0,0.0,0.0,3.0,22.0,29.0,30.0,31.0,32.0,2
PMID 27119237 a_Summary_SoE.pdf,control,0,0.0,3.5,7.5,10.5,13.5,17.5,0.5,0.0,0.0,0.0,0.0,0.0,0.5,1.5,3.5,3.5,3.5,3.5,0.0,0.0,0.0,0.0,0.0,0.0,1.0,5.0,11.0,14.0,17.0,21.0,2
PMID 27119237 a_Summary_SoE.pdf,intervention,0,0.0,3.5,7.5,10.5,13.5,17.5,0.5,0.0,0.0,0.0,0.0,0.0,0.5,1.5,3.5,3.5,3.5,3.5,0.0,0.0,0.0,0.0,0.0,0.0,1.0,5.0,11.0,14.0,17.0,21.0,2
PMID 27264120 a_Summary_SoE.pdf,control,0,0.0,0.0,0.0,0.0,0.0,0.0,1.0,0.0,0.0,0.0,0.0,1.0,0.0,0.0,0.0,1.0,1.0,1.0,0.0,0.0,0.0,0.0,0.0,0.0,1.0,0.0,0.0,1.0,1.0,2.0,2
PMID 27264120 a_Summary_SoE.pdf,intervention,0,0.0,0.0,0.0,0.0,0.0,0.0,1.0,0.0,0.0,0.0,0.0,1.0,0.0,0.0,0.0,1.0,1.0,1.0,0.0,0.0,0.0,0.0,0.0,0.0,1.0,0.0,0.0,1.0,1.0,2.0,2
PMID 27354480 a_Summary_SoE.pdf,control,0,0.0,0.5,2.0,3.0,3.0,3.0,0.0,0.0,0.0,0.0,0.0,0.0,1.0,2.5,5.5,7.5,8.0,8.0,0.0,0.0,0.0,0.5,0.5,0.5,1.0,3.0,7.5,11.0,11.5,11.5,2
PMID 27354480 a_Summary_SoE.pdf,intervention,0,0.0,0.5,2.0,3.0,3.0,3.0,0.0,0.0,0.0,0.0,0.0,0.0,1.0,2.5,5.5,7.5,8.0,8.0,0.0,0.0,0.0,0.5,0.5,0.5,1.0,3.0,7.5,11.0,11.5,11.5,2
PMID 27458307 a_Summary_SoE.pdf,control,0,0.0,6.0,13.0,15.0,16.0,17.0,1.0,0.0,0.0,1.0,1.0,1.0,0.0,0.0,0.0,0.0,0.0,0.0,0.0,0.0,0.0,0.0,0.0,0.0,1.0,6.0,13.0,16.0,17.0,18.0,2
PMID 27458307 a_Summary_SoE.pdf,intervention,0,0.0,6.0,13.0,15.0,16.0,17.0,1.0,0.0,0.0,1.0,1.0,1.0,0.0,0.0,0.0,0.0,0.0,0.0,0.0,0.0,0.0,0.0,0.0,0.0,1.0,6.0,13.0,16.0,17.0,18.0,2
PMID 27458945 a_Summary_SoE.pdf,control,0,0.0,13.0,13.0,13.0,13.0,13.0,1.5,0.0,2.0,3.0,4.0,5.0,0.0,0.0,0.0,0.0,0.0,0.0,0.0,0.0,0.0,0.0,0.0,0.0,1.5,13.0,15.0,16.0,17.0,18.0,2
PMID 27458945 a_Summary_SoE.pdf,intervention,0,0.0,1.0,1.0,1.0,1.0,1.0,1.5,0.0,2.0,3.0,4.0,5.0,0.0,0.0,0.0,0.0,0.0,0.0,0.0,0.0,0.0,0.0,0.0,0.0,1.5,1.0,3.0,4.0,5.0,6.0,2
PMID 27557302 a_Summary_SoE.pdf,control,0,0.0,7.0,18.0,32.0,32.0,32.0,1.0,0.0,0.0,0.0,0.0,0.0,0.0,0.0,0.0,1.0,4.0,8.0,0.0,0.0,0.0,0.0,0.0,0.0,1.0,7.0,18.0,33.0,36.0,40.0,2
PMID 27557302 a_Summary_SoE.pdf,intervention,0,0.0,8.0,21.0,36.0,39.0,43.0,1.0,0.0,0.0,0.0,0.0,0.0,0.0,0.0,0.0,0.0,0.0,0.0,0.0,0.0,0.0,0.0,0.0,0.0,1.0,8.0,21.0,36.0,39.0,43.0,2
PMID 27569442 CT_Summary_SoE.pdf,control,0,0.0,3.5,10.5,21.0,24.0,24.0,0.5,0.0,1.5,2.5,3.5,4.0,0.5,3.5,10.0,20.0,22.5,22.5,1.0,0.0,0.0,0.0,0.0,1.5,2.0,7.0,22.0,43.5,50.0,52.0,2
PMID 27569442 CT_Summary_SoE.pdf,intervention,0,0.0,3.5,10.5,24.5,38.5,46.0,0.5,0.0,1.5,2.0,2.5,3.0,0.5,3.5,10.0,18.5,21.0,20.5,1.0,0.0,0.0,0.0,0.0,1.0,2.0,7.0,22.0,45.0,62.0,70.5,2
PMID 27569442 CT_Summary_SoE.pdf,intervention,1,0.0,3.5,10.5,22.5,36.0,43.5,0.5,0.0,1.5,2.5,3.5,4.0,0.5,3.5,10.0,20.0,28.5,29.0,1.0,0.0,0.0,0.0,0.0,0.0,2.0,7.0,22.0,45.0,68.0,76.5,2
PMID 27705267 a_Summary_SoE.pdf,control,0,0.0,0.0,0.0,0.0,0.0,0.0,1.5,0.0,0.0,0.0,0.0,0.0,0.5,5.0,11.0,17.0,20.0,24.0,0.0,0.0,0.0,0.0,0.0,0.0,2.0,5.0,11.0,17.0,20.0,24.0,2
PMID 27705267 a_Summary_SoE.pdf,intervention,0,0.0,5.0,11.0,17.0,20.0,24.0,1.5,0.0,0.0,0.0,0.0,0.0,0.5,0.0,0.0,0.0,0.0,0.0,0.0,0.0,0.0,0.0,0.0,0.0,2.0,5.0,11.0,17.0,20.0,24.0,2
PMID 27717299 a_Summary_SoE.pdf,control,0,0.0,1.5,2.5,4.0,5.5,7.5,1.0,0.5,1.0,2.0,2.5,3.5,0.5,3.0,3.5,4.0,5.0,6.0,0.0,0.0,0.0,0.0,0.0,0.0,1.5,5.0,7.0,10.0,13.0,17.0,2
PMID 27717299 a_Summary_SoE.pdf,intervention,0,0.0,1.5,2.5,4.0,5.5,7.5,1.0,0.5,1.0,2.0,2.5,3.5,0.5,3.0,3.5,4.0,5.0,6.0,0.0,0.0,0.0,0.0,0.0,0.0,1.5,5.0,7.0,10.0,13.0,17.0,2
PMID 27717299 a_Summary_SoE.pdf,intervention,1,0.0,3.0,5.0,8.0,12.0,15.0,1.0,0.0,0.0,0.0,0.0,0.0,0.0,11.0,11.0,11.0,11.0,11.0,0.0,0.0,0.0,0.0,0.0,0.0,1.0,14.0,16.0,19.0,23.0,26.0,1
PMID 27717303 a_Summary_SoE.pdf,control,0,0.0,2.5,4.5,7.5,10.5,14.5,1.0,0.5,0.5,0.5,0.5,0.5,0.5,0.0,0.0,0.0,0.0,0.0,0.5,0.0,0.0,0.0,0.0,0.0,2.0,3.0,5.0,8.0,11.0,15.0,2
PMID 27717303 a_Summary_SoE.pdf,intervention,0,0.0,2.5,4.5,7.5,10.5,14.5,1.0,0.5,0.5,0.5,0.5,0.5,0.5,0.0,0.0,0.0,0.0,0.0,0.5,0.0,0.0,0.0,0.0,0.0,2.0,3.0,5.0,8.0,11.0,15.0,2
PMID 27718781 a_Summary_SoE.pdf,control,0,0.0,1.0,3.0,5.0,7.0,9.0,2.0,1.0,1.0,1.0,1.0,1.0,0.5,0.0,0.0,0.0,0.0,0.0,0.0,0.0,0.0,0.0,0.0,0.0,2.5,2.0,4.0,6.0,8.0,10.0,2
PMID 27718781 a_Summary_SoE.pdf,intervention,0,0.0,1.0,3.0,5.0,7.0,9.0,2.0,1.0,1.0,1.0,1.0,1.0,0.5,0.0,0.0,0.0,0.0,0.0,0.0,0.0,0.0,0.0,0.0,0.0,2.5,2.0,4.0,6.0,8.0,10.0,2
PMID 27718784 a_Summary_SoE.pdf,control,0,0.0,5.0,13.0,26.0,39.0,53.0,1.0,0.0,0.0,0.0,0.0,0.0,0.5,0.0,0.0,0.0,0.0,0.0,0.0,0.0,0.0,0.0,0.0,0.0,1.5,5.0,13.0,26.0,39.0,53.0,2
PMID 27718784 a_Summary_SoE.pdf,intervention,0,0.0,3.0,7.0,13.0,20.0,27.0,1.0,0.0,0.0,0.0,0.0,0.0,0.5,0.0,0.0,0.0,0.0,0.0,0.0,0.0,0.0,0.0,0.0,0.0,1.5,3.0,7.0,13.0,20.0,27.0,2
PMID 27731748 a_Summary_SoE.pdf,control,0,0.0,0.0,0.0,0.0,0.0,0.0,0.0,0.0,0.0,0.0,0.0,0.0,0.5,0.0,0.0,0.0,0.0,0.0,0.0,0.0,0.0,0.0,0.0,0.0,0.5,0.0,0.0,0.0,0.0,0.0,2
PMID 27731748 a_Summary_SoE.pdf,intervention,0,0.0,0.0,0.0,0.0,0.0,0.0,0.0,0.0,0.0,0.0,0.0,0.0,0.5,0.0,0.0,0.0,0.0,0.0,0.0,0.0,0.0,0.0,0.0,0.0,0.5,0.0,0.0,0.0,0.0,0.0,2
PMID 27787547 a_Summary_SoE.pdf,control,0,0.0,5.0,13.0,24.0,24.0,24.0,1.0,0.0,0.0,0.0,1.0,2.0,0.5,0.0,0.0,0.0,0.0,0.0,0.0,0.0,0.0,0.0,0.0,0.0,1.5,5.0,13.0,24.0,25.0,26.0,2
PMID 27787547 a_Summary_SoE.pdf,intervention,0,0.0,5.0,13.0,24.0,24.0,24.0,1.0,0.0,0.0,0.0,1.0,2.0,0.5,0.0,0.0,0.0,0.0,0.0,0.0,0.0,0.0,0.0,0.0,0.0,1.5,5.0,13.0,24.0,25.0,26.0,2
PMID 27908454 CT_Summary_SoE.pdf,control,0,0.0,3.0,5.0,8.0,11.0,15.0,1.0,0.0,0.0,0.0,0.0,0.0,0.0,0.0,0.0,0.0,0.0,0.0,0.0,0.0,0.0,0.0,0.0,0.0,1.0,3.0,5.0,8.0,11.0,15.0,2
PMID 27908454 CT_Summary_SoE.pdf,intervention,0,0.0,3.0,5.0,8.0,11.0,15.0,1.0,0.0,0.0,0.0,0.0,0.0,0.0,0.0,0.0,0.0,0.0,0.0,0.0,0.0,0.0,0.0,0.0,0.0,1.0,3.0,5.0,8.0,11.0,15.0,2
PMID 27914822_Summary_SoE.pdf,control,0,0.0,2.0,4.0,4.0,4.0,4.0,0.5,0.0,0.0,0.5,1.0,1.0,0.5,2.0,4.0,4.5,4.5,4.5,0.0,0.0,0.0,0.0,0.0,0.0,1.0,4.0,8.0,9.0,9.5,9.5,2
PMID 27914822_Summary_SoE.pdf,intervention,0,0.0,2.0,4.0,4.0,4.0,4.0,0.5,0.0,0.0,0.5,1.0,1.0,0.5,2.0,4.0,4.5,4.5,4.5,0.0,0.0,0.0,0.0,0.0,0.0,1.0,4.0,8.0,9.0,9.5,9.5,2
PMID 27918724 a_Summary_SoE.pdf,control,0,0.0,2.0,5.0,9.0,10.0,11.0,1.0,0.0,0.0,0.0,0.0,1.5,0.0,0.0,0.0,0.0,0.0,0.5,0.0,0.0,0.0,0.0,0.0,0.0,1.0,2.0,5.0,9.0,10.0,13.0,2
PMID 27918724 a_Summary_SoE.pdf,intervention,0,0.0,2.0,5.0,9.0,10.0,11.0,1.0,0.0,0.0,0.0,0.0,1.5,0.0,0.0,0.0,0.0,0.0,0.5,0.0,0.0,0.0,0.0,0.0,0.0,1.0,2.0,5.0,9.0,10.0,13.0,2
PMID 27918724 a_Summary_SoE.pdf,intervention,1,0.0,2.0,5.0,9.0,10.0,11.0,1.0,0.0,0.0,0.0,0.0,1.0,0.0,0.0,0.0,0.0,0.0,1.0,0.0,0.0,0.0,0.0,0.0,0.0,1.0,2.0,5.0,9.0,10.0,13.0,1
PMID 27918780 a_Summary_SoE.pdf,control,0,0.0,3.0,6.0,10.0,14.0,19.0,1.0,0.0,0.0,0.0,0.0,0.0,0.0,0.5,0.5,0.5,0.5,0.5,0.0,0.0,0.0,0.0,0.0,0.0,1.0,3.5,6.5,10.5,14.5,19.5,2
PMID 27918780 a_Summary_SoE.pdf,intervention,0,0.0,3.0,6.0,10.0,14.0,19.0,1.0,0.0,0.0,0.0,0.0,0.0,0.0,0.5,0.5,0.5,0.5,0.5,0.0,0.0,0.0,0.0,0.0,0.0,1.0,3.5,6.5,10.5,14.5,19.5,2
PMID 27959613 a_Summary_SoE.pdf,control,0,0.0,1.0,2.0,3.5,5.0,7.0,1.0,1.0,1.5,2.0,2.5,3.0,0.0,1.0,2.5,3.5,4.5,6.0,0.0,0.0,0.0,0.0,0.0,0.0,1.0,3.0,6.0,9.0,12.0,16.0,2
PMID 27959613 a_Summary_SoE.pdf,intervention,0,0.0,1.0,2.0,3.5,5.0,7.0,1.0,1.0,1.5,2.0,2.5,3.0,0.0,1.0,2.5,3.5,4.5,6.0,0.0,0.0,0.0,0.0,0.0,0.0,1.0,3.0,6.0,9.0,12.0,16.0,2
PMID 27959700 a_Summary_SoE.pdf,control,0,0.0,2.0,5.0,8.5,11.5,15.0,0.5,1.0,1.0,1.0,1.0,1.0,0.0,0.0,0.0,0.0,0.0,0.0,0.5,0.0,0.0,0.0,0.0,0.0,1.0,3.5,6.5,10.0,13.0,16.5,2
PMID 27959700 a_Summary_SoE.pdf,intervention,0,0.0,1.5,3.0,4.5,5.5,6.5,0.5,2.5,4.0,5.5,6.5,7.5,0.0,0.0,0.0,0.0,0.0,0.0,0.5,0.0,0.0,0.0,0.0,0.0,1.0,4.5,7.5,10.5,12.5,14.5,2
PMID 27979383 a_Summary_SoE.pdf,control,0,0.0,0.0,0.0,0.0,0.0,0.0,0.0,0.0,0.0,0.0,0.0,0.0,0.0,0.0,0.0,0.0,0.0,0.0,0.0,0.0,0.0,0.0,0.0,0.0,0.0,0.0,0.0,0.0,0.0,0.0,2
PMID 27979383 a_Summary_SoE.pdf,intervention,0,0.0,0.0,0.0,0.0,0.0,0.0,0.0,0.0,0.0,0.0,0.0,0.0,0.0,0.0,0.0,0.0,0.0,0.0,0.0,0.0,0.0,0.0,0.0,0.0,0.0,0.0,0.0,0.0,0.0,0.0,2
PMID 28029326 a_Summary_SoE.pdf,control,0,0.0,9.0,15.5,36.5,36.5,36.5,1.5,0.0,1.5,2.0,3.0,4.0,0.0,4.0,10.5,11.0,12.0,12.0,0.5,0.0,0.0,0.0,0.0,0.0,2.0,13.0,27.5,49.5,51.5,52.5,2
PMID 28029326 a_Summary_SoE.pdf,intervention,0,0.0,9.0,15.5,36.5,36.5,36.5,1.5,0.0,1.5,2.0,3.0,4.0,0.0,4.0,10.5,11.0,12.0,12.0,0.5,0.0,0.0,0.0,0.0,0.0,2.0,13.0,27.5,49.5,51.5,52.5,2
PMID 28030702 a_Summary_SoE.pdf,control,0,0.0,2.0,4.0,7.0,10.0,14.0,1.0,0.0,0.0,0.0,0.0,0.0,1.0,0.0,0.0,0.0,0.0,0.0,0.0,0.0,0.0,0.0,0.0,0.0,2.0,2.0,4.0,7.0,10.0,14.0,2
PMID 28030702 a_Summary_SoE.pdf,intervention,0,0.0,1.0,2.0,3.0,4.0,5.0,1.0,0.0,0.0,0.0,0.0,0.0,1.0,1.0,2.0,4.0,6.0,9.0,0.0,0.0,0.0,0.0,0.0,0.0,2.0,2.0,4.0,7.0,10.0,14.0,2
PMID 28034081 a_Summary_SoE.pdf,control,0,0.0,2.0,4.0,5.0,6.0,7.0,1.0,0.0,1.0,1.0,1.0,1.0,0.0,0.0,0.0,1.0,1.0,1.0,0.0,0.0,0.0,0.0,0.0,0.0,1.0,2.0,5.0,7.0,8.0,9.0,2
PMID 28034081 a_Summary_SoE.pdf,intervention,0,0.0,2.0,4.0,5.0,6.0,7.0,1.0,0.0,1.0,1.0,1.0,1.0,0.0,0.0,0.0,1.0,1.0,1.0,0.0,0.0,0.0,0.0,0.0,0.0,1.0,2.0,5.0,7.0,8.0,9.0,2
PMID 28056202 a_Summary_SoE.pdf,control,0,0.0,5.0,13.0,26.0,39.0,53.0,1.0,0.0,0.0,0.0,0.0,0.0,0.0,0.0,0.0,0.0,0.0,0.0,0.0,0.0,0.0,0.0,0.0,0.0,1.0,5.0,13.0,26.0,39.0,53.0,2
PMID 28056202 a_Summary_SoE.pdf,intervention,0,0.0,2.0,5.0,9.0,13.0,18.0,1.0,0.5,1.0,1.0,1.0,1.0,0.0,3.0,6.0,6.0,6.0,6.0,0.0,0.0,0.0,0.0,0.0,0.0,1.0,5.5,12.0,16.0,20.0,25.0,2
PMID 28056202 a_Summary_SoE.pdf,intervention,1,0.0,2.0,5.0,9.0,13.0,18.0,1.0,0.5,1.0,1.0,1.0,1.0,0.0,3.0,6.0,6.0,6.0,6.0,0.0,0.0,0.0,0.0,0.0,0.0,1.0,5.5,12.0,16.0,20.0,25.0,2
PMID 28076709 a_Summary_SoE.pdf,control,0,0.0,2.0,4.0,7.0,10.0,14.0,1.0,0.0,0.0,0.0,0.0,0.0,0.5,0.0,0.0,0.0,0.0,0.0,0.5,0.0,0.0,0.0,0.0,0.0,2.0,2.0,4.0,7.0,10.0,14.0,2
PMID 28076709 a_Summary_SoE.pdf,intervention,0,0.0,2.5,5.5,10.0,13.0,17.0,1.0,0.5,0.5,1.0,1.0,1.0,0.5,0.0,1.0,3.0,3.0,3.0,0.5,0.0,0.0,0.0,0.0,0.0,2.0,3.0,7.0,14.0,17.0,21.0,2
PMID 28125763 a_Summary_SoE.pdf,control,0,0.0,2.0,4.0,7.0,10.0,13.0,1.0,0.0,0.0,0.0,0.0,1.0,0.0,0.0,0.0,0.0,0.0,0.0,0.0,0.0,0.0,0.0,0.0,0.0,1.0,2.0,4.0,7.0,10.0,14.0,2
PMID 28125763 a_Summary_SoE.pdf,intervention,0,0.0,2.0,4.0,7.0,10.0,13.0,1.0,0.0,0.0,0.0,0.0,1.0,0.0,0.0,0.0,0.0,0.0,0.0,0.0,0.0,0.0,0.0,0.0,0.0,1.0,2.0,4.0,7.0,10.0,14.0,2
PMID 28126333 a_Summary_SoE.pdf,control,0,0.0,2.0,5.0,9.0,13.0,18.0,1.0,0.5,0.5,0.5,0.5,1.0,1.0,0.5,0.5,0.5,0.5,1.0,0.0,0.0,0.0,0.0,0.0,0.0,2.0,3.0,6.0,10.0,14.0,20.0,2
PMID 28126333 a_Summary_SoE.pdf,intervention,0,0.0,1.0,2.5,4.5,6.5,9.0,1.0,1.5,3.0,5.0,7.0,10.0,1.0,0.5,0.5,0.5,0.5,1.0,0.0,0.0,0.0,0.0,0.0,0.0,2.0,3.0,6.0,10.0,14.0,20.0,2
PMID 28135150 a_Summary_SoE.pdf,control,0,0.0,0.0,0.0,0.0,0.0,0.0,1.0,0.0,1.0,2.0,3.0,4.0,1.0,0.0,0.0,0.0,0.0,0.0,0.0,1.0,1.0,1.0,1.0,1.0,2.0,1.0,2.0,3.0,4.0,5.0,2
PMID 28135150 a_Summary_SoE.pdf,intervention,0,0.0,20.0,20.0,20.0,20.0,20.0,1.0,0.0,1.0,2.0,3.0,4.0,1.0,1.0,1.0,1.0,1.0,1.0,0.0,0.0,0.0,0.0,0.0,0.0,2.0,21.0,22.0,23.0,24.0,25.0,2
PMID 28139405 CT_Summary_SoE.pdf,control,0,0.0,4.0,8.0,12.5,12.5,12.5,1.0,0.0,0.0,0.5,1.5,2.5,0.0,1.0,3.0,6.0,7.0,8.0,0.0,0.0,0.0,0.0,0.0,0.0,1.0,5.0,11.0,19.0,21.0,23.0,2
PMID 28139405 CT_Summary_SoE.pdf,intervention,0,0.0,4.0,8.0,12.5,12.5,12.5,1.0,0.0,0.0,0.5,1.5,2.5,0.0,1.0,3.0,6.0,7.0,8.0,0.0,0.0,0.0,0.0,0.0,0.0,1.0,5.0,11.0,19.0,21.0,23.0,2
PMID 28140392 a_Summary_SoE.pdf,control,0,0.0,3.0,6.5,12.0,18.0,25.0,0.5,0.0,0.5,1.0,1.5,2.0,1.0,0.0,0.0,0.0,0.0,0.0,0.0,0.0,0.0,0.0,0.0,0.0,1.5,3.0,7.0,13.0,19.5,27.0,2
PMID 28140392 a_Summary_SoE.pdf,intervention,0,0.0,2.0,3.5,6.0,8.5,12.0,0.5,0.0,0.5,1.0,1.5,2.0,1.0,0.0,0.0,0.0,0.0,0.0,0.0,0.0,0.0,0.0,0.0,0.0,1.5,2.0,4.0,7.0,10.0,14.0,2
PMID 28146658 a_Summary_SoE.pdf,control,0,0.0,22.0,36.0,36.0,36.0,36.0,1.0,0.0,0.0,0.0,0.0,0.0,1.0,0.0,1.0,2.0,3.0,4.0,0.0,0.0,0.0,0.0,0.0,0.0,2.0,22.0,37.0,38.0,39.0,40.0,2
PMID 28146658 a_Summary_SoE.pdf,intervention,0,0.0,22.0,36.0,36.0,36.0,36.0,1.0,0.0,0.0,0.0,0.0,0.0,1.0,0.0,1.0,2.0,3.0,4.0,0.0,0.0,0.0,0.0,0.0,0.0,2.0,22.0,37.0,38.0,39.0,40.0,2
PMID 28212060 a_Summary_SoE.pdf,control,0,0.0,2.0,5.0,9.0,13.0,18.0,1.0,0.0,0.0,0.0,0.0,0.0,1.0,3.0,4.0,4.0,4.0,4.0,0.0,0.0,0.0,0.0,0.0,0.0,2.0,5.0,9.0,13.0,17.0,22.0,2
PMID 28212060 a_Summary_SoE.pdf,intervention,0,0.0,2.0,5.0,9.0,13.0,18.0,1.0,0.0,0.0,0.0,0.0,0.0,1.0,0.5,0.5,0.5,0.5,0.5,0.0,0.0,0.0,0.0,0.0,0.0,2.0,2.5,5.5,9.5,13.5,18.5,2
PMID 28249141 a_Summary_SoE.pdf,control,0,0.0,5.0,13.5,20.5,22.0,23.5,0.5,0.0,0.0,0.5,1.0,1.5,1.0,1.5,3.0,6.5,9.0,10.5,0.0,0.0,0.0,0.0,0.0,0.0,1.5,6.5,16.5,27.5,32.0,35.5,2
PMID 28249141 a_Summary_SoE.pdf,intervention,0,0.0,4.0,10.0,18.5,21.0,22.0,0.5,0.0,0.0,0.0,0.5,1.0,1.0,2.0,5.0,9.5,12.0,14.0,0.0,0.0,0.0,0.0,0.0,0.0,1.5,6.0,15.0,28.0,33.5,37.0,2
PMID 28257752 CT_Summary_SoE.pdf,control,0,0.0,5.0,9.0,12.0,12.0,12.0,1.0,0.0,0.0,0.0,1.0,2.0,0.0,0.0,0.0,0.0,1.0,2.0,0.0,0.0,0.0,0.0,0.0,0.0,1.0,5.0,9.0,12.0,14.0,16.0,2
PMID 28257752 CT_Summary_SoE.pdf,intervention,0,0.0,5.0,9.0,12.0,12.0,12.0,1.0,0.0,0.0,0.0,1.0,2.0,0.0,0.0,0.0,0.0,1.0,2.0,0.0,0.0,0.0,0.0,0.0,0.0,1.0,5.0,9.0,12.0,14.0,16.0,2
PMID 28296618 a_Summary_SoE.pdf,control,0,0.0,15.0,15.0,15.0,15.0,15.0,1.0,0.0,1.5,2.0,2.5,3.0,1.0,0.5,0.5,0.5,0.5,0.5,0.0,0.5,0.5,1.0,1.5,2.0,2.0,17.0,18.5,19.5,20.5,21.5,2
PMID 28296618 a_Summary_SoE.pdf,intervention,0,0.0,15.0,15.0,15.0,15.0,15.0,1.0,0.0,1.0,2.0,3.0,4.0,1.0,0.5,3.0,7.5,12.0,16.5,0.0,0.5,2.0,3.0,4.0,5.5,2.0,17.0,22.0,28.5,35.0,42.0,2
PMID 28380315 a_Summary_SoE.pdf,control,0,0.0,7.0,7.0,7.0,7.0,7.0,1.0,0.0,0.0,0.0,0.0,0.0,0.0,6.0,14.5,17.5,18.0,19.0,0.0,0.0,0.0,0.0,0.0,0.0,1.0,13.0,21.5,24.5,25.0,26.0,2
PMID 28380315 a_Summary_SoE.pdf,intervention,0,0.0,6.0,6.0,6.0,6.0,6.0,1.0,0.0,0.0,0.0,0.0,0.0,0.0,6.0,14.5,17.5,18.0,19.0,0.0,0.0,0.0,0.0,0.0,0.0,1.0,12.0,20.5,23.5,24.0,25.0,2
PMID 28384065 a_Summary_SoE.pdf,control,0,0.0,2.0,5.0,9.0,13.0,18.0,1.0,0.0,0.5,0.5,0.5,0.5,0.5,0.0,0.0,0.0,0.0,0.0,0.0,1.0,2.0,4.5,6.5,9.0,1.5,3.0,7.5,14.0,20.0,27.5,2
PMID 28384065 a_Summary_SoE.pdf,intervention,0,0.0,2.0,5.0,9.0,13.0,18.0,1.0,0.0,0.5,0.5,0.5,0.5,0.5,0.0,0.0,0.0,0.0,0.0,0.0,1.0,2.0,4.5,6.5,9.0,1.5,3.0,7.5,14.0,20.0,27.5,2
PMID 28438473 a_Summary_SoE.pdf,control,0,0.0,2.0,5.0,8.0,8.0,8.0,0.5,0.0,0.5,1.5,2.5,3.5,1.0,4.0,9.0,17.0,17.0,17.0,0.0,0.0,0.0,0.0,0.0,0.0,1.5,6.0,14.5,26.5,27.5,28.5,2
PMID 28438473 a_Summary_SoE.pdf,intervention,0,0.5,2.0,5.0,9.0,11.5,14.0,0.5,0.5,1.0,2.0,2.5,3.5,1.0,2.5,7.5,16.0,17.0,17.0,2.0,2.0,2.0,2.0,2.0,2.0,4.0,7.0,15.5,29.0,33.0,36.5,2
PMID 28438473 a_Summary_SoE.pdf,intervention,1,0.0,2.0,5.0,9.0,13.0,18.0,1.0,0.0,0.0,0.0,0.0,0.0,0.0,3.0,8.0,16.0,16.0,16.0,0.0,0.0,0.0,0.0,0.0,0.0,1.0,5.0,13.0,25.0,29.0,34.0,1
PMID 28438473 a_Summary_SoE.pdf,intervention,2,0.0,1.0,4.0,8.0,13.0,17.0,1.0,1.0,1.0,1.0,1.0,1.0,0.0,0.0,5.0,14.0,16.0,16.0,0.0,0.0,0.0,0.0,0.0,0.0,1.0,2.0,10.0,23.0,30.0,34.0,1
PMID 28492898 CT_Summary_SoE.pdf,control,0,0.0,4.0,10.0,13.5,15.5,18.0,1.0,0.0,0.0,1.0,2.0,3.0,0.5,2.0,2.0,2.5,3.5,5.0,0.0,0.0,0.0,0.0,0.0,0.0,1.5,6.0,12.0,17.0,21.0,26.0,2
PMID 28492898 CT_Summary_SoE.pdf,intervention,0,0.0,4.0,10.0,13.5,15.5,18.0,1.0,0.0,0.0,1.0,2.0,3.0,0.5,2.0,2.0,2.5,3.5,5.0,0.0,0.0,0.0,0.0,0.0,0.0,1.5,6.0,12.0,17.0,21.0,26.0,2
PMID 28501140 CT_Summary_SoE.pdf,control,0,0.0,2.0,3.0,5.0,6.0,8.0,1.0,0.0,0.0,0.0,0.0,0.0,1.0,0.0,0.0,0.0,0.0,0.0,0.0,0.0,0.0,0.0,0.0,0.0,2.0,2.0,3.0,5.0,6.0,8.0,2
PMID 28501140 CT_Summary_SoE.pdf,intervention,0,0.0,2.0,3.0,5.0,6.0,8.0,1.0,0.0,0.0,0.0,0.0,0.0,1.0,0.0,0.0,0.0,0.0,0.0,0.0,0.0,0.0,0.0,0.0,0.0,2.0,2.0,3.0,5.0,6.0,8.0,2
PMID 28578601 a_Summary_SoE.pdf,control,0,0.0,4.0,8.0,16.0,23.5,33.0,1.0,0.5,1.5,2.5,3.0,3.5,1.0,1.5,1.5,1.5,1.5,1.5,0.0,0.0,0.0,0.0,0.0,0.0,2.0,6.0,11.0,20.0,28.0,38.0,2
PMID 28578601 a_Summary_SoE.pdf,intervention,0,0.0,2.0,4.0,7.0,10.5,15.0,1.0,0.5,1.5,2.5,3.0,3.5,1.0,2.5,2.5,2.5,2.5,2.5,0.0,0.0,0.0,0.0,0.0,0.0,2.0,5.0,8.0,12.0,16.0,21.0,2
PMID 28578607 a_Summary_SoE.pdf,control,0,0.0,2.0,4.0,7.0,10.0,14.0,1.0,0.5,0.5,0.5,0.5,0.5,0.5,1.5,3.5,3.5,3.5,3.5,0.0,0.0,0.0,0.0,0.0,0.0,1.5,4.0,8.0,11.0,14.0,18.0,2
PMID 28578607 a_Summary_SoE.pdf,intervention,0,0.0,2.0,4.0,7.0,10.0,14.0,1.0,0.5,0.5,0.5,0.5,0.5,0.5,1.5,3.5,3.5,3.5,3.5,0.0,0.0,0.0,0.0,0.0,0.0,1.5,4.0,8.0,11.0,14.0,18.0,2
PMID 28580882 a_Summary_SoE.pdf,control,0,0.0,3.0,5.0,8.0,11.0,15.0,2.0,0.0,0.0,0.0,0.0,0.0,0.0,0.0,0.0,0.0,0.0,0.0,0.0,0.0,0.0,0.0,0.0,0.0,2.0,3.0,5.0,8.0,11.0,15.0,2
PMID 28580882 a_Summary_SoE.pdf,intervention,0,0.0,3.0,5.0,8.0,11.0,15.0,2.0,0.0,0.0,0.0,0.0,0.0,0.0,0.0,0.0,0.0,0.0,0.0,0.0,0.0,0.0,0.0,0.0,0.0,2.0,3.0,5.0,8.0,11.0,15.0,2
PMID 28581356 a_Summary_SoE.pdf,control,0,0.0,2.0,5.0,9.0,13.0,18.0,1.0,0.0,0.5,1.0,1.5,2.0,0.5,0.0,0.0,0.0,0.0,0.0,0.0,0.0,0.0,0.0,0.0,0.0,1.5,2.0,5.5,10.0,14.5,20.0,2
PMID 28581356 a_Summary_SoE.pdf,intervention,0,0.0,2.0,5.0,9.0,13.0,18.0,1.0,0.0,0.5,1.0,1.5,2.0,0.5,0.0,0.0,0.0,0.0,0.0,0.0,0.0,0.0,0.0,0.0,0.0,1.5,2.0,5.5,10.0,14.5,20.0,2
PMID 28600132 CT_Summary_SoE.pdf,control,0,0.0,1.5,3.0,5.0,7.0,8.5,1.0,0.0,0.5,1.5,2.0,3.0,0.5,0.5,1.5,2.5,4.0,5.0,0.0,0.0,0.0,0.0,0.0,0.5,1.5,2.0,5.0,9.0,13.0,17.0,2
PMID 28600132 CT_Summary_SoE.pdf,intervention,0,0.0,2.0,5.0,9.0,13.0,16.0,1.0,0.0,0.0,0.0,0.0,0.5,0.5,2.0,4.0,4.0,4.0,4.0,0.0,0.0,0.0,0.0,0.0,0.5,1.5,4.0,9.0,13.0,17.0,21.0,2
PMID 28632865 a_Summary_SoE.pdf,control,0,0.0,3.0,7.0,13.0,20.0,27.0,1.0,0.0,0.5,1.5,2.0,3.0,1.0,0.0,0.0,0.0,0.0,0.0,0.0,0.0,0.0,0.0,0.0,0.0,2.0,3.0,7.5,14.5,22.0,30.0,2
PMID 28632865 a_Summary_SoE.pdf,intervention,0,0.0,5.0,13.0,26.0,39.0,53.0,1.0,0.0,0.0,0.0,0.0,0.0,1.0,0.0,0.0,0.0,0.0,0.0,0.0,0.0,0.0,0.0,0.0,0.0,2.0,5.0,13.0,26.0,39.0,53.0,2
PMID 28636851 a_Summary_SoE.pdf,control,0,0.0,4.0,9.0,12.0,12.0,12.0,1.0,0.0,0.0,2.0,4.0,6.0,1.0,0.0,0.0,0.0,0.0,0.0,0.0,0.0,0.0,1.0,2.0,3.0,2.0,4.0,9.0,15.0,18.0,21.0,2
PMID 28636851 a_Summary_SoE.pdf,intervention,0,0.0,3.0,7.0,13.0,19.5,26.5,1.0,0.0,0.0,0.0,0.0,0.0,1.0,0.0,0.0,0.0,0.0,0.0,0.0,0.0,0.0,0.0,0.0,0.0,2.0,3.0,7.0,13.0,19.5,26.5,2
PMID 28644114 a_Summary_SoE.pdf,control,0,0.0,7.0,13.0,19.0,19.0,19.0,1.0,3.0,9.0,17.0,21.5,26.5,1.0,7.5,13.0,17.0,20.5,23.5,0.0,0.0,0.0,0.5,2.5,4.0,2.0,17.5,35.0,53.5,63.5,73.0,2
PMID 28644114 a_Summary_SoE.pdf,intervention,0,0.0,7.0,13.0,19.0,19.0,19.0,1.0,3.0,9.0,17.0,21.5,26.5,1.0,7.5,13.0,17.0,20.5,23.5,0.0,0.0,0.0,0.5,2.5,4.0,2.0,17.5,35.0,53.5,63.5,73.0,2
PMID 28687830 a_Summary_SoE.pdf,control,0,0.0,22.0,29.0,29.0,29.0,29.0,1.5,0.0,1.0,1.0,2.0,3.0,1.0,0.0,0.5,0.5,0.5,0.5,0.5,0.0,0.0,1.0,1.0,1.0,3.0,22.0,30.5,31.5,32.5,33.5,2
PMID 28687830 a_Summary_SoE.pdf,intervention,0,0.0,22.0,29.0,29.0,29.0,29.0,1.5,0.0,1.0,1.0,2.0,3.0,1.0,0.0,0.5,0.5,0.5,0.5,0.5,0.0,0.0,1.0,1.0,1.0,3.0,22.0,30.5,31.5,32.5,33.5,2
PMID 28746153 CT_Summary_SoE.pdf,control,0,0.0,1.0,1.0,1.0,1.0,1.0,0.0,0.0,0.0,0.0,0.0,0.0,1.0,3.0,3.0,3.0,3.0,3.0,0.0,4.0,4.0,4.0,4.0,4.0,1.0,8.0,8.0,8.0,8.0,8.0,2
PMID 28746153 CT_Summary_SoE.pdf,intervention,0,0.0,1.0,1.0,1.0,1.0,1.0,0.0,0.0,0.0,0.0,0.0,0.0,1.0,3.0,3.0,3.0,3.0,3.0,0.0,4.0,4.0,4.0,4.0,4.0,1.0,8.0,8.0,8.0,8.0,8.0,2
PMID 28753384 a_Summary_SoE.pdf,control,0,0.0,2.0,5.0,9.0,13.0,18.0,1.0,0.0,0.0,0.0,0.0,0.0,1.0,3.0,6.0,6.0,6.0,6.0,0.0,0.0,0.0,0.0,0.0,0.0,2.0,5.0,11.0,15.0,19.0,24.0,2
PMID 28753384 a_Summary_SoE.pdf,intervention,0,0.0,2.0,5.0,9.0,13.0,18.0,1.0,0.0,0.0,0.0,0.0,0.0,1.0,3.0,6.0,6.0,6.0,6.0,0.0,0.0,0.0,0.0,0.0,0.0,2.0,5.0,11.0,15.0,19.0,24.0,2
PMID 28753384 a_Summary_SoE.pdf,intervention,1,0.0,2.0,5.0,9.0,13.0,18.0,1.0,0.0,0.0,0.0,0.0,0.0,1.0,3.0,6.0,6.0,6.0,6.0,0.0,0.0,0.0,0.0,0.0,0.0,2.0,5.0,11.0,15.0,19.0,24.0,2
PMID 28754483 CT_Summary_SoE.pdf,control,0,0.0,0.0,0.0,0.0,0.0,0.0,0.0,0.0,0.0,0.0,0.0,0.0,0.0,0.0,0.0,0.0,0.0,0.0,0.0,0.0,0.0,0.0,0.0,0.0,0.0,0.0,0.0,0.0,0.0,0.0,2
PMID 28754483 CT_Summary_SoE.pdf,intervention,0,0.0,0.0,0.0,0.0,0.0,0.0,0.0,0.0,0.0,0.0,0.0,0.0,0.0,0.0,0.0,0.0,0.0,0.0,0.0,0.0,0.0,0.0,0.0,0.0,0.0,0.0,0.0,0.0,0.0,0.0,2
PMID 28796588 a_Summary_SoE.pdf,control,0,0.0,2.0,5.0,8.0,8.0,8.0,1.0,0.0,0.5,1.5,2.5,4.0,1.0,0.0,0.0,0.0,0.0,0.0,0.0,0.0,0.0,0.0,0.0,0.0,2.0,2.0,5.5,9.5,10.5,12.0,2
PMID 28796588 a_Summary_SoE.pdf,intervention,0,0.0,4.0,7.0,10.0,10.0,10.0,1.0,0.0,0.5,1.5,2.5,4.0,1.0,0.0,0.0,0.0,0.0,0.0,0.0,0.0,0.0,0.0,0.0,0.0,2.0,4.0,7.5,11.5,12.5,14.0,2
PMID 28809610 a_Summary_SoE.pdf,control,0,0.0,2.0,5.0,9.0,10.0,10.0,1.0,0.0,0.0,0.0,2.0,4.0,1.0,3.0,6.0,6.0,6.0,6.0,0.0,0.0,0.0,0.0,0.0,0.0,2.0,5.0,11.0,15.0,18.0,20.0,1
PMID 28809610 a_Summary_SoE.pdf,intervention,0,0.0,2.0,5.0,9.0,10.0,10.0,1.5,0.0,0.0,0.0,2.0,4.0,0.5,3.0,6.0,6.0,6.0,6.0,0.0,0.0,0.0,0.0,0.0,0.0,2.0,5.0,11.0,15.0,18.0,20.0,2
PMID 28809610 a_Summary_SoE.pdf,intervention,1,0.0,2.0,5.0,9.0,10.0,10.0,2.0,0.0,0.0,0.0,2.0,4.0,0.0,3.0,6.0,6.0,6.0,6.0,0.0,0.0,0.0,0.0,0.0,0.0,2.0,5.0,11.0,15.0,18.0,20.0,1
PMID 28854067 a_Summary_SoE.pdf,control,0,0.0,2.0,5.0,7.0,8.0,9.0,1.0,0.0,0.0,1.0,1.0,1.0,0.0,0.0,0.0,0.0,0.0,0.0,0.0,0.0,0.0,0.0,0.0,0.0,1.0,2.0,5.0,8.0,9.0,10.0,2
PMID 28854067 a_Summary_SoE.pdf,intervention,0,0.0,2.0,5.0,7.0,8.0,9.0,1.0,0.0,0.0,1.0,1.0,1.0,0.0,0.0,0.0,0.0,0.0,0.0,0.0,0.0,0.0,0.0,0.0,0.0,1.0,2.0,5.0,8.0,9.0,10.0,2
PMID 28885881 a_Summary_SoE.pdf,control,0,0.0,3.0,7.0,13.0,20.0,26.0,1.0,0.0,0.0,0.0,0.0,0.0,0.0,0.0,0.0,0.0,0.0,0.0,0.0,0.0,0.0,0.0,0.0,0.0,1.0,3.0,7.0,13.0,20.0,26.0,2
PMID 28885881 a_Summary_SoE.pdf,intervention,0,0.0,3.0,7.0,13.0,20.0,26.0,1.0,0.0,0.0,0.0,0.0,0.0,0.0,0.0,0.0,0.0,0.0,0.0,0.0,0.0,0.0,0.0,0.0,0.0,1.0,3.0,7.0,13.0,20.0,26.0,2
PMID 28891408 a_Summary_SoE.pdf,control,0,0.0,0.0,0.0,0.0,0.0,0.0,1.0,1.0,2.0,3.0,4.0,5.0,0.5,1.0,2.0,4.0,6.0,8.0,0.0,0.0,0.0,0.0,0.0,0.0,1.5,2.0,4.0,7.0,10.0,13.0,2
PMID 28891408 a_Summary_SoE.pdf,intervention,0,0.0,0.0,0.0,0.0,0.0,0.0,1.0,1.0,2.0,3.0,4.0,5.0,0.5,1.0,2.0,4.0,6.0,8.0,0.0,0.0,0.0,0.0,0.0,0.0,1.5,2.0,4.0,7.0,10.0,13.0,2
PMID 28891423 a_Summary_SoE.pdf,control,0,0.0,4.0,9.0,16.0,24.0,31.0,1.0,0.0,0.0,0.0,0.0,0.0,1.0,0.0,0.0,0.0,0.0,0.0,0.0,0.0,0.0,0.0,0.0,0.0,2.0,4.0,9.0,16.0,24.0,31.0,1
PMID 28891423 a_Summary_SoE.pdf,intervention,0,0.0,4.0,9.0,16.0,24.0,31.0,1.0,0.0,0.0,0.0,0.0,0.0,0.5,0.0,0.0,0.0,0.0,0.0,0.0,0.0,0.0,0.0,0.0,0.0,1.5,4.0,9.0,16.0,24.0,31.0,2
PMID 28891423 a_Summary_SoE.pdf,intervention,1,0.0,4.0,9.0,16.0,24.0,31.0,1.0,0.0,0.0,0.0,0.0,0.0,0.0,0.0,0.0,0.0,0.0,0.0,0.0,0.0,0.0,0.0,0.0,0.0,1.0,4.0,9.0,16.0,24.0,31.0,1
PMID 28902533 a_Summary_SoE.pdf,control,0,0.0,1.0,2.5,4.0,5.0,5.5,1.0,0.0,0.0,0.5,1.0,2.0,0.0,1.0,3.5,4.5,5.0,5.5,0.0,1.0,1.0,1.0,1.0,1.0,1.0,3.0,7.0,10.0,12.0,14.0,2
PMID 28902533 a_Summary_SoE.pdf,intervention,0,0.0,1.0,2.5,4.0,5.0,5.5,1.0,0.0,0.0,0.5,1.0,2.0,0.0,1.0,3.5,4.5,5.0,5.5,0.0,1.0,1.0,1.0,1.0,1.0,1.0,3.0,7.0,10.0,12.0,14.0,2
PMID 28916367 a_Summary_SoE.pdf,control,0,0.0,1.0,2.0,3.5,5.0,7.0,1.0,0.0,0.5,1.0,1.5,2.0,1.0,1.0,1.5,2.5,3.5,5.0,0.0,0.0,0.0,0.0,0.0,0.0,2.0,2.0,4.0,7.0,10.0,14.0,2
PMID 28916367 a_Summary_SoE.pdf,intervention,0,0.0,1.0,2.0,3.5,5.0,7.0,1.0,0.0,0.5,1.0,1.5,2.0,1.0,1.0,1.5,2.5,3.5,5.0,0.0,0.0,0.0,0.0,0.0,0.0,2.0,2.0,4.0,7.0,10.0,14.0,2
PMID 28916371 a_Summary_SoE.pdf,control,0,0.0,2.0,5.0,9.0,13.0,18.0,1.0,0.0,0.0,0.0,0.0,0.0,1.0,0.0,0.0,0.0,0.0,0.0,0.0,0.0,0.0,0.0,0.0,0.0,2.0,2.0,5.0,9.0,13.0,18.0,2
PMID 28916371 a_Summary_SoE.pdf,intervention,0,0.0,2.0,5.0,9.0,13.0,18.0,1.0,0.0,0.0,0.0,0.0,0.0,1.0,0.0,0.0,0.0,0.0,0.0,0.0,0.0,0.0,0.0,0.0,0.0,2.0,2.0,5.0,9.0,13.0,18.0,2
PMID 28935843 a_Summary_SoE.pdf,control,0,0.0,3.0,7.0,8.0,8.0,8.0,1.0,0.0,1.0,2.0,2.0,2.0,0.0,0.0,0.0,0.0,0.0,0.0,0.0,0.0,0.0,0.0,0.0,0.0,1.0,3.0,8.0,10.0,10.0,10.0,2
PMID 28935843 a_Summary_SoE.pdf,intervention,0,0.0,3.0,7.0,8.0,8.0,8.0,1.0,0.0,1.0,2.0,2.0,2.0,0.0,0.0,0.0,0.0,0.0,0.0,0.0,0.0,0.0,0.0,0.0,0.0,1.0,3.0,8.0,10.0,10.0,10.0,2
PMID 28958469a_Summary_SoE.pdf,control,0,0.0,1.0,2.0,3.5,5.0,7.0,1.0,0.5,0.5,1.0,1.5,2.0,1.0,2.5,6.5,8.5,11.5,13.0,0.0,0.0,0.0,0.0,0.0,0.0,2.0,4.0,9.0,13.0,18.0,22.0,2
PMID 28958469a_Summary_SoE.pdf,intervention,0,0.0,1.0,2.0,3.5,5.0,7.0,1.0,0.5,0.5,1.0,1.5,2.0,1.0,2.5,6.5,8.5,11.5,13.0,0.0,0.0,0.0,0.0,0.0,0.0,2.0,4.0,9.0,13.0,18.0,22.0,2
PMID 28968163 CT a_Summary_SoE.pdf,control,0,0.0,2.0,4.0,7.0,10.0,14.0,1.0,0.0,1.0,3.0,4.0,6.0,0.0,0.0,0.0,0.0,0.0,0.0,0.0,0.0,0.0,0.0,0.0,0.0,1.0,2.0,5.0,10.0,14.0,20.0,2
PMID 28968163 CT a_Summary_SoE.pdf,intervention,0,0.0,2.0,4.0,7.0,10.0,14.0,1.0,0.0,1.0,3.0,4.0,6.0,0.0,0.0,0.0,0.0,0.0,0.0,0.0,0.0,0.0,0.0,0.0,0.0,1.0,2.0,5.0,10.0,14.0,20.0,2
PMID 28976863 a_Summary_SoE.pdf,control,0,0.0,3.0,6.5,10.0,12.0,13.0,1.0,0.0,0.0,2.0,2.5,2.5,1.0,0.0,0.0,0.0,0.0,0.0,0.0,0.0,0.0,0.0,0.0,0.0,2.0,3.0,6.5,12.0,14.5,15.5,2
PMID 28976863 a_Summary_SoE.pdf,intervention,0,0.0,5.0,8.5,12.0,14.0,15.0,1.0,0.0,0.0,2.0,2.5,2.5,1.0,0.5,0.5,0.5,0.5,0.5,0.0,0.0,0.0,0.0,0.0,0.0,2.0,5.5,9.0,14.5,17.0,18.0,2
PMID 29091516 a_Summary_SoE.pdf,control,0,0.0,1.0,1.0,1.0,1.0,1.0,1.5,1.0,3.0,3.0,3.0,3.0,1.0,3.0,5.0,8.0,9.0,10.0,0.5,0.0,0.0,0.0,0.0,0.0,3.0,5.0,9.0,12.0,13.0,14.0,2
PMID 29091516 a_Summary_SoE.pdf,intervention,0,0.0,1.0,1.0,1.0,1.0,1.0,1.5,1.0,3.0,3.0,3.0,3.0,1.0,3.0,5.0,8.0,9.0,10.0,0.5,0.0,0.0,0.0,0.0,0.0,3.0,5.0,9.0,12.0,13.0,14.0,2
PMID 29103871 CT_Summary_SoE.pdf,control,0,0.0,4.0,10.0,18.5,20.0,22.0,2.0,0.0,0.0,0.5,1.0,1.5,0.0,1.0,2.0,2.0,3.0,4.5,0.0,0.0,0.0,0.0,0.0,0.0,2.0,5.0,12.0,21.0,24.0,28.0,2
PMID 29103871 CT_Summary_SoE.pdf,intervention,0,0.0,4.0,10.0,18.5,20.0,22.0,2.0,0.0,0.0,0.5,1.0,1.5,0.0,1.0,2.0,2.0,3.0,4.5,0.0,0.0,0.0,0.0,0.0,0.0,2.0,5.0,12.0,21.0,24.0,28.0,2
PMID 29136387 a_Summary_SoE.pdf,control,0,0.0,0.5,1.0,1.0,1.0,1.0,0.0,0.0,0.0,0.0,0.0,0.0,1.0,0.0,0.5,0.5,0.5,0.5,0.0,1.5,2.5,3.5,3.5,3.5,1.0,2.0,4.0,5.0,5.0,5.0,2
PMID 29136387 a_Summary_SoE.pdf,intervention,0,0.0,0.5,1.0,1.0,1.0,1.0,0.0,0.0,0.0,0.0,0.0,0.0,1.0,0.0,0.5,0.5,0.5,0.5,0.0,1.5,2.5,3.5,3.5,3.5,1.0,2.0,4.0,5.0,5.0,5.0,2
PMID 29151359 a_Summary_SoE.pdf,control,0,0.0,2.0,5.0,8.0,10.0,12.0,1.0,2.0,2.0,2.0,2.0,2.0,0.0,0.0,0.0,0.0,0.0,0.0,0.0,0.0,0.0,0.0,0.0,0.0,1.0,4.0,7.0,10.0,12.0,14.0,2
PMID 29151359 a_Summary_SoE.pdf,intervention,0,0.0,2.0,5.0,8.0,10.0,12.0,1.0,2.0,2.0,2.0,2.0,2.0,0.0,0.0,0.0,0.0,0.0,0.0,0.0,0.0,0.0,0.0,0.0,0.0,1.0,4.0,7.0,10.0,12.0,14.0,2
PMID 29158011 CT_Summary_SoE.pdf,control,0,0.0,0.0,0.0,0.0,0.0,0.0,1.0,0.0,0.0,0.0,0.0,1.0,0.0,0.0,0.0,0.0,0.0,0.0,0.0,0.0,0.0,1.0,1.0,1.0,1.0,0.0,0.0,1.0,1.0,2.0,1
PMID 29158011 CT_Summary_SoE.pdf,intervention,0,0.0,0.0,0.0,0.0,0.0,0.0,1.0,0.0,0.0,0.0,0.0,1.0,0.0,0.0,0.0,0.0,0.0,0.0,0.0,0.0,0.0,1.0,1.0,1.0,1.0,0.0,0.0,1.0,1.0,2.0,2
PMID 29158011 CT_Summary_SoE.pdf,intervention,1,0.0,0.0,0.0,0.0,0.0,0.0,1.0,0.0,0.0,0.0,0.0,1.0,0.0,0.0,0.0,0.0,0.0,0.0,0.0,0.0,0.0,1.0,1.0,1.0,1.0,0.0,0.0,1.0,1.0,2.0,1
PMID 29169877 CT_Summary_SoE.pdf,control,0,0.0,2.0,5.0,6.0,6.0,6.0,1.0,0.0,0.0,1.0,2.0,2.5,0.5,0.0,0.0,0.5,1.0,1.5,0.0,0.0,0.0,0.5,1.0,1.0,1.5,2.0,5.0,8.0,10.0,11.0,2
PMID 29169877 CT_Summary_SoE.pdf,control,1,0.0,2.0,5.0,9.0,13.0,18.0,1.0,0.0,0.0,0.0,0.0,0.0,1.0,0.0,0.0,0.0,0.0,0.0,0.0,0.0,0.0,0.0,0.0,0.0,2.0,2.0,5.0,9.0,13.0,18.0,1
PMID 29169877 CT_Summary_SoE.pdf,intervention,0,0.0,3.5,9.0,17.5,26.0,35.5,1.0,0.0,0.0,0.0,0.0,0.0,0.5,0.0,0.0,0.0,0.0,0.0,0.0,0.0,0.0,0.0,0.0,0.0,1.5,3.5,9.0,17.5,26.0,35.5,2
PMID 29169877 CT_Summary_SoE.pdf,intervention,1,0.0,5.0,13.0,26.0,39.0,52.5,1.0,0.0,0.0,0.0,0.0,0.0,0.5,0.0,0.0,0.0,0.0,0.0,0.0,0.0,0.0,0.0,0.0,0.0,1.5,5.0,13.0,26.0,39.0,52.5,2
PMID 29169877 CT_Summary_SoE.pdf,intervention,2,0.0,5.0,13.0,26.0,39.0,52.0,1.0,0.0,0.0,0.0,0.0,0.0,0.0,0.0,0.0,0.0,0.0,0.0,0.0,0.0,0.0,0.0,0.0,0.0,1.0,5.0,13.0,26.0,39.0,52.0,1
PMID 29224502 a_Summary_SoE.pdf,control,0,0.0,3.0,7.0,12.0,12.0,12.0,1.0,0.0,1.0,1.0,2.0,3.0,0.0,0.0,0.0,0.0,0.5,0.5,0.0,0.0,0.0,0.0,0.0,0.0,1.0,3.0,8.0,13.0,14.5,15.5,2
PMID 29224502 a_Summary_SoE.pdf,intervention,0,0.0,3.0,7.0,12.0,12.0,12.0,1.0,0.0,1.0,1.0,2.0,3.0,0.0,2.0,4.0,4.0,4.5,4.5,0.0,0.0,0.0,0.0,0.0,0.0,1.0,5.0,12.0,17.0,18.5,19.5,2
PMID 29231094 a_Summary_SoE.pdf,control,0,0.0,0.0,0.0,0.0,0.0,0.0,0.5,0.0,0.0,0.0,0.0,0.0,0.0,1.0,2.5,3.5,4.5,6.0,0.5,0.0,0.0,0.0,0.0,0.0,1.0,1.0,2.5,3.5,4.5,6.0,2
PMID 29231094 a_Summary_SoE.pdf,intervention,0,0.0,0.0,0.0,0.0,0.0,0.0,0.5,0.0,0.0,0.0,0.0,0.0,0.0,1.0,2.5,3.5,4.5,6.0,0.5,0.0,0.0,0.0,0.0,0.0,1.0,1.0,2.5,3.5,4.5,6.0,2
PMID 29238824 a_Summary_SoE.pdf,control,0,0.0,1.0,1.0,1.0,1.0,1.0,0.0,0.0,0.0,0.0,0.0,0.0,0.0,0.0,0.0,0.0,0.0,0.0,1.0,2.0,2.0,2.0,2.0,2.0,1.0,3.0,3.0,3.0,3.0,3.0,2
PMID 29238824 a_Summary_SoE.pdf,control,1,0.0,1.0,1.0,1.0,1.0,1.0,0.0,0.0,0.0,0.0,0.0,0.0,0.0,0.0,0.0,0.0,0.0,0.0,1.0,2.0,2.0,2.0,2.0,2.0,1.0,3.0,3.0,3.0,3.0,3.0,2
PMID 29238824 a_Summary_SoE.pdf,intervention,0,0.0,1.0,1.0,1.0,1.0,1.0,0.0,0.0,0.0,0.0,0.0,0.0,0.0,0.0,0.0,0.0,0.0,0.0,1.0,2.0,2.0,2.0,2.0,2.0,1.0,3.0,3.0,3.0,3.0,3.0,2
PMID 29244528 a_Summary_SoE.pdf,control,0,0.0,2.0,5.0,9.0,13.0,18.0,1.5,0.0,0.0,0.0,0.0,0.0,0.0,0.0,0.0,0.0,0.0,0.0,0.0,0.0,0.0,0.0,0.0,0.0,1.5,2.0,5.0,9.0,13.0,18.0,2
PMID 29244528 a_Summary_SoE.pdf,intervention,0,0.0,2.0,5.0,9.0,11.0,13.0,1.5,0.0,0.0,0.0,0.0,0.0,0.0,0.0,0.0,0.0,0.0,0.0,0.0,0.0,0.0,0.0,0.0,0.0,1.5,2.0,5.0,9.0,11.0,13.0,2
PMID 29244528 a_Summary_SoE.pdf,intervention,1,0.0,2.0,5.0,9.0,13.0,18.0,1.5,0.0,0.0,0.0,0.0,0.0,0.0,0.0,0.0,0.0,0.0,0.0,0.0,0.0,0.0,0.0,0.0,0.0,1.5,2.0,5.0,9.0,13.0,18.0,2
PMID 29268948 a_Summary_SoE.pdf,control,0,0.0,2.0,5.0,9.0,13.0,18.0,1.5,1.0,1.5,2.0,3.0,3.5,0.5,0.0,0.0,0.0,0.0,0.0,0.0,0.0,0.0,0.0,0.0,0.0,2.0,3.0,6.5,11.0,16.0,21.5,2
PMID 29268948 a_Summary_SoE.pdf,intervention,0,0.0,2.0,5.0,9.0,13.0,18.0,1.5,1.0,1.5,2.0,3.0,3.5,0.5,0.0,0.0,0.0,0.0,0.0,0.0,0.0,0.0,0.0,0.0,0.0,2.0,3.0,6.5,11.0,16.0,21.5,2
PMID 29373094 a_Summary_SoE.pdf,control,0,0.0,2.0,5.0,8.5,12.0,16.5,1.0,0.5,0.5,2.0,2.0,2.0,1.0,1.5,1.5,1.5,1.5,1.5,0.0,0.0,0.0,0.5,0.5,0.5,2.0,4.0,7.0,12.5,16.0,20.5,2
PMID 29373094 a_Summary_SoE.pdf,intervention,0,0.0,2.0,5.0,8.5,12.0,16.5,1.0,0.5,0.5,2.0,2.0,2.0,1.0,1.5,1.5,1.5,1.5,1.5,0.0,0.0,0.0,0.5,0.5,0.5,2.0,4.0,7.0,12.5,16.0,20.5,2
PMID 29420164 a_Summary_SoE.pdf,control,0,0.0,1.0,1.0,1.0,1.0,1.0,1.0,0.0,0.0,1.0,2.0,3.0,0.0,1.0,3.0,5.0,5.0,6.0,0.0,0.0,0.0,0.0,0.0,0.0,1.0,2.0,4.0,7.0,8.0,10.0,2
PMID 29420164 a_Summary_SoE.pdf,intervention,0,0.0,1.0,1.0,1.0,1.0,1.0,1.0,0.0,0.0,1.0,2.0,3.0,0.0,1.0,3.0,5.0,5.0,6.0,0.0,0.0,0.0,0.0,0.0,0.0,1.0,2.0,4.0,7.0,8.0,10.0,2
PMID 29477665 CT_Summary_SoE.pdf,control,0,0.0,3.5,6.0,9.0,12.0,15.0,2.0,0.5,1.0,1.0,1.0,1.5,1.0,1.0,1.0,1.0,1.0,1.0,0.0,0.0,0.0,0.0,0.0,0.0,3.0,5.0,8.0,11.0,14.0,17.5,2
PMID 29477665 CT_Summary_SoE.pdf,intervention,0,0.0,3.5,6.0,9.0,12.0,15.0,2.0,0.5,1.0,1.0,1.0,1.5,1.0,1.0,1.0,1.0,1.0,1.0,0.0,0.0,0.0,0.0,0.0,0.0,3.0,5.0,8.0,11.0,14.0,17.5,2
PMID 29522138 a_Summary_SoE.pdf,control,0,0.0,3.0,5.0,8.0,9.0,10.0,2.0,1.0,1.0,1.0,1.0,1.0,1.0,0.0,0.0,0.0,0.0,0.0,0.0,0.0,0.0,0.0,0.0,0.0,3.0,4.0,6.0,9.0,10.0,11.0,2
PMID 29522138 a_Summary_SoE.pdf,intervention,0,0.0,2.5,4.5,7.5,8.5,9.5,2.0,1.5,1.5,1.5,1.5,1.5,1.0,0.0,0.0,0.0,0.0,0.0,0.0,0.0,0.0,0.0,0.0,0.0,3.0,4.0,6.0,9.0,10.0,11.0,2
PMID 29522138 a_Summary_SoE.pdf,intervention,1,0.0,2.5,4.5,7.5,8.5,9.5,2.0,1.5,1.5,1.5,1.5,1.5,1.0,0.0,0.0,0.0,0.0,0.0,0.0,0.0,0.0,0.0,0.0,0.0,3.0,4.0,6.0,9.0,10.0,11.0,2
PMID 29528792 a_Summary_SoE.pdf,control,0,0.0,2.0,5.0,9.0,13.0,18.0,1.0,0.0,0.0,0.0,0.0,0.0,0.0,2.0,2.0,2.0,2.0,2.0,0.0,0.0,0.0,0.0,0.0,0.0,1.0,4.0,7.0,11.0,15.0,20.0,2
PMID 29528792 a_Summary_SoE.pdf,intervention,0,0.0,2.0,5.0,9.0,13.0,18.0,1.0,0.0,0.0,0.0,0.0,0.0,0.0,2.0,2.0,2.0,2.0,2.0,0.0,0.0,0.0,0.0,0.0,0.0,1.0,4.0,7.0,11.0,15.0,20.0,2
PMID 29543933 a_Summary_SoE.pdf,control,0,0.0,22.0,39.0,39.0,39.0,39.0,1.0,0.0,0.0,0.0,0.0,0.0,1.0,0.0,1.0,2.0,3.0,4.0,0.0,0.0,0.0,0.0,0.0,0.0,2.0,22.0,40.0,41.0,42.0,43.0,2
PMID 29543933 a_Summary_SoE.pdf,intervention,0,0.0,22.0,44.0,44.0,44.0,44.0,1.0,0.0,0.0,0.0,0.0,0.0,1.0,0.0,1.0,2.0,3.0,4.0,0.0,0.0,0.0,0.0,0.0,0.0,2.0,22.0,45.0,46.0,47.0,48.0,2
PMID 29562145 a_Summary_SoE.pdf,control,0,0.0,1.0,3.0,5.0,7.0,9.0,1.5,0.0,0.0,0.0,0.0,0.0,0.5,0.5,1.0,2.0,3.0,4.5,0.0,0.0,0.0,0.0,0.0,0.0,2.0,1.5,4.0,7.0,10.0,13.5,2
PMID 29562145 a_Summary_SoE.pdf,intervention,0,0.0,2.0,5.0,11.0,18.0,25.0,1.5,0.0,0.0,0.0,0.0,0.0,0.5,0.0,0.0,0.0,0.0,0.0,0.0,0.0,0.0,0.0,0.0,0.0,2.0,2.0,5.0,11.0,18.0,25.0,2
PMID 29562156 a_Summary_SoE.pdf,control,0,0.0,4.0,8.0,12.0,12.0,12.0,0.5,0.0,0.5,0.5,1.5,1.5,0.0,2.0,6.0,6.0,6.0,6.0,0.5,0.0,0.0,0.5,1.5,2.5,1.0,6.0,14.5,19.0,21.0,22.0,2
PMID 29562156 a_Summary_SoE.pdf,intervention,0,0.0,2.5,6.5,11.0,11.5,11.5,0.5,0.0,0.0,0.5,1.5,1.5,0.0,3.5,6.5,7.5,7.5,7.5,0.5,0.0,0.0,0.0,1.0,2.0,1.0,6.0,13.0,19.0,21.5,22.5,2
PMID 29573941 a_Summary_SoE.pdf,control,0,0.0,2.0,4.0,7.0,10.0,14.0,1.0,0.0,0.0,0.0,0.0,0.0,1.0,0.0,0.0,0.0,0.0,0.0,0.0,0.0,0.0,0.0,0.0,0.0,2.0,2.0,4.0,7.0,10.0,14.0,2
PMID 29573941 a_Summary_SoE.pdf,control,1,0.0,2.0,4.0,7.0,10.0,14.0,1.0,0.0,0.0,0.0,0.0,0.0,1.0,0.0,0.0,0.0,0.0,0.0,0.0,0.0,0.0,0.0,0.0,0.0,2.0,2.0,4.0,7.0,10.0,14.0,1
PMID 29573941 a_Summary_SoE.pdf,intervention,0,0.0,2.0,4.0,7.0,10.0,14.0,1.0,0.0,0.0,0.0,0.0,0.0,1.0,0.0,0.0,0.0,0.0,0.0,0.0,0.0,0.0,0.0,0.0,0.0,2.0,2.0,4.0,7.0,10.0,14.0,2
PMID 29573941 a_Summary_SoE.pdf,intervention,1,0.0,2.0,4.0,7.0,10.0,14.0,1.0,0.0,0.0,0.0,0.0,0.0,1.0,0.0,0.0,0.0,0.0,0.0,0.0,0.0,0.0,0.0,0.0,0.0,2.0,2.0,4.0,7.0,10.0,14.0,2
PMID 29573941 a_Summary_SoE.pdf,intervention,2,0.0,2.0,4.0,7.0,10.0,14.0,1.0,0.0,0.0,0.0,0.0,0.0,1.0,0.0,0.0,0.0,0.0,0.0,0.0,0.0,0.0,0.0,0.0,0.0,2.0,2.0,4.0,7.0,10.0,14.0,1
PMID 29624463 a_Summary_SoE.pdf,control,0,0.0,1.0,1.0,2.0,3.0,4.5,1.0,0.0,0.0,0.0,0.0,0.0,0.0,0.0,0.0,0.0,0.0,0.0,0.0,0.0,0.0,0.0,0.0,0.0,1.0,1.0,1.0,2.0,3.0,4.5,2
PMID 29624463 a_Summary_SoE.pdf,intervention,0,0.0,2.0,5.0,6.5,7.5,9.5,1.0,0.0,0.0,0.0,0.0,0.0,0.0,1.0,4.0,5.0,2.5,2.5,0.0,0.0,0.0,0.0,0.0,0.0,1.0,3.0,9.0,11.5,12.5,14.5,2
PMID 29625879 CT_Summary_SoE.pdf,control,0,0.0,2.0,4.0,7.0,10.0,14.0,2.0,1.0,1.0,1.0,1.0,1.0,0.0,5.0,9.0,12.0,16.0,19.0,0.0,0.0,0.0,0.0,0.0,0.0,2.0,8.0,14.0,20.0,27.0,34.0,2
PMID 29625879 CT_Summary_SoE.pdf,intervention,0,0.0,2.0,4.0,7.0,10.0,14.0,2.0,1.0,1.0,1.0,1.0,1.0,0.0,5.0,9.0,12.0,16.0,19.0,0.0,0.0,0.0,0.0,0.0,0.0,2.0,8.0,14.0,20.0,27.0,34.0,2
PMID 29658430 a_Summary_SoE.pdf,control,0,0.0,2.0,5.0,9.0,13.0,18.0,1.0,0.0,0.5,1.0,1.5,2.0,1.5,0.0,0.0,0.0,0.0,0.0,0.5,0.0,0.0,0.0,0.0,0.0,3.0,2.0,5.5,10.0,14.5,20.0,2
PMID 29658430 a_Summary_SoE.pdf,intervention,0,0.0,2.0,5.0,9.0,13.0,18.0,1.0,0.0,0.5,1.0,1.5,2.0,1.5,0.0,0.0,0.0,0.0,0.0,0.5,0.0,0.0,0.0,0.0,0.0,3.0,2.0,5.5,10.0,14.5,20.0,2
PMID 29658856 a_Summary_SoE.pdf,control,0,0.0,2.0,5.0,9.0,13.0,18.0,1.0,0.0,0.0,0.0,0.0,0.0,0.5,1.5,1.5,1.5,1.5,1.5,0.0,0.0,0.0,0.0,0.0,0.0,1.5,3.5,6.5,10.5,14.5,19.5,2
PMID 29658856 a_Summary_SoE.pdf,intervention,0,0.0,2.0,5.0,9.0,13.0,18.0,1.0,0.0,0.0,0.0,0.0,0.0,0.5,1.5,1.5,1.5,1.5,1.5,0.0,0.0,0.0,0.0,0.0,0.0,1.5,3.5,6.5,10.5,14.5,19.5,2
PMID 29668860 a_Summary_SoE.pdf,control,0,0.0,0.0,0.0,0.0,0.0,0.0,0.0,0.0,0.0,0.0,0.0,0.0,0.0,0.0,0.0,0.0,0.0,0.0,0.0,0.0,0.0,0.0,0.0,0.0,0.0,0.0,0.0,0.0,0.0,0.0,2
PMID 29668860 a_Summary_SoE.pdf,intervention,0,0.0,0.0,0.0,0.0,0.0,0.0,0.0,0.0,0.0,0.0,0.0,0.0,0.0,0.0,0.0,0.0,0.0,0.0,0.0,0.0,0.0,0.0,0.0,0.0,0.0,0.0,0.0,0.0,0.0,0.0,2
PMID 29726361 CT_Summary_SoE.pdf,control,0,0.0,22.0,25.0,25.0,25.0,25.0,1.0,0.0,0.0,0.0,0.0,0.0,0.0,0.0,0.0,0.0,0.0,0.0,1.0,0.0,1.0,1.0,1.0,1.0,2.0,22.0,26.0,26.0,26.0,26.0,2
PMID 29726361 CT_Summary_SoE.pdf,intervention,0,0.0,22.0,25.0,25.0,25.0,25.0,1.0,0.0,0.0,0.0,0.0,0.0,0.0,0.0,0.0,0.0,0.0,0.0,1.0,0.0,1.0,1.0,1.0,1.0,2.0,22.0,26.0,26.0,26.0,26.0,2
PMID 29801011 CT_Summary_SoE.pdf,control,0,0.0,1.0,1.0,1.0,1.0,1.0,1.5,0.0,1.0,2.0,3.0,4.0,0.5,1.0,1.0,1.0,1.0,1.0,0.0,2.0,2.0,2.0,2.0,2.0,2.0,4.0,5.0,6.0,7.0,8.0,2
PMID 29801011 CT_Summary_SoE.pdf,intervention,0,0.0,1.0,1.0,1.0,1.0,1.0,1.5,0.0,1.0,2.0,3.0,4.0,0.5,1.0,1.0,1.0,1.0,1.0,0.0,2.0,2.0,2.0,2.0,2.0,2.0,4.0,5.0,6.0,7.0,8.0,2
PMID 29804902 CT_Summary_SoE.pdf,control,0,0.0,2.0,4.0,7.0,10.0,14.0,1.5,1.0,2.0,2.0,2.0,2.0,0.5,0.0,0.0,0.0,0.0,0.0,0.0,0.0,0.0,0.0,0.0,0.0,2.0,3.0,6.0,9.0,12.0,16.0,2
PMID 29804902 CT_Summary_SoE.pdf,intervention,0,0.0,2.0,4.0,7.0,10.0,14.0,1.5,1.0,2.0,2.0,2.0,2.0,0.5,0.0,0.0,0.0,0.0,0.0,0.0,0.0,0.0,0.0,0.0,0.0,2.0,3.0,6.0,9.0,12.0,16.0,2
PMID 29856685 a_Summary_SoE.pdf,control,0,0.5,4.0,4.0,8.0,8.0,8.5,0.5,0.0,0.0,0.0,1.0,1.5,0.0,0.5,2.5,5.0,5.0,6.0,0.0,0.0,0.0,0.0,0.0,0.0,1.0,4.5,6.5,13.0,14.0,16.0,2
PMID 29856685 a_Summary_SoE.pdf,intervention,0,0.5,4.0,4.0,8.0,8.0,8.5,0.5,0.0,0.0,0.0,1.0,1.5,0.0,0.5,2.5,5.0,5.0,6.0,0.0,0.0,0.0,0.0,0.0,0.0,1.0,4.5,6.5,13.0,14.0,16.0,2
PMID 29860922 CT_Summary_SoE.pdf,control,0,0.0,3.0,5.0,8.0,11.0,15.0,1.5,0.0,1.0,1.0,1.0,1.0,0.0,0.0,0.0,0.0,0.0,0.0,0.5,0.0,0.0,0.0,0.0,0.0,2.0,3.0,6.0,9.0,12.0,16.0,2
PMID 29860922 CT_Summary_SoE.pdf,intervention,0,0.0,3.0,5.0,8.0,11.0,15.0,1.5,0.0,1.0,1.0,1.0,1.0,0.0,0.0,0.0,0.0,0.0,0.0,0.5,0.0,0.0,0.0,0.0,0.0,2.0,3.0,6.0,9.0,12.0,16.0,2
PMID 29863955 a_Summary_SoE.pdf,control,0,0.0,2.0,5.0,9.0,13.0,18.0,1.0,0.0,0.0,0.0,0.0,0.0,0.0,0.0,0.0,0.0,0.0,0.0,0.0,0.0,0.0,0.0,0.0,0.0,1.0,2.0,5.0,9.0,13.0,18.0,2
PMID 29863955 a_Summary_SoE.pdf,intervention,0,0.0,2.0,5.0,9.0,13.0,18.0,1.0,0.0,0.0,0.0,0.0,0.0,0.0,0.0,0.0,0.0,0.0,0.0,0.0,0.0,0.0,0.0,0.0,0.0,1.0,2.0,5.0,9.0,13.0,18.0,2
PMID 29863955 a_Summary_SoE.pdf,intervention,1,0.0,2.0,5.0,9.0,13.0,18.0,1.0,0.0,0.0,0.0,0.0,0.0,0.0,0.0,0.0,0.0,0.0,0.0,0.0,0.0,0.0,0.0,0.0,0.0,1.0,2.0,5.0,9.0,13.0,18.0,2
PMID 29866475 CT_Summary_SoE.pdf,control,0,0.0,8.0,20.0,39.0,58.0,79.0,1.0,0.0,0.0,0.0,0.0,0.0,0.5,0.0,0.0,0.0,0.0,0.0,0.0,0.0,0.0,0.0,0.0,0.0,1.5,8.0,20.0,39.0,58.0,79.0,2
PMID 29866475 CT_Summary_SoE.pdf,intervention,0,0.0,4.0,10.0,19.5,29.0,40.0,1.0,0.0,0.0,0.0,0.0,0.0,0.5,0.0,0.0,0.0,0.0,0.0,0.0,0.0,0.0,0.0,0.0,0.0,1.5,4.0,10.0,19.5,29.0,40.0,2
PMID 29880231 a_Summary_SoE.pdf,control,0,0.0,4.0,10.0,20.0,30.0,40.0,1.0,0.0,0.0,0.0,0.0,0.0,0.0,0.0,0.0,0.0,0.0,0.0,0.0,0.0,0.0,0.0,0.0,0.0,1.0,4.0,10.0,20.0,30.0,40.0,2
PMID 29880231 a_Summary_SoE.pdf,intervention,0,0.0,2.0,5.0,9.0,13.0,18.0,1.0,0.0,0.0,0.0,0.0,0.0,0.0,0.0,0.0,0.0,0.0,0.0,0.0,0.0,0.0,0.0,0.0,0.0,1.0,2.0,5.0,9.0,13.0,18.0,2
PMID 29949494 a_Summary_SoE.pdf,control,0,0.0,0.0,0.0,0.0,0.0,0.0,1.0,0.0,0.0,1.0,2.0,3.0,0.5,1.0,1.0,1.0,1.0,1.0,0.0,1.0,1.0,1.0,1.0,1.0,1.5,2.0,2.0,3.0,4.0,5.0,2
PMID 29949494 a_Summary_SoE.pdf,intervention,0,0.0,0.0,0.0,0.0,0.0,0.0,1.0,0.0,0.0,1.0,2.0,3.0,0.5,1.0,1.0,1.0,1.0,1.0,0.0,1.0,1.0,1.0,1.0,1.0,1.5,2.0,2.0,3.0,4.0,5.0,2
PMID 29972759 a_Summary_SoE.pdf,control,0,0.0,1.0,1.0,1.0,1.0,1.0,1.0,1.0,2.0,4.0,5.0,7.0,0.5,1.0,3.0,4.0,6.0,8.0,0.0,0.0,0.0,0.0,0.0,0.0,1.5,3.0,6.0,9.0,12.0,16.0,2
PMID 29972759 a_Summary_SoE.pdf,intervention,0,0.0,1.0,1.0,1.0,1.0,1.0,1.0,1.0,2.0,4.0,5.0,7.0,0.5,1.0,3.0,4.0,6.0,8.0,0.0,0.0,0.0,0.0,0.0,0.0,1.5,3.0,6.0,9.0,12.0,16.0,2
PMID 29989857 a_Summary_SoE.pdf,control,0,0.0,22.0,31.0,31.0,31.0,31.0,1.0,0.0,0.5,1.0,1.0,2.0,1.5,0.0,0.0,0.0,0.0,0.0,1.0,0.0,0.5,1.0,1.0,1.0,3.5,22.0,32.0,33.0,33.0,34.0,2
PMID 29989857 a_Summary_SoE.pdf,intervention,0,0.0,22.0,31.0,31.0,31.0,31.0,1.0,0.0,0.5,1.0,1.0,2.0,1.5,0.0,0.0,0.0,0.0,0.0,1.0,0.0,0.5,1.0,1.0,1.0,3.5,22.0,32.0,33.0,33.0,34.0,2
PMID 30010751 a_Summary_SoE.pdf,control,0,0.0,2.0,5.0,9.0,13.0,18.0,1.0,0.0,0.0,0.0,0.0,0.0,0.0,1.0,1.0,1.0,1.0,1.0,0.0,0.0,0.0,0.0,0.0,0.0,1.0,3.0,6.0,10.0,14.0,19.0,2
PMID 30010751 a_Summary_SoE.pdf,intervention,0,0.0,2.0,5.0,9.0,13.0,18.0,1.0,0.0,0.0,0.0,0.0,0.0,0.0,1.0,1.0,1.0,1.0,1.0,0.0,0.0,0.0,0.0,0.0,0.0,1.0,3.0,6.0,10.0,14.0,19.0,2
PMID 30024784 a_Summary_SoE.pdf,control,0,0.0,7.0,14.5,17.0,17.0,17.0,1.0,0.0,0.0,1.0,1.0,1.0,0.0,4.0,11.5,22.0,25.0,28.0,0.0,0.0,0.0,0.0,0.0,0.0,1.0,11.0,26.0,40.0,43.0,46.0,2
PMID 30024784 a_Summary_SoE.pdf,intervention,0,0.0,3.0,6.0,7.0,7.0,7.0,1.0,0.0,0.0,1.0,1.0,1.0,0.0,5.0,14.5,24.0,27.0,30.0,0.0,0.0,0.0,0.0,0.0,0.0,1.0,8.0,20.5,32.0,35.0,38.0,2
PMID 30040523 a_Summary_SoE.pdf,control,0,0.0,2.5,7.0,16.0,16.0,16.0,1.0,0.0,0.0,1.0,1.0,1.5,0.5,0.0,0.0,0.5,1.0,1.0,0.0,0.0,0.0,0.0,0.5,1.0,1.5,3.0,7.5,17.5,18.5,19.5,2
PMID 30040523 a_Summary_SoE.pdf,intervention,0,0.0,2.5,7.0,16.0,16.0,16.0,1.0,0.0,0.0,1.0,1.0,1.5,0.5,0.0,0.0,0.5,1.0,1.0,0.0,0.0,0.0,0.0,0.5,1.0,1.5,3.0,7.5,17.5,18.5,19.5,2
PMID 30040523 a_Summary_SoE.pdf,intervention,1,0.0,2.5,7.0,17.5,22.0,26.0,1.0,0.0,0.0,0.5,0.5,1.5,0.5,0.0,0.0,0.0,0.0,0.0,0.0,0.0,0.0,0.0,0.0,0.0,1.5,3.0,7.5,18.0,22.5,27.5,2
PMID 30052729 CT_Summary_SoE.pdf,control,0,0.0,1.0,2.5,4.5,6.5,9.0,1.0,0.0,1.0,2.0,3.0,4.0,0.0,1.0,1.5,2.5,3.5,5.0,0.0,0.0,0.0,0.0,0.0,0.0,1.0,2.0,5.0,9.0,13.0,18.0,2
PMID 30052729 CT_Summary_SoE.pdf,control,1,0.0,3.0,7.0,13.0,20.0,27.0,1.0,0.0,0.0,0.0,0.0,0.0,0.0,0.0,0.0,0.0,0.0,0.0,0.0,0.0,0.0,0.0,0.0,0.0,1.0,3.0,7.0,13.0,20.0,27.0,2
PMID 30052729 CT_Summary_SoE.pdf,control,2,0.0,4.0,10.0,20.0,30.0,40.0,1.0,0.0,0.0,0.0,0.0,0.0,0.0,0.0,0.0,0.0,0.0,0.0,0.0,0.0,0.0,0.0,0.0,0.0,1.0,4.0,10.0,20.0,30.0,40.0,2
PMID 30052729 CT_Summary_SoE.pdf,intervention,0,0.0,3.0,7.0,13.0,20.0,27.0,1.0,0.0,0.0,0.0,0.0,0.0,0.0,0.0,0.0,0.0,0.0,0.0,0.0,0.0,0.0,0.0,0.0,0.0,1.0,3.0,7.0,13.0,20.0,27.0,2
PMID 30072745 a_Summary_SoE.pdf,control,0,0.0,2.0,5.0,9.0,13.0,18.0,1.0,0.5,1.5,2.5,3.5,4.5,0.5,2.0,4.0,7.0,11.0,14.0,0.5,0.5,0.5,0.5,0.5,0.5,2.0,5.0,11.0,19.0,28.0,37.0,2
PMID 30072745 a_Summary_SoE.pdf,intervention,0,0.0,2.0,5.0,9.0,13.0,18.0,1.0,0.5,1.5,2.5,3.5,4.5,0.5,2.0,4.0,7.0,11.0,14.0,0.5,0.5,0.5,0.5,0.5,0.5,2.0,5.0,11.0,19.0,28.0,37.0,2
PMID 30100375 CT_Summary_SoE.pdf,control,0,0.0,0.5,2.0,3.5,5.0,7.0,0.5,1.0,2.0,3.5,5.0,7.0,0.0,4.0,8.0,14.0,21.0,28.0,0.5,0.0,0.0,0.0,0.0,0.0,1.0,5.5,12.0,21.0,31.0,42.0,2
PMID 30100375 CT_Summary_SoE.pdf,intervention,0,0.0,4.5,9.0,15.0,22.0,29.0,0.5,1.0,2.0,3.5,5.0,7.0,0.0,0.0,1.0,2.5,4.0,6.0,0.5,0.0,0.0,0.0,0.0,0.0,1.0,5.5,12.0,21.0,31.0,42.0,2
PMID 30105668 a_Summary_SoE.pdf,control,0,0.0,7.5,14.0,23.0,31.0,41.0,1.0,0.5,0.5,0.5,0.5,0.5,1.0,1.0,1.5,1.5,1.5,1.5,0.0,0.0,0.0,0.0,0.0,0.0,2.0,9.0,16.0,25.0,33.0,43.0,2
PMID 30105668 a_Summary_SoE.pdf,intervention,0,0.0,8.0,15.0,24.0,32.0,42.0,1.0,0.5,0.5,0.5,0.5,0.5,1.0,0.5,0.5,0.5,0.5,0.5,0.0,0.0,0.0,0.0,0.0,0.0,2.0,9.0,16.0,25.0,33.0,43.0,2
PMID 30110579 a_Summary_SoE.pdf,control,0,0.0,5.0,12.0,23.0,33.5,45.0,1.5,0.0,0.0,0.0,0.0,0.5,0.5,0.0,0.0,0.0,0.0,0.0,0.0,0.0,0.0,0.0,0.0,0.0,2.0,5.0,12.0,23.0,33.5,45.5,2
PMID 30110579 a_Summary_SoE.pdf,intervention,0,0.0,3.5,7.0,11.0,15.0,20.0,1.5,0.0,0.0,0.0,0.0,0.5,0.5,1.5,4.0,9.0,13.5,18.0,0.0,0.0,0.0,0.0,0.0,0.0,2.0,5.0,11.0,20.0,28.5,38.5,2
PMID 30177994 a_Summary_SoE.pdf,control,0,0.0,2.0,5.0,9.0,13.0,18.0,1.0,0.0,0.0,0.0,0.0,0.0,1.0,0.0,0.0,0.0,0.0,0.0,0.0,0.0,0.0,0.0,0.0,0.0,2.0,2.0,5.0,9.0,13.0,18.0,2
PMID 30177994 a_Summary_SoE.pdf,intervention,0,0.0,2.0,5.0,9.0,13.0,18.0,1.0,0.0,0.0,0.0,0.0,0.0,1.0,0.0,0.0,0.0,0.0,0.0,0.0,0.0,0.0,0.0,0.0,0.0,2.0,2.0,5.0,9.0,13.0,18.0,2
PMID 30262187 CT _Summary_SoE.pdf,control,0,0.0,2.0,5.0,9.0,13.0,18.0,1.0,0.0,0.0,0.0,0.0,0.0,0.0,0.0,0.0,0.0,0.0,0.0,0.0,0.0,0.0,0.0,0.0,0.0,1.0,2.0,5.0,9.0,13.0,18.0,2
PMID 30262187 CT _Summary_SoE.pdf,intervention,0,0.0,3.0,7.0,13.0,20.0,27.0,1.0,0.0,0.0,0.0,0.0,0.0,0.0,0.0,0.0,0.0,0.0,0.0,0.0,0.0,0.0,0.0,0.0,0.0,1.0,3.0,7.0,13.0,20.0,27.0,2
PMID 30280635 a_Summary_SoE.pdf,control,0,0.0,5.0,13.0,17.0,21.0,26.0,1.0,0.0,0.0,0.0,0.0,0.0,0.0,0.0,0.0,0.0,0.0,0.0,0.0,0.0,0.0,0.0,0.0,0.0,1.0,5.0,13.0,17.0,21.0,26.0,2
PMID 30280635 a_Summary_SoE.pdf,intervention,0,0.0,5.0,13.0,17.0,21.0,26.0,1.0,0.0,0.0,0.0,0.0,0.0,0.0,0.0,0.0,0.0,0.0,0.0,0.0,0.0,0.0,0.0,0.0,0.0,1.0,5.0,13.0,17.0,21.0,26.0,2
PMID 30280641 a_Summary_SoE.pdf,control,0,0.0,6.0,13.0,17.0,21.0,26.0,1.0,0.0,0.0,0.0,0.0,0.0,0.5,0.0,0.0,0.0,0.0,0.0,0.0,0.0,0.0,0.0,0.0,0.0,1.5,6.0,13.0,17.0,21.0,26.0,2
PMID 30280641 a_Summary_SoE.pdf,intervention,0,0.0,6.0,13.0,17.0,21.0,26.0,1.0,0.0,0.0,0.0,0.0,0.0,0.5,0.0,0.0,0.0,0.0,0.0,0.0,0.0,0.0,0.0,0.0,0.0,1.5,6.0,13.0,17.0,21.0,26.0,2
PMID 30280657 a_Summary_SoE.pdf,control,0,0.0,0.5,0.5,0.5,0.5,0.5,1.0,1.5,3.5,7.0,9.5,13.5,0.0,1.0,3.0,4.5,6.0,8.0,0.0,1.0,1.0,1.0,1.0,1.0,1.0,4.0,8.0,13.0,17.0,23.0,2
PMID 30280657 a_Summary_SoE.pdf,intervention,0,0.0,0.5,0.5,0.5,0.5,0.5,1.0,1.5,3.5,7.0,9.5,13.5,0.0,1.0,3.0,4.5,6.0,8.0,0.0,1.0,1.0,1.0,1.0,1.0,1.0,4.0,8.0,13.0,17.0,23.0,2
PMID 30287523 CT_Summary_SoE.pdf,control,0,0.0,5.0,9.0,12.0,12.0,12.0,1.0,0.0,0.0,0.0,0.0,0.5,0.0,0.0,0.0,0.0,1.0,2.5,0.0,0.0,0.0,0.0,0.0,0.0,1.0,5.0,9.0,12.0,13.0,15.0,2
PMID 30287523 CT_Summary_SoE.pdf,intervention,0,0.0,1.5,1.5,1.5,1.5,1.5,1.0,0.0,0.5,1.5,1.5,2.0,0.0,1.5,4.0,6.0,7.0,8.5,0.0,0.0,0.0,0.0,0.0,0.0,1.0,3.0,6.0,9.0,10.0,12.0,2
PMID 30345884 a_Summary_SoE.pdf,control,0,0.0,1.0,1.0,1.0,1.0,1.0,1.0,0.0,2.0,3.0,4.0,5.0,2.0,4.0,4.0,6.0,8.0,11.0,0.0,0.0,0.0,0.0,0.0,0.0,3.0,5.0,7.0,10.0,13.0,17.0,2
PMID 30345884 a_Summary_SoE.pdf,intervention,0,0.0,1.0,1.0,1.0,1.0,1.0,1.0,0.0,2.0,3.0,4.0,5.0,2.0,4.0,4.0,6.0,8.0,11.0,0.0,0.0,0.0,0.0,0.0,0.0,3.0,5.0,7.0,10.0,13.0,17.0,2
PMID 30345906 a_Summary_SoE.pdf,control,0,0.0,4.0,10.0,20.0,30.0,40.0,1.0,0.0,0.0,0.0,0.0,0.0,0.5,0.0,0.0,0.0,0.0,0.0,0.0,0.0,0.0,0.0,0.0,0.0,1.5,4.0,10.0,20.0,30.0,40.0,2
PMID 30345906 a_Summary_SoE.pdf,intervention,0,0.0,4.0,10.0,20.0,30.0,40.0,1.0,0.0,0.0,0.0,0.0,0.0,0.5,0.0,0.0,0.0,0.0,0.0,0.0,0.0,0.0,0.0,0.0,0.0,1.5,4.0,10.0,20.0,30.0,40.0,2
PMID 30346481 CT_Summary_SoE.pdf,control,0,0.0,1.0,2.0,3.0,3.5,4.5,1.5,0.0,0.0,0.5,1.0,1.5,0.0,2.0,3.0,3.5,3.5,4.0,1.0,0.0,0.0,0.0,0.0,0.0,2.5,3.0,5.0,7.0,8.0,10.0,2
PMID 30346481 CT_Summary_SoE.pdf,intervention,0,0.0,1.0,2.0,3.0,3.5,4.5,1.5,0.0,0.0,0.5,1.0,1.5,0.0,2.0,3.0,3.5,3.5,4.0,1.0,0.0,0.0,0.0,0.0,0.0,2.5,3.0,5.0,7.0,8.0,10.0,2
PMID 30355453 CT_Summary_SoE.pdf,control,0,0.0,2.0,4.0,7.0,10.0,14.0,1.0,0.0,0.0,0.0,0.0,0.0,1.0,1.0,1.0,1.0,1.0,2.0,0.0,0.0,0.0,0.0,0.0,0.0,2.0,3.0,5.0,8.0,11.0,16.0,2
PMID 30355453 CT_Summary_SoE.pdf,intervention,0,0.0,2.0,4.0,7.0,10.0,14.0,1.0,0.0,0.0,0.0,0.0,0.0,1.0,1.0,1.0,1.0,1.0,2.0,0.0,0.0,0.0,0.0,0.0,0.0,2.0,3.0,5.0,8.0,11.0,16.0,2
PMID 30389036 CT_Summary_SoE.pdf,control,0,0.0,4.0,5.0,6.5,8.0,10.0,1.0,0.0,0.0,0.0,0.0,0.0,0.0,0.0,0.0,0.0,0.0,0.0,0.0,0.0,0.0,0.0,0.0,0.0,1.0,4.0,5.0,6.5,8.0,10.0,2
PMID 30389036 CT_Summary_SoE.pdf,intervention,0,0.0,4.0,5.0,6.5,8.0,10.0,1.0,0.0,0.0,0.0,0.0,0.0,0.0,0.0,0.0,0.0,0.0,0.0,0.0,0.0,0.0,0.0,0.0,0.0,1.0,4.0,5.0,6.5,8.0,10.0,2
PMID 30415629 a_Summary_SoE.pdf,control,0,0.0,0.0,0.0,0.0,0.0,0.0,0.0,0.0,0.0,0.0,0.0,0.0,1.0,0.0,0.0,0.0,0.0,0.0,0.0,0.0,0.0,0.0,0.0,0.0,1.0,0.0,0.0,0.0,0.0,0.0,2
PMID 30415629 a_Summary_SoE.pdf,intervention,0,0.0,0.0,0.0,0.0,0.0,0.0,0.0,0.0,0.0,0.0,0.0,0.0,1.0,0.0,0.0,0.0,0.0,0.0,0.0,0.0,0.0,0.0,0.0,0.0,1.0,0.0,0.0,0.0,0.0,0.0,2
PMID 30415629 a_Summary_SoE.pdf,intervention,1,0.0,0.0,0.0,0.0,0.0,0.0,0.0,0.0,0.0,0.0,0.0,0.0,1.0,0.0,0.0,0.0,0.0,0.0,0.0,0.0,0.0,0.0,0.0,0.0,1.0,0.0,0.0,0.0,0.0,0.0,2
PMID 30415629 a_Summary_SoE.pdf,intervention,2,0.0,0.0,0.0,0.0,0.0,0.0,0.0,0.0,0.0,0.0,0.0,0.0,1.0,0.0,0.0,0.0,0.0,0.0,0.0,0.0,0.0,0.0,0.0,0.0,1.0,0.0,0.0,0.0,0.0,0.0,2
PMID 30449625 CT_Summary_SoE.pdf,control,0,0.0,22.0,30.0,30.0,30.0,30.0,1.0,0.0,0.5,1.0,1.0,1.5,0.5,0.0,0.5,0.5,0.5,0.5,0.5,0.0,0.5,1.0,2.0,2.5,2.0,22.0,31.5,32.5,33.5,34.5,2
PMID 30449625 CT_Summary_SoE.pdf,intervention,0,0.0,18.0,32.0,32.0,32.0,32.0,1.0,0.0,0.5,1.0,1.0,1.5,0.5,0.0,0.5,0.5,0.5,0.5,0.5,0.0,0.5,1.0,2.0,2.5,2.0,18.0,33.5,34.5,35.5,36.5,2
PMID 30501481 a_Summary_SoE.pdf,control,0,0.0,4.0,9.0,13.0,13.0,13.0,0.0,0.0,0.0,0.0,1.0,1.0,1.5,0.0,0.0,0.0,0.0,1.0,0.5,0.0,0.0,0.0,0.0,0.0,2.0,4.0,9.0,13.0,14.0,15.0,2
PMID 30501481 a_Summary_SoE.pdf,intervention,0,0.0,0.0,0.0,0.0,0.0,0.0,0.0,0.0,1.0,1.0,2.0,2.0,1.5,1.5,3.0,5.0,5.0,6.0,0.5,0.0,0.0,0.0,0.0,0.0,2.0,1.5,4.0,6.0,7.0,8.0,2
PMID 30501481 a_Summary_SoE.pdf,intervention,1,0.0,0.5,5.5,7.5,7.5,7.5,0.0,0.0,0.5,0.5,1.5,1.5,1.5,1.0,1.0,1.0,1.0,2.0,0.5,0.0,0.0,0.0,0.0,0.0,2.0,1.5,7.0,9.0,10.0,11.0,2
PMID 30509740 a_Summary_SoE.pdf,control,0,0.0,5.0,13.0,26.0,39.0,53.0,1.0,0.0,0.0,0.0,0.0,0.0,0.0,0.0,0.0,0.0,0.0,0.0,0.0,0.0,0.0,0.0,0.0,0.0,1.0,5.0,13.0,26.0,39.0,53.0,2
PMID 30509740 a_Summary_SoE.pdf,intervention,0,0.0,2.0,5.0,9.0,13.0,18.0,1.0,0.0,0.0,0.0,0.0,0.0,0.0,0.0,0.0,0.0,0.0,0.0,0.0,0.0,0.0,0.0,0.0,0.0,1.0,2.0,5.0,9.0,13.0,18.0,2
PMID 30516102 a_Summary_SoE.pdf,control,0,0.0,2.0,5.0,9.0,13.0,14.0,1.0,0.0,1.0,2.0,3.0,5.0,1.0,0.5,0.5,0.5,0.5,0.5,0.0,0.0,0.0,0.0,0.0,0.0,2.0,2.5,6.5,11.5,16.5,19.5,2
PMID 30516102 a_Summary_SoE.pdf,intervention,0,0.0,2.0,5.0,9.0,13.0,14.0,1.0,0.0,1.0,2.0,3.0,5.0,1.0,0.5,0.5,0.5,0.5,0.5,0.0,0.0,0.0,0.0,0.0,0.0,2.0,2.5,6.5,11.5,16.5,19.5,2
PMID 30522922 CT_Summary_SoE.pdf,control,0,0.0,2.0,5.0,8.0,8.0,8.0,1.5,0.0,1.0,2.0,3.0,4.0,0.5,2.0,2.0,3.0,3.0,3.0,0.0,0.0,0.0,0.0,0.0,0.0,2.0,4.0,8.0,13.0,14.0,15.0,2
PMID 30522922 CT_Summary_SoE.pdf,intervention,0,0.0,2.0,5.0,8.0,8.0,8.0,1.5,0.0,1.0,2.0,3.0,4.0,0.5,2.0,2.0,3.0,3.0,3.0,0.0,0.0,0.0,0.0,0.0,0.0,2.0,4.0,8.0,13.0,14.0,15.0,2
PMID 30522969 CT_Summary_SoE.pdf,control,0,0.0,5.0,8.0,11.5,11.5,11.5,1.0,0.0,0.0,0.0,0.5,1.0,1.0,0.0,1.0,2.5,2.5,2.5,0.0,0.0,0.0,0.5,1.0,1.5,2.0,5.0,9.0,14.5,15.5,16.5,2
PMID 30522969 CT_Summary_SoE.pdf,intervention,0,0.0,5.0,7.0,9.0,9.0,9.0,1.0,0.0,0.0,0.0,1.0,1.5,1.0,0.0,1.0,3.0,4.0,5.5,0.0,0.0,0.0,0.5,1.5,3.5,2.0,5.0,8.0,12.5,15.5,19.5,2
PMID 30545780 CT_Summary_SoE.pdf,control,0,0.0,4.0,7.0,10.0,13.0,17.0,1.0,0.0,0.0,0.0,0.0,0.0,0.0,0.0,0.0,0.0,0.0,0.0,0.0,0.0,0.0,0.0,0.0,0.0,1.0,4.0,7.0,10.0,13.0,17.0,2
PMID 30545780 CT_Summary_SoE.pdf,intervention,0,0.0,4.0,7.0,10.0,13.0,17.0,1.0,0.0,0.0,0.0,0.0,0.0,0.0,0.0,0.0,0.0,0.0,0.0,0.0,0.0,0.0,0.0,0.0,0.0,1.0,4.0,7.0,10.0,13.0,17.0,2
PMID 30575484 a_Summary_SoE.pdf,control,0,0.0,0.0,0.0,0.0,0.0,0.0,1.0,0.0,1.0,3.0,4.0,6.0,0.5,3.5,4.5,5.5,7.5,9.5,0.0,0.0,0.0,0.0,0.0,0.0,1.5,3.5,5.5,8.5,11.5,15.5,2
PMID 30575484 a_Summary_SoE.pdf,intervention,0,0.0,0.0,0.0,0.0,0.0,0.0,1.0,0.0,1.0,3.0,4.0,6.0,0.5,3.5,4.5,5.5,7.5,9.5,0.0,0.0,0.0,0.0,0.0,0.0,1.5,3.5,5.5,8.5,11.5,15.5,2
PMID 30653422 a_Summary_SoE.pdf,control,0,0.0,1.0,1.5,1.5,1.5,1.5,1.0,0.5,0.5,0.5,0.5,0.5,1.0,11.0,16.0,19.0,20.0,21.0,0.0,0.0,0.0,0.0,0.0,0.0,2.0,12.5,18.0,21.0,22.0,23.0,2
PMID 30653422 a_Summary_SoE.pdf,intervention,0,0.0,1.0,2.0,10.5,10.5,10.5,1.0,0.5,0.5,0.5,0.5,0.5,1.0,11.0,15.5,17.0,20.0,21.0,0.0,0.0,0.0,0.0,0.0,0.0,2.0,12.5,18.0,28.0,31.0,32.0,2
PMID 30653422 a_Summary_SoE.pdf,intervention,1,0.0,1.0,1.5,6.0,7.5,7.5,1.0,0.5,0.5,0.5,0.5,0.5,1.0,11.0,15.5,29.5,32.5,33.5,0.0,0.0,0.0,0.0,0.0,0.0,2.0,12.5,17.5,36.0,40.5,41.5,2
PMID 30659987 CT_Summary_SoE.pdf,control,0,0.0,2.0,5.0,9.0,13.0,18.0,1.0,0.0,0.0,0.0,0.0,0.0,0.5,0.0,0.0,0.0,0.0,0.0,0.0,0.0,0.0,0.0,0.0,0.0,1.5,2.0,5.0,9.0,13.0,18.0,2
PMID 30659987 CT_Summary_SoE.pdf,intervention,0,0.0,3.0,7.0,13.0,20.0,27.0,1.0,0.0,0.0,0.0,0.0,0.0,0.5,0.0,0.0,0.0,0.0,0.0,0.0,0.0,0.0,0.0,0.0,0.0,1.5,3.0,7.0,13.0,20.0,27.0,2
PMID 30665869 CT_Summary_SoE.pdf,control,0,0.0,3.0,7.0,13.0,20.0,27.0,1.0,0.0,0.0,0.0,0.5,1.0,1.5,0.0,0.0,0.0,0.0,0.0,0.5,0.0,0.0,0.0,0.0,0.0,3.0,3.0,7.0,13.0,20.5,28.0,2
PMID 30665869 CT_Summary_SoE.pdf,intervention,0,0.0,3.0,7.0,13.0,20.0,27.0,1.0,0.0,0.0,0.0,0.5,1.0,1.5,0.0,0.0,0.0,0.0,0.0,0.5,0.0,0.0,0.0,0.0,0.0,3.0,3.0,7.0,13.0,20.5,28.0,2
PMID 30707661 a_Summary_SoE.pdf,control,0,0.0,5.0,12.0,23.0,34.0,46.0,1.0,0.0,0.5,1.5,2.5,3.0,0.5,0.0,0.0,0.0,0.0,0.0,0.0,0.0,0.0,0.0,0.0,0.0,1.5,5.0,12.5,24.5,36.5,49.0,2
PMID 30707661 a_Summary_SoE.pdf,intervention,0,0.0,2.0,5.0,8.5,12.5,17.5,1.0,0.0,0.5,1.5,2.5,3.0,0.5,2.5,5.0,9.5,14.0,18.5,0.0,1.5,3.5,7.5,11.0,15.0,1.5,6.0,14.0,27.0,40.0,54.0,2
PMID 30763142 a_Summary_SoE.pdf,control,0,0.0,2.0,2.0,3.0,4.0,5.0,1.0,1.0,1.0,1.0,1.0,1.0,0.0,0.0,0.0,0.0,0.0,0.0,0.0,0.0,0.0,0.0,0.0,0.0,1.0,3.0,3.0,4.0,5.0,6.0,2
PMID 30763142 a_Summary_SoE.pdf,intervention,0,0.0,2.0,2.0,3.0,4.0,5.0,1.0,1.0,1.0,1.0,1.0,1.0,0.0,0.0,0.0,0.0,0.0,0.0,0.0,0.0,0.0,0.0,0.0,0.0,1.0,3.0,3.0,4.0,5.0,6.0,2
PMID 30763730 CT_Summary_SoE.pdf,control,0,0.0,0.0,0.0,0.0,0.0,0.0,1.5,0.0,0.0,0.0,0.0,0.0,0.5,0.0,0.0,0.0,0.0,0.0,0.0,1.0,2.0,3.5,5.0,7.0,2.0,1.0,2.0,3.5,5.0,7.0,2
PMID 30763730 CT_Summary_SoE.pdf,intervention,0,0.0,3.0,7.0,13.0,20.0,27.0,1.5,0.0,0.0,0.0,0.0,0.0,0.5,0.0,0.0,0.0,0.0,0.0,0.0,0.0,0.0,0.0,0.0,0.0,2.0,3.0,7.0,13.0,20.0,27.0,2
PMID 30777794 a_Summary_SoE.pdf,control,0,25.0,2.0,5.0,9.0,13.0,18.0,1.0,0.0,0.0,0.5,0.5,1.0,1.0,0.5,1.0,1.5,2.5,3.0,0.5,0.0,0.0,0.0,0.0,0.0,27.5,2.5,6.0,11.0,16.0,22.0,2
PMID 30777794 a_Summary_SoE.pdf,intervention,0,25.0,4.5,12.0,23.5,35.5,45.0,1.0,0.0,0.0,0.0,0.0,0.0,1.0,0.0,0.0,0.0,0.0,0.0,0.5,0.0,0.0,0.0,0.0,0.0,27.5,4.5,12.0,23.5,35.5,45.0,2
PMID 30779529 a_Summary_SoE.pdf,control,0,0.0,1.0,3.0,5.0,7.0,9.0,1.0,0.5,0.5,0.5,0.5,0.5,0.5,0.5,1.0,2.0,2.0,2.0,0.0,1.0,1.5,2.5,2.5,2.5,1.5,3.0,6.0,10.0,12.0,14.0,2
PMID 30779529 a_Summary_SoE.pdf,intervention,0,0.0,2.0,5.0,9.0,13.0,18.0,1.0,0.0,0.0,0.0,0.0,0.0,0.5,0.5,0.5,0.5,0.5,0.5,0.0,0.5,0.5,0.5,0.5,0.5,1.5,3.0,6.0,10.0,14.0,19.0,2
PMID 30786186 a_Summary_SoE.pdf,control,0,0.0,1.0,2.0,3.0,3.0,3.0,1.0,0.0,0.0,1.0,1.0,1.0,0.0,0.0,0.0,0.0,0.0,0.0,0.0,0.0,0.0,0.0,0.0,0.0,1.0,1.0,2.0,4.0,4.0,4.0,2
PMID 30786186 a_Summary_SoE.pdf,intervention,0,0.0,1.0,2.0,3.0,3.0,3.0,1.0,0.0,0.0,1.0,1.0,1.0,0.0,0.0,0.0,0.0,0.0,0.0,0.0,0.0,0.0,0.0,0.0,0.0,1.0,1.0,2.0,4.0,4.0,4.0,2
PMID 30811280 a_Summary_SoE.pdf,control,0,0.0,2.0,4.0,7.0,10.0,14.0,1.0,0.0,1.0,2.0,4.0,6.0,0.0,0.0,0.0,0.0,0.0,0.0,0.5,0.0,0.0,0.0,0.0,0.0,1.5,2.0,5.0,9.0,14.0,20.0,2
PMID 30811280 a_Summary_SoE.pdf,intervention,0,0.0,2.0,4.0,7.0,10.0,14.0,1.0,0.0,1.0,2.0,4.0,6.0,0.0,0.0,0.0,0.0,0.0,0.0,0.5,0.0,0.0,0.0,0.0,0.0,1.5,2.0,5.0,9.0,14.0,20.0,2
PMID 30817251 CT_Summary_SoE.pdf,control,0,0.0,3.0,5.0,7.0,7.0,7.0,1.0,0.0,0.0,1.0,1.0,2.0,0.5,0.0,0.0,0.0,0.0,0.0,0.0,0.0,0.0,0.0,0.0,0.0,1.5,3.0,5.0,8.0,8.0,9.0,2
PMID 30817251 CT_Summary_SoE.pdf,intervention,0,0.0,3.0,5.0,7.0,7.0,7.0,1.0,0.0,0.0,1.0,1.0,2.0,0.5,0.0,0.0,0.0,0.0,0.0,0.0,0.0,0.0,0.0,0.0,0.0,1.5,3.0,5.0,8.0,8.0,9.0,2
PMID 30817251 CT_Summary_SoE.pdf,intervention,1,0.0,3.0,5.0,7.0,7.0,7.0,1.0,0.0,0.0,1.0,1.0,2.0,0.5,0.0,0.0,0.0,0.0,0.0,0.0,0.0,0.0,0.0,0.0,0.0,1.5,3.0,5.0,8.0,8.0,9.0,2
PMID 30819926 a_Summary_SoE.pdf,control,0,0.0,4.0,9.0,17.0,21.0,26.0,1.0,0.0,0.0,0.0,0.0,0.0,1.0,0.0,0.0,0.0,0.0,0.0,0.0,0.0,0.0,0.0,0.0,0.0,2.0,4.0,9.0,17.0,21.0,26.0,2
PMID 30819926 a_Summary_SoE.pdf,intervention,0,0.0,4.0,9.0,18.0,26.0,36.0,1.0,0.0,0.0,0.0,0.0,0.0,1.0,0.0,0.0,0.0,0.0,0.0,0.0,0.0,0.0,0.0,0.0,0.0,2.0,4.0,9.0,18.0,26.0,36.0,2
PMID 30897038 a_Summary_SoE.pdf,control,0,0.0,4.5,7.0,10.0,13.0,15.0,1.0,0.0,0.0,0.0,0.0,0.0,0.5,0.0,2.0,3.0,3.0,3.5,0.0,0.0,0.0,0.0,0.0,0.5,1.5,4.5,9.0,13.0,16.0,19.0,2
PMID 30897038 a_Summary_SoE.pdf,intervention,0,0.0,4.5,7.0,10.0,13.0,15.0,1.0,0.0,0.0,0.0,0.0,0.0,0.5,0.0,2.0,3.0,3.0,3.5,0.0,0.0,0.0,0.0,0.0,0.5,1.5,4.5,9.0,13.0,16.0,19.0,2
PMID 30901302 a_Summary_SoE.pdf,control,0,0.5,2.0,5.0,8.0,8.0,8.0,1.0,0.0,0.5,1.0,1.5,2.5,0.5,3.0,8.0,16.5,17.0,17.0,0.0,0.0,0.0,0.0,0.0,0.0,2.0,5.0,13.5,25.5,26.5,27.5,2
PMID 30901302 a_Summary_SoE.pdf,intervention,0,0.5,2.0,5.0,8.0,8.0,8.0,1.0,0.0,0.5,1.0,1.5,2.5,0.5,3.0,8.0,16.5,17.0,17.0,0.0,0.0,0.0,0.0,0.0,0.0,2.0,5.0,13.5,25.5,26.5,27.5,2
PMID 30939090 a_Summary_SoE.pdf,control,0,0.0,2.0,5.0,6.0,6.0,6.0,1.0,0.0,1.0,2.0,2.0,2.0,0.0,0.0,0.0,0.0,0.0,0.0,1.0,0.0,0.0,1.0,2.0,3.0,2.0,2.0,6.0,9.0,10.0,11.0,1
PMID 30939090 a_Summary_SoE.pdf,intervention,0,0.5,2.0,5.0,6.0,6.0,6.0,1.0,0.0,1.0,2.0,2.0,2.0,0.0,3.5,10.5,15.0,15.0,15.0,0.5,0.0,0.0,0.5,1.5,2.5,2.0,5.5,16.5,23.5,24.5,25.5,2
PMID 30939090 a_Summary_SoE.pdf,intervention,1,1.0,2.0,5.0,6.0,6.0,6.0,1.0,0.0,1.0,2.0,2.0,2.0,0.0,7.0,21.0,30.0,30.0,30.0,0.0,0.0,0.0,0.0,1.0,2.0,2.0,9.0,27.0,38.0,39.0,40.0,1
PMID 30955977 a_Summary_SoE.pdf,control,0,0.0,2.0,5.0,9.0,13.0,18.0,1.0,0.0,0.0,0.0,0.0,0.0,0.0,0.0,0.0,0.0,0.0,0.0,0.0,0.0,0.0,0.0,0.0,0.0,1.0,2.0,5.0,9.0,13.0,18.0,2
PMID 30955977 a_Summary_SoE.pdf,intervention,0,0.0,2.0,5.0,9.0,13.0,18.0,1.0,0.0,0.0,0.0,0.0,0.0,0.0,0.0,0.0,0.0,0.0,0.0,0.0,0.0,0.0,0.0,0.0,0.0,1.0,2.0,5.0,9.0,13.0,18.0,2
PMID 30990550 a_Summary_SoE.pdf,control,0,0.0,3.5,3.5,3.5,3.5,3.5,0.0,0.0,0.0,0.0,0.0,0.0,1.0,0.0,0.0,0.0,0.0,0.0,0.0,0.5,0.5,0.5,0.5,0.5,1.0,4.0,4.0,4.0,4.0,4.0,2
PMID 30990550 a_Summary_SoE.pdf,intervention,0,0.0,3.5,3.5,3.5,3.5,3.5,0.0,0.0,0.0,0.0,0.0,0.0,1.0,0.0,0.0,0.0,0.0,0.0,0.0,0.5,0.5,0.5,0.5,0.5,1.0,4.0,4.0,4.0,4.0,4.0,2
PMID 30990550 a_Summary_SoE.pdf,intervention,1,0.0,3.5,3.5,3.5,3.5,3.5,0.0,0.0,0.0,0.0,0.0,0.0,1.0,0.0,0.0,0.0,0.0,0.0,0.0,0.5,0.5,0.5,0.5,0.5,1.0,4.0,4.0,4.0,4.0,4.0,2
PMID 30995174 a_Summary_SoE.pdf,control,0,0.0,21.0,28.0,28.0,28.0,28.0,1.0,0.0,0.5,1.0,1.5,2.0,0.5,0.0,0.5,1.0,1.5,2.0,0.5,0.0,0.0,0.0,0.0,0.0,2.0,21.0,29.0,30.0,31.0,32.0,2
PMID 30995174 a_Summary_SoE.pdf,intervention,0,0.0,4.0,6.0,6.0,6.0,6.0,1.0,0.0,0.5,1.0,1.5,2.0,0.5,2.0,6.5,7.0,7.5,8.0,0.5,0.0,0.0,0.0,0.0,0.0,2.0,6.0,13.0,14.0,15.0,16.0,2
PMID 30995176 CT a_Summary_SoE.pdf,control,0,0.0,3.0,5.5,8.5,8.5,8.5,1.0,0.0,0.0,0.0,1.0,2.0,0.0,0.0,1.5,1.5,2.5,3.5,0.0,0.0,0.0,0.0,0.0,0.0,1.0,3.0,7.0,10.0,12.0,14.0,2
PMID 30995176 CT a_Summary_SoE.pdf,intervention,0,0.0,3.0,5.5,8.5,8.5,8.5,1.0,0.0,0.0,0.0,1.0,2.0,0.0,0.0,1.5,1.5,2.5,3.5,0.0,0.0,0.0,0.0,0.0,0.0,1.0,3.0,7.0,10.0,12.0,14.0,2
PMID 31002578 a_Summary_SoE.pdf,control,0,0.0,5.0,13.0,21.0,25.0,30.0,1.0,0.0,0.0,0.0,0.0,0.0,1.0,0.0,0.0,0.0,0.0,0.0,0.0,0.0,0.0,0.0,0.0,0.0,2.0,5.0,13.0,21.0,25.0,30.0,2
PMID 31002578 a_Summary_SoE.pdf,intervention,0,0.0,5.0,13.0,21.0,25.0,30.0,1.0,0.0,0.0,0.0,0.0,0.0,1.0,0.0,0.0,0.0,0.0,0.0,0.0,0.0,0.0,0.0,0.0,0.0,2.0,5.0,13.0,21.0,25.0,30.0,2
PMID 31002578 a_Summary_SoE.pdf,intervention,1,0.0,6.0,14.0,21.0,25.0,30.0,1.0,0.0,0.0,0.0,0.0,0.0,1.0,0.5,2.0,3.0,3.0,3.0,0.0,0.0,0.0,0.0,0.0,0.0,2.0,6.5,16.0,24.0,28.0,33.0,2
PMID 31003911 CT_Summary_SoE.pdf,control,0,0.0,1.0,2.0,3.5,5.0,7.0,1.0,0.0,0.0,0.0,0.0,0.0,0.5,3.0,5.5,7.0,8.5,10.5,0.0,1.0,1.5,1.5,1.5,1.5,1.5,5.0,9.0,12.0,15.0,19.0,2
PMID 31003911 CT_Summary_SoE.pdf,intervention,0,0.0,2.0,5.0,9.0,13.0,18.0,1.0,0.0,0.0,0.0,0.0,0.0,0.5,1.0,1.0,1.0,1.0,1.0,0.0,0.0,0.0,0.0,0.0,0.0,1.5,3.0,6.0,10.0,14.0,19.0,2
PMID 31003911 CT_Summary_SoE.pdf,intervention,1,0.0,3.0,7.0,13.0,19.5,27.0,1.0,0.0,0.0,0.0,0.0,0.0,0.5,0.0,0.0,0.0,0.0,0.0,0.0,0.0,0.0,0.0,0.0,0.0,1.5,3.0,7.0,13.0,19.5,27.0,2
PMID 31070709 CT_Summary_SoE.pdf,control,0,0.0,1.5,2.5,4.0,4.5,5.5,1.0,0.0,0.5,1.5,2.0,3.0,0.0,1.5,2.0,2.5,2.5,2.5,0.0,0.0,0.0,0.0,0.0,0.0,1.0,3.0,5.0,8.0,9.0,11.0,2
PMID 31070709 CT_Summary_SoE.pdf,intervention,0,0.0,1.5,2.5,4.0,4.5,5.5,1.0,0.0,0.5,1.5,2.0,3.0,0.0,1.5,2.0,2.5,2.5,2.5,0.0,0.0,0.0,0.0,0.0,0.0,1.0,3.0,5.0,8.0,9.0,11.0,2
PMID 31079938 CT_Summary_SoE.pdf,control,0,0.0,1.0,3.0,5.0,7.0,9.0,1.0,1.0,1.0,1.0,1.0,1.0,1.0,0.0,1.0,3.0,5.0,8.0,0.0,0.0,0.0,0.0,0.0,0.0,2.0,2.0,5.0,9.0,13.0,18.0,2
PMID 31079938 CT_Summary_SoE.pdf,intervention,0,0.0,2.0,5.0,9.0,13.0,18.0,1.0,0.0,0.0,0.0,0.0,0.0,1.0,0.0,0.0,0.0,0.0,0.0,0.0,0.0,0.0,0.0,0.0,0.0,2.0,2.0,5.0,9.0,13.0,18.0,2
PMID 31091374 a_Summary_SoE.pdf,control,0,0.0,3.0,5.0,8.0,11.0,15.0,1.0,0.0,0.0,0.0,0.0,0.0,0.5,0.5,1.5,1.5,1.5,1.5,0.5,0.5,0.5,0.5,0.5,0.5,2.0,4.0,7.0,10.0,13.0,17.0,2
PMID 31091374 a_Summary_SoE.pdf,intervention,0,0.0,3.0,5.0,8.0,11.0,15.0,1.0,0.0,0.0,0.0,0.0,0.0,0.5,0.5,1.5,1.5,1.5,1.5,0.5,0.5,0.5,0.5,0.5,0.5,2.0,4.0,7.0,10.0,13.0,17.0,2
PMID 31097405 a_Summary_SoE.pdf,control,0,0.0,7.0,18.0,34.0,42.0,52.0,1.5,0.0,0.0,0.0,0.0,0.0,0.5,0.0,0.0,0.0,0.0,0.0,0.0,0.0,0.0,0.0,0.0,0.0,2.0,7.0,18.0,34.0,42.0,52.0,2
PMID 31097405 a_Summary_SoE.pdf,intervention,0,0.0,7.0,18.0,34.0,42.0,52.0,1.5,0.0,0.0,0.0,0.0,0.0,0.5,0.0,0.0,0.0,0.0,0.0,0.0,0.0,0.0,0.0,0.0,0.0,2.0,7.0,18.0,34.0,42.0,52.0,2
PMID 31122901 CT_Summary_SoE.pdf,control,0,0.0,5.0,13.0,19.0,23.0,28.0,1.0,0.0,0.0,0.0,0.0,0.0,1.0,0.0,0.0,0.0,0.0,0.0,0.0,0.0,0.0,0.0,0.0,0.0,2.0,5.0,13.0,19.0,23.0,28.0,2
PMID 31122901 CT_Summary_SoE.pdf,intervention,0,0.0,5.0,13.0,19.0,23.0,28.0,1.0,0.0,0.0,0.0,0.0,0.0,1.0,0.0,0.0,0.0,0.0,0.0,0.0,0.0,0.0,0.0,0.0,0.0,2.0,5.0,13.0,19.0,23.0,28.0,2
PMID 31141632 a_Summary_SoE.pdf,control,0,0.0,1.0,2.0,3.5,5.0,7.0,1.0,0.0,0.5,1.0,1.0,1.0,0.0,4.0,8.5,12.5,14.0,16.0,0.0,0.0,0.0,0.0,0.0,0.0,1.0,5.0,11.0,17.0,20.0,24.0,2
PMID 31141632 a_Summary_SoE.pdf,intervention,0,0.0,5.0,11.0,17.0,20.0,24.0,1.0,0.0,0.0,0.0,0.0,0.0,0.0,0.0,0.0,0.0,0.0,0.0,0.0,0.0,0.0,0.0,0.0,0.0,1.0,5.0,11.0,17.0,20.0,24.0,2
PMID 31150574 a_Summary_SoE.pdf,control,0,0.0,2.0,4.0,7.0,10.0,13.0,1.5,0.0,0.0,0.0,0.0,0.0,0.5,0.0,0.0,0.0,0.0,0.0,0.0,0.0,0.0,0.0,0.0,0.0,2.0,2.0,4.0,7.0,10.0,13.0,2
PMID 31150574 a_Summary_SoE.pdf,intervention,0,0.0,2.0,4.0,7.0,10.0,13.0,1.5,0.0,0.0,0.0,0.0,0.0,0.5,0.0,0.0,0.0,0.0,0.0,0.0,0.0,0.0,0.0,0.0,0.0,2.0,2.0,4.0,7.0,10.0,13.0,2
PMID 31157963 a_Summary_SoE.pdf,control,0,0.0,3.5,5.5,8.5,11.5,15.5,1.0,0.0,0.0,0.0,0.0,0.0,1.0,1.5,1.5,1.5,1.5,1.5,0.0,0.0,0.0,0.0,0.0,0.0,2.0,5.0,7.0,10.0,13.0,17.0,2
PMID 31157963 a_Summary_SoE.pdf,intervention,0,0.0,3.5,5.5,8.5,11.5,15.5,1.0,0.0,0.0,0.0,0.0,0.0,1.0,1.5,1.5,1.5,1.5,1.5,0.0,0.0,0.0,0.0,0.0,0.0,2.0,5.0,7.0,10.0,13.0,17.0,2
PMID 31166681 a_Summary_SoE.pdf,control,0,0.0,4.0,8.5,14.5,20.5,26.0,1.0,0.0,0.0,0.0,0.0,0.0,0.0,0.0,0.0,0.0,0.0,0.5,0.5,0.0,0.0,0.0,0.0,0.5,1.5,4.0,8.5,14.5,20.5,27.0,2
PMID 31166681 a_Summary_SoE.pdf,intervention,0,0.0,4.5,8.5,11.5,14.5,17.0,1.0,0.0,0.0,0.0,0.0,0.0,0.0,1.0,5.0,6.5,6.5,7.0,0.5,0.0,0.0,0.0,0.0,0.5,1.5,5.5,13.5,18.0,21.0,24.5,2
PMID 31175001 CT_Summary_SoE.pdf,control,0,0.0,11.5,34.5,68.0,99.5,131.0,1.0,1.0,2.0,2.0,2.0,2.0,0.0,0.0,0.0,0.0,0.0,0.0,0.0,0.0,0.0,0.0,0.0,0.0,1.0,12.5,36.5,70.0,101.5,133.0,2
PMID 31175001 CT_Summary_SoE.pdf,intervention,0,0.0,6.0,7.0,7.0,7.0,7.0,1.0,0.0,1.5,4.5,7.5,11.5,0.0,0.0,0.0,0.0,0.0,0.0,0.0,0.0,0.5,0.5,0.5,0.5,1.0,6.0,9.0,12.0,15.0,19.0,2
PMID 31189035 a_Summary_SoE.pdf,control,0,0.0,2.0,5.0,6.0,6.0,6.0,1.0,0.0,0.0,0.5,0.5,1.5,0.5,0.0,0.0,0.0,0.0,0.0,0.0,0.0,0.0,0.0,1.0,1.0,1.5,2.0,5.0,6.5,7.5,8.5,2
PMID 31189035 a_Summary_SoE.pdf,intervention,0,0.0,21.0,25.5,29.5,29.5,29.5,1.0,0.0,0.0,0.5,0.5,1.5,0.5,0.0,0.5,0.5,0.5,0.5,0.0,0.0,0.0,0.0,1.0,1.0,1.5,21.0,26.0,30.5,31.5,32.5,2
PMID 31194247 a_Summary_SoE.pdf,control,0,0.0,1.5,2.5,4.0,5.5,7.5,1.0,0.5,0.5,1.0,1.5,2.0,0.0,2.0,3.0,4.0,5.0,6.5,0.0,0.0,0.0,0.0,0.0,0.0,1.0,4.0,6.0,9.0,12.0,16.0,2
PMID 31194247 a_Summary_SoE.pdf,intervention,0,0.0,1.5,2.5,4.0,5.5,7.5,1.0,0.5,0.5,1.0,1.5,2.0,0.0,2.0,3.0,4.0,5.0,6.5,0.0,0.0,0.0,0.0,0.0,0.0,1.0,4.0,6.0,9.0,12.0,16.0,2
PMID 31221619 a_Summary_SoE.pdf,control,0,0.0,2.0,5.0,9.0,13.0,18.0,1.0,0.0,0.0,0.0,0.0,0.0,0.0,0.0,0.0,0.0,0.0,0.0,0.0,0.0,0.0,0.0,0.0,0.0,1.0,2.0,5.0,9.0,13.0,18.0,2
PMID 31221619 a_Summary_SoE.pdf,intervention,0,0.0,2.0,5.0,9.0,13.0,18.0,1.0,0.0,0.0,0.0,0.0,0.0,0.0,0.0,0.0,0.0,0.0,0.0,0.0,0.0,0.0,0.0,0.0,0.0,1.0,2.0,5.0,9.0,13.0,18.0,2
PMID 31240472 CT_Summary_SoE.pdf,control,0,0.0,5.0,13.0,26.0,39.0,53.0,2.0,0.0,0.0,0.0,0.0,0.0,0.5,0.0,0.0,0.0,0.0,0.0,0.0,0.0,0.0,0.0,0.0,0.0,2.5,5.0,13.0,26.0,39.0,53.0,2
PMID 31240472 CT_Summary_SoE.pdf,intervention,0,0.0,5.0,13.0,26.0,39.0,53.0,2.0,0.0,0.0,0.0,0.0,0.0,0.5,0.0,0.0,0.0,0.0,0.0,0.0,0.0,0.0,0.0,0.0,0.0,2.5,5.0,13.0,26.0,39.0,53.0,2
PMID 31246522 CT_Summary_SoE.pdf,control,0,0.0,7.0,20.0,29.5,29.5,29.5,1.0,0.5,0.5,1.5,2.0,2.0,0.0,1.5,1.5,3.0,3.5,4.0,0.5,0.0,0.0,0.0,0.0,0.0,1.5,9.0,22.0,34.0,35.0,35.5,2
PMID 31246522 CT_Summary_SoE.pdf,intervention,0,0.0,6.0,19.0,28.5,28.5,28.5,1.0,0.5,0.5,1.5,2.0,2.0,0.0,1.5,1.5,3.0,3.5,4.0,0.5,0.0,0.0,0.0,0.0,0.0,1.5,8.0,21.0,33.0,34.0,34.5,2
PMID 31248843 CT_Summary_SoE.pdf,control,0,0.0,4.0,4.0,4.0,4.0,4.0,1.0,0.0,0.5,1.0,1.0,2.0,0.5,12.5,33.5,46.0,46.0,46.0,0.5,0.0,0.0,0.0,2.5,5.5,2.0,16.5,38.0,51.0,53.5,57.5,2
PMID 31248843 CT_Summary_SoE.pdf,intervention,0,0.0,4.0,4.0,4.0,4.0,4.0,1.0,0.0,0.5,1.0,1.0,2.0,0.5,12.5,33.5,46.0,46.0,46.0,0.5,0.0,0.0,0.0,2.5,5.5,2.0,16.5,38.0,51.0,53.5,57.5,2
PMID 31327687 CT_Summary_SoE.pdf,control,0,0.0,1.0,2.0,3.5,5.0,7.0,1.0,0.0,0.0,0.0,0.0,0.0,0.0,1.0,2.0,3.5,5.0,7.0,0.0,0.0,0.0,0.0,0.0,0.0,1.0,2.0,4.0,7.0,10.0,14.0,2
PMID 31327687 CT_Summary_SoE.pdf,intervention,0,0.0,2.5,6.0,11.0,16.0,22.5,1.0,0.0,0.0,0.0,0.0,0.0,0.0,0.5,1.0,2.0,3.0,4.5,0.0,0.0,0.0,0.0,0.0,0.0,1.0,3.0,7.0,13.0,19.0,27.0,2
PMID 31327689 a_Summary_SoE.pdf,control,0,0.0,0.0,0.0,0.0,0.0,0.0,1.5,0.0,0.0,0.0,0.0,0.0,0.5,2.0,4.0,7.0,10.0,14.0,0.0,0.0,0.0,0.0,0.0,0.0,2.0,2.0,4.0,7.0,10.0,14.0,2
PMID 31327689 a_Summary_SoE.pdf,intervention,0,0.0,2.0,5.0,9.0,13.0,18.0,1.5,0.0,0.0,0.0,0.0,0.0,0.5,0.5,1.0,2.0,3.0,4.5,0.0,1.5,4.0,8.5,13.0,17.5,2.0,4.0,10.0,19.5,29.0,40.0,2
PMID 31329516 a_Summary_SoE.pdf,control,0,0.0,2.0,3.0,4.0,5.0,6.0,1.0,0.0,0.0,0.0,0.0,0.0,0.0,0.0,0.0,0.0,0.0,0.0,0.0,0.0,0.0,0.0,0.0,0.0,1.0,2.0,3.0,4.0,5.0,6.0,2
PMID 31329516 a_Summary_SoE.pdf,intervention,0,0.0,2.0,3.0,4.0,5.0,6.0,1.0,0.0,0.0,0.0,0.0,0.0,0.0,0.0,0.0,0.0,0.0,0.0,0.0,0.0,0.0,0.0,0.0,0.0,1.0,2.0,3.0,4.0,5.0,6.0,2
PMID 31338773 CT_Summary_SoE.pdf,control,0,0.0,2.0,5.0,9.0,13.0,18.0,1.0,0.0,0.0,0.0,0.0,0.0,0.5,0.0,0.0,0.0,0.0,0.0,0.0,0.0,0.0,0.0,0.0,0.0,1.5,2.0,5.0,9.0,13.0,18.0,2
PMID 31338773 CT_Summary_SoE.pdf,intervention,0,0.0,2.0,5.0,9.0,13.0,18.0,1.0,0.0,0.0,0.0,0.0,0.0,0.5,0.0,0.0,0.0,0.0,0.0,0.0,0.0,0.0,0.0,0.0,0.0,1.5,2.0,5.0,9.0,13.0,18.0,2
PMID 31345387 CT_Summary_SoE.pdf,control,0,0.0,5.0,20.0,42.5,42.5,42.5,1.0,0.0,1.0,1.0,2.0,2.0,1.5,4.0,6.5,6.5,7.5,8.0,0.0,0.0,0.0,0.5,0.5,1.0,2.5,9.0,27.5,50.5,52.5,53.5,2
PMID 31345387 CT_Summary_SoE.pdf,control,1,0.0,2.0,18.0,38.0,38.0,38.0,1.0,0.0,1.0,1.0,2.0,2.0,2.0,4.0,7.0,7.0,7.0,8.0,0.0,0.0,0.0,0.0,0.0,0.0,3.0,6.0,26.0,46.0,47.0,48.0,1
PMID 31345387 CT_Summary_SoE.pdf,intervention,0,0.0,5.0,20.0,37.5,37.5,37.5,1.0,0.0,1.0,1.0,2.0,2.0,1.5,4.0,6.5,6.5,7.5,8.0,0.0,0.0,0.0,0.5,0.5,1.0,2.5,9.0,27.5,45.5,47.5,48.5,2
PMID 31361535 a_Summary_SoE.pdf,control,0,0.0,2.0,5.0,9.0,13.0,18.0,1.0,0.0,1.5,2.0,2.5,3.5,1.0,0.0,0.0,0.0,0.0,0.0,0.0,0.0,0.0,0.0,0.0,0.0,2.0,2.0,6.5,11.0,15.5,21.5,2
PMID 31361535 a_Summary_SoE.pdf,intervention,0,0.0,2.0,5.0,9.5,13.5,18.5,1.0,0.0,1.5,2.0,2.5,3.5,1.0,0.0,0.0,0.0,0.0,0.0,0.0,0.0,0.0,0.0,0.0,0.0,2.0,2.0,6.5,11.5,16.0,22.0,2
PMID 31361535 a_Summary_SoE.pdf,intervention,1,0.0,2.0,5.0,9.5,13.5,18.5,1.0,0.0,1.5,2.0,2.5,3.5,1.0,0.0,0.0,0.0,0.0,0.0,0.0,0.0,0.0,0.0,0.0,0.0,2.0,2.0,6.5,11.5,16.0,22.0,2
PMID 31365801 a_Summary_SoE.pdf,control,0,0.0,5.0,12.0,18.0,18.0,18.0,0.5,0.0,0.0,0.0,0.0,1.0,0.5,0.0,0.0,1.0,1.5,1.5,0.5,0.0,0.0,0.0,0.5,0.5,1.5,5.0,12.0,19.0,20.0,21.0,2
PMID 31365801 a_Summary_SoE.pdf,intervention,0,0.0,2.0,4.0,7.0,7.0,7.0,0.5,0.0,0.0,0.0,0.0,1.0,0.5,1.0,1.0,1.0,1.5,1.5,0.5,0.0,0.0,0.0,0.5,0.5,1.5,3.0,5.0,8.0,9.0,10.0,2
PMID 31371228 CT_Summary_SoE.pdf,control,0,0.0,1.0,4.0,8.0,9.0,9.0,0.0,0.0,0.5,1.5,1.5,2.5,0.0,0.0,0.0,0.0,0.0,0.0,1.0,0.0,0.5,0.5,0.5,0.5,1.0,1.0,5.0,10.0,11.0,12.0,2
PMID 31371228 CT_Summary_SoE.pdf,intervention,0,0.0,1.5,4.5,8.5,9.0,9.0,0.0,0.0,0.5,1.5,1.5,2.5,0.0,1.0,1.0,1.0,1.0,1.0,1.0,0.0,0.5,0.5,0.5,0.5,1.0,2.5,6.5,11.5,12.0,13.0,2
PMID 31399378 CT_Summary_SoE.pdf,control,0,0.0,1.0,3.0,4.0,4.0,4.0,0.0,0.0,0.0,0.0,0.0,0.0,0.0,0.0,0.0,1.0,1.0,1.0,1.0,0.0,0.0,0.0,0.0,0.0,1.0,1.0,3.0,5.0,5.0,5.0,2
PMID 31399378 CT_Summary_SoE.pdf,intervention,0,0.0,1.0,3.0,4.0,4.0,4.0,0.0,0.0,0.0,0.0,0.0,0.0,0.0,0.0,0.0,1.0,1.0,1.0,1.0,0.0,0.0,0.0,0.0,0.0,1.0,1.0,3.0,5.0,5.0,5.0,2
PMID 31454045 a_Summary_SoE.pdf,intervention,0,0.0,10.0,21.5,40.0,58.5,62.0,1.5,0.5,1.0,2.5,2.5,3.5,0.5,6.5,21.0,31.5,35.5,35.5,0.5,0.5,0.5,0.5,0.5,0.5,2.5,17.5,44.0,74.5,97.0,101.5,2
PMID 31454045 a_Summary_SoE.pdf,intervention,1,0.0,10.0,21.5,41.0,66.0,74.5,1.5,0.5,1.0,2.5,2.5,2.5,0.5,6.5,21.0,30.5,37.5,42.5,0.5,0.5,0.5,0.5,0.5,0.5,2.5,17.5,44.0,74.5,106.5,120.0,2
PMID 31486832 a_Summary_SoE.pdf,control,0,0.0,1.0,2.5,4.5,6.5,9.0,1.0,0.0,2.0,4.0,6.0,8.0,1.0,1.0,1.5,2.5,3.5,5.0,0.0,0.0,0.0,0.0,0.0,0.0,2.0,2.0,6.0,11.0,16.0,22.0,2
PMID 31486832 a_Summary_SoE.pdf,intervention,0,0.0,2.0,5.0,7.5,9.5,12.0,1.0,0.0,1.0,3.0,5.0,7.0,1.0,0.0,0.0,0.5,1.5,3.0,0.0,0.0,0.0,0.0,0.0,0.0,2.0,2.0,6.0,11.0,16.0,22.0,2
PMID 31562799 a_Summary_SoE.pdf,control,0,0.0,1.5,2.5,4.0,5.5,7.5,1.5,0.5,1.0,1.5,2.0,2.5,0.0,3.0,3.5,4.5,5.5,7.0,0.0,0.0,0.0,0.0,0.0,0.0,1.5,5.0,7.0,10.0,13.0,17.0,2
PMID 31562799 a_Summary_SoE.pdf,intervention,0,0.0,1.5,2.5,4.0,5.5,7.5,1.5,0.5,1.0,1.5,2.0,2.5,0.0,3.0,3.5,4.5,5.5,7.0,0.0,0.0,0.0,0.0,0.0,0.0,1.5,5.0,7.0,10.0,13.0,17.0,2
PMID 31566309 a_Summary_SoE.pdf,control,0,0.0,5.0,13.0,26.0,39.0,53.0,1.0,0.0,0.0,0.0,0.0,0.0,1.0,0.0,0.0,0.0,0.0,0.0,0.0,0.0,0.0,0.0,0.0,0.0,2.0,5.0,13.0,26.0,39.0,53.0,2
PMID 31566309 a_Summary_SoE.pdf,intervention,0,0.0,5.0,13.0,26.0,39.0,53.0,1.0,0.0,0.0,0.0,0.0,0.0,1.0,0.0,0.0,0.0,0.0,0.0,0.0,0.0,0.0,0.0,0.0,0.0,2.0,5.0,13.0,26.0,39.0,53.0,2
PMID 31566309 a_Summary_SoE.pdf,intervention,1,0.0,5.0,13.0,26.0,39.0,53.0,1.0,0.0,0.0,0.0,0.0,0.0,1.0,0.0,0.0,0.0,0.0,0.0,0.0,0.0,0.0,0.0,0.0,0.0,2.0,5.0,13.0,26.0,39.0,53.0,2
PMID 31582355 a_Summary_SoE.pdf,control,0,0.0,3.5,8.0,14.5,21.5,29.5,0.0,0.0,0.5,0.5,1.0,1.0,1.0,0.0,0.5,2.5,3.5,5.0,0.0,0.5,0.5,0.5,0.5,0.5,1.0,4.0,9.5,18.0,26.5,36.0,2
PMID 31582355 a_Summary_SoE.pdf,control,1,0.0,5.0,11.0,20.0,30.0,41.0,0.0,0.0,1.0,3.0,4.0,6.0,1.0,0.0,0.0,0.0,0.0,0.0,0.0,0.0,1.0,3.0,5.0,6.0,1.0,5.0,13.0,26.0,39.0,53.0,1
PMID 31582355 a_Summary_SoE.pdf,intervention,0,0.0,3.0,6.0,11.0,16.5,22.5,0.0,0.0,1.0,2.0,3.0,4.5,1.0,0.5,0.5,0.5,0.5,0.5,0.0,0.5,0.5,0.5,0.5,0.5,1.0,4.0,8.0,14.0,20.5,28.0,2
PMID 31590988 a_Summary_SoE.pdf,control,0,0.0,2.0,5.0,6.0,6.0,6.0,1.0,0.0,0.0,0.0,0.0,0.0,0.0,0.0,0.0,0.5,0.5,0.5,0.0,0.0,0.0,0.5,1.5,2.5,1.0,2.0,5.0,7.0,8.0,9.0,2
PMID 31590988 a_Summary_SoE.pdf,intervention,0,0.0,2.0,5.0,8.0,11.0,15.0,1.0,0.0,0.0,0.0,0.0,0.0,0.0,0.0,0.0,0.0,0.0,0.0,0.0,0.0,0.0,0.0,0.0,0.0,1.0,2.0,5.0,8.0,11.0,15.0,2
PMID 31590988 a_Summary_SoE.pdf,intervention,1,0.0,2.0,5.0,8.0,11.0,15.0,1.0,0.0,0.0,0.0,0.0,0.0,0.0,0.0,0.0,0.0,0.0,0.0,0.0,0.0,0.0,0.0,0.0,0.0,1.0,2.0,5.0,8.0,11.0,15.0,2
PMID 31591063 CT a_Summary_SoE.pdf,control,0,0.0,3.0,7.0,13.0,20.0,27.0,1.0,0.0,0.0,0.0,0.0,0.0,1.0,0.0,0.0,0.0,0.0,0.0,0.0,0.0,0.0,0.0,0.0,0.0,2.0,3.0,7.0,13.0,20.0,27.0,2
PMID 31591063 CT a_Summary_SoE.pdf,intervention,0,0.0,3.0,7.0,13.0,20.0,27.0,1.0,0.0,0.0,0.0,0.0,0.0,1.0,0.0,0.0,0.0,0.0,0.0,0.0,0.0,0.0,0.0,0.0,0.0,2.0,3.0,7.0,13.0,20.0,27.0,2
PMID 31618129 a_Summary_SoE.pdf,control,0,0.0,2.0,5.0,7.5,9.5,12.0,1.5,0.0,0.0,0.5,1.5,2.0,0.5,0.0,0.0,0.0,0.0,0.0,0.0,0.0,0.0,0.0,0.0,0.0,2.0,2.0,5.0,8.0,11.0,14.0,2
PMID 31618129 a_Summary_SoE.pdf,intervention,0,0.0,2.0,5.0,9.0,13.0,18.0,1.5,0.0,0.0,0.0,0.0,0.0,0.5,0.0,0.0,0.0,0.0,0.0,0.0,0.0,0.0,0.0,0.0,0.0,2.0,2.0,5.0,9.0,13.0,18.0,2
PMID 31629060 a_Summary_SoE.pdf,control,0,0.0,2.0,5.0,9.0,13.0,18.0,1.0,0.0,0.0,0.0,0.0,0.0,0.0,0.0,0.0,0.0,0.0,0.0,0.0,0.0,0.0,0.0,0.0,0.0,1.0,2.0,5.0,9.0,13.0,18.0,2
PMID 31629060 a_Summary_SoE.pdf,intervention,0,0.0,2.0,5.0,9.0,13.0,18.0,1.0,0.0,0.0,0.0,0.0,0.0,0.0,0.0,0.0,0.0,0.0,0.0,0.0,0.0,0.0,0.0,0.0,0.0,1.0,2.0,5.0,9.0,13.0,18.0,2
PMID 31645288 CT_Summary_SoE.pdf,control,0,0.0,1.0,1.0,1.0,1.0,1.0,0.0,0.0,0.0,0.0,0.0,1.0,0.0,0.0,0.0,0.0,0.0,0.0,1.0,1.5,1.5,1.5,1.5,1.5,1.0,2.5,2.5,2.5,2.5,3.5,2
PMID 31645288 CT_Summary_SoE.pdf,intervention,0,0.0,1.0,1.0,1.0,1.0,1.0,0.0,0.0,0.0,0.0,0.0,1.0,0.0,0.0,0.0,0.0,0.0,0.0,1.0,1.5,1.5,1.5,1.5,1.5,1.0,2.5,2.5,2.5,2.5,3.5,2
PMID 31647503 a_Summary_SoE.pdf,control,0,0.0,2.0,5.0,9.5,14.0,18.5,1.0,0.5,3.0,3.5,3.5,3.5,1.0,0.0,0.0,0.0,0.0,0.0,0.0,0.0,0.0,0.0,0.0,0.0,2.0,2.5,8.0,13.0,17.5,22.0,2
PMID 31647503 a_Summary_SoE.pdf,intervention,0,0.0,2.0,5.0,9.5,14.0,18.5,1.0,0.5,3.0,3.5,3.5,3.5,1.0,0.0,0.0,0.0,0.0,0.0,0.0,0.0,0.0,0.0,0.0,0.0,2.0,2.5,8.0,13.0,17.5,22.0,2
PMID 31665578 a_Summary_SoE.pdf,control,0,0.0,12.0,36.0,70.0,100.0,130.5,1.0,0.5,0.5,0.5,0.5,0.5,0.5,0.5,1.5,1.5,1.5,1.5,0.0,0.0,0.0,0.0,0.0,0.0,1.5,13.0,38.0,72.0,102.0,132.5,2
PMID 31665578 a_Summary_SoE.pdf,intervention,0,0.0,2.0,4.0,7.0,10.0,14.0,1.0,2.5,2.5,2.5,2.5,2.5,0.5,1.0,2.0,2.0,2.0,2.0,0.0,0.0,0.0,0.0,0.0,0.0,1.5,5.5,8.5,11.5,14.5,18.5,2
PMID 31679945 a_Summary_SoE.pdf,control,0,0.0,5.0,13.0,26.0,39.0,53.0,1.0,0.0,0.0,0.0,0.0,0.0,0.0,0.0,0.0,0.0,0.0,0.0,0.0,0.0,0.0,0.0,0.0,0.0,1.0,5.0,13.0,26.0,39.0,53.0,2
PMID 31679945 a_Summary_SoE.pdf,intervention,0,0.0,2.0,5.0,9.0,13.0,18.0,1.0,0.0,0.0,0.0,0.0,0.0,0.0,0.0,0.0,0.0,0.0,0.0,0.0,0.0,0.0,0.0,0.0,0.0,1.0,2.0,5.0,9.0,13.0,18.0,2
PMID 31679945 a_Summary_SoE.pdf,intervention,1,0.0,2.0,5.0,9.0,13.0,18.0,1.0,0.0,0.0,0.0,0.0,0.0,0.0,0.0,0.0,0.0,0.0,0.0,0.0,0.0,0.0,0.0,0.0,0.0,1.0,2.0,5.0,9.0,13.0,18.0,2
PMID 31688884 a_Summary_SoE.pdf,control,0,0.0,0.0,0.0,0.0,0.0,0.0,0.0,0.0,0.0,0.0,0.0,0.0,0.5,7.0,21.0,32.0,32.0,32.0,0.5,0.5,0.5,0.5,1.0,1.5,1.0,7.5,21.5,32.5,33.0,33.5,2
PMID 31688884 a_Summary_SoE.pdf,intervention,0,0.0,21.0,63.0,94.5,94.5,94.5,0.0,0.0,0.0,0.0,0.0,0.0,0.5,0.0,0.0,1.0,1.0,1.0,0.5,0.5,0.5,0.5,1.0,1.5,1.0,21.5,63.5,96.0,96.5,97.0,2
PMID 31693129 CT_Summary_SoE.pdf,control,0,0.0,0.5,0.5,0.5,0.5,0.5,0.5,0.0,0.0,1.0,1.0,1.5,0.5,0.5,2.5,4.5,5.5,6.0,0.0,0.0,0.0,0.0,0.0,0.0,1.0,1.0,3.0,6.0,7.0,8.0,2
PMID 31693129 CT_Summary_SoE.pdf,intervention,0,0.0,1.0,3.0,6.0,7.0,8.0,0.5,0.0,0.0,0.0,0.0,0.0,0.5,0.0,0.0,0.0,0.0,0.0,0.0,0.0,0.0,0.0,0.0,0.0,1.0,1.0,3.0,6.0,7.0,8.0,2
PMID 31693129 CT_Summary_SoE.pdf,intervention,1,0.0,0.5,0.5,0.5,0.5,0.5,0.5,0.0,0.0,1.0,1.0,1.5,0.5,0.5,2.5,4.5,5.5,6.0,0.0,0.0,0.0,0.0,0.0,0.0,1.0,1.0,3.0,6.0,7.0,8.0,2
PMID 31725692 CT_Summary_SoE.pdf,control,0,0.0,1.0,1.0,1.0,1.0,1.0,0.0,0.0,0.0,0.0,0.0,0.0,0.0,0.0,0.0,0.0,0.0,0.0,1.0,1.0,1.0,1.0,1.0,1.0,1.0,2.0,2.0,2.0,2.0,2.0,2
PMID 31725692 CT_Summary_SoE.pdf,intervention,0,0.0,1.0,1.0,1.0,1.0,1.0,0.0,0.0,0.0,0.0,0.0,0.0,0.0,0.0,0.0,0.0,0.0,0.0,1.0,1.0,1.0,1.0,1.0,1.0,1.0,2.0,2.0,2.0,2.0,2.0,2
PMID 31735560 CT_Summary_SoE.pdf,control,0,0.0,0.0,0.0,0.0,0.0,0.0,1.0,1.0,1.5,2.0,2.5,3.5,0.5,4.0,7.5,11.5,16.0,20.5,0.0,0.0,0.0,0.0,0.0,0.0,1.5,5.0,9.0,13.5,18.5,24.0,2
PMID 31735560 CT_Summary_SoE.pdf,intervention,0,0.0,5.0,9.0,15.0,21.5,29.0,1.0,0.0,0.0,0.0,0.0,0.0,0.5,0.0,0.0,0.0,0.0,0.0,0.0,0.0,0.0,0.0,0.0,0.0,1.5,5.0,9.0,15.0,21.5,29.0,2
PMID 31800611 a_Summary_SoE.pdf,control,0,0.0,1.0,1.0,1.0,1.0,1.0,0.0,0.0,0.0,0.0,0.0,1.0,0.0,1.0,1.0,1.0,1.0,1.0,1.0,0.0,0.0,0.0,0.0,0.0,1.0,2.0,2.0,2.0,2.0,3.0,2
PMID 31800611 a_Summary_SoE.pdf,intervention,0,0.0,1.0,1.0,1.0,1.0,1.0,0.0,0.0,0.0,0.0,0.0,1.0,0.0,1.0,1.0,1.0,1.0,1.0,1.0,0.0,0.0,0.0,0.0,0.0,1.0,2.0,2.0,2.0,2.0,3.0,2
PMID 31806543 CT_Summary_SoE.pdf,control,0,0.0,2.0,4.0,7.0,8.0,9.0,1.0,0.0,0.0,0.0,0.0,0.0,1.0,0.0,0.0,0.0,0.0,0.0,0.5,0.0,0.0,0.0,0.0,0.0,2.5,2.0,4.0,7.0,8.0,9.0,2
PMID 31806543 CT_Summary_SoE.pdf,intervention,0,0.0,2.0,4.0,7.0,8.0,9.0,1.0,0.0,0.0,0.0,0.0,0.0,1.0,0.0,0.0,0.0,0.0,0.0,0.5,0.0,0.0,0.0,0.0,0.0,2.5,2.0,4.0,7.0,8.0,9.0,2
PMID 31810797 CT_Summary_SoE.pdf,control,0,0.0,3.0,5.0,8.0,11.0,15.0,1.0,0.0,0.0,0.0,0.0,0.0,0.0,0.0,0.0,0.0,0.0,0.0,0.0,0.0,0.0,0.0,0.0,0.0,1.0,3.0,5.0,8.0,11.0,15.0,2
PMID 31810797 CT_Summary_SoE.pdf,intervention,0,0.0,3.0,5.0,8.0,11.0,15.0,1.0,0.0,0.0,0.0,0.0,0.0,0.0,0.0,0.0,0.0,0.0,0.0,0.0,0.0,0.0,0.0,0.0,0.0,1.0,3.0,5.0,8.0,11.0,15.0,2
PMID 31820339 CT_Summary_SoE.pdf,control,0,0.0,4.0,4.0,4.0,4.0,4.0,1.0,0.0,0.0,1.0,1.5,3.0,0.0,1.0,1.5,1.5,2.0,2.0,0.0,0.0,0.0,0.0,0.0,0.0,1.0,5.0,5.5,6.5,7.5,9.0,2
PMID 31820339 CT_Summary_SoE.pdf,intervention,0,0.0,4.0,4.0,4.0,4.0,4.0,1.0,0.0,0.0,1.0,1.5,3.0,0.0,1.0,1.5,1.5,2.0,2.0,0.0,0.0,0.0,0.0,0.0,0.0,1.0,5.0,5.5,6.5,7.5,9.0,2
PMID 31821109 a_Summary_SoE.pdf,control,0,0.0,3.0,8.0,16.0,16.0,16.0,1.0,0.5,0.5,0.5,0.5,1.5,1.0,0.5,0.5,0.5,0.5,0.5,0.5,0.0,0.0,1.0,1.0,1.0,2.5,4.0,9.0,18.0,18.0,19.0,2
PMID 31821109 a_Summary_SoE.pdf,intervention,0,0.0,3.0,8.0,18.0,22.0,27.0,1.0,0.5,0.5,0.5,0.5,1.0,1.0,0.5,0.5,0.5,0.5,0.5,0.5,0.0,0.0,0.0,0.0,0.0,2.5,4.0,9.0,19.0,23.0,28.5,2
PMID 31924332 CT_Summary_SoE.pdf,control,0,0.0,2.0,4.0,7.0,10.0,14.0,1.0,0.0,0.0,0.0,0.0,0.0,0.0,3.0,9.0,19.0,29.0,39.0,0.0,0.0,0.0,0.0,0.0,0.0,1.0,5.0,13.0,26.0,39.0,53.0,2
PMID 31924332 CT_Summary_SoE.pdf,intervention,0,0.0,2.0,5.0,9.0,13.0,18.0,1.0,0.0,0.0,0.0,0.0,0.0,0.0,3.5,8.5,17.5,26.5,35.5,0.0,0.0,0.0,0.0,0.0,0.0,1.0,5.5,13.5,26.5,39.5,53.5,2
PMID 31935026 a_Summary_SoE.pdf,control,0,0.0,0.0,0.0,0.0,0.0,0.0,0.0,0.0,0.0,0.0,0.0,0.0,1.0,0.5,1.5,2.5,3.5,4.5,0.0,0.0,0.0,0.0,0.0,0.0,1.0,0.5,1.5,2.5,3.5,4.5,2
PMID 31935026 a_Summary_SoE.pdf,intervention,0,0.0,0.0,0.0,0.0,0.0,0.0,0.0,0.0,0.0,0.0,0.0,0.0,1.0,0.5,1.5,2.5,3.5,4.5,0.0,0.0,0.0,0.0,0.0,0.0,1.0,0.5,1.5,2.5,3.5,4.5,2
PMID 32010577 a_Summary_SoE.pdf,control,0,0.0,2.0,5.0,9.0,13.0,18.0,1.0,0.0,0.0,0.0,0.0,0.0,0.0,0.0,0.0,0.0,0.0,0.0,0.0,0.0,0.0,0.0,0.0,0.0,1.0,2.0,5.0,9.0,13.0,18.0,2
PMID 32010577 a_Summary_SoE.pdf,intervention,0,0.0,2.0,5.0,9.0,13.0,18.0,1.0,0.0,0.0,0.0,0.0,0.0,0.0,0.0,0.0,0.0,0.0,0.0,0.0,0.0,0.0,0.0,0.0,0.0,1.0,2.0,5.0,9.0,13.0,18.0,2
PMID 32031887 CT_Summary_SoE.pdf,control,0,0.0,0.0,0.0,0.0,0.0,0.0,0.0,0.0,0.0,0.0,0.0,0.0,0.0,0.0,0.0,0.0,0.0,0.0,1.0,0.0,2.0,3.0,3.0,3.0,1.0,0.0,2.0,3.0,3.0,3.0,2
PMID 32031887 CT_Summary_SoE.pdf,intervention,0,0.0,0.0,0.0,0.0,0.0,0.0,0.0,0.0,0.0,0.0,0.0,0.0,0.0,0.0,0.0,0.0,0.0,0.0,1.0,1.0,3.5,6.5,9.5,13.5,1.0,1.0,3.5,6.5,9.5,13.5,2
PMID 32058845 a_Summary_SoE.pdf,control,0,0.0,10.0,10.0,10.0,10.0,10.0,1.0,0.0,0.5,2.0,2.0,3.0,1.0,0.0,0.5,1.0,1.0,1.0,0.0,0.0,0.0,0.0,0.0,0.0,2.0,10.0,11.0,13.0,13.0,14.0,2
PMID 32058845 a_Summary_SoE.pdf,intervention,0,0.0,10.0,10.0,10.0,10.0,10.0,1.0,0.0,0.5,2.0,2.0,3.0,1.0,0.0,0.5,1.0,1.0,1.0,0.0,0.0,0.0,0.0,0.0,0.0,2.0,10.0,11.0,13.0,13.0,14.0,2
PMID 32073956 a_Summary_SoE.pdf,control,0,0.0,5.0,13.0,26.0,39.0,53.0,1.0,0.0,0.0,0.0,0.0,0.0,0.5,0.0,0.0,0.0,0.0,0.0,0.0,0.0,0.0,0.0,0.0,0.0,1.5,5.0,13.0,26.0,39.0,53.0,2
PMID 32073956 a_Summary_SoE.pdf,intervention,0,0.0,0.0,0.0,0.0,0.0,0.0,1.0,1.0,2.0,4.0,5.0,7.0,0.5,4.0,5.0,6.0,8.0,10.0,0.0,0.0,0.0,0.0,0.0,0.0,1.5,5.0,7.0,10.0,13.0,17.0,2
PMID 32145827 a_Summary_SoE.pdf,control,0,0.0,3.0,7.0,12.5,12.5,12.5,0.0,0.0,0.0,0.0,0.0,0.0,0.5,0.0,0.0,0.5,0.5,1.5,0.5,0.0,0.0,0.0,0.0,0.0,1.0,3.0,7.0,13.0,13.0,14.0,2
PMID 32145827 a_Summary_SoE.pdf,intervention,0,0.0,3.0,7.0,12.5,12.5,12.5,0.0,0.0,0.0,0.0,0.0,0.0,0.5,0.0,0.0,0.5,0.5,1.5,0.5,0.0,0.0,0.0,0.0,0.0,1.0,3.0,7.0,13.0,13.0,14.0,2
PMID 32145827 a_Summary_SoE.pdf,intervention,1,0.0,3.0,7.0,12.5,12.5,12.5,0.0,0.0,0.0,0.0,0.0,0.0,0.5,0.0,0.0,0.5,0.5,1.5,0.5,0.0,0.0,0.0,0.0,0.0,1.0,3.0,7.0,13.0,13.0,14.0,2
PMID 32201234 a_Summary_SoE.pdf,control,0,0.0,5.0,13.0,26.0,39.0,52.5,1.0,0.0,0.0,0.0,0.0,0.0,0.0,0.0,0.0,0.0,0.0,0.0,0.5,0.0,0.0,0.0,0.0,0.0,1.5,5.0,13.0,26.0,39.0,52.5,2
PMID 32201234 a_Summary_SoE.pdf,intervention,0,0.0,2.0,4.0,7.0,8.0,9.0,1.0,0.0,0.0,0.0,1.0,2.0,0.0,0.0,0.0,0.0,0.0,0.0,0.5,0.0,0.0,0.0,0.0,0.0,1.5,2.0,4.0,7.0,9.0,11.0,2
PMID 32201234 a_Summary_SoE.pdf,intervention,1,0.0,2.0,4.0,10.0,17.0,22.0,1.0,0.0,0.0,0.0,0.5,0.5,0.0,0.0,0.0,0.0,0.0,0.0,0.5,0.0,0.0,0.0,0.0,0.0,1.5,2.0,4.0,10.0,17.5,22.5,2
PMID 32201234 a_Summary_SoE.pdf,intervention,2,0.0,3.0,7.0,13.0,20.0,26.5,1.0,0.0,0.0,0.0,0.0,0.0,0.0,0.0,0.0,0.0,0.0,0.0,0.5,0.0,0.0,0.0,0.0,0.0,1.5,3.0,7.0,13.0,20.0,26.5,2
PMID 32213342 a_Summary_SoE.pdf,control,0,0.0,5.0,11.0,17.0,20.0,24.0,1.0,0.0,0.0,0.0,0.0,0.0,0.5,0.0,0.0,0.0,0.0,0.0,0.5,0.0,0.0,0.0,0.0,0.0,2.0,5.0,11.0,17.0,20.0,24.0,2
PMID 32213342 a_Summary_SoE.pdf,intervention,0,0.0,5.0,11.0,17.0,20.0,24.0,1.0,0.0,0.0,0.0,0.0,0.0,0.5,1.0,2.0,2.0,2.0,2.0,0.5,0.0,0.0,0.0,0.0,0.0,2.0,6.0,13.0,19.0,22.0,26.0,2
PMID 32259228 a_Summary_SoE.pdf,control,0,0.0,4.0,9.0,18.0,26.0,36.0,1.0,0.0,0.0,0.0,0.0,0.0,1.0,0.0,0.0,0.0,0.0,0.0,0.0,0.0,0.0,0.0,0.0,0.0,2.0,4.0,9.0,18.0,26.0,36.0,2
PMID 32259228 a_Summary_SoE.pdf,intervention,0,0.0,4.0,9.0,18.0,26.0,36.0,1.0,0.0,0.0,0.0,0.0,0.0,1.0,0.0,0.0,0.0,0.0,0.0,0.0,0.0,0.0,0.0,0.0,0.0,2.0,4.0,9.0,18.0,26.0,36.0,2
PMID 32271377 a_Summary_SoE.pdf,control,0,0.0,3.0,7.0,13.5,19.5,26.5,0.5,0.0,0.0,0.0,0.0,0.0,0.5,0.0,0.0,0.0,0.0,0.0,0.0,0.0,0.0,0.0,0.0,0.0,1.0,3.0,7.0,13.5,19.5,26.5,2
PMID 32271377 a_Summary_SoE.pdf,intervention,0,0.0,2.0,4.0,7.0,10.0,13.0,0.5,0.0,1.0,2.0,3.0,4.0,0.5,0.0,0.0,0.0,0.0,0.0,0.0,0.0,0.0,0.0,0.0,0.0,1.0,2.0,5.0,9.0,13.0,17.0,2
PMID 32271377 a_Summary_SoE.pdf,intervention,1,0.0,2.0,4.0,7.0,10.0,13.0,0.5,0.0,1.0,2.0,3.0,4.0,0.5,0.0,0.0,0.0,0.0,0.0,0.0,0.0,0.0,0.0,0.0,0.0,1.0,2.0,5.0,9.0,13.0,17.0,2
PMID 32294530 CT_Summary_SoE.pdf,control,0,0.0,5.0,13.0,26.0,39.0,53.0,1.0,0.0,0.0,0.0,0.0,0.0,0.5,0.0,0.0,0.0,0.0,0.0,0.5,0.0,0.0,0.0,0.0,0.0,2.0,5.0,13.0,26.0,39.0,53.0,2
PMID 32294530 CT_Summary_SoE.pdf,intervention,0,0.0,2.5,5.5,11.0,18.0,25.0,1.0,0.0,0.0,0.0,0.0,0.0,0.5,0.0,0.0,0.0,0.0,0.0,0.5,0.0,0.0,0.0,0.0,0.0,2.0,2.5,5.5,11.0,18.0,25.0,2
PMID 32294530 CT_Summary_SoE.pdf,intervention,1,0.0,2.5,5.5,11.0,18.0,25.0,1.0,0.0,0.0,0.0,0.0,0.0,0.5,0.5,1.5,2.0,2.0,2.0,0.5,0.0,0.0,0.0,0.0,0.0,2.0,3.0,7.0,13.0,20.0,27.0,2
PMID 32302702 CT_Summary_SoE.pdf,control,0,0.0,5.0,12.0,12.0,12.0,12.0,1.0,0.0,1.0,3.0,5.0,7.0,0.5,0.0,0.0,0.0,0.0,0.0,0.0,0.0,0.0,0.0,0.0,0.0,1.5,5.0,13.0,15.0,17.0,19.0,2
PMID 32302702 CT_Summary_SoE.pdf,intervention,0,0.0,2.0,5.0,9.0,13.0,18.0,1.0,0.0,0.0,0.0,0.0,0.0,0.5,0.0,0.0,0.0,0.0,0.0,0.0,0.0,0.0,0.0,0.0,0.0,1.5,2.0,5.0,9.0,13.0,18.0,2
PMID 32302702 CT_Summary_SoE.pdf,intervention,1,0.0,5.0,13.0,17.0,21.0,26.0,1.0,0.0,0.0,0.0,0.0,0.0,0.5,0.0,0.0,0.0,0.0,0.0,0.0,0.0,0.0,0.0,0.0,0.0,1.5,5.0,13.0,17.0,21.0,26.0,2
PMID 32305093 a_Summary_SoE.pdf,control,0,0.0,0.0,0.0,0.0,0.0,0.0,0.0,0.0,0.0,0.0,0.0,0.0,0.0,0.0,0.0,0.0,0.0,0.0,0.0,0.0,0.0,0.0,0.0,0.0,0.0,0.0,0.0,0.0,0.0,0.0,2
PMID 32305093 a_Summary_SoE.pdf,intervention,0,0.0,0.0,0.0,0.0,0.0,0.0,0.0,0.0,0.0,0.0,0.0,0.0,0.0,0.0,0.0,0.0,0.0,0.0,0.0,0.0,0.0,0.0,0.0,0.0,0.0,0.0,0.0,0.0,0.0,0.0,2
PMID 32305093 a_Summary_SoE.pdf,intervention,1,0.0,0.0,0.0,0.0,0.0,0.0,0.0,0.0,0.0,0.0,0.0,0.0,0.0,0.0,0.0,0.0,0.0,0.0,0.0,0.0,0.0,0.0,0.0,0.0,0.0,0.0,0.0,0.0,0.0,0.0,2
PMID 32343890 a_Summary_SoE.pdf,control,0,0.0,1.0,2.0,3.5,4.0,5.0,1.0,0.5,1.0,2.0,2.5,3.5,1.0,0.5,1.0,1.5,1.5,1.5,0.0,0.0,0.0,0.0,0.0,0.0,2.0,2.0,4.0,7.0,8.0,10.0,2
PMID 32343890 a_Summary_SoE.pdf,intervention,0,0.0,1.0,2.0,3.5,4.0,5.0,1.0,0.5,1.0,2.0,2.5,3.5,1.0,0.5,1.0,1.5,1.5,1.5,0.0,0.0,0.0,0.0,0.0,0.0,2.0,2.0,4.0,7.0,8.0,10.0,2
PMID 32372176 CT_Summary_SoE.pdf,control,0,0.0,0.0,0.0,0.0,0.0,0.0,0.0,0.0,0.0,0.0,0.0,0.0,1.5,0.5,0.5,0.5,0.5,0.5,0.0,0.5,1.5,2.5,2.5,2.5,1.5,1.0,2.0,3.0,3.0,3.0,2
PMID 32372176 CT_Summary_SoE.pdf,control,1,0.0,1.0,2.0,2.0,2.0,2.0,0.0,0.0,0.0,0.0,0.0,0.0,2.0,0.0,0.0,0.0,0.0,0.0,0.0,0.0,0.0,1.0,1.0,1.0,2.0,1.0,2.0,3.0,3.0,3.0,1
PMID 32372176 CT_Summary_SoE.pdf,intervention,0,0.0,0.0,0.0,0.0,0.0,0.0,0.0,0.0,0.0,0.0,0.0,0.0,1.5,0.5,0.5,0.5,0.5,0.5,0.0,0.5,1.5,2.5,2.5,2.5,1.5,1.0,2.0,3.0,3.0,3.0,2
PMID 32372176 CT_Summary_SoE.pdf,intervention,1,0.0,1.0,2.0,2.0,2.0,2.0,0.0,0.0,0.0,0.0,0.0,0.0,2.0,0.0,0.0,0.0,0.0,0.0,0.0,0.0,0.0,1.0,1.0,1.0,2.0,1.0,2.0,3.0,3.0,3.0,1
PMID 32379269 a_Summary_SoE.pdf,control,0,0.0,1.0,1.0,1.0,1.0,1.0,0.0,0.0,0.0,0.0,0.0,0.0,1.0,0.0,0.0,0.0,0.0,0.0,0.0,1.0,1.0,1.0,1.0,1.0,1.0,2.0,2.0,2.0,2.0,2.0,2
PMID 32379269 a_Summary_SoE.pdf,intervention,0,0.0,1.0,1.0,1.0,1.0,1.0,0.0,0.0,0.0,0.0,0.0,0.0,1.0,0.0,0.0,0.0,0.0,0.0,0.0,1.0,1.0,1.0,1.0,1.0,1.0,2.0,2.0,2.0,2.0,2.0,2
PMID 32402160 a_Summary_SoE.pdf,control,0,0.0,1.0,2.5,4.5,6.5,9.0,1.0,0.0,1.0,2.0,3.0,4.0,1.0,1.0,1.5,2.5,3.5,5.0,0.0,0.0,0.0,0.0,0.0,0.0,2.0,2.0,5.0,9.0,13.0,18.0,2
PMID 32402160 a_Summary_SoE.pdf,intervention,0,0.0,2.0,5.0,9.0,13.0,18.0,1.0,0.0,0.0,0.0,0.0,0.0,1.0,0.0,0.0,0.0,0.0,0.0,0.0,0.0,0.0,0.0,0.0,0.0,2.0,2.0,5.0,9.0,13.0,18.0,2
PMID 32416072 CT a_Summary_SoE.pdf,control,0,0.0,2.0,3.0,4.5,6.0,8.0,1.5,1.0,3.0,5.5,8.0,11.0,0.5,0.0,1.0,1.0,1.0,1.0,0.0,0.0,0.0,0.0,0.0,0.0,2.0,3.0,7.0,11.0,15.0,20.0,2
PMID 32416072 CT a_Summary_SoE.pdf,intervention,0,0.0,2.0,3.0,4.5,6.0,8.0,1.5,1.0,3.0,5.5,8.0,11.0,0.5,0.0,1.0,1.0,1.0,1.0,0.0,0.0,0.0,0.0,0.0,0.0,2.0,3.0,7.0,11.0,15.0,20.0,2
PMID 32416073 CT_Summary_SoE.pdf,control,0,0.0,2.0,5.0,9.0,13.0,18.0,2.0,0.0,0.0,0.0,0.0,0.0,0.0,0.0,0.0,0.0,0.0,0.0,0.0,0.0,0.0,0.0,0.0,0.0,2.0,2.0,5.0,9.0,13.0,18.0,2
PMID 32416073 CT_Summary_SoE.pdf,control,1,0.0,3.0,7.0,13.0,20.0,27.0,2.0,0.0,0.0,0.0,0.0,0.0,0.0,0.0,0.0,0.0,0.0,0.0,0.0,0.0,0.0,0.0,0.0,0.0,2.0,3.0,7.0,13.0,20.0,27.0,2
PMID 32416073 CT_Summary_SoE.pdf,intervention,0,0.0,3.0,7.0,13.0,20.0,27.0,2.0,0.0,0.0,0.0,0.0,0.0,0.0,0.0,0.0,0.0,0.0,0.0,0.0,0.0,0.0,0.0,0.0,0.0,2.0,3.0,7.0,13.0,20.0,27.0,2
PMID 32416780 a_Summary_SoE.pdf,control,0,0.0,4.0,9.0,18.0,26.0,36.0,1.0,0.0,0.0,0.0,0.0,0.0,1.0,1.0,2.0,2.0,2.0,2.0,0.0,0.0,0.0,0.0,0.0,0.0,2.0,5.0,11.0,20.0,28.0,38.0,2
PMID 32416780 a_Summary_SoE.pdf,intervention,0,0.0,2.0,5.0,9.0,13.0,18.0,1.0,0.0,0.0,0.0,0.0,0.0,1.0,0.0,0.0,0.0,0.0,0.0,0.0,0.0,0.0,0.0,0.0,0.0,2.0,2.0,5.0,9.0,13.0,18.0,2
PMID 32416780 a_Summary_SoE.pdf,intervention,1,0.0,4.0,9.0,18.0,26.0,36.0,1.0,0.0,0.0,0.0,0.0,0.0,1.0,1.0,2.0,2.0,2.0,2.0,0.0,0.0,0.0,0.0,0.0,0.0,2.0,5.0,11.0,20.0,28.0,38.0,2
PMID 32437507 a_Summary_SoE.pdf,control,0,0.0,2.5,7.0,13.0,20.0,27.0,1.0,0.0,0.0,0.0,0.0,0.0,1.0,0.0,0.0,0.0,0.0,0.0,0.0,0.0,0.0,0.0,0.0,0.0,2.0,2.5,7.0,13.0,20.0,27.0,2
PMID 32437507 a_Summary_SoE.pdf,intervention,0,0.0,2.0,5.0,11.0,18.0,25.0,1.0,0.0,0.0,0.0,0.0,0.0,1.0,0.0,0.0,0.0,0.0,0.0,0.0,0.0,0.0,0.0,0.0,0.0,2.0,2.0,5.0,11.0,18.0,25.0,2
PMID 32437507 a_Summary_SoE.pdf,intervention,1,0.0,2.5,7.0,13.0,20.0,27.0,1.0,0.0,0.0,0.0,0.0,0.0,1.0,0.0,0.0,0.0,0.0,0.0,0.0,0.0,0.0,0.0,0.0,0.0,2.0,2.5,7.0,13.0,20.0,27.0,2
PMID 32459600 a_Summary_SoE.pdf,control,0,0.0,3.5,7.0,10.5,11.0,11.5,1.0,0.0,0.0,0.0,0.5,1.0,0.0,1.5,2.0,3.5,3.5,3.5,0.0,0.0,0.0,0.0,0.0,0.0,1.0,5.0,9.0,14.0,15.0,16.0,2
PMID 32459600 a_Summary_SoE.pdf,control,1,0.0,4.0,8.0,12.0,12.0,12.0,1.0,0.0,0.0,1.0,2.0,3.0,0.0,2.0,2.0,2.0,2.0,2.0,0.0,0.0,0.0,0.0,0.0,0.0,1.0,6.0,10.0,15.0,16.0,17.0,1
PMID 32459600 a_Summary_SoE.pdf,intervention,0,0.0,1.0,2.0,3.5,4.0,4.5,1.0,0.0,0.5,1.0,1.5,2.0,0.0,3.0,5.5,9.5,9.5,9.5,0.0,0.0,0.0,0.0,0.0,0.0,1.0,4.0,8.0,14.0,15.0,16.0,2
PMID 32460997 CT_Summary_SoE.pdf,control,0,0.0,3.0,7.0,10.0,10.0,10.0,1.0,0.0,0.0,0.0,0.0,0.0,0.0,0.0,0.0,1.5,4.5,8.0,0.0,0.0,0.0,0.0,0.0,0.0,1.0,3.0,7.0,11.5,14.5,18.0,2
PMID 32460997 CT_Summary_SoE.pdf,intervention,0,0.0,10.5,31.0,46.5,46.5,46.5,1.0,0.0,0.0,0.0,0.0,0.0,0.0,0.0,0.0,1.5,4.5,8.0,0.0,0.0,0.0,0.0,0.0,0.0,1.0,10.5,31.0,48.0,51.0,54.5,2
PMID 32460997 CT_Summary_SoE.pdf,intervention,1,0.0,12.0,35.0,35.0,35.0,35.0,1.0,0.0,0.0,0.0,0.0,0.0,0.0,0.0,0.0,3.0,6.0,10.0,0.0,0.0,0.0,0.0,0.0,0.0,1.0,12.0,35.0,38.0,41.0,45.0,1
PMID 32469183 a_Summary_SoE.pdf,control,0,0.0,1.0,2.0,3.0,4.0,4.0,1.0,0.5,0.5,0.5,0.5,1.5,0.0,4.0,5.0,7.0,9.0,11.0,0.0,0.0,0.0,0.0,0.0,0.0,1.0,5.5,7.5,10.5,13.5,16.5,2
PMID 32469183 a_Summary_SoE.pdf,intervention,0,0.0,1.5,2.5,4.0,5.5,6.5,1.0,0.0,0.0,0.5,0.5,1.5,0.0,4.0,5.0,6.0,7.5,8.5,0.0,0.0,0.0,0.0,0.0,0.0,1.0,5.5,7.5,10.5,13.5,16.5,2
PMID 32469384 a_Summary_SoE.pdf,control,0,0.0,0.0,0.0,0.0,0.0,0.0,1.0,0.0,2.0,4.0,6.0,8.0,1.0,5.0,11.0,11.0,11.0,11.0,0.0,0.0,0.0,0.0,0.0,0.0,2.0,5.0,13.0,15.0,17.0,19.0,2
PMID 32469384 a_Summary_SoE.pdf,intervention,0,0.0,0.0,0.0,0.0,0.0,0.0,1.0,0.0,2.0,4.0,6.0,8.0,1.0,5.0,11.0,11.0,11.0,11.0,0.0,0.0,0.0,0.0,0.0,0.0,2.0,5.0,13.0,15.0,17.0,19.0,2
PMID 32496902 a_Summary_SoE.pdf,control,0,0.0,6.5,22.0,38.5,57.0,72.0,0.0,0.0,0.0,0.0,0.0,0.0,1.0,0.0,0.0,0.5,0.5,0.5,0.0,0.0,0.0,0.0,0.0,0.0,1.0,6.5,22.0,39.0,57.5,72.5,2
PMID 32496902 a_Summary_SoE.pdf,intervention,0,0.0,6.5,20.5,33.5,52.0,65.5,0.0,0.0,0.0,0.0,0.0,0.0,1.0,0.0,0.0,0.5,0.5,0.5,0.0,0.0,0.0,0.0,0.0,0.0,1.0,6.5,20.5,34.0,52.5,66.0,2
PMID 32496902 a_Summary_SoE.pdf,intervention,1,0.0,6.5,21.5,41.5,58.5,73.5,0.0,0.0,0.0,0.0,0.0,0.0,1.0,0.0,0.0,0.5,0.5,0.5,0.0,0.0,0.0,0.0,0.0,0.0,1.0,6.5,21.5,42.0,59.0,74.0,2
PMID 32496902 a_Summary_SoE.pdf,intervention,2,0.0,9.5,30.5,54.5,69.0,82.5,0.0,0.0,0.0,0.0,0.0,0.0,1.0,0.0,0.0,0.5,0.5,0.5,0.0,0.0,0.0,0.0,0.0,0.0,1.0,9.5,30.5,55.0,69.5,83.0,2
PMID 32496902 a_Summary_SoE.pdf,intervention,3,0.0,8.0,34.0,50.0,72.0,83.0,0.0,0.0,0.0,0.0,0.0,0.0,1.0,0.0,0.0,1.0,1.0,1.0,0.0,0.0,0.0,0.0,0.0,0.0,1.0,8.0,34.0,51.0,73.0,84.0,1
PMID 32534646 CT_Summary_SoE.pdf,control,0,0.0,2.0,6.0,12.0,19.0,26.0,1.0,1.5,2.5,2.5,2.5,2.5,1.0,0.0,1.5,1.5,1.5,1.5,0.0,0.5,2.0,2.0,2.0,2.0,2.0,4.0,12.0,18.0,25.0,32.0,2
PMID 32534646 CT_Summary_SoE.pdf,intervention,0,0.0,2.0,6.0,12.0,19.0,26.0,1.0,1.5,2.5,2.5,2.5,2.5,1.0,0.0,1.5,1.5,1.5,1.5,0.0,0.5,2.0,2.0,2.0,2.0,2.0,4.0,12.0,18.0,25.0,32.0,2
PMID 32564260 CT_Summary_SoE.pdf,control,0,0.0,2.0,5.0,9.0,13.0,18.0,1.0,0.0,0.0,0.0,0.0,0.0,0.0,0.0,0.0,0.0,0.0,0.0,1.0,0.0,0.0,0.0,0.0,0.0,2.0,2.0,5.0,9.0,13.0,18.0,2
PMID 32564260 CT_Summary_SoE.pdf,intervention,0,0.0,2.0,5.0,9.0,13.0,18.0,1.0,0.0,0.0,0.0,0.0,0.0,0.0,0.0,0.0,0.0,0.0,0.0,1.0,0.0,0.0,0.0,0.0,0.0,2.0,2.0,5.0,9.0,13.0,18.0,2
PMID 32678716 CT_Summary_SoE.pdf,control,0,0.0,2.0,5.0,9.0,13.0,18.0,1.0,0.0,0.0,0.0,0.0,0.0,1.0,0.0,0.0,0.0,0.0,0.0,0.0,2.0,2.0,2.0,2.0,2.0,2.0,4.0,7.0,11.0,15.0,20.0,2
PMID 32678716 CT_Summary_SoE.pdf,intervention,0,0.0,2.0,5.0,9.0,13.0,18.0,1.0,0.0,0.0,0.0,0.0,0.0,1.0,0.0,0.0,0.0,0.0,0.0,0.0,2.0,2.0,2.0,2.0,2.0,2.0,4.0,7.0,11.0,15.0,20.0,2
PMID 32682457 a_Summary_SoE.pdf,control,0,0.0,2.0,6.0,11.0,16.0,22.0,1.0,0.5,1.5,3.5,3.5,5.5,1.0,1.5,2.5,3.5,6.5,8.0,1.0,0.5,0.5,0.5,0.5,0.5,3.0,4.5,10.5,18.5,26.5,36.0,2
PMID 32682457 a_Summary_SoE.pdf,intervention,0,0.0,3.0,7.0,13.0,20.0,27.0,1.0,0.5,0.5,0.5,0.5,0.5,1.0,0.5,0.5,0.5,0.5,0.5,1.0,0.5,0.5,0.5,0.5,0.5,3.0,4.5,8.5,14.5,21.5,28.5,2
PMID 32682484 a_Summary_SoE.pdf,control,0,0.0,8.0,20.0,40.0,60.0,79.0,1.0,0.0,0.0,0.0,0.0,0.0,0.5,0.0,0.0,0.0,0.0,0.0,0.0,0.0,0.0,0.0,0.0,0.0,1.5,8.0,20.0,40.0,60.0,79.0,2
PMID 32682484 a_Summary_SoE.pdf,intervention,0,0.0,9.0,22.0,42.0,62.0,81.0,1.0,0.0,0.0,0.0,0.0,0.0,0.5,0.0,0.0,0.0,0.0,0.0,0.0,0.0,0.0,0.0,0.0,0.0,1.5,9.0,22.0,42.0,62.0,81.0,2
PMID 32706639 a_Summary_SoE.pdf,control,0,0.0,1.0,1.0,1.0,1.0,1.0,2.0,0.0,0.0,0.0,0.0,0.0,0.5,1.0,2.0,3.0,4.0,5.0,0.0,0.0,0.0,0.0,0.0,0.0,2.5,2.0,3.0,4.0,5.0,6.0,2
PMID 32706639 a_Summary_SoE.pdf,intervention,0,0.0,2.0,5.0,6.5,7.0,7.0,1.5,0.0,0.0,0.5,0.5,0.5,0.5,0.0,0.0,1.0,2.5,3.5,0.0,0.0,0.0,0.0,0.0,0.0,2.0,2.0,5.0,8.0,10.0,11.0,2
PMID 32786187 a_Summary_SoE.pdf,control,0,0.0,9.0,27.0,49.0,70.0,92.0,1.0,0.0,0.0,0.0,0.0,0.0,0.0,4.0,4.0,5.0,6.0,8.0,0.5,0.0,0.0,0.0,0.0,0.0,1.5,13.0,31.0,54.0,76.0,100.0,2
PMID 32786187 a_Summary_SoE.pdf,intervention,0,0.0,9.0,27.0,49.0,70.0,92.0,1.0,0.0,0.0,0.0,0.0,0.0,0.0,4.0,4.0,5.0,6.0,8.0,0.5,0.0,0.0,0.0,0.0,0.0,1.5,13.0,31.0,54.0,76.0,100.0,2
PMID 32813610 a_Summary_SoE.pdf,control,0,0.0,5.0,19.0,31.5,40.0,43.0,0.0,0.0,0.0,0.0,0.0,0.0,0.5,0.0,0.0,0.0,0.0,0.0,0.5,0.0,0.0,0.0,0.0,0.0,1.0,5.0,19.0,31.5,40.0,43.0,2
PMID 32813610 a_Summary_SoE.pdf,intervention,0,0.0,5.0,19.0,31.0,39.5,42.5,0.0,0.0,0.0,0.0,0.0,0.0,0.5,0.0,0.0,0.0,0.0,0.0,0.5,0.0,0.0,0.0,0.0,0.0,1.0,5.0,19.0,31.0,39.5,42.5,2
PMID 32813610 a_Summary_SoE.pdf,intervention,1,0.0,5.0,29.0,42.5,65.0,72.0,0.0,0.0,0.0,0.0,0.0,0.0,0.5,0.0,0.0,0.0,0.0,0.0,0.5,0.0,0.0,0.0,0.0,0.0,1.0,5.0,29.0,42.5,65.0,72.0,2
PMID 32813610 a_Summary_SoE.pdf,intervention,2,0.0,5.0,29.0,44.0,66.5,73.5,0.0,0.0,0.0,0.0,0.0,0.0,0.5,0.0,0.0,0.0,0.0,0.0,0.5,0.0,0.0,0.0,0.0,0.0,1.0,5.0,29.0,44.0,66.5,73.5,2
PMID 32822286 a_Summary_SoE.pdf,control,0,0.0,2.0,4.0,7.0,10.0,14.0,2.0,0.0,0.0,0.0,0.0,0.0,1.0,3.0,5.0,5.0,5.0,5.0,0.5,0.0,0.0,0.0,0.0,0.0,3.5,5.0,9.0,12.0,15.0,19.0,2
PMID 32822286 a_Summary_SoE.pdf,control,1,0.0,4.0,10.0,19.5,29.0,40.0,2.0,0.0,0.0,0.0,0.0,0.0,1.0,1.0,1.0,1.0,1.0,1.0,0.5,0.0,0.0,0.0,0.0,0.0,3.5,5.0,11.0,20.5,30.0,41.0,2
PMID 32822286 a_Summary_SoE.pdf,control,2,0.0,10.0,25.0,45.0,65.0,90.0,2.0,0.0,0.0,0.0,0.0,0.0,1.0,3.0,4.0,4.0,4.0,4.0,0.5,0.0,0.0,0.0,0.0,0.0,3.5,13.0,29.0,49.0,69.0,94.0,2
PMID 32822286 a_Summary_SoE.pdf,intervention,0,0.0,1.0,2.0,3.5,5.0,7.0,2.0,2.0,2.5,3.5,5.0,7.0,1.0,0.0,0.5,1.0,1.0,1.0,0.5,0.0,1.0,1.0,1.0,1.0,3.5,3.0,6.0,9.0,12.0,16.0,2
PMID 32861273 CT_Summary_SoE.pdf,control,0,0.0,5.0,13.0,26.0,39.0,53.0,1.0,0.0,0.0,0.0,0.0,0.0,1.0,0.0,0.0,0.0,0.0,0.0,0.0,0.0,0.0,0.0,0.0,0.0,2.0,5.0,13.0,26.0,39.0,53.0,2
PMID 32861273 CT_Summary_SoE.pdf,intervention,0,0.0,5.0,13.0,26.0,39.0,53.0,1.0,0.0,0.0,0.0,0.0,0.0,1.0,0.0,0.0,0.0,0.0,0.0,0.0,0.0,0.0,0.0,0.0,0.0,2.0,5.0,13.0,26.0,39.0,53.0,2
PMID 32880601a_Summary_SoE.pdf,control,0,0.5,4.0,10.0,18.0,26.0,36.0,1.0,0.0,0.0,0.0,0.0,0.0,0.0,0.0,0.0,0.0,0.0,0.0,0.5,0.0,0.0,0.0,0.0,0.0,2.0,4.0,10.0,18.0,26.0,36.0,2
PMID 32880601a_Summary_SoE.pdf,intervention,0,0.5,2.0,5.0,9.0,13.0,18.0,1.0,0.0,0.0,0.0,0.0,0.0,0.0,0.0,0.0,0.0,0.0,0.0,0.5,0.0,0.0,0.0,0.0,0.0,2.0,2.0,5.0,9.0,13.0,18.0,2
PMID 32880601a_Summary_SoE.pdf,intervention,1,0.5,4.0,10.0,18.0,26.0,36.0,1.0,0.0,0.0,0.0,0.0,0.0,0.0,0.0,0.0,0.0,0.0,0.0,0.5,0.0,0.0,0.0,0.0,0.0,2.0,4.0,10.0,18.0,26.0,36.0,2
PMID 32945632 a_Summary_SoE.pdf,control,0,0.0,0.0,0.0,0.0,0.0,0.0,1.0,0.0,1.0,3.0,4.0,6.0,0.5,2.0,3.0,4.0,6.0,8.0,0.0,0.0,0.0,0.0,0.0,0.0,1.5,2.0,4.0,7.0,10.0,14.0,2
PMID 32945632 a_Summary_SoE.pdf,intervention,0,0.0,3.0,7.0,13.0,19.5,27.0,1.0,0.0,0.0,0.0,0.0,0.0,0.5,0.0,0.0,0.0,0.0,0.0,0.0,0.0,0.0,0.0,0.0,0.0,1.5,3.0,7.0,13.0,19.5,27.0,2
PMID 32954927a_Summary_SoE.pdf,control,0,0.0,0.5,0.5,0.5,0.5,0.5,1.5,0.0,0.0,0.0,0.0,1.0,0.5,2.5,5.5,8.5,9.5,9.5,1.0,0.0,0.0,0.0,0.0,0.0,3.0,3.0,6.0,9.0,10.0,11.0,2
PMID 32954927a_Summary_SoE.pdf,intervention,0,0.0,2.0,3.5,5.0,5.5,6.0,1.5,0.0,0.0,0.0,0.0,0.5,0.5,1.0,2.5,4.0,4.5,4.5,1.0,0.0,0.0,0.0,0.0,0.0,3.0,3.0,6.0,9.0,10.0,11.0,2
PMID 32971005 CT_Summary_SoE.pdf,control,0,0.0,5.0,11.5,18.0,18.0,18.0,1.0,0.0,0.0,0.5,2.0,4.0,0.0,0.0,0.0,0.0,1.5,2.5,0.0,0.0,0.0,1.0,1.5,1.5,1.0,5.0,11.5,19.5,23.0,26.0,2
PMID 32971005 CT_Summary_SoE.pdf,control,1,0.0,6.0,14.0,24.0,24.0,24.0,1.0,0.0,0.0,1.0,2.0,4.0,0.0,0.0,0.0,0.0,0.0,0.0,0.0,0.0,0.0,0.0,2.0,2.0,1.0,6.0,14.0,25.0,28.0,30.0,1
PMID 32971005 CT_Summary_SoE.pdf,intervention,0,0.0,2.0,4.0,7.0,10.0,13.0,1.0,0.0,0.0,0.0,0.0,0.0,0.0,0.0,0.0,0.0,0.0,0.0,0.0,0.0,0.0,0.0,0.0,0.0,1.0,2.0,4.0,7.0,10.0,13.0,2
PMID 32971005 CT_Summary_SoE.pdf,intervention,1,0.0,2.0,4.0,7.0,10.0,13.0,1.0,0.0,0.0,0.0,0.0,0.0,0.0,0.0,0.0,0.0,0.0,0.0,0.0,0.0,0.0,0.0,0.0,0.0,1.0,2.0,4.0,7.0,10.0,13.0,2
PMID 32997907 a_Summary_SoE.pdf,control,0,0.0,3.0,7.0,12.0,16.0,21.0,0.5,0.0,0.0,0.0,0.0,0.0,1.0,0.0,0.0,0.0,0.0,0.0,0.0,0.0,0.0,0.0,0.0,0.0,1.5,4.0,8.0,13.0,17.0,22.0,2
PMID 32997907 a_Summary_SoE.pdf,control,1,0.0,4.0,9.0,12.0,12.0,12.0,0.0,0.0,0.0,2.0,4.0,6.0,1.0,0.0,0.0,0.0,0.0,0.0,0.0,0.0,0.0,0.0,0.0,0.0,1.0,4.0,9.0,14.0,16.0,18.0,1
PMID 32997907 a_Summary_SoE.pdf,intervention,0,0.0,2.0,5.0,9.0,13.0,18.0,0.5,0.0,0.0,0.0,0.0,0.0,1.0,0.0,0.0,0.0,0.0,0.0,0.0,0.0,0.0,0.0,0.0,0.0,1.5,3.0,6.0,10.0,14.0,19.0,2
PMID 33010094 CT_Summary_SoE.pdf,control,0,0.0,0.0,0.0,0.0,0.0,0.0,0.0,0.0,0.0,0.0,0.0,0.0,0.5,0.0,0.0,0.0,0.0,0.0,0.5,0.0,1.0,2.5,4.0,5.5,1.0,0.0,1.0,2.5,4.0,5.5,2
PMID 33010094 CT_Summary_SoE.pdf,control,1,0.0,0.0,0.0,0.0,0.0,0.0,0.0,0.0,0.0,0.0,0.0,0.0,1.0,0.0,0.0,0.0,0.0,0.0,0.0,0.0,1.0,3.0,4.0,5.0,1.0,0.0,1.0,3.0,4.0,5.0,1
PMID 33010094 CT_Summary_SoE.pdf,intervention,0,0.0,0.0,0.0,0.0,0.0,0.0,0.0,0.0,0.0,0.0,0.0,0.0,0.5,0.0,0.0,0.0,0.0,0.0,0.5,0.0,1.0,2.5,4.0,5.5,1.0,0.0,1.0,2.5,4.0,5.5,2
PMID 33010094 CT_Summary_SoE.pdf,intervention,1,0.0,0.0,0.0,0.0,0.0,0.0,0.0,0.0,0.0,0.0,0.0,0.0,0.0,0.0,0.0,0.0,0.0,0.0,1.0,0.0,1.0,2.0,4.0,6.0,1.0,0.0,1.0,2.0,4.0,6.0,1
PMID 33021870 a_Summary_SoE.pdf,control,0,0.0,4.0,7.0,11.0,14.0,16.0,1.0,0.0,0.0,0.0,0.0,0.0,0.0,0.0,0.0,0.0,0.0,2.0,0.0,0.0,0.0,0.0,0.0,0.0,1.0,4.0,7.0,11.0,14.0,18.0,2
PMID 33021870 a_Summary_SoE.pdf,intervention,0,0.0,4.0,7.0,11.0,14.0,16.0,1.0,0.0,0.0,0.0,0.0,0.0,0.0,0.0,0.0,0.0,0.0,2.0,0.0,0.0,0.0,0.0,0.0,0.0,1.0,4.0,7.0,11.0,14.0,18.0,2
PMID 33026938 CT_Summary_SoE.pdf,control,0,0.0,2.0,5.0,9.0,13.0,18.0,1.0,0.0,0.0,0.0,0.0,0.0,0.0,0.0,0.0,0.0,0.0,0.0,0.0,0.0,0.0,0.0,0.0,0.0,1.0,2.0,5.0,9.0,13.0,18.0,2
PMID 33026938 CT_Summary_SoE.pdf,control,1,0.0,3.0,7.0,13.0,20.0,27.0,1.0,0.0,0.0,0.0,0.0,0.0,0.0,0.0,0.0,0.0,0.0,0.0,0.0,0.0,0.0,0.0,0.0,0.0,1.0,3.0,7.0,13.0,20.0,27.0,2
PMID 33026938 CT_Summary_SoE.pdf,control,2,0.0,4.0,10.0,19.0,29.0,40.0,1.0,0.0,0.0,0.0,0.0,0.0,0.0,0.0,0.0,0.0,0.0,0.0,0.0,0.0,0.0,0.0,0.0,0.0,1.0,4.0,10.0,19.0,29.0,40.0,2
PMID 33026938 CT_Summary_SoE.pdf,intervention,0,0.0,2.0,5.0,9.0,13.0,18.0,1.0,0.0,0.0,0.0,0.0,0.0,0.0,0.0,0.0,0.0,0.0,0.0,0.0,0.0,0.0,0.0,0.0,0.0,1.0,2.0,5.0,9.0,13.0,18.0,2
PMID 33044684 CT_Summary_SoE.pdf,control,0,0.0,4.0,5.0,6.0,6.0,6.0,1.0,0.0,0.0,0.0,1.0,1.0,0.0,0.5,0.5,0.5,0.5,0.5,0.0,0.0,0.0,0.0,0.0,0.0,1.0,4.5,5.5,6.5,7.5,7.5,2
PMID 33044684 CT_Summary_SoE.pdf,intervention,0,0.0,4.0,5.0,6.0,6.0,6.0,1.0,0.0,0.0,0.0,1.0,1.0,0.0,0.5,0.5,0.5,0.5,0.5,0.0,0.0,0.0,0.0,0.0,0.0,1.0,4.5,5.5,6.5,7.5,7.5,2
PMID 33078978 a_Summary_SoE.pdf,control,0,0.0,2.0,5.0,7.0,7.0,7.0,1.0,0.0,0.0,1.0,2.0,3.0,1.0,3.0,8.0,14.0,14.0,14.0,0.0,0.0,0.0,0.0,0.0,0.0,2.0,5.0,13.0,22.0,23.0,24.0,1
PMID 33078978 a_Summary_SoE.pdf,intervention,0,0.0,4.0,9.0,12.5,12.5,12.5,1.0,0.0,1.0,2.0,3.0,4.0,1.0,3.0,8.0,14.0,14.0,14.0,0.0,0.0,0.0,0.0,0.5,0.5,2.0,7.0,18.0,28.5,30.0,31.0,2
PMID 33078978 a_Summary_SoE.pdf,intervention,1,0.0,4.0,6.0,9.0,9.0,9.0,1.0,0.0,3.0,5.0,6.0,7.0,1.0,3.0,8.0,14.0,14.0,14.0,0.0,0.0,0.0,0.0,1.0,1.0,2.0,7.0,17.0,28.0,30.0,31.0,1
PMID 33129376 a_Summary_SoE.pdf,control,0,0.0,7.0,18.0,34.0,44.0,56.0,1.0,0.0,0.0,0.0,0.0,0.0,0.5,0.0,0.0,0.0,0.0,0.0,0.0,0.0,0.0,0.0,0.0,0.0,1.5,7.0,18.0,34.0,44.0,56.0,2
PMID 33129376 a_Summary_SoE.pdf,intervention,0,0.0,7.0,18.0,34.0,44.0,56.0,1.0,0.0,0.0,0.0,0.0,0.0,0.5,0.0,0.0,0.0,0.0,0.0,0.0,0.0,0.0,0.0,0.0,0.0,1.5,7.0,18.0,34.0,44.0,56.0,2
PMID 33186740 a_Summary_SoE.pdf,control,0,0.0,0.0,0.0,0.0,0.0,0.0,0.0,0.0,0.0,0.0,0.0,0.0,0.0,0.0,0.0,0.0,0.0,0.0,0.0,0.0,0.0,0.0,0.0,0.0,0.0,0.0,0.0,0.0,0.0,0.0,2
PMID 33186740 a_Summary_SoE.pdf,intervention,0,0.0,0.0,0.0,0.0,0.0,0.0,0.0,0.0,0.0,0.0,0.0,0.0,0.0,0.0,0.0,0.0,0.0,0.0,0.0,0.0,0.0,0.0,0.0,0.0,0.0,0.0,0.0,0.0,0.0,0.0,2
PMID 33189178 a_Summary_SoE.pdf,control,0,0.0,7.0,18.0,34.0,44.0,56.0,1.5,1.5,1.5,1.5,1.5,1.5,0.5,0.5,0.5,0.5,1.5,1.5,0.0,0.0,0.0,0.0,0.0,0.0,2.0,9.0,20.0,36.0,47.0,59.0,2
PMID 33189178 a_Summary_SoE.pdf,intervention,0,0.0,4.0,11.5,22.0,33.0,44.0,1.5,1.5,1.5,1.5,1.5,1.5,0.5,0.5,1.0,1.5,1.5,1.5,0.0,0.0,0.0,0.0,0.0,0.0,2.0,6.0,14.0,25.0,36.0,47.0,2
PMID 33194700 CT a_Summary_SoE.pdf,control,0,0.0,1.0,2.0,3.5,5.0,7.0,1.0,0.0,0.5,1.5,2.0,3.0,1.0,1.0,1.5,2.0,3.0,4.0,0.0,0.0,0.0,0.0,0.0,0.0,2.0,2.0,4.0,7.0,10.0,14.0,2
PMID 33194700 CT a_Summary_SoE.pdf,intervention,0,0.0,1.0,2.0,3.5,5.0,7.0,1.0,1.0,1.5,2.5,3.0,4.0,1.0,0.0,0.5,1.0,2.0,3.0,0.0,0.0,0.0,0.0,0.0,0.0,2.0,2.0,4.0,7.0,10.0,14.0,2
PMID 33197226 a_Summary_SoE.pdf,control,0,0.0,2.5,6.0,6.0,6.0,6.0,1.5,0.0,1.0,1.0,1.0,1.0,0.5,0.0,0.0,2.5,4.5,6.5,0.0,0.0,0.5,2.5,4.5,7.0,2.0,2.5,7.5,12.0,16.0,20.5,2
PMID 33197226 a_Summary_SoE.pdf,control,1,0.0,2.5,6.5,13.0,19.5,26.5,1.5,0.0,1.0,1.0,1.0,1.0,0.5,0.0,0.0,0.0,0.0,0.0,0.0,0.0,0.0,0.0,0.0,0.0,2.0,2.5,7.5,14.0,20.5,27.5,2
PMID 33197226 a_Summary_SoE.pdf,intervention,0,0.0,2.5,6.5,13.0,19.5,26.5,1.5,0.0,1.0,1.0,1.0,1.0,0.5,0.0,0.0,0.0,0.0,0.0,0.0,0.0,0.0,0.0,0.0,0.0,2.0,2.5,7.5,14.0,20.5,27.5,2
PMID 33207094 a_Summary_SoE.pdf,control,0,0.0,1.5,2.5,4.0,5.5,7.5,1.0,0.5,1.0,2.0,2.5,3.5,0.0,2.0,2.5,3.0,4.0,5.0,0.0,0.0,0.0,0.0,0.0,0.0,1.0,4.0,6.0,9.0,12.0,16.0,2
PMID 33207094 a_Summary_SoE.pdf,intervention,0,0.0,1.5,2.5,4.0,5.5,7.5,1.0,2.5,3.0,4.0,4.5,5.5,0.0,0.0,0.5,1.0,2.0,3.0,0.0,0.0,0.0,0.0,0.0,0.0,1.0,4.0,6.0,9.0,12.0,16.0,2
PMID 33231285 a_Summary_SoE.pdf,control,0,0.0,2.0,5.0,9.0,13.0,18.0,1.0,0.0,0.0,0.0,0.0,0.0,0.5,0.0,0.0,0.0,0.0,0.0,0.0,0.0,0.0,0.0,0.0,0.0,1.5,2.0,5.0,9.0,13.0,18.0,2
PMID 33231285 a_Summary_SoE.pdf,intervention,0,0.0,2.0,5.0,9.0,13.0,18.0,1.0,0.0,0.0,0.0,0.0,0.0,0.5,0.0,0.0,0.0,0.0,0.0,0.0,0.0,0.0,0.0,0.0,0.0,1.5,2.0,5.0,9.0,13.0,18.0,2
PMID 33278935 a_Summary_SoE.pdf,control,0,0.0,4.0,9.5,19.0,28.0,38.0,1.0,0.0,0.5,1.5,2.0,3.0,1.0,0.0,0.0,0.0,0.0,0.0,0.0,0.0,0.0,0.0,0.0,0.0,2.0,4.0,10.0,20.5,30.0,41.0,2
PMID 33278935 a_Summary_SoE.pdf,intervention,0,0.0,4.0,9.5,19.0,28.0,38.0,1.0,0.0,0.5,1.5,2.0,3.0,1.0,0.0,0.0,0.0,0.0,0.0,0.0,0.0,0.0,0.0,0.0,0.0,2.0,4.0,10.0,20.5,30.0,41.0,2
PMID 33357420 CT_Summary_SoE.pdf,control,0,0.0,2.5,7.0,13.0,17.0,21.5,1.0,0.0,0.0,0.5,0.5,0.5,1.0,0.0,1.0,4.5,8.5,8.5,0.0,0.0,0.0,0.0,0.0,0.0,2.0,2.5,8.0,18.0,26.0,30.5,2
PMID 33357420 CT_Summary_SoE.pdf,intervention,0,0.0,2.5,7.0,13.0,17.0,21.5,1.0,0.0,0.0,0.5,0.5,0.5,1.0,0.0,1.0,4.5,8.5,8.5,0.0,0.0,0.0,0.0,0.0,0.0,2.0,2.5,8.0,18.0,26.0,30.5,2
PMID 33369355 a_Summary_SoE.pdf,control,0,0.0,2.0,4.0,7.0,10.0,14.0,0.5,0.0,0.0,0.0,0.0,0.0,0.5,3.0,7.0,10.0,13.5,17.0,0.5,0.0,0.0,0.0,0.0,0.0,1.5,5.0,11.0,17.0,23.5,31.0,2
PMID 33369355 a_Summary_SoE.pdf,intervention,0,0.0,2.0,4.0,7.0,10.0,14.0,0.5,0.0,0.0,0.0,0.0,0.0,0.5,3.0,7.0,10.0,13.5,17.0,0.5,0.0,0.0,0.0,0.0,0.0,1.5,5.0,11.0,17.0,23.5,31.0,2
PMID 33476593 a_Summary_SoE.pdf,control,0,0.0,2.0,5.0,9.0,13.0,18.0,1.0,0.0,0.0,0.0,0.0,0.0,1.0,0.0,0.0,0.0,0.0,0.0,0.0,0.0,0.0,0.0,0.0,0.0,2.0,2.0,5.0,9.0,13.0,18.0,2
PMID 33476593 a_Summary_SoE.pdf,intervention,0,0.0,2.0,5.0,9.0,13.0,18.0,1.0,0.0,0.0,0.0,0.0,0.0,1.0,0.0,0.0,0.0,0.0,0.0,0.0,0.0,0.0,0.0,0.0,0.0,2.0,2.0,5.0,9.0,13.0,18.0,2
PMID 33480963 a_Summary_SoE.pdf,control,0,0.0,4.0,9.0,18.0,26.0,36.0,2.0,0.0,0.0,0.0,0.0,0.0,0.0,0.0,0.0,0.0,0.0,0.0,0.0,0.0,0.0,0.0,0.0,0.0,2.0,4.0,9.0,18.0,26.0,36.0,2
PMID 33480963 a_Summary_SoE.pdf,intervention,0,0.0,4.0,9.0,18.0,26.0,36.0,2.0,0.0,0.0,0.0,0.0,0.0,0.0,0.0,0.0,0.0,0.0,0.0,0.0,0.0,0.0,0.0,0.0,0.0,2.0,4.0,9.0,18.0,26.0,36.0,2
PMID 33485464 a_Summary_SoE.pdf,control,0,0.0,2.0,5.0,6.0,6.0,6.0,0.5,0.0,0.0,2.0,4.0,6.0,1.0,0.0,0.0,0.0,0.0,0.0,0.0,0.0,0.0,1.0,2.0,3.0,1.5,2.0,5.0,9.0,12.0,15.0,2
PMID 33485464 a_Summary_SoE.pdf,intervention,0,0.0,3.0,7.0,13.0,20.0,27.0,0.5,0.0,0.0,0.0,0.0,0.0,1.0,0.0,0.0,0.0,0.0,0.0,0.0,0.0,0.0,0.0,0.0,0.0,1.5,3.0,7.0,13.0,20.0,27.0,2
PMID 33513313 a_Summary_SoE.pdf,control,0,0.0,2.0,5.0,9.0,13.0,18.0,1.0,0.0,0.0,0.0,0.0,0.0,0.0,0.0,2.5,2.5,2.5,2.5,0.0,0.0,0.0,0.0,0.0,0.0,1.0,2.0,7.5,11.5,15.5,20.5,2
PMID 33513313 a_Summary_SoE.pdf,intervention,0,0.0,2.0,5.0,9.0,13.0,18.0,1.0,0.0,0.0,0.0,0.0,0.0,0.0,0.0,2.5,2.5,2.5,2.5,0.0,0.0,0.0,0.0,0.0,0.0,1.0,2.0,7.5,11.5,15.5,20.5,2
PMID 33539945 CT_Summary_SoE.pdf,control,0,0.0,4.0,10.0,20.0,30.0,40.0,1.0,0.0,0.0,0.0,0.0,0.0,0.0,0.0,0.0,0.0,0.0,0.0,0.0,0.0,0.0,0.0,0.0,0.0,1.0,4.0,10.0,20.0,30.0,40.0,2
PMID 33539945 CT_Summary_SoE.pdf,intervention,0,0.0,4.0,10.0,20.0,30.0,40.0,1.0,0.0,0.0,0.0,0.0,0.0,0.0,0.0,0.0,0.0,0.0,0.0,0.0,0.0,0.0,0.0,0.0,0.0,1.0,4.0,10.0,20.0,30.0,40.0,2
PMID 33555926 a_Summary_SoE.pdf,control,0,0.0,3.0,6.5,12.5,12.5,12.5,1.0,0.0,0.0,0.0,1.0,2.0,0.5,1.0,1.5,1.5,2.5,2.5,0.0,0.0,0.0,0.0,0.0,0.0,1.5,4.0,8.0,14.0,16.0,17.0,2
PMID 33555926 a_Summary_SoE.pdf,intervention,0,0.0,3.0,6.5,12.5,16.0,20.0,1.0,2.0,3.0,3.0,3.0,3.0,0.5,0.0,0.0,0.0,0.5,0.5,0.0,0.0,0.0,0.0,0.0,0.0,1.5,5.0,9.5,15.5,19.5,23.5,2
PMID 33577358 a_Summary_SoE.pdf,control,0,0.0,3.0,7.0,13.0,20.0,27.0,1.0,0.0,0.0,0.0,0.0,0.0,0.0,0.5,1.0,1.0,1.0,1.0,0.0,0.0,0.0,0.0,0.0,0.0,1.0,3.5,8.0,14.0,21.0,28.0,2
PMID 33577358 a_Summary_SoE.pdf,intervention,0,0.0,3.0,7.0,13.0,20.0,27.0,1.0,0.0,0.0,0.0,0.0,0.0,0.0,0.5,1.0,1.0,1.0,1.0,0.0,0.0,0.0,0.0,0.0,0.0,1.0,3.5,8.0,14.0,21.0,28.0,2
PMID 33577729 a_Summary_SoE.pdf,control,0,0.0,2.0,5.0,9.0,13.0,18.0,1.5,0.0,1.0,1.5,2.5,3.0,0.5,0.0,0.0,0.0,0.0,0.0,0.0,0.0,0.0,0.0,0.0,0.0,2.0,2.0,6.0,10.5,15.5,21.0,2
PMID 33577729 a_Summary_SoE.pdf,intervention,0,0.0,4.0,10.0,20.0,30.0,40.0,1.5,0.0,0.0,0.0,0.0,0.0,0.5,0.0,0.0,0.0,0.0,0.0,0.0,0.0,0.0,0.0,0.0,0.0,2.0,4.0,10.0,20.0,30.0,40.0,2
PMID 33616314 a_Summary_SoE.pdf,control,0,0.0,2.0,5.0,9.0,13.0,18.0,1.0,0.0,1.0,3.0,4.0,6.0,1.0,1.0,2.5,3.5,5.5,6.5,0.0,0.0,0.0,0.0,0.0,0.0,2.0,3.0,8.5,15.5,22.5,30.5,2
PMID 33616314 a_Summary_SoE.pdf,intervention,0,0.0,2.0,5.0,9.0,13.0,18.0,1.0,0.0,1.0,3.0,4.0,6.0,1.0,1.0,2.5,3.5,5.5,6.5,0.0,0.0,0.0,0.0,0.0,0.0,2.0,3.0,8.5,15.5,22.5,30.5,2
PMID 33616314 a_Summary_SoE.pdf,intervention,1,0.0,2.0,5.0,9.0,13.0,18.0,1.0,0.0,1.0,3.0,4.0,6.0,1.0,1.0,2.5,3.5,5.5,6.5,0.0,0.0,0.0,0.0,0.0,0.0,2.0,3.0,8.5,15.5,22.5,30.5,2
PMID 33621109 a_Summary_SoE.pdf,control,0,0.0,3.0,7.5,9.0,9.0,9.0,1.0,0.0,1.0,2.0,3.0,4.0,1.0,3.0,4.5,5.5,5.5,5.5,0.0,0.0,0.0,0.0,0.0,0.0,2.0,6.0,13.0,16.5,17.5,18.5,2
PMID 33621109 a_Summary_SoE.pdf,intervention,0,0.0,3.0,7.5,9.0,9.0,9.0,1.0,0.0,1.0,2.0,3.0,4.0,1.0,3.0,4.5,5.5,5.5,5.5,0.0,0.0,0.0,0.0,0.0,0.0,2.0,6.0,13.0,16.5,17.5,18.5,2
PMID 33631112 CT_Summary_SoE.pdf,control,0,0.0,0.0,0.0,0.0,0.0,0.0,1.0,0.0,1.0,2.0,3.0,4.0,0.0,3.0,4.0,5.0,5.0,5.0,0.0,0.0,0.0,0.0,0.0,0.5,1.0,3.0,5.0,7.0,8.0,9.5,2
PMID 33631112 CT_Summary_SoE.pdf,intervention,0,0.0,5.0,7.0,9.0,10.0,11.0,1.0,0.0,0.0,0.0,0.0,0.0,0.0,0.0,0.0,0.0,0.0,0.0,0.0,0.0,0.0,0.0,0.0,0.5,1.0,5.0,7.0,9.0,10.0,11.5,2
PMID 33651090 a_Summary_SoE.pdf,control,0,0.5,8.0,28.0,33.0,33.5,34.0,1.0,0.0,0.0,0.0,0.0,0.0,0.5,0.0,0.0,1.5,2.0,3.0,0.0,0.0,0.0,0.0,0.0,0.0,2.0,8.0,28.0,34.5,35.5,37.0,2
PMID 33651090 a_Summary_SoE.pdf,control,1,0.5,8.0,30.5,58.0,77.5,91.0,1.0,0.0,0.0,0.0,0.0,0.0,0.5,0.0,1.5,6.5,16.0,20.5,0.0,0.0,0.0,0.0,0.0,0.0,2.0,8.0,32.0,64.5,93.5,111.5,2
PMID 33651090 a_Summary_SoE.pdf,intervention,0,0.5,8.0,28.0,35.0,35.5,36.0,1.0,0.0,0.0,0.0,0.0,0.0,0.5,0.0,2.0,3.5,4.0,5.0,0.0,0.0,0.0,0.0,0.0,0.0,2.0,8.0,30.0,38.5,39.5,41.0,2
PMID 33651090 a_Summary_SoE.pdf,intervention,1,0.5,8.0,31.5,61.0,93.0,102.0,1.0,0.0,0.0,0.0,0.0,0.0,0.5,0.0,3.5,10.0,21.0,26.0,0.0,0.0,0.0,0.0,0.0,0.0,2.0,8.0,35.0,71.0,114.0,128.0,2
PMID 33651091 a_Summary_SoE.pdf,control,0,0.0,4.0,4.0,4.0,4.0,4.0,0.0,0.0,0.0,0.0,0.0,0.0,1.0,1.5,3.0,4.0,5.0,6.0,0.0,0.0,0.5,0.5,0.5,0.5,1.0,5.5,7.5,8.5,9.5,10.5,2
PMID 33651091 a_Summary_SoE.pdf,intervention,0,0.0,5.0,5.0,5.0,5.0,5.0,0.0,0.0,0.0,0.0,0.0,0.0,1.0,1.0,2.5,3.5,4.5,5.5,0.0,0.0,0.5,0.5,0.5,0.5,1.0,6.0,8.0,9.0,10.0,11.0,2
PMID 33657295 a_Summary_SoE.pdf,control,0,0.0,2.0,5.0,9.0,13.0,18.0,1.5,0.5,0.5,0.5,0.5,0.5,0.5,0.5,0.5,0.5,0.5,0.5,0.0,0.0,0.0,0.0,0.0,0.0,2.0,3.0,6.0,10.0,14.0,19.0,2
PMID 33657295 a_Summary_SoE.pdf,intervention,0,0.0,2.0,5.0,11.0,18.0,25.0,1.5,0.5,0.5,0.5,0.5,0.5,0.5,0.5,0.5,0.5,0.5,0.5,0.0,0.0,0.0,0.0,0.0,0.0,2.0,3.0,6.0,12.0,19.0,26.0,2
PMID 33657295 a_Summary_SoE.pdf,intervention,1,0.0,3.0,7.0,13.0,20.0,27.0,1.5,0.5,0.5,0.5,0.5,0.5,0.5,0.5,0.5,0.5,0.5,0.5,0.0,0.0,0.0,0.0,0.0,0.0,2.0,4.0,8.0,14.0,21.0,28.0,2
PMID 33667670 CT_Summary_SoE.pdf,control,0,0.0,7.5,19.0,35.5,52.0,71.5,0.5,0.5,1.5,2.5,3.5,4.0,0.0,0.0,0.0,0.0,0.0,1.0,1.0,1.0,1.0,1.0,1.0,1.0,1.5,9.0,21.5,39.0,56.5,77.5,2
PMID 33667670 CT_Summary_SoE.pdf,intervention,0,0.0,2.0,5.0,9.0,13.0,18.0,0.5,0.5,0.5,0.5,0.5,0.5,0.0,2.5,5.5,8.0,10.0,13.5,1.0,1.0,1.0,1.0,1.0,1.0,1.5,6.0,12.0,18.5,24.5,33.0,2
PMID 33676601 CT_Summary_SoE.pdf,control,0,0.0,2.0,5.0,9.0,13.0,18.0,1.0,0.5,0.5,0.5,0.5,0.5,0.5,0.5,0.5,0.5,0.5,0.5,0.5,0.0,0.0,0.0,0.0,0.0,2.0,3.0,6.0,10.0,14.0,19.0,2
PMID 33676601 CT_Summary_SoE.pdf,control,1,0.0,4.0,9.0,17.5,26.0,36.0,1.0,0.5,0.5,0.5,0.5,0.5,0.5,0.5,0.5,0.5,0.5,0.5,0.5,0.0,0.0,0.0,0.0,0.0,2.0,5.0,10.0,18.5,27.0,37.0,2
PMID 33676601 CT_Summary_SoE.pdf,control,2,0.0,5.0,13.0,26.0,39.0,53.0,1.0,0.5,0.5,0.5,0.5,0.5,0.5,0.5,0.5,0.5,0.5,0.5,0.5,0.0,0.0,0.0,0.0,0.0,2.0,6.0,14.0,27.0,40.0,54.0,2
PMID 33676601 CT_Summary_SoE.pdf,intervention,0,0.0,2.0,5.0,9.0,13.0,18.0,1.0,0.5,0.5,0.5,0.5,0.5,0.5,0.5,0.5,0.5,0.5,0.5,0.5,0.0,0.0,0.0,0.0,0.0,2.0,3.0,6.0,10.0,14.0,19.0,2
PMID 33683919 a_Summary_SoE.pdf,control,0,0.0,3.5,8.0,14.0,21.0,28.0,1.0,0.0,0.0,0.0,0.0,0.0,1.0,1.5,2.0,2.0,2.0,2.0,0.0,0.0,0.0,0.0,0.0,0.0,2.0,5.0,10.0,16.0,23.0,30.0,2
PMID 33683919 a_Summary_SoE.pdf,intervention,0,0.0,3.0,7.0,13.0,20.0,27.0,1.0,0.0,0.0,0.0,0.0,0.0,1.0,1.5,1.5,1.5,1.5,1.5,0.0,0.0,0.0,0.0,0.0,0.0,2.0,4.5,8.5,14.5,21.5,28.5,2
PMID 33683919 a_Summary_SoE.pdf,intervention,1,0.0,3.5,8.0,14.0,21.0,28.0,1.0,0.0,0.0,0.0,0.0,0.0,1.0,1.5,2.0,2.0,2.0,2.0,0.0,0.0,0.0,0.0,0.0,0.0,2.0,5.0,10.0,16.0,23.0,30.0,2
PMID 33721560 CT_Summary_SoE.pdf,control,0,0.0,0.0,0.0,0.0,0.0,0.0,1.0,0.0,1.0,2.0,3.0,4.0,0.0,1.0,2.0,3.0,4.0,5.5,0.0,0.0,0.0,0.0,0.0,0.0,1.0,1.0,3.0,5.0,7.0,9.5,2
PMID 33721560 CT_Summary_SoE.pdf,intervention,0,0.0,2.0,5.0,9.0,13.0,16.0,1.0,0.0,0.0,0.0,0.0,1.0,0.0,0.0,0.0,0.0,0.0,0.5,0.0,0.0,0.0,0.0,0.0,0.0,1.0,2.0,5.0,9.0,13.0,17.5,2
PMID 33739848 a_Summary_SoE.pdf,control,0,0.0,21.0,25.0,25.0,25.0,25.0,1.0,0.5,0.5,0.5,0.5,1.5,0.5,0.5,0.5,0.5,0.5,0.5,0.5,0.0,1.0,2.0,2.0,2.0,2.0,22.0,27.0,28.0,28.0,29.0,2
PMID 33739848 a_Summary_SoE.pdf,intervention,0,0.0,21.0,25.0,25.0,25.0,25.0,1.0,0.5,0.5,0.5,0.5,1.5,0.5,0.5,0.5,0.5,0.5,0.5,0.5,0.0,1.0,2.0,2.0,2.0,2.0,22.0,27.0,28.0,28.0,29.0,2
PMID 33764805 a_Summary_SoE.pdf,control,0,0.0,2.0,4.0,7.0,10.0,14.0,1.0,0.0,0.0,0.0,0.0,0.0,1.0,3.0,7.0,10.0,14.0,16.0,0.0,0.0,0.0,0.0,0.0,0.0,2.0,5.0,11.0,17.0,24.0,30.0,2
PMID 33764805 a_Summary_SoE.pdf,intervention,0,0.0,2.0,4.0,7.0,10.0,14.0,1.0,0.0,0.0,0.0,0.0,0.0,1.0,3.0,7.0,10.0,14.0,16.0,0.0,0.0,0.0,0.0,0.0,0.0,2.0,5.0,11.0,17.0,24.0,30.0,2
PMID 33789008 a_Summary_SoE.pdf,control,0,0.0,3.0,7.0,11.0,14.0,17.5,1.0,0.5,0.5,0.5,0.5,0.5,0.5,0.0,0.0,0.0,0.0,0.0,0.0,0.0,0.0,0.0,0.0,0.0,1.5,3.5,7.5,11.5,14.5,18.0,2
PMID 33789008 a_Summary_SoE.pdf,intervention,0,0.0,3.0,7.0,11.0,14.0,17.5,1.0,0.5,0.5,0.5,0.5,0.5,0.5,0.0,0.0,0.0,0.0,0.0,0.0,0.0,0.0,0.0,0.0,0.0,1.5,3.5,7.5,11.5,14.5,18.0,2
PMID 33792623a_Summary_SoE.pdf,control,0,0.0,2.0,5.0,6.0,6.0,6.0,1.0,0.0,0.0,2.0,3.0,4.0,0.0,1.5,4.0,6.0,6.0,6.0,0.0,0.0,0.0,1.0,1.5,2.0,1.0,3.5,9.0,15.0,16.5,18.0,2
PMID 33792623a_Summary_SoE.pdf,intervention,0,0.0,2.0,5.0,9.0,13.0,18.0,1.0,0.0,0.0,0.0,0.0,0.0,0.0,1.5,4.0,6.0,6.0,6.0,0.0,0.0,0.0,0.0,0.0,0.0,1.0,3.5,9.0,15.0,19.0,24.0,2
PMID 33792623a_Summary_SoE.pdf,intervention,1,0.0,5.0,13.0,21.0,25.0,30.0,1.0,0.0,0.0,0.0,0.0,0.0,0.0,0.0,0.0,0.0,0.0,0.0,0.0,0.0,0.0,0.0,0.0,0.0,1.0,5.0,13.0,21.0,25.0,30.0,2
PMID 33793299 a_Summary_SoE.pdf,control,0,0.0,1.0,2.0,3.5,5.0,6.5,1.0,1.0,1.0,1.5,1.5,2.0,0.0,1.0,3.0,3.5,4.0,5.0,0.0,0.0,0.0,0.0,0.0,0.0,1.0,3.0,6.0,8.5,10.5,13.5,2
PMID 33793299 a_Summary_SoE.pdf,intervention,0,0.0,1.0,2.0,3.5,5.0,6.5,1.0,1.0,1.0,1.5,1.5,2.0,0.0,1.0,3.0,3.5,4.0,5.0,0.0,0.0,0.0,0.0,0.0,0.0,1.0,3.0,6.0,8.5,10.5,13.5,2
PMID 33794205 CT_Summary_SoE.pdf,control,0,0.0,19.5,37.5,44.0,50.0,57.0,1.0,0.0,0.0,0.0,0.0,0.0,0.0,0.0,0.0,0.0,0.0,0.0,0.0,0.0,0.0,0.0,0.0,0.0,1.0,19.5,37.5,44.0,50.0,57.0,2
PMID 33794205 CT_Summary_SoE.pdf,intervention,0,0.0,19.5,37.5,44.0,50.0,57.0,1.0,0.0,0.0,0.0,0.0,0.0,0.0,0.0,0.0,0.0,0.0,0.0,0.0,0.0,0.0,0.0,0.0,0.0,1.0,19.5,37.5,44.0,50.0,57.0,2
PMID 33821899a_Summary_SoE.pdf,control,0,0.0,2.5,6.5,9.0,9.0,9.0,1.0,0.0,0.0,0.5,0.5,1.0,0.5,0.0,0.5,0.5,1.5,2.0,0.0,0.0,0.0,0.0,0.0,0.0,1.5,2.5,7.0,10.0,11.0,12.0,2
PMID 33821899a_Summary_SoE.pdf,control,1,0.0,2.0,7.0,12.0,12.0,12.0,1.0,0.0,0.0,1.0,1.0,2.0,1.0,0.0,0.0,0.0,1.0,1.0,0.0,0.0,0.0,0.0,0.0,0.0,2.0,2.0,7.0,13.0,14.0,15.0,1
PMID 33821899a_Summary_SoE.pdf,intervention,0,0.0,2.5,6.0,6.0,6.0,6.0,1.0,0.0,0.0,0.5,0.5,1.0,0.5,0.0,0.5,1.0,2.0,2.5,0.0,0.0,0.0,0.0,0.0,0.0,1.5,2.5,6.5,7.5,8.5,9.5,2
PMID 33821899a_Summary_SoE.pdf,intervention,1,0.0,2.5,6.5,9.0,9.0,9.0,1.0,0.0,0.0,0.5,0.5,1.0,0.5,0.0,0.0,0.5,1.5,2.0,0.0,0.0,0.0,0.0,0.0,0.0,1.5,2.5,6.5,10.0,11.0,12.0,2
PMID 33821899a_Summary_SoE.pdf,intervention,2,0.0,3.0,7.0,12.0,12.0,12.0,1.0,0.0,0.0,0.0,0.0,0.0,0.0,0.0,0.0,0.0,1.0,2.0,0.0,0.0,0.0,0.0,0.0,0.0,1.0,3.0,7.0,12.0,13.0,14.0,1
PMID 33848462 CT_Summary_SoE.pdf,control,0,0.0,5.0,11.0,21.0,31.0,41.0,2.0,0.0,0.0,0.0,0.0,0.0,1.0,1.0,1.0,1.0,1.0,1.0,0.0,0.0,0.0,0.0,0.0,0.0,3.0,6.0,12.0,22.0,32.0,42.0,2
PMID 33848462 CT_Summary_SoE.pdf,intervention,0,0.0,5.0,11.0,21.0,31.0,41.0,2.0,0.0,0.0,0.0,0.0,0.0,1.0,1.0,1.0,1.0,1.0,1.0,0.0,0.0,0.0,0.0,0.0,0.0,3.0,6.0,12.0,22.0,32.0,42.0,2
PMID 33882206 a_Summary_SoE.pdf,control,0,0.0,4.0,9.0,18.0,26.0,36.0,0.5,0.0,0.0,0.0,0.0,0.0,0.5,0.0,0.0,0.0,0.0,0.0,0.5,0.0,0.0,0.0,0.0,0.0,1.5,4.0,9.0,18.0,26.0,36.0,2
PMID 33882206 a_Summary_SoE.pdf,intervention,0,0.0,4.0,9.0,18.0,26.0,36.0,0.5,0.0,0.0,0.0,0.0,0.0,0.5,0.0,0.0,0.0,0.0,0.0,0.5,0.0,0.0,0.0,0.0,0.0,1.5,4.0,9.0,18.0,26.0,36.0,2
PMID 33891472 a_Summary_SoE.pdf,control,0,0.0,2.0,5.0,9.0,13.0,18.0,1.0,0.0,0.0,0.0,0.0,0.0,1.0,0.0,0.0,0.0,0.0,0.0,0.0,0.0,0.0,0.0,0.0,0.0,2.0,2.0,5.0,9.0,13.0,18.0,2
PMID 33891472 a_Summary_SoE.pdf,intervention,0,0.0,2.0,5.0,9.0,13.0,18.0,1.0,0.0,0.0,0.0,0.0,0.0,1.0,0.0,0.0,0.0,0.0,0.0,0.0,0.0,0.0,0.0,0.0,0.0,2.0,2.0,5.0,9.0,13.0,18.0,2
PMID 33914256 CT_Summary_SoE.pdf,control,0,0.0,2.0,5.0,9.0,13.0,18.0,1.0,0.0,0.0,0.0,0.0,1.0,1.0,0.0,0.0,0.0,0.0,0.0,0.0,0.0,0.0,0.0,0.0,0.0,2.0,2.0,5.0,9.0,13.0,19.0,2
PMID 33914256 CT_Summary_SoE.pdf,intervention,0,0.0,2.0,5.0,9.0,13.0,18.0,1.0,0.0,0.0,0.0,0.0,1.0,1.0,0.0,0.0,0.0,0.0,0.0,0.0,0.0,0.0,0.0,0.0,0.0,2.0,2.0,5.0,9.0,13.0,19.0,2
PMID 33971141 CT_Summary_SoE.pdf,control,0,0.0,2.5,5.0,8.0,11.0,15.0,1.0,0.0,0.5,0.5,0.5,0.5,0.0,0.5,0.5,0.5,0.5,0.5,0.0,0.0,0.0,0.0,0.0,0.0,1.0,3.0,6.0,9.0,12.0,16.0,2
PMID 33971141 CT_Summary_SoE.pdf,intervention,0,0.0,2.5,5.0,8.0,11.0,15.0,1.0,0.0,0.5,0.5,0.5,0.5,0.0,0.5,0.5,0.5,0.5,0.5,0.0,0.0,0.0,0.0,0.0,0.0,1.0,3.0,6.0,9.0,12.0,16.0,2
PMID 33989025 a_Summary_SoE.pdf,control,0,0.0,4.0,9.0,15.0,19.0,24.0,1.0,0.0,0.0,0.0,0.0,0.0,1.0,0.0,0.0,0.0,0.0,0.0,0.0,0.0,0.0,0.0,0.0,0.0,2.0,4.0,9.0,15.0,19.0,24.0,2
PMID 33989025 a_Summary_SoE.pdf,intervention,0,0.0,4.0,9.0,15.0,19.0,24.0,1.0,0.0,0.0,0.0,0.0,0.0,1.0,0.0,0.0,0.0,0.0,0.0,0.0,0.0,0.0,0.0,0.0,0.0,2.0,4.0,9.0,15.0,19.0,24.0,2
PMID 34048947 a_Summary_SoE.pdf,control,0,0.0,4.0,9.0,15.0,19.0,24.0,1.0,0.0,0.0,0.0,0.0,0.0,0.0,0.0,0.0,0.0,0.0,0.0,0.0,0.0,0.0,0.0,0.0,0.0,1.0,4.0,9.0,15.0,19.0,24.0,2
PMID 34048947 a_Summary_SoE.pdf,intervention,0,0.0,4.0,9.0,15.0,19.0,24.0,1.0,0.0,0.0,0.0,0.0,0.0,0.0,0.0,0.0,0.0,0.0,0.0,0.0,0.0,0.0,0.0,0.0,0.0,1.0,4.0,9.0,15.0,19.0,24.0,2
PMID 34051178a_Summary_SoE.pdf,control,0,0.0,4.0,9.0,12.0,12.0,12.0,1.0,0.5,0.5,1.0,3.0,4.0,0.5,0.5,0.5,0.5,0.5,0.5,0.5,0.0,0.0,1.0,1.0,1.0,2.0,5.0,10.0,14.5,16.5,17.5,2
PMID 34051178a_Summary_SoE.pdf,intervention,0,0.0,2.0,5.0,9.0,13.0,18.0,1.0,0.5,0.5,0.5,0.5,0.5,0.5,0.5,0.5,0.5,0.5,0.5,0.5,0.0,0.0,0.0,0.0,0.0,2.0,3.0,6.0,10.0,14.0,19.0,2
PMID 34051178a_Summary_SoE.pdf,intervention,1,0.0,4.0,9.0,15.0,19.0,24.0,1.0,0.5,0.5,0.5,0.5,0.5,0.5,0.5,0.5,0.5,0.5,0.5,0.5,0.0,0.0,0.0,0.0,0.0,2.0,5.0,10.0,16.0,20.0,25.0,2
PMID 34077643 a_Summary_SoE.pdf,control,0,0.0,3.0,7.0,13.0,20.0,27.0,1.0,0.0,0.0,0.0,0.0,0.0,1.0,0.0,0.0,0.0,0.0,0.0,0.0,0.0,0.0,0.0,0.0,0.0,2.0,3.0,7.0,13.0,20.0,27.0,2
PMID 34077643 a_Summary_SoE.pdf,intervention,0,0.0,3.0,7.0,13.0,20.0,27.0,1.0,0.0,0.0,0.0,0.0,0.0,1.0,0.0,0.0,0.0,0.0,0.0,0.0,0.0,0.0,0.0,0.0,0.0,2.0,3.0,7.0,13.0,20.0,27.0,2
PMID 34087126 a_Summary_SoE.pdf,control,0,0.0,0.0,0.0,0.0,0.0,0.0,1.0,0.0,0.0,0.0,0.0,0.0,0.5,5.0,11.0,17.0,20.0,24.0,0.0,0.0,0.0,0.0,0.0,0.0,1.5,5.0,11.0,17.0,20.0,24.0,2
PMID 34087126 a_Summary_SoE.pdf,intervention,0,0.0,5.0,11.0,17.0,20.0,24.0,1.0,0.0,0.0,0.0,0.0,0.0,0.5,0.0,0.0,0.0,0.0,0.0,0.0,0.0,0.0,0.0,0.0,0.0,1.5,5.0,11.0,17.0,20.0,24.0,2
PMID 34092112 a_Summary_SoE.pdf,control,0,0.0,0.0,0.0,0.0,0.0,0.0,0.0,0.0,0.0,0.0,0.0,0.0,0.5,0.0,0.0,0.0,0.0,0.0,1.5,0.0,1.0,2.0,3.0,4.0,2.0,0.0,1.0,2.0,3.0,4.0,2
PMID 34092112 a_Summary_SoE.pdf,intervention,0,0.0,2.0,4.0,4.0,4.0,4.0,0.0,0.0,0.0,0.0,0.0,0.0,0.5,0.0,0.5,1.5,1.5,1.5,1.5,0.0,0.5,1.0,2.0,3.0,2.0,2.0,5.0,6.5,7.5,8.5,2
PMID 34092112 a_Summary_SoE.pdf,intervention,1,0.0,2.0,5.0,6.0,6.0,6.0,0.0,0.0,0.0,0.0,0.0,0.0,0.5,0.0,0.0,1.5,1.5,1.5,1.5,0.0,0.5,1.0,2.0,3.0,2.0,2.0,5.5,8.5,9.5,10.5,2
PMID 34102137 a_Summary_SoE.pdf,control,0,0.0,4.0,9.5,17.5,26.5,35.0,1.0,0.0,0.0,0.0,0.0,0.0,0.5,0.0,0.0,0.0,0.0,0.0,0.0,0.0,0.0,0.0,0.0,0.0,1.5,4.0,9.5,17.5,26.5,35.0,2
PMID 34102137 a_Summary_SoE.pdf,control,1,0.0,5.0,13.0,26.0,40.0,52.0,1.0,0.0,0.0,0.0,0.0,0.0,0.0,0.0,0.0,0.0,0.0,0.0,0.0,0.0,0.0,0.0,0.0,0.0,1.0,5.0,13.0,26.0,40.0,52.0,1
PMID 34102137 a_Summary_SoE.pdf,intervention,0,0.0,2.0,5.0,9.0,13.0,18.0,1.0,0.0,0.0,0.0,0.0,0.0,0.5,0.0,0.0,0.0,0.0,0.0,0.0,0.0,0.0,0.0,0.0,0.0,1.5,2.0,5.0,9.0,13.0,18.0,2
PMID 34102137 a_Summary_SoE.pdf,intervention,1,0.0,3.5,9.0,19.0,29.0,38.5,1.0,0.0,0.0,0.0,0.0,0.0,0.5,0.0,0.0,0.0,0.0,0.0,0.0,0.0,0.0,0.0,0.0,0.0,1.5,3.5,9.0,19.0,29.0,38.5,2
PMID 34102137 a_Summary_SoE.pdf,intervention,2,0.0,6.0,14.0,26.0,40.0,52.0,1.0,0.0,0.0,0.0,0.0,0.0,1.0,0.0,0.0,0.0,0.0,0.0,0.0,0.0,0.0,0.0,0.0,0.0,2.0,6.0,14.0,26.0,40.0,52.0,1
PMID 34110925 a_Summary_SoE.pdf,control,0,0.0,21.0,33.0,39.0,47.5,54.0,1.0,0.5,1.0,1.5,2.5,3.5,1.0,0.5,1.0,1.5,2.0,2.0,0.0,0.0,0.0,0.0,0.0,0.0,2.0,22.0,35.0,42.0,52.0,59.5,2
PMID 34110925 a_Summary_SoE.pdf,intervention,0,0.0,21.0,33.0,39.0,47.5,54.0,1.0,0.5,1.0,1.5,2.5,3.5,1.0,0.5,1.0,1.5,2.0,2.0,0.0,0.0,0.0,0.0,0.0,0.0,2.0,22.0,35.0,42.0,52.0,59.5,2
PMID 34133211 a_Summary_SoE.pdf,control,0,0.0,1.0,3.0,5.0,7.0,9.0,1.5,0.5,0.5,0.5,1.0,1.0,0.0,0.0,0.0,0.0,0.0,0.0,0.5,0.0,0.0,0.0,0.0,0.0,2.0,1.5,3.5,5.5,8.0,10.0,2
PMID 34133211 a_Summary_SoE.pdf,intervention,0,0.0,2.0,4.0,6.0,8.0,11.0,1.5,0.0,1.5,1.5,2.0,2.0,0.0,0.0,0.0,0.0,0.0,0.0,0.5,0.0,0.0,0.0,0.0,0.0,2.0,2.0,5.5,7.5,10.0,13.0,2
PMID 34134469 CT_Summary_SoE.pdf,control,0,0.0,2.0,4.5,7.5,9.5,11.0,1.0,0.0,1.0,1.5,2.0,2.0,0.0,0.0,0.0,0.0,0.0,0.0,0.0,0.0,0.0,0.0,0.0,0.0,1.0,2.0,5.5,9.0,11.5,13.0,2
PMID 34134469 CT_Summary_SoE.pdf,intervention,0,0.0,2.0,4.5,7.5,9.5,11.0,1.0,0.0,1.0,1.5,2.0,2.0,0.0,0.0,0.0,0.0,0.0,0.0,0.0,0.0,0.0,0.0,0.0,0.0,1.0,2.0,5.5,9.0,11.5,13.0,2
PMID 34143970 CT_Summary_SoE.pdf,control,0,0.0,2.0,4.0,7.0,10.0,14.0,1.0,0.5,0.5,0.5,0.5,0.5,0.0,1.0,3.0,6.0,10.0,13.0,0.0,0.0,0.0,0.0,0.0,0.0,1.0,3.5,7.5,13.5,20.5,27.5,2
PMID 34143970 CT_Summary_SoE.pdf,intervention,0,0.0,3.0,7.0,13.0,20.0,27.0,1.0,0.5,0.5,0.5,0.5,0.5,0.0,0.0,0.0,0.0,0.0,0.0,0.0,0.0,0.0,0.0,0.0,0.0,1.0,3.5,7.5,13.5,20.5,27.5,2
PMID 34143970 CT_Summary_SoE.pdf,intervention,1,0.0,3.0,7.0,13.0,20.0,27.0,1.0,0.5,0.5,0.5,0.5,0.5,0.0,0.0,0.0,0.0,0.0,0.0,0.0,0.0,0.0,0.0,0.0,0.0,1.0,3.5,7.5,13.5,20.5,27.5,2
PMID 34161051 a_Summary_SoE.pdf,control,0,0.0,0.0,0.0,0.0,0.0,0.0,1.5,0.0,0.5,1.5,2.0,2.0,0.5,4.5,8.0,12.5,17.5,18.5,0.0,0.5,1.5,2.0,3.0,3.0,2.0,5.0,10.0,16.0,22.5,23.5,2
PMID 34161051 a_Summary_SoE.pdf,intervention,0,0.0,1.0,3.0,5.0,6.0,6.0,1.5,0.0,0.5,1.0,1.5,1.5,0.5,4.0,6.5,10.0,14.5,15.5,0.0,0.0,0.0,0.0,0.5,0.5,2.0,5.0,10.0,16.0,22.5,23.5,2
PMID 34170389 CT_Summary_SoE.pdf,control,0,0.0,12.0,22.5,36.5,51.5,62.0,0.5,0.0,1.0,1.5,2.5,2.5,1.0,3.5,9.0,11.5,12.0,15.0,0.5,0.0,0.0,0.0,0.0,0.0,2.0,15.5,32.5,49.5,66.0,79.5,2
PMID 34170389 CT_Summary_SoE.pdf,intervention,0,0.0,12.0,22.5,36.5,51.5,62.0,0.5,0.0,1.0,1.5,2.5,2.5,1.0,3.5,9.0,11.5,12.0,15.0,0.5,0.0,0.0,0.0,0.0,0.0,2.0,15.5,32.5,49.5,66.0,79.5,2
PMID 34197181 a_Summary_SoE.pdf,control,0,0.0,2.0,23.0,44.5,44.5,44.5,1.0,0.0,0.5,0.5,0.5,0.5,0.5,0.5,1.0,2.5,2.5,3.0,0.0,0.0,0.0,0.0,0.0,0.5,1.5,2.5,24.5,47.5,47.5,48.5,2
PMID 34197181 a_Summary_SoE.pdf,intervention,0,0.0,2.5,24.0,45.5,45.5,45.5,1.0,0.0,0.5,0.5,0.5,0.5,0.5,2.5,3.0,6.5,6.5,7.0,0.0,0.0,0.0,0.0,0.0,0.5,1.5,5.0,29.5,52.5,52.5,53.5,2
PMID 34219000 a_Summary_SoE.pdf,control,0,0.0,4.0,10.0,20.0,30.0,40.0,1.0,0.0,0.0,0.0,0.0,0.0,1.5,0.0,0.0,0.0,0.0,0.0,0.0,0.0,0.0,0.0,0.0,0.0,2.5,4.0,10.0,20.0,30.0,40.0,2
PMID 34219000 a_Summary_SoE.pdf,intervention,0,0.0,4.0,10.0,20.0,30.0,40.0,1.0,0.0,0.0,0.0,0.0,0.0,1.5,0.0,0.0,0.0,0.0,0.0,0.0,0.0,0.0,0.0,0.0,0.0,2.5,4.0,10.0,20.0,30.0,40.0,2
PMID 34237250 a_Summary_SoE.pdf,control,0,0.0,1.0,1.0,1.0,1.0,1.0,1.0,1.0,2.0,5.0,6.0,9.0,1.0,1.0,3.0,3.0,5.0,6.0,0.0,0.0,0.0,0.0,0.0,0.0,2.0,3.0,6.0,9.0,12.0,16.0,2
PMID 34237250 a_Summary_SoE.pdf,intervention,0,0.0,1.0,1.0,1.0,1.0,1.0,1.0,1.0,2.0,5.0,6.0,9.0,1.0,1.0,3.0,3.0,5.0,6.0,0.0,0.0,0.0,0.0,0.0,0.0,2.0,3.0,6.0,9.0,12.0,16.0,2
PMID 34246347 CT_Summary_SoE.pdf,control,0,0.0,2.0,4.0,7.0,10.0,14.0,1.0,0.0,0.0,0.0,0.0,0.0,0.5,2.0,4.0,4.0,4.0,4.0,0.0,1.0,1.0,1.0,1.0,1.0,1.5,5.0,9.0,12.0,15.0,19.0,2
PMID 34246347 CT_Summary_SoE.pdf,intervention,0,0.0,2.0,4.0,7.0,10.0,14.0,1.0,0.0,0.0,0.0,0.0,0.0,0.5,2.0,4.0,4.0,4.0,4.0,0.0,1.0,1.0,1.0,1.0,1.0,1.5,5.0,9.0,12.0,15.0,19.0,2
PMID 34264305 a_Summary_SoE.pdf,control,0,0.0,0.5,0.5,0.5,0.5,1.0,1.0,0.0,0.0,0.0,0.0,0.5,0.0,0.0,0.0,0.0,0.0,0.0,0.0,0.0,1.0,2.0,2.0,2.0,1.0,0.5,1.5,2.5,2.5,3.5,2
PMID 34264305 a_Summary_SoE.pdf,intervention,0,0.0,0.5,0.5,0.5,0.5,1.0,1.0,0.0,0.0,0.0,0.0,0.5,0.0,0.0,0.0,0.0,0.0,0.0,0.0,0.0,1.0,2.0,2.0,2.0,1.0,0.5,1.5,2.5,2.5,3.5,2
PMID 34264316 a_Summary_SoE.pdf,control,0,0.0,3.0,7.0,13.0,20.0,27.0,1.0,0.0,0.0,0.0,0.0,0.0,0.0,0.0,0.0,0.0,0.0,0.0,0.0,0.0,0.0,0.0,0.0,0.0,1.0,3.0,7.0,13.0,20.0,27.0,2
PMID 34264316 a_Summary_SoE.pdf,intervention,0,0.0,3.0,7.0,13.0,20.0,27.0,1.0,0.0,0.0,0.0,0.0,0.0,0.0,0.0,0.0,0.0,0.0,0.0,0.0,0.0,0.0,0.0,0.0,0.0,1.0,3.0,7.0,13.0,20.0,27.0,2
PMID 34264503 CT_Summary_SoE.pdf,control,0,0.0,2.0,5.0,9.0,13.0,18.0,1.0,0.0,0.0,0.0,0.0,0.0,0.0,2.0,2.0,2.0,2.0,2.0,0.0,0.0,0.0,0.0,0.0,0.0,1.0,4.0,7.0,11.0,15.0,20.0,2
PMID 34264503 CT_Summary_SoE.pdf,intervention,0,0.0,2.0,5.0,9.0,13.0,18.0,1.0,0.0,0.0,0.0,0.0,0.0,0.0,2.0,2.0,2.0,2.0,2.0,0.0,0.0,0.0,0.0,0.0,0.0,1.0,4.0,7.0,11.0,15.0,20.0,2
PMID 34309665 a_Summary_SoE.pdf,control,0,0.0,3.0,7.0,12.5,17.0,22.0,1.0,1.0,1.5,2.0,2.5,3.0,1.0,3.0,7.0,13.0,13.0,13.0,0.0,0.0,0.0,0.0,0.0,0.0,2.0,7.0,15.5,27.5,32.5,38.0,2
PMID 34309665 a_Summary_SoE.pdf,intervention,0,0.0,5.0,13.5,24.5,29.0,34.0,1.0,0.5,1.0,1.5,2.0,2.5,1.0,3.0,7.0,13.0,13.0,13.0,0.0,0.0,0.0,0.0,0.0,0.0,2.0,8.5,21.5,39.0,44.0,49.5,2
PMID 34320285 a_Summary_SoE.pdf,control,0,0.0,0.0,0.0,0.0,0.0,0.0,1.0,0.0,0.0,0.0,0.0,1.0,0.0,0.0,0.0,0.0,0.0,0.0,0.0,0.0,0.0,1.0,1.0,1.0,1.0,0.0,0.0,1.0,1.0,2.0,2
PMID 34320285 a_Summary_SoE.pdf,intervention,0,0.0,0.0,0.0,0.0,0.0,0.0,1.0,0.0,0.0,0.0,0.0,1.0,0.0,0.0,0.0,0.0,0.0,0.0,0.0,0.0,0.0,1.0,1.0,1.0,1.0,0.0,0.0,1.0,1.0,2.0,2
PMID 34341578 CT_Summary_SoE.pdf,control,0,0.0,4.0,9.0,15.0,19.0,24.0,1.0,0.0,0.0,0.0,0.0,0.0,0.5,0.0,0.0,0.0,0.0,0.0,0.0,0.0,0.0,0.0,0.0,0.0,1.5,4.0,9.0,15.0,19.0,24.0,2
PMID 34341578 CT_Summary_SoE.pdf,intervention,0,0.0,4.0,9.0,15.0,19.0,24.0,1.0,0.0,0.0,0.0,0.0,0.0,0.5,0.0,0.0,0.0,0.0,0.0,0.0,0.0,0.0,0.0,0.0,0.0,1.5,4.0,9.0,15.0,19.0,24.0,2
PMID 34343033 a_Summary_SoE.pdf,control,0,0.0,1.5,2.5,3.5,4.0,5.0,1.0,0.5,1.5,2.5,3.0,4.0,0.0,1.0,2.0,2.0,2.0,2.0,0.0,0.0,0.0,0.0,0.0,0.0,1.0,3.0,6.0,8.0,9.0,11.0,2
PMID 34343033 a_Summary_SoE.pdf,intervention,0,0.0,1.5,2.5,3.5,4.0,5.0,1.0,0.5,1.5,2.5,3.0,4.0,0.0,1.0,2.0,2.0,2.0,2.0,0.0,0.0,0.0,0.0,0.0,0.0,1.0,3.0,6.0,8.0,9.0,11.0,2
PMID 34357781 a_Summary_SoE.pdf,control,0,0.0,2.0,4.0,7.0,10.0,14.0,1.0,0.0,0.0,0.0,0.0,0.0,0.0,1.0,1.0,1.0,1.0,1.0,0.0,0.0,0.0,0.0,0.0,0.0,1.0,3.0,5.0,8.0,11.0,15.0,2
PMID 34357781 a_Summary_SoE.pdf,intervention,0,0.0,2.0,4.0,7.0,10.0,14.0,1.0,0.0,0.0,0.0,0.0,0.0,0.0,1.0,1.0,1.0,1.0,1.0,0.0,0.0,0.0,0.0,0.0,0.0,1.0,3.0,5.0,8.0,11.0,15.0,2
PMID 34363762 CT_Summary_SoE.pdf,control,0,0.0,5.0,13.0,18.0,18.0,18.0,0.5,0.0,0.0,0.5,1.0,1.5,0.5,0.0,0.0,0.5,1.0,1.5,0.0,0.0,0.0,0.5,1.5,3.0,1.0,5.0,13.0,19.5,21.5,24.0,2
PMID 34363762 CT_Summary_SoE.pdf,intervention,0,0.0,5.0,13.0,21.5,28.0,35.0,0.5,0.0,0.0,0.0,0.0,0.0,0.5,0.0,0.0,0.0,0.0,0.0,0.0,0.0,0.0,0.0,0.0,0.0,1.0,5.0,13.0,21.5,28.0,35.0,2
PMID 34363762 CT_Summary_SoE.pdf,intervention,1,0.0,5.0,13.0,21.5,28.0,35.0,0.5,0.0,0.0,0.0,0.0,0.0,0.5,0.0,0.0,0.0,0.0,0.0,0.0,0.0,0.0,0.0,0.0,0.0,1.0,5.0,13.0,21.5,28.0,35.0,2
PMID 34383006a_Summary_SoE.pdf,control,0,0.0,20.0,30.0,30.0,30.0,30.0,1.0,0.5,0.5,1.5,2.0,2.5,1.0,0.0,0.0,0.0,0.5,0.5,0.5,0.0,1.0,1.0,1.0,1.5,2.5,20.5,31.5,32.5,33.5,34.5,2
PMID 34383006a_Summary_SoE.pdf,intervention,0,0.0,15.0,15.0,15.0,15.0,15.0,1.0,0.5,0.5,1.5,2.0,2.5,1.0,0.0,0.0,0.0,0.5,0.5,0.5,0.0,1.0,1.0,1.0,1.5,2.5,15.5,16.5,17.5,18.5,19.5,2
PMID 34407342 a_Summary_SoE.pdf,control,0,0.0,2.0,5.0,9.0,13.0,17.0,1.5,0.0,0.0,0.0,0.0,0.0,0.5,0.0,0.0,0.0,0.0,0.5,0.0,0.0,0.0,0.0,0.0,0.0,2.0,2.0,5.0,9.0,13.0,17.5,2
PMID 34407342 a_Summary_SoE.pdf,intervention,0,0.0,2.0,5.0,9.0,13.0,17.0,1.5,0.0,0.0,0.0,0.0,0.0,0.5,0.0,0.0,0.0,0.0,0.5,0.0,0.0,0.0,0.0,0.0,0.0,2.0,2.0,5.0,9.0,13.0,17.5,2
PMID 34407542 a_Summary_SoE.pdf,control,0,0.0,1.0,1.0,1.0,1.0,1.0,0.5,0.0,0.0,0.5,0.5,1.0,0.5,2.0,6.0,9.5,12.5,16.0,0.0,0.0,0.0,0.0,0.0,0.0,1.0,3.0,7.0,11.0,14.0,18.0,2
PMID 34407542 a_Summary_SoE.pdf,intervention,0,0.0,1.0,1.0,1.0,1.0,1.0,0.5,0.0,0.0,0.5,0.5,1.0,0.5,2.0,6.0,9.5,12.5,16.0,0.0,0.0,0.0,0.0,0.0,0.0,1.0,3.0,7.0,11.0,14.0,18.0,2
PMID 34418665 CT_Summary_SoE.pdf,control,0,0.0,10.0,25.0,30.0,30.0,30.0,1.0,0.0,0.0,1.5,3.5,5.5,0.0,0.0,0.0,0.0,0.0,0.0,0.0,0.0,0.0,0.5,0.5,1.0,1.0,10.0,25.0,32.0,34.0,36.5,2
PMID 34418665 CT_Summary_SoE.pdf,intervention,0,0.0,13.0,33.0,50.0,63.0,77.0,1.0,0.0,0.0,0.0,0.0,0.0,0.0,0.0,0.0,0.0,0.0,0.0,0.0,0.0,0.0,0.0,0.0,0.5,1.0,13.0,33.0,50.0,63.0,77.5,2
PMID 34454674 a_Summary_SoE.pdf,control,0,0.0,3.0,7.5,13.5,19.5,27.0,1.0,0.0,0.0,0.0,0.0,0.0,0.0,0.0,0.0,0.0,0.0,0.0,0.0,0.0,0.0,0.0,0.0,0.0,1.0,3.0,7.5,13.5,19.5,27.0,2
PMID 34454674 a_Summary_SoE.pdf,intervention,0,0.0,3.0,7.5,13.5,19.5,27.0,1.0,0.0,0.0,0.0,0.0,0.0,0.0,0.0,0.0,0.0,0.0,0.0,0.0,0.0,0.0,0.0,0.0,0.0,1.0,3.0,7.5,13.5,19.5,27.0,2
PMID 34459214 CT_Summary_SoE.pdf,control,0,0.0,1.0,2.0,3.0,4.0,4.0,1.0,1.0,1.0,1.0,1.0,2.0,0.0,0.0,0.0,0.0,0.0,0.0,0.0,0.0,1.0,3.0,5.0,7.0,1.0,2.0,4.0,7.0,10.0,13.0,2
PMID 34459214 CT_Summary_SoE.pdf,intervention,0,0.0,2.0,4.0,7.0,10.0,12.0,1.0,0.0,0.0,0.0,0.0,1.0,0.0,0.0,0.0,0.0,0.0,0.0,0.0,0.0,0.0,0.0,0.0,0.0,1.0,2.0,4.0,7.0,10.0,13.0,2
PMID 34534429 a_Summary_SoE.pdf,control,0,0.0,2.0,5.0,9.0,13.0,18.0,1.0,0.0,0.0,0.0,0.0,0.0,0.5,0.0,0.0,0.0,0.0,0.0,0.5,0.0,0.0,0.0,0.0,0.0,2.0,2.0,5.0,9.0,13.0,18.0,2
PMID 34534429 a_Summary_SoE.pdf,intervention,0,0.0,2.0,5.0,9.0,13.0,18.0,1.0,0.0,0.0,0.0,0.0,0.0,0.5,0.0,0.0,0.0,0.0,0.0,0.5,0.0,0.0,0.0,0.0,0.0,2.0,2.0,5.0,9.0,13.0,18.0,2
PMID 34600602 a_Summary_SoE.pdf,control,0,0.0,2.0,4.0,7.0,10.0,14.0,1.5,0.0,0.0,0.0,0.0,0.0,0.5,1.0,3.0,3.0,3.0,3.0,0.0,0.0,0.0,0.0,0.0,0.0,2.0,3.0,7.0,10.0,13.0,17.0,2
PMID 34600602 a_Summary_SoE.pdf,intervention,0,0.0,2.0,4.0,7.0,10.0,14.0,1.5,0.0,0.0,0.0,0.0,0.0,0.5,1.0,3.0,3.0,3.0,3.0,0.0,0.0,0.0,0.0,0.0,0.0,2.0,3.0,7.0,10.0,13.0,17.0,2
PMID 34652968 a_Summary_SoE.pdf,control,0,0.5,10.0,25.0,45.5,64.5,64.5,1.0,0.0,1.5,1.5,2.5,3.0,1.0,2.5,7.5,14.0,22.5,22.5,0.0,0.0,0.0,0.5,0.5,1.0,2.5,12.5,34.0,61.5,90.0,91.0,2
PMID 34652968 a_Summary_SoE.pdf,intervention,0,0.5,13.0,29.0,56.0,80.5,80.5,1.0,0.0,1.5,1.5,2.5,3.0,1.0,2.5,7.0,13.5,21.0,21.0,0.0,0.0,0.0,0.5,0.5,1.0,2.5,15.5,37.5,71.5,104.5,105.5,2
PMID 34661177 CT_Summary_SoE.pdf,control,0,0.0,5.0,13.0,17.0,21.0,26.0,1.0,0.0,0.0,0.0,0.0,0.0,0.0,0.0,0.0,0.0,0.0,0.0,0.0,0.0,0.0,0.0,0.0,0.0,1.0,5.0,13.0,17.0,21.0,26.0,2
PMID 34661177 CT_Summary_SoE.pdf,intervention,0,0.0,5.0,13.0,17.0,21.0,26.0,1.0,0.0,0.0,0.0,0.0,0.0,0.0,0.0,0.0,0.0,0.0,0.0,0.0,0.0,0.0,0.0,0.0,0.0,1.0,5.0,13.0,17.0,21.0,26.0,2
PMID 34808255 CT_Summary_SoE.pdf,control,0,0.0,22.0,35.0,35.0,35.0,35.0,1.0,0.0,0.0,0.0,0.0,0.0,0.5,0.0,0.0,0.0,0.0,0.0,0.0,0.0,0.5,1.0,1.0,1.0,1.5,22.0,35.5,36.0,36.0,36.0,2
PMID 34808255 CT_Summary_SoE.pdf,intervention,0,0.0,22.0,35.0,35.0,35.0,35.0,1.0,0.0,0.0,0.0,0.0,0.0,0.5,0.0,0.0,0.0,0.0,0.0,0.0,0.0,0.5,1.0,1.0,1.0,1.5,22.0,35.5,36.0,36.0,36.0,2
PMID 34855460 a_Summary_SoE.pdf,control,0,0.0,8.0,8.0,8.0,8.0,8.0,1.0,0.0,0.0,0.5,1.0,1.5,1.0,3.5,9.0,11.0,11.5,12.0,0.0,0.0,0.0,0.0,0.0,0.0,2.0,11.5,17.0,19.5,20.5,21.5,2
PMID 34855460 a_Summary_SoE.pdf,intervention,0,0.0,5.0,5.0,5.0,5.0,5.0,1.0,0.0,0.0,0.5,1.0,1.5,1.0,3.0,9.0,11.0,11.5,12.0,0.0,0.0,0.0,0.0,0.0,0.0,2.0,8.0,14.0,16.5,17.5,18.5,2
PMID 34855460 a_Summary_SoE.pdf,intervention,1,0.0,6.0,6.0,6.0,6.0,6.0,1.0,0.0,0.0,0.5,1.0,1.5,1.0,3.5,9.0,11.0,11.5,12.0,0.0,0.0,0.0,0.0,0.0,0.0,2.0,9.5,15.0,17.5,18.5,19.5,2
PMID 34874182 a_Summary_SoE.pdf,control,0,0.0,0.5,0.5,0.5,0.5,0.5,0.0,0.0,0.0,0.0,0.0,0.0,0.0,0.0,0.0,0.0,0.0,0.0,0.5,0.0,0.0,0.0,0.0,0.0,0.5,0.5,0.5,0.5,0.5,0.5,2
PMID 34874182 a_Summary_SoE.pdf,intervention,0,0.0,1.0,2.0,3.5,5.0,7.0,0.0,0.0,0.0,0.0,0.0,0.0,0.0,0.0,0.0,0.0,0.0,0.0,0.5,0.0,0.0,0.0,0.0,0.0,0.5,1.0,2.0,3.5,5.0,7.0,2
PMID 34882169 a_Summary_SoE.pdf,control,0,0.0,0.0,0.0,0.0,0.0,0.0,0.0,0.0,0.0,0.0,0.0,0.0,1.0,0.0,0.0,0.0,0.0,0.0,1.0,1.0,2.0,2.0,2.0,2.0,2.0,1.0,2.0,2.0,2.0,2.0,2
PMID 34882169 a_Summary_SoE.pdf,intervention,0,0.0,0.0,0.0,0.0,0.0,0.0,0.0,0.0,0.0,0.0,0.0,0.0,1.0,0.0,0.0,0.0,0.0,0.0,1.0,1.0,2.0,2.0,2.0,2.0,2.0,1.0,2.0,2.0,2.0,2.0,2
PMID 34882169 a_Summary_SoE.pdf,intervention,1,0.0,0.0,0.0,0.0,0.0,0.0,0.0,0.0,0.0,0.0,0.0,0.0,1.0,0.0,0.0,0.0,0.0,0.0,1.0,1.0,2.0,2.0,2.0,2.0,2.0,1.0,2.0,2.0,2.0,2.0,2
PMID 34890060 CT_Summary_SoE.pdf,control,0,0.0,0.0,0.0,0.0,0.0,0.0,0.0,0.0,0.0,0.0,0.0,0.0,0.5,0.0,0.0,0.0,0.0,0.0,1.5,1.0,1.0,1.0,1.0,2.0,2.0,1.0,1.0,1.0,1.0,2.0,2
PMID 34890060 CT_Summary_SoE.pdf,intervention,0,0.0,0.0,0.0,0.0,0.0,0.0,0.0,0.0,0.0,0.0,0.0,0.0,0.5,0.0,0.0,0.0,0.0,0.0,1.5,1.0,1.0,1.0,1.0,2.0,2.0,1.0,1.0,1.0,1.0,2.0,2
PMID 34890060 CT_Summary_SoE.pdf,intervention,1,0.0,0.0,0.0,0.0,0.0,0.0,0.0,0.0,0.0,0.0,0.0,0.0,0.5,0.0,0.0,0.0,0.0,0.0,1.5,1.0,1.0,1.0,1.0,2.0,2.0,1.0,1.0,1.0,1.0,2.0,2
PMID 34890060 CT_Summary_SoE.pdf,intervention,2,0.0,0.0,0.0,0.0,0.0,0.0,0.0,0.0,0.0,0.0,0.0,0.0,0.5,0.0,0.0,0.0,0.0,0.0,1.5,1.0,1.0,1.0,1.0,2.0,2.0,1.0,1.0,1.0,1.0,2.0,2
PMID 34890214 a_Summary_SoE.pdf,control,0,0.0,2.0,5.0,17.0,21.0,26.0,1.0,0.0,0.5,0.5,0.5,0.5,0.5,0.0,0.0,0.0,0.0,0.0,0.0,0.0,0.0,0.0,0.0,0.0,1.5,2.0,5.5,17.5,21.5,26.5,2
PMID 34890214 a_Summary_SoE.pdf,intervention,0,0.0,2.0,5.0,9.0,13.0,18.0,1.0,0.0,0.5,0.5,0.5,0.5,0.5,0.0,0.0,0.0,0.0,0.0,0.0,0.0,0.0,0.0,0.0,0.0,1.5,2.0,5.5,9.5,13.5,18.5,2
PMID 34891224 a_Summary_SoE.pdf,control,0,0.0,6.0,34.0,34.0,34.0,34.0,1.0,0.0,1.0,3.0,4.0,5.0,1.0,0.0,0.0,0.0,0.0,0.0,0.0,0.0,0.0,0.0,0.0,0.0,2.0,6.0,35.0,37.0,38.0,39.0,2
PMID 34891224 a_Summary_SoE.pdf,intervention,0,0.0,8.5,8.5,8.5,8.5,8.5,1.0,0.0,1.0,3.0,4.0,5.0,1.0,0.0,0.0,0.0,0.0,0.0,0.0,3.5,3.5,3.5,3.5,3.5,2.0,12.0,13.0,15.0,16.0,17.0,2
PMID 34914339 a_Summary_SoE.pdf,control,0,0.0,0.0,0.0,0.0,0.0,0.0,1.0,0.5,0.5,0.5,0.5,1.5,1.0,0.5,0.5,0.5,0.5,0.5,1.0,1.5,2.5,3.5,4.5,4.5,3.0,2.5,3.5,4.5,5.5,6.5,2
PMID 34914339 a_Summary_SoE.pdf,intervention,0,0.0,2.0,5.0,7.0,7.0,7.0,1.0,0.5,0.5,0.5,0.5,1.5,1.0,0.5,0.5,0.5,0.5,0.5,1.0,0.5,0.5,1.0,2.0,2.0,3.0,3.5,6.5,9.0,10.0,11.0,2
PMID 34914889 a_Summary_SoE.pdf,control,0,0.0,1.5,3.5,6.5,10.0,13.5,1.0,0.0,0.5,1.5,2.0,3.0,1.0,1.5,3.0,5.0,8.0,10.5,0.0,0.0,0.0,0.0,0.0,0.0,2.0,3.0,7.0,13.0,20.0,27.0,2
PMID 34914889 a_Summary_SoE.pdf,intervention,0,0.0,3.0,7.0,13.0,20.0,27.0,1.0,0.0,0.0,0.0,0.0,0.0,1.0,0.0,0.0,0.0,0.0,0.0,0.0,0.0,0.0,0.0,0.0,0.0,2.0,3.0,7.0,13.0,20.0,27.0,2
PMID 34967844 a_Summary_SoE.pdf,control,0,0.0,2.0,5.0,6.0,6.0,6.0,0.5,0.0,0.5,1.0,2.0,3.0,0.5,0.0,0.0,0.0,0.0,0.0,0.0,0.0,0.0,0.0,0.0,0.0,1.0,2.0,5.5,7.0,8.0,9.0,2
PMID 34967844 a_Summary_SoE.pdf,intervention,0,1.0,3.0,8.0,12.0,12.0,12.0,0.5,0.0,0.5,1.0,2.0,3.0,0.5,0.0,0.0,0.0,0.0,0.0,0.0,0.0,0.0,0.0,0.0,0.0,2.0,3.0,8.5,13.0,14.0,15.0,2
PMID 34997889 CT_Summary_SoE.pdf,intervention,0,0.0,6.0,20.0,30.0,30.0,30.0,1.5,0.0,1.0,2.0,2.0,2.0,1.0,0.0,0.0,0.0,0.0,0.0,0.0,0.0,0.0,0.0,0.5,0.5,2.5,6.0,21.0,32.0,32.5,32.5,2
PMID 34997889 CT_Summary_SoE.pdf,intervention,1,0.0,6.0,20.0,30.0,30.0,30.0,1.5,0.0,1.0,2.0,2.0,2.0,1.0,0.0,0.0,0.0,0.0,0.0,0.0,0.0,0.0,0.0,0.5,0.5,2.5,6.0,21.0,32.0,32.5,32.5,2
PMID 35007153 a_Summary_SoE.pdf,control,0,0.0,7.0,17.5,21.0,21.0,21.0,1.0,0.0,0.0,0.5,1.5,2.5,0.5,1.5,4.0,6.0,6.0,6.0,0.5,0.0,0.0,0.0,0.0,0.0,2.0,8.5,21.5,27.5,28.5,29.5,2
PMID 35007153 a_Summary_SoE.pdf,intervention,0,0.0,2.0,5.0,6.0,6.0,6.0,1.0,0.0,0.0,0.5,1.5,2.5,0.5,1.5,4.0,6.0,6.0,6.0,0.5,0.0,0.0,0.0,0.0,0.0,2.0,3.5,9.0,12.5,13.5,14.5,2
PMID 35013615 CT_Summary_SoE.pdf,control,0,0.0,1.0,2.5,4.5,6.5,9.0,1.0,0.0,0.5,1.5,2.5,4.0,1.0,1.0,2.0,3.0,4.0,5.0,0.0,0.0,0.0,0.0,0.0,0.0,2.0,2.0,5.0,9.0,13.0,18.0,2
PMID 35013615 CT_Summary_SoE.pdf,intervention,0,0.0,2.0,5.0,9.0,13.0,18.0,1.0,0.0,0.0,0.0,0.0,0.0,1.0,0.0,0.0,0.0,0.0,0.0,0.0,0.0,0.0,0.0,0.0,0.0,2.0,2.0,5.0,9.0,13.0,18.0,2
PMID 35030011 a_Summary_SoE.pdf,control,0,0.0,2.0,4.0,7.0,10.0,14.0,1.0,0.0,0.0,0.0,0.0,0.0,0.5,1.0,2.0,2.0,2.0,2.0,0.0,0.0,0.0,0.0,0.0,0.0,1.5,3.0,6.0,9.0,12.0,16.0,2
PMID 35030011 a_Summary_SoE.pdf,intervention,0,0.0,2.0,4.0,7.0,10.0,14.0,1.0,0.0,0.0,0.0,0.0,0.0,0.5,1.0,2.0,2.0,2.0,2.0,0.0,0.0,0.0,0.0,0.0,0.0,1.5,3.0,6.0,9.0,12.0,16.0,2
PMID 35032434 a_Summary_SoE.pdf,control,0,0.0,1.0,2.0,3.5,5.0,7.0,1.0,0.0,0.0,0.0,0.0,0.0,0.5,4.0,9.5,16.0,22.5,29.5,0.0,0.0,0.0,0.0,0.0,0.0,1.5,5.0,11.5,19.5,27.5,36.5,2
PMID 35032434 a_Summary_SoE.pdf,intervention,0,0.0,2.0,4.0,7.0,10.0,14.0,1.0,0.0,0.0,0.0,0.0,0.0,0.5,3.0,7.5,12.5,17.5,22.5,0.0,0.0,0.0,0.0,0.0,0.0,1.5,5.0,11.5,19.5,27.5,36.5,2
PMID 35038433 CT_Summary_SoE.pdf,control,0,0.0,21.0,29.0,29.0,29.0,29.0,1.5,0.0,1.5,1.5,3.0,4.0,1.0,0.0,0.0,0.0,0.0,0.0,1.0,0.0,0.0,0.0,0.0,0.0,3.5,21.0,30.5,30.5,32.0,33.0,2
PMID 35038433 CT_Summary_SoE.pdf,intervention,0,0.0,21.0,29.0,32.5,37.5,41.5,1.5,0.0,1.5,1.5,2.0,2.5,1.0,0.0,0.0,0.0,0.0,0.0,1.0,0.0,0.0,0.0,0.0,0.0,3.5,21.0,30.5,34.0,39.5,44.0,2
PMID 35045221 a_Summary_SoE.pdf,control,0,0.0,4.0,10.0,20.5,30.0,40.0,1.0,0.0,1.0,3.0,4.0,6.0,0.5,0.0,0.0,0.0,0.0,0.0,0.0,0.0,0.0,0.0,0.0,0.0,1.5,4.0,11.0,23.5,34.0,46.0,2
PMID 35045221 a_Summary_SoE.pdf,intervention,0,0.0,2.0,5.0,9.0,13.0,18.0,1.0,0.0,1.0,2.5,3.5,4.5,0.5,1.0,1.5,1.5,1.5,1.5,0.0,0.0,0.5,0.5,0.5,0.5,1.5,3.0,8.0,13.5,18.5,24.5,2
PMID 35108470 a_Summary_SoE.pdf,control,0,0.5,7.0,20.0,35.0,50.0,66.0,1.0,0.0,0.5,2.0,3.0,4.0,0.5,0.0,0.0,0.0,0.0,0.0,0.0,0.0,0.0,0.0,0.0,0.0,2.0,7.0,20.5,37.0,53.0,70.0,2
PMID 35108470 a_Summary_SoE.pdf,intervention,0,0.5,3.0,7.0,13.0,20.0,27.0,1.0,0.0,0.0,0.0,0.0,0.0,0.5,0.0,0.0,0.0,0.0,0.0,0.0,0.0,0.0,0.0,0.0,0.0,2.0,3.0,7.0,13.0,20.0,27.0,2
PMID 35108470 a_Summary_SoE.pdf,intervention,1,0.5,8.0,23.0,41.0,60.0,79.0,1.0,0.0,0.0,0.0,0.0,0.0,0.5,0.0,0.0,0.0,0.0,0.0,0.0,0.0,0.0,0.0,0.0,0.0,2.0,8.0,23.0,41.0,60.0,79.0,2
PMID 35142815 a_Summary_SoE.pdf,control,0,1.0,2.5,7.5,16.5,20.5,24.0,1.0,0.0,0.0,0.0,0.0,0.0,1.5,0.0,0.0,0.0,0.0,0.0,0.0,0.0,0.0,0.0,0.0,0.0,3.5,2.5,7.5,16.5,20.5,24.0,2
PMID 35142815 a_Summary_SoE.pdf,intervention,0,1.0,2.5,7.5,16.5,20.5,24.0,1.0,0.0,0.0,0.0,0.0,0.0,1.5,0.0,0.0,0.0,0.0,0.0,0.0,0.0,0.0,0.0,0.0,0.0,3.5,2.5,7.5,16.5,20.5,24.0,2
PMID 35179323 a_Summary_SoE.pdf,control,0,0.0,1.5,4.5,6.0,6.0,6.0,2.0,0.0,0.0,0.5,0.5,1.0,0.5,0.0,0.5,1.5,2.5,3.0,0.0,0.5,0.5,0.5,0.5,0.5,2.5,2.0,5.5,8.5,9.5,10.5,2
PMID 35179323 a_Summary_SoE.pdf,intervention,0,0.0,1.5,4.5,6.0,6.0,6.0,2.0,0.0,0.0,0.5,0.5,1.0,0.5,0.0,0.5,1.5,2.5,3.0,0.0,0.5,0.5,0.5,0.5,0.5,2.5,2.0,5.5,8.5,9.5,10.5,2
PMID 35192411 a_Summary_SoE.pdf,control,0,0.0,2.0,3.0,3.0,3.0,3.0,1.0,0.5,3.0,3.5,3.5,4.5,0.0,1.5,1.5,1.5,1.5,1.5,0.0,0.0,0.5,0.5,0.5,0.5,1.0,4.0,8.0,8.5,8.5,9.5,2
PMID 35192411 a_Summary_SoE.pdf,intervention,0,0.0,2.0,3.0,3.0,3.0,3.0,1.0,0.5,3.0,3.5,3.5,4.5,0.0,1.5,1.5,1.5,1.5,1.5,0.0,0.0,0.5,0.5,0.5,0.5,1.0,4.0,8.0,8.5,8.5,9.5,2
PMID 35213496 CT_Summary_SoE.pdf,control,0,0.0,1.0,1.0,1.0,1.0,1.0,0.0,0.0,0.0,0.0,0.0,0.0,0.0,0.0,0.0,0.0,0.0,0.0,1.0,3.0,3.0,3.0,3.0,3.0,1.0,4.0,4.0,4.0,4.0,4.0,2
PMID 35213496 CT_Summary_SoE.pdf,intervention,0,0.0,1.0,1.0,1.0,1.0,1.0,0.0,0.0,0.0,0.0,0.0,0.0,0.0,0.0,0.0,0.0,0.0,0.0,1.0,3.0,3.0,3.0,3.0,3.0,1.0,4.0,4.0,4.0,4.0,4.0,2
PMID 35240074a_Summary_SoE.pdf,control,0,0.0,4.0,9.5,19.5,28.5,39.0,0.0,0.0,0.0,0.0,0.0,0.0,0.5,3.5,7.5,10.5,14.0,18.0,0.5,0.0,0.0,0.0,0.0,0.0,1.0,7.5,17.0,30.0,42.5,57.0,2
PMID 35240074a_Summary_SoE.pdf,intervention,0,0.0,4.0,9.5,19.5,28.5,39.0,0.0,0.0,0.0,0.0,0.0,0.0,0.5,3.5,7.5,10.5,14.0,18.0,0.5,0.0,0.0,0.0,0.0,0.0,1.0,7.5,17.0,30.0,42.5,57.0,2
PMID 35245446 CT_Summary_SoE.pdf,control,0,0.0,2.0,5.0,9.0,13.0,18.0,1.0,0.0,0.0,0.0,0.0,0.0,1.0,0.0,0.0,0.0,0.0,0.0,0.0,0.0,0.0,0.0,0.0,0.0,2.0,2.0,5.0,9.0,13.0,18.0,2
PMID 35245446 CT_Summary_SoE.pdf,intervention,0,0.0,2.0,5.0,9.0,13.0,18.0,1.0,0.0,0.0,0.0,0.0,0.0,1.0,0.0,0.0,0.0,0.0,0.0,0.0,0.0,0.0,0.0,0.0,0.0,2.0,2.0,5.0,9.0,13.0,18.0,2
PMID 35271306 a_Summary_SoE.pdf,control,0,0.0,7.0,27.0,41.5,57.0,65.5,1.0,0.5,0.5,0.5,0.5,0.5,0.5,0.5,0.5,1.5,1.5,2.5,0.0,0.0,0.0,0.0,0.0,0.0,1.5,8.0,28.0,43.5,59.0,68.5,2
PMID 35271306 a_Summary_SoE.pdf,intervention,0,0.0,8.0,28.0,43.0,58.5,67.0,1.0,0.5,0.5,0.5,0.5,0.5,0.5,0.5,0.5,1.5,1.5,2.5,0.0,0.0,0.0,0.0,0.0,0.0,1.5,9.0,29.0,45.0,60.5,70.0,2
PMID 35290101 a_Summary_SoE.pdf,control,0,0.0,3.0,7.0,9.0,9.0,9.0,1.0,0.0,0.0,1.5,3.0,4.0,1.0,0.0,0.0,0.0,0.0,0.0,0.0,0.0,0.0,0.5,0.5,1.0,2.0,3.0,7.0,11.0,12.5,14.0,2
PMID 35290101 a_Summary_SoE.pdf,intervention,0,0.0,0.0,0.0,0.0,0.0,0.0,1.0,0.0,1.5,3.0,4.5,6.0,1.0,3.0,5.5,8.5,10.5,14.0,0.0,0.0,0.0,0.0,0.0,0.0,2.0,3.0,7.0,11.5,15.0,20.0,2
PMID 35290101 a_Summary_SoE.pdf,intervention,1,0.0,0.0,0.0,0.0,0.0,0.0,1.0,0.0,1.5,3.0,4.5,6.0,1.0,4.5,8.5,11.5,13.5,17.0,0.0,0.0,0.0,0.0,0.0,0.0,2.0,4.5,10.0,14.5,18.0,23.0,2
PMID 35298906 CT_Summary_SoE.pdf,control,0,0.0,4.0,10.0,19.5,24.0,24.0,1.0,0.0,0.0,0.0,0.0,0.5,1.0,0.0,0.0,0.0,1.5,1.5,1.0,0.0,0.0,0.0,0.5,1.0,3.0,4.0,10.0,19.5,26.0,27.0,2
PMID 35298906 CT_Summary_SoE.pdf,intervention,0,0.0,2.0,4.0,7.0,10.0,14.0,1.0,0.0,0.0,0.0,0.0,0.0,1.0,1.0,2.0,2.0,2.0,2.0,1.0,0.0,0.0,0.0,0.0,0.0,3.0,3.0,6.0,9.0,12.0,16.0,2
PMID 35320644 a_Summary_SoE.pdf,control,0,0.0,2.0,5.0,9.0,13.0,18.0,1.0,0.0,0.0,0.0,0.0,0.0,1.0,2.0,2.0,2.0,2.0,2.0,0.0,0.0,0.0,0.0,0.0,0.0,2.0,4.0,7.0,11.0,15.0,20.0,2
PMID 35320644 a_Summary_SoE.pdf,intervention,0,0.0,2.0,5.0,9.0,13.0,18.0,1.0,0.0,0.0,0.0,0.0,0.0,1.0,2.0,2.0,2.0,2.0,2.0,0.0,0.0,0.0,0.0,0.0,0.0,2.0,4.0,7.0,11.0,15.0,20.0,2
PMID 35331641 CT_Summary_SoE.pdf,control,0,0.0,2.0,5.0,9.0,13.0,18.0,1.0,0.0,0.0,0.0,0.0,0.0,0.0,1.5,1.5,1.5,1.5,1.5,0.0,0.5,0.5,0.5,0.5,0.5,1.0,4.0,7.0,11.0,15.0,20.0,2
PMID 35331641 CT_Summary_SoE.pdf,intervention,0,0.0,2.5,5.5,9.5,13.5,18.5,1.0,0.0,0.0,0.0,0.0,0.0,0.0,1.5,1.5,1.5,1.5,1.5,0.0,0.0,0.0,0.0,0.0,0.0,1.0,4.0,7.0,11.0,15.0,20.0,2
PMID 35367007a_Summary_SoE.pdf,control,0,0.0,2.0,5.0,9.0,13.0,17.0,1.0,0.0,0.0,0.0,0.0,0.5,0.5,0.0,0.0,0.0,0.0,0.0,0.0,0.0,0.0,0.0,0.0,0.0,1.5,2.0,5.0,9.0,13.0,17.5,2
PMID 35367007a_Summary_SoE.pdf,intervention,0,0.0,2.0,5.0,9.0,13.0,17.0,1.0,0.0,0.0,0.0,0.0,0.5,0.5,0.0,0.0,0.0,0.0,0.0,0.0,0.0,0.0,0.0,0.0,0.0,1.5,2.0,5.0,9.0,13.0,17.5,2
PMID 35403841 a_Summary_SoE.pdf,control,0,0.0,4.0,7.0,7.0,7.0,7.0,1.0,0.0,0.5,1.5,2.5,3.5,1.0,0.0,1.0,2.0,2.0,2.0,0.0,0.0,0.0,0.0,0.5,1.0,2.0,4.0,8.5,10.5,12.0,13.5,2
PMID 35403841 a_Summary_SoE.pdf,intervention,0,0.0,3.0,4.0,4.0,4.0,4.0,1.0,0.0,0.5,1.5,2.5,3.5,1.0,0.0,1.0,2.0,2.0,2.0,0.0,0.0,0.0,0.0,0.5,1.0,2.0,3.0,5.5,7.5,9.0,10.5,2
PMID 35403841 a_Summary_SoE.pdf,intervention,1,0.0,4.0,7.0,7.0,7.0,7.0,1.0,0.0,0.5,1.5,2.5,3.5,1.0,0.0,1.0,2.0,2.0,2.0,0.0,0.0,0.0,0.0,0.5,1.0,2.0,4.0,8.5,10.5,12.0,13.5,2
PMID 35419607 CT_Summary_SoE.pdf,control,0,0.0,20.0,32.5,32.5,32.5,32.5,1.0,0.0,1.5,3.0,4.5,6.5,0.0,0.0,1.5,7.5,12.0,13.0,0.0,0.0,0.0,0.0,0.0,0.0,1.0,20.0,35.5,43.0,49.0,52.0,2
PMID 35419607 CT_Summary_SoE.pdf,intervention,0,0.0,20.0,36.0,39.5,43.0,46.5,1.0,0.0,1.5,3.0,4.5,6.5,0.0,0.0,0.0,0.0,0.0,0.0,0.0,0.0,0.0,0.0,0.0,0.0,1.0,20.0,37.5,42.5,47.5,53.0,2
PMID 35427471 CT_Summary_SoE.pdf,control,0,0.0,3.0,7.0,13.0,20.0,27.0,1.0,0.0,0.5,0.5,1.0,1.5,0.5,0.0,0.0,0.0,0.0,0.0,0.0,0.0,0.0,0.0,0.0,0.0,1.5,3.0,7.5,13.5,21.0,28.5,2
PMID 35427471 CT_Summary_SoE.pdf,intervention,0,0.0,2.0,5.0,9.0,13.0,18.0,1.0,0.0,0.0,0.0,0.0,0.0,0.5,0.0,0.0,0.0,0.0,0.0,0.0,0.0,0.0,0.0,0.0,0.0,1.5,2.0,5.0,9.0,13.0,18.0,2
PMID 35442766 a_Summary_SoE.pdf,control,0,0.0,2.0,5.0,9.0,13.0,18.0,1.0,0.0,0.0,0.0,0.0,0.0,0.0,3.0,6.0,10.5,15.0,20.5,0.0,0.0,0.0,0.0,0.0,0.0,1.0,5.0,11.0,19.5,28.0,38.5,2
PMID 35442766 a_Summary_SoE.pdf,intervention,0,0.0,2.0,5.0,9.0,13.0,18.0,1.0,0.0,0.0,0.0,0.0,0.0,0.0,3.0,4.0,4.0,4.0,5.0,0.0,0.0,0.0,0.0,0.0,0.0,1.0,5.0,9.0,13.0,17.0,23.0,2
PMID 35443108 a_Summary_SoE.pdf,control,0,0.0,9.0,27.0,49.0,70.0,92.0,1.0,1.0,2.0,2.0,2.0,2.0,0.0,2.0,3.0,4.0,4.0,4.0,0.5,0.0,0.0,0.0,0.0,0.0,1.5,12.0,32.0,55.0,76.0,98.0,2
PMID 35443108 a_Summary_SoE.pdf,intervention,0,0.0,9.0,27.0,49.0,70.0,92.0,1.0,1.0,2.0,2.0,2.0,2.0,0.0,2.0,3.0,4.0,4.0,4.0,0.5,0.0,0.0,0.0,0.0,0.0,1.5,12.0,32.0,55.0,76.0,98.0,2
PMID 35446628 a_Summary_SoE.pdf,control,0,0.0,1.0,1.0,2.0,3.0,5.0,2.0,0.0,0.0,0.0,0.0,0.0,0.0,0.0,2.0,2.0,2.0,2.0,0.0,0.0,0.0,0.0,0.0,0.0,2.0,1.0,3.0,4.0,5.0,7.0,2
PMID 35446628 a_Summary_SoE.pdf,intervention,0,0.0,1.0,1.0,2.0,3.0,5.0,2.0,0.0,0.0,0.0,0.0,0.0,0.0,0.0,2.0,2.0,2.0,2.0,0.0,0.0,0.0,0.0,0.0,0.0,2.0,1.0,3.0,4.0,5.0,7.0,2
PMID 35511454 CT_Summary_SoE.pdf,control,0,0.0,21.0,36.0,40.0,43.0,47.0,0.5,0.0,1.0,2.5,4.0,6.0,0.5,0.0,1.0,5.0,8.5,9.0,0.5,0.0,0.0,0.0,0.0,0.0,1.5,21.0,38.0,47.5,55.5,62.0,2
PMID 35511454 CT_Summary_SoE.pdf,intervention,0,0.0,21.0,36.0,40.0,43.0,47.0,0.5,0.0,1.0,2.5,4.0,6.0,0.5,0.0,1.0,5.0,8.5,9.0,0.5,0.0,0.0,0.0,0.0,0.0,1.5,21.0,38.0,47.5,55.5,62.0,2
PMID 35552364 a_Summary_SoE.pdf,control,0,0.0,2.0,5.0,9.0,13.0,18.0,1.0,0.0,1.0,3.0,4.0,5.0,0.5,1.0,3.0,5.0,9.0,12.0,0.5,0.0,0.0,0.0,0.0,0.0,2.0,3.0,9.0,17.0,26.0,35.0,2
PMID 35552364 a_Summary_SoE.pdf,intervention,0,0.0,2.0,5.0,9.0,13.0,18.0,1.0,0.0,1.0,3.0,4.0,5.0,0.5,1.0,3.0,5.0,9.0,12.0,0.5,0.0,0.0,0.0,0.0,0.0,2.0,3.0,9.0,17.0,26.0,35.0,2
PMID 35569466 CT_Summary_SoE.pdf,control,0,0.0,21.0,38.0,38.0,38.0,38.0,2.0,0.0,0.0,0.0,0.0,0.0,1.0,0.0,0.0,2.0,3.0,4.0,1.5,0.0,0.0,0.0,0.0,0.0,4.5,21.0,38.0,40.0,41.0,42.0,2
PMID 35569466 CT_Summary_SoE.pdf,intervention,0,0.0,1.0,23.0,39.0,39.0,39.0,2.0,0.0,0.0,0.0,0.0,0.0,1.0,0.0,1.0,2.0,3.0,4.0,1.5,0.0,0.0,0.0,0.0,0.0,4.5,1.0,24.0,41.0,42.0,43.0,2
PMID 35569466 CT_Summary_SoE.pdf,intervention,1,0.0,1.0,23.0,39.0,39.0,39.0,2.0,0.0,0.0,0.0,0.0,0.0,1.0,0.0,1.0,2.0,3.0,4.0,1.5,0.0,0.0,0.0,0.0,0.0,4.5,1.0,24.0,41.0,42.0,43.0,2
PMID 35580297 a_Summary_SoE.pdf,control,0,0.0,2.0,5.0,8.0,10.0,12.0,1.0,2.0,2.0,2.0,2.0,2.0,0.0,0.0,0.0,0.0,0.0,0.0,0.0,0.0,0.0,0.0,0.0,0.0,1.0,4.0,7.0,10.0,12.0,14.0,2
PMID 35580297 a_Summary_SoE.pdf,intervention,0,0.0,2.0,5.0,8.0,10.0,12.0,1.0,2.0,2.0,2.0,2.0,2.0,0.0,0.0,0.0,0.0,0.0,0.0,0.0,0.0,0.0,0.0,0.0,0.0,1.0,4.0,7.0,10.0,12.0,14.0,2
PMID 35584336 a_Summary_SoE.pdf,control,0,0.0,3.0,5.0,8.0,11.0,15.0,1.0,0.0,0.0,0.0,0.0,0.0,1.0,0.0,0.0,0.0,0.0,0.0,0.0,0.0,0.0,0.0,0.0,0.0,2.0,3.0,5.0,8.0,11.0,15.0,2
PMID 35584336 a_Summary_SoE.pdf,intervention,0,0.0,3.0,5.0,8.0,11.0,15.0,1.0,0.0,0.0,0.0,0.0,0.0,1.0,0.0,0.0,0.0,0.0,0.0,0.0,0.0,0.0,0.0,0.0,0.0,2.0,3.0,5.0,8.0,11.0,15.0,2
PMID 35608580 a_Summary_SoE.pdf,control,0,0.0,0.0,0.0,0.0,0.0,0.0,1.5,0.5,0.5,0.5,0.5,1.5,0.5,0.5,0.5,1.5,1.5,1.5,0.0,0.0,0.0,0.0,0.0,0.0,2.0,1.0,1.0,2.0,2.0,3.0,2
PMID 35608580 a_Summary_SoE.pdf,intervention,0,0.0,0.0,0.0,0.0,0.0,0.0,1.5,0.5,0.5,0.5,0.5,1.5,0.5,0.5,0.5,1.5,1.5,1.5,0.0,0.0,0.0,0.0,0.0,0.0,2.0,1.0,1.0,2.0,2.0,3.0,2
PMID 35657079 a_Summary_SoE.pdf,control,0,0.0,4.0,8.0,12.0,14.0,16.0,1.5,0.0,0.0,0.5,0.5,1.0,0.0,1.0,3.0,6.5,7.5,9.0,0.5,0.0,0.0,0.0,0.0,0.0,2.0,5.0,11.0,19.0,22.0,26.0,2
PMID 35657079 a_Summary_SoE.pdf,intervention,0,0.0,4.0,8.0,12.0,14.0,16.0,1.5,0.0,0.0,0.5,0.5,1.0,0.0,1.0,3.0,6.5,7.5,9.0,0.5,0.0,0.0,0.0,0.0,0.0,2.0,5.0,11.0,19.0,22.0,26.0,2
PMID 35660812 a_Summary_SoE.pdf,control,0,0.0,7.0,19.5,38.0,41.0,43.0,1.5,0.0,0.0,0.0,0.0,0.0,0.5,0.0,0.0,0.0,5.5,7.5,0.0,0.0,0.0,0.0,0.0,0.0,2.0,7.0,19.5,38.0,46.5,50.5,2
PMID 35660812 a_Summary_SoE.pdf,intervention,0,0.0,7.0,15.0,36.0,41.0,42.5,1.5,0.0,0.0,0.0,0.0,0.0,0.5,0.0,0.5,0.5,6.0,8.0,0.0,0.0,0.0,0.0,0.0,0.0,2.0,7.0,15.5,36.5,47.0,50.5,2
PMID 35665782 a_Summary_SoE.pdf,control,0,0.0,2.0,5.0,9.0,13.0,18.0,1.5,0.5,0.5,0.5,0.5,0.5,0.5,2.5,2.5,2.5,2.5,2.5,0.0,0.0,0.0,0.0,0.0,0.0,2.0,5.0,8.0,12.0,16.0,21.0,2
PMID 35665782 a_Summary_SoE.pdf,intervention,0,0.0,2.0,5.0,9.0,13.0,18.0,1.5,0.5,0.5,0.5,0.5,0.5,0.5,2.5,2.5,2.5,2.5,2.5,0.0,0.0,0.0,0.0,0.0,0.0,2.0,5.0,8.0,12.0,16.0,21.0,2
PMID 35704479 a_Summary_SoE.pdf,control,0,1.0,0.0,0.0,0.0,0.0,1.0,0.0,0.0,0.0,0.0,0.0,0.0,0.0,1.0,1.0,1.5,1.5,1.5,0.0,0.0,0.0,0.5,0.5,0.5,1.0,1.0,1.0,2.0,2.0,3.0,2
PMID 35704479 a_Summary_SoE.pdf,intervention,0,1.0,1.0,1.5,3.0,3.0,4.0,0.0,0.0,0.0,0.0,0.0,0.0,0.0,0.0,0.0,0.0,0.0,0.0,0.0,0.0,0.5,1.0,1.0,1.0,1.0,1.0,2.0,4.0,4.0,5.0,2
PMID 35728048 a_Summary_SoE.pdf,control,0,0.5,6.5,20.0,36.5,52.0,68.5,0.0,0.0,0.0,0.0,0.0,0.0,0.5,3.0,3.5,4.5,5.0,5.5,0.5,0.0,0.0,0.0,0.0,0.0,1.5,9.5,23.5,41.0,57.0,74.0,2
PMID 35728048 a_Summary_SoE.pdf,intervention,0,0.5,6.5,20.0,36.5,52.0,68.5,0.0,0.0,0.0,0.0,0.0,0.0,0.5,3.0,3.5,4.5,5.0,5.5,0.5,0.0,0.0,0.0,0.0,0.0,1.5,9.5,23.5,41.0,57.0,74.0,2
PMID 35759733a_Summary_SoE.pdf,control,0,0.0,0.0,0.0,0.0,0.0,0.0,1.0,0.0,0.0,0.0,0.0,0.0,0.0,1.0,3.0,6.0,9.0,12.0,0.0,0.0,0.0,0.0,0.0,0.0,1.0,1.0,3.0,6.0,9.0,12.0,2
PMID 35759733a_Summary_SoE.pdf,intervention,0,0.0,2.0,4.0,7.0,10.0,12.0,1.0,0.0,0.0,0.0,0.0,0.0,0.0,0.5,1.5,3.5,5.0,6.0,0.0,0.0,0.0,0.0,0.0,0.5,1.0,2.5,5.5,10.5,15.0,18.5,2
PMID 35759733a_Summary_SoE.pdf,intervention,1,0.0,2.0,4.0,7.0,10.0,12.0,1.0,0.0,0.0,0.0,0.0,0.0,0.0,0.5,1.5,3.5,5.0,6.0,0.0,0.0,0.0,0.0,0.0,0.5,1.0,2.5,5.5,10.5,15.0,18.5,2
PMID 35763704 a_Summary_SoE.pdf,control,0,0.0,3.0,7.5,14.0,18.5,23.0,1.0,0.0,0.0,0.0,0.0,0.0,0.5,0.0,0.0,0.5,0.5,0.5,0.5,0.0,0.0,0.5,0.5,0.5,2.0,3.0,7.5,15.0,19.5,24.0,2
PMID 35763704 a_Summary_SoE.pdf,intervention,0,0.0,3.0,7.5,14.0,18.5,23.0,1.0,0.0,0.0,0.0,0.0,0.0,0.5,0.0,0.0,0.5,0.5,0.5,0.5,0.0,0.0,0.5,0.5,0.5,2.0,3.0,7.5,15.0,19.5,24.0,2
PMID 35810754 CT_Summary_SoE.pdf,control,0,0.0,4.5,8.5,12.5,12.5,12.5,1.0,1.0,1.0,2.0,3.0,4.0,1.0,1.0,1.0,1.0,1.0,1.0,0.0,0.0,0.0,0.0,0.0,0.0,2.0,6.5,10.5,15.5,16.5,17.5,2
PMID 35810754 CT_Summary_SoE.pdf,intervention,0,0.0,1.0,1.5,2.5,2.5,3.0,1.0,1.0,2.0,3.0,4.0,5.0,1.0,2.0,2.5,3.5,3.5,3.5,0.0,0.0,0.0,0.0,0.0,0.0,2.0,4.0,6.0,9.0,10.0,11.0,2
PMID 35810754 CT_Summary_SoE.pdf,intervention,1,0.0,1.0,1.5,2.5,2.5,3.0,1.0,1.0,2.0,3.0,4.0,5.0,1.0,2.0,3.0,9.0,9.0,9.0,0.0,0.0,0.0,0.0,0.0,0.0,2.0,4.0,6.5,14.5,15.5,16.5,2
PMID 35857290 a_Summary_SoE.pdf,control,0,0.0,10.5,23.0,38.0,38.0,38.0,0.0,0.0,0.0,0.0,0.0,0.0,1.0,0.0,1.0,3.0,3.0,3.0,0.0,0.0,0.0,0.0,3.0,6.0,1.0,10.5,24.0,41.0,44.0,47.0,2
PMID 35857290 a_Summary_SoE.pdf,intervention,0,0.0,10.5,23.0,38.0,38.0,38.0,0.0,0.0,0.0,0.0,0.0,0.0,1.0,0.0,1.0,3.0,3.0,3.0,0.0,0.0,0.0,0.0,3.0,6.0,1.0,10.5,24.0,41.0,44.0,47.0,2
PMID 35922251 CT_Summary_SoE.pdf,control,0,0.0,7.0,17.0,31.5,45.5,63.0,1.0,0.0,2.0,4.0,5.0,6.0,0.0,0.0,0.0,0.0,0.0,0.0,0.0,0.0,0.0,0.0,0.0,0.0,1.0,7.0,19.0,35.5,50.5,69.0,2
PMID 35922251 CT_Summary_SoE.pdf,intervention,0,0.0,2.0,5.0,9.0,13.0,18.0,1.0,0.0,2.0,4.0,5.0,6.0,0.0,0.0,0.0,0.0,0.0,0.0,0.0,0.0,0.0,0.0,0.0,0.0,1.0,2.0,7.0,13.0,18.0,24.0,2
PMID 35947817 a_Summary_SoE.pdf,control,0,0.0,2.5,4.5,6.5,8.5,10.5,1.0,0.0,0.0,0.0,0.0,0.5,0.0,0.5,1.5,2.5,3.5,5.0,0.0,0.0,0.0,0.0,0.0,0.0,1.0,3.0,6.0,9.0,12.0,16.0,2
PMID 35947817 a_Summary_SoE.pdf,intervention,0,0.0,3.0,5.5,7.5,9.5,11.5,1.0,0.0,0.0,0.0,0.0,0.5,0.0,0.0,0.5,1.5,2.5,4.0,0.0,0.0,0.0,0.0,0.0,0.0,1.0,3.0,6.0,9.0,12.0,16.0,2
PMID 36070540 a_Summary_SoE.pdf,control,0,0.0,1.0,1.0,1.0,1.0,1.0,1.0,1.0,1.0,1.0,1.0,1.0,0.0,0.0,0.0,1.0,1.0,1.0,0.0,1.0,1.0,1.0,1.0,1.0,1.0,3.0,3.0,4.0,4.0,4.0,2
PMID 36070540 a_Summary_SoE.pdf,intervention,0,0.0,1.0,1.0,1.0,1.0,1.0,1.0,1.0,1.0,1.0,1.0,1.0,0.0,0.0,0.0,1.0,1.0,1.0,0.0,1.0,1.0,1.0,1.0,1.0,1.0,3.0,3.0,4.0,4.0,4.0,2
PMID 36099926 a_Summary_SoE.pdf,control,0,0.0,2.0,5.0,9.0,13.0,16.0,1.0,0.0,0.0,0.0,0.0,1.0,0.0,0.0,0.0,0.0,0.0,0.5,0.0,0.0,0.0,0.0,0.0,0.0,1.0,2.0,5.0,9.0,13.0,17.5,2
PMID 36099926 a_Summary_SoE.pdf,intervention,0,0.0,2.0,5.0,9.0,13.0,16.0,1.0,0.0,0.0,0.0,0.0,1.0,0.0,0.0,0.0,0.0,0.0,0.5,0.0,0.0,0.0,0.0,0.0,0.0,1.0,2.0,5.0,9.0,13.0,17.5,2
PMID 36108662 CT_Summary_SoE.pdf,control,0,0.0,2.0,5.0,9.0,13.0,18.0,1.0,0.0,0.0,0.0,0.0,0.0,2.0,0.0,0.0,0.0,0.0,0.0,0.5,0.0,0.0,0.0,0.0,0.0,3.5,2.0,5.0,9.0,13.0,18.0,2
PMID 36108662 CT_Summary_SoE.pdf,intervention,0,0.0,2.0,5.0,9.0,13.0,18.0,1.0,0.0,0.0,0.0,0.0,0.0,2.0,0.0,0.0,0.0,0.0,0.0,0.5,0.0,0.0,0.0,0.0,0.0,3.5,2.0,5.0,9.0,13.0,18.0,2
PMID 36155117 CT_Summary_SoE.pdf,control,0,0.0,1.0,2.0,3.5,5.0,7.0,1.0,2.0,4.0,5.5,7.0,9.0,0.5,1.0,2.0,2.0,2.0,2.0,0.0,0.0,0.0,0.0,0.0,0.0,1.5,4.0,8.0,11.0,14.0,18.0,2
PMID 36155117 CT_Summary_SoE.pdf,intervention,0,0.0,1.0,2.0,3.5,5.0,7.0,1.0,2.0,4.0,5.5,7.0,9.0,0.5,1.0,2.0,2.0,2.0,2.0,0.0,0.0,0.0,0.0,0.0,0.0,1.5,4.0,8.0,11.0,14.0,18.0,2
PMID 36162037 a_Summary_SoE.pdf,control,0,0.0,3.0,7.0,13.0,20.0,25.0,1.0,0.0,0.0,0.0,0.0,0.0,0.0,0.0,0.0,0.0,0.0,0.0,0.0,0.0,0.0,0.0,0.0,0.0,1.0,3.0,7.0,13.0,20.0,25.0,2
PMID 36162037 a_Summary_SoE.pdf,intervention,0,0.0,3.0,7.0,13.0,20.0,25.0,1.0,0.0,0.0,0.0,0.0,0.0,0.0,0.0,0.0,0.0,0.0,0.0,0.0,0.0,0.0,0.0,0.0,0.0,1.0,3.0,7.0,13.0,20.0,25.0,2
PMID 36265504 a_Summary_SoE.pdf,control,0,0.0,2.0,5.0,9.0,10.5,11.0,1.0,0.0,0.0,0.0,0.5,1.0,0.0,1.5,3.5,6.0,6.5,6.5,0.0,0.0,0.0,0.0,0.0,0.0,1.0,3.5,8.5,15.0,17.5,18.5,2
PMID 36265504 a_Summary_SoE.pdf,intervention,0,0.0,2.0,5.0,9.0,10.5,11.0,1.0,0.0,0.0,0.0,0.5,1.0,0.0,1.5,3.5,6.0,6.5,6.5,0.0,0.0,0.0,0.0,0.0,0.0,1.0,3.5,8.5,15.0,17.5,18.5,2
PMID 36308441 a_Summary_SoE.pdf,control,0,0.0,3.0,7.0,12.0,12.0,12.0,1.0,0.0,0.0,0.0,0.0,0.0,0.0,0.0,0.0,0.0,0.0,0.0,0.0,0.0,0.5,0.5,2.0,3.0,1.0,3.0,7.5,12.5,14.0,15.0,2
PMID 36308441 a_Summary_SoE.pdf,intervention,0,0.0,3.0,7.0,12.0,12.0,12.0,1.0,0.0,0.0,0.0,0.0,0.0,0.0,0.0,0.0,0.0,0.0,0.0,0.0,0.0,0.5,0.5,2.0,3.0,1.0,3.0,7.5,12.5,14.0,15.0,2
PMID 36308441 a_Summary_SoE.pdf,intervention,1,0.0,3.0,7.0,12.0,12.0,12.0,1.0,0.0,0.0,0.0,0.0,0.0,0.0,0.0,0.0,0.0,0.0,0.0,0.0,0.0,0.5,0.5,2.0,3.0,1.0,3.0,7.5,12.5,14.0,15.0,2
PMID 36322844 a_Summary_SoE.pdf,control,0,0.0,8.0,19.0,20.0,20.0,20.0,2.0,0.0,1.0,2.5,2.5,3.5,0.0,0.0,0.0,0.0,1.0,1.0,0.0,0.0,0.0,0.0,0.0,0.0,2.0,8.0,20.0,22.5,23.5,24.5,2
PMID 36322844 a_Summary_SoE.pdf,intervention,0,0.0,8.0,19.0,20.0,20.0,20.0,2.0,0.0,1.0,2.5,2.5,3.5,0.0,0.0,0.0,0.0,1.0,1.0,0.0,0.0,0.0,0.0,0.0,0.0,2.0,8.0,20.0,22.5,23.5,24.5,2
PMID 36327426 a_Summary_SoE.pdf,control,0,0.0,3.0,7.0,10.0,13.0,17.0,1.0,0.0,0.0,0.0,0.0,0.0,0.5,1.0,2.0,3.0,3.0,3.0,0.5,0.0,0.0,0.0,0.0,0.0,2.0,4.0,9.0,13.0,16.0,20.0,2
PMID 36327426 a_Summary_SoE.pdf,intervention,0,0.0,3.0,7.0,10.0,13.0,17.0,1.0,0.0,0.0,0.0,0.0,0.0,0.5,1.0,2.0,2.0,2.0,2.0,0.5,0.0,0.0,0.0,0.0,0.0,2.0,4.0,9.0,12.0,15.0,19.0,2
PMID 36327426 a_Summary_SoE.pdf,intervention,1,0.0,3.0,7.0,10.0,13.0,17.0,1.0,0.0,0.0,0.0,0.0,0.0,0.5,1.0,2.0,2.0,2.0,2.0,0.5,0.0,0.0,0.0,0.0,0.0,2.0,4.0,9.0,12.0,15.0,19.0,2
PMID 36346687 CT_Summary_SoE.pdf,control,0,0.0,0.0,0.0,0.0,0.0,0.0,1.0,0.0,0.0,0.0,0.0,1.0,3.0,0.5,0.5,0.5,0.5,0.5,0.5,0.0,1.0,2.0,3.0,3.0,4.5,0.5,1.5,2.5,3.5,4.5,2
PMID 36346687 CT_Summary_SoE.pdf,intervention,0,0.0,0.0,0.0,0.0,0.0,0.0,1.0,0.0,0.0,0.0,0.0,1.0,3.0,2.0,5.0,8.0,8.0,8.0,0.5,0.0,0.0,0.5,1.5,1.5,4.5,2.0,5.0,8.5,9.5,10.5,2
PMID 36455168 a_Summary_SoE.pdf,control,0,0.0,2.0,5.0,9.0,13.0,18.0,1.5,0.0,0.0,0.0,0.0,0.0,0.0,0.0,0.0,0.0,0.0,0.0,0.0,0.0,0.0,0.0,0.0,0.0,1.5,2.0,5.0,9.0,13.0,18.0,2
PMID 36455168 a_Summary_SoE.pdf,intervention,0,0.0,2.0,5.0,9.0,13.0,18.0,1.5,0.0,0.0,0.0,0.0,0.0,0.0,0.0,0.0,0.0,0.0,0.0,0.0,0.0,0.0,0.0,0.0,0.0,1.5,2.0,5.0,9.0,13.0,18.0,2
PMID 36473143 a_Summary_SoE.pdf,control,0,0.0,8.0,20.5,35.0,48.0,62.0,1.0,0.0,0.0,0.0,0.0,0.0,1.0,0.0,0.0,0.0,0.0,0.0,0.0,0.0,0.0,0.0,0.0,0.0,2.0,8.0,20.5,35.0,48.0,62.0,2
PMID 36473143 a_Summary_SoE.pdf,intervention,0,0.0,3.0,7.0,13.0,20.0,27.0,1.0,0.0,0.0,0.0,0.0,0.0,1.0,0.0,0.0,0.0,0.0,0.0,0.0,0.0,0.0,0.0,0.0,0.0,2.0,3.0,7.0,13.0,20.0,27.0,2
PMID 36503738 CT_Summary_SoE.pdf,control,0,0.0,3.0,7.0,13.0,20.0,27.0,1.0,0.0,0.0,0.0,0.0,0.0,0.5,0.0,0.0,0.0,0.0,0.0,0.0,0.0,0.0,0.0,0.0,0.0,1.5,3.0,7.0,13.0,20.0,27.0,2
PMID 36503738 CT_Summary_SoE.pdf,intervention,0,0.0,3.0,7.5,13.5,20.5,27.0,1.0,0.0,0.0,0.0,0.0,0.0,0.5,0.0,0.0,0.0,0.0,0.0,0.0,0.5,0.5,0.5,0.5,0.5,1.5,3.5,8.0,14.0,21.0,27.5,2
PMID 36521097 a_Summary_SoE.pdf,control,0,0.0,4.0,10.0,18.0,18.0,18.0,1.0,0.0,0.0,0.5,1.5,2.5,0.0,0.0,0.0,0.5,0.5,0.5,0.0,0.0,0.0,0.0,0.0,0.0,1.0,4.0,10.0,19.0,20.0,21.0,2
PMID 36521097 a_Summary_SoE.pdf,intervention,0,0.0,4.0,10.0,18.0,18.0,18.0,1.0,0.0,0.0,0.5,1.5,2.5,0.0,0.0,0.0,0.5,0.5,0.5,0.0,0.0,0.0,0.0,0.0,0.0,1.0,4.0,10.0,19.0,20.0,21.0,2
PMID 36535566 CT_Summary_SoE.pdf,control,0,0.0,4.0,9.0,18.0,26.0,36.0,1.0,0.0,0.0,0.0,0.0,0.0,0.0,0.5,0.5,0.5,0.5,0.5,0.0,0.5,3.5,3.5,3.5,3.5,1.0,5.0,13.0,22.0,30.0,40.0,2
PMID 36535566 CT_Summary_SoE.pdf,intervention,0,0.0,2.0,5.0,9.0,13.0,18.0,1.0,0.0,0.0,0.0,0.0,0.0,0.0,2.0,2.0,2.0,2.0,2.0,0.0,1.0,6.0,6.0,6.0,6.0,1.0,5.0,13.0,17.0,21.0,26.0,2
PMID 36541957 a_Summary_SoE.pdf,control,0,0.0,4.5,9.0,9.0,9.0,9.0,1.0,1.0,1.5,2.5,2.5,3.5,0.5,1.5,2.5,2.5,2.5,2.5,0.0,0.0,0.5,0.5,1.5,1.5,1.5,7.0,13.5,14.5,15.5,16.5,2
PMID 36541957 a_Summary_SoE.pdf,intervention,0,0.0,4.5,9.5,11.5,11.5,11.5,1.0,1.0,1.0,1.5,2.0,3.0,0.5,1.5,2.5,2.5,2.5,2.5,0.0,0.0,0.5,1.0,1.5,1.5,1.5,7.0,13.5,16.5,17.5,18.5,2
PMID 36623230 a_Summary_SoE.pdf,control,0,0.0,18.0,24.0,29.0,29.0,29.0,1.0,0.5,1.0,2.0,3.0,4.0,1.0,0.5,0.5,0.5,0.5,0.5,0.0,0.0,0.0,0.0,0.0,0.0,2.0,19.0,25.5,31.5,32.5,33.5,2
PMID 36623230 a_Summary_SoE.pdf,intervention,0,0.0,22.0,38.0,43.0,43.0,43.0,1.0,0.5,1.0,2.0,3.0,4.0,1.0,0.5,0.5,0.5,0.5,0.5,0.0,0.0,0.0,0.0,0.0,0.0,2.0,23.0,39.5,45.5,46.5,47.5,2
PMID 36669140 a_Summary_SoE.pdf,control,0,0.0,9.0,21.0,41.5,55.0,55.0,1.5,0.0,2.0,3.5,4.5,6.0,0.5,2.0,6.5,12.0,14.5,14.5,0.0,0.0,0.0,0.0,0.0,0.0,2.0,11.0,29.5,57.0,74.0,75.5,2
PMID 36669140 a_Summary_SoE.pdf,intervention,0,0.0,9.0,21.0,41.5,57.5,61.5,1.5,0.0,2.0,3.5,4.5,5.5,0.5,2.0,6.5,12.0,14.5,14.5,0.0,0.0,0.0,0.0,0.0,0.0,2.0,11.0,29.5,57.0,76.5,81.5,2
PMID 36693773 CT_Summary_SoE.pdf,control,0,0.0,0.5,0.5,0.5,0.5,0.5,0.0,0.0,0.0,0.0,0.0,0.0,1.5,1.0,2.0,2.0,2.0,2.0,0.0,0.0,0.0,0.0,0.0,0.0,1.5,1.5,2.5,2.5,2.5,2.5,2
PMID 36693773 CT_Summary_SoE.pdf,intervention,0,0.0,0.5,0.5,0.5,0.5,0.5,0.0,0.0,0.0,0.0,0.0,0.0,1.5,1.0,2.0,2.0,2.0,2.0,0.0,0.0,0.0,0.0,0.0,0.0,1.5,1.5,2.5,2.5,2.5,2.5,2
PMID 36709073 CT_Summary_SoE.pdf,control,0,0.0,1.0,2.0,3.5,5.0,6.5,1.5,0.5,0.5,1.5,2.0,3.0,0.5,1.0,2.0,2.5,3.5,4.0,0.0,0.5,0.5,0.5,0.5,0.5,2.0,3.0,5.0,8.0,11.0,14.0,2
PMID 36709073 CT_Summary_SoE.pdf,intervention,0,0.0,1.0,2.0,3.5,5.0,6.5,1.5,0.5,0.5,1.5,2.0,3.0,0.5,1.0,2.0,2.5,3.5,4.0,0.0,0.5,0.5,0.5,0.5,0.5,2.0,3.0,5.0,8.0,11.0,14.0,2
PMID 36764316 a_Summary_SoE.pdf,control,0,0.0,2.0,5.0,9.0,13.0,18.0,1.0,0.0,0.0,0.0,0.0,0.5,1.0,0.0,0.0,0.0,0.5,0.5,0.0,1.0,1.5,1.5,1.5,1.5,2.0,3.0,6.5,10.5,15.0,20.5,2
PMID 36764316 a_Summary_SoE.pdf,intervention,0,0.0,3.0,4.5,6.5,8.5,11.0,1.0,0.0,1.0,2.0,3.5,5.0,1.0,1.0,2.0,3.0,4.0,5.5,0.0,0.0,0.0,0.0,0.0,0.0,2.0,4.0,7.5,11.5,16.0,21.5,2
PMID 36795891 a_Summary_SoE.pdf,control,0,0.0,2.0,4.5,8.0,10.0,12.0,1.0,0.0,0.5,1.0,1.5,2.0,1.5,0.5,1.0,1.0,1.0,1.0,0.5,0.0,0.0,0.0,0.0,0.0,3.0,2.5,6.0,10.0,12.5,15.0,2
PMID 36795891 a_Summary_SoE.pdf,control,1,0.0,2.0,4.5,8.0,10.0,12.0,1.0,0.0,0.5,1.0,1.5,2.5,1.5,1.0,1.5,2.0,3.0,4.0,0.5,0.0,0.0,0.0,0.0,0.0,3.0,3.0,6.5,11.0,14.5,18.5,2
PMID 36795891 a_Summary_SoE.pdf,intervention,0,0.0,2.0,4.0,7.0,10.0,14.0,1.0,0.0,0.0,0.0,0.0,0.0,1.5,1.0,2.0,2.0,2.0,2.0,0.5,0.0,0.0,0.0,0.0,0.0,3.0,3.0,6.0,9.0,12.0,16.0,2
PMID 36952634 a_Summary_SoE.pdf,control,0,0.0,2.0,4.0,7.0,10.0,13.0,1.0,0.0,0.0,0.0,0.0,0.0,1.0,3.0,5.0,5.0,5.0,5.0,0.0,0.0,0.0,0.0,0.0,0.0,2.0,5.0,9.0,12.0,15.0,18.0,2
PMID 36952634 a_Summary_SoE.pdf,intervention,0,0.0,2.0,4.0,7.0,10.0,13.0,1.0,0.0,0.0,0.0,0.0,0.0,1.0,3.0,5.0,5.0,5.0,5.0,0.0,0.0,0.0,0.0,0.0,0.0,2.0,5.0,9.0,12.0,15.0,18.0,2
PMID 36952634 a_Summary_SoE.pdf,intervention,1,0.0,2.0,4.0,7.0,10.0,13.0,1.0,0.0,0.0,0.0,0.0,0.0,1.0,3.0,5.0,5.0,5.0,5.0,0.0,0.0,0.0,0.0,0.0,0.0,2.0,5.0,9.0,12.0,15.0,18.0,1
PMID 36969338 a_Summary_SoE.pdf,control,0,0.0,4.0,10.0,20.0,30.0,40.0,1.0,0.0,0.0,0.0,0.0,0.0,1.0,0.0,0.0,0.0,0.0,0.0,0.0,0.0,0.0,0.0,0.0,0.0,2.0,4.0,10.0,20.0,30.0,40.0,2
PMID 36969338 a_Summary_SoE.pdf,intervention,0,0.5,3.5,10.0,20.0,30.0,39.5,1.0,0.0,0.0,0.0,0.0,0.0,1.0,0.0,0.0,0.0,0.0,0.0,0.0,0.5,0.5,0.5,0.5,0.5,2.5,4.0,10.5,20.5,30.5,40.0,2
PMID 36996380 a_Summary_SoE.pdf,control,0,0.0,0.0,0.0,0.0,0.0,0.0,1.0,0.0,1.0,3.0,4.0,5.0,1.0,1.0,3.0,4.0,6.0,9.0,0.0,0.0,0.0,0.0,0.0,0.0,2.0,1.0,4.0,7.0,10.0,14.0,1
PMID 36996380 a_Summary_SoE.pdf,intervention,0,0.0,0.5,0.5,0.5,0.5,0.5,1.0,0.0,1.0,3.0,4.0,5.0,1.0,2.0,4.0,5.0,7.0,10.0,0.0,0.0,0.0,0.0,0.0,0.0,2.0,2.5,5.5,8.5,11.5,15.5,2
PMID 36996380 a_Summary_SoE.pdf,intervention,1,0.0,1.0,1.0,1.0,1.0,1.0,1.0,0.0,1.0,3.0,4.0,5.0,1.0,2.0,5.0,6.0,8.0,11.0,0.0,0.0,0.0,0.0,0.0,0.0,2.0,3.0,7.0,10.0,13.0,17.0,1
PMID 37069359 a_Summary_SoE.pdf,control,0,0.0,10.0,10.0,10.5,10.5,10.5,1.0,0.0,0.0,0.0,0.0,0.0,1.0,10.5,31.0,31.5,32.5,33.5,0.0,0.0,0.0,0.0,0.0,0.0,2.0,20.5,41.0,42.0,43.0,44.0,2
PMID 37069359 a_Summary_SoE.pdf,intervention,0,0.0,10.0,10.0,10.5,10.5,10.5,1.0,0.0,0.0,0.0,0.0,0.0,1.0,10.5,31.0,31.5,32.5,33.5,0.0,0.0,0.0,0.0,0.0,0.0,2.0,20.5,41.0,42.0,43.0,44.0,2
PMID 37071094 a_Summary_SoE.pdf,control,0,0.0,4.0,10.5,19.5,30.0,39.5,1.0,0.0,0.0,0.0,0.0,0.0,1.0,0.0,0.0,0.0,0.0,0.5,0.0,0.0,0.0,0.0,0.0,0.0,2.0,4.0,10.5,19.5,30.0,40.0,2
PMID 37071094 a_Summary_SoE.pdf,intervention,0,0.0,4.0,10.5,19.5,30.0,39.5,1.0,0.0,0.0,0.0,0.0,0.0,1.0,0.0,0.0,0.0,0.0,0.5,0.0,0.0,0.0,0.0,0.0,0.0,2.0,4.0,10.5,19.5,30.0,40.0,2
PMID 37075781 a_Summary_SoE.pdf,control,0,0.0,4.0,9.0,18.0,26.0,36.0,1.0,0.5,0.5,0.5,0.5,0.5,0.5,0.0,0.0,0.0,0.0,0.0,0.0,0.0,0.0,0.0,0.0,0.0,1.5,4.5,9.5,18.5,26.5,36.5,2
PMID 37075781 a_Summary_SoE.pdf,intervention,0,0.0,4.0,9.0,18.0,26.0,36.0,1.0,0.5,0.5,0.5,0.5,0.5,0.5,0.0,0.0,0.0,0.0,0.0,0.0,0.0,0.0,0.0,0.0,0.0,1.5,4.5,9.5,18.5,26.5,36.5,2
PMID 37080222 a_Summary_SoE.pdf,control,0,0.0,6.0,15.0,27.0,39.0,54.0,1.5,0.0,1.0,2.0,3.0,4.0,0.0,3.0,6.0,6.0,6.0,6.0,0.5,0.0,0.0,0.0,0.0,0.0,2.0,9.0,22.0,35.0,48.0,64.0,2
PMID 37080222 a_Summary_SoE.pdf,intervention,0,0.0,6.0,15.0,27.0,39.0,54.0,1.5,0.0,1.0,2.0,3.0,4.0,0.0,3.0,6.0,6.0,6.0,6.0,0.5,0.0,0.0,0.0,0.0,0.0,2.0,9.0,22.0,35.0,48.0,64.0,2
PMID 37080223 CT_Summary_SoE.pdf,control,0,0.0,22.0,31.5,31.5,31.5,31.5,1.0,0.0,0.5,1.5,1.5,1.5,0.5,0.0,0.5,0.5,0.5,0.5,0.5,0.0,1.0,1.0,2.0,3.0,2.0,22.0,33.5,34.5,35.5,36.5,2
PMID 37080223 CT_Summary_SoE.pdf,intervention,0,0.0,22.0,32.5,35.5,35.5,35.5,1.0,0.0,0.5,1.5,1.5,1.5,0.5,0.0,0.5,0.5,0.5,0.5,0.5,0.0,0.0,0.0,1.0,2.0,2.0,22.0,33.5,37.5,38.5,39.5,2
PMID 37086745 a_Summary_SoE.pdf,control,0,0.5,2.0,5.0,9.0,13.0,18.0,1.0,0.0,0.0,0.0,0.0,0.0,1.0,2.0,2.0,2.0,2.0,2.0,0.0,0.0,0.0,0.0,0.0,0.0,2.5,4.0,7.0,11.0,15.0,20.0,2
PMID 37086745 a_Summary_SoE.pdf,intervention,0,0.5,2.0,5.0,9.0,13.0,18.0,1.0,0.0,0.0,0.0,0.0,0.0,1.0,2.0,2.0,2.0,2.0,2.0,0.0,0.0,0.0,0.0,0.0,0.0,2.5,4.0,7.0,11.0,15.0,20.0,2
PMID 37104748 a_Summary_SoE.pdf,control,0,0.0,22.0,44.0,44.0,44.0,44.0,1.0,0.0,0.0,0.0,0.0,0.0,0.0,0.0,0.0,1.0,1.5,2.0,1.0,0.0,0.0,0.5,1.0,1.5,2.0,22.0,44.0,45.5,46.5,47.5,2
PMID 37104748 a_Summary_SoE.pdf,intervention,0,0.0,1.0,26.0,45.0,45.0,45.0,1.0,0.0,0.0,0.0,0.0,0.0,0.0,1.0,1.0,3.0,3.5,4.0,1.0,0.0,0.0,0.0,0.5,1.0,2.0,2.0,27.0,48.0,49.0,50.0,2
PMID 37116523 a_Summary_SoE.pdf,control,0,0.0,16.0,29.5,44.5,46.5,48.0,1.0,2.0,3.5,5.0,6.0,6.0,0.5,1.5,4.5,8.5,10.0,12.0,0.0,0.0,0.0,0.0,0.0,0.0,1.5,19.5,37.5,58.0,62.5,66.0,2
PMID 37116523 a_Summary_SoE.pdf,intervention,0,0.0,16.0,29.5,44.5,46.5,48.0,1.0,2.0,3.5,5.0,6.0,6.0,0.5,1.5,4.5,8.5,10.0,12.0,0.0,0.0,0.0,0.0,0.0,0.0,1.5,19.5,37.5,58.0,62.5,66.0,2
PMID 37133585 a_Summary_SoE.pdf,control,0,0.0,1.0,2.0,2.0,2.0,2.0,1.0,0.5,1.0,3.0,4.0,6.0,1.0,1.5,2.0,2.0,2.0,2.0,0.0,0.0,0.0,0.0,0.0,0.0,2.0,3.0,5.0,7.0,8.0,10.0,2
PMID 37133585 a_Summary_SoE.pdf,intervention,0,0.0,3.0,7.0,8.0,8.0,8.0,1.0,0.0,0.0,2.0,3.0,5.0,1.0,0.0,0.0,0.0,0.0,0.0,0.0,0.0,0.0,0.0,0.0,0.0,2.0,3.0,7.0,10.0,11.0,13.0,2
PMID 37141294 CT_Summary_SoE.pdf,control,0,0.0,2.0,5.0,9.0,13.0,18.0,1.0,0.0,0.0,0.0,0.0,0.0,0.0,0.0,0.0,0.0,0.0,0.0,0.0,0.0,0.0,0.0,0.0,0.0,1.0,2.0,5.0,9.0,13.0,18.0,2
PMID 37141294 CT_Summary_SoE.pdf,intervention,0,0.0,2.0,5.0,9.0,13.0,18.0,1.0,0.0,0.0,0.0,0.0,0.0,0.0,0.0,0.0,0.0,0.0,0.0,0.0,0.0,0.0,0.0,0.0,0.0,1.0,2.0,5.0,9.0,13.0,18.0,2
PMID 37257422 CT_Summary_SoE.pdf,control,0,0.0,22.0,32.0,38.0,45.0,52.0,1.0,0.0,0.0,0.0,0.0,0.0,0.0,0.0,1.0,1.0,1.0,1.0,1.0,0.0,0.0,0.0,0.0,0.0,2.0,22.0,33.0,39.0,46.0,53.0,1
PMID 37257422 CT_Summary_SoE.pdf,intervention,0,0.0,22.0,32.0,38.0,45.0,52.0,1.0,0.0,0.0,0.0,0.0,0.0,0.0,0.0,1.0,1.0,1.0,1.0,0.5,0.0,0.0,0.0,0.0,0.0,1.5,22.0,33.0,39.0,46.0,53.0,2
PMID 37257422 CT_Summary_SoE.pdf,intervention,1,0.0,22.0,32.0,38.0,45.0,52.0,1.0,0.0,0.0,0.0,0.0,0.0,0.0,0.0,1.0,1.0,1.0,1.0,0.5,0.0,0.0,0.0,0.0,0.0,1.5,22.0,33.0,39.0,46.0,53.0,2
PMID 37257422 CT_Summary_SoE.pdf,intervention,2,0.0,22.0,32.0,38.0,45.0,52.0,1.0,0.0,0.0,0.0,0.0,0.0,0.0,0.0,1.0,1.0,1.0,1.0,0.0,0.0,0.0,0.0,0.0,0.0,1.0,22.0,33.0,39.0,46.0,53.0,1
PMID 37272516 a_Summary_SoE.pdf,control,0,0.0,2.0,4.0,7.0,10.0,14.0,1.0,0.5,0.5,0.5,0.5,0.5,1.0,0.5,1.5,1.5,1.5,1.5,0.0,0.0,0.0,0.0,0.0,0.0,2.0,3.0,6.0,9.0,12.0,16.0,2
PMID 37272516 a_Summary_SoE.pdf,intervention,0,0.0,2.0,4.0,7.0,10.0,14.0,1.0,0.5,0.5,0.5,0.5,0.5,1.0,0.5,1.5,1.5,1.5,1.5,0.0,0.0,0.0,0.0,0.0,0.0,2.0,3.0,6.0,9.0,12.0,16.0,2
PMID 37276510 CT_Summary_SoE.pdf,control,0,0.0,11.0,33.0,65.0,95.0,130.5,1.0,0.0,0.0,0.0,0.0,0.0,0.0,1.5,4.0,7.0,7.0,7.0,0.0,0.5,1.0,1.0,1.0,1.0,1.0,13.0,38.0,73.0,103.0,138.5,2
PMID 37276510 CT_Summary_SoE.pdf,intervention,0,0.0,6.0,17.5,32.5,47.5,65.5,1.0,0.0,0.0,0.0,0.0,0.0,0.0,2.0,5.0,8.0,8.0,8.0,0.0,1.0,2.0,2.0,2.0,2.0,1.0,9.0,24.5,42.5,57.5,75.5,2
PMID 37284847 CT_Summary_SoE.pdf,control,0,0.0,4.0,4.0,4.0,4.0,4.0,0.0,0.0,0.0,0.0,0.0,0.0,1.0,0.0,0.0,0.0,0.0,0.0,0.0,0.0,0.0,0.0,0.0,0.0,1.0,4.0,4.0,4.0,4.0,4.0,2
PMID 37284847 CT_Summary_SoE.pdf,intervention,0,0.0,4.0,4.0,4.0,4.0,4.0,0.0,0.0,0.0,0.0,0.0,0.0,1.0,0.0,0.0,0.0,0.0,0.0,0.0,0.0,0.0,0.0,0.0,0.0,1.0,4.0,4.0,4.0,4.0,4.0,2
PMID 37285865 a_Summary_SoE.pdf,control,0,0.0,2.0,4.0,6.0,7.5,9.5,1.0,0.5,0.5,1.0,1.5,2.0,1.0,0.5,2.5,4.0,5.0,6.5,0.0,0.0,0.0,0.0,0.0,0.0,2.0,3.0,7.0,11.0,14.0,18.0,2
PMID 37285865 a_Summary_SoE.pdf,intervention,0,0.0,2.0,4.0,6.0,7.5,9.5,1.0,0.5,0.5,1.0,1.5,2.0,1.0,0.5,2.5,4.0,5.0,6.5,0.0,0.0,0.0,0.0,0.0,0.0,2.0,3.0,7.0,11.0,14.0,18.0,2
PMID 37290035 a_Summary_SoE.pdf,control,0,0.0,1.0,2.5,4.5,6.5,9.0,1.0,0.0,0.5,1.0,2.0,2.5,0.0,1.0,2.0,3.5,4.5,6.5,0.0,0.5,0.5,0.5,0.5,0.5,1.0,2.5,5.5,9.5,13.5,18.5,2
PMID 37290035 a_Summary_SoE.pdf,intervention,0,0.0,2.0,5.0,9.0,13.0,18.0,1.0,0.0,0.0,0.0,0.0,0.0,0.0,0.0,0.0,0.0,0.0,0.0,0.0,0.5,0.5,0.5,0.5,0.5,1.0,2.5,5.5,9.5,13.5,18.5,2
PMID 37290461 a_Summary_SoE.pdf,control,0,0.0,1.5,3.0,5.0,7.0,9.5,1.5,0.0,0.5,1.0,2.0,2.5,0.5,0.5,1.5,3.0,4.0,6.0,0.0,0.0,0.0,0.0,0.0,0.0,2.0,2.0,5.0,9.0,13.0,18.0,2
PMID 37290461 a_Summary_SoE.pdf,intervention,0,0.0,2.0,5.0,9.0,13.0,18.0,1.5,0.0,0.0,0.0,0.0,0.0,0.5,0.0,0.0,0.0,0.0,0.0,0.0,0.0,0.0,0.0,0.0,0.0,2.0,2.0,5.0,9.0,13.0,18.0,2
PMID 37315297 a_Summary_SoE.pdf,control,0,0.0,1.0,1.0,1.0,1.0,1.0,1.0,0.5,1.0,1.0,1.0,1.0,1.0,0.0,0.0,1.0,1.0,2.0,0.0,0.0,0.0,1.0,2.0,2.0,2.0,1.5,2.0,4.0,5.0,6.0,2
PMID 37315297 a_Summary_SoE.pdf,intervention,0,0.0,21.0,26.0,26.0,26.0,26.0,1.0,0.0,0.5,1.0,1.0,1.0,1.0,0.0,0.0,1.0,1.0,2.0,0.0,0.0,0.0,1.0,2.0,2.0,2.0,21.0,26.5,29.0,30.0,31.0,2
PMID 37342922 a_Summary_SoE.pdf,control,0,0.5,5.0,5.0,6.0,6.0,6.5,0.5,0.0,0.0,0.5,0.5,1.0,1.0,4.0,12.0,12.5,13.5,13.5,0.0,0.0,0.0,0.0,0.0,0.0,2.0,9.0,17.0,19.0,20.0,21.0,2
PMID 37342922 a_Summary_SoE.pdf,intervention,0,0.5,3.5,3.5,4.5,4.5,5.0,0.5,0.0,0.0,0.5,0.5,1.0,1.0,4.0,12.0,12.5,13.5,13.5,0.0,0.0,0.0,0.0,0.0,0.0,2.0,7.5,15.5,17.5,18.5,19.5,2
PMID 37379502 a_Summary_SoE.pdf,control,0,0.0,1.5,3.0,4.0,5.0,6.0,1.0,2.5,4.0,5.0,6.0,7.0,0.0,0.0,0.0,0.0,0.0,0.0,0.0,0.0,0.0,0.0,0.0,0.0,1.0,4.0,7.0,9.0,11.0,13.0,2
PMID 37379502 a_Summary_SoE.pdf,intervention,0,0.0,1.5,3.0,4.0,5.0,6.0,1.0,2.5,4.0,5.0,6.0,7.0,0.0,0.0,0.0,0.0,0.0,0.0,0.0,0.0,0.0,0.0,0.0,0.0,1.0,4.0,7.0,9.0,11.0,13.0,2
PMID 37379502 a_Summary_SoE.pdf,intervention,1,0.0,2.0,5.0,7.0,9.0,11.0,1.0,2.0,2.0,2.0,2.0,2.0,0.0,0.0,0.0,0.0,0.0,0.0,0.0,0.0,0.0,0.0,0.0,0.0,1.0,4.0,7.0,9.0,11.0,13.0,1
PMID 37423228 a_Summary_SoE.pdf,control,0,0.0,4.0,9.0,18.0,26.0,36.0,1.0,0.0,0.0,0.0,0.0,0.0,0.5,0.0,0.0,0.0,0.0,0.0,0.0,0.0,0.0,0.0,0.0,0.0,1.5,4.0,9.0,18.0,26.0,36.0,2
PMID 37423228 a_Summary_SoE.pdf,intervention,0,0.0,2.0,5.0,9.0,13.0,18.0,1.0,0.0,0.0,0.0,0.0,0.0,0.5,0.0,0.0,0.0,0.0,0.0,0.0,0.0,0.0,0.0,0.0,0.0,1.5,2.0,5.0,9.0,13.0,18.0,2
PMID 37478390 a_Summary_SoE.pdf,control,0,0.0,1.5,2.5,4.0,5.5,7.0,1.5,1.0,1.5,2.5,3.0,4.0,0.5,0.5,1.0,1.5,2.5,3.5,0.0,0.0,0.0,0.0,0.0,0.0,2.0,3.0,5.0,8.0,11.0,14.5,2
PMID 37478390 a_Summary_SoE.pdf,intervention,0,0.0,1.5,2.5,4.0,5.5,7.0,1.5,1.0,1.5,2.5,3.0,4.0,0.5,0.5,1.0,1.5,2.5,3.5,0.0,0.0,0.0,0.0,0.0,0.0,2.0,3.0,5.0,8.0,11.0,14.5,2
PMID 37478390 a_Summary_SoE.pdf,intervention,1,0.0,2.0,4.0,7.0,10.0,13.0,2.0,0.0,0.0,0.0,0.0,0.0,0.0,0.0,0.0,0.0,0.0,0.0,0.0,0.0,0.0,0.0,0.0,0.0,2.0,2.0,4.0,7.0,10.0,13.0,1
PMID 37499670 a_Summary_SoE.pdf,control,0,0.0,0.0,0.0,0.0,0.0,0.0,1.5,0.0,1.0,3.0,4.0,6.0,1.0,3.0,6.0,7.0,9.0,11.0,0.5,0.0,0.0,0.0,0.0,0.0,3.0,3.0,7.0,10.0,13.0,17.0,2
PMID 37499670 a_Summary_SoE.pdf,intervention,0,0.0,3.0,7.0,13.0,20.0,27.0,1.5,0.0,0.0,0.0,0.0,0.0,1.0,0.0,0.0,0.0,0.0,0.0,0.5,0.0,0.0,0.0,0.0,0.0,3.0,3.0,7.0,13.0,20.0,27.0,2
PMID 37524096 a_Summary_SoE.pdf,control,0,0.0,0.5,0.5,0.5,0.5,0.5,1.0,0.0,0.0,1.0,2.0,2.0,0.0,0.5,2.5,4.0,5.5,7.5,0.0,0.0,0.0,0.0,0.0,0.0,1.0,1.0,3.0,5.5,8.0,10.0,2
PMID 37524096 a_Summary_SoE.pdf,intervention,0,0.0,0.5,0.5,0.5,0.5,0.5,1.0,0.0,0.0,1.0,2.0,2.0,0.0,0.5,2.5,4.0,5.5,7.5,0.0,0.0,0.0,0.0,0.0,0.0,1.0,1.0,3.0,5.5,8.0,10.0,2
PMID 37604981 CT_Summary_SoE.pdf,control,0,0.0,7.0,13.0,19.5,21.0,22.5,1.0,0.5,1.5,2.5,2.5,2.5,0.5,3.0,6.0,10.0,11.5,13.5,0.0,0.0,0.0,0.0,0.0,0.0,1.5,10.5,20.5,32.0,35.0,38.5,2
PMID 37604981 CT_Summary_SoE.pdf,control,1,0.0,8.0,24.0,45.5,66.5,88.0,1.0,1.0,1.0,1.0,1.0,1.0,0.5,0.0,0.0,0.0,0.0,0.0,0.0,0.0,0.0,0.0,0.0,0.0,1.5,9.0,25.0,46.5,67.5,89.0,2
PMID 37604981 CT_Summary_SoE.pdf,intervention,0,0.0,7.0,13.0,19.5,21.0,22.5,1.0,0.5,1.5,2.5,2.5,2.5,0.5,3.0,6.0,10.0,11.5,13.5,0.0,0.0,0.0,0.0,0.0,0.0,1.5,10.5,20.5,32.0,35.0,38.5,2
PMID 37604981 CT_Summary_SoE.pdf,intervention,1,0.0,8.0,24.0,45.5,66.5,88.0,1.0,1.0,1.0,1.0,1.0,1.0,0.5,0.0,0.0,0.0,0.0,0.0,0.0,0.0,0.0,0.0,0.0,0.0,1.5,9.0,25.0,46.5,67.5,89.0,2
PMID 37646660 CT_Summary_SoE.pdf,control,0,0.0,5.0,11.0,17.0,20.0,24.0,1.0,0.0,0.0,0.0,0.0,0.0,0.0,1.0,2.0,2.0,2.0,2.0,0.0,0.0,0.0,0.0,0.0,0.0,1.0,6.0,13.0,19.0,22.0,26.0,2
PMID 37646660 CT_Summary_SoE.pdf,intervention,0,0.0,5.0,11.0,17.0,20.0,24.0,1.0,0.0,0.0,0.0,0.0,0.0,0.0,1.0,2.0,2.0,2.0,2.0,0.0,0.0,2.0,8.5,18.0,29.0,1.0,6.0,15.0,27.5,40.0,55.0,2
PMID 37647576 a_Summary_SoE.pdf,control,0,0.0,5.0,13.0,26.0,39.0,53.0,1.0,0.0,0.0,0.0,0.0,0.0,0.5,0.0,0.0,0.0,0.0,0.0,0.5,0.0,0.0,0.0,0.0,0.0,2.0,5.0,13.0,26.0,39.0,53.0,2
PMID 37647576 a_Summary_SoE.pdf,intervention,0,0.0,5.0,13.0,26.0,39.0,53.0,1.0,0.0,0.0,0.0,0.0,0.0,0.5,0.0,0.0,0.0,0.0,0.0,0.5,0.0,0.0,0.0,0.0,0.0,2.0,5.0,13.0,26.0,39.0,53.0,2
PMID 37704166 CT_Summary_SoE.pdf,control,0,0.0,2.0,5.0,9.0,13.0,18.0,0.5,0.0,0.0,0.0,0.0,0.0,1.0,1.0,1.0,1.0,1.0,1.0,0.5,0.0,0.0,0.0,0.0,0.0,2.0,3.0,6.0,10.0,14.0,19.0,2
PMID 37704166 CT_Summary_SoE.pdf,intervention,0,0.0,2.0,5.0,7.0,8.5,10.0,0.5,0.0,0.0,1.0,3.0,4.0,1.0,1.0,1.0,1.0,1.0,1.0,0.5,0.0,0.0,0.0,0.0,0.0,2.0,3.0,6.0,9.0,12.5,15.0,2
PMID 37708904 a_Summary_SoE.pdf,control,0,0.0,2.0,5.0,10.0,15.0,20.0,0.5,0.0,0.0,0.0,0.0,0.0,0.5,0.0,0.0,0.0,0.0,0.0,0.0,0.0,0.0,0.0,0.0,0.0,1.0,2.0,5.0,10.0,15.0,20.0,2
PMID 37708904 a_Summary_SoE.pdf,intervention,0,0.0,1.5,3.5,6.5,10.0,13.5,0.5,0.0,0.0,0.0,0.0,0.0,0.5,0.0,0.0,0.0,0.0,0.0,0.0,0.0,0.0,0.0,0.0,0.0,1.0,1.5,3.5,6.5,10.0,13.5,2
PMID 37722354 CT_Summary_SoE.pdf,control,0,0.0,4.0,8.0,12.5,13.0,14.0,1.0,0.0,0.0,0.5,0.5,1.0,1.0,0.0,0.0,0.0,0.5,1.0,0.0,0.0,0.0,0.0,0.0,0.0,2.0,4.0,8.0,13.0,14.0,16.0,2
PMID 37722354 CT_Summary_SoE.pdf,intervention,0,0.0,4.0,8.0,12.5,13.0,14.0,1.0,0.0,0.0,0.5,0.5,1.0,1.0,0.0,0.0,0.0,0.5,1.0,0.0,0.0,0.0,0.0,0.0,0.0,2.0,4.0,8.0,13.0,14.0,16.0,2
PMID 37748693 CT_Summary_SoE.pdf,control,0,0.0,4.0,9.0,12.0,12.0,12.0,1.0,0.0,0.0,1.0,2.0,3.0,0.0,0.0,0.0,0.5,0.5,0.5,0.0,0.0,0.0,0.5,0.5,0.5,1.0,4.0,9.0,14.0,15.0,16.0,2
PMID 37748693 CT_Summary_SoE.pdf,intervention,0,0.0,3.0,7.0,13.0,20.0,27.0,1.0,0.0,0.0,0.0,0.0,0.0,0.0,0.0,0.0,0.0,0.0,0.0,0.0,0.0,0.0,0.0,0.0,0.0,1.0,3.0,7.0,13.0,20.0,27.0,2
PMID 37748693 CT_Summary_SoE.pdf,intervention,1,0.0,5.0,13.0,19.0,26.0,33.0,1.0,0.0,0.0,0.0,0.0,0.0,0.0,0.0,0.0,0.0,0.0,0.0,0.0,0.0,0.0,0.0,0.0,0.0,1.0,5.0,13.0,19.0,26.0,33.0,2
PMID 37788412 a_Summary_SoE.pdf,control,0,0.0,2.0,5.0,9.0,13.0,18.0,1.0,0.0,0.0,0.0,0.0,0.0,0.0,2.0,2.0,2.0,2.0,2.0,0.0,0.0,0.0,0.0,0.0,0.0,1.0,4.0,7.0,11.0,15.0,20.0,2
PMID 37788412 a_Summary_SoE.pdf,intervention,0,0.0,2.0,5.0,9.0,13.0,18.0,1.0,0.0,0.0,0.0,0.0,0.0,0.0,2.0,2.0,2.0,2.0,2.0,0.0,0.0,0.0,0.0,0.0,0.0,1.0,4.0,7.0,11.0,15.0,20.0,2
PMID 37792130 CT_Summary_SoE.pdf,control,0,0.0,2.0,5.0,9.0,13.0,14.0,1.0,0.0,0.0,0.0,0.0,0.0,1.0,1.0,1.0,2.0,2.0,3.0,0.0,0.0,0.0,0.0,0.0,0.0,2.0,3.0,6.0,11.0,15.0,17.0,2
PMID 37792130 CT_Summary_SoE.pdf,intervention,0,0.0,2.0,5.0,9.0,13.0,14.0,1.0,0.0,0.0,0.0,0.0,0.0,1.0,1.0,1.0,2.0,2.0,3.0,0.0,0.0,0.0,0.0,0.0,0.0,2.0,3.0,6.0,11.0,15.0,17.0,2
PMID 37793771 CT_Summary_SoE.pdf,control,0,0.0,1.0,2.0,3.5,5.0,7.0,1.5,0.0,0.0,0.0,0.0,0.0,0.5,4.0,8.5,11.5,14.5,18.5,0.0,0.0,0.0,0.0,0.0,0.0,2.0,5.0,10.5,15.0,19.5,25.5,2
PMID 37793771 CT_Summary_SoE.pdf,intervention,0,0.0,2.0,5.0,9.0,13.0,18.0,1.5,0.0,0.0,0.0,0.0,0.0,0.5,0.5,1.0,1.0,1.0,1.0,0.0,0.0,0.0,0.0,0.0,0.0,2.0,2.5,6.0,10.0,14.0,19.0,2
PMID 37845511 a_Summary_SoE.pdf,control,0,0.0,2.0,4.0,7.0,10.0,13.5,1.0,0.0,0.0,0.0,0.0,0.0,0.5,0.0,0.0,0.0,0.0,0.0,0.0,0.0,0.0,0.0,0.0,0.0,1.5,2.0,4.0,7.0,10.0,13.5,2
PMID 37845511 a_Summary_SoE.pdf,intervention,0,0.0,2.0,4.0,7.0,10.0,13.5,1.0,0.0,0.0,0.0,0.0,0.0,0.5,0.0,0.0,0.0,0.0,0.0,0.0,0.0,0.0,0.0,0.0,0.0,1.5,2.0,4.0,7.0,10.0,13.5,2
PMID 37870976 a_Summary_SoE.pdf,control,0,0.0,2.0,5.0,9.0,13.0,18.0,1.0,0.0,0.0,0.0,0.0,0.0,1.0,2.0,2.0,2.0,2.0,2.0,0.0,0.0,0.0,0.0,0.0,0.0,2.0,4.0,7.0,11.0,15.0,20.0,2
PMID 37870976 a_Summary_SoE.pdf,intervention,0,0.0,4.0,7.0,11.0,15.0,20.0,1.0,0.0,0.0,0.0,0.0,0.0,1.0,1.0,1.0,1.0,1.0,1.0,0.0,0.0,0.0,0.0,0.0,0.0,2.0,5.0,8.0,12.0,16.0,21.0,2
PMID 37875143 a_Summary_SoE.pdf,control,0,0.0,3.0,7.5,13.5,19.5,27.0,1.0,0.0,0.0,0.0,0.0,0.0,1.0,0.0,0.0,0.0,0.0,0.0,0.0,0.0,0.0,0.0,0.0,0.0,2.0,3.0,7.5,13.5,19.5,27.0,2
PMID 37875143 a_Summary_SoE.pdf,intervention,0,0.0,3.0,7.5,13.5,19.5,27.0,1.0,0.0,0.0,0.0,0.0,0.0,1.0,0.0,0.0,0.0,0.0,0.0,0.0,0.0,0.0,0.0,0.0,0.0,2.0,3.0,7.5,13.5,19.5,27.0,2
PMID 37935977 a_Summary_SoE.pdf,control,0,0.0,7.0,13.0,19.0,19.0,19.0,1.0,0.5,1.0,1.0,1.0,1.0,0.0,2.5,8.5,15.0,15.5,16.0,0.0,0.0,0.0,0.0,0.5,1.0,1.0,10.0,22.5,35.0,36.0,37.0,2
PMID 37935977 a_Summary_SoE.pdf,intervention,0,0.0,4.0,10.0,16.0,16.0,16.0,1.0,0.5,1.0,1.0,1.0,1.0,0.0,3.5,9.5,16.0,16.5,17.0,0.0,0.0,0.0,0.0,0.5,1.0,1.0,8.0,20.5,33.0,34.0,35.0,2
PMID 37935977 a_Summary_SoE.pdf,intervention,1,0.0,7.0,19.0,31.0,31.0,31.0,1.0,0.5,1.0,1.0,1.0,1.0,0.0,2.0,8.0,14.5,15.0,15.5,0.0,0.0,0.0,0.0,0.5,1.0,1.0,9.5,28.0,46.5,47.5,48.5,2
PMID 37980924 a_Summary_SoE.pdf,control,0,0.0,0.0,0.0,0.0,0.0,0.0,0.0,1.0,1.0,1.0,1.0,1.0,1.0,4.0,4.0,4.0,4.0,4.0,0.0,0.5,1.0,1.0,1.0,1.0,1.0,5.5,6.0,6.0,6.0,6.0,2
PMID 37980924 a_Summary_SoE.pdf,intervention,0,0.0,0.5,0.5,0.5,0.5,0.5,0.0,1.0,1.0,1.0,1.0,1.0,1.0,4.0,4.0,4.0,4.0,4.0,0.0,0.0,0.5,0.5,0.5,0.5,1.0,5.5,6.0,6.0,6.0,6.0,2
PMID 38039991 CT_Summary_SoE.pdf,control,0,0.0,13.5,21.5,24.5,27.5,31.5,1.5,0.0,0.0,0.0,0.0,0.0,0.0,0.0,0.0,0.0,0.0,0.0,0.0,0.5,2.5,2.5,2.5,2.5,1.5,14.0,24.0,27.0,30.0,34.0,2
PMID 38039991 CT_Summary_SoE.pdf,intervention,0,0.0,13.5,21.5,24.5,27.5,31.5,1.5,0.0,0.0,0.0,0.0,0.0,0.0,0.0,0.0,0.0,0.0,0.0,0.0,0.5,2.5,2.5,2.5,2.5,1.5,14.0,24.0,27.0,30.0,34.0,2
PMID 38039993 a_Summary_SoE.pdf,control,0,0.0,2.0,5.0,9.0,13.0,18.0,1.0,0.5,0.5,0.5,0.5,0.5,1.0,2.0,3.0,3.0,3.0,3.0,0.0,0.5,0.5,0.5,0.5,0.5,2.0,5.0,9.0,13.0,17.0,22.0,2
PMID 38039993 a_Summary_SoE.pdf,intervention,0,0.0,2.0,5.0,9.0,13.0,18.0,1.0,0.5,0.5,0.5,0.5,0.5,1.0,2.0,3.0,3.0,3.0,3.0,0.0,0.5,0.5,0.5,0.5,0.5,2.0,5.0,9.0,13.0,17.0,22.0,2
PMID 38059497 CT_Summary_SoE.pdf,control,0,0.0,3.0,7.0,13.0,20.0,27.0,1.0,0.0,0.0,0.0,0.0,0.0,0.0,0.0,0.0,0.0,0.0,0.0,0.0,0.0,0.0,0.0,0.0,0.0,1.0,3.0,7.0,13.0,20.0,27.0,2
PMID 38059497 CT_Summary_SoE.pdf,intervention,0,0.0,3.0,7.0,13.0,20.0,27.0,1.0,0.0,0.0,0.0,0.0,0.0,0.0,0.0,0.0,0.0,0.0,0.0,0.0,0.0,0.0,0.0,0.0,0.0,1.0,3.0,7.0,13.0,20.0,27.0,2
PMID 38060199 CT_Summary_SoE.pdf,control,0,0.0,4.0,10.0,20.0,30.0,40.0,1.0,0.0,0.0,0.5,1.0,1.5,0.5,0.0,0.0,0.0,0.0,0.0,0.0,0.0,0.0,0.0,0.0,0.0,1.5,4.0,10.0,20.5,31.0,41.5,2
PMID 38060199 CT_Summary_SoE.pdf,intervention,0,0.0,4.0,10.0,20.0,30.0,40.0,1.0,0.0,0.0,0.5,1.0,1.5,0.5,0.0,0.0,0.0,0.0,0.0,0.0,0.0,0.0,0.0,0.0,0.0,1.5,4.0,10.0,20.5,31.0,41.5,2
PMID 38060199 CT_Summary_SoE.pdf,intervention,1,0.0,4.0,10.0,20.0,30.0,40.0,1.0,0.0,0.0,1.0,2.0,3.0,0.0,0.0,0.0,0.0,0.0,0.0,0.0,0.0,0.0,0.0,0.0,0.0,1.0,4.0,10.0,21.0,32.0,43.0,1
PMID 38103088 CT_Summary_SoE.pdf,control,0,0.0,4.0,8.0,8.0,8.0,8.0,1.0,0.0,1.0,1.0,1.0,1.0,0.0,20.0,44.0,44.0,44.0,44.0,0.0,0.0,0.0,0.0,0.0,0.0,1.0,24.0,53.0,53.0,53.0,53.0,2
PMID 38103088 CT_Summary_SoE.pdf,intervention,0,0.0,4.0,8.0,8.0,8.0,8.0,1.0,0.0,1.0,1.0,1.0,1.0,0.0,20.0,23.0,44.0,44.0,44.0,0.0,0.0,0.0,0.0,0.0,0.0,1.0,24.0,53.0,53.0,53.0,53.0,2
PMID 38159809 CT_Summary_SoE.pdf,control,0,0.0,2.0,5.0,9.0,13.0,18.0,1.0,0.5,0.5,0.5,0.5,0.5,1.0,0.5,0.5,0.5,0.5,0.5,0.0,0.5,1.0,1.0,1.0,1.0,2.0,3.5,7.0,11.0,15.0,20.0,2
PMID 38159809 CT_Summary_SoE.pdf,intervention,0,0.0,2.0,5.0,9.0,13.0,18.0,1.0,0.5,0.5,0.5,0.5,0.5,1.0,0.5,0.5,0.5,0.5,0.5,0.0,0.5,1.0,1.0,1.0,1.0,2.0,3.5,7.0,11.0,15.0,20.0,2
PMID 38231126 a_Summary_SoE.pdf,control,0,0.0,11.0,33.0,60.5,82.0,99.0,0.5,0.0,0.0,0.0,0.0,0.0,0.5,2.5,6.5,9.5,9.5,9.5,0.0,1.0,3.0,3.0,3.0,3.0,1.0,14.5,42.5,73.0,94.5,111.5,2
PMID 38231126 a_Summary_SoE.pdf,intervention,0,0.0,11.0,27.5,40.5,52.0,61.5,0.5,0.0,0.0,0.0,0.0,0.0,0.5,2.5,7.5,10.5,10.5,10.5,0.0,1.0,5.0,12.5,12.5,12.5,1.0,14.5,40.0,63.5,75.0,84.5,2
PMID 38252907 a_Summary_SoE.pdf,control,0,0.0,2.0,5.0,9.0,13.0,18.0,1.0,0.0,0.0,0.0,0.0,0.0,1.0,0.0,0.0,0.0,0.0,0.0,0.0,0.0,0.0,0.0,0.0,0.0,2.0,2.0,5.0,9.0,13.0,18.0,2
PMID 38252907 a_Summary_SoE.pdf,intervention,0,0.0,2.0,5.0,9.0,13.0,18.0,1.0,0.0,0.0,0.0,0.0,0.0,1.0,0.0,0.0,0.0,0.0,0.0,0.0,0.0,0.0,0.0,0.0,0.0,2.0,2.0,5.0,9.0,13.0,18.0,2
PMID 38252907 a_Summary_SoE.pdf,intervention,1,0.0,3.0,7.0,13.0,20.0,27.0,1.0,0.0,0.0,0.0,0.0,0.0,1.0,0.0,0.0,0.0,0.0,0.0,0.0,0.0,0.0,0.0,0.0,0.0,2.0,3.0,7.0,13.0,20.0,27.0,2
PMID 38319255 a_Summary_SoE.pdf,control,0,0.0,5.0,8.0,11.5,11.5,11.5,1.0,0.0,0.0,0.5,1.0,1.5,0.0,0.0,1.0,2.5,3.0,3.0,0.0,0.0,0.0,0.0,0.0,0.0,1.0,5.0,9.0,14.5,15.5,16.0,2
PMID 38319255 a_Summary_SoE.pdf,intervention,0,0.0,1.5,3.0,6.0,7.5,9.5,1.0,0.0,0.5,1.0,1.5,2.0,0.0,0.5,1.5,4.0,5.0,6.5,0.0,0.0,0.0,0.0,0.0,0.0,1.0,2.0,5.0,11.0,14.0,18.0,2
PMID 38319800 a_Summary_SoE.pdf,control,0,0.0,2.0,4.0,7.0,10.0,14.0,1.0,0.0,0.0,0.0,0.0,0.0,0.0,1.0,3.0,3.0,3.0,3.0,0.0,0.0,0.0,0.0,0.0,0.0,1.0,3.0,7.0,10.0,13.0,17.0,2
PMID 38319800 a_Summary_SoE.pdf,intervention,0,0.0,2.0,4.0,7.0,10.0,14.0,1.0,0.0,0.0,0.0,0.0,0.0,0.0,1.0,3.0,3.0,3.0,3.0,0.0,0.0,0.0,0.0,0.0,0.0,1.0,3.0,7.0,10.0,13.0,17.0,2
PMID 38319892 a_Summary_SoE.pdf,control,0,0.0,0.0,0.0,0.0,0.0,0.0,1.5,1.5,2.5,4.5,5.5,7.5,0.5,1.5,2.5,3.5,5.5,8.0,0.0,0.0,0.0,0.0,0.0,0.0,2.0,3.0,5.0,8.0,11.0,15.5,2
PMID 38319892 a_Summary_SoE.pdf,intervention,0,0.0,2.0,4.0,7.0,10.0,14.0,1.5,1.0,1.0,1.0,1.0,1.0,0.5,0.0,0.0,0.0,0.0,0.5,0.0,0.0,0.0,0.0,0.0,0.0,2.0,3.0,5.0,8.0,11.0,15.5,2
PMID 38319892 a_Summary_SoE.pdf,intervention,1,0.0,2.0,4.0,7.0,10.0,14.0,1.5,1.0,1.0,1.0,1.0,1.0,0.5,0.0,0.0,0.0,0.0,0.5,0.0,0.0,0.0,0.0,0.0,0.0,2.0,3.0,5.0,8.0,11.0,15.5,2
PMID 38319892 a_Summary_SoE.pdf,intervention,2,0.0,2.0,4.0,7.0,10.0,14.0,1.5,1.0,1.0,1.0,1.0,1.0,0.5,0.0,0.0,0.0,0.0,0.5,0.0,0.0,0.0,0.0,0.0,0.0,2.0,3.0,5.0,8.0,11.0,15.5,2
PMID 38319896 a_Summary_SoE.pdf,control,0,0.0,4.0,9.0,17.0,20.0,24.0,1.0,0.0,0.0,0.0,0.0,0.0,0.0,0.0,0.0,0.0,0.0,0.0,0.0,0.0,0.0,0.0,0.0,0.0,1.0,4.0,9.0,17.0,20.0,24.0,2
PMID 38319896 a_Summary_SoE.pdf,intervention,0,0.0,4.0,9.0,17.0,20.0,24.0,1.0,0.0,0.0,0.0,0.0,0.0,0.0,0.0,0.0,0.0,0.0,0.0,0.0,0.0,0.0,0.0,0.0,0.0,1.0,4.0,9.0,17.0,20.0,24.0,2
PMID 38320161 a_Summary_SoE.pdf,control,0,0.0,1.0,1.0,1.0,1.0,1.0,0.5,0.0,0.0,0.0,0.0,0.0,0.5,1.0,1.0,1.0,1.0,1.0,0.0,0.0,0.0,0.0,0.0,0.0,1.0,2.0,2.0,2.0,2.0,2.0,2
PMID 38320161 a_Summary_SoE.pdf,intervention,0,0.0,1.0,1.0,1.0,1.0,1.0,0.5,0.0,0.0,0.0,0.0,0.0,0.5,1.0,1.0,1.0,1.0,1.0,0.0,0.0,0.0,0.0,0.0,0.0,1.0,2.0,2.0,2.0,2.0,2.0,2
PMID 38483412 a_Summary_SoE.pdf,control,0,0.0,21.0,37.0,37.0,37.0,37.0,1.0,0.0,0.0,0.0,0.0,0.0,1.5,0.0,0.0,1.0,1.0,2.0,0.0,0.0,0.0,0.0,0.0,0.0,2.5,21.0,37.0,38.0,38.0,39.0,2
PMID 38483412 a_Summary_SoE.pdf,intervention,0,0.0,21.0,25.0,25.0,25.0,25.0,1.0,0.0,0.0,0.0,0.0,0.0,1.5,0.0,0.0,1.0,1.0,2.0,0.0,0.0,0.0,0.0,0.0,0.0,2.5,21.0,25.0,26.0,26.0,27.0,2
PMID 38499457 CT_Summary_SoE.pdf,control,0,0.5,9.0,27.5,50.5,72.0,95.0,0.0,1.0,2.0,3.0,3.5,4.5,1.0,0.0,0.5,1.0,2.0,3.0,0.5,0.0,0.0,0.0,0.0,0.0,2.0,10.0,30.0,54.5,77.5,102.5,2
PMID 38499457 CT_Summary_SoE.pdf,intervention,0,0.5,9.0,27.5,50.5,72.0,95.0,0.0,1.0,2.0,3.0,3.5,4.5,1.0,0.0,0.5,1.0,2.0,3.0,0.5,0.0,0.0,0.0,0.0,0.0,2.0,10.0,30.0,54.5,77.5,102.5,2
PMID 38531002 a_Summary_SoE.pdf,control,0,0.0,0.0,0.0,0.0,0.0,0.0,1.0,1.0,2.0,3.0,4.0,6.0,1.0,2.0,4.0,6.0,8.0,10.0,0.0,1.0,1.0,1.0,1.0,1.0,2.0,4.0,7.0,10.0,13.0,17.0,2
PMID 38531002 a_Summary_SoE.pdf,intervention,0,0.0,0.0,0.0,0.0,0.0,0.0,1.0,1.0,2.0,3.0,4.0,6.0,1.0,2.0,4.0,6.0,8.0,10.0,0.0,1.0,1.0,1.0,1.0,1.0,2.0,4.0,7.0,10.0,13.0,17.0,2
PMID 38552197 a_Summary_SoE.pdf,control,0,0.0,2.0,5.0,9.0,13.0,18.0,1.0,0.0,0.0,0.0,0.0,0.0,0.0,0.0,0.0,0.0,0.0,0.0,0.0,0.0,0.0,0.0,0.0,0.0,1.0,2.0,5.0,9.0,13.0,18.0,2
PMID 38552197 a_Summary_SoE.pdf,intervention,0,0.0,2.0,5.0,9.0,13.0,18.0,1.0,0.0,0.0,0.0,0.0,0.0,0.0,0.0,0.0,0.0,0.0,0.0,0.0,0.0,0.0,0.0,0.0,0.0,1.0,2.0,5.0,9.0,13.0,18.0,2
PMID 38561010 a_Summary_SoE.pdf,control,0,0.0,18.0,37.5,42.0,46.5,50.0,1.0,0.0,0.0,0.5,1.0,1.5,0.5,0.0,0.0,0.0,0.0,0.0,0.5,0.0,0.0,0.0,0.0,0.0,2.0,18.0,37.5,42.5,47.5,51.5,2
PMID 38561010 a_Summary_SoE.pdf,intervention,0,0.0,18.0,37.5,42.0,46.5,50.0,1.0,0.0,0.0,0.5,1.0,1.5,0.5,0.0,0.0,0.0,0.0,0.0,0.5,0.0,0.0,0.0,0.0,0.0,2.0,18.0,37.5,42.5,47.5,51.5,2
PMID 38648575 a_Summary_SoE.pdf,control,0,0.0,10.0,25.0,45.0,65.0,90.0,1.0,0.0,0.0,0.0,0.0,0.0,0.0,3.0,6.0,10.0,15.0,20.0,0.5,0.0,0.0,0.0,0.0,0.5,1.5,13.0,31.0,55.0,80.0,110.5,2
PMID 38648575 a_Summary_SoE.pdf,intervention,0,0.0,3.0,7.0,13.0,20.0,27.0,1.0,0.0,0.0,0.0,0.0,0.0,0.0,2.0,4.0,6.0,8.0,11.0,0.5,0.0,0.0,0.0,0.0,0.5,1.5,5.0,11.0,19.0,28.0,38.5,2
PMID 38683596 a_Summary_SoE.pdf,control,0,0.0,0.0,0.0,0.0,0.0,0.0,0.0,0.0,0.0,0.0,0.0,0.0,1.0,0.0,0.0,0.0,0.0,0.0,0.0,0.0,0.0,1.0,1.0,2.0,1.0,0.0,0.0,1.0,1.0,2.0,2
PMID 38683596 a_Summary_SoE.pdf,intervention,0,0.0,0.0,0.0,0.0,0.0,0.0,0.0,0.0,0.0,0.0,0.0,0.0,1.0,0.0,0.0,0.0,0.0,0.0,0.0,0.0,0.0,1.0,1.0,2.0,1.0,0.0,0.0,1.0,1.0,2.0,2
PMID 38833643 a_Summary_SoE.pdf,control,0,0.0,1.0,3.0,4.0,5.0,6.0,0.0,0.0,0.0,0.0,0.0,0.0,1.0,0.0,0.0,0.0,0.0,0.0,0.0,0.0,0.0,0.0,0.0,0.0,1.0,1.0,3.0,4.0,5.0,6.0,2
PMID 38833643 a_Summary_SoE.pdf,intervention,0,0.0,1.0,3.0,4.0,5.0,6.0,0.0,0.0,0.0,0.0,0.0,0.0,1.0,0.0,0.0,0.0,0.0,0.0,0.0,0.0,0.0,0.0,0.0,0.0,1.0,1.0,3.0,4.0,5.0,6.0,2
PMID 38833658 a_Summary_SoE.pdf,control,0,0.0,2.5,5.5,10.0,15.0,20.5,1.0,0.0,0.0,0.0,0.0,0.0,0.5,0.5,1.5,3.0,5.0,6.5,0.0,1.5,2.0,2.0,2.0,2.0,1.5,4.5,9.0,15.0,22.0,29.0,2
PMID 38833658 a_Summary_SoE.pdf,intervention,0,0.0,2.0,5.0,9.0,13.5,18.0,1.0,0.0,0.5,1.0,1.5,2.0,0.5,0.5,1.0,2.0,3.5,4.5,0.0,0.5,0.5,1.0,1.5,2.5,1.5,3.0,7.0,13.0,20.0,27.0,2
PMID 38838287a_Summary_SoE.pdf,control,0,0.0,1.0,2.0,3.5,4.5,6.5,1.5,0.0,1.0,2.0,4.0,5.0,1.0,2.0,3.0,4.5,5.5,7.5,0.0,0.0,0.0,0.0,0.0,0.0,2.5,3.0,6.0,10.0,14.0,19.0,2
PMID 38838287a_Summary_SoE.pdf,intervention,0,0.0,2.0,4.5,8.0,11.0,15.5,1.5,0.0,0.5,1.0,2.0,2.5,1.0,3.0,3.0,3.0,3.0,3.0,0.0,0.0,0.0,0.0,0.0,0.0,2.5,5.0,8.0,12.0,16.0,21.0,2
PMID 38849283 CT_Summary_SoE.pdf,control,0,0.0,0.5,2.0,3.5,5.0,6.5,1.0,0.0,0.0,0.0,0.0,0.0,1.0,2.0,4.5,6.5,8.0,10.0,0.0,0.0,0.5,1.0,1.0,1.0,2.0,2.5,7.0,11.0,14.0,17.5,2
PMID 38849283 CT_Summary_SoE.pdf,intervention,0,0.0,2.5,7.0,11.0,14.0,17.5,1.0,0.0,0.0,0.0,0.0,0.0,1.0,0.0,0.0,0.0,0.0,0.0,0.0,0.0,0.0,0.0,0.0,0.0,2.0,2.5,7.0,11.0,14.0,17.5,2
PMID 38849283 CT_Summary_SoE.pdf,intervention,1,0.0,4.5,11.0,15.0,18.0,21.5,1.0,0.0,0.0,0.0,0.0,0.0,1.0,0.0,0.0,0.0,0.0,0.0,0.0,0.0,0.0,0.0,0.0,0.0,2.0,4.5,11.0,15.0,18.0,21.5,2
PMID 38872480 a_Summary_SoE.pdf,control,0,0.0,0.0,0.0,0.0,0.0,0.0,0.0,0.0,0.0,0.0,0.0,0.0,0.0,0.0,0.0,0.0,0.0,0.0,0.0,0.0,0.0,0.0,0.0,0.0,0.0,0.0,0.0,0.0,0.0,0.0,2
PMID 38872480 a_Summary_SoE.pdf,intervention,0,0.0,0.0,0.0,0.0,0.0,0.0,0.0,0.0,0.0,0.0,0.0,0.0,0.0,0.0,0.0,0.0,0.0,0.0,0.0,0.0,0.0,0.0,0.0,0.0,0.0,0.0,0.0,0.0,0.0,0.0,2
PMID 38889373 a_Summary_SoE.pdf,control,0,0.0,2.0,4.0,7.0,10.0,14.0,1.5,0.0,0.0,0.0,0.0,0.0,0.5,1.0,2.0,2.0,2.0,2.0,0.0,0.0,0.0,0.0,0.0,0.0,2.0,3.0,6.0,9.0,12.0,16.0,2
PMID 38889373 a_Summary_SoE.pdf,intervention,0,0.0,2.0,4.0,7.0,10.0,14.0,1.5,0.0,0.0,0.0,0.0,0.0,0.5,1.0,2.0,2.0,2.0,2.0,0.0,0.0,0.0,0.0,0.0,0.0,2.0,3.0,6.0,9.0,12.0,16.0,2
PMID 38942046 a_Summary_SoE.pdf,control,0,0.0,1.0,1.0,1.0,1.0,1.0,0.5,0.0,1.0,2.0,3.0,4.0,0.5,0.0,0.0,0.0,0.0,0.0,0.0,0.0,0.0,0.0,0.0,0.0,1.0,1.0,2.0,3.0,4.0,5.0,2
PMID 38942046 a_Summary_SoE.pdf,intervention,0,1.0,2.0,4.0,7.0,10.5,11.0,0.5,0.0,0.0,0.0,0.0,0.0,0.5,0.0,0.0,0.0,0.0,0.5,0.0,0.0,0.0,0.0,0.0,0.5,2.0,2.0,4.0,7.0,10.5,12.0,2
PMId 32955177 a_Summary_SoE.pdf,control,0,0.0,0.0,0.0,0.0,0.0,0.0,1.0,2.5,3.5,4.5,5.5,6.5,0.5,0.5,0.5,0.5,0.5,0.5,0.5,0.0,0.0,0.0,0.0,0.0,2.0,3.0,4.0,5.0,6.0,7.0,2
PMId 32955177 a_Summary_SoE.pdf,intervention,0,0.0,0.0,0.0,0.0,0.0,0.0,1.0,2.5,3.5,4.5,5.5,6.5,0.5,0.5,0.5,0.5,0.5,0.5,0.5,0.0,0.0,0.0,0.0,0.0,2.0,3.0,4.0,5.0,6.0,7.0,2
PMId 32966830 a_Summary_SoE.pdf,control,0,0.0,4.5,12.5,16.5,16.5,16.5,1.5,0.0,0.0,1.5,2.0,2.5,0.5,0.0,0.0,0.5,2.5,5.0,0.0,0.0,0.0,0.5,2.5,4.0,2.0,4.5,12.5,19.0,23.5,28.0,2
PMId 32966830 a_Summary_SoE.pdf,intervention,0,0.0,4.5,12.5,17.5,22.0,26.5,1.5,0.0,0.0,1.0,1.0,1.0,0.5,0.0,0.0,0.0,0.0,0.0,0.0,0.0,0.0,0.5,0.5,0.5,2.0,4.5,12.5,19.0,23.5,28.0,2
PMId 36395435 a_Summary_SoE.pdf,control,0,0.0,1.0,2.0,3.5,4.0,4.5,2.0,1.0,2.0,2.5,3.0,3.5,0.0,0.0,0.0,1.0,2.0,3.5,0.0,0.0,0.0,0.0,0.0,0.0,2.0,2.0,4.0,7.0,9.0,11.5,2
PMId 36395435 a_Summary_SoE.pdf,intervention,0,0.0,1.0,2.0,3.5,4.0,4.5,2.0,1.0,2.0,2.5,3.0,3.5,0.0,0.0,0.0,1.0,2.0,3.5,0.0,0.0,0.0,0.0,0.0,0.0,2.0,2.0,4.0,7.0,9.0,11.5,2
PMId 37331369 a_Summary_SoE.pdf,control,0,0.0,2.0,4.0,7.0,10.0,14.0,0.5,1.0,3.0,3.0,3.0,3.0,0.5,0.0,0.0,0.0,0.0,0.0,0.5,0.0,0.0,0.0,0.0,0.0,1.5,3.0,7.0,10.0,13.0,17.0,2
PMId 37331369 a_Summary_SoE.pdf,intervention,0,0.0,2.0,4.0,7.0,10.0,14.0,0.5,1.0,3.0,3.0,3.0,3.0,0.5,0.0,0.0,0.0,0.0,0.0,0.5,0.0,0.0,0.0,0.0,0.0,1.5,3.0,7.0,10.0,13.0,17.0,2
