filename,intervention_type,pos_idx,core_treatment_screening,core_treatment_1_month,core_treatment_3_months,core_treatment_6_months,core_treatment_9_months,core_treatment_12_months,imaging_diagnostics_screening,imaging_diagnostics_1_month,imaging_diagnostics_3_months,imaging_diagnostics_6_months,imaging_diagnostics_9_months,imaging_diagnostics_12_months,labs_screening,labs_1_month,labs_3_months,labs_6_months,labs_9_months,labs_12_months,clinic_visits_screening,clinic_visits_1_month,clinic_visits_3_months,clinic_visits_6_months,clinic_visits_9_months,clinic_visits_12_months,total_screening,total_1_month,total_3_months,total_6_months,total_9_months,total_12_months,n_runs,sponsor_binary,disease_site,treatment_modality,start_year,pct_core_treatment,pct_imaging_diagnostics,pct_labs,pct_clinic_visits,pct_research
30738780 CT_Summary_SoE.pdf,control,0,0.0,2.0,4.0,6.0,6.0,6.0,1.5,0.0,0.0,1.0,2.0,3.0,0.5,1.0,3.0,3.0,5.0,7.5,0.0,0.0,0.0,0.0,0.0,0.0,2.0,3.0,7.0,10.0,13.0,16.5,2,Industry,GU,Endocrine,2014,36.36363636363637,18.181818181818183,45.45454545454545,0.0,63.63636363636364
30738780 CT_Summary_SoE.pdf,intervention,0,0.0,2.0,4.0,6.0,6.0,6.0,1.5,0.0,0.0,1.0,2.0,3.0,0.5,1.0,3.0,3.0,5.0,7.5,0.0,0.0,0.0,0.0,0.0,0.0,2.0,3.0,7.0,10.0,13.0,16.5,2,Industry,GU,Endocrine,2014,36.36363636363637,18.181818181818183,45.45454545454545,0.0,63.63636363636364
PIMD 27718847 a_Summary_SoE.pdf,control,0,0.0,4.0,9.0,12.0,12.0,12.0,1.0,0.5,0.5,1.0,3.0,4.0,0.5,0.5,0.5,1.5,2.0,2.5,0.0,0.0,0.0,0.5,2.5,5.5,1.5,5.0,10.0,15.0,19.5,24.0,2,Industry,Thor,Immunotherapy,2014,50.0,16.666666666666664,10.416666666666668,22.916666666666664,27.083333333333332
PIMD 27718847 a_Summary_SoE.pdf,intervention,0,0.0,2.0,5.0,9.0,13.0,18.0,1.0,0.5,0.5,0.5,0.5,0.5,0.5,0.5,0.5,0.5,0.5,0.5,0.0,0.0,0.0,0.0,0.0,0.0,1.5,3.0,6.0,10.0,14.0,19.0,2,Industry,Thor,Immunotherapy,2014,94.73684210526315,2.631578947368421,2.631578947368421,0.0,5.263157894736842
PMID 19213681 a_Summary_SoE.pdf,control,0,0.0,0.0,0.0,0.0,0.0,0.0,1.0,0.0,0.0,1.0,1.0,2.0,0.0,0.0,0.0,0.0,0.0,0.0,0.0,0.5,0.5,0.5,0.5,0.5,1.0,0.5,0.5,1.5,1.5,2.5,2,Industry,Breast,Endocrine,1999,0.0,80.0,0.0,20.0,80.0
PMID 19213681 a_Summary_SoE.pdf,control,1,0.0,0.0,0.0,0.0,0.0,0.0,1.0,0.0,0.0,1.0,1.0,2.0,0.0,0.0,0.0,0.0,0.0,0.0,0.0,1.0,1.0,1.0,1.0,1.0,1.0,1.0,1.0,2.0,2.0,3.0,1,Industry,Breast,Endocrine,1999,0.0,66.66666666666666,0.0,33.33333333333333,66.66666666666666
PMID 19213681 a_Summary_SoE.pdf,intervention,0,0.0,0.5,0.5,1.0,1.0,1.5,1.0,0.0,0.0,0.5,0.5,1.0,0.0,0.0,0.0,0.0,0.0,0.0,0.0,0.0,0.0,0.0,0.0,0.0,1.0,0.5,0.5,1.5,1.5,2.5,2,Industry,Breast,Endocrine,1999,60.0,40.0,0.0,0.0,40.0
PMID 19213681 a_Summary_SoE.pdf,intervention,1,0.0,1.5,2.5,4.5,6.0,8.5,1.0,0.0,0.0,0.0,0.0,0.0,0.0,0.0,0.0,0.0,0.0,0.0,0.0,0.0,0.0,0.0,0.0,0.0,1.0,1.5,2.5,4.5,6.0,8.5,2,Industry,Breast,Endocrine,1999,100.0,0.0,0.0,0.0,0.0
PMID 19213681 a_Summary_SoE.pdf,intervention,2,0.0,2.0,4.0,7.0,10.0,14.0,1.0,0.0,0.0,0.0,0.0,0.0,0.0,0.0,0.0,0.0,0.0,0.0,0.0,0.0,0.0,0.0,0.0,0.0,1.0,2.0,4.0,7.0,10.0,14.0,1,Industry,Breast,Endocrine,1999,100.0,0.0,0.0,0.0,0.0
PMID 20525992 a_Summary_SoE.pdf,control,0,0.0,2.0,4.0,4.0,4.0,4.0,1.0,0.0,1.0,4.0,6.0,7.0,1.0,0.0,0.0,0.0,0.0,0.0,0.0,0.0,0.0,0.0,0.0,0.0,2.0,2.0,5.0,8.0,10.0,11.0,2,Industry,Skin,Targeted Therapy,2004,36.36363636363637,63.63636363636363,0.0,0.0,63.63636363636363
PMID 20525992 a_Summary_SoE.pdf,intervention,0,0.0,2.0,4.0,4.0,4.0,4.0,1.0,0.0,1.0,4.0,6.0,7.0,1.0,0.0,0.0,0.0,0.0,0.0,0.0,0.0,0.0,0.0,0.0,0.0,2.0,2.0,5.0,8.0,10.0,11.0,2,Industry,Skin,Targeted Therapy,2004,36.36363636363637,63.63636363636363,0.0,0.0,63.63636363636363
PMID 20525992 a_Summary_SoE.pdf,intervention,1,0.0,2.0,4.0,4.0,4.0,4.0,1.0,0.0,1.0,4.0,6.0,7.0,1.0,0.0,0.0,0.0,0.0,0.0,0.0,0.0,0.0,0.0,0.0,0.0,2.0,2.0,5.0,8.0,10.0,11.0,2,Industry,Skin,Targeted Therapy,2004,36.36363636363637,63.63636363636363,0.0,0.0,63.63636363636363
PMID 20525993 a_Summary_SoE.pdf,control,0,0.0,0.5,0.5,0.5,0.5,0.5,1.0,1.5,2.5,3.5,4.5,5.5,0.0,2.0,3.0,5.0,5.0,5.0,0.0,0.0,0.0,0.0,0.0,0.0,1.0,4.0,6.0,9.0,10.0,11.0,2,Industry,Heme,Other,2007,4.545454545454546,50.0,45.45454545454545,0.0,95.45454545454545
PMID 20525993 a_Summary_SoE.pdf,intervention,0,0.0,0.5,0.5,0.5,0.5,0.5,1.0,1.5,2.5,3.5,4.5,5.5,0.0,2.0,3.0,5.0,5.0,5.0,0.0,0.0,0.0,0.0,0.0,0.0,1.0,4.0,6.0,9.0,10.0,11.0,2,Industry,Heme,Other,2007,4.545454545454546,50.0,45.45454545454545,0.0,95.45454545454545
PMID 20525993 a_Summary_SoE.pdf,intervention,1,0.0,0.5,0.5,0.5,0.5,0.5,1.0,1.5,2.5,3.5,4.5,5.5,0.0,2.0,3.0,5.0,5.0,5.0,0.0,0.0,0.0,0.0,0.0,0.0,1.0,4.0,6.0,9.0,10.0,11.0,2,Industry,Heme,Other,2007,4.545454545454546,50.0,45.45454545454545,0.0,95.45454545454545
PMID 20525995 a_Summary_SoE.pdf,control,0,0.0,0.5,0.5,0.5,0.5,0.5,1.5,1.0,2.0,3.0,3.0,3.0,0.5,1.0,2.0,2.0,3.0,4.0,0.0,0.5,0.5,0.5,0.5,0.5,2.0,3.0,5.0,6.0,7.0,8.0,2,Industry,Heme,Other,2007,6.25,37.5,50.0,6.25,87.5
PMID 20525995 a_Summary_SoE.pdf,intervention,0,0.0,0.5,0.5,0.5,0.5,0.5,1.5,1.0,2.0,3.0,3.0,3.0,0.5,2.5,3.5,3.5,4.5,5.5,0.0,0.0,0.0,0.0,0.0,0.0,2.0,4.0,6.0,7.0,8.0,9.0,2,Industry,Heme,Other,2007,5.555555555555555,33.33333333333333,61.111111111111114,0.0,94.44444444444444
PMID 20570559 CT a_Summary_SoE.pdf,control,0,0.0,1.5,5.0,6.0,6.0,6.0,1.0,0.0,0.0,2.5,5.5,9.0,0.0,0.0,0.0,0.5,1.5,3.0,0.0,0.0,0.0,0.0,0.0,0.0,1.0,1.5,5.0,9.0,13.0,18.0,2,Industry,Thor,Targeted Therapy,2006,33.33333333333333,50.0,16.666666666666664,0.0,66.66666666666666
PMID 20570559 CT a_Summary_SoE.pdf,intervention,0,0.0,1.5,5.0,6.0,6.0,6.0,1.0,0.0,0.0,2.5,5.5,9.0,0.0,0.0,0.0,0.5,1.5,3.0,0.0,0.0,0.0,0.0,0.0,0.0,1.0,1.5,5.0,9.0,13.0,18.0,2,Industry,Thor,Targeted Therapy,2006,33.33333333333333,50.0,16.666666666666664,0.0,66.66666666666666
PMID 20818862 a_Summary_SoE.pdf,control,0,1.0,5.0,5.0,5.0,5.0,5.0,1.0,0.0,0.5,1.5,3.0,4.0,1.0,0.0,1.0,1.5,2.0,2.0,0.0,0.0,0.0,0.0,0.0,0.0,3.0,5.0,6.5,8.0,10.0,11.0,2,Industry,GU,Immunotherapy,2003,45.45454545454545,36.36363636363637,18.181818181818183,0.0,54.54545454545455
PMID 20818862 a_Summary_SoE.pdf,intervention,0,1.0,5.0,5.0,5.0,5.0,5.0,1.0,0.0,0.5,1.5,3.0,4.0,1.0,0.0,1.0,1.5,2.0,2.0,0.0,0.0,0.0,0.0,0.0,0.0,3.0,5.0,6.5,8.0,10.0,11.0,2,Industry,GU,Immunotherapy,2003,45.45454545454545,36.36363636363637,18.181818181818183,0.0,54.54545454545455
PMID 20826719 a_Summary_SoE.pdf,control,0,0.0,1.0,1.0,1.5,1.5,1.5,1.0,0.0,0.0,0.0,0.0,0.0,1.0,0.0,0.0,1.5,1.5,2.5,0.0,0.0,0.0,0.0,0.0,0.0,2.0,1.0,1.0,3.0,3.0,4.0,2,Industry,Heme,Other,2003,37.5,0.0,62.5,0.0,62.5
PMID 20826719 a_Summary_SoE.pdf,intervention,0,0.0,1.0,1.0,1.5,1.5,1.5,1.0,0.0,0.0,0.0,0.0,0.0,1.0,0.0,0.0,1.5,1.5,2.5,0.0,0.0,0.0,0.0,0.0,0.0,2.0,1.0,1.0,3.0,3.0,4.0,2,Industry,Heme,Other,2003,37.5,0.0,62.5,0.0,62.5
PMID 21121833 a_Summary_SoE.pdf,control,0,0.0,2.0,5.0,6.0,6.0,6.0,1.0,0.0,0.0,0.0,0.0,0.0,1.0,0.0,0.0,1.0,1.0,2.0,0.0,0.0,0.0,0.0,1.0,1.0,2.0,2.0,5.0,7.0,8.0,9.0,2,Non-Industry,Breast,Chemotherapy,1999,66.66666666666666,0.0,22.22222222222222,11.11111111111111,22.22222222222222
PMID 21121833 a_Summary_SoE.pdf,intervention,0,0.0,2.0,5.0,6.0,6.0,6.0,1.0,0.0,0.0,0.0,0.0,0.0,1.0,0.0,0.0,1.0,1.0,2.0,0.0,0.0,0.0,0.0,1.0,1.0,2.0,2.0,5.0,7.0,8.0,9.0,2,Non-Industry,Breast,Chemotherapy,1999,66.66666666666666,0.0,22.22222222222222,11.11111111111111,22.22222222222222
PMID 21282542 CT_Summary_SoE.pdf,control,0,0.0,2.0,4.0,7.0,10.0,14.0,1.0,2.0,2.0,2.0,2.0,2.0,0.0,0.0,0.0,0.0,0.0,0.0,0.5,0.0,0.0,0.0,0.0,0.0,1.5,4.0,6.0,9.0,12.0,16.0,2,Industry,Thor,Targeted Therapy,2006,87.5,12.5,0.0,0.0,12.5
PMID 21282542 CT_Summary_SoE.pdf,intervention,0,0.0,2.0,4.0,7.0,10.0,14.0,1.0,2.0,2.0,2.0,2.0,2.0,0.0,0.0,0.0,0.0,0.0,0.0,0.5,0.0,0.0,0.0,0.0,0.0,1.5,4.0,6.0,9.0,12.0,16.0,2,Industry,Thor,Targeted Therapy,2006,87.5,12.5,0.0,0.0,12.5
PMID 21306237 a_Summary_SoE.pdf,control,0,0.0,1.0,2.0,3.5,5.0,7.0,1.0,0.5,1.0,2.0,2.5,3.5,0.0,1.5,2.0,2.5,3.5,4.5,0.0,0.0,0.0,0.0,0.0,0.0,1.0,3.0,5.0,8.0,11.0,15.0,2,Industry,Other,Targeted Therapy,2007,46.666666666666664,23.333333333333332,30.0,0.0,53.33333333333333
PMID 21306237 a_Summary_SoE.pdf,intervention,0,0.0,1.0,2.0,3.5,5.0,7.0,1.0,0.5,1.0,2.0,2.5,3.5,0.0,1.5,2.0,2.5,3.5,4.5,0.0,0.0,0.0,0.0,0.0,0.0,1.0,3.0,5.0,8.0,11.0,15.0,2,Industry,Other,Targeted Therapy,2007,46.666666666666664,23.333333333333332,30.0,0.0,53.33333333333333
PMID 21306238 a_Summary_SoE.pdf,control,0,0.0,1.5,2.5,4.0,5.5,7.5,1.0,0.0,0.5,1.0,1.5,2.0,0.0,1.5,2.0,3.0,4.0,5.5,0.0,0.0,0.0,0.0,0.0,0.0,1.0,3.0,5.0,8.0,11.0,15.0,2,Industry,GI,Targeted Therapy,2007,50.0,13.333333333333334,36.666666666666664,0.0,50.0
PMID 21306238 a_Summary_SoE.pdf,intervention,0,0.0,1.5,2.5,4.0,5.5,7.5,1.0,0.0,0.5,1.0,1.5,2.0,0.0,1.5,2.0,3.0,4.0,5.5,0.0,0.0,0.0,0.0,0.0,0.0,1.0,3.0,5.0,8.0,11.0,15.0,2,Industry,GI,Targeted Therapy,2007,50.0,13.333333333333334,36.666666666666664,0.0,50.0
PMID 21410393 a_Summary_SoE.pdf,control,0,0.0,0.0,0.0,0.0,0.0,0.0,1.0,0.0,0.0,0.0,0.0,1.0,0.0,1.0,1.0,2.0,3.0,4.0,1.0,0.0,0.0,0.0,0.0,0.0,2.0,1.0,1.0,2.0,3.0,5.0,2,Industry,Thor,Other,2006,0.0,20.0,80.0,0.0,100.0
PMID 21410393 a_Summary_SoE.pdf,intervention,0,0.0,0.0,0.0,0.0,0.0,0.0,1.0,0.0,0.0,0.0,0.0,1.0,0.0,1.0,1.0,2.0,3.0,4.0,1.0,0.0,0.0,0.0,0.0,0.0,2.0,1.0,1.0,2.0,3.0,5.0,2,Industry,Thor,Other,2006,0.0,20.0,80.0,0.0,100.0
PMID 21612468 a_Summary_SoE.pdf,control,0,0.0,1.5,1.5,2.0,2.0,2.0,1.0,0.0,1.0,2.0,3.0,4.0,0.0,1.5,4.5,6.0,8.0,11.0,0.0,0.0,0.0,0.0,0.0,0.0,1.0,3.0,7.0,10.0,13.0,17.0,2,Industry,GU,Endocrine,2008,11.76470588235294,23.52941176470588,64.70588235294117,0.0,88.23529411764706
PMID 21612468 a_Summary_SoE.pdf,intervention,0,0.0,1.5,1.5,2.0,2.0,2.0,1.0,0.0,1.0,2.0,3.0,4.0,0.0,1.5,4.5,6.0,8.0,11.0,0.0,0.0,0.0,0.0,0.0,0.0,1.0,3.0,7.0,10.0,13.0,17.0,2,Industry,GU,Endocrine,2008,11.76470588235294,23.52941176470588,64.70588235294117,0.0,88.23529411764706
PMID 21621716 CT_Summary_SoE.pdf,control,0,0.0,2.0,5.0,9.0,13.0,18.0,1.0,0.0,0.0,0.0,0.0,0.0,0.5,0.0,0.0,0.0,0.0,0.0,0.0,0.0,0.0,0.0,0.0,0.0,1.5,2.0,5.0,9.0,13.0,18.0,2,Industry,Thor,Targeted Therapy,2005,100.0,0.0,0.0,0.0,0.0
PMID 21621716 CT_Summary_SoE.pdf,intervention,0,0.0,2.0,5.0,9.0,13.0,18.0,1.0,0.0,0.0,0.0,0.0,0.0,0.5,0.0,0.0,0.0,0.0,0.0,0.0,0.0,0.0,0.0,0.0,0.0,1.5,2.0,5.0,9.0,13.0,18.0,2,Industry,Thor,Targeted Therapy,2005,100.0,0.0,0.0,0.0,0.0
PMID 21631324 a_Summary_SoE.pdf,control,0,0.0,11.5,27.0,47.5,65.5,71.5,1.0,0.0,0.5,1.5,3.0,4.5,1.0,3.0,5.5,9.0,13.5,18.0,0.0,1.0,2.0,3.0,4.5,6.5,2.0,15.5,35.0,61.0,86.5,100.5,2,Industry,Skin,Targeted Therapy,1999,71.14427860696517,4.477611940298507,17.91044776119403,6.467661691542288,22.388059701492537
PMID 21631324 a_Summary_SoE.pdf,intervention,0,0.0,12.5,29.0,50.5,70.0,77.5,1.0,0.0,0.5,1.5,3.0,4.5,1.0,3.0,5.5,9.0,13.5,18.0,0.0,0.0,0.0,0.0,0.0,0.5,2.0,15.5,35.0,61.0,86.5,100.5,2,Industry,Skin,Targeted Therapy,1999,77.11442786069652,4.477611940298507,17.91044776119403,0.4975124378109453,22.388059701492537
PMID 21639808 a_Summary_SoE.pdf,control,0,0.0,2.0,5.0,9.0,13.0,18.0,1.0,0.0,0.0,0.0,0.0,0.0,0.5,1.0,1.0,1.0,1.0,1.0,0.0,0.0,0.0,0.0,0.0,0.0,1.5,3.0,6.0,10.0,14.0,19.0,2,Industry,Skin,Targeted Therapy,2010,94.73684210526315,0.0,5.263157894736842,0.0,5.263157894736842
PMID 21639808 a_Summary_SoE.pdf,intervention,0,0.0,2.0,5.0,9.0,13.0,18.0,1.0,0.0,0.0,0.0,0.0,0.0,0.5,1.0,1.0,1.0,1.0,1.0,0.0,0.0,0.0,0.0,0.0,0.0,1.5,3.0,6.0,10.0,14.0,19.0,2,Industry,Skin,Targeted Therapy,2010,94.73684210526315,0.0,5.263157894736842,0.0,5.263157894736842
PMID 21639810 a_Summary_SoE.pdf,control,0,0.0,2.0,5.5,9.5,10.5,11.5,1.0,0.0,0.5,1.5,2.5,3.5,0.5,0.0,2.0,2.0,2.0,2.0,0.0,0.0,0.0,0.0,0.0,0.0,1.5,2.0,8.0,13.0,15.0,17.0,2,Industry,Skin,Immunotherapy,2006,67.64705882352942,20.588235294117645,11.76470588235294,0.0,32.35294117647059
PMID 21639810 a_Summary_SoE.pdf,intervention,0,0.0,2.0,5.5,9.5,10.5,11.5,1.0,0.0,0.5,1.5,2.5,3.5,0.5,0.0,2.0,2.0,2.0,2.0,0.0,0.0,0.0,0.0,0.0,0.0,1.5,2.0,8.0,13.0,15.0,17.0,2,Industry,Skin,Immunotherapy,2006,67.64705882352942,20.588235294117645,11.76470588235294,0.0,32.35294117647059
PMID 21751904 a_Summary_SoE.pdf,control,0,0.0,21.5,37.0,37.0,37.0,37.0,1.0,0.0,0.0,0.0,0.0,0.0,1.0,0.0,0.5,1.5,2.5,3.5,0.0,0.0,0.0,0.0,0.0,0.0,2.0,21.5,37.5,38.5,39.5,40.5,2,Non-Industry,GU,Endocrine,1994,91.35802469135803,0.0,8.641975308641975,0.0,8.641975308641975
PMID 21751904 a_Summary_SoE.pdf,intervention,0,0.0,1.0,25.0,39.5,39.5,39.5,1.0,0.0,0.0,0.0,0.0,0.0,1.0,0.0,0.0,0.5,1.5,2.5,0.0,0.0,0.0,0.0,0.0,0.0,2.0,1.0,25.0,40.0,41.0,42.0,2,Non-Industry,GU,Endocrine,1994,94.04761904761905,0.0,5.952380952380952,0.0,5.952380952380952
PMID 21962393 CT_Summary_SoE.pdf,control,0,0.5,11.5,11.5,22.5,22.5,22.5,1.5,0.0,0.0,1.0,1.0,2.0,1.0,4.5,6.0,10.5,12.5,13.5,0.5,0.0,0.5,0.0,0.0,0.0,3.5,16.0,18.0,34.0,36.0,38.0,2,Non-Industry,Heme,Targeted Therapy,2003,59.210526315789465,5.263157894736842,35.526315789473685,0.0,40.78947368421053
PMID 21962393 CT_Summary_SoE.pdf,intervention,0,0.5,11.5,11.5,13.0,13.0,13.0,1.5,0.0,0.0,1.0,1.0,2.0,1.0,4.5,9.0,14.0,20.0,21.0,0.5,0.0,0.0,0.0,0.0,0.0,3.5,16.0,20.5,28.0,34.0,36.0,2,Non-Industry,Heme,Targeted Therapy,2003,36.11111111111111,5.555555555555555,58.333333333333336,0.0,63.88888888888889
PMID 21962393 CT_Summary_SoE.pdf,intervention,1,0.5,11.5,12.0,23.0,23.0,23.0,1.5,0.0,0.0,1.0,1.0,2.0,1.0,4.5,7.5,13.0,20.0,27.0,0.5,0.0,0.0,0.0,0.0,0.0,3.5,16.0,19.5,37.0,44.0,52.0,2,Non-Industry,Heme,Targeted Therapy,2003,44.230769230769226,3.8461538461538463,51.92307692307693,0.0,55.769230769230774
PMID 21990397 a_Summary_SoE.pdf,control,0,0.0,2.0,5.0,9.0,13.0,18.0,1.0,0.0,1.0,2.0,3.0,4.0,1.0,0.0,0.0,0.0,0.0,0.0,0.0,0.0,0.0,0.0,0.0,0.0,2.0,2.0,6.0,11.0,16.0,22.0,2,Industry,Breast,Targeted Therapy,2006,81.81818181818183,18.181818181818183,0.0,0.0,18.181818181818183
PMID 21990397 a_Summary_SoE.pdf,intervention,0,0.0,2.0,5.0,9.0,13.0,18.0,1.0,0.0,1.0,2.0,3.0,4.0,1.0,0.0,0.0,0.0,0.0,0.0,0.0,0.0,0.0,0.0,0.0,0.0,2.0,2.0,6.0,11.0,16.0,22.0,2,Industry,Breast,Targeted Therapy,2006,81.81818181818183,18.181818181818183,0.0,0.0,18.181818181818183
PMID 21991949 a_Summary_SoE.pdf,control,0,0.0,2.0,5.0,8.0,8.0,8.0,1.5,0.0,0.0,0.5,1.0,1.0,0.5,0.0,0.0,0.0,0.0,0.5,0.0,0.0,0.0,0.0,1.0,1.5,2.0,2.0,5.0,8.5,10.0,11.0,2,Industry,Breast,Chemotherapy,2001,72.72727272727273,9.090909090909092,4.545454545454546,13.636363636363635,13.636363636363637
PMID 21991949 a_Summary_SoE.pdf,intervention,0,0.0,2.0,6.5,17.5,21.5,26.0,1.5,0.0,0.0,0.5,0.5,0.5,0.5,0.0,0.0,0.0,0.0,0.0,0.0,0.0,0.0,0.0,0.0,0.0,2.0,2.0,6.5,18.0,22.0,26.5,2,Industry,Breast,Chemotherapy,2001,98.11320754716981,1.8867924528301887,0.0,0.0,1.8867924528301887
PMID 21991949 a_Summary_SoE.pdf,intervention,1,0.0,6.0,14.0,20.5,24.5,29.0,1.5,0.0,0.0,1.5,1.5,1.5,0.5,0.0,0.0,0.0,0.0,0.0,0.0,0.0,0.0,0.0,0.0,0.0,2.0,6.0,14.0,22.0,26.0,30.5,2,Industry,Breast,Chemotherapy,2001,95.08196721311475,4.918032786885246,0.0,0.0,4.918032786885246
PMID 22025146 CT_Summary_SoE.pdf,control,0,0.0,1.0,1.0,1.0,1.0,1.0,1.0,2.0,4.0,6.0,8.0,10.5,0.0,0.0,0.0,0.0,0.0,0.0,0.0,0.0,0.0,0.0,0.0,0.0,1.0,3.0,5.0,7.0,9.0,11.5,2,Industry,HN,Targeted Therapy,2006,8.695652173913043,91.30434782608695,0.0,0.0,91.30434782608695
PMID 22025146 CT_Summary_SoE.pdf,intervention,0,0.0,1.0,1.0,1.0,1.0,1.0,1.0,2.0,4.0,6.0,8.0,10.5,0.0,0.0,0.0,0.0,0.0,0.0,0.0,0.0,0.0,0.0,0.0,0.0,1.0,3.0,5.0,7.0,9.0,11.5,2,Industry,HN,Targeted Therapy,2006,8.695652173913043,91.30434782608695,0.0,0.0,91.30434782608695
PMID 22119496 a_Summary_SoE.pdf,control,0,0.0,2.0,4.0,7.0,10.0,14.0,1.0,0.0,0.0,0.0,0.0,0.0,0.0,1.0,1.0,1.0,1.0,1.0,0.0,0.0,0.0,0.0,0.0,0.0,1.0,3.0,5.0,8.0,11.0,15.0,2,Industry,Other,Targeted Therapy,2006,93.33333333333333,0.0,6.666666666666667,0.0,6.666666666666667
PMID 22119496 a_Summary_SoE.pdf,intervention,0,0.0,2.0,4.0,7.0,10.0,14.0,1.0,0.0,0.0,0.0,0.0,0.0,0.0,1.0,1.0,1.0,1.0,1.0,0.0,0.0,0.0,0.0,0.0,0.0,1.0,3.0,5.0,8.0,11.0,15.0,2,Industry,Other,Targeted Therapy,2006,93.33333333333333,0.0,6.666666666666667,0.0,6.666666666666667
PMID 22149875 a_Summary_SoE.pdf,control,0,0.0,3.0,6.0,10.0,14.0,19.0,1.5,0.0,0.0,0.0,0.0,0.0,0.5,2.0,4.0,6.0,6.0,6.0,0.0,0.0,0.0,0.0,0.0,0.0,2.0,5.0,10.0,16.0,20.0,25.0,2,Industry,Breast,Targeted Therapy,2008,76.0,0.0,24.0,0.0,24.0
PMID 22149875 a_Summary_SoE.pdf,intervention,0,0.0,3.0,6.0,10.0,14.0,19.0,1.5,0.0,0.0,0.0,0.0,0.0,0.5,2.0,4.0,6.0,6.0,6.0,0.0,0.0,0.0,0.0,0.0,0.0,2.0,5.0,10.0,16.0,20.0,25.0,2,Industry,Breast,Targeted Therapy,2008,76.0,0.0,24.0,0.0,24.0
PMID 22149876 a_Summary_SoE.pdf,control,0,0.0,2.0,3.0,4.0,5.0,6.0,1.0,0.0,1.0,2.0,3.0,4.0,0.0,1.0,1.0,1.0,1.0,1.0,0.0,0.0,0.0,0.0,0.0,0.0,1.0,3.0,5.0,7.0,9.0,11.0,2,Industry,Breast,Targeted Therapy,2009,54.54545454545454,36.36363636363637,9.090909090909092,0.0,45.45454545454546
PMID 22149876 a_Summary_SoE.pdf,intervention,0,0.0,2.0,3.0,4.0,5.0,6.0,1.0,0.0,1.0,2.0,3.0,4.0,0.0,1.0,1.0,1.0,1.0,1.0,0.0,0.0,0.0,0.0,0.0,0.0,1.0,3.0,5.0,7.0,9.0,11.0,2,Industry,Breast,Targeted Therapy,2009,54.54545454545454,36.36363636363637,9.090909090909092,0.0,45.45454545454546
PMID 22204724 a_Summary_SoE.pdf,control,0,0.0,2.0,5.0,9.0,13.0,18.0,1.0,0.0,0.5,1.0,1.5,2.0,1.0,3.0,8.0,12.0,12.0,12.0,0.0,0.0,0.0,0.0,0.0,0.0,2.0,5.0,13.5,22.0,26.5,32.0,2,Industry,GYN,Targeted Therapy,2005,56.25,6.25,37.5,0.0,43.75
PMID 22204724 a_Summary_SoE.pdf,intervention,0,0.0,2.0,5.0,9.0,13.0,18.0,1.0,0.0,0.5,1.0,1.5,2.0,1.0,3.0,8.0,12.0,12.0,12.0,0.0,0.0,0.0,0.0,0.0,0.0,2.0,5.0,13.5,22.0,26.5,32.0,2,Industry,GYN,Targeted Therapy,2005,56.25,6.25,37.5,0.0,43.75
PMID 22204724 a_Summary_SoE.pdf,intervention,1,0.0,2.0,5.0,9.0,13.0,18.0,1.0,0.0,0.5,1.0,1.5,2.0,1.0,3.0,8.0,12.0,12.0,12.0,0.0,0.0,0.0,0.0,0.0,0.0,2.0,5.0,13.5,22.0,26.5,32.0,2,Industry,GYN,Targeted Therapy,2005,56.25,6.25,37.5,0.0,43.75
PMID 22257673 a_Summary_SoE.pdf,intervention,0,0.0,1.5,7.5,12.0,15.5,20.0,1.0,0.0,0.5,0.5,0.5,0.5,0.0,0.5,0.5,0.5,0.5,0.5,0.0,0.0,0.0,0.5,0.5,0.5,1.0,2.0,8.5,13.5,17.0,21.5,2,Industry,Breast,Targeted Therapy,2008,93.02325581395348,2.3255813953488373,2.3255813953488373,2.3255813953488373,4.651162790697675
PMID 22257673 a_Summary_SoE.pdf,intervention,1,0.0,2.0,8.0,12.5,17.0,21.5,1.0,0.0,0.5,0.5,0.5,0.5,0.0,0.0,0.0,0.0,0.0,0.0,0.0,0.0,0.0,0.5,0.5,0.5,1.0,2.0,8.5,13.5,18.0,22.5,2,Industry,Breast,Targeted Therapy,2008,95.55555555555556,2.2222222222222223,0.0,2.2222222222222223,2.2222222222222223
PMID 22257673 a_Summary_SoE.pdf,intervention,2,0.0,2.0,8.0,12.5,17.0,21.5,1.0,0.0,0.5,0.5,0.5,0.5,0.0,0.0,0.0,0.0,0.0,0.0,0.0,0.0,0.0,0.5,0.5,0.5,1.0,2.0,8.5,13.5,18.0,22.5,2,Industry,Breast,Targeted Therapy,2008,95.55555555555556,2.2222222222222223,0.0,2.2222222222222223,2.2222222222222223
PMID 22271472 a_Summary_SoE.pdf,control,0,0.0,2.0,32.0,32.0,32.0,32.0,0.5,0.0,1.0,1.5,2.0,2.5,0.5,0.0,0.0,0.0,0.0,0.0,0.0,0.0,0.0,1.5,1.5,1.5,1.0,2.0,33.0,35.0,35.5,36.0,2,Non-Industry,Thor,Targeted Therapy,2000,88.88888888888889,6.944444444444445,0.0,4.166666666666666,6.944444444444445
PMID 22271472 a_Summary_SoE.pdf,intervention,0,0.0,2.0,32.0,32.0,32.0,32.0,0.5,0.0,1.0,1.5,2.0,2.5,0.5,3.0,3.0,5.5,8.0,10.5,0.0,0.0,0.0,1.5,1.5,1.5,1.0,5.0,36.0,40.5,43.5,46.5,2,Non-Industry,Thor,Targeted Therapy,2000,68.81720430107528,5.376344086021505,22.58064516129032,3.225806451612903,27.956989247311824
PMID 22375970 a_Summary_SoE.pdf,control,0,0.0,0.0,0.0,0.0,0.0,0.0,1.5,0.0,1.0,2.0,3.0,4.0,0.5,1.5,2.5,3.5,4.5,5.5,0.0,1.5,2.5,3.5,3.5,3.5,2.0,3.0,6.0,9.0,11.0,13.0,2,Industry,Heme,Targeted Therapy,2009,0.0,30.76923076923077,42.30769230769231,26.923076923076923,73.07692307692308
PMID 22375970 a_Summary_SoE.pdf,intervention,0,0.0,0.5,0.5,0.5,0.5,0.5,1.5,1.0,2.0,3.0,4.0,5.0,0.5,2.0,3.0,4.0,5.0,6.0,0.0,0.5,1.5,2.5,2.5,2.5,2.0,4.0,7.0,10.0,12.0,14.0,2,Industry,Heme,Targeted Therapy,2009,3.571428571428571,35.714285714285715,42.857142857142854,17.857142857142858,78.57142857142857
PMID 22375971 a_Summary_SoE.pdf,control,0,0.0,2.0,3.0,3.0,3.0,3.0,2.0,0.0,0.0,1.5,2.5,3.5,0.0,2.0,4.0,5.5,6.5,7.5,0.0,0.0,0.0,0.0,0.0,0.0,2.0,4.0,7.0,10.0,12.0,14.0,2,Industry,Heme,Targeted Therapy,2009,21.428571428571427,25.0,53.57142857142857,0.0,78.57142857142857
PMID 22375971 a_Summary_SoE.pdf,intervention,0,0.0,2.0,3.0,3.0,3.0,3.0,2.0,0.0,0.0,1.5,2.5,3.5,0.0,2.0,4.0,5.5,6.5,7.5,0.0,0.0,0.0,0.0,0.0,0.0,2.0,4.0,7.0,10.0,12.0,14.0,2,Industry,Heme,Targeted Therapy,2009,21.428571428571427,25.0,53.57142857142857,0.0,78.57142857142857
PMID 22454414 a_Summary_SoE.pdf,control,0,0.0,2.0,5.0,9.0,13.0,18.0,2.0,0.0,0.0,0.0,0.0,0.0,0.5,0.0,0.0,0.0,0.0,0.0,0.0,0.0,0.0,0.0,0.0,0.0,2.5,2.0,5.0,9.0,13.0,18.0,2,Industry,GU,Targeted Therapy,2005,100.0,0.0,0.0,0.0,0.0
PMID 22454414 a_Summary_SoE.pdf,intervention,0,0.0,2.0,5.0,9.0,13.0,18.0,2.0,0.0,0.0,0.0,0.0,0.0,0.5,0.0,0.0,0.0,0.0,0.0,0.0,0.0,0.0,0.0,0.0,0.0,2.5,2.0,5.0,9.0,13.0,18.0,2,Industry,GU,Targeted Therapy,2005,100.0,0.0,0.0,0.0,0.0
PMID 22508813 a_Summary_SoE.pdf,control,0,0.0,1.0,1.0,1.0,1.0,1.0,0.0,0.0,0.0,0.0,0.0,0.0,0.5,0.0,0.0,0.0,0.0,0.0,0.5,1.0,1.0,1.0,1.0,1.0,1.0,2.0,2.0,2.0,2.0,2.0,2,Non-Industry,Multiple,Other,2008,50.0,0.0,0.0,50.0,0.0
PMID 22508813 a_Summary_SoE.pdf,intervention,0,0.0,1.0,1.0,1.0,1.0,1.0,0.0,0.0,0.0,0.0,0.0,0.0,0.5,0.0,0.0,0.0,0.0,0.0,0.5,1.0,1.0,1.0,1.0,1.0,1.0,2.0,2.0,2.0,2.0,2.0,2,Non-Industry,Multiple,Other,2008,50.0,0.0,0.0,50.0,0.0
PMID 22529265 a_Summary_SoE.pdf,control,0,0.0,4.0,9.0,15.0,19.0,24.0,0.5,0.5,0.5,0.5,0.5,0.5,0.5,0.0,0.0,0.0,0.0,0.0,0.0,0.0,0.0,0.0,0.0,0.0,1.0,4.5,9.5,15.5,19.5,24.5,2,Industry,GYN,Targeted Therapy,2007,97.95918367346938,2.0408163265306123,0.0,0.0,2.0408163265306123
PMID 22529265 a_Summary_SoE.pdf,intervention,0,0.0,4.0,9.0,15.0,19.0,24.0,0.5,0.5,0.5,0.5,0.5,0.5,0.5,0.0,0.0,0.0,0.0,0.0,0.0,0.0,0.0,0.0,0.0,0.0,1.0,4.5,9.5,15.5,19.5,24.5,2,Industry,GYN,Targeted Therapy,2007,97.95918367346938,2.0408163265306123,0.0,0.0,2.0408163265306123
PMID 22551107 a_Summary_SoE.pdf,control,0,0.0,6.0,9.0,13.0,17.0,22.0,1.0,0.0,1.0,2.5,3.0,3.5,0.0,0.5,1.5,3.0,4.0,4.5,0.5,0.0,0.0,0.0,0.0,0.0,1.5,6.5,11.5,18.5,24.0,30.0,2,Non-Industry,Other,Chemotherapy,2004,73.33333333333333,11.666666666666666,15.0,0.0,26.666666666666664
PMID 22551107 a_Summary_SoE.pdf,intervention,0,0.0,6.0,16.0,28.0,40.0,52.5,1.0,0.0,0.5,1.5,2.0,2.5,0.0,2.0,6.0,12.5,20.0,26.0,0.5,0.0,0.0,0.0,0.0,0.0,1.5,8.0,22.5,42.0,62.0,81.0,2,Non-Industry,Other,Chemotherapy,2004,64.81481481481481,3.0864197530864197,32.098765432098766,0.0,35.18518518518518
PMID 22564989 a_Summary_SoE.pdf,control,0,0.0,1.0,2.0,3.5,5.0,7.0,1.5,1.5,2.5,4.5,5.5,7.5,0.0,1.0,3.5,4.0,5.0,6.0,0.0,0.5,0.5,0.5,0.5,0.5,1.5,4.0,8.5,12.5,16.0,21.0,2,Industry,Thor,Targeted Therapy,2007,33.33333333333333,35.714285714285715,28.57142857142857,2.380952380952381,64.28571428571428
PMID 22564989 a_Summary_SoE.pdf,intervention,0,0.0,1.0,2.0,3.5,5.0,7.0,1.5,1.5,2.5,4.5,5.5,7.5,0.0,1.0,3.5,4.0,5.0,6.0,0.0,0.5,0.5,0.5,0.5,0.5,1.5,4.0,8.5,12.5,16.0,21.0,2,Industry,Thor,Targeted Therapy,2007,33.33333333333333,35.714285714285715,28.57142857142857,2.380952380952381,64.28571428571428
PMID 22571200 a_Summary_SoE.pdf,control,0,0.0,2.0,4.0,7.0,10.0,14.0,1.0,0.0,0.0,0.0,0.0,0.0,0.0,3.0,5.0,8.0,11.0,11.0,0.0,0.0,0.0,0.0,0.0,0.0,1.0,5.0,9.0,15.0,21.0,25.0,2,Industry,Heme,Targeted Therapy,2007,56.00000000000001,0.0,44.0,0.0,44.0
PMID 22571200 a_Summary_SoE.pdf,intervention,0,0.0,2.0,4.0,7.0,10.0,14.0,1.0,0.0,0.0,0.0,0.0,0.0,0.0,3.0,5.0,8.0,11.0,11.0,0.0,0.0,0.0,0.0,0.0,0.0,1.0,5.0,9.0,15.0,21.0,25.0,2,Industry,Heme,Targeted Therapy,2007,56.00000000000001,0.0,44.0,0.0,44.0
PMID 22571200 a_Summary_SoE.pdf,intervention,1,0.0,2.0,4.0,7.0,10.0,14.0,1.0,0.0,0.0,0.0,0.0,0.0,0.0,3.0,5.0,8.0,11.0,11.0,0.0,0.0,0.0,0.0,0.0,0.0,1.0,5.0,9.0,15.0,21.0,25.0,2,Industry,Heme,Targeted Therapy,2007,56.00000000000001,0.0,44.0,0.0,44.0
PMID 22571201 a_Summary_SoE.pdf,control,0,10.5,15.0,15.0,16.5,18.5,20.0,1.5,0.0,0.5,0.5,0.5,1.5,1.0,2.0,3.5,8.5,11.5,12.5,0.0,0.0,0.0,0.0,0.0,0.0,13.0,17.0,19.0,25.5,30.5,34.0,2,Non-Industry,Heme,Targeted Therapy,2004,58.82352941176471,4.411764705882353,36.76470588235294,0.0,41.1764705882353
PMID 22571201 a_Summary_SoE.pdf,intervention,0,10.5,15.0,15.0,16.5,18.5,20.0,1.5,0.0,0.5,0.5,0.5,1.5,1.0,2.0,3.5,8.5,11.5,12.5,0.0,0.0,0.0,0.0,0.0,0.0,13.0,17.0,19.0,25.5,30.5,34.0,2,Non-Industry,Heme,Targeted Therapy,2004,58.82352941176471,4.411764705882353,36.76470588235294,0.0,41.1764705882353
PMID 22585697 a_Summary_SoE.pdf,control,0,0.0,6.0,11.5,11.5,11.5,11.5,1.5,0.0,0.5,1.0,1.0,1.0,0.0,3.5,8.5,10.5,13.5,16.5,0.0,0.0,0.0,0.0,0.0,0.0,1.5,9.5,20.5,23.0,26.0,29.0,2,Industry,Heme,Chemotherapy,2006,39.6551724137931,3.4482758620689653,56.896551724137936,0.0,60.344827586206904
PMID 22585697 a_Summary_SoE.pdf,intervention,0,0.0,6.0,11.5,11.5,11.5,11.5,1.5,0.0,0.5,1.0,1.0,1.0,0.0,3.5,8.5,10.5,13.5,16.5,0.0,0.0,0.0,0.0,0.0,0.0,1.5,9.5,20.5,23.0,26.0,29.0,2,Industry,Heme,Chemotherapy,2006,39.6551724137931,3.4482758620689653,56.896551724137936,0.0,60.344827586206904
PMID 22663011 a_Summary_SoE.pdf,control,0,0.0,2.0,5.0,9.0,13.0,18.0,1.0,0.5,0.5,0.5,0.5,0.5,0.5,0.5,0.5,0.5,0.5,1.0,0.0,0.0,0.0,0.0,0.0,0.0,1.5,3.0,6.0,10.0,14.0,19.5,2,Industry,Skin,Other,2010,92.3076923076923,2.564102564102564,5.128205128205128,0.0,7.692307692307692
PMID 22663011 a_Summary_SoE.pdf,intervention,0,0.0,0.0,0.0,0.0,0.0,0.0,1.0,1.5,3.5,4.5,5.5,6.5,0.5,1.5,2.5,5.5,8.5,13.0,0.0,0.0,0.0,0.0,0.0,0.0,1.5,3.0,6.0,10.0,14.0,19.5,2,Industry,Skin,Other,2010,0.0,33.33333333333333,66.66666666666666,0.0,99.99999999999999
PMID 22663011 a_Summary_SoE.pdf,intervention,1,0.0,0.0,0.0,0.0,0.0,0.0,1.0,2.0,4.0,5.0,6.0,7.0,0.0,1.0,2.0,5.0,8.0,13.0,0.0,0.0,0.0,0.0,0.0,0.0,1.0,3.0,6.0,10.0,14.0,20.0,1,Industry,Skin,Other,2010,0.0,35.0,65.0,0.0,100.0
PMID 22689805 a_Summary_SoE.pdf,control,0,0.0,10.0,36.0,70.0,100.0,131.0,1.0,0.0,0.0,0.0,0.0,0.0,0.0,1.0,3.5,7.5,12.0,16.0,0.0,0.0,0.0,0.0,0.0,0.0,1.0,11.0,39.5,77.5,112.0,147.0,2,Industry,Heme,Chemotherapy,2005,89.1156462585034,0.0,10.884353741496598,0.0,10.884353741496598
PMID 22689805 a_Summary_SoE.pdf,intervention,0,0.0,5.0,20.0,35.0,50.0,66.0,1.0,0.0,0.0,0.0,0.0,0.0,0.0,1.0,3.5,7.5,12.0,16.0,0.0,0.0,0.0,0.0,0.0,0.0,1.0,6.0,23.5,42.5,62.0,82.0,2,Industry,Heme,Chemotherapy,2005,80.48780487804879,0.0,19.51219512195122,0.0,19.51219512195122
PMID 22735384 a_Summary_SoE.pdf,control,0,0.0,2.0,5.0,9.0,13.0,18.0,1.0,0.0,0.0,0.0,0.0,1.0,0.0,1.0,1.0,1.0,1.0,1.0,0.0,0.0,0.0,0.0,0.0,0.0,1.0,3.0,6.0,10.0,14.0,20.0,2,Industry,Skin,Chemotherapy,2010,90.0,5.0,5.0,0.0,10.0
PMID 22735384 a_Summary_SoE.pdf,intervention,0,0.0,1.0,2.5,4.5,6.5,9.0,1.0,0.5,1.5,3.0,4.0,6.0,0.0,1.5,2.0,2.5,3.5,5.0,0.0,0.0,0.0,0.0,0.0,0.0,1.0,3.0,6.0,10.0,14.0,20.0,2,Industry,Skin,Chemotherapy,2010,45.0,30.0,25.0,0.0,55.0
PMID 22808955 a_Summary_SoE.pdf,control,0,0.0,0.0,0.0,0.0,0.0,0.0,1.0,0.0,0.0,0.0,0.0,0.0,0.0,0.0,2.0,3.0,4.0,5.0,0.0,1.0,1.0,1.0,1.0,1.0,1.0,1.0,3.0,4.0,5.0,6.0,2,Non-Industry,GU,Procedure,1994,0.0,0.0,83.33333333333334,16.666666666666664,83.33333333333334
PMID 22808955 a_Summary_SoE.pdf,intervention,0,0.0,1.0,1.0,1.0,1.0,1.0,1.0,0.0,0.0,0.0,0.0,0.0,0.0,0.0,2.0,3.0,4.0,5.0,0.0,0.5,0.5,0.5,0.5,0.5,1.0,1.5,3.5,4.5,5.5,6.5,2,Non-Industry,GU,Procedure,1994,15.384615384615385,0.0,76.92307692307693,7.6923076923076925,76.92307692307693
PMID 22851564 a_Summary_SoE.pdf,control,0,0.0,4.0,9.0,12.0,12.0,12.0,1.0,0.0,0.0,2.0,4.0,5.0,1.0,1.0,4.0,7.0,9.0,13.5,0.0,0.0,0.0,0.0,0.0,0.0,2.0,5.0,13.0,21.0,25.0,30.5,2,Industry,Thor,Targeted Therapy,2007,39.34426229508197,16.39344262295082,44.26229508196721,0.0,60.655737704918025
PMID 22851564 a_Summary_SoE.pdf,intervention,0,0.0,4.0,9.0,12.0,12.0,12.0,1.0,0.0,0.0,2.0,4.0,5.0,1.0,1.0,4.0,7.0,9.0,13.5,0.0,0.0,0.0,0.0,0.0,0.0,2.0,5.0,13.0,21.0,25.0,30.5,2,Industry,Thor,Targeted Therapy,2007,39.34426229508197,16.39344262295082,44.26229508196721,0.0,60.655737704918025
PMID 22853014 a_Summary_SoE.pdf,control,0,0.0,0.0,0.0,0.0,0.0,0.0,1.0,0.0,1.0,2.0,3.0,4.0,0.5,2.0,3.5,6.0,8.5,12.0,0.0,0.0,0.0,0.0,0.0,0.0,1.5,2.0,4.5,8.0,11.5,16.0,2,Non-Industry,Breast,Endocrine,2004,0.0,25.0,75.0,0.0,100.0
PMID 22853014 a_Summary_SoE.pdf,intervention,0,0.0,3.0,5.0,8.0,11.0,15.0,1.0,0.0,0.0,0.0,0.0,0.0,0.5,0.0,0.0,0.0,0.0,0.0,0.0,0.0,0.0,0.0,0.0,0.0,1.5,3.0,5.0,8.0,11.0,15.0,2,Non-Industry,Breast,Endocrine,2004,100.0,0.0,0.0,0.0,0.0
PMID 22894553 a_Summary_SoE.pdf,control,0,0.0,2.0,3.0,5.0,6.0,7.0,1.0,1.0,2.0,2.0,2.0,2.0,0.0,0.0,0.0,1.0,1.0,1.0,0.0,0.0,0.0,0.0,0.0,0.0,1.0,3.0,5.0,8.0,9.0,10.0,2,Industry,GU,Endocrine,2009,70.0,20.0,10.0,0.0,30.0
PMID 22894553 a_Summary_SoE.pdf,intervention,0,0.0,2.0,3.0,5.0,6.0,7.0,1.0,1.0,2.0,2.0,2.0,2.0,0.0,0.0,0.0,1.0,1.0,1.0,0.0,0.0,0.0,0.0,0.0,0.0,1.0,3.0,5.0,8.0,9.0,10.0,2,Industry,GU,Endocrine,2009,70.0,20.0,10.0,0.0,30.0
PMID 22915657 a_Summary_SoE.pdf,control,0,0.0,1.0,1.0,1.0,1.0,1.0,0.0,0.0,0.0,0.0,0.0,0.0,0.0,0.0,0.0,0.0,0.0,0.0,1.0,0.5,0.5,0.5,0.5,0.5,1.0,1.5,1.5,1.5,1.5,1.5,2,Non-Industry,Other,Other,2006,66.66666666666666,0.0,0.0,33.33333333333333,0.0
PMID 22915657 a_Summary_SoE.pdf,control,1,0.0,1.0,1.0,1.0,1.0,1.0,0.0,0.0,0.0,0.0,0.0,0.0,0.0,0.0,0.0,0.0,0.0,0.0,1.0,0.0,0.0,0.0,0.0,0.0,1.0,1.0,1.0,1.0,1.0,1.0,1,Non-Industry,Other,Other,2006,100.0,0.0,0.0,0.0,0.0
PMID 22915657 a_Summary_SoE.pdf,intervention,0,0.0,1.0,1.0,1.0,1.0,1.0,0.0,0.0,0.0,0.0,0.0,0.0,0.0,0.0,0.0,0.0,0.0,0.0,1.0,0.5,0.5,0.5,0.5,0.5,1.0,1.5,1.5,1.5,1.5,1.5,2,Non-Industry,Other,Other,2006,66.66666666666666,0.0,0.0,33.33333333333333,0.0
PMID 22915657 a_Summary_SoE.pdf,intervention,1,0.0,1.0,1.0,1.0,1.0,1.0,0.0,0.0,0.0,0.0,0.0,0.0,0.0,0.0,0.0,0.0,0.0,0.0,1.0,0.5,0.5,0.5,0.5,0.5,1.0,1.5,1.5,1.5,1.5,1.5,2,Non-Industry,Other,Other,2006,66.66666666666666,0.0,0.0,33.33333333333333,0.0
PMID 22915657 a_Summary_SoE.pdf,intervention,2,0.0,1.0,1.0,1.0,1.0,1.0,0.0,0.0,0.0,0.0,0.0,0.0,0.0,0.0,0.0,0.0,0.0,0.0,1.0,1.0,1.0,1.0,1.0,1.0,1.0,2.0,2.0,2.0,2.0,2.0,1,Non-Industry,Other,Other,2006,50.0,0.0,0.0,50.0,0.0
PMID 22949154 a_Summary_SoE.pdf,control,0,0.0,0.5,0.5,0.5,0.5,0.5,1.0,1.5,3.5,4.0,4.5,5.0,0.5,0.0,0.0,2.5,3.0,3.5,0.0,0.0,0.0,0.0,0.0,0.0,1.5,2.0,4.0,7.0,8.0,9.0,2,Industry,Heme,Other,2008,5.555555555555555,55.55555555555556,38.88888888888889,0.0,94.44444444444446
PMID 22949154 a_Summary_SoE.pdf,intervention,0,0.0,0.5,0.5,0.5,0.5,0.5,1.0,1.5,3.5,4.5,5.5,6.5,0.5,0.0,0.0,2.0,2.0,2.0,0.0,0.0,0.0,0.0,0.0,0.0,1.5,2.0,4.0,7.0,8.0,9.0,2,Industry,Heme,Other,2008,5.555555555555555,72.22222222222221,22.22222222222222,0.0,94.44444444444443
PMID 22965961 a_Summary_SoE.pdf,control,0,0.0,3.0,7.0,13.0,20.0,27.0,1.0,0.0,0.0,0.0,0.0,0.0,0.0,1.0,1.0,1.0,1.0,1.0,0.0,0.0,0.0,0.0,0.0,0.0,1.0,4.0,8.0,14.0,21.0,28.0,2,Industry,GI,Targeted Therapy,2006,96.42857142857143,0.0,3.571428571428571,0.0,3.571428571428571
PMID 22965961 a_Summary_SoE.pdf,intervention,0,0.0,3.0,7.0,13.0,20.0,27.0,1.0,0.0,0.0,0.0,0.0,0.0,0.0,1.0,1.0,1.0,1.0,1.0,0.0,0.0,0.0,0.0,0.0,0.0,1.0,4.0,8.0,14.0,21.0,28.0,2,Industry,GI,Targeted Therapy,2006,96.42857142857143,0.0,3.571428571428571,0.0,3.571428571428571
PMID 22965962 a_Summary_SoE.pdf,control,0,0.0,2.0,5.0,9.0,13.0,18.0,1.5,0.0,0.0,0.0,0.0,0.0,0.5,0.0,0.0,0.0,0.0,0.0,0.0,2.0,4.0,9.0,13.0,18.0,2.0,4.0,9.0,18.0,26.0,36.0,2,Industry,Thor,Chemotherapy,2007,50.0,0.0,0.0,50.0,0.0
PMID 22965962 a_Summary_SoE.pdf,intervention,0,0.0,2.0,5.0,9.0,13.0,18.0,1.5,0.0,0.0,0.0,0.0,0.0,0.5,0.0,0.0,0.0,0.0,0.0,0.0,2.0,4.0,9.0,13.0,18.0,2.0,4.0,9.0,18.0,26.0,36.0,2,Industry,Thor,Chemotherapy,2007,50.0,0.0,0.0,50.0,0.0
PMID 22965965 a_Summary_SoE.pdf,control,0,0.0,2.0,5.0,9.0,13.0,18.0,1.0,0.0,0.0,0.0,0.0,0.0,0.0,2.0,2.0,2.0,2.0,2.0,0.0,0.0,0.0,0.0,0.0,0.0,1.0,4.0,7.0,11.0,15.0,20.0,2,Industry,GI,Targeted Therapy,2006,90.0,0.0,10.0,0.0,10.0
PMID 22965965 a_Summary_SoE.pdf,control,1,0.0,3.0,7.0,13.0,20.0,27.0,1.0,0.0,0.0,0.0,0.0,0.0,0.0,1.0,1.0,1.0,1.0,1.0,0.0,0.0,0.0,0.0,0.0,0.0,1.0,4.0,8.0,14.0,21.0,28.0,2,Industry,GI,Targeted Therapy,2006,96.42857142857143,0.0,3.571428571428571,0.0,3.571428571428571
PMID 22965965 a_Summary_SoE.pdf,intervention,0,0.0,2.0,5.0,9.0,13.0,18.0,1.0,0.0,0.0,0.0,0.0,0.0,0.0,2.0,2.0,2.0,2.0,2.0,0.0,0.0,0.0,0.0,0.0,0.0,1.0,4.0,7.0,11.0,15.0,20.0,2,Industry,GI,Targeted Therapy,2006,90.0,0.0,10.0,0.0,10.0
PMID 22965965 a_Summary_SoE.pdf,intervention,1,0.0,3.0,7.0,13.0,20.0,27.0,1.0,0.0,0.0,0.0,0.0,0.0,0.0,1.0,1.0,1.0,1.0,1.0,0.0,0.0,0.0,0.0,0.0,0.0,1.0,4.0,8.0,14.0,21.0,28.0,2,Industry,GI,Targeted Therapy,2006,96.42857142857143,0.0,3.571428571428571,0.0,3.571428571428571
PMID 22987089 a_Summary_SoE.pdf,control,0,0.0,0.0,0.0,0.0,0.0,0.0,0.0,0.0,0.0,0.0,0.0,0.0,1.5,1.0,2.0,2.0,2.0,2.0,0.0,0.5,0.5,0.5,0.5,0.5,1.5,1.5,2.5,2.5,2.5,2.5,2,Non-Industry,Multiple,Other,2005,0.0,0.0,80.0,20.0,80.0
PMID 22987089 a_Summary_SoE.pdf,intervention,0,0.0,0.0,0.0,0.0,0.0,0.0,0.0,0.0,0.0,0.0,0.0,0.0,1.5,1.0,2.0,2.0,2.0,2.0,0.0,0.5,0.5,0.5,0.5,0.5,1.5,1.5,2.5,2.5,2.5,2.5,2,Non-Industry,Multiple,Other,2005,0.0,0.0,80.0,20.0,80.0
PMID 23075175 a_Summary_SoE.pdf,control,0,0.5,2.5,3.0,4.0,6.0,7.5,0.5,0.0,0.0,0.0,0.0,0.5,0.0,9.0,17.5,21.5,21.5,21.5,0.0,0.0,0.0,0.0,0.0,0.0,1.0,11.5,20.5,25.5,27.5,29.5,2,Non-Industry,Heme,Targeted Therapy,2004,25.423728813559322,1.694915254237288,72.88135593220339,0.0,74.57627118644068
PMID 23075175 a_Summary_SoE.pdf,intervention,0,0.5,2.5,3.0,4.0,6.0,7.5,0.5,0.0,0.0,0.0,0.0,0.5,0.0,9.0,17.5,21.5,21.5,21.5,0.0,0.0,0.0,0.0,0.0,0.0,1.0,11.5,20.5,25.5,27.5,29.5,2,Non-Industry,Heme,Targeted Therapy,2004,25.423728813559322,1.694915254237288,72.88135593220339,0.0,74.57627118644068
PMID 23177515 a_Summary_SoE.pdf,control,0,0.0,0.0,0.0,0.0,0.0,0.0,0.0,0.0,0.0,0.0,0.0,0.0,1.0,0.0,0.0,0.0,0.0,0.0,0.0,0.0,0.0,0.0,0.0,0.0,1.0,0.0,0.0,0.0,0.0,0.0,2,Industry,GI,Targeted Therapy,2011,0.0,0.0,0.0,0.0,0.0
PMID 23177515 a_Summary_SoE.pdf,intervention,0,0.0,0.0,0.0,0.0,0.0,0.0,0.0,0.0,0.0,0.0,0.0,0.0,1.0,0.0,0.0,0.0,0.0,0.0,0.0,0.0,0.0,0.0,0.0,0.0,1.0,0.0,0.0,0.0,0.0,0.0,2,Industry,GI,Targeted Therapy,2011,0.0,0.0,0.0,0.0,0.0
PMID 23228172 a_Summary_SoE.pdf,control,0,0.0,1.0,2.0,3.5,5.0,7.0,1.5,0.0,0.5,1.5,2.0,2.5,0.0,2.0,4.5,5.0,6.0,7.5,0.0,0.0,0.0,0.0,0.0,0.0,1.5,3.0,7.0,10.0,13.0,17.0,2,Industry,GU,Endocrine,2009,41.17647058823529,14.705882352941178,44.11764705882353,0.0,58.82352941176471
PMID 23228172 a_Summary_SoE.pdf,intervention,0,0.0,1.0,2.0,3.5,5.0,7.0,1.5,0.0,0.5,1.5,2.0,2.5,0.0,2.0,4.5,5.0,6.0,7.5,0.0,0.0,0.0,0.0,0.0,0.0,1.5,3.0,7.0,10.0,13.0,17.0,2,Industry,GU,Endocrine,2009,41.17647058823529,14.705882352941178,44.11764705882353,0.0,58.82352941176471
PMID 23234763 a_Summary_SoE.pdf,control,0,0.0,0.5,0.5,0.5,0.5,0.5,1.0,0.0,0.5,1.0,1.5,2.5,0.0,0.0,0.0,0.0,0.0,0.0,0.0,0.0,0.0,0.0,0.0,0.0,1.0,0.5,1.0,1.5,2.0,3.0,2,Industry,Breast,Targeted Therapy,2006,16.666666666666664,83.33333333333334,0.0,0.0,83.33333333333334
PMID 23234763 a_Summary_SoE.pdf,intervention,0,0.0,0.5,0.5,0.5,0.5,0.5,1.0,0.0,0.5,1.0,1.5,2.5,0.0,0.0,0.0,0.0,0.0,0.0,0.0,0.0,0.0,0.0,0.0,0.0,1.0,0.5,1.0,1.5,2.0,3.0,2,Industry,Breast,Targeted Therapy,2006,16.666666666666664,83.33333333333334,0.0,0.0,83.33333333333334
PMID 23248256 a_Summary_SoE.pdf,control,0,0.0,2.0,5.0,9.0,10.0,10.0,1.0,0.0,0.0,0.0,1.5,4.0,1.0,0.0,0.0,0.0,1.0,2.0,0.0,1.0,1.0,1.0,1.5,3.0,2.0,3.0,6.0,10.0,14.0,19.0,2,Non-Industry,Skin,Targeted Therapy,2005,52.63157894736842,21.052631578947366,10.526315789473683,15.789473684210526,31.578947368421048
PMID 23248256 a_Summary_SoE.pdf,intervention,0,0.0,2.0,5.0,9.0,10.0,10.0,1.0,0.0,0.0,0.0,1.5,4.0,1.0,0.0,0.0,0.0,1.0,2.0,0.0,1.0,1.0,1.0,1.5,3.0,2.0,3.0,6.0,10.0,14.0,19.0,2,Non-Industry,Skin,Targeted Therapy,2005,52.63157894736842,21.052631578947366,10.526315789473683,15.789473684210526,31.578947368421048
PMID 23295789 a_Summary_SoE.pdf,control,0,0.0,0.0,0.0,0.0,0.0,0.0,1.5,0.0,1.0,2.0,2.5,3.0,0.5,5.0,8.5,14.0,14.0,14.5,0.0,0.0,0.0,0.0,0.0,0.0,2.0,5.0,9.5,16.0,16.5,17.5,2,Non-Industry,Heme,Targeted Therapy,2003,0.0,17.142857142857142,82.85714285714286,0.0,100.0
PMID 23295789 a_Summary_SoE.pdf,intervention,0,0.0,5.0,6.5,9.0,9.0,9.0,1.5,0.0,1.0,2.0,2.5,3.0,0.5,1.0,3.0,6.0,6.0,6.5,0.0,0.0,0.0,0.0,0.0,0.0,2.0,6.0,10.5,17.0,17.5,18.5,2,Non-Industry,Heme,Targeted Therapy,2003,48.64864864864865,16.216216216216218,35.13513513513514,0.0,51.351351351351354
PMID 23295789 a_Summary_SoE.pdf,intervention,1,0.0,5.0,6.5,9.0,9.0,9.0,1.5,0.0,1.0,2.0,2.5,3.0,0.5,1.0,3.0,6.0,6.0,6.5,0.0,0.0,0.0,0.0,0.0,0.0,2.0,6.0,10.5,17.0,17.5,18.5,2,Non-Industry,Heme,Targeted Therapy,2003,48.64864864864865,16.216216216216218,35.13513513513514,0.0,51.351351351351354
PMID 23295793 a_Summary_SoE.pdf,control,0,0.0,0.0,0.0,0.0,0.0,0.0,0.0,0.0,0.0,0.0,0.0,1.0,1.0,1.0,2.0,3.0,3.0,3.0,0.0,0.0,0.0,0.0,0.0,0.0,1.0,1.0,2.0,3.0,3.0,4.0,2,Industry,GU,Other,2005,0.0,25.0,75.0,0.0,100.0
PMID 23295793 a_Summary_SoE.pdf,intervention,0,0.0,0.0,0.0,0.0,0.0,0.0,0.0,0.0,0.0,0.0,0.0,1.0,1.0,1.0,2.0,3.0,3.0,3.0,0.0,0.0,0.0,0.0,0.0,0.0,1.0,1.0,2.0,3.0,3.0,4.0,2,Industry,GU,Other,2005,0.0,25.0,75.0,0.0,100.0
PMID 23358971 a_Summary_SoE.pdf,control,0,0.0,0.5,0.5,0.5,0.5,0.5,1.0,0.0,0.0,0.0,0.0,1.0,0.0,0.0,0.0,1.0,1.0,1.0,0.0,0.0,1.0,1.0,2.0,2.0,1.0,0.5,1.5,2.5,3.5,4.5,2,Industry,Breast,Endocrine,2003,11.11111111111111,22.22222222222222,22.22222222222222,44.44444444444444,44.44444444444444
PMID 23358971 a_Summary_SoE.pdf,control,1,0.0,0.5,0.5,0.5,0.5,0.5,1.0,0.0,0.0,0.0,0.0,1.0,0.0,0.0,0.0,1.0,1.0,1.0,0.0,0.0,1.0,1.0,2.0,2.0,1.0,0.5,1.5,2.5,3.5,4.5,2,Industry,Breast,Endocrine,2003,11.11111111111111,22.22222222222222,22.22222222222222,44.44444444444444,44.44444444444444
PMID 23358971 a_Summary_SoE.pdf,intervention,0,0.0,0.5,0.5,0.5,0.5,0.5,1.0,0.0,0.0,0.0,0.0,1.0,0.0,0.0,0.0,1.0,1.0,1.0,0.0,0.0,1.0,1.0,2.0,2.0,1.0,0.5,1.5,2.5,3.5,4.5,2,Industry,Breast,Endocrine,2003,11.11111111111111,22.22222222222222,22.22222222222222,44.44444444444444,44.44444444444444
PMID 23358971 a_Summary_SoE.pdf,intervention,1,0.0,0.5,0.5,0.5,0.5,0.5,1.0,0.0,0.0,0.0,0.0,1.0,0.0,0.0,0.0,1.0,1.0,1.0,0.0,0.0,1.0,1.0,2.0,2.0,1.0,0.5,1.5,2.5,3.5,4.5,2,Industry,Breast,Endocrine,2003,11.11111111111111,22.22222222222222,22.22222222222222,44.44444444444444,44.44444444444444
PMID 23358972_Summary_SoE.pdf,control,0,0.0,3.0,7.0,13.0,20.0,27.0,1.0,0.0,0.0,0.0,0.0,0.0,1.0,2.0,2.0,2.0,2.0,2.0,0.0,0.0,0.0,0.0,0.0,0.0,2.0,5.0,9.0,15.0,22.0,29.0,2,Industry,GI,Targeted Therapy,2007,93.10344827586206,0.0,6.896551724137931,0.0,6.896551724137931
PMID 23358972_Summary_SoE.pdf,intervention,0,0.0,3.0,7.0,13.0,20.0,27.0,1.0,0.0,0.0,0.0,0.0,0.0,1.0,2.0,2.0,2.0,2.0,2.0,0.0,0.0,0.0,0.0,0.0,0.0,2.0,5.0,9.0,15.0,22.0,29.0,2,Industry,GI,Targeted Therapy,2007,93.10344827586206,0.0,6.896551724137931,0.0,6.896551724137931
PMID 23460714 a_Summary_SoE.pdf,control,0,0.0,4.0,10.0,19.5,30.0,40.0,1.0,0.0,0.0,0.0,0.0,0.0,1.0,0.0,0.0,0.0,0.0,0.0,0.0,0.0,0.0,0.0,0.0,0.0,2.0,4.0,10.0,19.5,30.0,40.0,2,Industry,HN,Targeted Therapy,2004,100.0,0.0,0.0,0.0,0.0
PMID 23460714 a_Summary_SoE.pdf,intervention,0,0.0,4.0,10.0,19.5,30.0,40.0,1.0,0.0,0.0,0.0,0.0,0.0,1.0,0.0,0.0,0.0,0.0,0.0,0.0,0.0,0.0,0.0,0.0,0.0,2.0,4.0,10.0,19.5,30.0,40.0,2,Industry,HN,Targeted Therapy,2004,100.0,0.0,0.0,0.0,0.0
PMID 23478059 a_Summary_SoE.pdf,control,0,0.0,3.0,5.0,8.0,12.0,15.0,1.0,0.0,0.0,0.0,0.0,0.0,0.0,0.0,0.0,0.0,0.0,0.0,0.0,0.0,0.0,0.0,0.0,0.0,1.0,3.0,5.0,8.0,12.0,15.0,2,Industry,GYN,Targeted Therapy,2006,100.0,0.0,0.0,0.0,0.0
PMID 23478059 a_Summary_SoE.pdf,intervention,0,0.0,3.0,5.0,8.0,12.0,15.0,1.0,0.0,0.0,0.0,0.0,0.0,0.0,0.0,0.0,0.0,0.0,0.0,0.0,0.0,0.0,0.0,0.0,0.0,1.0,3.0,5.0,8.0,12.0,15.0,2,Industry,GYN,Targeted Therapy,2006,100.0,0.0,0.0,0.0,0.0
PMID 23509322 a_Summary_SoE.pdf,control,0,0.0,4.0,10.0,18.5,19.0,20.0,1.0,0.0,0.0,0.5,1.0,2.0,0.0,0.0,0.0,0.0,0.0,0.0,0.0,0.0,0.0,0.0,0.0,0.0,1.0,4.0,10.0,19.0,20.0,22.0,2,Industry,Breast,Targeted Therapy,2006,90.9090909090909,9.090909090909092,0.0,0.0,9.090909090909092
PMID 23509322 a_Summary_SoE.pdf,intervention,0,0.0,2.0,5.0,9.5,10.0,11.0,0.5,0.0,0.5,1.5,2.0,3.0,0.0,0.5,0.5,0.5,0.5,0.5,0.0,0.0,0.0,0.0,0.0,0.0,0.5,2.5,6.0,11.5,12.5,14.5,2,Industry,Breast,Targeted Therapy,2006,75.86206896551724,20.689655172413794,3.4482758620689653,0.0,24.137931034482758
PMID 23509322 a_Summary_SoE.pdf,intervention,1,0.0,4.0,10.0,18.0,18.0,18.0,1.0,0.0,0.0,1.0,2.0,4.0,0.0,0.0,0.0,0.0,0.0,0.0,0.0,0.0,0.0,0.0,0.0,0.0,1.0,4.0,10.0,19.0,20.0,22.0,1,Industry,Breast,Targeted Therapy,2006,81.81818181818183,18.181818181818183,0.0,0.0,18.181818181818183
PMID 23569308 a_Summary_SoE.pdf,control,0,0.0,2.0,5.0,9.0,10.0,10.0,1.0,0.0,0.0,0.0,0.0,1.0,0.0,3.0,4.0,4.0,6.0,9.5,0.0,0.0,0.0,0.0,0.0,0.0,1.0,5.0,9.0,13.0,16.0,20.5,2,Industry,GU,Chemotherapy,2008,48.78048780487805,4.878048780487805,46.34146341463415,0.0,51.21951219512195
PMID 23569308 a_Summary_SoE.pdf,intervention,0,0.0,2.0,5.0,9.0,10.0,10.0,1.0,0.0,0.0,0.0,0.0,1.0,0.0,3.0,4.0,4.0,6.0,9.5,0.0,0.0,0.0,0.0,0.0,0.0,1.0,5.0,9.0,13.0,16.0,20.5,2,Industry,GU,Chemotherapy,2008,48.78048780487805,4.878048780487805,46.34146341463415,0.0,51.21951219512195
PMID 23690416 a_Summary_SoE.pdf,control,0,0.5,4.0,9.0,12.0,12.0,12.0,1.0,0.0,1.0,2.5,4.5,6.5,0.5,0.0,0.0,0.5,0.5,0.5,0.0,0.0,0.0,0.0,0.0,0.0,2.0,4.0,10.0,15.0,17.0,19.0,2,Industry,Thor,Chemotherapy,2007,63.1578947368421,34.21052631578947,2.631578947368421,0.0,36.84210526315789
PMID 23690416 a_Summary_SoE.pdf,intervention,0,0.5,5.0,11.5,18.0,18.0,18.0,1.0,0.0,1.0,2.0,4.0,6.0,0.5,0.0,0.0,0.5,0.5,0.5,0.0,0.0,0.0,0.0,0.0,0.0,2.0,5.0,12.5,20.5,22.5,24.5,2,Industry,Thor,Chemotherapy,2007,73.46938775510205,24.489795918367346,2.0408163265306123,0.0,26.53061224489796
PMID 23724913 a_Summary_SoE.pdf,control,0,0.0,2.0,5.0,9.0,13.0,18.0,1.0,0.0,0.0,0.0,0.0,0.0,0.0,1.0,1.0,1.0,1.0,1.0,0.0,0.0,0.0,0.0,0.0,0.5,1.0,3.0,6.0,10.0,14.0,19.5,2,Industry,Thor,Chemotherapy,2009,92.3076923076923,0.0,5.128205128205128,2.564102564102564,5.128205128205128
PMID 23724913 a_Summary_SoE.pdf,intervention,0,0.0,1.5,3.0,5.0,7.0,9.5,1.0,0.0,1.0,2.0,3.0,4.0,0.0,1.5,2.0,3.0,4.0,5.5,0.0,0.0,0.0,0.0,0.0,0.5,1.0,3.0,6.0,10.0,14.0,19.5,2,Industry,Thor,Chemotherapy,2009,48.717948717948715,20.51282051282051,28.205128205128204,2.564102564102564,48.717948717948715
PMID 23733756 a_Summary_SoE.pdf,control,0,0.0,5.0,12.5,12.5,12.5,12.5,0.0,0.0,0.0,0.0,0.0,0.0,1.0,0.0,0.0,1.0,1.0,1.0,0.5,0.0,0.0,0.0,1.0,2.0,1.5,5.0,12.5,13.5,14.5,15.5,2,Non-Industry,Breast,Other,2009,80.64516129032258,0.0,6.451612903225806,12.903225806451612,6.451612903225806
PMID 23733756 a_Summary_SoE.pdf,intervention,0,0.0,5.0,12.5,12.5,12.5,12.5,0.0,0.0,0.0,0.0,0.0,0.0,1.0,0.0,0.0,1.0,1.0,1.0,0.5,0.0,0.0,0.0,1.0,2.0,1.5,5.0,12.5,13.5,14.5,15.5,2,Non-Industry,Breast,Other,2009,80.64516129032258,0.0,6.451612903225806,12.903225806451612,6.451612903225806
PMID 23733779 a_Summary_SoE.pdf,control,0,0.0,2.0,5.0,6.0,6.0,6.0,1.5,0.0,0.0,0.0,0.0,0.5,0.0,0.0,0.0,1.0,1.0,1.5,0.0,0.0,0.0,0.5,1.5,1.5,1.5,2.0,5.0,7.5,8.5,9.5,2,Non-Industry,Breast,Chemotherapy,2003,63.1578947368421,5.263157894736842,15.789473684210526,15.789473684210526,21.052631578947366
PMID 23733779 a_Summary_SoE.pdf,intervention,0,0.0,2.0,5.0,12.0,12.0,12.0,1.5,0.0,0.0,0.0,0.0,0.5,0.0,0.0,0.0,1.0,1.0,1.5,0.0,0.0,0.0,0.5,1.5,1.5,1.5,2.0,5.0,13.5,14.5,15.5,2,Non-Industry,Breast,Chemotherapy,2003,77.41935483870968,3.225806451612903,9.67741935483871,9.67741935483871,12.903225806451612
PMID 23816960 a_Summary_SoE.pdf,control,0,0.0,2.0,5.0,6.0,6.0,6.0,2.0,0.5,1.5,3.5,5.5,7.5,0.0,1.5,1.5,3.0,6.0,10.0,0.0,0.0,0.0,0.5,0.5,0.5,2.0,4.0,8.0,13.0,18.0,24.0,2,Industry,Thor,Chemotherapy,2009,25.0,31.25,41.66666666666667,2.083333333333333,72.91666666666667
PMID 23816960 a_Summary_SoE.pdf,intervention,0,0.0,0.5,0.5,0.5,0.5,0.5,2.0,1.0,4.0,6.5,9.5,12.0,0.0,2.5,3.5,6.0,8.0,11.5,0.0,0.0,0.0,0.0,0.0,0.0,2.0,4.0,8.0,13.0,18.0,24.0,2,Industry,Thor,Chemotherapy,2009,2.083333333333333,50.0,47.91666666666667,0.0,97.91666666666667
PMID 23835708 a_Summary_SoE.pdf,control,0,0.0,2.0,5.0,9.0,13.0,18.0,1.0,0.0,0.0,0.0,0.0,0.0,0.0,0.0,0.0,0.0,0.0,0.0,0.0,0.0,0.0,0.0,0.0,0.0,1.0,2.0,5.0,9.0,13.0,18.0,2,Industry,Thor,Targeted Therapy,2009,100.0,0.0,0.0,0.0,0.0
PMID 23835708 a_Summary_SoE.pdf,intervention,0,0.0,2.0,5.0,9.0,13.0,18.0,1.0,0.0,0.0,0.0,0.0,0.0,0.0,0.0,0.0,0.0,0.0,0.0,0.0,0.0,0.0,0.0,0.0,0.0,1.0,2.0,5.0,9.0,13.0,18.0,2,Industry,Thor,Targeted Therapy,2009,100.0,0.0,0.0,0.0,0.0
PMID 23857972 a_Summary_SoE.pdf,control,0,0.0,1.5,3.5,6.0,8.5,11.5,1.0,1.5,2.5,4.0,5.5,7.5,0.0,1.0,1.0,1.0,1.0,1.0,0.0,0.0,0.0,0.0,0.0,0.0,1.0,4.0,7.0,11.0,15.0,20.0,2,Industry,Breast,Targeted Therapy,2007,57.49999999999999,37.5,5.0,0.0,42.5
PMID 23857972 a_Summary_SoE.pdf,intervention,0,0.0,1.5,3.5,6.0,8.5,11.5,1.0,1.5,2.5,4.0,5.5,7.5,0.0,1.0,1.0,1.0,1.0,1.0,0.0,0.0,0.0,0.0,0.0,0.0,1.0,4.0,7.0,11.0,15.0,20.0,2,Industry,Breast,Targeted Therapy,2007,57.49999999999999,37.5,5.0,0.0,42.5
PMID 23863050 a_Summary_SoE.pdf,control,0,0.0,2.0,4.0,6.0,6.0,6.0,1.5,0.5,0.5,1.5,1.5,1.5,0.0,0.0,0.0,0.0,1.0,3.0,0.5,1.0,1.0,1.0,1.0,1.0,2.0,3.5,5.5,8.5,9.5,11.5,2,Industry,GU,Radiation,2008,52.17391304347826,13.043478260869565,26.08695652173913,8.695652173913043,39.130434782608695
PMID 23863050 a_Summary_SoE.pdf,intervention,0,0.0,2.0,4.0,6.0,6.0,6.0,1.5,0.5,0.5,1.5,1.5,1.5,0.0,0.0,0.0,0.0,1.0,3.0,0.5,1.0,1.0,1.0,1.0,1.0,2.0,3.5,5.5,8.5,9.5,11.5,2,Industry,GU,Radiation,2008,52.17391304347826,13.043478260869565,26.08695652173913,8.695652173913043,39.130434782608695
PMID 23940216 a_Summary_SoE.pdf,control,0,0.0,0.5,1.5,2.5,3.5,4.5,1.0,0.5,1.5,2.5,3.5,4.5,0.0,4.0,6.0,8.0,10.0,13.0,0.0,0.0,0.0,0.0,0.0,0.0,1.0,5.0,9.0,13.0,17.0,22.0,2,Industry,CNS,Targeted Therapy,2008,20.454545454545457,20.454545454545457,59.09090909090909,0.0,79.54545454545455
PMID 23940216 a_Summary_SoE.pdf,intervention,0,0.0,0.0,0.0,0.0,0.0,0.0,1.0,1.0,3.0,5.0,7.0,9.0,0.0,0.5,1.0,2.0,3.0,4.5,0.0,3.5,4.5,4.5,4.5,4.5,1.0,5.0,8.5,11.5,14.5,18.0,2,Industry,CNS,Targeted Therapy,2008,0.0,50.0,25.0,25.0,75.0
PMID 23940216 a_Summary_SoE.pdf,intervention,1,0.0,0.5,1.5,2.5,3.5,4.5,1.0,0.5,1.5,2.5,3.5,4.5,0.0,4.0,6.0,8.0,10.0,13.0,0.0,0.0,0.0,0.0,0.0,0.0,1.0,5.0,9.0,13.0,17.0,22.0,2,Industry,CNS,Targeted Therapy,2008,20.454545454545457,20.454545454545457,59.09090909090909,0.0,79.54545454545455
PMID 23940225 a_Summary_SoE.pdf,control,0,0.0,3.0,7.5,9.0,9.0,9.0,1.0,0.5,0.5,0.5,0.5,0.5,1.5,0.5,0.5,1.5,1.5,1.5,0.5,0.5,0.5,0.5,0.5,0.5,3.0,4.5,9.0,11.5,11.5,12.5,2,Non-Industry,Breast,Chemotherapy,2004,72.0,4.0,12.0,4.0,16.0
PMID 23940225 a_Summary_SoE.pdf,intervention,0,0.0,4.5,10.5,12.0,12.0,12.0,1.0,0.5,0.5,0.5,0.5,1.5,1.5,0.5,0.5,1.5,1.5,1.5,0.5,0.5,0.5,0.5,0.5,0.5,3.0,6.0,12.0,14.5,14.5,15.5,2,Non-Industry,Breast,Chemotherapy,2004,77.41935483870968,9.67741935483871,9.67741935483871,3.225806451612903,19.35483870967742
PMID 23940225 a_Summary_SoE.pdf,intervention,1,0.0,4.5,10.5,12.0,12.0,12.0,1.0,0.5,0.5,0.5,0.5,1.5,1.5,0.5,0.5,1.5,1.5,1.5,0.5,0.5,0.5,0.5,0.5,0.5,3.0,6.0,12.0,14.5,14.5,15.5,2,Non-Industry,Breast,Chemotherapy,2004,77.41935483870968,9.67741935483871,9.67741935483871,3.225806451612903,19.35483870967742
PMID 23960180 a_Summary_SoE.pdf,control,0,0.0,5.5,14.5,20.5,20.5,20.5,1.0,0.0,0.0,0.5,1.5,1.5,1.0,1.0,3.0,4.0,4.0,5.0,0.0,0.0,0.0,0.0,0.0,0.0,2.0,6.5,17.5,25.0,26.0,27.0,2,Industry,Heme,Targeted Therapy,2004,75.92592592592592,5.555555555555555,18.51851851851852,0.0,24.074074074074076
PMID 23960180 a_Summary_SoE.pdf,intervention,0,0.0,5.5,14.5,20.5,21.5,22.5,1.0,0.0,0.0,0.5,1.5,1.5,1.0,1.0,3.0,4.0,4.0,5.0,0.0,0.0,0.0,0.0,0.0,0.0,2.0,6.5,17.5,25.0,27.0,29.0,2,Industry,Heme,Targeted Therapy,2004,77.58620689655173,5.172413793103448,17.24137931034483,0.0,22.413793103448278
PMID 23980091 a_Summary_SoE.pdf,control,0,0.0,0.0,0.0,0.0,0.0,0.0,1.0,1.0,2.0,3.0,4.0,5.0,0.0,0.0,0.0,0.0,0.0,0.0,0.0,0.0,0.0,0.0,0.0,0.0,1.0,1.0,2.0,3.0,4.0,5.0,2,Non-Industry,Thor,Targeted Therapy,2002,0.0,100.0,0.0,0.0,100.0
PMID 23980091 a_Summary_SoE.pdf,intervention,0,0.0,0.0,0.0,0.0,0.0,0.0,1.0,1.0,2.0,3.0,4.0,5.0,0.0,0.0,0.0,0.0,0.0,0.0,0.0,0.0,0.0,0.0,0.0,0.0,1.0,1.0,2.0,3.0,4.0,5.0,2,Non-Industry,Thor,Targeted Therapy,2002,0.0,100.0,0.0,0.0,100.0
PMID 24043745 a_Summary_SoE.pdf,control,0,0.0,0.5,0.5,0.5,0.5,0.5,1.0,0.0,2.0,4.0,6.0,8.0,1.0,2.0,3.0,5.0,7.0,9.5,0.0,0.0,0.0,0.0,0.0,0.0,2.0,2.5,5.5,9.5,13.5,18.0,2,Industry,GI,Targeted Therapy,2009,2.7777777777777777,44.44444444444444,52.77777777777778,0.0,97.22222222222223
PMID 24043745 a_Summary_SoE.pdf,intervention,0,0.0,0.5,0.5,0.5,0.5,0.5,1.0,0.0,2.0,4.0,6.0,8.0,1.0,2.0,3.0,5.0,7.0,9.5,0.0,0.0,0.0,0.0,0.0,0.0,2.0,2.5,5.5,9.5,13.5,18.0,2,Industry,GI,Targeted Therapy,2009,2.7777777777777777,44.44444444444444,52.77777777777778,0.0,97.22222222222223
PMID 24081940 a_Summary_SoE.pdf,control,0,0.0,0.0,0.0,0.0,0.0,0.0,0.0,0.0,0.0,0.0,0.0,0.0,0.0,1.0,1.0,1.0,1.0,1.0,1.0,0.0,0.0,0.0,0.0,0.0,1.0,1.0,1.0,1.0,1.0,1.0,2,Non-Industry,GU,Other,2007,0.0,0.0,100.0,0.0,100.0
PMID 24081940 a_Summary_SoE.pdf,intervention,0,0.0,0.0,0.0,0.0,0.0,0.0,0.0,0.0,0.0,0.0,0.0,0.0,0.0,1.0,1.0,1.0,1.0,1.0,1.0,0.0,0.0,0.0,0.0,0.0,1.0,1.0,1.0,1.0,1.0,1.0,2,Non-Industry,GU,Other,2007,0.0,0.0,100.0,0.0,100.0
PMID 24081940 a_Summary_SoE.pdf,intervention,1,0.0,0.0,0.0,0.0,0.0,0.0,0.0,0.0,0.0,0.0,0.0,0.0,0.0,1.0,1.0,1.0,1.0,1.0,1.0,0.0,0.0,0.0,0.0,0.0,1.0,1.0,1.0,1.0,1.0,1.0,2,Non-Industry,GU,Other,2007,0.0,0.0,100.0,0.0,100.0
PMID 24081940 a_Summary_SoE.pdf,intervention,2,0.0,0.0,0.0,0.0,0.0,0.0,0.0,0.0,0.0,0.0,0.0,0.0,0.0,1.0,1.0,1.0,1.0,1.0,1.0,0.0,0.0,0.0,0.0,0.0,1.0,1.0,1.0,1.0,1.0,1.0,2,Non-Industry,GU,Other,2007,0.0,0.0,100.0,0.0,100.0
PMID 24101040 a_Summary_SoE.pdf,control,0,0.0,20.0,30.0,30.0,30.0,30.0,1.0,0.5,1.0,2.0,3.0,4.0,0.5,0.0,0.5,7.5,13.5,16.5,0.5,0.5,2.0,5.0,7.0,8.5,2.0,21.0,33.5,44.5,53.5,59.0,2,Non-Industry,CNS,Chemotherapy,2006,50.847457627118644,6.779661016949152,27.966101694915253,14.40677966101695,34.7457627118644
PMID 24101040 a_Summary_SoE.pdf,intervention,0,0.0,20.0,30.0,30.0,30.0,30.0,1.0,0.5,1.0,2.0,3.0,4.0,0.5,0.0,1.0,10.5,19.0,24.0,0.5,0.5,1.5,4.0,6.0,7.5,2.0,21.0,33.5,46.5,58.0,65.5,2,Non-Industry,CNS,Chemotherapy,2006,45.80152671755725,6.106870229007633,36.6412213740458,11.450381679389313,42.74809160305343
PMID 24101054 a_Summary_SoE.pdf,control,0,0.0,3.5,9.0,13.0,17.0,22.0,1.0,0.0,1.0,1.0,1.0,1.0,0.0,0.0,0.0,0.0,0.0,0.0,0.0,0.0,0.0,0.0,0.0,0.0,1.0,3.5,10.0,14.0,18.0,23.0,2,Industry,Thor,Targeted Therapy,2006,95.65217391304348,4.3478260869565215,0.0,0.0,4.3478260869565215
PMID 24101054 a_Summary_SoE.pdf,intervention,0,0.0,3.5,9.0,13.0,17.0,22.0,1.0,0.0,1.0,1.0,1.0,1.0,0.0,0.0,0.0,0.0,0.0,0.0,0.0,0.0,0.0,0.0,0.0,0.0,1.0,3.5,10.0,14.0,18.0,23.0,2,Industry,Thor,Targeted Therapy,2006,95.65217391304348,4.3478260869565215,0.0,0.0,4.3478260869565215
PMID 24131140 a_Summary_SoE.pdf,control,0,0.0,5.0,11.0,21.0,31.0,42.5,1.0,0.5,0.5,0.5,0.5,1.0,0.5,0.0,0.5,0.5,0.5,0.5,0.0,0.0,0.0,0.0,0.0,0.0,1.5,5.5,12.0,22.0,32.0,44.0,2,Industry,GI,Chemotherapy,2009,96.5909090909091,2.272727272727273,1.1363636363636365,0.0,3.409090909090909
PMID 24131140 a_Summary_SoE.pdf,intervention,0,0.0,4.0,10.0,20.0,30.0,41.5,1.0,0.5,0.5,0.5,0.5,1.0,0.5,0.5,1.0,1.0,1.0,1.0,0.0,0.0,0.0,0.0,0.0,0.0,1.5,5.0,11.5,21.5,31.5,43.5,2,Industry,GI,Chemotherapy,2009,95.40229885057471,2.2988505747126435,2.2988505747126435,0.0,4.597701149425287
PMID 24145346 a_Summary_SoE.pdf,control,0,0.0,2.0,5.0,9.0,13.0,18.0,1.0,0.0,0.0,0.0,0.0,0.0,0.0,3.0,8.0,8.0,8.0,8.0,0.0,0.0,0.0,0.0,0.0,0.0,1.0,5.0,13.0,17.0,21.0,26.0,2,Industry,Thor,Targeted Therapy,2008,69.23076923076923,0.0,30.76923076923077,0.0,30.76923076923077
PMID 24145346 a_Summary_SoE.pdf,intervention,0,0.0,2.0,5.0,9.0,13.0,18.0,1.0,0.0,0.0,0.0,0.0,0.0,0.0,3.0,8.0,8.0,8.0,8.0,0.0,0.0,0.0,0.0,0.0,0.0,1.0,5.0,13.0,17.0,21.0,26.0,2,Industry,Thor,Targeted Therapy,2008,69.23076923076923,0.0,30.76923076923077,0.0,30.76923076923077
PMID 24297945 a_Summary_SoE.pdf,control,0,0.0,3.0,7.0,13.0,20.0,27.0,1.5,0.0,0.0,0.0,0.0,0.5,0.5,2.0,6.0,13.0,19.0,26.0,0.0,0.0,0.0,0.0,0.0,0.0,2.0,5.0,13.0,26.0,39.0,53.5,2,Industry,GU,Immunotherapy,2008,50.467289719626166,0.9345794392523363,48.598130841121495,0.0,49.532710280373834
PMID 24297945 a_Summary_SoE.pdf,intervention,0,0.0,5.0,13.0,26.0,39.0,53.0,1.5,0.0,0.0,0.0,0.0,0.5,0.5,0.0,0.0,0.0,0.0,0.0,0.0,0.0,0.0,0.0,0.0,0.0,2.0,5.0,13.0,26.0,39.0,53.5,2,Industry,GU,Immunotherapy,2008,99.06542056074767,0.9345794392523363,0.0,0.0,0.9345794392523363
PMID 24297950 a_Summary_SoE.pdf,control,0,0.0,0.0,0.0,0.0,0.0,0.0,1.0,1.0,3.0,5.0,7.0,9.0,0.0,2.0,4.0,8.0,13.0,18.0,0.0,0.0,0.0,0.0,0.0,0.0,1.0,3.0,7.0,13.0,20.0,27.0,2,Industry,GU,Targeted Therapy,2007,0.0,33.33333333333333,66.66666666666666,0.0,99.99999999999999
PMID 24297950 a_Summary_SoE.pdf,intervention,0,0.0,5.0,13.0,26.0,39.0,53.0,1.0,0.0,0.0,0.0,0.0,0.0,0.0,0.0,0.0,0.0,0.0,0.0,0.0,0.0,0.0,0.0,0.0,0.0,1.0,5.0,13.0,26.0,39.0,53.0,2,Industry,GU,Targeted Therapy,2007,100.0,0.0,0.0,0.0,0.0
PMID 24297951 a_Summary_SoE.pdf,control,0,0.0,3.0,7.0,12.5,12.5,12.5,0.0,0.0,0.0,0.0,0.0,0.0,1.0,0.0,0.0,0.5,1.0,1.5,0.0,0.0,0.0,0.0,1.0,1.5,1.0,3.0,7.0,13.0,14.5,15.5,2,Non-Industry,GI,Chemotherapy,2010,80.64516129032258,0.0,9.67741935483871,9.67741935483871,9.67741935483871
PMID 24297951 a_Summary_SoE.pdf,intervention,0,0.0,3.0,7.0,12.5,12.5,12.5,0.0,0.0,0.0,0.0,0.0,0.0,1.0,0.0,0.0,0.5,1.0,1.5,0.0,0.0,0.0,0.0,1.0,1.5,1.0,3.0,7.0,13.0,14.5,15.5,2,Non-Industry,GI,Chemotherapy,2010,80.64516129032258,0.0,9.67741935483871,9.67741935483871,9.67741935483871
PMID 24297951 a_Summary_SoE.pdf,intervention,1,0.0,3.0,7.0,12.5,12.5,12.5,0.0,0.0,0.0,0.0,0.0,0.0,1.0,0.0,0.0,0.5,1.0,1.5,0.0,0.0,0.0,0.0,1.0,1.5,1.0,3.0,7.0,13.0,14.5,15.5,2,Non-Industry,GI,Chemotherapy,2010,80.64516129032258,0.0,9.67741935483871,9.67741935483871,9.67741935483871
PMID 24323035 a_Summary_SoE.pdf,control,0,0.0,2.0,4.0,7.0,10.0,14.0,1.0,0.0,0.0,0.0,0.0,0.0,0.0,1.0,1.0,1.0,1.0,1.0,0.0,0.0,0.0,0.0,0.0,0.0,1.0,3.0,5.0,8.0,11.0,15.0,2,Industry,GU,Targeted Therapy,2008,93.33333333333333,0.0,6.666666666666667,0.0,6.666666666666667
PMID 24323035 a_Summary_SoE.pdf,intervention,0,0.0,2.0,4.0,7.0,10.0,14.0,1.0,0.0,0.0,0.0,0.0,0.0,0.0,1.0,1.0,1.0,1.0,1.0,0.0,0.0,0.0,0.0,0.0,0.0,1.0,3.0,5.0,8.0,11.0,15.0,2,Industry,GU,Targeted Therapy,2008,93.33333333333333,0.0,6.666666666666667,0.0,6.666666666666667
PMID 24395863 a_Summary_SoE.pdf,control,0,0.0,22.0,36.5,36.5,36.5,36.5,1.0,0.0,0.0,0.0,0.0,0.0,1.0,0.0,0.0,0.0,0.0,0.0,0.0,0.0,1.0,2.0,3.0,4.0,2.0,22.0,37.5,38.5,39.5,40.5,2,Non-Industry,GYN,Chemotherapy,2006,90.12345679012346,0.0,0.0,9.876543209876543,0.0
PMID 24395863 a_Summary_SoE.pdf,intervention,0,0.0,22.0,36.5,36.5,36.5,36.5,1.0,0.0,0.0,0.0,0.0,0.0,1.0,0.0,0.0,0.0,0.0,0.0,0.0,0.0,1.0,2.0,3.0,4.0,2.0,22.0,37.5,38.5,39.5,40.5,2,Non-Industry,GYN,Chemotherapy,2006,90.12345679012346,0.0,0.0,9.876543209876543,0.0
PMID 24401022 a_Summary_SoE.pdf,control,0,0.0,1.5,3.5,6.0,6.0,6.0,1.0,0.0,0.0,0.0,1.0,1.0,0.0,1.5,3.5,6.0,7.0,8.0,0.0,0.0,0.0,0.0,0.0,0.0,1.0,3.0,7.0,12.0,14.0,15.0,2,Industry,Heme,Targeted Therapy,2009,40.0,6.666666666666667,53.333333333333336,0.0,60.0
PMID 24401022 a_Summary_SoE.pdf,intervention,0,0.0,2.5,5.5,9.0,9.0,9.0,1.0,0.0,0.0,0.0,1.0,1.0,0.0,0.5,1.5,3.0,4.0,5.0,0.0,0.0,0.0,0.0,0.0,0.0,1.0,3.0,7.0,12.0,14.0,15.0,2,Industry,Heme,Targeted Therapy,2009,60.0,6.666666666666667,33.33333333333333,0.0,39.99999999999999
PMID 24401022 a_Summary_SoE.pdf,intervention,1,0.0,4.5,7.5,11.0,11.0,11.0,1.0,0.0,0.0,0.0,1.0,1.0,0.0,0.0,1.0,2.5,3.5,4.5,0.0,0.0,0.0,0.0,0.0,0.0,1.0,4.5,8.5,13.5,15.5,16.5,2,Industry,Heme,Targeted Therapy,2009,66.66666666666666,6.0606060606060606,27.27272727272727,0.0,33.33333333333333
PMID 24439929 CT_Summary_SoE.pdf,control,0,0.0,4.0,9.0,12.0,12.0,12.0,1.0,0.0,0.0,1.0,1.0,1.0,1.0,0.0,0.0,1.5,3.5,6.0,0.0,0.0,0.0,0.5,2.5,5.0,2.0,4.0,9.0,15.0,19.0,24.0,2,Industry,Thor,Chemotherapy,2010,50.0,4.166666666666666,25.0,20.833333333333336,29.166666666666664
PMID 24439929 CT_Summary_SoE.pdf,intervention,0,0.0,1.5,3.0,5.5,8.0,12.0,1.0,1.0,2.0,3.0,4.5,6.0,1.0,1.5,2.0,2.5,2.5,2.0,0.0,0.0,0.0,0.0,0.0,0.0,2.0,4.0,7.0,11.0,15.0,20.0,2,Industry,Thor,Chemotherapy,2010,60.0,30.0,10.0,0.0,40.0
PMID 24450857 a_Summary_SoE.pdf,control,0,0.0,3.0,6.0,9.0,9.0,9.0,1.0,0.0,0.0,0.0,1.0,2.5,0.0,0.0,1.0,1.0,2.0,3.0,0.0,0.0,0.0,0.0,0.0,0.0,1.0,3.0,7.0,10.0,12.0,14.5,2,Industry,Heme,Targeted Therapy,2012,62.06896551724138,17.24137931034483,20.689655172413794,0.0,37.93103448275862
PMID 24450857 a_Summary_SoE.pdf,intervention,0,0.0,3.0,6.0,9.0,9.0,9.0,1.0,0.0,0.0,0.0,1.0,2.5,0.0,0.0,1.0,1.0,2.0,3.0,0.0,0.0,0.0,0.0,0.0,0.0,1.0,3.0,7.0,10.0,12.0,14.5,2,Industry,Heme,Targeted Therapy,2012,62.06896551724138,17.24137931034483,20.689655172413794,0.0,37.93103448275862
PMID 24552317 a_Summary_SoE.pdf,control,0,0.0,22.0,32.0,38.0,45.0,52.0,1.0,0.5,0.5,0.5,0.5,0.5,1.0,0.5,1.0,4.5,7.5,10.5,0.0,0.0,0.0,0.0,0.0,0.0,2.0,23.0,33.5,43.0,53.0,63.0,2,Non-Industry,CNS,Targeted Therapy,2009,82.53968253968253,0.7936507936507936,16.666666666666664,0.0,17.46031746031746
PMID 24552317 a_Summary_SoE.pdf,intervention,0,0.0,22.0,32.0,38.0,45.0,52.0,1.0,0.5,0.5,0.5,0.5,0.5,1.0,0.5,1.0,4.5,7.5,10.5,0.0,0.0,0.0,0.0,0.0,0.0,2.0,23.0,33.5,43.0,53.0,63.0,2,Non-Industry,CNS,Targeted Therapy,2009,82.53968253968253,0.7936507936507936,16.666666666666664,0.0,17.46031746031746
PMID 24552318 a_Summary_SoE.pdf,control,0,0.0,21.0,32.5,38.5,44.5,49.5,1.0,0.0,1.0,2.0,2.5,2.5,1.0,0.0,1.5,4.0,5.5,5.5,0.0,0.0,0.0,0.0,0.0,0.0,2.0,21.0,35.0,44.5,52.5,57.5,2,Industry,CNS,Targeted Therapy,2009,86.08695652173914,4.3478260869565215,9.565217391304348,0.0,13.91304347826087
PMID 24552318 a_Summary_SoE.pdf,intervention,0,0.0,21.0,32.5,38.5,44.5,49.5,1.0,0.0,1.0,2.0,2.5,2.5,1.0,0.0,1.5,4.0,5.5,5.5,0.0,0.0,0.0,0.0,0.0,0.0,2.0,21.0,35.0,44.5,52.5,57.5,2,Industry,CNS,Targeted Therapy,2009,86.08695652173914,4.3478260869565215,9.565217391304348,0.0,13.91304347826087
PMID 24552320 a_Summary_SoE.pdf,control,0,0.0,4.0,10.0,18.0,26.0,36.0,1.0,0.0,1.0,2.0,3.0,4.0,1.0,3.0,8.0,17.0,26.0,35.0,0.0,0.0,0.0,0.0,0.0,0.0,2.0,7.0,19.0,37.0,55.0,75.0,2,Non-Industry,GYN,Targeted Therapy,2009,48.0,5.333333333333334,46.666666666666664,0.0,52.0
PMID 24552320 a_Summary_SoE.pdf,intervention,0,0.0,4.0,10.0,18.0,26.0,36.0,1.0,0.0,1.0,2.0,3.0,4.0,1.0,3.0,8.0,17.0,26.0,35.0,0.0,0.0,0.0,0.0,0.0,0.0,2.0,7.0,19.0,37.0,55.0,75.0,2,Non-Industry,GYN,Targeted Therapy,2009,48.0,5.333333333333334,46.666666666666664,0.0,52.0
PMID 24552320 a_Summary_SoE.pdf,intervention,1,0.0,6.0,15.0,27.0,39.0,54.0,1.0,0.0,1.0,2.0,3.0,4.0,1.0,3.0,8.0,17.0,26.0,35.0,0.0,0.0,0.0,0.0,0.0,0.0,2.0,9.0,24.0,46.0,68.0,93.0,2,Non-Industry,GYN,Targeted Therapy,2009,58.06451612903226,4.301075268817205,37.634408602150536,0.0,41.935483870967744
PMID 24552320 a_Summary_SoE.pdf,intervention,2,0.0,6.0,15.0,27.0,39.0,54.0,1.0,0.0,1.0,2.0,3.0,4.0,1.0,3.0,8.0,17.0,26.0,35.0,0.0,0.0,0.0,0.0,0.0,0.0,2.0,9.0,24.0,46.0,68.0,93.0,2,Non-Industry,GYN,Targeted Therapy,2009,58.06451612903226,4.301075268817205,37.634408602150536,0.0,41.935483870967744
PMID 24590644 a_Summary_SoE.pdf,control,0,0.0,2.0,4.0,7.0,10.0,14.0,1.0,0.0,0.0,0.0,0.0,0.0,1.0,0.0,0.0,0.0,0.0,0.0,0.0,0.0,0.0,0.0,0.0,0.0,2.0,2.0,4.0,7.0,10.0,14.0,2,Non-Industry,GU,Other,2004,100.0,0.0,0.0,0.0,0.0
PMID 24590644 a_Summary_SoE.pdf,intervention,0,0.0,2.0,4.0,7.0,10.0,14.0,1.0,0.0,0.0,0.0,0.0,0.0,1.0,0.0,0.0,0.0,0.0,0.0,0.0,0.0,0.0,0.0,0.0,0.0,2.0,2.0,4.0,7.0,10.0,14.0,2,Non-Industry,GU,Other,2004,100.0,0.0,0.0,0.0,0.0
PMID 24637997 a_Summary_SoE.pdf,control,0,0.0,5.0,13.0,26.0,39.0,53.0,1.0,0.0,0.0,0.0,0.0,0.0,1.0,0.0,0.0,0.0,0.0,0.0,0.0,0.0,0.0,0.0,0.0,0.0,2.0,5.0,13.0,26.0,39.0,53.0,2,Industry,GYN,Targeted Therapy,2009,100.0,0.0,0.0,0.0,0.0
PMID 24637997 a_Summary_SoE.pdf,intervention,0,0.0,5.0,13.0,26.0,39.0,53.0,1.0,0.0,0.0,0.0,0.0,0.0,1.0,0.0,0.0,0.0,0.0,0.0,0.0,0.0,0.0,0.0,0.0,0.0,2.0,5.0,13.0,26.0,39.0,53.0,2,Industry,GYN,Targeted Therapy,2009,100.0,0.0,0.0,0.0,0.0
PMID 24733799 a_Summary_SoE.pdf,intervention,0,0.0,2.0,2.0,2.0,2.0,2.0,0.0,0.0,0.0,0.0,0.0,0.0,1.0,0.0,0.0,0.0,0.0,0.0,0.0,4.0,8.5,8.5,8.5,8.5,1.0,6.0,10.5,10.5,10.5,10.5,2,Non-Industry,HN,Other,2010,19.047619047619047,0.0,0.0,80.95238095238095,0.0
PMID 24733799 a_Summary_SoE.pdf,intervention,1,0.0,2.0,2.0,2.0,2.0,2.0,0.0,0.0,0.0,0.0,0.0,0.0,1.0,0.0,0.0,0.0,0.0,0.0,0.0,4.0,8.5,8.5,8.5,8.5,1.0,6.0,10.5,10.5,10.5,10.5,2,Non-Industry,HN,Other,2010,19.047619047619047,0.0,0.0,80.95238095238095,0.0
PMID 24768112 a_Summary_SoE.pdf,control,0,0.0,0.5,0.5,0.5,0.5,0.5,1.0,0.0,1.0,3.0,4.0,6.0,0.0,0.0,0.0,0.0,0.0,0.0,0.0,0.5,0.5,0.5,0.5,0.5,1.0,1.0,2.0,4.0,5.0,7.0,2,Industry,HN,Targeted Therapy,2009,7.142857142857142,85.71428571428571,0.0,7.142857142857142,85.71428571428571
PMID 24768112 a_Summary_SoE.pdf,intervention,0,0.0,0.5,0.5,0.5,0.5,0.5,1.0,0.0,1.0,3.0,4.0,6.0,0.0,0.0,0.0,0.0,0.0,0.0,0.0,0.5,0.5,0.5,0.5,0.5,1.0,1.0,2.0,4.0,5.0,7.0,2,Industry,HN,Targeted Therapy,2009,7.142857142857142,85.71428571428571,0.0,7.142857142857142,85.71428571428571
PMID 24868024 a_Summary_SoE.pdf,control,0,0.0,4.0,10.0,20.0,30.0,40.0,1.0,0.0,0.0,0.0,0.0,0.0,0.0,0.0,0.0,0.0,0.0,0.0,0.0,0.0,0.0,0.0,0.0,0.0,1.0,4.0,10.0,20.0,30.0,40.0,2,Industry,GI,Targeted Therapy,2007,100.0,0.0,0.0,0.0,0.0
PMID 24868024 a_Summary_SoE.pdf,intervention,0,0.0,4.0,10.0,20.0,30.0,40.0,1.0,0.0,0.0,0.0,0.0,0.0,0.0,0.0,0.0,0.0,0.0,0.0,0.0,0.0,0.0,0.0,0.0,0.0,1.0,4.0,10.0,20.0,30.0,40.0,2,Industry,GI,Targeted Therapy,2007,100.0,0.0,0.0,0.0,0.0
PMID 24881463 a_Summary_SoE.pdf,control,0,0.0,0.0,0.0,0.0,0.0,0.0,1.0,0.5,0.5,1.5,1.5,2.5,0.0,0.0,0.0,0.0,0.0,0.0,0.0,0.5,1.5,1.5,2.5,2.5,1.0,1.0,2.0,3.0,4.0,5.0,2,Industry,Breast,Endocrine,2003,0.0,50.0,0.0,50.0,50.0
PMID 24881463 a_Summary_SoE.pdf,control,1,0.0,2.0,4.0,7.0,10.0,14.0,1.0,0.0,0.0,0.0,0.0,0.0,0.0,0.0,0.0,0.0,0.0,0.0,0.0,0.0,0.0,0.0,0.0,0.0,1.0,2.0,4.0,7.0,10.0,14.0,1,Industry,Breast,Endocrine,2003,100.0,0.0,0.0,0.0,0.0
PMID 24881463 a_Summary_SoE.pdf,intervention,0,0.0,2.0,4.0,7.0,10.0,14.0,1.0,0.0,0.0,0.0,0.0,0.0,0.0,0.0,0.0,0.0,0.0,0.0,0.0,0.0,0.0,0.0,0.0,0.0,1.0,2.0,4.0,7.0,10.0,14.0,2,Industry,Breast,Endocrine,2003,100.0,0.0,0.0,0.0,0.0
PMID 24881463 a_Summary_SoE.pdf,intervention,1,0.0,2.0,4.0,7.0,10.0,14.0,1.0,0.0,0.0,0.0,0.0,0.0,0.0,0.0,0.0,0.0,0.0,0.0,0.0,0.0,0.0,0.0,0.0,0.0,1.0,2.0,4.0,7.0,10.0,14.0,2,Industry,Breast,Endocrine,2003,100.0,0.0,0.0,0.0,0.0
PMID 24881631 a_Summary_SoE.pdf,control,0,0.5,5.5,9.5,13.0,13.0,13.0,1.5,0.5,0.5,0.5,1.5,2.5,0.0,0.0,0.0,0.5,0.5,0.5,0.0,0.0,0.0,0.0,0.0,0.0,2.0,6.0,10.0,14.0,15.0,16.0,2,Industry,Heme,Targeted Therapy,2012,81.25,15.625,3.125,0.0,18.75
PMID 24881631 a_Summary_SoE.pdf,intervention,0,0.5,0.5,0.5,0.5,0.5,0.5,1.5,0.5,1.5,2.5,3.5,4.5,0.0,5.0,8.0,10.0,10.0,10.0,0.0,0.0,0.0,0.0,0.0,0.0,2.0,6.0,10.0,13.0,14.0,15.0,2,Industry,Heme,Targeted Therapy,2012,3.3333333333333335,30.0,66.66666666666666,0.0,96.66666666666666
PMID 24881730 a_Summary_SoE.pdf,control,0,0.0,2.0,4.0,7.0,8.0,9.0,1.0,0.0,0.0,0.0,0.0,0.0,0.0,0.0,0.0,0.0,0.0,0.0,0.0,0.0,0.0,0.0,0.0,0.0,1.0,2.0,4.0,7.0,8.0,9.0,2,Industry,GU,Endocrine,2010,100.0,0.0,0.0,0.0,0.0
PMID 24881730 a_Summary_SoE.pdf,intervention,0,0.0,2.0,4.0,7.0,8.0,9.0,1.0,0.0,0.0,0.0,0.0,0.0,0.0,0.0,0.0,0.0,0.0,0.0,0.0,0.0,0.0,0.0,0.0,0.0,1.0,2.0,4.0,7.0,8.0,9.0,2,Industry,GU,Endocrine,2010,100.0,0.0,0.0,0.0,0.0
PMID 24888818 a_Summary_SoE.pdf,control,0,0.0,1.5,3.0,5.0,7.0,9.5,1.0,0.0,0.5,1.0,1.5,2.0,0.0,0.0,0.0,0.0,0.0,0.0,0.0,0.0,0.0,0.0,0.0,0.0,1.0,1.5,3.5,6.0,8.5,11.5,2,Non-Industry,Breast,Other,2006,82.6086956521739,17.391304347826086,0.0,0.0,17.391304347826086
PMID 24888818 a_Summary_SoE.pdf,control,1,0.0,1.5,2.5,5.0,7.0,9.5,1.0,0.0,1.0,2.0,3.0,4.0,0.0,1.0,1.5,1.5,1.5,1.5,0.0,0.0,0.0,0.0,0.0,0.0,1.0,2.5,5.0,8.5,11.5,15.0,2,Non-Industry,Breast,Other,2006,63.33333333333333,26.666666666666668,10.0,0.0,36.66666666666667
PMID 24888818 a_Summary_SoE.pdf,control,2,0.0,2.0,3.0,5.5,7.5,10.0,1.0,0.0,1.0,2.0,3.0,4.0,0.0,1.0,1.5,1.5,1.5,1.5,0.0,0.0,0.0,0.0,0.0,0.0,1.0,3.0,5.5,9.0,12.0,15.5,2,Non-Industry,Breast,Other,2006,64.51612903225806,25.806451612903224,9.67741935483871,0.0,35.483870967741936
PMID 24888818 a_Summary_SoE.pdf,intervention,0,0.0,2.0,3.0,5.5,7.5,10.0,1.0,0.0,1.0,2.0,3.0,4.0,0.0,1.0,1.5,1.5,1.5,1.5,0.0,0.0,0.0,0.0,0.0,0.0,1.0,3.0,5.5,9.0,12.0,15.5,2,Non-Industry,Breast,Other,2006,64.51612903225806,25.806451612903224,9.67741935483871,0.0,35.483870967741936
PMID 24898665 CT_Summary_SoE.pdf,control,0,0.0,4.0,4.0,4.0,4.0,4.0,1.0,0.0,1.0,2.0,3.0,5.0,0.0,1.0,8.0,8.0,8.0,8.0,0.0,0.0,0.0,0.0,0.0,0.0,1.0,5.0,13.0,14.0,15.0,17.0,2,Industry,Heme,Targeted Therapy,2004,23.52941176470588,29.411764705882355,47.05882352941176,0.0,76.47058823529412
PMID 24898665 CT_Summary_SoE.pdf,intervention,0,0.0,2.0,2.0,2.0,2.0,2.0,1.0,1.5,2.5,3.5,4.5,6.5,0.0,2.5,9.5,9.5,9.5,9.5,0.5,0.5,0.5,0.5,0.5,0.5,1.5,6.5,14.5,15.5,16.5,18.5,2,Industry,Heme,Targeted Therapy,2004,10.81081081081081,35.13513513513514,51.35135135135135,2.7027027027027026,86.48648648648648
PMID 24933332 a_Summary_SoE.pdf,control,0,0.0,2.0,4.5,6.5,8.5,11.0,1.0,0.0,0.0,0.5,1.0,1.5,0.5,0.0,0.0,0.0,0.0,0.0,0.0,0.0,0.5,0.5,0.5,0.5,1.5,2.0,5.0,7.5,10.0,13.0,2,Industry,Thor,Targeted Therapy,2010,84.61538461538461,11.538461538461538,0.0,3.8461538461538463,11.538461538461538
PMID 24933332 a_Summary_SoE.pdf,intervention,0,0.0,2.0,5.0,7.0,9.0,11.5,1.0,0.0,0.0,0.5,1.0,1.5,0.5,0.0,0.0,0.0,0.0,0.0,0.0,0.0,0.0,0.5,0.5,0.5,1.5,2.0,5.0,8.0,10.5,13.5,2,Industry,Thor,Targeted Therapy,2010,85.18518518518519,11.11111111111111,0.0,3.7037037037037033,11.11111111111111
PMID 24934787 a_Summary_SoE.pdf,control,0,0.0,3.0,4.0,4.0,4.0,4.0,1.0,0.0,0.0,0.0,0.0,0.5,1.0,0.0,0.0,0.0,0.0,0.0,0.0,0.0,1.0,2.0,2.0,2.5,2.0,3.0,5.0,6.0,6.0,7.0,2,Non-Industry,Breast,Chemotherapy,2002,57.14285714285714,7.142857142857142,0.0,35.714285714285715,7.142857142857142
PMID 24934787 a_Summary_SoE.pdf,intervention,0,0.0,3.0,4.0,4.0,4.0,4.0,1.0,0.0,0.0,0.0,0.0,0.5,1.0,0.0,0.0,0.0,0.0,0.0,0.0,0.0,1.0,2.0,2.0,2.5,2.0,3.0,5.0,6.0,6.0,7.0,2,Non-Industry,Breast,Chemotherapy,2002,57.14285714285714,7.142857142857142,0.0,35.714285714285715,7.142857142857142
PMID 24982457 a_Summary_SoE.pdf,control,0,0.0,1.0,1.0,1.0,1.0,1.0,1.0,0.0,1.0,2.0,2.0,3.0,0.0,0.0,0.0,0.0,0.0,0.0,0.5,0.0,0.0,0.0,0.0,0.0,1.5,1.0,2.0,3.0,3.0,4.0,2,Non-Industry,Thor,Radiation,2005,25.0,75.0,0.0,0.0,75.0
PMID 24982457 a_Summary_SoE.pdf,intervention,0,0.0,1.0,1.0,1.0,1.0,1.0,1.0,1.0,2.0,3.0,3.0,4.0,0.0,0.0,0.0,0.0,0.0,0.0,0.5,0.0,0.0,0.0,0.0,0.0,1.5,2.0,3.0,4.0,4.0,5.0,2,Non-Industry,Thor,Radiation,2005,20.0,80.0,0.0,0.0,80.0
PMID 24982504 CT_Summary_SoE.pdf,control,0,0.0,17.5,17.5,17.5,17.5,17.5,1.5,0.0,0.0,0.0,0.0,0.0,0.5,3.0,10.0,15.0,17.0,19.0,0.0,0.0,0.0,0.0,0.0,0.0,2.0,20.5,27.5,32.5,34.5,36.5,2,Non-Industry,Heme,Chemotherapy,2006,47.94520547945205,0.0,52.054794520547944,0.0,52.054794520547944
PMID 24982504 CT_Summary_SoE.pdf,intervention,0,0.0,15.5,15.5,15.5,15.5,15.5,1.5,0.0,0.0,0.0,0.0,0.0,0.5,5.0,12.0,17.0,19.0,21.0,0.0,0.0,0.0,0.0,0.0,0.0,2.0,20.5,27.5,32.5,34.5,36.5,2,Non-Industry,Heme,Chemotherapy,2006,42.465753424657535,0.0,57.534246575342465,0.0,57.534246575342465
PMID 25014687 a_Summary_SoE.pdf,control,0,0.5,2.0,4.0,7.0,10.0,14.0,2.5,0.0,0.0,0.0,0.0,0.0,0.5,2.0,2.0,4.0,4.0,4.0,0.5,0.0,0.0,0.0,0.0,0.0,4.0,4.0,6.0,11.0,14.0,18.0,2,Industry,GI,Endocrine,2006,77.77777777777779,0.0,22.22222222222222,0.0,22.22222222222222
PMID 25014687 a_Summary_SoE.pdf,intervention,0,0.5,2.0,4.0,7.0,10.0,14.0,2.5,0.0,0.0,0.0,0.0,0.0,0.5,2.0,2.0,4.0,4.0,4.0,0.5,0.0,0.0,0.0,0.0,0.0,4.0,4.0,6.0,11.0,14.0,18.0,2,Industry,GI,Endocrine,2006,77.77777777777779,0.0,22.22222222222222,0.0,22.22222222222222
PMID 25092781 a_Summary_SoE.pdf,control,0,0.0,10.0,23.0,32.0,32.0,32.0,0.5,0.5,1.0,2.0,2.0,2.0,1.0,10.0,33.5,59.0,59.0,59.0,0.5,0.0,0.0,2.0,5.0,8.0,2.0,20.5,57.5,95.0,98.0,101.0,2,Non-Industry,Other,Targeted Therapy,2006,31.683168316831683,1.9801980198019802,58.415841584158414,7.920792079207921,60.396039603960396
PMID 25092781 a_Summary_SoE.pdf,intervention,0,0.0,10.0,23.0,32.5,32.5,32.5,0.5,0.5,1.0,2.0,2.0,2.0,1.0,10.0,33.5,59.0,59.0,59.0,0.5,0.0,0.0,2.0,5.0,8.0,2.0,20.5,57.5,95.5,98.5,101.5,2,Non-Industry,Other,Targeted Therapy,2006,32.01970443349754,1.9704433497536946,58.128078817733986,7.8817733990147785,60.09852216748768
PMID 25154829 a_Summary_SoE.pdf,control,0,0.0,4.0,4.0,4.0,4.0,4.0,1.5,0.0,0.0,1.0,2.0,3.0,0.5,0.0,0.0,0.0,0.0,1.0,0.0,0.0,0.0,0.0,0.0,0.0,2.0,4.0,4.0,5.0,6.0,8.0,2,Non-Industry,Heme,Targeted Therapy,2004,50.0,37.5,12.5,0.0,50.0
PMID 25154829 a_Summary_SoE.pdf,intervention,0,0.0,4.0,4.0,4.5,5.5,7.5,1.5,0.0,0.0,0.5,0.5,0.5,0.5,0.0,0.0,0.0,0.0,0.0,0.0,0.0,0.0,0.0,0.0,0.0,2.0,4.0,4.0,5.0,6.0,8.0,2,Non-Industry,Heme,Targeted Therapy,2004,93.75,6.25,0.0,0.0,6.25
PMID 25184863 a_Summary_SoE.pdf,control,0,0.0,3.0,8.0,11.0,13.0,15.0,1.0,0.0,0.0,0.0,0.0,0.0,0.0,2.0,5.0,6.5,7.5,9.0,0.0,0.0,0.0,0.0,0.0,0.0,1.0,5.0,13.0,17.5,20.5,24.0,2,Industry,Heme,Targeted Therapy,2008,62.5,0.0,37.5,0.0,37.5
PMID 25184863 a_Summary_SoE.pdf,intervention,0,0.0,3.5,7.5,10.5,13.5,17.5,1.0,0.0,0.0,0.0,0.0,0.0,0.0,1.5,3.5,3.5,3.5,3.5,0.0,0.0,0.0,0.0,0.0,0.0,1.0,5.0,11.0,14.0,17.0,21.0,2,Industry,Heme,Targeted Therapy,2008,83.33333333333334,0.0,16.666666666666664,0.0,16.666666666666664
PMID 25184863 a_Summary_SoE.pdf,intervention,1,0.0,3.5,7.5,10.5,13.5,17.5,1.0,0.0,0.0,0.0,0.0,0.0,0.0,1.5,3.5,3.5,3.5,3.5,0.0,0.0,0.0,0.0,0.0,0.0,1.0,5.0,11.0,14.0,17.0,21.0,2,Industry,Heme,Targeted Therapy,2008,83.33333333333334,0.0,16.666666666666664,0.0,16.666666666666664
PMID 25225436 a_Summary_SoE.pdf,control,0,0.0,1.5,3.0,3.0,3.5,4.5,1.0,0.5,1.0,1.5,1.5,2.0,0.0,0.0,1.0,1.0,1.5,1.5,0.0,2.0,2.0,2.0,2.0,2.0,1.0,4.0,7.0,7.5,8.5,10.0,2,Industry,GYN,Targeted Therapy,2009,45.0,20.0,15.0,20.0,35.0
PMID 25225436 a_Summary_SoE.pdf,intervention,0,0.0,1.5,3.0,3.0,3.5,4.5,1.0,0.5,1.0,1.5,1.5,2.0,0.0,0.0,1.0,1.0,1.5,1.5,0.0,2.0,2.0,2.0,2.0,2.0,1.0,4.0,7.0,7.5,8.5,10.0,2,Industry,GYN,Targeted Therapy,2009,45.0,20.0,15.0,20.0,35.0
PMID 25265494 a_Summary_SoE.pdf,control,0,0.0,2.0,4.0,6.0,7.5,9.5,1.5,1.0,2.5,4.0,5.5,7.0,0.0,0.0,0.5,1.0,1.5,2.5,0.0,0.0,0.0,0.0,0.0,0.0,1.5,3.0,7.0,11.0,14.5,19.0,2,Industry,Skin,Targeted Therapy,2013,50.0,36.84210526315789,13.157894736842104,0.0,49.99999999999999
PMID 25265494 a_Summary_SoE.pdf,intervention,0,0.0,2.0,4.0,6.0,7.5,9.5,1.5,1.0,2.5,4.0,5.5,0.0,0.0,0.0,0.5,1.0,1.5,2.5,0.0,0.0,0.0,0.0,0.0,0.0,1.5,3.0,7.0,11.0,14.5,19.0,2,Industry,Skin,Targeted Therapy,2013,50.0,0.0,13.157894736842104,0.0,13.157894736842104
PMID 25267740 a_Summary_SoE.pdf,control,0,0.0,4.0,6.0,6.0,6.0,6.0,1.0,0.0,0.0,0.0,0.0,0.0,1.0,0.0,0.0,0.0,0.0,0.0,0.0,0.0,0.0,1.0,2.0,3.0,2.0,4.0,6.0,7.0,8.0,9.0,1,Industry,Heme,Targeted Therapy,2003,66.66666666666666,0.0,0.0,33.33333333333333,0.0
PMID 25267740 a_Summary_SoE.pdf,intervention,0,0.0,4.0,14.0,16.5,16.5,16.5,1.0,0.0,0.5,1.0,1.0,1.0,1.0,0.0,0.0,0.0,0.5,1.0,0.5,0.0,0.0,0.5,1.0,1.5,2.5,4.0,14.5,18.0,19.0,20.0,2,Industry,Heme,Targeted Therapy,2003,82.5,5.0,5.0,7.5,10.0
PMID 25267740 a_Summary_SoE.pdf,intervention,1,0.0,6.0,25.0,30.0,30.0,30.0,1.0,0.0,1.0,2.0,2.0,2.0,1.0,0.0,0.0,0.0,1.0,2.0,1.0,0.0,0.0,0.0,0.0,0.0,3.0,6.0,26.0,32.0,33.0,34.0,1,Industry,Heme,Targeted Therapy,2003,88.23529411764706,5.88235294117647,5.88235294117647,0.0,11.76470588235294
PMID 25311218 a_Summary_SoE.pdf,control,0,0.5,7.0,16.5,30.5,30.5,30.5,1.0,1.0,3.0,4.0,5.0,5.5,0.5,0.5,0.5,0.5,0.5,1.0,0.0,0.0,0.0,0.0,0.0,0.0,2.0,8.5,20.0,35.0,36.0,37.0,2,Non-Industry,Other,Chemotherapy,2002,82.43243243243244,14.864864864864865,2.7027027027027026,0.0,17.56756756756757
PMID 25311218 a_Summary_SoE.pdf,control,1,0.0,8.0,16.0,30.0,30.0,30.0,1.0,1.0,3.0,3.0,4.0,5.0,1.0,1.0,1.0,1.0,1.0,1.0,0.0,0.0,0.0,0.0,0.0,0.0,2.0,10.0,20.0,34.0,35.0,36.0,1,Non-Industry,Other,Chemotherapy,2002,83.33333333333334,13.88888888888889,2.7777777777777777,0.0,16.666666666666668
PMID 25311218 a_Summary_SoE.pdf,intervention,0,0.5,7.0,16.5,16.5,16.5,16.5,1.0,1.0,3.5,4.5,5.0,5.0,0.5,0.5,0.5,0.5,1.0,2.0,0.0,0.0,0.0,0.0,0.0,0.0,2.0,8.5,20.5,21.5,22.5,23.5,2,Non-Industry,Other,Chemotherapy,2002,70.2127659574468,21.27659574468085,8.51063829787234,0.0,29.78723404255319
PMID 25311218 a_Summary_SoE.pdf,intervention,1,0.5,7.0,14.0,34.5,34.5,34.5,1.0,1.0,2.5,4.5,6.0,6.5,0.5,0.5,0.5,0.5,0.5,1.0,0.0,0.0,0.0,0.0,0.0,0.0,2.0,8.5,17.0,39.5,41.0,42.0,2,Non-Industry,Other,Chemotherapy,2002,82.14285714285714,15.476190476190476,2.380952380952381,0.0,17.857142857142858
PMID 25332243 a_Summary_SoE.pdf,control,0,0.0,20.0,20.0,20.0,20.0,20.0,1.0,0.0,0.0,1.0,2.0,4.0,0.0,1.0,5.0,5.0,5.0,5.0,0.0,0.0,0.0,0.0,0.0,0.0,1.0,21.0,25.0,26.0,27.0,29.0,1,Non-Industry,Skin,Immunotherapy,2000,68.96551724137932,13.793103448275861,17.24137931034483,0.0,31.03448275862069
PMID 25332243 a_Summary_SoE.pdf,intervention,0,0.0,16.0,28.5,28.5,28.5,28.5,1.0,0.5,2.0,2.5,3.0,3.5,0.0,3.0,5.0,5.5,6.0,6.5,0.5,0.0,0.0,0.0,0.0,0.0,1.5,19.5,35.5,36.5,37.5,38.5,2,Non-Industry,Skin,Immunotherapy,2000,74.02597402597402,9.090909090909092,16.883116883116884,0.0,25.974025974025977
PMID 25332243 a_Summary_SoE.pdf,intervention,1,0.0,21.0,47.0,86.0,125.0,164.0,1.0,0.0,0.0,0.0,0.0,0.0,0.0,0.0,0.0,0.0,0.0,0.0,1.0,0.0,0.0,0.0,0.0,0.0,2.0,21.0,47.0,86.0,125.0,164.0,1,Non-Industry,Skin,Immunotherapy,2000,100.0,0.0,0.0,0.0,0.0
PMID 25348000 a_Summary_SoE.pdf,control,0,0.0,2.5,5.0,8.0,11.0,15.0,1.0,0.0,0.0,0.0,0.0,0.0,1.0,0.0,0.0,0.0,0.0,0.0,0.0,0.0,0.0,0.0,0.0,0.0,2.0,2.5,5.0,8.0,11.0,15.0,2,Non-Industry,Breast,Targeted Therapy,2006,100.0,0.0,0.0,0.0,0.0
PMID 25348000 a_Summary_SoE.pdf,intervention,0,0.0,2.5,5.0,8.0,11.0,15.0,1.0,0.0,0.0,0.0,0.0,0.0,1.0,0.0,0.0,0.0,0.0,0.0,0.0,0.0,0.0,0.0,0.0,0.0,2.0,2.5,5.0,8.0,11.0,15.0,2,Non-Industry,Breast,Targeted Therapy,2006,100.0,0.0,0.0,0.0,0.0
PMID 25354103 a_Summary_SoE.pdf,control,0,5.0,15.5,18.5,19.0,19.0,19.5,1.5,0.0,0.0,0.0,0.0,0.0,0.5,6.0,14.5,17.0,17.5,18.0,0.0,0.0,0.0,0.0,0.0,0.0,7.0,21.5,33.0,36.0,36.5,37.5,2,Non-Industry,Heme,Targeted Therapy,2006,52.0,0.0,48.0,0.0,48.0
PMID 25354103 a_Summary_SoE.pdf,intervention,0,5.0,15.5,18.5,19.0,19.0,19.5,1.5,0.0,0.0,0.0,0.0,0.0,0.5,6.0,14.5,17.0,17.5,18.0,0.0,0.0,0.0,0.0,0.0,0.0,7.0,21.5,33.0,36.0,36.5,37.5,2,Non-Industry,Heme,Targeted Therapy,2006,52.0,0.0,48.0,0.0,48.0
PMID 25366680 a_Summary_SoE.pdf,control,0,0.0,21.0,35.0,35.0,35.0,35.0,1.0,0.0,0.0,1.5,2.0,2.5,0.5,0.0,1.0,1.5,2.0,2.5,0.5,0.0,0.0,0.0,0.0,0.0,2.0,21.0,36.0,38.0,39.0,40.0,2,Non-Industry,HN,Chemotherapy,2002,87.5,6.25,6.25,0.0,12.5
PMID 25366680 a_Summary_SoE.pdf,intervention,0,0.0,21.0,30.0,30.0,30.0,30.0,1.0,0.0,1.0,1.5,2.0,2.5,0.5,0.0,1.0,1.5,2.0,2.5,0.5,0.0,0.0,0.0,0.0,0.0,2.0,21.0,32.0,33.0,34.0,35.0,2,Non-Industry,HN,Chemotherapy,2002,85.71428571428571,7.142857142857142,7.142857142857142,0.0,14.285714285714285
PMID 25399551 a_Summary_SoE.pdf,control,0,0.0,2.0,4.0,7.0,10.0,14.0,1.0,1.0,1.0,1.0,1.0,1.0,0.0,0.0,0.0,0.0,0.0,0.0,0.0,0.0,0.0,0.0,0.0,0.0,1.0,3.0,5.0,8.0,11.0,15.0,2,Industry,Skin,Targeted Therapy,2012,93.33333333333333,6.666666666666667,0.0,0.0,6.666666666666667
PMID 25399551 a_Summary_SoE.pdf,intervention,0,0.0,2.0,4.0,7.0,10.0,14.0,1.0,1.0,1.0,1.0,1.0,1.0,0.0,0.0,0.0,0.0,0.0,0.0,0.0,0.0,0.0,0.0,0.0,0.0,1.0,3.0,5.0,8.0,11.0,15.0,2,Industry,Skin,Targeted Therapy,2012,93.33333333333333,6.666666666666667,0.0,0.0,6.666666666666667
PMID 25399552 a_Summary_SoE.pdf,control,0,0.0,4.0,9.0,17.0,26.0,36.0,1.0,0.0,0.0,0.0,0.0,0.0,1.0,0.0,0.0,0.0,0.0,0.0,0.0,0.0,0.0,0.0,0.0,0.0,2.0,4.0,9.0,17.0,26.0,36.0,2,Industry,Skin,Immunotherapy,2013,100.0,0.0,0.0,0.0,0.0
PMID 25399552 a_Summary_SoE.pdf,intervention,0,0.0,4.0,9.0,17.0,26.0,36.0,1.0,0.0,0.0,0.0,0.0,0.0,1.0,0.0,0.0,0.0,0.0,0.0,0.0,0.0,0.0,0.0,0.0,0.0,2.0,4.0,9.0,17.0,26.0,36.0,2,Industry,Skin,Immunotherapy,2013,100.0,0.0,0.0,0.0,0.0
PMID 25422488 a_Summary_SoE.pdf,intervention,0,0.0,6.0,14.0,20.0,20.0,20.0,1.0,0.0,0.0,0.0,0.0,1.0,1.0,0.0,0.0,0.0,0.0,0.0,0.0,0.0,0.0,1.5,1.5,1.5,2.0,6.0,14.0,21.5,21.5,22.5,2,Non-Industry,Breast,Chemotherapy,2003,88.88888888888889,4.444444444444445,0.0,6.666666666666667,4.444444444444445
PMID 25422488 a_Summary_SoE.pdf,intervention,1,0.0,6.0,13.0,20.0,20.0,20.0,1.0,0.0,0.0,0.0,0.0,1.0,1.0,0.0,0.0,0.0,0.0,0.0,0.0,0.0,0.0,1.5,1.5,1.5,2.0,6.0,13.0,21.5,21.5,22.5,2,Non-Industry,Breast,Chemotherapy,2003,88.88888888888889,4.444444444444445,0.0,6.666666666666667,4.444444444444445
PMID 25470694 a_Summary_SoE.pdf,control,0,0.5,2.0,5.0,6.0,6.0,6.0,1.0,0.0,0.0,1.5,2.5,3.5,0.0,1.0,1.0,1.0,1.0,1.0,0.0,0.0,0.0,0.0,0.0,0.0,1.5,3.0,6.0,8.5,9.5,10.5,2,Industry,Thor,Other,2011,57.14285714285714,33.33333333333333,9.523809523809524,0.0,42.857142857142854
PMID 25470694 a_Summary_SoE.pdf,intervention,0,0.5,2.0,5.0,9.0,13.0,18.0,1.0,0.0,0.0,0.0,0.0,0.0,0.0,1.0,1.0,1.0,1.0,1.0,0.0,0.0,0.0,0.0,0.0,0.0,1.5,3.0,6.0,10.0,14.0,19.0,2,Industry,Thor,Other,2011,94.73684210526315,0.0,5.263157894736842,0.0,5.263157894736842
PMID 25482145 a_Summary_SoE.pdf,control,0,0.0,1.0,2.0,3.5,5.0,7.0,1.0,0.5,1.0,1.5,2.0,2.5,0.5,1.5,4.0,8.0,13.0,16.5,0.5,0.0,0.0,0.0,0.0,0.0,2.0,3.0,7.0,13.0,20.0,26.0,2,Industry,Heme,Targeted Therapy,2010,26.923076923076923,9.615384615384617,63.46153846153846,0.0,73.07692307692308
PMID 25482145 a_Summary_SoE.pdf,intervention,0,0.0,8.0,20.0,40.0,60.0,77.0,1.0,0.0,0.0,0.0,0.0,0.0,0.5,0.5,0.5,0.5,0.5,0.5,0.5,0.0,0.0,0.0,0.0,0.0,2.0,8.5,20.5,40.5,60.5,77.5,2,Industry,Heme,Targeted Therapy,2010,99.35483870967742,0.0,0.6451612903225806,0.0,0.6451612903225806
PMID 25495490 a_Summary_SoE.pdf,control,0,0.0,0.0,0.0,0.0,0.0,0.0,1.0,0.5,0.5,0.5,0.5,1.5,0.0,0.5,0.5,0.5,0.5,0.5,0.0,0.0,1.0,2.0,3.0,3.0,1.0,1.0,2.0,3.0,4.0,5.0,2,Industry,Breast,Endocrine,2003,0.0,30.0,10.0,60.0,40.0
PMID 25495490 a_Summary_SoE.pdf,intervention,0,0.0,2.0,4.0,7.0,10.0,14.0,1.0,0.0,0.0,0.0,0.0,0.0,0.0,0.0,0.0,0.0,0.0,0.0,0.0,0.0,0.0,0.0,0.0,0.0,1.0,2.0,4.0,7.0,10.0,14.0,2,Industry,Breast,Endocrine,2003,100.0,0.0,0.0,0.0,0.0
PMID 25495490 a_Summary_SoE.pdf,intervention,1,0.0,2.0,4.0,7.0,10.0,14.0,1.0,0.0,0.0,0.0,0.0,0.0,0.0,0.0,0.0,0.0,0.0,0.0,0.0,0.0,0.0,0.0,0.0,0.0,1.0,2.0,4.0,7.0,10.0,14.0,2,Industry,Breast,Endocrine,2003,100.0,0.0,0.0,0.0,0.0
PMID 25547503 a_Summary_SoE.pdf,control,0,0.0,0.5,1.5,2.5,3.5,4.5,1.0,0.0,1.0,2.0,3.0,4.0,0.5,1.5,2.0,3.0,4.0,5.5,0.0,0.0,0.5,1.5,2.5,4.0,1.5,2.0,5.0,9.0,13.0,18.0,2,Industry,GI,Targeted Therapy,2009,25.0,22.22222222222222,30.555555555555557,22.22222222222222,52.77777777777778
PMID 25547503 a_Summary_SoE.pdf,intervention,0,0.0,0.5,1.5,2.5,3.5,4.5,1.0,0.0,1.0,2.0,3.0,4.0,0.5,1.5,2.0,3.0,4.0,5.5,0.0,0.0,0.5,1.5,2.5,4.0,1.5,2.0,5.0,9.0,13.0,18.0,2,Industry,GI,Targeted Therapy,2009,25.0,22.22222222222222,30.555555555555557,22.22222222222222,52.77777777777778
PMID 25605862 a_Summary_SoE.pdf,control,0,0.0,2.0,5.0,9.0,13.0,18.0,1.0,0.0,2.0,4.0,6.0,8.0,0.5,2.0,3.0,5.5,7.5,10.0,0.0,1.0,2.0,4.5,6.5,9.0,1.5,5.0,12.0,23.0,33.0,45.0,2,Industry,Breast,Chemotherapy,2006,40.0,17.77777777777778,22.22222222222222,20.0,40.0
PMID 25605862 a_Summary_SoE.pdf,intervention,0,0.0,4.0,9.0,18.0,26.0,36.0,1.0,0.0,2.0,4.0,6.0,8.0,0.5,1.0,1.0,1.0,1.0,1.0,0.0,0.0,0.0,0.0,0.0,0.0,1.5,5.0,12.0,23.0,33.0,45.0,2,Industry,Breast,Chemotherapy,2006,80.0,17.77777777777778,2.2222222222222223,0.0,20.0
PMID 25629741 a_Summary_SoE.pdf,control,0,0.5,2.0,4.0,7.0,9.0,11.0,1.5,0.0,0.0,0.0,0.0,0.0,0.5,1.0,3.0,3.0,3.0,3.0,0.5,0.0,0.0,0.0,0.0,0.0,3.0,3.0,7.0,10.0,12.0,14.0,2,Industry,Heme,Targeted Therapy,2010,78.57142857142857,0.0,21.428571428571427,0.0,21.428571428571427
PMID 25629741 a_Summary_SoE.pdf,intervention,0,0.5,2.0,4.0,7.0,9.0,11.0,1.5,0.0,0.0,0.0,0.0,0.0,0.5,1.0,3.0,3.0,3.0,3.0,0.5,0.0,0.0,0.0,0.0,0.0,3.0,3.0,7.0,10.0,12.0,14.0,2,Industry,Heme,Targeted Therapy,2010,78.57142857142857,0.0,21.428571428571427,0.0,21.428571428571427
PMID 25671254 a_Summary_SoE.pdf,control,0,0.0,3.0,6.0,9.0,12.0,16.0,1.0,0.0,0.0,0.0,0.0,0.0,1.0,0.0,0.0,0.0,0.0,0.0,0.0,0.0,0.0,0.0,0.0,0.0,2.0,3.0,6.0,9.0,12.0,16.0,2,Industry,HN,Targeted Therapy,2011,100.0,0.0,0.0,0.0,0.0
PMID 25671254 a_Summary_SoE.pdf,intervention,0,0.0,3.0,6.0,9.0,12.0,16.0,1.0,0.0,0.0,0.0,0.0,0.0,1.0,0.0,0.0,0.0,0.0,0.0,0.0,0.0,0.0,0.0,0.0,0.0,2.0,3.0,6.0,9.0,12.0,16.0,2,Industry,HN,Targeted Therapy,2011,100.0,0.0,0.0,0.0,0.0
PMID 25682602 a_Summary_SoE.pdf,control,0,0.0,0.0,0.0,0.0,0.0,0.0,0.0,0.0,0.0,0.0,0.0,0.0,1.0,4.0,12.0,14.0,14.0,14.0,0.0,0.0,0.0,0.0,0.0,0.5,1.0,4.0,12.0,14.0,14.0,14.5,2,Non-Industry,Multiple,Other,2009,0.0,0.0,96.55172413793103,3.4482758620689653,96.55172413793103
PMID 25682602 a_Summary_SoE.pdf,intervention,0,0.0,0.0,0.0,0.0,0.0,0.0,0.0,0.0,0.0,0.0,0.0,0.0,1.0,4.0,12.0,14.0,14.0,14.0,0.0,0.0,0.0,0.0,0.0,0.5,1.0,4.0,12.0,14.0,14.0,14.5,2,Non-Industry,Multiple,Other,2009,0.0,0.0,96.55172413793103,3.4482758620689653,96.55172413793103
PMID 25713428 a_Summary_SoE.pdf,control,0,0.0,5.5,13.0,27.0,39.0,53.0,1.0,0.5,2.0,4.0,6.0,8.5,1.0,0.5,0.5,0.5,0.5,0.5,0.0,0.5,0.5,0.5,0.5,0.5,2.0,7.0,16.0,32.0,46.0,62.5,2,Non-Industry,GYN,Targeted Therapy,2009,84.8,13.600000000000001,0.8,0.8,14.400000000000002
PMID 25713428 a_Summary_SoE.pdf,intervention,0,0.0,5.5,13.0,27.0,39.0,53.0,1.0,0.5,2.0,4.0,6.0,8.5,1.0,0.5,0.5,0.5,0.5,0.5,0.0,0.5,0.5,0.5,0.5,0.5,2.0,7.0,16.0,32.0,46.0,62.5,2,Non-Industry,GYN,Targeted Therapy,2009,84.8,13.600000000000001,0.8,0.8,14.400000000000002
PMID 25738668 a_Summary_SoE.pdf,control,0,0.0,2.0,4.5,7.0,7.0,7.0,0.0,0.0,0.0,0.0,0.0,0.0,1.0,0.0,0.0,0.0,0.0,1.0,0.0,0.0,0.0,0.0,0.0,0.0,1.0,2.0,4.5,7.0,7.0,8.0,2,Non-Industry,Breast,Endocrine,2003,87.5,0.0,12.5,0.0,12.5
PMID 25738668 a_Summary_SoE.pdf,intervention,0,1.0,2.5,6.0,10.0,10.0,10.0,0.0,0.0,0.0,0.0,0.0,0.0,1.0,0.0,0.0,0.0,0.0,1.0,0.0,0.0,0.0,0.0,0.0,0.0,2.0,2.5,6.0,10.0,10.0,11.0,2,Non-Industry,Breast,Endocrine,2003,90.9090909090909,0.0,9.090909090909092,0.0,9.090909090909092
PMID 25738670 a_Summary_SoE.pdf,control,0,0.0,2.0,5.0,6.0,6.0,6.0,1.0,0.0,2.0,3.5,6.0,7.5,0.5,0.5,1.0,1.5,1.5,1.5,0.0,0.0,0.0,0.5,0.5,0.5,1.5,2.5,8.0,11.5,14.0,15.5,2,Industry,Heme,Targeted Therapy,2008,38.70967741935484,48.38709677419355,9.67741935483871,3.225806451612903,58.06451612903226
PMID 25738670 a_Summary_SoE.pdf,intervention,0,0.0,7.0,18.0,24.0,24.0,24.0,1.0,0.0,1.0,2.0,4.0,6.0,0.5,0.0,0.0,0.0,0.0,0.0,0.0,0.0,0.0,0.5,0.5,0.5,1.5,7.0,19.0,26.5,28.5,30.5,2,Industry,Heme,Targeted Therapy,2008,78.68852459016394,19.672131147540984,0.0,1.639344262295082,19.672131147540984
PMID 25779558 a_Summary_SoE.pdf,control,0,0.0,4.5,11.5,22.0,26.0,31.0,1.0,0.5,0.5,0.5,0.5,0.5,1.0,0.5,0.5,0.5,0.5,0.5,0.0,0.0,0.0,0.0,0.0,0.0,2.0,5.5,12.5,23.0,27.0,32.0,2,Industry,Breast,Targeted Therapy,2008,96.875,1.5625,1.5625,0.0,3.125
PMID 25779558 a_Summary_SoE.pdf,intervention,0,0.0,4.0,10.0,18.0,18.0,18.0,1.0,0.5,0.5,1.5,2.5,3.5,1.0,0.5,0.5,0.5,0.5,0.5,0.0,0.0,0.0,0.0,0.0,0.0,2.0,5.0,11.0,20.0,21.0,22.0,2,Industry,Breast,Targeted Therapy,2008,81.81818181818183,15.909090909090908,2.272727272727273,0.0,18.18181818181818
PMID 25891173 a_Summary_SoE.pdf,control,0,0.0,2.0,4.0,4.0,4.0,4.0,1.5,0.0,1.0,2.5,4.0,5.5,0.0,0.0,0.0,2.5,5.0,8.5,0.0,0.0,0.0,0.0,0.0,0.0,1.5,2.0,5.0,9.0,13.0,18.0,2,Industry,Skin,Immunotherapy,2013,22.22222222222222,30.555555555555557,47.22222222222222,0.0,77.77777777777777
PMID 25891173 a_Summary_SoE.pdf,intervention,0,0.0,2.0,5.0,9.0,13.0,18.0,1.5,0.0,0.0,0.0,0.0,0.0,0.0,0.5,0.5,0.5,0.5,0.5,0.0,0.0,0.0,0.0,0.0,0.0,1.5,2.5,5.5,9.5,13.5,18.5,2,Industry,Skin,Immunotherapy,2013,97.2972972972973,0.0,2.7027027027027026,0.0,2.7027027027027026
PMID 25891173 a_Summary_SoE.pdf,intervention,1,0.0,3.0,7.0,13.0,20.0,27.0,1.5,0.0,0.0,0.0,0.0,0.0,0.0,0.5,0.5,0.5,0.5,0.5,0.0,0.0,0.0,0.0,0.0,0.0,1.5,3.5,7.5,13.5,20.5,27.5,2,Industry,Skin,Immunotherapy,2013,98.18181818181819,0.0,1.8181818181818181,0.0,1.8181818181818181
PMID 25897156 a_Summary_SoE.pdf,control,0,0.0,0.0,0.0,0.0,0.0,0.0,1.0,0.0,0.0,0.0,0.0,0.0,1.0,0.0,0.0,0.0,0.0,0.0,0.0,0.0,1.0,2.0,2.0,2.0,2.0,0.0,1.0,2.0,2.0,2.0,2,Non-Industry,HN,Other,2008,0.0,0.0,0.0,100.0,0.0
PMID 25897156 a_Summary_SoE.pdf,intervention,0,0.0,0.0,0.0,0.0,0.0,0.0,1.0,0.0,0.0,0.0,0.0,0.0,1.0,0.0,0.0,0.0,0.0,0.0,0.0,0.0,1.0,2.0,2.0,2.0,2.0,0.0,1.0,2.0,2.0,2.0,2,Non-Industry,HN,Other,2008,0.0,0.0,0.0,100.0,0.0
PMID 25940724 a_Summary_SoE.pdf,control,0,0.0,0.5,1.0,1.0,1.0,1.0,0.0,0.0,0.0,0.0,0.0,0.0,0.5,0.5,1.0,2.0,2.0,2.0,0.5,0.0,1.0,1.0,1.0,1.0,1.0,1.0,3.0,4.0,4.0,4.0,2,Non-Industry,Breast,Other,2012,25.0,0.0,50.0,25.0,50.0
PMID 25940724 a_Summary_SoE.pdf,intervention,0,0.0,0.5,1.0,1.0,1.0,1.0,0.0,0.0,0.0,0.0,0.0,0.0,0.5,0.5,1.0,2.0,2.0,2.0,0.5,0.0,1.0,1.0,1.0,1.0,1.0,1.0,3.0,4.0,4.0,4.0,2,Non-Industry,Breast,Other,2012,25.0,0.0,50.0,25.0,50.0
PMID 25970050 a_Summary_SoE.pdf,control,0,0.0,2.0,4.0,7.0,10.0,14.0,1.5,1.0,1.0,1.0,1.0,1.0,0.5,1.0,3.0,6.0,10.0,13.0,0.0,0.0,0.0,0.0,0.0,0.0,2.0,4.0,8.0,14.0,21.0,28.0,2,Industry,GI,Other,2012,50.0,3.571428571428571,46.42857142857143,0.0,50.0
PMID 25970050 a_Summary_SoE.pdf,intervention,0,0.0,2.0,4.0,7.0,10.0,14.0,1.5,1.0,1.0,1.0,1.0,1.0,0.5,1.0,3.0,6.0,10.0,13.0,0.0,0.0,0.0,0.0,0.0,0.0,2.0,4.0,8.0,14.0,21.0,28.0,2,Industry,GI,Other,2012,50.0,3.571428571428571,46.42857142857143,0.0,50.0
PMID 26014293 a_Summary_SoE.pdf,control,0,0.0,2.0,5.5,10.0,15.0,20.5,1.0,0.0,0.0,0.0,0.0,0.0,0.0,0.0,0.0,0.0,0.0,0.0,0.0,0.5,1.5,3.0,5.0,6.5,1.0,2.5,7.0,13.0,20.0,27.0,2,Industry,Skin,Immunotherapy,2009,75.92592592592592,0.0,0.0,24.074074074074073,0.0
PMID 26014293 a_Summary_SoE.pdf,intervention,0,0.0,2.0,6.0,13.0,19.0,26.0,1.0,0.0,0.0,0.0,0.0,0.0,0.0,0.0,0.0,0.0,0.0,0.0,0.0,0.0,0.0,0.0,0.0,0.0,1.0,2.0,6.0,13.0,19.0,26.0,2,Industry,Skin,Immunotherapy,2009,100.0,0.0,0.0,0.0,0.0
PMID 26027431 a_Summary_SoE.pdf,control,0,0.0,4.0,9.0,15.0,22.0,29.0,1.0,0.0,1.0,3.0,5.0,7.0,1.0,0.0,0.0,0.0,0.0,0.0,0.0,0.0,0.0,0.0,0.0,0.0,2.0,4.0,10.0,18.0,27.0,36.0,2,Industry,Skin,Immunotherapy,2013,80.55555555555556,19.444444444444446,0.0,0.0,19.444444444444446
PMID 26027431 a_Summary_SoE.pdf,intervention,0,0.0,4.0,9.0,15.0,22.0,29.0,1.0,0.0,1.0,3.0,5.0,7.0,1.0,0.0,0.0,0.0,0.0,0.0,0.0,0.0,0.0,0.0,0.0,0.0,2.0,4.0,10.0,18.0,27.0,36.0,2,Industry,Skin,Immunotherapy,2013,80.55555555555556,19.444444444444446,0.0,0.0,19.444444444444446
PMID 26027431 a_Summary_SoE.pdf,intervention,1,0.0,4.0,9.0,15.0,22.0,29.0,1.0,0.0,1.0,3.0,5.0,7.0,1.0,0.0,0.0,0.0,0.0,0.0,0.0,0.0,0.0,0.0,0.0,0.0,2.0,4.0,10.0,18.0,27.0,36.0,2,Industry,Skin,Immunotherapy,2013,80.55555555555556,19.444444444444446,0.0,0.0,19.444444444444446
PMID 26028407 a_Summary_SoE.pdf,control,0,0.0,2.0,5.0,9.0,13.0,18.0,0.5,0.0,0.5,1.5,2.5,4.0,0.5,1.0,1.0,1.0,1.0,1.0,0.5,0.0,0.0,0.0,0.0,0.0,1.5,3.0,6.5,11.5,16.5,23.0,2,Industry,Thor,Immunotherapy,2012,78.26086956521739,17.391304347826086,4.3478260869565215,0.0,21.73913043478261
PMID 26028407 a_Summary_SoE.pdf,intervention,0,0.0,3.0,7.0,13.0,20.0,27.0,0.5,0.0,1.0,3.0,5.0,8.0,0.5,1.0,1.0,1.0,1.0,1.0,0.5,0.0,0.0,0.0,0.0,0.0,1.5,4.0,9.0,17.0,26.0,36.0,2,Industry,Thor,Immunotherapy,2012,75.0,22.22222222222222,2.7777777777777777,0.0,25.0
PMID 26030518 a_Summary_SoE.pdf,control,0,0.0,3.0,5.0,8.0,11.0,15.0,1.0,0.0,0.0,0.0,0.0,0.0,0.0,0.0,1.0,1.0,1.0,1.0,0.0,0.0,0.0,0.0,0.0,0.0,1.0,3.0,6.0,9.0,12.0,16.0,2,Industry,Breast,Targeted Therapy,2013,93.75,0.0,6.25,0.0,6.25
PMID 26030518 a_Summary_SoE.pdf,intervention,0,0.0,3.0,5.0,8.0,11.0,15.0,1.0,0.0,0.0,0.0,0.0,0.0,0.0,0.0,1.0,1.0,1.0,1.0,0.0,0.0,0.0,0.0,0.0,0.0,1.0,3.0,6.0,9.0,12.0,16.0,2,Industry,Breast,Targeted Therapy,2013,93.75,0.0,6.25,0.0,6.25
PMID 26035255 a_Summary_SoE.pdf,control,0,0.0,0.0,0.0,0.0,0.0,0.0,1.0,0.0,0.0,0.0,0.0,0.0,0.5,5.0,11.0,17.0,24.0,31.0,0.0,0.0,0.0,0.0,0.0,0.0,1.5,5.5,11.5,17.5,24.5,31.5,2,Industry,Heme,Targeted Therapy,2011,0.0,0.0,98.4126984126984,0.0,98.4126984126984
PMID 26035255 a_Summary_SoE.pdf,intervention,0,0.0,5.0,11.0,17.0,24.0,31.0,1.0,0.0,0.0,0.0,0.0,0.0,0.5,0.0,0.0,0.0,0.0,0.0,0.0,0.0,0.0,0.0,0.0,0.0,1.5,5.5,11.5,17.5,24.5,31.5,2,Industry,Heme,Targeted Therapy,2011,98.4126984126984,0.0,0.0,0.0,0.0
PMID 26040499 a_Summary_SoE.pdf,control,0,0.0,1.0,1.0,2.0,2.0,3.0,1.0,0.0,0.0,0.0,0.0,0.0,0.0,0.0,0.0,0.0,0.0,0.0,0.0,0.0,0.0,0.0,0.0,0.0,1.0,1.0,1.0,2.0,2.0,3.0,2,Industry,Breast,Targeted Therapy,2006,100.0,0.0,0.0,0.0,0.0
PMID 26040499 a_Summary_SoE.pdf,intervention,0,0.0,1.0,1.0,2.0,2.0,3.0,1.0,0.0,0.0,0.0,0.0,0.0,0.0,0.0,0.0,0.0,0.0,0.0,0.0,0.0,0.0,0.0,0.0,0.0,1.0,1.0,1.0,2.0,2.0,3.0,2,Industry,Breast,Targeted Therapy,2006,100.0,0.0,0.0,0.0,0.0
PMID 26056177 a_Summary_SoE.pdf,intervention,0,0.0,7.0,18.0,34.0,44.0,52.0,1.0,0.0,0.0,0.0,0.0,0.0,0.0,0.0,0.0,0.0,0.0,0.5,0.5,0.0,0.0,0.0,0.0,0.5,1.5,7.0,18.0,34.0,44.0,53.0,2,Industry,Heme,Targeted Therapy,2007,98.11320754716981,0.0,0.9433962264150944,0.9433962264150944,0.9433962264150944
PMID 26056177 a_Summary_SoE.pdf,intervention,1,0.0,7.0,18.0,34.0,44.0,52.0,1.0,0.0,0.0,0.0,0.0,0.0,0.0,0.0,0.0,0.0,0.0,0.5,1.0,0.0,0.0,0.0,0.0,0.5,2.0,7.0,18.0,34.0,44.0,53.0,2,Industry,Heme,Targeted Therapy,2007,98.11320754716981,0.0,0.9433962264150944,0.9433962264150944,0.9433962264150944
PMID 26056177 a_Summary_SoE.pdf,intervention,2,0.0,7.0,18.0,34.0,44.0,52.0,1.0,0.0,0.0,0.0,0.0,0.0,0.0,0.0,0.0,0.0,0.0,0.5,0.5,0.0,0.0,0.0,0.0,0.5,1.5,7.0,18.0,34.0,44.0,53.0,2,Industry,Heme,Targeted Therapy,2007,98.11320754716981,0.0,0.9433962264150944,0.9433962264150944,0.9433962264150944
PMID 26122726 a_Summary_SoE.pdf,control,0,0.0,13.0,13.0,13.0,13.0,13.0,1.0,0.0,2.0,3.0,4.0,5.0,0.0,0.0,0.0,0.0,0.0,0.0,0.0,0.0,0.0,0.0,0.0,0.0,1.0,13.0,15.0,16.0,17.0,18.0,2,Industry,Breast,Other,2011,72.22222222222221,27.77777777777778,0.0,0.0,27.77777777777778
PMID 26122726 a_Summary_SoE.pdf,intervention,0,0.0,1.0,1.0,1.0,1.0,1.0,1.0,0.0,2.0,3.0,4.0,5.0,0.0,0.0,0.0,0.0,0.0,0.0,0.0,0.0,0.0,0.0,0.0,0.0,1.0,1.0,3.0,4.0,5.0,6.0,2,Industry,Breast,Other,2011,16.666666666666664,83.33333333333334,0.0,0.0,83.33333333333334
PMID 26159065 CT_Summary_SoE.pdf,control,0,0.0,2.0,5.0,6.0,6.0,6.0,1.0,0.0,0.0,2.0,4.0,6.0,0.0,0.0,0.0,0.5,1.5,3.0,0.0,0.0,0.0,0.0,0.0,0.0,1.0,2.0,5.0,8.5,11.5,15.0,2,Industry,Thor,Targeted Therapy,2012,40.0,40.0,20.0,0.0,60.0
PMID 26159065 CT_Summary_SoE.pdf,intervention,0,0.0,2.0,5.0,6.0,6.0,6.0,1.0,0.0,0.0,2.0,4.0,6.0,0.0,0.0,0.0,0.5,1.5,3.0,0.0,0.0,0.0,0.0,0.0,0.0,1.0,2.0,5.0,8.5,11.5,15.0,2,Industry,Thor,Targeted Therapy,2012,40.0,40.0,20.0,0.0,60.0
PMID 26169611 a_Summary_SoE.pdf,control,0,0.0,2.0,4.0,6.0,6.0,6.0,1.0,0.0,0.0,0.5,1.5,2.5,0.0,3.0,5.0,8.0,8.0,8.0,0.0,0.0,0.0,0.0,0.0,0.0,1.0,5.0,9.0,14.5,15.5,16.5,2,Industry,Thor,Targeted Therapy,2011,36.36363636363637,15.151515151515152,48.484848484848484,0.0,63.63636363636364
PMID 26169611 a_Summary_SoE.pdf,intervention,0,0.0,2.0,4.0,6.0,6.0,6.0,1.0,0.0,0.0,0.5,1.5,2.5,0.0,3.0,5.0,8.0,8.0,8.0,0.0,0.0,0.0,0.0,0.0,0.0,1.0,5.0,9.0,14.5,15.5,16.5,2,Industry,Thor,Targeted Therapy,2011,36.36363636363637,15.151515151515152,48.484848484848484,0.0,63.63636363636364
PMID 26206652 CT_Summary_SoE.pdf,control,0,0.0,1.0,1.0,1.0,1.0,1.0,1.0,0.0,0.0,0.0,0.0,0.0,0.0,7.0,7.0,7.0,7.0,7.0,0.0,1.0,1.0,1.0,1.0,1.0,1.0,9.0,9.0,9.0,9.0,9.0,2,Non-Industry,GI,Procedure,2012,11.11111111111111,0.0,77.77777777777779,11.11111111111111,77.77777777777779
PMID 26206652 CT_Summary_SoE.pdf,intervention,0,0.0,1.0,1.0,1.0,1.0,1.0,1.0,0.0,0.0,0.0,0.0,0.0,0.0,7.0,7.0,7.0,7.0,7.0,0.0,1.0,1.0,1.0,1.0,1.0,1.0,9.0,9.0,9.0,9.0,9.0,2,Non-Industry,GI,Procedure,2012,11.11111111111111,0.0,77.77777777777779,11.11111111111111,77.77777777777779
PMID 26244877 a_Summary_SoE.pdf,control,0,0.0,0.5,1.0,1.5,2.0,2.5,1.0,0.0,0.0,0.0,0.0,0.0,1.0,0.0,0.5,1.0,1.5,2.0,0.0,0.5,0.5,0.5,0.5,0.5,2.0,1.0,2.0,3.0,4.0,5.0,2,Industry,GU,Chemotherapy,2006,50.0,0.0,40.0,10.0,40.0
PMID 26244877 a_Summary_SoE.pdf,intervention,0,0.0,2.0,5.0,6.5,7.0,7.5,1.0,0.0,0.0,0.0,0.0,0.0,1.0,0.0,0.0,0.5,1.0,1.5,0.0,0.0,0.0,0.0,0.0,0.0,2.0,2.0,5.0,7.0,8.0,9.0,2,Industry,GU,Chemotherapy,2006,83.33333333333334,0.0,16.666666666666664,0.0,16.666666666666664
PMID 26351350 a_Summary_SoE.pdf,control,0,0.0,1.0,2.0,3.5,5.0,6.5,1.0,0.0,0.5,1.0,1.5,2.5,1.0,1.0,1.5,2.5,3.5,4.5,0.5,0.0,0.0,0.0,0.0,0.0,2.5,2.0,4.0,7.0,10.0,13.5,2,Non-Industry,Skin,Targeted Therapy,2000,48.148148148148145,18.51851851851852,33.33333333333333,0.0,51.85185185185185
PMID 26351350 a_Summary_SoE.pdf,control,1,0.0,3.0,5.0,8.0,11.0,14.0,1.0,0.0,0.0,0.0,0.0,0.0,1.0,0.0,0.0,0.0,0.0,0.0,0.0,0.0,0.0,0.0,0.0,0.0,2.0,3.0,5.0,8.0,11.0,14.0,1,Non-Industry,Skin,Targeted Therapy,2000,100.0,0.0,0.0,0.0,0.0
PMID 26351350 a_Summary_SoE.pdf,intervention,0,0.0,2.5,4.5,7.5,10.5,13.5,1.0,0.0,0.0,0.0,0.0,0.5,1.0,0.0,0.0,0.0,0.0,0.0,0.5,0.0,0.0,0.0,0.0,0.0,2.5,2.5,4.5,7.5,10.5,14.0,2,Non-Industry,Skin,Targeted Therapy,2000,96.42857142857143,3.571428571428571,0.0,0.0,3.571428571428571
PMID 26351350 a_Summary_SoE.pdf,intervention,1,0.0,3.0,5.0,8.0,11.0,14.0,1.0,0.0,0.0,0.0,0.0,0.0,1.0,0.0,0.0,0.0,0.0,0.0,0.0,0.0,0.0,0.0,0.0,0.0,2.0,3.0,5.0,8.0,11.0,14.0,1,Non-Industry,Skin,Targeted Therapy,2000,100.0,0.0,0.0,0.0,0.0
PMID 26351350 a_Summary_SoE.pdf,intervention,2,0.0,3.0,5.0,8.0,11.0,14.0,1.0,0.0,0.0,0.0,0.0,0.0,1.0,0.0,0.0,0.0,0.0,0.0,0.0,0.0,0.0,0.0,0.0,0.0,2.0,3.0,5.0,8.0,11.0,14.0,1,Non-Industry,Skin,Targeted Therapy,2000,100.0,0.0,0.0,0.0,0.0
PMID 26351350 a_Summary_SoE.pdf,intervention,3,0.0,3.0,5.0,8.0,11.0,14.0,1.0,0.0,0.0,0.0,0.0,0.0,1.0,0.0,0.0,0.0,0.0,0.0,0.0,0.0,0.0,0.0,0.0,0.0,2.0,3.0,5.0,8.0,11.0,14.0,1,Non-Industry,Skin,Targeted Therapy,2000,100.0,0.0,0.0,0.0,0.0
PMID 26371143 a_Summary_SoE.pdf,control,0,0.0,2.0,5.0,9.0,13.0,18.0,1.0,0.0,0.0,0.0,0.0,0.0,0.5,3.0,8.0,17.0,26.0,35.0,0.0,0.0,0.0,0.0,0.0,0.0,1.5,5.0,13.0,26.0,39.0,53.0,2,Industry,Other,Chemotherapy,2011,33.9622641509434,0.0,66.0377358490566,0.0,66.0377358490566
PMID 26371143 a_Summary_SoE.pdf,intervention,0,0.0,4.0,10.0,18.0,26.0,36.0,1.0,0.0,0.0,0.0,0.0,0.0,0.5,3.0,8.0,17.0,26.0,35.0,0.0,0.0,0.0,0.0,0.0,0.0,1.5,7.0,18.0,35.0,52.0,71.0,2,Industry,Other,Chemotherapy,2011,50.70422535211267,0.0,49.29577464788733,0.0,49.29577464788733
PMID 26377300 CT_Summary_SoE.pdf,control,0,0.0,0.0,0.0,0.0,0.0,0.0,1.0,0.0,0.0,0.0,0.0,0.5,0.0,2.0,3.0,4.5,6.0,7.0,0.0,0.0,0.0,0.0,0.0,0.0,1.0,2.0,3.0,4.5,6.0,7.5,2,Industry,Heme,Targeted Therapy,2010,0.0,6.666666666666667,93.33333333333333,0.0,100.0
PMID 26377300 CT_Summary_SoE.pdf,intervention,0,0.0,2.0,3.0,4.5,6.0,7.5,1.0,0.0,0.0,0.0,0.0,0.0,0.0,0.0,0.0,0.0,0.0,0.0,0.0,0.0,0.0,0.0,0.0,0.0,1.0,2.0,3.0,4.5,6.0,7.5,2,Industry,Heme,Targeted Therapy,2010,100.0,0.0,0.0,0.0,0.0
PMID 26406148 a_Summary_SoE.pdf,control,0,0.0,2.0,4.0,7.0,10.0,14.0,1.0,0.0,0.0,0.0,0.0,0.0,0.5,0.0,0.0,0.0,0.0,0.0,0.0,0.0,0.0,0.0,0.0,0.0,1.5,2.0,4.0,7.0,10.0,14.0,2,Industry,GU,Immunotherapy,2012,100.0,0.0,0.0,0.0,0.0
PMID 26406148 a_Summary_SoE.pdf,intervention,0,0.0,3.0,7.0,13.0,20.0,27.0,1.0,0.0,0.0,0.0,0.0,0.0,0.5,0.0,0.0,0.0,0.0,0.0,0.0,0.0,0.0,0.0,0.0,0.0,1.5,3.0,7.0,13.0,20.0,27.0,2,Industry,GU,Immunotherapy,2012,100.0,0.0,0.0,0.0,0.0
PMID 26406150 a_Summary_SoE.pdf,control,0,0.0,1.0,1.0,1.0,1.0,1.0,1.0,1.0,2.0,5.0,6.0,9.0,0.5,1.0,3.0,3.0,5.0,6.0,0.0,0.0,0.0,0.0,0.0,0.0,1.5,3.0,6.0,9.0,12.0,16.0,2,Industry,GU,Targeted Therapy,2013,6.25,56.25,37.5,0.0,93.75
PMID 26406150 a_Summary_SoE.pdf,intervention,0,0.0,1.0,1.0,1.0,1.0,1.0,1.0,1.0,2.0,5.0,6.0,9.0,0.5,1.0,3.0,3.0,5.0,6.0,0.0,0.0,0.0,0.0,0.0,0.0,1.5,3.0,6.0,9.0,12.0,16.0,2,Industry,GU,Targeted Therapy,2013,6.25,56.25,37.5,0.0,93.75
PMID 26412349 a_Summary_SoE.pdf,control,0,0.0,0.0,0.0,0.0,0.0,0.0,1.0,0.0,0.0,0.0,0.0,1.0,0.5,0.0,0.0,0.0,0.0,0.0,0.5,0.0,1.0,2.0,2.5,2.5,2.0,0.0,1.0,2.0,2.5,3.5,2,Non-Industry,Breast,Endocrine,2006,0.0,28.57142857142857,0.0,71.42857142857143,28.57142857142857
PMID 26412349 a_Summary_SoE.pdf,intervention,0,0.0,2.0,4.0,4.0,4.0,4.0,1.0,0.0,0.0,0.0,0.0,1.0,0.5,0.0,0.0,0.0,0.0,0.0,0.5,0.0,1.0,2.0,2.5,2.5,2.0,2.0,5.0,6.0,6.5,7.5,2,Non-Industry,Breast,Endocrine,2006,53.333333333333336,13.333333333333334,0.0,33.33333333333333,13.333333333333334
PMID 26412456 a_Summary_SoE.pdf,control,0,0.0,2.0,5.0,9.0,13.0,18.0,1.0,0.0,0.0,0.0,0.0,0.0,0.0,1.0,1.0,1.0,1.0,1.0,0.0,0.0,0.0,0.0,0.0,0.0,1.0,3.0,6.0,10.0,14.0,19.0,2,Industry,Thor,Immunotherapy,2012,94.73684210526315,0.0,5.263157894736842,0.0,5.263157894736842
PMID 26412456 a_Summary_SoE.pdf,intervention,0,0.0,3.0,7.0,13.0,20.0,27.0,1.0,0.0,0.5,1.5,2.5,4.0,0.0,1.0,1.0,1.0,1.0,1.0,0.0,0.0,0.0,0.0,0.0,0.0,1.0,4.0,8.5,15.5,23.5,32.0,2,Industry,Thor,Immunotherapy,2012,84.375,12.5,3.125,0.0,15.625
PMID 26416999 a_Summary_SoE.pdf,control,0,0.0,2.0,5.0,8.0,8.0,8.0,1.5,0.0,0.0,0.0,0.0,0.0,0.5,0.0,0.0,0.0,0.5,0.5,0.0,0.0,0.0,0.0,0.5,1.5,2.0,2.0,5.0,8.0,9.0,10.0,2,Non-Industry,Breast,Chemotherapy,2004,80.0,0.0,5.0,15.0,5.0
PMID 26416999 a_Summary_SoE.pdf,intervention,0,0.0,2.0,4.5,6.0,6.0,6.0,1.5,0.0,0.0,0.0,0.0,0.0,0.5,0.0,0.5,2.0,2.5,2.5,0.0,0.0,0.0,0.0,0.5,1.5,2.0,2.0,5.0,8.0,9.0,10.0,2,Non-Industry,Breast,Chemotherapy,2004,60.0,0.0,25.0,15.0,25.0
PMID 26527790 a_Summary_SoE.pdf,control,0,0.0,17.5,34.5,34.5,34.5,34.5,1.0,0.0,0.0,2.0,3.0,5.0,0.5,0.5,0.5,0.5,0.5,0.5,0.0,0.0,0.0,0.0,0.0,0.0,1.5,18.0,35.0,37.0,38.0,40.0,2,Industry,HN,Targeted Therapy,2006,86.25,12.5,1.25,0.0,13.75
PMID 26527790 a_Summary_SoE.pdf,intervention,0,0.0,17.5,34.5,34.5,34.5,34.5,1.0,0.0,0.0,2.0,3.0,5.0,0.5,0.5,0.5,0.5,0.5,0.5,0.0,0.0,0.0,0.0,0.0,0.0,1.5,18.0,35.0,37.0,38.0,40.0,2,Industry,HN,Targeted Therapy,2006,86.25,12.5,1.25,0.0,13.75
PMID 26540028 a_Summary_SoE.pdf,control,0,0.0,2.0,3.0,4.0,5.0,5.5,0.0,0.0,0.0,0.0,0.0,0.0,1.0,0.5,0.5,0.5,0.5,1.0,0.0,0.0,0.0,0.0,0.0,0.0,1.0,2.5,3.5,4.5,5.5,6.5,2,Industry,HN,Targeted Therapy,2006,84.61538461538461,0.0,15.384615384615385,0.0,15.384615384615385
PMID 26540028 a_Summary_SoE.pdf,intervention,0,0.0,2.0,3.0,4.0,5.0,5.5,0.0,0.0,0.0,0.0,0.0,0.0,1.0,0.5,0.5,0.5,0.5,1.0,0.0,0.0,0.0,0.0,0.0,0.0,1.0,2.5,3.5,4.5,5.5,6.5,2,Industry,HN,Targeted Therapy,2006,84.61538461538461,0.0,15.384615384615385,0.0,15.384615384615385
PMID 26598744 a_Summary_SoE.pdf,control,0,0.0,2.0,5.0,9.0,13.0,18.0,1.0,1.0,1.0,1.0,1.0,1.0,1.0,1.0,1.0,1.0,1.0,1.0,0.0,0.0,0.0,0.0,0.0,0.0,2.0,4.0,7.0,11.0,15.0,20.0,2,Industry,Breast,Targeted Therapy,2007,90.0,5.0,5.0,0.0,10.0
PMID 26598744 a_Summary_SoE.pdf,intervention,0,0.0,0.0,0.0,0.0,0.0,0.0,1.0,1.0,2.0,3.0,4.0,5.0,1.0,2.0,3.0,4.0,4.0,4.0,0.0,0.0,0.0,0.0,0.0,0.0,2.0,3.0,5.0,7.0,8.0,9.0,2,Industry,Breast,Targeted Therapy,2007,0.0,55.55555555555556,44.44444444444444,0.0,100.0
PMID 26598744 a_Summary_SoE.pdf,intervention,1,0.0,4.5,12.0,12.0,12.0,12.0,1.0,1.0,1.5,2.5,3.5,4.5,1.0,1.0,1.0,2.0,2.0,2.0,0.0,0.0,0.0,0.0,0.0,0.0,2.0,6.5,14.5,16.5,17.5,18.5,2,Industry,Breast,Targeted Therapy,2007,64.86486486486487,24.324324324324326,10.81081081081081,0.0,35.13513513513514
PMID 26598744 a_Summary_SoE.pdf,intervention,2,0.0,2.0,5.0,9.0,13.0,18.0,1.0,1.0,1.0,1.0,1.0,1.0,1.0,1.0,1.0,1.0,1.0,1.0,0.0,0.0,0.0,0.0,0.0,0.0,2.0,4.0,7.0,11.0,15.0,20.0,2,Industry,Breast,Targeted Therapy,2007,90.0,5.0,5.0,0.0,10.0
PMID 26628478 a_Summary_SoE.pdf,control,0,0.0,2.0,5.0,8.0,8.0,8.0,1.0,0.0,0.0,0.5,2.5,3.5,1.0,0.0,0.0,0.0,0.0,1.5,0.0,0.0,0.0,0.0,0.0,0.0,2.0,2.0,5.0,8.5,10.5,13.0,2,Industry,GI,Targeted Therapy,2008,61.53846153846154,26.923076923076923,11.538461538461538,0.0,38.46153846153846
PMID 26628478 a_Summary_SoE.pdf,intervention,0,0.0,2.0,5.0,8.0,8.0,8.0,1.0,0.0,0.0,0.5,2.5,3.5,1.0,0.0,0.0,0.0,0.0,1.5,0.0,0.0,0.0,0.0,0.0,0.0,2.0,2.0,5.0,8.5,10.5,13.0,2,Industry,GI,Targeted Therapy,2008,61.53846153846154,26.923076923076923,11.538461538461538,0.0,38.46153846153846
PMID 26639149 a_Summary_SoE.pdf,control,0,0.0,2.5,5.0,7.5,10.0,12.0,1.0,0.0,0.0,0.5,1.0,1.5,0.0,0.5,1.5,3.0,3.5,3.5,0.0,0.0,0.0,0.0,0.0,0.5,1.0,3.0,6.5,11.0,14.5,17.5,2,Industry,Heme,Targeted Therapy,2013,68.57142857142857,8.571428571428571,20.0,2.857142857142857,28.57142857142857
PMID 26639149 a_Summary_SoE.pdf,intervention,0,0.0,2.0,4.0,6.5,9.0,11.5,1.0,0.0,0.0,0.5,1.0,1.5,0.0,1.0,3.0,6.0,7.0,7.0,0.0,0.0,0.0,0.0,0.0,0.0,1.0,3.0,7.0,13.0,17.0,20.0,2,Industry,Heme,Targeted Therapy,2013,57.49999999999999,7.5,35.0,0.0,42.5
PMID 26655421 CT_Summary_SoE.pdf,control,0,0.0,4.0,8.5,13.0,13.0,13.0,1.0,0.0,0.0,1.0,2.0,3.0,0.5,2.0,4.0,7.0,9.0,11.0,0.0,0.0,0.0,0.0,0.0,0.0,1.5,6.0,12.5,21.0,24.0,27.0,2,Industry,Heme,Targeted Therapy,2012,48.148148148148145,11.11111111111111,40.74074074074074,0.0,51.85185185185185
PMID 26655421 CT_Summary_SoE.pdf,intervention,0,0.0,4.0,8.5,13.0,13.0,13.0,1.0,0.0,0.0,1.0,2.0,3.0,0.5,2.0,4.0,7.0,9.0,11.0,0.0,0.0,0.0,0.0,0.0,0.0,1.5,6.0,12.5,21.0,24.0,27.0,2,Industry,Heme,Targeted Therapy,2012,48.148148148148145,11.11111111111111,40.74074074074074,0.0,51.85185185185185
PMID 26673811 a_Summary_SoE.pdf,control,0,0.0,5.0,13.0,26.0,39.0,53.0,0.5,0.0,0.0,0.0,0.0,0.0,0.0,0.0,0.0,0.0,0.0,0.0,0.5,0.0,0.0,0.0,0.0,0.0,1.0,5.0,13.0,26.0,39.0,53.0,2,Industry,Heme,Targeted Therapy,2012,100.0,0.0,0.0,0.0,0.0
PMID 26673811 a_Summary_SoE.pdf,intervention,0,0.0,0.0,0.0,0.0,0.0,0.0,0.5,0.0,0.5,1.0,2.0,2.5,0.0,1.0,2.0,3.5,4.5,6.5,0.5,1.0,2.5,4.5,6.5,9.0,1.0,2.0,5.0,9.0,13.0,18.0,2,Industry,Heme,Targeted Therapy,2012,0.0,13.88888888888889,36.11111111111111,50.0,50.0
PMID 26703889 a_Summary_SoE.pdf,control,0,0.0,1.5,3.0,5.5,7.5,10.5,1.0,0.0,0.0,0.0,0.0,0.0,0.0,0.5,1.0,1.5,2.5,3.5,0.0,0.0,0.0,0.0,0.0,0.0,1.0,2.0,4.0,7.0,10.0,14.0,2,Industry,Other,Targeted Therapy,2012,75.0,0.0,25.0,0.0,25.0
PMID 26703889 a_Summary_SoE.pdf,intervention,0,0.0,1.5,3.0,5.5,7.5,10.5,1.0,0.0,0.0,0.0,0.0,0.0,0.0,0.5,1.0,1.5,2.5,3.5,0.0,0.0,0.0,0.0,0.0,0.0,1.0,2.0,4.0,7.0,10.0,14.0,2,Industry,Other,Targeted Therapy,2012,75.0,0.0,25.0,0.0,25.0
PMID 26712084b_Summary_SoE.pdf,control,0,0.0,2.0,5.0,9.0,13.0,18.0,1.0,0.0,0.0,0.0,0.0,0.0,0.0,0.0,0.0,0.0,0.0,0.0,0.0,0.0,0.0,0.0,0.0,0.0,1.0,2.0,5.0,9.0,13.0,18.0,2,Industry,Thor,Immunotherapy,2013,100.0,0.0,0.0,0.0,0.0
PMID 26712084b_Summary_SoE.pdf,intervention,0,0.0,2.0,5.0,9.0,13.0,18.0,1.0,0.0,0.0,0.0,0.0,0.0,0.0,0.0,0.0,0.0,0.0,0.0,0.0,0.0,0.0,0.0,0.0,0.0,1.0,2.0,5.0,9.0,13.0,18.0,2,Industry,Thor,Immunotherapy,2013,100.0,0.0,0.0,0.0,0.0
PMID 26712084b_Summary_SoE.pdf,intervention,1,0.0,2.0,5.0,9.0,13.0,18.0,1.0,0.0,0.0,0.0,0.0,0.0,0.0,0.0,0.0,0.0,0.0,0.0,0.0,0.0,0.0,0.0,0.0,0.0,1.0,2.0,5.0,9.0,13.0,18.0,2,Industry,Thor,Immunotherapy,2013,100.0,0.0,0.0,0.0,0.0
PMID 26811519 a_Summary_SoE.pdf,control,0,0.0,22.0,34.0,35.0,35.0,35.0,1.0,0.0,1.0,3.0,4.0,5.0,0.0,0.0,3.5,6.5,6.5,6.5,0.0,0.0,0.0,0.0,0.0,0.0,1.0,22.0,38.5,44.5,45.5,46.5,2,Industry,Thor,Chemotherapy,2008,75.26881720430107,10.75268817204301,13.978494623655912,0.0,24.73118279569892
PMID 26811519 a_Summary_SoE.pdf,intervention,0,0.0,22.0,35.0,37.0,37.0,37.0,1.0,0.0,1.0,2.5,4.0,5.0,0.0,0.0,3.0,9.0,9.0,9.0,0.0,0.0,0.0,0.0,0.0,0.0,1.0,22.0,39.0,48.5,50.0,51.0,2,Industry,Thor,Chemotherapy,2008,72.54901960784314,9.803921568627452,17.647058823529413,0.0,27.450980392156865
PMID 26858335 a_Summary_SoE.pdf,control,0,0.0,1.0,2.5,4.5,6.5,9.0,1.0,0.0,1.0,2.5,3.5,5.0,0.0,4.0,9.5,19.0,29.0,38.5,0.0,0.0,0.0,0.0,0.0,0.0,1.0,5.0,13.0,26.0,39.0,52.5,2,Industry,Breast,Other,2006,17.142857142857142,9.523809523809524,73.33333333333333,0.0,82.85714285714285
PMID 26858335 a_Summary_SoE.pdf,intervention,0,0.0,5.0,13.0,26.0,39.0,52.5,1.0,0.0,0.0,0.0,0.0,0.0,0.0,0.0,0.0,0.0,0.0,0.0,0.0,0.0,0.0,0.0,0.0,0.0,1.0,5.0,13.0,26.0,39.0,52.5,2,Industry,Breast,Other,2006,100.0,0.0,0.0,0.0,0.0
PMID 26884585 a_Summary_SoE.pdf,control,0,0.0,0.0,0.0,0.0,0.0,0.0,1.0,0.5,2.0,5.0,7.0,9.5,1.0,5.0,10.5,16.0,23.5,32.0,0.0,0.0,0.0,0.0,0.0,0.0,2.0,5.5,12.5,21.0,30.5,41.5,2,Industry,GI,Other,2011,0.0,22.89156626506024,77.10843373493977,0.0,100.0
PMID 26884585 a_Summary_SoE.pdf,intervention,0,0.0,0.0,0.0,0.0,0.0,0.0,1.0,0.5,2.0,5.0,7.0,9.5,1.0,5.0,10.5,16.0,23.5,32.0,0.0,0.0,0.0,0.0,0.0,0.0,2.0,5.5,12.5,21.0,30.5,41.5,2,Industry,GI,Other,2011,0.0,22.89156626506024,77.10843373493977,0.0,100.0
PMID 26933849 a_Summary_SoE.pdf,control,0,0.0,2.0,5.0,6.0,6.0,6.0,1.0,0.0,0.0,1.0,2.0,3.0,0.0,0.0,0.0,0.0,0.0,0.0,0.0,0.0,0.0,0.0,0.0,0.0,1.0,2.0,5.0,7.0,8.0,9.0,2,Industry,GYN,Targeted Therapy,2010,66.66666666666666,33.33333333333333,0.0,0.0,33.33333333333333
PMID 26933849 a_Summary_SoE.pdf,intervention,0,0.0,5.0,13.0,18.0,18.0,18.0,1.0,0.0,0.0,1.0,2.0,3.0,0.0,0.0,0.0,0.0,0.0,0.0,0.0,0.0,0.0,0.0,0.0,0.0,1.0,5.0,13.0,19.0,20.0,21.0,2,Industry,GYN,Targeted Therapy,2010,85.71428571428571,14.285714285714285,0.0,0.0,14.285714285714285
PMID 26997579 a _Summary_SoE.pdf,control,0,0.0,1.0,1.0,1.0,1.0,1.0,0.0,0.0,0.0,0.0,0.0,0.0,1.0,1.0,1.0,1.0,1.0,1.0,0.0,0.0,0.0,0.0,0.0,0.0,1.0,2.0,2.0,2.0,2.0,2.0,2,Industry,Multiple,Other,2014,50.0,0.0,50.0,0.0,50.0
PMID 26997579 a _Summary_SoE.pdf,intervention,0,0.0,1.0,1.0,1.0,1.0,1.0,0.0,0.0,0.0,0.0,0.0,0.0,1.0,1.0,1.0,1.0,1.0,1.0,0.0,0.0,0.0,0.0,0.0,0.0,1.0,2.0,2.0,2.0,2.0,2.0,2,Industry,Multiple,Other,2014,50.0,0.0,50.0,0.0,50.0
PMID 27044935 a_Summary_SoE.pdf,control,0,0.0,22.0,41.0,41.0,41.0,41.0,2.0,0.0,0.0,0.0,0.0,0.0,1.0,0.0,1.0,2.0,3.0,4.0,0.0,0.0,0.0,0.0,0.0,0.0,3.0,22.0,42.0,43.0,44.0,45.0,2,Non-Industry,GU,Radiation,2006,91.11111111111111,0.0,8.88888888888889,0.0,8.88888888888889
PMID 27044935 a_Summary_SoE.pdf,intervention,0,0.0,22.0,28.0,28.0,28.0,28.0,2.0,0.0,0.0,0.0,0.0,0.0,1.0,0.0,1.0,2.0,3.0,4.0,0.0,0.0,0.0,0.0,0.0,0.0,3.0,22.0,29.0,30.0,31.0,32.0,2,Non-Industry,GU,Radiation,2006,87.5,0.0,12.5,0.0,12.5
PMID 27119237 a_Summary_SoE.pdf,control,0,0.0,3.5,7.5,10.5,13.5,17.5,0.5,0.0,0.0,0.0,0.0,0.0,0.5,1.5,3.5,3.5,3.5,3.5,0.0,0.0,0.0,0.0,0.0,0.0,1.0,5.0,11.0,14.0,17.0,21.0,2,Industry,Heme,Targeted Therapy,2012,83.33333333333334,0.0,16.666666666666664,0.0,16.666666666666664
PMID 27119237 a_Summary_SoE.pdf,intervention,0,0.0,3.5,7.5,10.5,13.5,17.5,0.5,0.0,0.0,0.0,0.0,0.0,0.5,1.5,3.5,3.5,3.5,3.5,0.0,0.0,0.0,0.0,0.0,0.0,1.0,5.0,11.0,14.0,17.0,21.0,2,Industry,Heme,Targeted Therapy,2012,83.33333333333334,0.0,16.666666666666664,0.0,16.666666666666664
PMID 27264120 a_Summary_SoE.pdf,control,0,0.0,0.0,0.0,0.0,0.0,0.0,1.0,0.0,0.0,0.0,0.0,1.0,0.0,0.0,0.0,1.0,1.0,1.0,0.0,0.0,0.0,0.0,0.0,0.0,1.0,0.0,0.0,1.0,1.0,2.0,2,Non-Industry,Breast,Endocrine,2004,0.0,50.0,50.0,0.0,100.0
PMID 27264120 a_Summary_SoE.pdf,intervention,0,0.0,0.0,0.0,0.0,0.0,0.0,1.0,0.0,0.0,0.0,0.0,1.0,0.0,0.0,0.0,1.0,1.0,1.0,0.0,0.0,0.0,0.0,0.0,0.0,1.0,0.0,0.0,1.0,1.0,2.0,2,Non-Industry,Breast,Endocrine,2004,0.0,50.0,50.0,0.0,100.0
PMID 27354480 a_Summary_SoE.pdf,control,0,0.0,0.5,2.0,3.0,3.0,3.0,0.0,0.0,0.0,0.0,0.0,0.0,1.0,2.5,5.5,7.5,8.0,8.0,0.0,0.0,0.0,0.5,0.5,0.5,1.0,3.0,7.5,11.0,11.5,11.5,2,Industry,Heme,Targeted Therapy,2010,26.08695652173913,0.0,69.56521739130434,4.3478260869565215,69.56521739130434
PMID 27354480 a_Summary_SoE.pdf,intervention,0,0.0,0.5,2.0,3.0,3.0,3.0,0.0,0.0,0.0,0.0,0.0,0.0,1.0,2.5,5.5,7.5,8.0,8.0,0.0,0.0,0.0,0.5,0.5,0.5,1.0,3.0,7.5,11.0,11.5,11.5,2,Industry,Heme,Targeted Therapy,2010,26.08695652173913,0.0,69.56521739130434,4.3478260869565215,69.56521739130434
PMID 27458307 a_Summary_SoE.pdf,control,0,0.0,6.0,13.0,15.0,16.0,17.0,1.0,0.0,0.0,1.0,1.0,1.0,0.0,0.0,0.0,0.0,0.0,0.0,0.0,0.0,0.0,0.0,0.0,0.0,1.0,6.0,13.0,16.0,17.0,18.0,2,Industry,Thor,Immunotherapy,2011,94.44444444444444,5.555555555555555,0.0,0.0,5.555555555555555
PMID 27458307 a_Summary_SoE.pdf,intervention,0,0.0,6.0,13.0,15.0,16.0,17.0,1.0,0.0,0.0,1.0,1.0,1.0,0.0,0.0,0.0,0.0,0.0,0.0,0.0,0.0,0.0,0.0,0.0,0.0,1.0,6.0,13.0,16.0,17.0,18.0,2,Industry,Thor,Immunotherapy,2011,94.44444444444444,5.555555555555555,0.0,0.0,5.555555555555555
PMID 27458945 a_Summary_SoE.pdf,control,0,0.0,13.0,13.0,13.0,13.0,13.0,1.5,0.0,2.0,3.0,4.0,5.0,0.0,0.0,0.0,0.0,0.0,0.0,0.0,0.0,0.0,0.0,0.0,0.0,1.5,13.0,15.0,16.0,17.0,18.0,2,Non-Industry,Multiple,Radiation,2006,72.22222222222221,27.77777777777778,0.0,0.0,27.77777777777778
PMID 27458945 a_Summary_SoE.pdf,intervention,0,0.0,1.0,1.0,1.0,1.0,1.0,1.5,0.0,2.0,3.0,4.0,5.0,0.0,0.0,0.0,0.0,0.0,0.0,0.0,0.0,0.0,0.0,0.0,0.0,1.5,1.0,3.0,4.0,5.0,6.0,2,Non-Industry,Multiple,Radiation,2006,16.666666666666664,83.33333333333334,0.0,0.0,83.33333333333334
PMID 27557302 a_Summary_SoE.pdf,control,0,0.0,7.0,18.0,32.0,32.0,32.0,1.0,0.0,0.0,0.0,0.0,0.0,0.0,0.0,0.0,1.0,4.0,8.0,0.0,0.0,0.0,0.0,0.0,0.0,1.0,7.0,18.0,33.0,36.0,40.0,2,Industry,Heme,Targeted Therapy,2014,80.0,0.0,20.0,0.0,20.0
PMID 27557302 a_Summary_SoE.pdf,intervention,0,0.0,8.0,21.0,36.0,39.0,43.0,1.0,0.0,0.0,0.0,0.0,0.0,0.0,0.0,0.0,0.0,0.0,0.0,0.0,0.0,0.0,0.0,0.0,0.0,1.0,8.0,21.0,36.0,39.0,43.0,2,Industry,Heme,Targeted Therapy,2014,100.0,0.0,0.0,0.0,0.0
PMID 27569442 CT_Summary_SoE.pdf,control,0,0.0,3.5,10.5,21.0,24.0,24.0,0.5,0.0,1.5,2.5,3.5,4.0,0.5,3.5,10.0,20.0,22.5,22.5,1.0,0.0,0.0,0.0,0.0,1.5,2.0,7.0,22.0,43.5,50.0,52.0,2,Non-Industry,Other,Immunotherapy,2005,46.15384615384615,7.6923076923076925,43.269230769230774,2.8846153846153846,50.96153846153847
PMID 27569442 CT_Summary_SoE.pdf,intervention,0,0.0,3.5,10.5,24.5,38.5,46.0,0.5,0.0,1.5,2.0,2.5,3.0,0.5,3.5,10.0,18.5,21.0,20.5,1.0,0.0,0.0,0.0,0.0,1.0,2.0,7.0,22.0,45.0,62.0,70.5,2,Non-Industry,Other,Immunotherapy,2005,65.24822695035462,4.25531914893617,29.078014184397162,1.4184397163120568,33.33333333333333
PMID 27569442 CT_Summary_SoE.pdf,intervention,1,0.0,3.5,10.5,22.5,36.0,43.5,0.5,0.0,1.5,2.5,3.5,4.0,0.5,3.5,10.0,20.0,28.5,29.0,1.0,0.0,0.0,0.0,0.0,0.0,2.0,7.0,22.0,45.0,68.0,76.5,2,Non-Industry,Other,Immunotherapy,2005,56.86274509803921,5.228758169934641,37.908496732026144,0.0,43.13725490196079
PMID 27705267 a_Summary_SoE.pdf,control,0,0.0,0.0,0.0,0.0,0.0,0.0,1.5,0.0,0.0,0.0,0.0,0.0,0.5,5.0,11.0,17.0,20.0,24.0,0.0,0.0,0.0,0.0,0.0,0.0,2.0,5.0,11.0,17.0,20.0,24.0,2,Industry,Heme,Targeted Therapy,2014,0.0,0.0,100.0,0.0,100.0
PMID 27705267 a_Summary_SoE.pdf,intervention,0,0.0,5.0,11.0,17.0,20.0,24.0,1.5,0.0,0.0,0.0,0.0,0.0,0.5,0.0,0.0,0.0,0.0,0.0,0.0,0.0,0.0,0.0,0.0,0.0,2.0,5.0,11.0,17.0,20.0,24.0,2,Industry,Heme,Targeted Therapy,2014,100.0,0.0,0.0,0.0,0.0
PMID 27717299 a_Summary_SoE.pdf,control,0,0.0,1.5,2.5,4.0,5.5,7.5,1.0,0.5,1.0,2.0,2.5,3.5,0.5,3.0,3.5,4.0,5.0,6.0,0.0,0.0,0.0,0.0,0.0,0.0,1.5,5.0,7.0,10.0,13.0,17.0,2,Industry,GYN,Targeted Therapy,2013,44.11764705882353,20.588235294117645,35.294117647058826,0.0,55.88235294117647
PMID 27717299 a_Summary_SoE.pdf,intervention,0,0.0,1.5,2.5,4.0,5.5,7.5,1.0,0.5,1.0,2.0,2.5,3.5,0.5,3.0,3.5,4.0,5.0,6.0,0.0,0.0,0.0,0.0,0.0,0.0,1.5,5.0,7.0,10.0,13.0,17.0,2,Industry,GYN,Targeted Therapy,2013,44.11764705882353,20.588235294117645,35.294117647058826,0.0,55.88235294117647
PMID 27717299 a_Summary_SoE.pdf,intervention,1,0.0,3.0,5.0,8.0,12.0,15.0,1.0,0.0,0.0,0.0,0.0,0.0,0.0,11.0,11.0,11.0,11.0,11.0,0.0,0.0,0.0,0.0,0.0,0.0,1.0,14.0,16.0,19.0,23.0,26.0,1,Industry,GYN,Targeted Therapy,2013,57.692307692307686,0.0,42.30769230769231,0.0,42.30769230769231
PMID 27717303 a_Summary_SoE.pdf,control,0,0.0,2.5,4.5,7.5,10.5,14.5,1.0,0.5,0.5,0.5,0.5,0.5,0.5,0.0,0.0,0.0,0.0,0.0,0.5,0.0,0.0,0.0,0.0,0.0,2.0,3.0,5.0,8.0,11.0,15.0,2,Industry,Breast,Endocrine,2013,96.66666666666667,3.3333333333333335,0.0,0.0,3.3333333333333335
PMID 27717303 a_Summary_SoE.pdf,intervention,0,0.0,2.5,4.5,7.5,10.5,14.5,1.0,0.5,0.5,0.5,0.5,0.5,0.5,0.0,0.0,0.0,0.0,0.0,0.5,0.0,0.0,0.0,0.0,0.0,2.0,3.0,5.0,8.0,11.0,15.0,2,Industry,Breast,Endocrine,2013,96.66666666666667,3.3333333333333335,0.0,0.0,3.3333333333333335
PMID 27718781 a_Summary_SoE.pdf,control,0,0.0,1.0,3.0,5.0,7.0,9.0,2.0,1.0,1.0,1.0,1.0,1.0,0.5,0.0,0.0,0.0,0.0,0.0,0.0,0.0,0.0,0.0,0.0,0.0,2.5,2.0,4.0,6.0,8.0,10.0,2,Industry,GU,Targeted Therapy,2007,90.0,10.0,0.0,0.0,10.0
PMID 27718781 a_Summary_SoE.pdf,intervention,0,0.0,1.0,3.0,5.0,7.0,9.0,2.0,1.0,1.0,1.0,1.0,1.0,0.5,0.0,0.0,0.0,0.0,0.0,0.0,0.0,0.0,0.0,0.0,0.0,2.5,2.0,4.0,6.0,8.0,10.0,2,Industry,GU,Targeted Therapy,2007,90.0,10.0,0.0,0.0,10.0
PMID 27718784 a_Summary_SoE.pdf,control,0,0.0,5.0,13.0,26.0,39.0,53.0,1.0,0.0,0.0,0.0,0.0,0.0,0.5,0.0,0.0,0.0,0.0,0.0,0.0,0.0,0.0,0.0,0.0,0.0,1.5,5.0,13.0,26.0,39.0,53.0,2,Industry,HN,Immunotherapy,2014,100.0,0.0,0.0,0.0,0.0
PMID 27718784 a_Summary_SoE.pdf,intervention,0,0.0,3.0,7.0,13.0,20.0,27.0,1.0,0.0,0.0,0.0,0.0,0.0,0.5,0.0,0.0,0.0,0.0,0.0,0.0,0.0,0.0,0.0,0.0,0.0,1.5,3.0,7.0,13.0,20.0,27.0,2,Industry,HN,Immunotherapy,2014,100.0,0.0,0.0,0.0,0.0
PMID 27731748 a_Summary_SoE.pdf,control,0,0.0,0.0,0.0,0.0,0.0,0.0,0.0,0.0,0.0,0.0,0.0,0.0,0.5,0.0,0.0,0.0,0.0,0.0,0.0,0.0,0.0,0.0,0.0,0.0,0.5,0.0,0.0,0.0,0.0,0.0,2,Industry,Heme,Other,2009,0.0,0.0,0.0,0.0,0.0
PMID 27731748 a_Summary_SoE.pdf,intervention,0,0.0,0.0,0.0,0.0,0.0,0.0,0.0,0.0,0.0,0.0,0.0,0.0,0.5,0.0,0.0,0.0,0.0,0.0,0.0,0.0,0.0,0.0,0.0,0.0,0.5,0.0,0.0,0.0,0.0,0.0,2,Industry,Heme,Other,2009,0.0,0.0,0.0,0.0,0.0
PMID 27787547 a_Summary_SoE.pdf,control,0,0.0,5.0,13.0,24.0,24.0,24.0,1.0,0.0,0.0,0.0,1.0,2.0,0.5,0.0,0.0,0.0,0.0,0.0,0.0,0.0,0.0,0.0,0.0,0.0,1.5,5.0,13.0,24.0,25.0,26.0,2,Industry,GU,Targeted Therapy,2004,92.3076923076923,7.6923076923076925,0.0,0.0,7.6923076923076925
PMID 27787547 a_Summary_SoE.pdf,intervention,0,0.0,5.0,13.0,24.0,24.0,24.0,1.0,0.0,0.0,0.0,1.0,2.0,0.5,0.0,0.0,0.0,0.0,0.0,0.0,0.0,0.0,0.0,0.0,0.0,1.5,5.0,13.0,24.0,25.0,26.0,2,Industry,GU,Targeted Therapy,2004,92.3076923076923,7.6923076923076925,0.0,0.0,7.6923076923076925
PMID 27908454 CT_Summary_SoE.pdf,control,0,0.0,3.0,5.0,8.0,11.0,15.0,1.0,0.0,0.0,0.0,0.0,0.0,0.0,0.0,0.0,0.0,0.0,0.0,0.0,0.0,0.0,0.0,0.0,0.0,1.0,3.0,5.0,8.0,11.0,15.0,2,Industry,Breast,Other,2012,100.0,0.0,0.0,0.0,0.0
PMID 27908454 CT_Summary_SoE.pdf,intervention,0,0.0,3.0,5.0,8.0,11.0,15.0,1.0,0.0,0.0,0.0,0.0,0.0,0.0,0.0,0.0,0.0,0.0,0.0,0.0,0.0,0.0,0.0,0.0,0.0,1.0,3.0,5.0,8.0,11.0,15.0,2,Industry,Breast,Other,2012,100.0,0.0,0.0,0.0,0.0
PMID 27914822_Summary_SoE.pdf,control,0,0.0,2.0,4.0,4.0,4.0,4.0,0.5,0.0,0.0,0.5,1.0,1.0,0.5,2.0,4.0,4.5,4.5,4.5,0.0,0.0,0.0,0.0,0.0,0.0,1.0,4.0,8.0,9.0,9.5,9.5,2,Non-Industry,Other,Procedure,2008,42.10526315789473,10.526315789473683,47.368421052631575,0.0,57.89473684210526
PMID 27914822_Summary_SoE.pdf,intervention,0,0.0,2.0,4.0,4.0,4.0,4.0,0.5,0.0,0.0,0.5,1.0,1.0,0.5,2.0,4.0,4.5,4.5,4.5,0.0,0.0,0.0,0.0,0.0,0.0,1.0,4.0,8.0,9.0,9.5,9.5,2,Non-Industry,Other,Procedure,2008,42.10526315789473,10.526315789473683,47.368421052631575,0.0,57.89473684210526
PMID 27918724 a_Summary_SoE.pdf,control,0,0.0,2.0,5.0,9.0,10.0,11.0,1.0,0.0,0.0,0.0,0.0,1.5,0.0,0.0,0.0,0.0,0.0,0.5,0.0,0.0,0.0,0.0,0.0,0.0,1.0,2.0,5.0,9.0,10.0,13.0,2,Industry,Other,Other,2013,84.61538461538461,11.538461538461538,3.8461538461538463,0.0,15.384615384615385
PMID 27918724 a_Summary_SoE.pdf,intervention,0,0.0,2.0,5.0,9.0,10.0,11.0,1.0,0.0,0.0,0.0,0.0,1.5,0.0,0.0,0.0,0.0,0.0,0.5,0.0,0.0,0.0,0.0,0.0,0.0,1.0,2.0,5.0,9.0,10.0,13.0,2,Industry,Other,Other,2013,84.61538461538461,11.538461538461538,3.8461538461538463,0.0,15.384615384615385
PMID 27918724 a_Summary_SoE.pdf,intervention,1,0.0,2.0,5.0,9.0,10.0,11.0,1.0,0.0,0.0,0.0,0.0,1.0,0.0,0.0,0.0,0.0,0.0,1.0,0.0,0.0,0.0,0.0,0.0,0.0,1.0,2.0,5.0,9.0,10.0,13.0,1,Industry,Other,Other,2013,84.61538461538461,7.6923076923076925,7.6923076923076925,0.0,15.384615384615385
PMID 27918780 a_Summary_SoE.pdf,control,0,0.0,3.0,6.0,10.0,14.0,19.0,1.0,0.0,0.0,0.0,0.0,0.0,0.0,0.5,0.5,0.5,0.5,0.5,0.0,0.0,0.0,0.0,0.0,0.0,1.0,3.5,6.5,10.5,14.5,19.5,2,Industry,Breast,Targeted Therapy,2012,97.43589743589743,0.0,2.564102564102564,0.0,2.564102564102564
PMID 27918780 a_Summary_SoE.pdf,intervention,0,0.0,3.0,6.0,10.0,14.0,19.0,1.0,0.0,0.0,0.0,0.0,0.0,0.0,0.5,0.5,0.5,0.5,0.5,0.0,0.0,0.0,0.0,0.0,0.0,1.0,3.5,6.5,10.5,14.5,19.5,2,Industry,Breast,Targeted Therapy,2012,97.43589743589743,0.0,2.564102564102564,0.0,2.564102564102564
PMID 27959613 a_Summary_SoE.pdf,control,0,0.0,1.0,2.0,3.5,5.0,7.0,1.0,1.0,1.5,2.0,2.5,3.0,0.0,1.0,2.5,3.5,4.5,6.0,0.0,0.0,0.0,0.0,0.0,0.0,1.0,3.0,6.0,9.0,12.0,16.0,2,Industry,Breast,Endocrine,2013,43.75,18.75,37.5,0.0,56.25
PMID 27959613 a_Summary_SoE.pdf,intervention,0,0.0,1.0,2.0,3.5,5.0,7.0,1.0,1.0,1.5,2.0,2.5,3.0,0.0,1.0,2.5,3.5,4.5,6.0,0.0,0.0,0.0,0.0,0.0,0.0,1.0,3.0,6.0,9.0,12.0,16.0,2,Industry,Breast,Endocrine,2013,43.75,18.75,37.5,0.0,56.25
PMID 27959700 a_Summary_SoE.pdf,control,0,0.0,2.0,5.0,8.5,11.5,15.0,0.5,1.0,1.0,1.0,1.0,1.0,0.0,0.0,0.0,0.0,0.0,0.0,0.5,0.0,0.0,0.0,0.0,0.0,1.0,3.5,6.5,10.0,13.0,16.5,2,Industry,Thor,Targeted Therapy,2014,90.9090909090909,6.0606060606060606,0.0,0.0,6.0606060606060606
PMID 27959700 a_Summary_SoE.pdf,intervention,0,0.0,1.5,3.0,4.5,5.5,6.5,0.5,2.5,4.0,5.5,6.5,7.5,0.0,0.0,0.0,0.0,0.0,0.0,0.5,0.0,0.0,0.0,0.0,0.0,1.0,4.5,7.5,10.5,12.5,14.5,2,Industry,Thor,Targeted Therapy,2014,44.827586206896555,51.724137931034484,0.0,0.0,51.724137931034484
PMID 27979383 a_Summary_SoE.pdf,control,0,0.0,0.0,0.0,0.0,0.0,0.0,0.0,0.0,0.0,0.0,0.0,0.0,0.0,0.0,0.0,0.0,0.0,0.0,0.0,0.0,0.0,0.0,0.0,0.0,0.0,0.0,0.0,0.0,0.0,0.0,2,Industry,Thor,Immunotherapy,2014,0.0,0.0,0.0,0.0,0.0
PMID 27979383 a_Summary_SoE.pdf,intervention,0,0.0,0.0,0.0,0.0,0.0,0.0,0.0,0.0,0.0,0.0,0.0,0.0,0.0,0.0,0.0,0.0,0.0,0.0,0.0,0.0,0.0,0.0,0.0,0.0,0.0,0.0,0.0,0.0,0.0,0.0,2,Industry,Thor,Immunotherapy,2014,0.0,0.0,0.0,0.0,0.0
PMID 28029326 a_Summary_SoE.pdf,control,0,0.0,9.0,15.5,36.5,36.5,36.5,1.5,0.0,1.5,2.0,3.0,4.0,0.0,4.0,10.5,11.0,12.0,12.0,0.5,0.0,0.0,0.0,0.0,0.0,2.0,13.0,27.5,49.5,51.5,52.5,2,Industry,Heme,Targeted Therapy,2010,69.52380952380952,7.6190476190476195,22.857142857142858,0.0,30.476190476190478
PMID 28029326 a_Summary_SoE.pdf,intervention,0,0.0,9.0,15.5,36.5,36.5,36.5,1.5,0.0,1.5,2.0,3.0,4.0,0.0,4.0,10.5,11.0,12.0,12.0,0.5,0.0,0.0,0.0,0.0,0.0,2.0,13.0,27.5,49.5,51.5,52.5,2,Industry,Heme,Targeted Therapy,2010,69.52380952380952,7.6190476190476195,22.857142857142858,0.0,30.476190476190478
PMID 28030702 a_Summary_SoE.pdf,control,0,0.0,2.0,4.0,7.0,10.0,14.0,1.0,0.0,0.0,0.0,0.0,0.0,1.0,0.0,0.0,0.0,0.0,0.0,0.0,0.0,0.0,0.0,0.0,0.0,2.0,2.0,4.0,7.0,10.0,14.0,2,Non-Industry,Multiple,Other,2009,100.0,0.0,0.0,0.0,0.0
PMID 28030702 a_Summary_SoE.pdf,intervention,0,0.0,1.0,2.0,3.0,4.0,5.0,1.0,0.0,0.0,0.0,0.0,0.0,1.0,1.0,2.0,4.0,6.0,9.0,0.0,0.0,0.0,0.0,0.0,0.0,2.0,2.0,4.0,7.0,10.0,14.0,2,Non-Industry,Multiple,Other,2009,35.714285714285715,0.0,64.28571428571429,0.0,64.28571428571429
PMID 28034081 a_Summary_SoE.pdf,control,0,0.0,2.0,4.0,5.0,6.0,7.0,1.0,0.0,1.0,1.0,1.0,1.0,0.0,0.0,0.0,1.0,1.0,1.0,0.0,0.0,0.0,0.0,0.0,0.0,1.0,2.0,5.0,7.0,8.0,9.0,2,Industry,GU,Immunotherapy,2010,77.77777777777779,11.11111111111111,11.11111111111111,0.0,22.22222222222222
PMID 28034081 a_Summary_SoE.pdf,intervention,0,0.0,2.0,4.0,5.0,6.0,7.0,1.0,0.0,1.0,1.0,1.0,1.0,0.0,0.0,0.0,1.0,1.0,1.0,0.0,0.0,0.0,0.0,0.0,0.0,1.0,2.0,5.0,7.0,8.0,9.0,2,Industry,GU,Immunotherapy,2010,77.77777777777779,11.11111111111111,11.11111111111111,0.0,22.22222222222222
PMID 28056202 a_Summary_SoE.pdf,control,0,0.0,5.0,13.0,26.0,39.0,53.0,1.0,0.0,0.0,0.0,0.0,0.0,0.0,0.0,0.0,0.0,0.0,0.0,0.0,0.0,0.0,0.0,0.0,0.0,1.0,5.0,13.0,26.0,39.0,53.0,2,Industry,Breast,Targeted Therapy,2010,100.0,0.0,0.0,0.0,0.0
PMID 28056202 a_Summary_SoE.pdf,intervention,0,0.0,2.0,5.0,9.0,13.0,18.0,1.0,0.5,1.0,1.0,1.0,1.0,0.0,3.0,6.0,6.0,6.0,6.0,0.0,0.0,0.0,0.0,0.0,0.0,1.0,5.5,12.0,16.0,20.0,25.0,2,Industry,Breast,Targeted Therapy,2010,72.0,4.0,24.0,0.0,28.0
PMID 28056202 a_Summary_SoE.pdf,intervention,1,0.0,2.0,5.0,9.0,13.0,18.0,1.0,0.5,1.0,1.0,1.0,1.0,0.0,3.0,6.0,6.0,6.0,6.0,0.0,0.0,0.0,0.0,0.0,0.0,1.0,5.5,12.0,16.0,20.0,25.0,2,Industry,Breast,Targeted Therapy,2010,72.0,4.0,24.0,0.0,28.0
PMID 28076709 a_Summary_SoE.pdf,control,0,0.0,2.0,4.0,7.0,10.0,14.0,1.0,0.0,0.0,0.0,0.0,0.0,0.5,0.0,0.0,0.0,0.0,0.0,0.5,0.0,0.0,0.0,0.0,0.0,2.0,2.0,4.0,7.0,10.0,14.0,2,Industry,Other,Endocrine,2012,100.0,0.0,0.0,0.0,0.0
PMID 28076709 a_Summary_SoE.pdf,intervention,0,0.0,2.5,5.5,10.0,13.0,17.0,1.0,0.5,0.5,1.0,1.0,1.0,0.5,0.0,1.0,3.0,3.0,3.0,0.5,0.0,0.0,0.0,0.0,0.0,2.0,3.0,7.0,14.0,17.0,21.0,2,Industry,Other,Endocrine,2012,80.95238095238095,4.761904761904762,14.285714285714285,0.0,19.047619047619047
PMID 28125763 a_Summary_SoE.pdf,control,0,0.0,2.0,4.0,7.0,10.0,13.0,1.0,0.0,0.0,0.0,0.0,1.0,0.0,0.0,0.0,0.0,0.0,0.0,0.0,0.0,0.0,0.0,0.0,0.0,1.0,2.0,4.0,7.0,10.0,14.0,2,Industry,Breast,Other,2006,92.85714285714286,7.142857142857142,0.0,0.0,7.142857142857142
PMID 28125763 a_Summary_SoE.pdf,intervention,0,0.0,2.0,4.0,7.0,10.0,13.0,1.0,0.0,0.0,0.0,0.0,1.0,0.0,0.0,0.0,0.0,0.0,0.0,0.0,0.0,0.0,0.0,0.0,0.0,1.0,2.0,4.0,7.0,10.0,14.0,2,Industry,Breast,Other,2006,92.85714285714286,7.142857142857142,0.0,0.0,7.142857142857142
PMID 28126333 a_Summary_SoE.pdf,control,0,0.0,2.0,5.0,9.0,13.0,18.0,1.0,0.5,0.5,0.5,0.5,1.0,1.0,0.5,0.5,0.5,0.5,1.0,0.0,0.0,0.0,0.0,0.0,0.0,2.0,3.0,6.0,10.0,14.0,20.0,2,Industry,Thor,Targeted Therapy,2013,90.0,5.0,5.0,0.0,10.0
PMID 28126333 a_Summary_SoE.pdf,intervention,0,0.0,1.0,2.5,4.5,6.5,9.0,1.0,1.5,3.0,5.0,7.0,10.0,1.0,0.5,0.5,0.5,0.5,1.0,0.0,0.0,0.0,0.0,0.0,0.0,2.0,3.0,6.0,10.0,14.0,20.0,2,Industry,Thor,Targeted Therapy,2013,45.0,50.0,5.0,0.0,55.0
PMID 28135150 a_Summary_SoE.pdf,control,0,0.0,0.0,0.0,0.0,0.0,0.0,1.0,0.0,1.0,2.0,3.0,4.0,1.0,0.0,0.0,0.0,0.0,0.0,0.0,1.0,1.0,1.0,1.0,1.0,2.0,1.0,2.0,3.0,4.0,5.0,2,Non-Industry,Skin,Immunotherapy,1999,0.0,80.0,0.0,20.0,80.0
PMID 28135150 a_Summary_SoE.pdf,intervention,0,0.0,20.0,20.0,20.0,20.0,20.0,1.0,0.0,1.0,2.0,3.0,4.0,1.0,1.0,1.0,1.0,1.0,1.0,0.0,0.0,0.0,0.0,0.0,0.0,2.0,21.0,22.0,23.0,24.0,25.0,2,Non-Industry,Skin,Immunotherapy,1999,80.0,16.0,4.0,0.0,20.0
PMID 28139405 CT_Summary_SoE.pdf,control,0,0.0,4.0,8.0,12.5,12.5,12.5,1.0,0.0,0.0,0.5,1.5,2.5,0.0,1.0,3.0,6.0,7.0,8.0,0.0,0.0,0.0,0.0,0.0,0.0,1.0,5.0,11.0,19.0,21.0,23.0,2,Industry,Heme,Targeted Therapy,2012,54.347826086956516,10.869565217391305,34.78260869565217,0.0,45.65217391304348
PMID 28139405 CT_Summary_SoE.pdf,intervention,0,0.0,4.0,8.0,12.5,12.5,12.5,1.0,0.0,0.0,0.5,1.5,2.5,0.0,1.0,3.0,6.0,7.0,8.0,0.0,0.0,0.0,0.0,0.0,0.0,1.0,5.0,11.0,19.0,21.0,23.0,2,Industry,Heme,Targeted Therapy,2012,54.347826086956516,10.869565217391305,34.78260869565217,0.0,45.65217391304348
PMID 28140392 a_Summary_SoE.pdf,control,0,0.0,3.0,6.5,12.0,18.0,25.0,0.5,0.0,0.5,1.0,1.5,2.0,1.0,0.0,0.0,0.0,0.0,0.0,0.0,0.0,0.0,0.0,0.0,0.0,1.5,3.0,7.0,13.0,19.5,27.0,2,Industry,Heme,Targeted Therapy,2009,92.5925925925926,7.4074074074074066,0.0,0.0,7.4074074074074066
PMID 28140392 a_Summary_SoE.pdf,intervention,0,0.0,2.0,3.5,6.0,8.5,12.0,0.5,0.0,0.5,1.0,1.5,2.0,1.0,0.0,0.0,0.0,0.0,0.0,0.0,0.0,0.0,0.0,0.0,0.0,1.5,2.0,4.0,7.0,10.0,14.0,2,Industry,Heme,Targeted Therapy,2009,85.71428571428571,14.285714285714285,0.0,0.0,14.285714285714285
PMID 28146658 a_Summary_SoE.pdf,control,0,0.0,22.0,36.0,36.0,36.0,36.0,1.0,0.0,0.0,0.0,0.0,0.0,1.0,0.0,1.0,2.0,3.0,4.0,0.0,0.0,0.0,0.0,0.0,0.0,2.0,22.0,37.0,38.0,39.0,40.0,2,Non-Industry,GU,Endocrine,1998,90.0,0.0,10.0,0.0,10.0
PMID 28146658 a_Summary_SoE.pdf,intervention,0,0.0,22.0,36.0,36.0,36.0,36.0,1.0,0.0,0.0,0.0,0.0,0.0,1.0,0.0,1.0,2.0,3.0,4.0,0.0,0.0,0.0,0.0,0.0,0.0,2.0,22.0,37.0,38.0,39.0,40.0,2,Non-Industry,GU,Endocrine,1998,90.0,0.0,10.0,0.0,10.0
PMID 28212060 a_Summary_SoE.pdf,control,0,0.0,2.0,5.0,9.0,13.0,18.0,1.0,0.0,0.0,0.0,0.0,0.0,1.0,3.0,4.0,4.0,4.0,4.0,0.0,0.0,0.0,0.0,0.0,0.0,2.0,5.0,9.0,13.0,17.0,22.0,2,Industry,GU,Immunotherapy,2014,81.81818181818183,0.0,18.181818181818183,0.0,18.181818181818183
PMID 28212060 a_Summary_SoE.pdf,intervention,0,0.0,2.0,5.0,9.0,13.0,18.0,1.0,0.0,0.0,0.0,0.0,0.0,1.0,0.5,0.5,0.5,0.5,0.5,0.0,0.0,0.0,0.0,0.0,0.0,2.0,2.5,5.5,9.5,13.5,18.5,2,Industry,GU,Immunotherapy,2014,97.2972972972973,0.0,2.7027027027027026,0.0,2.7027027027027026
PMID 28249141 a_Summary_SoE.pdf,control,0,0.0,5.0,13.5,20.5,22.0,23.5,0.5,0.0,0.0,0.5,1.0,1.5,1.0,1.5,3.0,6.5,9.0,10.5,0.0,0.0,0.0,0.0,0.0,0.0,1.5,6.5,16.5,27.5,32.0,35.5,2,Industry,Heme,Immunotherapy,2014,66.19718309859155,4.225352112676056,29.577464788732392,0.0,33.80281690140845
PMID 28249141 a_Summary_SoE.pdf,intervention,0,0.0,4.0,10.0,18.5,21.0,22.0,0.5,0.0,0.0,0.0,0.5,1.0,1.0,2.0,5.0,9.5,12.0,14.0,0.0,0.0,0.0,0.0,0.0,0.0,1.5,6.0,15.0,28.0,33.5,37.0,2,Industry,Heme,Immunotherapy,2014,59.45945945945946,2.7027027027027026,37.83783783783784,0.0,40.54054054054054
PMID 28257752 CT_Summary_SoE.pdf,control,0,0.0,5.0,9.0,12.0,12.0,12.0,1.0,0.0,0.0,0.0,1.0,2.0,0.0,0.0,0.0,0.0,1.0,2.0,0.0,0.0,0.0,0.0,0.0,0.0,1.0,5.0,9.0,12.0,14.0,16.0,2,Industry,Heme,Targeted Therapy,2012,75.0,12.5,12.5,0.0,25.0
PMID 28257752 CT_Summary_SoE.pdf,intervention,0,0.0,5.0,9.0,12.0,12.0,12.0,1.0,0.0,0.0,0.0,1.0,2.0,0.0,0.0,0.0,0.0,1.0,2.0,0.0,0.0,0.0,0.0,0.0,0.0,1.0,5.0,9.0,12.0,14.0,16.0,2,Industry,Heme,Targeted Therapy,2012,75.0,12.5,12.5,0.0,25.0
PMID 28296618 a_Summary_SoE.pdf,control,0,0.0,15.0,15.0,15.0,15.0,15.0,1.0,0.0,1.5,2.0,2.5,3.0,1.0,0.5,0.5,0.5,0.5,0.5,0.0,0.5,0.5,1.0,1.5,2.0,2.0,17.0,18.5,19.5,20.5,21.5,2,Non-Industry,CNS,Chemotherapy,2007,69.76744186046511,13.953488372093023,2.3255813953488373,9.30232558139535,16.27906976744186
PMID 28296618 a_Summary_SoE.pdf,intervention,0,0.0,15.0,15.0,15.0,15.0,15.0,1.0,0.0,1.0,2.0,3.0,4.0,1.0,0.5,3.0,7.5,12.0,16.5,0.0,0.5,2.0,3.0,4.0,5.5,2.0,17.0,22.0,28.5,35.0,42.0,2,Non-Industry,CNS,Chemotherapy,2007,35.714285714285715,9.523809523809524,39.285714285714285,13.095238095238097,48.80952380952381
PMID 28380315 a_Summary_SoE.pdf,control,0,0.0,7.0,7.0,7.0,7.0,7.0,1.0,0.0,0.0,0.0,0.0,0.0,0.0,6.0,14.5,17.5,18.0,19.0,0.0,0.0,0.0,0.0,0.0,0.0,1.0,13.0,21.5,24.5,25.0,26.0,2,Non-Industry,Heme,Chemotherapy,2011,26.923076923076923,0.0,73.07692307692307,0.0,73.07692307692307
PMID 28380315 a_Summary_SoE.pdf,intervention,0,0.0,6.0,6.0,6.0,6.0,6.0,1.0,0.0,0.0,0.0,0.0,0.0,0.0,6.0,14.5,17.5,18.0,19.0,0.0,0.0,0.0,0.0,0.0,0.0,1.0,12.0,20.5,23.5,24.0,25.0,2,Non-Industry,Heme,Chemotherapy,2011,24.0,0.0,76.0,0.0,76.0
PMID 28384065 a_Summary_SoE.pdf,control,0,0.0,2.0,5.0,9.0,13.0,18.0,1.0,0.0,0.5,0.5,0.5,0.5,0.5,0.0,0.0,0.0,0.0,0.0,0.0,1.0,2.0,4.5,6.5,9.0,1.5,3.0,7.5,14.0,20.0,27.5,2,Industry,Other,Immunotherapy,2007,65.45454545454545,1.8181818181818181,0.0,32.72727272727273,1.8181818181818181
PMID 28384065 a_Summary_SoE.pdf,intervention,0,0.0,2.0,5.0,9.0,13.0,18.0,1.0,0.0,0.5,0.5,0.5,0.5,0.5,0.0,0.0,0.0,0.0,0.0,0.0,1.0,2.0,4.5,6.5,9.0,1.5,3.0,7.5,14.0,20.0,27.5,2,Industry,Other,Immunotherapy,2007,65.45454545454545,1.8181818181818181,0.0,32.72727272727273,1.8181818181818181
PMID 28438473 a_Summary_SoE.pdf,control,0,0.0,2.0,5.0,8.0,8.0,8.0,0.5,0.0,0.5,1.5,2.5,3.5,1.0,4.0,9.0,17.0,17.0,17.0,0.0,0.0,0.0,0.0,0.0,0.0,1.5,6.0,14.5,26.5,27.5,28.5,2,Industry,GYN,Targeted Therapy,2007,28.07017543859649,12.280701754385964,59.64912280701754,0.0,71.9298245614035
PMID 28438473 a_Summary_SoE.pdf,intervention,0,0.5,2.0,5.0,9.0,11.5,14.0,0.5,0.5,1.0,2.0,2.5,3.5,1.0,2.5,7.5,16.0,17.0,17.0,2.0,2.0,2.0,2.0,2.0,2.0,4.0,7.0,15.5,29.0,33.0,36.5,2,Industry,GYN,Targeted Therapy,2007,38.35616438356164,9.58904109589041,46.57534246575342,5.47945205479452,56.16438356164383
PMID 28438473 a_Summary_SoE.pdf,intervention,1,0.0,2.0,5.0,9.0,13.0,18.0,1.0,0.0,0.0,0.0,0.0,0.0,0.0,3.0,8.0,16.0,16.0,16.0,0.0,0.0,0.0,0.0,0.0,0.0,1.0,5.0,13.0,25.0,29.0,34.0,1,Industry,GYN,Targeted Therapy,2007,52.94117647058824,0.0,47.05882352941176,0.0,47.05882352941176
PMID 28438473 a_Summary_SoE.pdf,intervention,2,0.0,1.0,4.0,8.0,13.0,17.0,1.0,1.0,1.0,1.0,1.0,1.0,0.0,0.0,5.0,14.0,16.0,16.0,0.0,0.0,0.0,0.0,0.0,0.0,1.0,2.0,10.0,23.0,30.0,34.0,1,Industry,GYN,Targeted Therapy,2007,50.0,2.941176470588235,47.05882352941176,0.0,49.99999999999999
PMID 28492898 CT_Summary_SoE.pdf,control,0,0.0,4.0,10.0,13.5,15.5,18.0,1.0,0.0,0.0,1.0,2.0,3.0,0.5,2.0,2.0,2.5,3.5,5.0,0.0,0.0,0.0,0.0,0.0,0.0,1.5,6.0,12.0,17.0,21.0,26.0,2,Industry,Thor,Targeted Therapy,2013,69.23076923076923,11.538461538461538,19.230769230769234,0.0,30.769230769230774
PMID 28492898 CT_Summary_SoE.pdf,intervention,0,0.0,4.0,10.0,13.5,15.5,18.0,1.0,0.0,0.0,1.0,2.0,3.0,0.5,2.0,2.0,2.5,3.5,5.0,0.0,0.0,0.0,0.0,0.0,0.0,1.5,6.0,12.0,17.0,21.0,26.0,2,Industry,Thor,Targeted Therapy,2013,69.23076923076923,11.538461538461538,19.230769230769234,0.0,30.769230769230774
PMID 28501140 CT_Summary_SoE.pdf,control,0,0.0,2.0,3.0,5.0,6.0,8.0,1.0,0.0,0.0,0.0,0.0,0.0,1.0,0.0,0.0,0.0,0.0,0.0,0.0,0.0,0.0,0.0,0.0,0.0,2.0,2.0,3.0,5.0,6.0,8.0,2,Industry,Thor,Targeted Therapy,2014,100.0,0.0,0.0,0.0,0.0
PMID 28501140 CT_Summary_SoE.pdf,intervention,0,0.0,2.0,3.0,5.0,6.0,8.0,1.0,0.0,0.0,0.0,0.0,0.0,1.0,0.0,0.0,0.0,0.0,0.0,0.0,0.0,0.0,0.0,0.0,0.0,2.0,2.0,3.0,5.0,6.0,8.0,2,Industry,Thor,Targeted Therapy,2014,100.0,0.0,0.0,0.0,0.0
PMID 28578601 a_Summary_SoE.pdf,control,0,0.0,4.0,8.0,16.0,23.5,33.0,1.0,0.5,1.5,2.5,3.0,3.5,1.0,1.5,1.5,1.5,1.5,1.5,0.0,0.0,0.0,0.0,0.0,0.0,2.0,6.0,11.0,20.0,28.0,38.0,2,Industry,Breast,Targeted Therapy,2014,86.8421052631579,9.210526315789473,3.9473684210526314,0.0,13.157894736842104
PMID 28578601 a_Summary_SoE.pdf,intervention,0,0.0,2.0,4.0,7.0,10.5,15.0,1.0,0.5,1.5,2.5,3.0,3.5,1.0,2.5,2.5,2.5,2.5,2.5,0.0,0.0,0.0,0.0,0.0,0.0,2.0,5.0,8.0,12.0,16.0,21.0,2,Industry,Breast,Targeted Therapy,2014,71.42857142857143,16.666666666666664,11.904761904761903,0.0,28.57142857142857
PMID 28578607 a_Summary_SoE.pdf,control,0,0.0,2.0,4.0,7.0,10.0,14.0,1.0,0.5,0.5,0.5,0.5,0.5,0.5,1.5,3.5,3.5,3.5,3.5,0.0,0.0,0.0,0.0,0.0,0.0,1.5,4.0,8.0,11.0,14.0,18.0,2,Industry,GU,Endocrine,2013,77.77777777777779,2.7777777777777777,19.444444444444446,0.0,22.222222222222225
PMID 28578607 a_Summary_SoE.pdf,intervention,0,0.0,2.0,4.0,7.0,10.0,14.0,1.0,0.5,0.5,0.5,0.5,0.5,0.5,1.5,3.5,3.5,3.5,3.5,0.0,0.0,0.0,0.0,0.0,0.0,1.5,4.0,8.0,11.0,14.0,18.0,2,Industry,GU,Endocrine,2013,77.77777777777779,2.7777777777777777,19.444444444444446,0.0,22.222222222222225
PMID 28580882 a_Summary_SoE.pdf,control,0,0.0,3.0,5.0,8.0,11.0,15.0,2.0,0.0,0.0,0.0,0.0,0.0,0.0,0.0,0.0,0.0,0.0,0.0,0.0,0.0,0.0,0.0,0.0,0.0,2.0,3.0,5.0,8.0,11.0,15.0,2,Industry,Breast,Targeted Therapy,2014,100.0,0.0,0.0,0.0,0.0
PMID 28580882 a_Summary_SoE.pdf,intervention,0,0.0,3.0,5.0,8.0,11.0,15.0,2.0,0.0,0.0,0.0,0.0,0.0,0.0,0.0,0.0,0.0,0.0,0.0,0.0,0.0,0.0,0.0,0.0,0.0,2.0,3.0,5.0,8.0,11.0,15.0,2,Industry,Breast,Targeted Therapy,2014,100.0,0.0,0.0,0.0,0.0
PMID 28581356 a_Summary_SoE.pdf,control,0,0.0,2.0,5.0,9.0,13.0,18.0,1.0,0.0,0.5,1.0,1.5,2.0,0.5,0.0,0.0,0.0,0.0,0.0,0.0,0.0,0.0,0.0,0.0,0.0,1.5,2.0,5.5,10.0,14.5,20.0,2,Industry,Breast,Targeted Therapy,2011,90.0,10.0,0.0,0.0,10.0
PMID 28581356 a_Summary_SoE.pdf,intervention,0,0.0,2.0,5.0,9.0,13.0,18.0,1.0,0.0,0.5,1.0,1.5,2.0,0.5,0.0,0.0,0.0,0.0,0.0,0.0,0.0,0.0,0.0,0.0,0.0,1.5,2.0,5.5,10.0,14.5,20.0,2,Industry,Breast,Targeted Therapy,2011,90.0,10.0,0.0,0.0,10.0
PMID 28600132 CT_Summary_SoE.pdf,control,0,0.0,1.5,3.0,5.0,7.0,8.5,1.0,0.0,0.5,1.5,2.0,3.0,0.5,0.5,1.5,2.5,4.0,5.0,0.0,0.0,0.0,0.0,0.0,0.5,1.5,2.0,5.0,9.0,13.0,17.0,2,Industry,Heme,Targeted Therapy,2012,50.0,17.647058823529413,29.411764705882355,2.941176470588235,47.05882352941177
PMID 28600132 CT_Summary_SoE.pdf,intervention,0,0.0,2.0,5.0,9.0,13.0,16.0,1.0,0.0,0.0,0.0,0.0,0.5,0.5,2.0,4.0,4.0,4.0,4.0,0.0,0.0,0.0,0.0,0.0,0.5,1.5,4.0,9.0,13.0,17.0,21.0,2,Industry,Heme,Targeted Therapy,2012,76.19047619047619,2.380952380952381,19.047619047619047,2.380952380952381,21.428571428571427
PMID 28632865 a_Summary_SoE.pdf,control,0,0.0,3.0,7.0,13.0,20.0,27.0,1.0,0.0,0.5,1.5,2.0,3.0,1.0,0.0,0.0,0.0,0.0,0.0,0.0,0.0,0.0,0.0,0.0,0.0,2.0,3.0,7.5,14.5,22.0,30.0,2,Non-Industry,GI,Targeted Therapy,2005,90.0,10.0,0.0,0.0,10.0
PMID 28632865 a_Summary_SoE.pdf,intervention,0,0.0,5.0,13.0,26.0,39.0,53.0,1.0,0.0,0.0,0.0,0.0,0.0,1.0,0.0,0.0,0.0,0.0,0.0,0.0,0.0,0.0,0.0,0.0,0.0,2.0,5.0,13.0,26.0,39.0,53.0,2,Non-Industry,GI,Targeted Therapy,2005,100.0,0.0,0.0,0.0,0.0
PMID 28636851 a_Summary_SoE.pdf,control,0,0.0,4.0,9.0,12.0,12.0,12.0,1.0,0.0,0.0,2.0,4.0,6.0,1.0,0.0,0.0,0.0,0.0,0.0,0.0,0.0,0.0,1.0,2.0,3.0,2.0,4.0,9.0,15.0,18.0,21.0,2,Industry,Thor,Immunotherapy,2014,57.14285714285714,28.57142857142857,0.0,14.285714285714285,28.57142857142857
PMID 28636851 a_Summary_SoE.pdf,intervention,0,0.0,3.0,7.0,13.0,19.5,26.5,1.0,0.0,0.0,0.0,0.0,0.0,1.0,0.0,0.0,0.0,0.0,0.0,0.0,0.0,0.0,0.0,0.0,0.0,2.0,3.0,7.0,13.0,19.5,26.5,2,Industry,Thor,Immunotherapy,2014,100.0,0.0,0.0,0.0,0.0
PMID 28644114 a_Summary_SoE.pdf,control,0,0.0,7.0,13.0,19.0,19.0,19.0,1.0,3.0,9.0,17.0,21.5,26.5,1.0,7.5,13.0,17.0,20.5,23.5,0.0,0.0,0.0,0.5,2.5,4.0,2.0,17.5,35.0,53.5,63.5,73.0,2,Non-Industry,Heme,Targeted Therapy,2008,26.027397260273972,36.3013698630137,32.19178082191781,5.47945205479452,68.4931506849315
PMID 28644114 a_Summary_SoE.pdf,intervention,0,0.0,7.0,13.0,19.0,19.0,19.0,1.0,3.0,9.0,17.0,21.5,26.5,1.0,7.5,13.0,17.0,20.5,23.5,0.0,0.0,0.0,0.5,2.5,4.0,2.0,17.5,35.0,53.5,63.5,73.0,2,Non-Industry,Heme,Targeted Therapy,2008,26.027397260273972,36.3013698630137,32.19178082191781,5.47945205479452,68.4931506849315
PMID 28687830 a_Summary_SoE.pdf,control,0,0.0,22.0,29.0,29.0,29.0,29.0,1.5,0.0,1.0,1.0,2.0,3.0,1.0,0.0,0.5,0.5,0.5,0.5,0.5,0.0,0.0,1.0,1.0,1.0,3.0,22.0,30.5,31.5,32.5,33.5,2,Non-Industry,GI,Targeted Therapy,2008,86.56716417910447,8.955223880597014,1.4925373134328357,2.9850746268656714,10.44776119402985
PMID 28687830 a_Summary_SoE.pdf,intervention,0,0.0,22.0,29.0,29.0,29.0,29.0,1.5,0.0,1.0,1.0,2.0,3.0,1.0,0.0,0.5,0.5,0.5,0.5,0.5,0.0,0.0,1.0,1.0,1.0,3.0,22.0,30.5,31.5,32.5,33.5,2,Non-Industry,GI,Targeted Therapy,2008,86.56716417910447,8.955223880597014,1.4925373134328357,2.9850746268656714,10.44776119402985
PMID 28746153 CT_Summary_SoE.pdf,control,0,0.0,1.0,1.0,1.0,1.0,1.0,0.0,0.0,0.0,0.0,0.0,0.0,1.0,3.0,3.0,3.0,3.0,3.0,0.0,4.0,4.0,4.0,4.0,4.0,1.0,8.0,8.0,8.0,8.0,8.0,2,Non-Industry,GI,Procedure,2012,12.5,0.0,37.5,50.0,37.5
PMID 28746153 CT_Summary_SoE.pdf,intervention,0,0.0,1.0,1.0,1.0,1.0,1.0,0.0,0.0,0.0,0.0,0.0,0.0,1.0,3.0,3.0,3.0,3.0,3.0,0.0,4.0,4.0,4.0,4.0,4.0,1.0,8.0,8.0,8.0,8.0,8.0,2,Non-Industry,GI,Procedure,2012,12.5,0.0,37.5,50.0,37.5
PMID 28753384 a_Summary_SoE.pdf,control,0,0.0,2.0,5.0,9.0,13.0,18.0,1.0,0.0,0.0,0.0,0.0,0.0,1.0,3.0,6.0,6.0,6.0,6.0,0.0,0.0,0.0,0.0,0.0,0.0,2.0,5.0,11.0,15.0,19.0,24.0,2,Industry,GU,Chemotherapy,2011,75.0,0.0,25.0,0.0,25.0
PMID 28753384 a_Summary_SoE.pdf,intervention,0,0.0,2.0,5.0,9.0,13.0,18.0,1.0,0.0,0.0,0.0,0.0,0.0,1.0,3.0,6.0,6.0,6.0,6.0,0.0,0.0,0.0,0.0,0.0,0.0,2.0,5.0,11.0,15.0,19.0,24.0,2,Industry,GU,Chemotherapy,2011,75.0,0.0,25.0,0.0,25.0
PMID 28753384 a_Summary_SoE.pdf,intervention,1,0.0,2.0,5.0,9.0,13.0,18.0,1.0,0.0,0.0,0.0,0.0,0.0,1.0,3.0,6.0,6.0,6.0,6.0,0.0,0.0,0.0,0.0,0.0,0.0,2.0,5.0,11.0,15.0,19.0,24.0,2,Industry,GU,Chemotherapy,2011,75.0,0.0,25.0,0.0,25.0
PMID 28754483 CT_Summary_SoE.pdf,control,0,0.0,0.0,0.0,0.0,0.0,0.0,0.0,0.0,0.0,0.0,0.0,0.0,0.0,0.0,0.0,0.0,0.0,0.0,0.0,0.0,0.0,0.0,0.0,0.0,0.0,0.0,0.0,0.0,0.0,0.0,2,Industry,GYN,Targeted Therapy,2013,0.0,0.0,0.0,0.0,0.0
PMID 28754483 CT_Summary_SoE.pdf,intervention,0,0.0,0.0,0.0,0.0,0.0,0.0,0.0,0.0,0.0,0.0,0.0,0.0,0.0,0.0,0.0,0.0,0.0,0.0,0.0,0.0,0.0,0.0,0.0,0.0,0.0,0.0,0.0,0.0,0.0,0.0,2,Industry,GYN,Targeted Therapy,2013,0.0,0.0,0.0,0.0,0.0
PMID 28796588 a_Summary_SoE.pdf,control,0,0.0,2.0,5.0,8.0,8.0,8.0,1.0,0.0,0.5,1.5,2.5,4.0,1.0,0.0,0.0,0.0,0.0,0.0,0.0,0.0,0.0,0.0,0.0,0.0,2.0,2.0,5.5,9.5,10.5,12.0,2,Industry,Heme,Targeted Therapy,2011,66.66666666666666,33.33333333333333,0.0,0.0,33.33333333333333
PMID 28796588 a_Summary_SoE.pdf,intervention,0,0.0,4.0,7.0,10.0,10.0,10.0,1.0,0.0,0.5,1.5,2.5,4.0,1.0,0.0,0.0,0.0,0.0,0.0,0.0,0.0,0.0,0.0,0.0,0.0,2.0,4.0,7.5,11.5,12.5,14.0,2,Industry,Heme,Targeted Therapy,2011,71.42857142857143,28.57142857142857,0.0,0.0,28.57142857142857
PMID 28809610 a_Summary_SoE.pdf,control,0,0.0,2.0,5.0,9.0,10.0,10.0,1.0,0.0,0.0,0.0,2.0,4.0,1.0,3.0,6.0,6.0,6.0,6.0,0.0,0.0,0.0,0.0,0.0,0.0,2.0,5.0,11.0,15.0,18.0,20.0,1,Industry,GU,Chemotherapy,2011,50.0,20.0,30.0,0.0,50.0
PMID 28809610 a_Summary_SoE.pdf,intervention,0,0.0,2.0,5.0,9.0,10.0,10.0,1.5,0.0,0.0,0.0,2.0,4.0,0.5,3.0,6.0,6.0,6.0,6.0,0.0,0.0,0.0,0.0,0.0,0.0,2.0,5.0,11.0,15.0,18.0,20.0,2,Industry,GU,Chemotherapy,2011,50.0,20.0,30.0,0.0,50.0
PMID 28809610 a_Summary_SoE.pdf,intervention,1,0.0,2.0,5.0,9.0,10.0,10.0,2.0,0.0,0.0,0.0,2.0,4.0,0.0,3.0,6.0,6.0,6.0,6.0,0.0,0.0,0.0,0.0,0.0,0.0,2.0,5.0,11.0,15.0,18.0,20.0,1,Industry,GU,Chemotherapy,2011,50.0,20.0,30.0,0.0,50.0
PMID 28854067 a_Summary_SoE.pdf,control,0,0.0,2.0,5.0,7.0,8.0,9.0,1.0,0.0,0.0,1.0,1.0,1.0,0.0,0.0,0.0,0.0,0.0,0.0,0.0,0.0,0.0,0.0,0.0,0.0,1.0,2.0,5.0,8.0,9.0,10.0,2,Industry,Thor,Immunotherapy,2011,90.0,10.0,0.0,0.0,10.0
PMID 28854067 a_Summary_SoE.pdf,intervention,0,0.0,2.0,5.0,7.0,8.0,9.0,1.0,0.0,0.0,1.0,1.0,1.0,0.0,0.0,0.0,0.0,0.0,0.0,0.0,0.0,0.0,0.0,0.0,0.0,1.0,2.0,5.0,8.0,9.0,10.0,2,Industry,Thor,Immunotherapy,2011,90.0,10.0,0.0,0.0,10.0
PMID 28885881 a_Summary_SoE.pdf,control,0,0.0,3.0,7.0,13.0,20.0,26.0,1.0,0.0,0.0,0.0,0.0,0.0,0.0,0.0,0.0,0.0,0.0,0.0,0.0,0.0,0.0,0.0,0.0,0.0,1.0,3.0,7.0,13.0,20.0,26.0,2,Industry,Thor,Other,2014,100.0,0.0,0.0,0.0,0.0
PMID 28885881 a_Summary_SoE.pdf,intervention,0,0.0,3.0,7.0,13.0,20.0,26.0,1.0,0.0,0.0,0.0,0.0,0.0,0.0,0.0,0.0,0.0,0.0,0.0,0.0,0.0,0.0,0.0,0.0,0.0,1.0,3.0,7.0,13.0,20.0,26.0,2,Industry,Thor,Other,2014,100.0,0.0,0.0,0.0,0.0
PMID 28891408 a_Summary_SoE.pdf,control,0,0.0,0.0,0.0,0.0,0.0,0.0,1.0,1.0,2.0,3.0,4.0,5.0,0.5,1.0,2.0,4.0,6.0,8.0,0.0,0.0,0.0,0.0,0.0,0.0,1.5,2.0,4.0,7.0,10.0,13.0,2,Industry,Skin,Targeted Therapy,2013,0.0,38.46153846153847,61.53846153846154,0.0,100.0
PMID 28891408 a_Summary_SoE.pdf,intervention,0,0.0,0.0,0.0,0.0,0.0,0.0,1.0,1.0,2.0,3.0,4.0,5.0,0.5,1.0,2.0,4.0,6.0,8.0,0.0,0.0,0.0,0.0,0.0,0.0,1.5,2.0,4.0,7.0,10.0,13.0,2,Industry,Skin,Targeted Therapy,2013,0.0,38.46153846153847,61.53846153846154,0.0,100.0
PMID 28891423 a_Summary_SoE.pdf,control,0,0.0,4.0,9.0,16.0,24.0,31.0,1.0,0.0,0.0,0.0,0.0,0.0,1.0,0.0,0.0,0.0,0.0,0.0,0.0,0.0,0.0,0.0,0.0,0.0,2.0,4.0,9.0,16.0,24.0,31.0,1,Industry,Skin,Immunotherapy,2015,100.0,0.0,0.0,0.0,0.0
PMID 28891423 a_Summary_SoE.pdf,intervention,0,0.0,4.0,9.0,16.0,24.0,31.0,1.0,0.0,0.0,0.0,0.0,0.0,0.5,0.0,0.0,0.0,0.0,0.0,0.0,0.0,0.0,0.0,0.0,0.0,1.5,4.0,9.0,16.0,24.0,31.0,2,Industry,Skin,Immunotherapy,2015,100.0,0.0,0.0,0.0,0.0
PMID 28891423 a_Summary_SoE.pdf,intervention,1,0.0,4.0,9.0,16.0,24.0,31.0,1.0,0.0,0.0,0.0,0.0,0.0,0.0,0.0,0.0,0.0,0.0,0.0,0.0,0.0,0.0,0.0,0.0,0.0,1.0,4.0,9.0,16.0,24.0,31.0,1,Industry,Skin,Immunotherapy,2015,100.0,0.0,0.0,0.0,0.0
PMID 28902533 a_Summary_SoE.pdf,control,0,0.0,1.0,2.5,4.0,5.0,5.5,1.0,0.0,0.0,0.5,1.0,2.0,0.0,1.0,3.5,4.5,5.0,5.5,0.0,1.0,1.0,1.0,1.0,1.0,1.0,3.0,7.0,10.0,12.0,14.0,2,Industry,GU,Targeted Therapy,2010,39.285714285714285,14.285714285714285,39.285714285714285,7.142857142857142,53.57142857142857
PMID 28902533 a_Summary_SoE.pdf,intervention,0,0.0,1.0,2.5,4.0,5.0,5.5,1.0,0.0,0.0,0.5,1.0,2.0,0.0,1.0,3.5,4.5,5.0,5.5,0.0,1.0,1.0,1.0,1.0,1.0,1.0,3.0,7.0,10.0,12.0,14.0,2,Industry,GU,Targeted Therapy,2010,39.285714285714285,14.285714285714285,39.285714285714285,7.142857142857142,53.57142857142857
PMID 28916367 a_Summary_SoE.pdf,control,0,0.0,1.0,2.0,3.5,5.0,7.0,1.0,0.0,0.5,1.0,1.5,2.0,1.0,1.0,1.5,2.5,3.5,5.0,0.0,0.0,0.0,0.0,0.0,0.0,2.0,2.0,4.0,7.0,10.0,14.0,2,Industry,GYN,Targeted Therapy,2014,50.0,14.285714285714285,35.714285714285715,0.0,50.0
PMID 28916367 a_Summary_SoE.pdf,intervention,0,0.0,1.0,2.0,3.5,5.0,7.0,1.0,0.0,0.5,1.0,1.5,2.0,1.0,1.0,1.5,2.5,3.5,5.0,0.0,0.0,0.0,0.0,0.0,0.0,2.0,2.0,4.0,7.0,10.0,14.0,2,Industry,GYN,Targeted Therapy,2014,50.0,14.285714285714285,35.714285714285715,0.0,50.0
PMID 28916371 a_Summary_SoE.pdf,control,0,0.0,2.0,5.0,9.0,13.0,18.0,1.0,0.0,0.0,0.0,0.0,0.0,1.0,0.0,0.0,0.0,0.0,0.0,0.0,0.0,0.0,0.0,0.0,0.0,2.0,2.0,5.0,9.0,13.0,18.0,2,Industry,GU,Targeted Therapy,2015,100.0,0.0,0.0,0.0,0.0
PMID 28916371 a_Summary_SoE.pdf,intervention,0,0.0,2.0,5.0,9.0,13.0,18.0,1.0,0.0,0.0,0.0,0.0,0.0,1.0,0.0,0.0,0.0,0.0,0.0,0.0,0.0,0.0,0.0,0.0,0.0,2.0,2.0,5.0,9.0,13.0,18.0,2,Industry,GU,Targeted Therapy,2015,100.0,0.0,0.0,0.0,0.0
PMID 28935843 a_Summary_SoE.pdf,control,0,0.0,3.0,7.0,8.0,8.0,8.0,1.0,0.0,1.0,2.0,2.0,2.0,0.0,0.0,0.0,0.0,0.0,0.0,0.0,0.0,0.0,0.0,0.0,0.0,1.0,3.0,8.0,10.0,10.0,10.0,2,Industry,Heme,Targeted Therapy,2012,80.0,20.0,0.0,0.0,20.0
PMID 28935843 a_Summary_SoE.pdf,intervention,0,0.0,3.0,7.0,8.0,8.0,8.0,1.0,0.0,1.0,2.0,2.0,2.0,0.0,0.0,0.0,0.0,0.0,0.0,0.0,0.0,0.0,0.0,0.0,0.0,1.0,3.0,8.0,10.0,10.0,10.0,2,Industry,Heme,Targeted Therapy,2012,80.0,20.0,0.0,0.0,20.0
PMID 28958469a_Summary_SoE.pdf,control,0,0.0,1.0,2.0,3.5,5.0,7.0,1.0,0.5,0.5,1.0,1.5,2.0,1.0,2.5,6.5,8.5,11.5,13.0,0.0,0.0,0.0,0.0,0.0,0.0,2.0,4.0,9.0,13.0,18.0,22.0,2,Industry,Heme,Targeted Therapy,2009,31.818181818181817,9.090909090909092,59.09090909090909,0.0,68.18181818181819
PMID 28958469a_Summary_SoE.pdf,intervention,0,0.0,1.0,2.0,3.5,5.0,7.0,1.0,0.5,0.5,1.0,1.5,2.0,1.0,2.5,6.5,8.5,11.5,13.0,0.0,0.0,0.0,0.0,0.0,0.0,2.0,4.0,9.0,13.0,18.0,22.0,2,Industry,Heme,Targeted Therapy,2009,31.818181818181817,9.090909090909092,59.09090909090909,0.0,68.18181818181819
PMID 28968163 CT a_Summary_SoE.pdf,control,0,0.0,2.0,4.0,7.0,10.0,14.0,1.0,0.0,1.0,3.0,4.0,6.0,0.0,0.0,0.0,0.0,0.0,0.0,0.0,0.0,0.0,0.0,0.0,0.0,1.0,2.0,5.0,10.0,14.0,20.0,2,Industry,Breast,Targeted Therapy,2014,70.0,30.0,0.0,0.0,30.0
PMID 28968163 CT a_Summary_SoE.pdf,intervention,0,0.0,2.0,4.0,7.0,10.0,14.0,1.0,0.0,1.0,3.0,4.0,6.0,0.0,0.0,0.0,0.0,0.0,0.0,0.0,0.0,0.0,0.0,0.0,0.0,1.0,2.0,5.0,10.0,14.0,20.0,2,Industry,Breast,Targeted Therapy,2014,70.0,30.0,0.0,0.0,30.0
PMID 28976863 a_Summary_SoE.pdf,control,0,0.0,3.0,6.5,10.0,12.0,13.0,1.0,0.0,0.0,2.0,2.5,2.5,1.0,0.0,0.0,0.0,0.0,0.0,0.0,0.0,0.0,0.0,0.0,0.0,2.0,3.0,6.5,12.0,14.5,15.5,2,Industry,Heme,Targeted Therapy,2011,83.87096774193549,16.129032258064516,0.0,0.0,16.129032258064516
PMID 28976863 a_Summary_SoE.pdf,intervention,0,0.0,5.0,8.5,12.0,14.0,15.0,1.0,0.0,0.0,2.0,2.5,2.5,1.0,0.5,0.5,0.5,0.5,0.5,0.0,0.0,0.0,0.0,0.0,0.0,2.0,5.5,9.0,14.5,17.0,18.0,2,Industry,Heme,Targeted Therapy,2011,83.33333333333334,13.88888888888889,2.7777777777777777,0.0,16.666666666666668
PMID 29091516 a_Summary_SoE.pdf,control,0,0.0,1.0,1.0,1.0,1.0,1.0,1.5,1.0,3.0,3.0,3.0,3.0,1.0,3.0,5.0,8.0,9.0,10.0,0.5,0.0,0.0,0.0,0.0,0.0,3.0,5.0,9.0,12.0,13.0,14.0,2,Industry,Heme,Other,2014,7.142857142857142,21.428571428571427,71.42857142857143,0.0,92.85714285714286
PMID 29091516 a_Summary_SoE.pdf,intervention,0,0.0,1.0,1.0,1.0,1.0,1.0,1.5,1.0,3.0,3.0,3.0,3.0,1.0,3.0,5.0,8.0,9.0,10.0,0.5,0.0,0.0,0.0,0.0,0.0,3.0,5.0,9.0,12.0,13.0,14.0,2,Industry,Heme,Other,2014,7.142857142857142,21.428571428571427,71.42857142857143,0.0,92.85714285714286
PMID 29103871 CT_Summary_SoE.pdf,control,0,0.0,4.0,10.0,18.5,20.0,22.0,2.0,0.0,0.0,0.5,1.0,1.5,0.0,1.0,2.0,2.0,3.0,4.5,0.0,0.0,0.0,0.0,0.0,0.0,2.0,5.0,12.0,21.0,24.0,28.0,2,Industry,GI,Targeted Therapy,2013,78.57142857142857,5.357142857142857,16.071428571428573,0.0,21.42857142857143
PMID 29103871 CT_Summary_SoE.pdf,intervention,0,0.0,4.0,10.0,18.5,20.0,22.0,2.0,0.0,0.0,0.5,1.0,1.5,0.0,1.0,2.0,2.0,3.0,4.5,0.0,0.0,0.0,0.0,0.0,0.0,2.0,5.0,12.0,21.0,24.0,28.0,2,Industry,GI,Targeted Therapy,2013,78.57142857142857,5.357142857142857,16.071428571428573,0.0,21.42857142857143
PMID 29136387 a_Summary_SoE.pdf,control,0,0.0,0.5,1.0,1.0,1.0,1.0,0.0,0.0,0.0,0.0,0.0,0.0,1.0,0.0,0.5,0.5,0.5,0.5,0.0,1.5,2.5,3.5,3.5,3.5,1.0,2.0,4.0,5.0,5.0,5.0,2,Non-Industry,Breast,Other,2013,20.0,0.0,10.0,70.0,10.0
PMID 29136387 a_Summary_SoE.pdf,intervention,0,0.0,0.5,1.0,1.0,1.0,1.0,0.0,0.0,0.0,0.0,0.0,0.0,1.0,0.0,0.5,0.5,0.5,0.5,0.0,1.5,2.5,3.5,3.5,3.5,1.0,2.0,4.0,5.0,5.0,5.0,2,Non-Industry,Breast,Other,2013,20.0,0.0,10.0,70.0,10.0
PMID 29151359 a_Summary_SoE.pdf,control,0,0.0,2.0,5.0,8.0,10.0,12.0,1.0,2.0,2.0,2.0,2.0,2.0,0.0,0.0,0.0,0.0,0.0,0.0,0.0,0.0,0.0,0.0,0.0,0.0,1.0,4.0,7.0,10.0,12.0,14.0,2,Industry,Thor,Targeted Therapy,2014,85.71428571428571,14.285714285714285,0.0,0.0,14.285714285714285
PMID 29151359 a_Summary_SoE.pdf,intervention,0,0.0,2.0,5.0,8.0,10.0,12.0,1.0,2.0,2.0,2.0,2.0,2.0,0.0,0.0,0.0,0.0,0.0,0.0,0.0,0.0,0.0,0.0,0.0,0.0,1.0,4.0,7.0,10.0,12.0,14.0,2,Industry,Thor,Targeted Therapy,2014,85.71428571428571,14.285714285714285,0.0,0.0,14.285714285714285
PMID 29158011 CT_Summary_SoE.pdf,control,0,0.0,0.0,0.0,0.0,0.0,0.0,1.0,0.0,0.0,0.0,0.0,1.0,0.0,0.0,0.0,0.0,0.0,0.0,0.0,0.0,0.0,1.0,1.0,1.0,1.0,0.0,0.0,1.0,1.0,2.0,1,Non-Industry,Breast,Endocrine,2007,0.0,50.0,0.0,50.0,50.0
PMID 29158011 CT_Summary_SoE.pdf,intervention,0,0.0,0.0,0.0,0.0,0.0,0.0,1.0,0.0,0.0,0.0,0.0,1.0,0.0,0.0,0.0,0.0,0.0,0.0,0.0,0.0,0.0,1.0,1.0,1.0,1.0,0.0,0.0,1.0,1.0,2.0,2,Non-Industry,Breast,Endocrine,2007,0.0,50.0,0.0,50.0,50.0
PMID 29158011 CT_Summary_SoE.pdf,intervention,1,0.0,0.0,0.0,0.0,0.0,0.0,1.0,0.0,0.0,0.0,0.0,1.0,0.0,0.0,0.0,0.0,0.0,0.0,0.0,0.0,0.0,1.0,1.0,1.0,1.0,0.0,0.0,1.0,1.0,2.0,1,Non-Industry,Breast,Endocrine,2007,0.0,50.0,0.0,50.0,50.0
PMID 29169877 CT_Summary_SoE.pdf,control,0,0.0,2.0,5.0,6.0,6.0,6.0,1.0,0.0,0.0,1.0,2.0,2.5,0.5,0.0,0.0,0.5,1.0,1.5,0.0,0.0,0.0,0.5,1.0,1.0,1.5,2.0,5.0,8.0,10.0,11.0,2,Non-Industry,Thor,Targeted Therapy,2009,54.54545454545454,22.727272727272727,13.636363636363635,9.090909090909092,36.36363636363636
PMID 29169877 CT_Summary_SoE.pdf,control,1,0.0,2.0,5.0,9.0,13.0,18.0,1.0,0.0,0.0,0.0,0.0,0.0,1.0,0.0,0.0,0.0,0.0,0.0,0.0,0.0,0.0,0.0,0.0,0.0,2.0,2.0,5.0,9.0,13.0,18.0,1,Non-Industry,Thor,Targeted Therapy,2009,100.0,0.0,0.0,0.0,0.0
PMID 29169877 CT_Summary_SoE.pdf,intervention,0,0.0,3.5,9.0,17.5,26.0,35.5,1.0,0.0,0.0,0.0,0.0,0.0,0.5,0.0,0.0,0.0,0.0,0.0,0.0,0.0,0.0,0.0,0.0,0.0,1.5,3.5,9.0,17.5,26.0,35.5,2,Non-Industry,Thor,Targeted Therapy,2009,100.0,0.0,0.0,0.0,0.0
PMID 29169877 CT_Summary_SoE.pdf,intervention,1,0.0,5.0,13.0,26.0,39.0,52.5,1.0,0.0,0.0,0.0,0.0,0.0,0.5,0.0,0.0,0.0,0.0,0.0,0.0,0.0,0.0,0.0,0.0,0.0,1.5,5.0,13.0,26.0,39.0,52.5,2,Non-Industry,Thor,Targeted Therapy,2009,100.0,0.0,0.0,0.0,0.0
PMID 29169877 CT_Summary_SoE.pdf,intervention,2,0.0,5.0,13.0,26.0,39.0,52.0,1.0,0.0,0.0,0.0,0.0,0.0,0.0,0.0,0.0,0.0,0.0,0.0,0.0,0.0,0.0,0.0,0.0,0.0,1.0,5.0,13.0,26.0,39.0,52.0,1,Non-Industry,Thor,Targeted Therapy,2009,100.0,0.0,0.0,0.0,0.0
PMID 29224502 a_Summary_SoE.pdf,control,0,0.0,3.0,7.0,12.0,12.0,12.0,1.0,0.0,1.0,1.0,2.0,3.0,0.0,0.0,0.0,0.0,0.5,0.5,0.0,0.0,0.0,0.0,0.0,0.0,1.0,3.0,8.0,13.0,14.5,15.5,2,Industry,Heme,Targeted Therapy,2012,77.41935483870968,19.35483870967742,3.225806451612903,0.0,22.580645161290324
PMID 29224502 a_Summary_SoE.pdf,intervention,0,0.0,3.0,7.0,12.0,12.0,12.0,1.0,0.0,1.0,1.0,2.0,3.0,0.0,2.0,4.0,4.0,4.5,4.5,0.0,0.0,0.0,0.0,0.0,0.0,1.0,5.0,12.0,17.0,18.5,19.5,2,Industry,Heme,Targeted Therapy,2012,61.53846153846154,15.384615384615385,23.076923076923077,0.0,38.46153846153846
PMID 29231094 a_Summary_SoE.pdf,control,0,0.0,0.0,0.0,0.0,0.0,0.0,0.5,0.0,0.0,0.0,0.0,0.0,0.0,1.0,2.5,3.5,4.5,6.0,0.5,0.0,0.0,0.0,0.0,0.0,1.0,1.0,2.5,3.5,4.5,6.0,2,Industry,Multiple,Other,2015,0.0,0.0,100.0,0.0,100.0
PMID 29231094 a_Summary_SoE.pdf,intervention,0,0.0,0.0,0.0,0.0,0.0,0.0,0.5,0.0,0.0,0.0,0.0,0.0,0.0,1.0,2.5,3.5,4.5,6.0,0.5,0.0,0.0,0.0,0.0,0.0,1.0,1.0,2.5,3.5,4.5,6.0,2,Industry,Multiple,Other,2015,0.0,0.0,100.0,0.0,100.0
PMID 29238824 a_Summary_SoE.pdf,control,0,0.0,1.0,1.0,1.0,1.0,1.0,0.0,0.0,0.0,0.0,0.0,0.0,0.0,0.0,0.0,0.0,0.0,0.0,1.0,2.0,2.0,2.0,2.0,2.0,1.0,3.0,3.0,3.0,3.0,3.0,2,Non-Industry,Other,Other,2010,33.33333333333333,0.0,0.0,66.66666666666666,0.0
PMID 29238824 a_Summary_SoE.pdf,control,1,0.0,1.0,1.0,1.0,1.0,1.0,0.0,0.0,0.0,0.0,0.0,0.0,0.0,0.0,0.0,0.0,0.0,0.0,1.0,2.0,2.0,2.0,2.0,2.0,1.0,3.0,3.0,3.0,3.0,3.0,2,Non-Industry,Other,Other,2010,33.33333333333333,0.0,0.0,66.66666666666666,0.0
PMID 29238824 a_Summary_SoE.pdf,intervention,0,0.0,1.0,1.0,1.0,1.0,1.0,0.0,0.0,0.0,0.0,0.0,0.0,0.0,0.0,0.0,0.0,0.0,0.0,1.0,2.0,2.0,2.0,2.0,2.0,1.0,3.0,3.0,3.0,3.0,3.0,2,Non-Industry,Other,Other,2010,33.33333333333333,0.0,0.0,66.66666666666666,0.0
PMID 29244528 a_Summary_SoE.pdf,control,0,0.0,2.0,5.0,9.0,13.0,18.0,1.5,0.0,0.0,0.0,0.0,0.0,0.0,0.0,0.0,0.0,0.0,0.0,0.0,0.0,0.0,0.0,0.0,0.0,1.5,2.0,5.0,9.0,13.0,18.0,2,Industry,Breast,Targeted Therapy,2011,100.0,0.0,0.0,0.0,0.0
PMID 29244528 a_Summary_SoE.pdf,intervention,0,0.0,2.0,5.0,9.0,11.0,13.0,1.5,0.0,0.0,0.0,0.0,0.0,0.0,0.0,0.0,0.0,0.0,0.0,0.0,0.0,0.0,0.0,0.0,0.0,1.5,2.0,5.0,9.0,11.0,13.0,2,Industry,Breast,Targeted Therapy,2011,100.0,0.0,0.0,0.0,0.0
PMID 29244528 a_Summary_SoE.pdf,intervention,1,0.0,2.0,5.0,9.0,13.0,18.0,1.5,0.0,0.0,0.0,0.0,0.0,0.0,0.0,0.0,0.0,0.0,0.0,0.0,0.0,0.0,0.0,0.0,0.0,1.5,2.0,5.0,9.0,13.0,18.0,2,Industry,Breast,Targeted Therapy,2011,100.0,0.0,0.0,0.0,0.0
PMID 29268948 a_Summary_SoE.pdf,control,0,0.0,2.0,5.0,9.0,13.0,18.0,1.5,1.0,1.5,2.0,3.0,3.5,0.5,0.0,0.0,0.0,0.0,0.0,0.0,0.0,0.0,0.0,0.0,0.0,2.0,3.0,6.5,11.0,16.0,21.5,2,Industry,GU,Immunotherapy,2015,83.72093023255815,16.27906976744186,0.0,0.0,16.27906976744186
PMID 29268948 a_Summary_SoE.pdf,intervention,0,0.0,2.0,5.0,9.0,13.0,18.0,1.5,1.0,1.5,2.0,3.0,3.5,0.5,0.0,0.0,0.0,0.0,0.0,0.0,0.0,0.0,0.0,0.0,0.0,2.0,3.0,6.5,11.0,16.0,21.5,2,Industry,GU,Immunotherapy,2015,83.72093023255815,16.27906976744186,0.0,0.0,16.27906976744186
PMID 29373094 a_Summary_SoE.pdf,control,0,0.0,2.0,5.0,8.5,12.0,16.5,1.0,0.5,0.5,2.0,2.0,2.0,1.0,1.5,1.5,1.5,1.5,1.5,0.0,0.0,0.0,0.5,0.5,0.5,2.0,4.0,7.0,12.5,16.0,20.5,2,Industry,Breast,Targeted Therapy,2014,80.48780487804879,9.75609756097561,7.317073170731707,2.4390243902439024,17.073170731707314
PMID 29373094 a_Summary_SoE.pdf,intervention,0,0.0,2.0,5.0,8.5,12.0,16.5,1.0,0.5,0.5,2.0,2.0,2.0,1.0,1.5,1.5,1.5,1.5,1.5,0.0,0.0,0.0,0.5,0.5,0.5,2.0,4.0,7.0,12.5,16.0,20.5,2,Industry,Breast,Targeted Therapy,2014,80.48780487804879,9.75609756097561,7.317073170731707,2.4390243902439024,17.073170731707314
PMID 29420164 a_Summary_SoE.pdf,control,0,0.0,1.0,1.0,1.0,1.0,1.0,1.0,0.0,0.0,1.0,2.0,3.0,0.0,1.0,3.0,5.0,5.0,6.0,0.0,0.0,0.0,0.0,0.0,0.0,1.0,2.0,4.0,7.0,8.0,10.0,2,Industry,GU,Endocrine,2013,10.0,30.0,60.0,0.0,90.0
PMID 29420164 a_Summary_SoE.pdf,intervention,0,0.0,1.0,1.0,1.0,1.0,1.0,1.0,0.0,0.0,1.0,2.0,3.0,0.0,1.0,3.0,5.0,5.0,6.0,0.0,0.0,0.0,0.0,0.0,0.0,1.0,2.0,4.0,7.0,8.0,10.0,2,Industry,GU,Endocrine,2013,10.0,30.0,60.0,0.0,90.0
PMID 29477665 CT_Summary_SoE.pdf,control,0,0.0,3.5,6.0,9.0,12.0,15.0,2.0,0.5,1.0,1.0,1.0,1.5,1.0,1.0,1.0,1.0,1.0,1.0,0.0,0.0,0.0,0.0,0.0,0.0,3.0,5.0,8.0,11.0,14.0,17.5,2,Industry,Skin,Targeted Therapy,2012,85.71428571428571,8.571428571428571,5.714285714285714,0.0,14.285714285714285
PMID 29477665 CT_Summary_SoE.pdf,intervention,0,0.0,3.5,6.0,9.0,12.0,15.0,2.0,0.5,1.0,1.0,1.0,1.5,1.0,1.0,1.0,1.0,1.0,1.0,0.0,0.0,0.0,0.0,0.0,0.0,3.0,5.0,8.0,11.0,14.0,17.5,2,Industry,Skin,Targeted Therapy,2012,85.71428571428571,8.571428571428571,5.714285714285714,0.0,14.285714285714285
PMID 29522138 a_Summary_SoE.pdf,control,0,0.0,3.0,5.0,8.0,9.0,10.0,2.0,1.0,1.0,1.0,1.0,1.0,1.0,0.0,0.0,0.0,0.0,0.0,0.0,0.0,0.0,0.0,0.0,0.0,3.0,4.0,6.0,9.0,10.0,11.0,2,Industry,Heme,Other,2014,90.9090909090909,9.090909090909092,0.0,0.0,9.090909090909092
PMID 29522138 a_Summary_SoE.pdf,intervention,0,0.0,2.5,4.5,7.5,8.5,9.5,2.0,1.5,1.5,1.5,1.5,1.5,1.0,0.0,0.0,0.0,0.0,0.0,0.0,0.0,0.0,0.0,0.0,0.0,3.0,4.0,6.0,9.0,10.0,11.0,2,Industry,Heme,Other,2014,86.36363636363636,13.636363636363635,0.0,0.0,13.636363636363635
PMID 29522138 a_Summary_SoE.pdf,intervention,1,0.0,2.5,4.5,7.5,8.5,9.5,2.0,1.5,1.5,1.5,1.5,1.5,1.0,0.0,0.0,0.0,0.0,0.0,0.0,0.0,0.0,0.0,0.0,0.0,3.0,4.0,6.0,9.0,10.0,11.0,2,Industry,Heme,Other,2014,86.36363636363636,13.636363636363635,0.0,0.0,13.636363636363635
PMID 29528792 a_Summary_SoE.pdf,control,0,0.0,2.0,5.0,9.0,13.0,18.0,1.0,0.0,0.0,0.0,0.0,0.0,0.0,2.0,2.0,2.0,2.0,2.0,0.0,0.0,0.0,0.0,0.0,0.0,1.0,4.0,7.0,11.0,15.0,20.0,2,Industry,Other,Targeted Therapy,2014,90.0,0.0,10.0,0.0,10.0
PMID 29528792 a_Summary_SoE.pdf,intervention,0,0.0,2.0,5.0,9.0,13.0,18.0,1.0,0.0,0.0,0.0,0.0,0.0,0.0,2.0,2.0,2.0,2.0,2.0,0.0,0.0,0.0,0.0,0.0,0.0,1.0,4.0,7.0,11.0,15.0,20.0,2,Industry,Other,Targeted Therapy,2014,90.0,0.0,10.0,0.0,10.0
PMID 29543933 a_Summary_SoE.pdf,control,0,0.0,22.0,39.0,39.0,39.0,39.0,1.0,0.0,0.0,0.0,0.0,0.0,1.0,0.0,1.0,2.0,3.0,4.0,0.0,0.0,0.0,0.0,0.0,0.0,2.0,22.0,40.0,41.0,42.0,43.0,2,Non-Industry,GU,Radiation,2002,90.69767441860465,0.0,9.30232558139535,0.0,9.30232558139535
PMID 29543933 a_Summary_SoE.pdf,intervention,0,0.0,22.0,44.0,44.0,44.0,44.0,1.0,0.0,0.0,0.0,0.0,0.0,1.0,0.0,1.0,2.0,3.0,4.0,0.0,0.0,0.0,0.0,0.0,0.0,2.0,22.0,45.0,46.0,47.0,48.0,2,Non-Industry,GU,Radiation,2002,91.66666666666666,0.0,8.333333333333332,0.0,8.333333333333332
PMID 29562145 a_Summary_SoE.pdf,control,0,0.0,1.0,3.0,5.0,7.0,9.0,1.5,0.0,0.0,0.0,0.0,0.0,0.5,0.5,1.0,2.0,3.0,4.5,0.0,0.0,0.0,0.0,0.0,0.0,2.0,1.5,4.0,7.0,10.0,13.5,2,Industry,GU,Immunotherapy,2014,66.66666666666666,0.0,33.33333333333333,0.0,33.33333333333333
PMID 29562145 a_Summary_SoE.pdf,intervention,0,0.0,2.0,5.0,11.0,18.0,25.0,1.5,0.0,0.0,0.0,0.0,0.0,0.5,0.0,0.0,0.0,0.0,0.0,0.0,0.0,0.0,0.0,0.0,0.0,2.0,2.0,5.0,11.0,18.0,25.0,2,Industry,GU,Immunotherapy,2014,100.0,0.0,0.0,0.0,0.0
PMID 29562156 a_Summary_SoE.pdf,control,0,0.0,4.0,8.0,12.0,12.0,12.0,0.5,0.0,0.5,0.5,1.5,1.5,0.0,2.0,6.0,6.0,6.0,6.0,0.5,0.0,0.0,0.5,1.5,2.5,1.0,6.0,14.5,19.0,21.0,22.0,2,Industry,Heme,Targeted Therapy,2014,54.54545454545454,6.8181818181818175,27.27272727272727,11.363636363636363,34.090909090909086
PMID 29562156 a_Summary_SoE.pdf,intervention,0,0.0,2.5,6.5,11.0,11.5,11.5,0.5,0.0,0.0,0.5,1.5,1.5,0.0,3.5,6.5,7.5,7.5,7.5,0.5,0.0,0.0,0.0,1.0,2.0,1.0,6.0,13.0,19.0,21.5,22.5,2,Industry,Heme,Targeted Therapy,2014,51.11111111111111,6.666666666666667,33.33333333333333,8.88888888888889,39.99999999999999
PMID 29573941 a_Summary_SoE.pdf,control,0,0.0,2.0,4.0,7.0,10.0,14.0,1.0,0.0,0.0,0.0,0.0,0.0,1.0,0.0,0.0,0.0,0.0,0.0,0.0,0.0,0.0,0.0,0.0,0.0,2.0,2.0,4.0,7.0,10.0,14.0,2,Industry,Skin,Targeted Therapy,2013,100.0,0.0,0.0,0.0,0.0
PMID 29573941 a_Summary_SoE.pdf,control,1,0.0,2.0,4.0,7.0,10.0,14.0,1.0,0.0,0.0,0.0,0.0,0.0,1.0,0.0,0.0,0.0,0.0,0.0,0.0,0.0,0.0,0.0,0.0,0.0,2.0,2.0,4.0,7.0,10.0,14.0,1,Industry,Skin,Targeted Therapy,2013,100.0,0.0,0.0,0.0,0.0
PMID 29573941 a_Summary_SoE.pdf,intervention,0,0.0,2.0,4.0,7.0,10.0,14.0,1.0,0.0,0.0,0.0,0.0,0.0,1.0,0.0,0.0,0.0,0.0,0.0,0.0,0.0,0.0,0.0,0.0,0.0,2.0,2.0,4.0,7.0,10.0,14.0,2,Industry,Skin,Targeted Therapy,2013,100.0,0.0,0.0,0.0,0.0
PMID 29573941 a_Summary_SoE.pdf,intervention,1,0.0,2.0,4.0,7.0,10.0,14.0,1.0,0.0,0.0,0.0,0.0,0.0,1.0,0.0,0.0,0.0,0.0,0.0,0.0,0.0,0.0,0.0,0.0,0.0,2.0,2.0,4.0,7.0,10.0,14.0,2,Industry,Skin,Targeted Therapy,2013,100.0,0.0,0.0,0.0,0.0
PMID 29573941 a_Summary_SoE.pdf,intervention,2,0.0,2.0,4.0,7.0,10.0,14.0,1.0,0.0,0.0,0.0,0.0,0.0,1.0,0.0,0.0,0.0,0.0,0.0,0.0,0.0,0.0,0.0,0.0,0.0,2.0,2.0,4.0,7.0,10.0,14.0,1,Industry,Skin,Targeted Therapy,2013,100.0,0.0,0.0,0.0,0.0
PMID 29624463 a_Summary_SoE.pdf,control,0,0.0,1.0,1.0,2.0,3.0,4.5,1.0,0.0,0.0,0.0,0.0,0.0,0.0,0.0,0.0,0.0,0.0,0.0,0.0,0.0,0.0,0.0,0.0,0.0,1.0,1.0,1.0,2.0,3.0,4.5,2,Non-Industry,GU,Endocrine,1999,100.0,0.0,0.0,0.0,0.0
PMID 29624463 a_Summary_SoE.pdf,intervention,0,0.0,2.0,5.0,6.5,7.5,9.5,1.0,0.0,0.0,0.0,0.0,0.0,0.0,1.0,4.0,5.0,2.5,2.5,0.0,0.0,0.0,0.0,0.0,0.0,1.0,3.0,9.0,11.5,12.5,14.5,2,Non-Industry,GU,Endocrine,1999,65.51724137931035,0.0,17.24137931034483,0.0,17.24137931034483
PMID 29625879 CT_Summary_SoE.pdf,control,0,0.0,2.0,4.0,7.0,10.0,14.0,2.0,1.0,1.0,1.0,1.0,1.0,0.0,5.0,9.0,12.0,16.0,19.0,0.0,0.0,0.0,0.0,0.0,0.0,2.0,8.0,14.0,20.0,27.0,34.0,2,Industry,GI,Other,2012,41.17647058823529,2.941176470588235,55.88235294117647,0.0,58.8235294117647
PMID 29625879 CT_Summary_SoE.pdf,intervention,0,0.0,2.0,4.0,7.0,10.0,14.0,2.0,1.0,1.0,1.0,1.0,1.0,0.0,5.0,9.0,12.0,16.0,19.0,0.0,0.0,0.0,0.0,0.0,0.0,2.0,8.0,14.0,20.0,27.0,34.0,2,Industry,GI,Other,2012,41.17647058823529,2.941176470588235,55.88235294117647,0.0,58.8235294117647
PMID 29658430 a_Summary_SoE.pdf,control,0,0.0,2.0,5.0,9.0,13.0,18.0,1.0,0.0,0.5,1.0,1.5,2.0,1.5,0.0,0.0,0.0,0.0,0.0,0.5,0.0,0.0,0.0,0.0,0.0,3.0,2.0,5.5,10.0,14.5,20.0,2,Industry,Skin,Immunotherapy,2015,90.0,10.0,0.0,0.0,10.0
PMID 29658430 a_Summary_SoE.pdf,intervention,0,0.0,2.0,5.0,9.0,13.0,18.0,1.0,0.0,0.5,1.0,1.5,2.0,1.5,0.0,0.0,0.0,0.0,0.0,0.5,0.0,0.0,0.0,0.0,0.0,3.0,2.0,5.5,10.0,14.5,20.0,2,Industry,Skin,Immunotherapy,2015,90.0,10.0,0.0,0.0,10.0
PMID 29658856 a_Summary_SoE.pdf,control,0,0.0,2.0,5.0,9.0,13.0,18.0,1.0,0.0,0.0,0.0,0.0,0.0,0.5,1.5,1.5,1.5,1.5,1.5,0.0,0.0,0.0,0.0,0.0,0.0,1.5,3.5,6.5,10.5,14.5,19.5,2,Industry,Thor,Immunotherapy,2016,92.3076923076923,0.0,7.6923076923076925,0.0,7.6923076923076925
PMID 29658856 a_Summary_SoE.pdf,intervention,0,0.0,2.0,5.0,9.0,13.0,18.0,1.0,0.0,0.0,0.0,0.0,0.0,0.5,1.5,1.5,1.5,1.5,1.5,0.0,0.0,0.0,0.0,0.0,0.0,1.5,3.5,6.5,10.5,14.5,19.5,2,Industry,Thor,Immunotherapy,2016,92.3076923076923,0.0,7.6923076923076925,0.0,7.6923076923076925
PMID 29668860 a_Summary_SoE.pdf,control,0,0.0,0.0,0.0,0.0,0.0,0.0,0.0,0.0,0.0,0.0,0.0,0.0,0.0,0.0,0.0,0.0,0.0,0.0,0.0,0.0,0.0,0.0,0.0,0.0,0.0,0.0,0.0,0.0,0.0,0.0,2,Industry,Thor,Targeted Therapy,2015,0.0,0.0,0.0,0.0,0.0
PMID 29668860 a_Summary_SoE.pdf,intervention,0,0.0,0.0,0.0,0.0,0.0,0.0,0.0,0.0,0.0,0.0,0.0,0.0,0.0,0.0,0.0,0.0,0.0,0.0,0.0,0.0,0.0,0.0,0.0,0.0,0.0,0.0,0.0,0.0,0.0,0.0,2,Industry,Thor,Targeted Therapy,2015,0.0,0.0,0.0,0.0,0.0
PMID 29726361 CT_Summary_SoE.pdf,control,0,0.0,22.0,25.0,25.0,25.0,25.0,1.0,0.0,0.0,0.0,0.0,0.0,0.0,0.0,0.0,0.0,0.0,0.0,1.0,0.0,1.0,1.0,1.0,1.0,2.0,22.0,26.0,26.0,26.0,26.0,2,Non-Industry,Breast,Other,2013,96.15384615384616,0.0,0.0,3.8461538461538463,0.0
PMID 29726361 CT_Summary_SoE.pdf,intervention,0,0.0,22.0,25.0,25.0,25.0,25.0,1.0,0.0,0.0,0.0,0.0,0.0,0.0,0.0,0.0,0.0,0.0,0.0,1.0,0.0,1.0,1.0,1.0,1.0,2.0,22.0,26.0,26.0,26.0,26.0,2,Non-Industry,Breast,Other,2013,96.15384615384616,0.0,0.0,3.8461538461538463,0.0
PMID 29801011 CT_Summary_SoE.pdf,control,0,0.0,1.0,1.0,1.0,1.0,1.0,1.5,0.0,1.0,2.0,3.0,4.0,0.5,1.0,1.0,1.0,1.0,1.0,0.0,2.0,2.0,2.0,2.0,2.0,2.0,4.0,5.0,6.0,7.0,8.0,2,Non-Industry,GU,Chemotherapy,2007,12.5,50.0,12.5,25.0,62.5
PMID 29801011 CT_Summary_SoE.pdf,intervention,0,0.0,1.0,1.0,1.0,1.0,1.0,1.5,0.0,1.0,2.0,3.0,4.0,0.5,1.0,1.0,1.0,1.0,1.0,0.0,2.0,2.0,2.0,2.0,2.0,2.0,4.0,5.0,6.0,7.0,8.0,2,Non-Industry,GU,Chemotherapy,2007,12.5,50.0,12.5,25.0,62.5
PMID 29804902 CT_Summary_SoE.pdf,control,0,0.0,2.0,4.0,7.0,10.0,14.0,1.5,1.0,2.0,2.0,2.0,2.0,0.5,0.0,0.0,0.0,0.0,0.0,0.0,0.0,0.0,0.0,0.0,0.0,2.0,3.0,6.0,9.0,12.0,16.0,2,Industry,Breast,Targeted Therapy,2014,87.5,12.5,0.0,0.0,12.5
PMID 29804902 CT_Summary_SoE.pdf,intervention,0,0.0,2.0,4.0,7.0,10.0,14.0,1.5,1.0,2.0,2.0,2.0,2.0,0.5,0.0,0.0,0.0,0.0,0.0,0.0,0.0,0.0,0.0,0.0,0.0,2.0,3.0,6.0,9.0,12.0,16.0,2,Industry,Breast,Targeted Therapy,2014,87.5,12.5,0.0,0.0,12.5
PMID 29856685 a_Summary_SoE.pdf,control,0,0.5,4.0,4.0,8.0,8.0,8.5,0.5,0.0,0.0,0.0,1.0,1.5,0.0,0.5,2.5,5.0,5.0,6.0,0.0,0.0,0.0,0.0,0.0,0.0,1.0,4.5,6.5,13.0,14.0,16.0,2,Industry,Heme,Targeted Therapy,2014,53.125,9.375,37.5,0.0,46.875
PMID 29856685 a_Summary_SoE.pdf,intervention,0,0.5,4.0,4.0,8.0,8.0,8.5,0.5,0.0,0.0,0.0,1.0,1.5,0.0,0.5,2.5,5.0,5.0,6.0,0.0,0.0,0.0,0.0,0.0,0.0,1.0,4.5,6.5,13.0,14.0,16.0,2,Industry,Heme,Targeted Therapy,2014,53.125,9.375,37.5,0.0,46.875
PMID 29860922 CT_Summary_SoE.pdf,control,0,0.0,3.0,5.0,8.0,11.0,15.0,1.5,0.0,1.0,1.0,1.0,1.0,0.0,0.0,0.0,0.0,0.0,0.0,0.5,0.0,0.0,0.0,0.0,0.0,2.0,3.0,6.0,9.0,12.0,16.0,2,Industry,Breast,Targeted Therapy,2015,93.75,6.25,0.0,0.0,6.25
PMID 29860922 CT_Summary_SoE.pdf,intervention,0,0.0,3.0,5.0,8.0,11.0,15.0,1.5,0.0,1.0,1.0,1.0,1.0,0.0,0.0,0.0,0.0,0.0,0.0,0.5,0.0,0.0,0.0,0.0,0.0,2.0,3.0,6.0,9.0,12.0,16.0,2,Industry,Breast,Targeted Therapy,2015,93.75,6.25,0.0,0.0,6.25
PMID 29863955 a_Summary_SoE.pdf,control,0,0.0,2.0,5.0,9.0,13.0,18.0,1.0,0.0,0.0,0.0,0.0,0.0,0.0,0.0,0.0,0.0,0.0,0.0,0.0,0.0,0.0,0.0,0.0,0.0,1.0,2.0,5.0,9.0,13.0,18.0,2,Industry,Thor,Immunotherapy,2015,100.0,0.0,0.0,0.0,0.0
PMID 29863955 a_Summary_SoE.pdf,intervention,0,0.0,2.0,5.0,9.0,13.0,18.0,1.0,0.0,0.0,0.0,0.0,0.0,0.0,0.0,0.0,0.0,0.0,0.0,0.0,0.0,0.0,0.0,0.0,0.0,1.0,2.0,5.0,9.0,13.0,18.0,2,Industry,Thor,Immunotherapy,2015,100.0,0.0,0.0,0.0,0.0
PMID 29863955 a_Summary_SoE.pdf,intervention,1,0.0,2.0,5.0,9.0,13.0,18.0,1.0,0.0,0.0,0.0,0.0,0.0,0.0,0.0,0.0,0.0,0.0,0.0,0.0,0.0,0.0,0.0,0.0,0.0,1.0,2.0,5.0,9.0,13.0,18.0,2,Industry,Thor,Immunotherapy,2015,100.0,0.0,0.0,0.0,0.0
PMID 29866475 CT_Summary_SoE.pdf,control,0,0.0,8.0,20.0,39.0,58.0,79.0,1.0,0.0,0.0,0.0,0.0,0.0,0.5,0.0,0.0,0.0,0.0,0.0,0.0,0.0,0.0,0.0,0.0,0.0,1.5,8.0,20.0,39.0,58.0,79.0,2,Industry,Heme,Targeted Therapy,2015,100.0,0.0,0.0,0.0,0.0
PMID 29866475 CT_Summary_SoE.pdf,intervention,0,0.0,4.0,10.0,19.5,29.0,40.0,1.0,0.0,0.0,0.0,0.0,0.0,0.5,0.0,0.0,0.0,0.0,0.0,0.0,0.0,0.0,0.0,0.0,0.0,1.5,4.0,10.0,19.5,29.0,40.0,2,Industry,Heme,Targeted Therapy,2015,100.0,0.0,0.0,0.0,0.0
PMID 29880231 a_Summary_SoE.pdf,control,0,0.0,4.0,10.0,20.0,30.0,40.0,1.0,0.0,0.0,0.0,0.0,0.0,0.0,0.0,0.0,0.0,0.0,0.0,0.0,0.0,0.0,0.0,0.0,0.0,1.0,4.0,10.0,20.0,30.0,40.0,2,Industry,GI,Immunotherapy,2015,100.0,0.0,0.0,0.0,0.0
PMID 29880231 a_Summary_SoE.pdf,intervention,0,0.0,2.0,5.0,9.0,13.0,18.0,1.0,0.0,0.0,0.0,0.0,0.0,0.0,0.0,0.0,0.0,0.0,0.0,0.0,0.0,0.0,0.0,0.0,0.0,1.0,2.0,5.0,9.0,13.0,18.0,2,Industry,GI,Immunotherapy,2015,100.0,0.0,0.0,0.0,0.0
PMID 29949494 a_Summary_SoE.pdf,control,0,0.0,0.0,0.0,0.0,0.0,0.0,1.0,0.0,0.0,1.0,2.0,3.0,0.5,1.0,1.0,1.0,1.0,1.0,0.0,1.0,1.0,1.0,1.0,1.0,1.5,2.0,2.0,3.0,4.0,5.0,2,Industry,GU,Endocrine,2013,0.0,60.0,20.0,20.0,80.0
PMID 29949494 a_Summary_SoE.pdf,intervention,0,0.0,0.0,0.0,0.0,0.0,0.0,1.0,0.0,0.0,1.0,2.0,3.0,0.5,1.0,1.0,1.0,1.0,1.0,0.0,1.0,1.0,1.0,1.0,1.0,1.5,2.0,2.0,3.0,4.0,5.0,2,Industry,GU,Endocrine,2013,0.0,60.0,20.0,20.0,80.0
PMID 29972759 a_Summary_SoE.pdf,control,0,0.0,1.0,1.0,1.0,1.0,1.0,1.0,1.0,2.0,4.0,5.0,7.0,0.5,1.0,3.0,4.0,6.0,8.0,0.0,0.0,0.0,0.0,0.0,0.0,1.5,3.0,6.0,9.0,12.0,16.0,2,Industry,GI,Targeted Therapy,2013,6.25,43.75,50.0,0.0,93.75
PMID 29972759 a_Summary_SoE.pdf,intervention,0,0.0,1.0,1.0,1.0,1.0,1.0,1.0,1.0,2.0,4.0,5.0,7.0,0.5,1.0,3.0,4.0,6.0,8.0,0.0,0.0,0.0,0.0,0.0,0.0,1.5,3.0,6.0,9.0,12.0,16.0,2,Industry,GI,Targeted Therapy,2013,6.25,43.75,50.0,0.0,93.75
PMID 29989857 a_Summary_SoE.pdf,control,0,0.0,22.0,31.0,31.0,31.0,31.0,1.0,0.0,0.5,1.0,1.0,2.0,1.5,0.0,0.0,0.0,0.0,0.0,1.0,0.0,0.5,1.0,1.0,1.0,3.5,22.0,32.0,33.0,33.0,34.0,2,Non-Industry,GYN,Radiation,2012,91.17647058823529,5.88235294117647,0.0,2.941176470588235,5.88235294117647
PMID 29989857 a_Summary_SoE.pdf,intervention,0,0.0,22.0,31.0,31.0,31.0,31.0,1.0,0.0,0.5,1.0,1.0,2.0,1.5,0.0,0.0,0.0,0.0,0.0,1.0,0.0,0.5,1.0,1.0,1.0,3.5,22.0,32.0,33.0,33.0,34.0,2,Non-Industry,GYN,Radiation,2012,91.17647058823529,5.88235294117647,0.0,2.941176470588235,5.88235294117647
PMID 30010751 a_Summary_SoE.pdf,control,0,0.0,2.0,5.0,9.0,13.0,18.0,1.0,0.0,0.0,0.0,0.0,0.0,0.0,1.0,1.0,1.0,1.0,1.0,0.0,0.0,0.0,0.0,0.0,0.0,1.0,3.0,6.0,10.0,14.0,19.0,2,Industry,GI,Targeted Therapy,2014,94.73684210526315,0.0,5.263157894736842,0.0,5.263157894736842
PMID 30010751 a_Summary_SoE.pdf,intervention,0,0.0,2.0,5.0,9.0,13.0,18.0,1.0,0.0,0.0,0.0,0.0,0.0,0.0,1.0,1.0,1.0,1.0,1.0,0.0,0.0,0.0,0.0,0.0,0.0,1.0,3.0,6.0,10.0,14.0,19.0,2,Industry,GI,Targeted Therapy,2014,94.73684210526315,0.0,5.263157894736842,0.0,5.263157894736842
PMID 30024784 a_Summary_SoE.pdf,control,0,0.0,7.0,14.5,17.0,17.0,17.0,1.0,0.0,0.0,1.0,1.0,1.0,0.0,4.0,11.5,22.0,25.0,28.0,0.0,0.0,0.0,0.0,0.0,0.0,1.0,11.0,26.0,40.0,43.0,46.0,2,Industry,Heme,Chemotherapy,2012,36.95652173913043,2.1739130434782608,60.86956521739131,0.0,63.04347826086957
PMID 30024784 a_Summary_SoE.pdf,intervention,0,0.0,3.0,6.0,7.0,7.0,7.0,1.0,0.0,0.0,1.0,1.0,1.0,0.0,5.0,14.5,24.0,27.0,30.0,0.0,0.0,0.0,0.0,0.0,0.0,1.0,8.0,20.5,32.0,35.0,38.0,2,Industry,Heme,Chemotherapy,2012,18.421052631578945,2.631578947368421,78.94736842105263,0.0,81.57894736842105
PMID 30040523 a_Summary_SoE.pdf,control,0,0.0,2.5,7.0,16.0,16.0,16.0,1.0,0.0,0.0,1.0,1.0,1.5,0.5,0.0,0.0,0.5,1.0,1.0,0.0,0.0,0.0,0.0,0.5,1.0,1.5,3.0,7.5,17.5,18.5,19.5,2,Industry,Breast,Targeted Therapy,2007,82.05128205128204,7.6923076923076925,5.128205128205128,5.128205128205128,12.820512820512821
PMID 30040523 a_Summary_SoE.pdf,intervention,0,0.0,2.5,7.0,16.0,16.0,16.0,1.0,0.0,0.0,1.0,1.0,1.5,0.5,0.0,0.0,0.5,1.0,1.0,0.0,0.0,0.0,0.0,0.5,1.0,1.5,3.0,7.5,17.5,18.5,19.5,2,Industry,Breast,Targeted Therapy,2007,82.05128205128204,7.6923076923076925,5.128205128205128,5.128205128205128,12.820512820512821
PMID 30040523 a_Summary_SoE.pdf,intervention,1,0.0,2.5,7.0,17.5,22.0,26.0,1.0,0.0,0.0,0.5,0.5,1.5,0.5,0.0,0.0,0.0,0.0,0.0,0.0,0.0,0.0,0.0,0.0,0.0,1.5,3.0,7.5,18.0,22.5,27.5,2,Industry,Breast,Targeted Therapy,2007,94.54545454545455,5.454545454545454,0.0,0.0,5.454545454545454
PMID 30052729 CT_Summary_SoE.pdf,control,0,0.0,1.0,2.5,4.5,6.5,9.0,1.0,0.0,1.0,2.0,3.0,4.0,0.0,1.0,1.5,2.5,3.5,5.0,0.0,0.0,0.0,0.0,0.0,0.0,1.0,2.0,5.0,9.0,13.0,18.0,2,Industry,GI,Immunotherapy,2015,50.0,22.22222222222222,27.77777777777778,0.0,50.0
PMID 30052729 CT_Summary_SoE.pdf,control,1,0.0,3.0,7.0,13.0,20.0,27.0,1.0,0.0,0.0,0.0,0.0,0.0,0.0,0.0,0.0,0.0,0.0,0.0,0.0,0.0,0.0,0.0,0.0,0.0,1.0,3.0,7.0,13.0,20.0,27.0,2,Industry,GI,Immunotherapy,2015,100.0,0.0,0.0,0.0,0.0
PMID 30052729 CT_Summary_SoE.pdf,control,2,0.0,4.0,10.0,20.0,30.0,40.0,1.0,0.0,0.0,0.0,0.0,0.0,0.0,0.0,0.0,0.0,0.0,0.0,0.0,0.0,0.0,0.0,0.0,0.0,1.0,4.0,10.0,20.0,30.0,40.0,2,Industry,GI,Immunotherapy,2015,100.0,0.0,0.0,0.0,0.0
PMID 30052729 CT_Summary_SoE.pdf,intervention,0,0.0,3.0,7.0,13.0,20.0,27.0,1.0,0.0,0.0,0.0,0.0,0.0,0.0,0.0,0.0,0.0,0.0,0.0,0.0,0.0,0.0,0.0,0.0,0.0,1.0,3.0,7.0,13.0,20.0,27.0,2,Industry,GI,Immunotherapy,2015,100.0,0.0,0.0,0.0,0.0
PMID 30072745 a_Summary_SoE.pdf,control,0,0.0,2.0,5.0,9.0,13.0,18.0,1.0,0.5,1.5,2.5,3.5,4.5,0.5,2.0,4.0,7.0,11.0,14.0,0.5,0.5,0.5,0.5,0.5,0.5,2.0,5.0,11.0,19.0,28.0,37.0,2,Industry,GYN,Chemotherapy,2008,48.64864864864865,12.162162162162163,37.83783783783784,1.3513513513513513,50.0
PMID 30072745 a_Summary_SoE.pdf,intervention,0,0.0,2.0,5.0,9.0,13.0,18.0,1.0,0.5,1.5,2.5,3.5,4.5,0.5,2.0,4.0,7.0,11.0,14.0,0.5,0.5,0.5,0.5,0.5,0.5,2.0,5.0,11.0,19.0,28.0,37.0,2,Industry,GYN,Chemotherapy,2008,48.64864864864865,12.162162162162163,37.83783783783784,1.3513513513513513,50.0
PMID 30100375 CT_Summary_SoE.pdf,control,0,0.0,0.5,2.0,3.5,5.0,7.0,0.5,1.0,2.0,3.5,5.0,7.0,0.0,4.0,8.0,14.0,21.0,28.0,0.5,0.0,0.0,0.0,0.0,0.0,1.0,5.5,12.0,21.0,31.0,42.0,2,Industry,Heme,Targeted Therapy,2012,16.666666666666664,16.666666666666664,66.66666666666666,0.0,83.33333333333331
PMID 30100375 CT_Summary_SoE.pdf,intervention,0,0.0,4.5,9.0,15.0,22.0,29.0,0.5,1.0,2.0,3.5,5.0,7.0,0.0,0.0,1.0,2.5,4.0,6.0,0.5,0.0,0.0,0.0,0.0,0.0,1.0,5.5,12.0,21.0,31.0,42.0,2,Industry,Heme,Targeted Therapy,2012,69.04761904761905,16.666666666666664,14.285714285714285,0.0,30.95238095238095
PMID 30105668 a_Summary_SoE.pdf,control,0,0.0,7.5,14.0,23.0,31.0,41.0,1.0,0.5,0.5,0.5,0.5,0.5,1.0,1.0,1.5,1.5,1.5,1.5,0.0,0.0,0.0,0.0,0.0,0.0,2.0,9.0,16.0,25.0,33.0,43.0,2,Industry,GI,Chemotherapy,2014,95.34883720930233,1.1627906976744187,3.488372093023256,0.0,4.651162790697675
PMID 30105668 a_Summary_SoE.pdf,intervention,0,0.0,8.0,15.0,24.0,32.0,42.0,1.0,0.5,0.5,0.5,0.5,0.5,1.0,0.5,0.5,0.5,0.5,0.5,0.0,0.0,0.0,0.0,0.0,0.0,2.0,9.0,16.0,25.0,33.0,43.0,2,Industry,GI,Chemotherapy,2014,97.67441860465115,1.1627906976744187,1.1627906976744187,0.0,2.3255813953488373
PMID 30110579 a_Summary_SoE.pdf,control,0,0.0,5.0,12.0,23.0,33.5,45.0,1.5,0.0,0.0,0.0,0.0,0.5,0.5,0.0,0.0,0.0,0.0,0.0,0.0,0.0,0.0,0.0,0.0,0.0,2.0,5.0,12.0,23.0,33.5,45.5,2,Industry,Breast,Targeted Therapy,2013,98.9010989010989,1.098901098901099,0.0,0.0,1.098901098901099
PMID 30110579 a_Summary_SoE.pdf,intervention,0,0.0,3.5,7.0,11.0,15.0,20.0,1.5,0.0,0.0,0.0,0.0,0.5,0.5,1.5,4.0,9.0,13.5,18.0,0.0,0.0,0.0,0.0,0.0,0.0,2.0,5.0,11.0,20.0,28.5,38.5,2,Industry,Breast,Targeted Therapy,2013,51.94805194805194,1.2987012987012987,46.75324675324675,0.0,48.051948051948045
PMID 30177994 a_Summary_SoE.pdf,control,0,0.0,2.0,5.0,9.0,13.0,18.0,1.0,0.0,0.0,0.0,0.0,0.0,1.0,0.0,0.0,0.0,0.0,0.0,0.0,0.0,0.0,0.0,0.0,0.0,2.0,2.0,5.0,9.0,13.0,18.0,2,Industry,Thor,Targeted Therapy,2011,100.0,0.0,0.0,0.0,0.0
PMID 30177994 a_Summary_SoE.pdf,intervention,0,0.0,2.0,5.0,9.0,13.0,18.0,1.0,0.0,0.0,0.0,0.0,0.0,1.0,0.0,0.0,0.0,0.0,0.0,0.0,0.0,0.0,0.0,0.0,0.0,2.0,2.0,5.0,9.0,13.0,18.0,2,Industry,Thor,Targeted Therapy,2011,100.0,0.0,0.0,0.0,0.0
PMID 30262187 CT _Summary_SoE.pdf,control,0,0.0,2.0,5.0,9.0,13.0,18.0,1.0,0.0,0.0,0.0,0.0,0.0,0.0,0.0,0.0,0.0,0.0,0.0,0.0,0.0,0.0,0.0,0.0,0.0,1.0,2.0,5.0,9.0,13.0,18.0,2,Industry,Thor,Immunotherapy,2015,100.0,0.0,0.0,0.0,0.0
PMID 30262187 CT _Summary_SoE.pdf,intervention,0,0.0,3.0,7.0,13.0,20.0,27.0,1.0,0.0,0.0,0.0,0.0,0.0,0.0,0.0,0.0,0.0,0.0,0.0,0.0,0.0,0.0,0.0,0.0,0.0,1.0,3.0,7.0,13.0,20.0,27.0,2,Industry,Thor,Immunotherapy,2015,100.0,0.0,0.0,0.0,0.0
PMID 30280635 a_Summary_SoE.pdf,control,0,0.0,5.0,13.0,17.0,21.0,26.0,1.0,0.0,0.0,0.0,0.0,0.0,0.0,0.0,0.0,0.0,0.0,0.0,0.0,0.0,0.0,0.0,0.0,0.0,1.0,5.0,13.0,17.0,21.0,26.0,2,Industry,Thor,Immunotherapy,2016,100.0,0.0,0.0,0.0,0.0
PMID 30280635 a_Summary_SoE.pdf,intervention,0,0.0,5.0,13.0,17.0,21.0,26.0,1.0,0.0,0.0,0.0,0.0,0.0,0.0,0.0,0.0,0.0,0.0,0.0,0.0,0.0,0.0,0.0,0.0,0.0,1.0,5.0,13.0,17.0,21.0,26.0,2,Industry,Thor,Immunotherapy,2016,100.0,0.0,0.0,0.0,0.0
PMID 30280641 a_Summary_SoE.pdf,control,0,0.0,6.0,13.0,17.0,21.0,26.0,1.0,0.0,0.0,0.0,0.0,0.0,0.5,0.0,0.0,0.0,0.0,0.0,0.0,0.0,0.0,0.0,0.0,0.0,1.5,6.0,13.0,17.0,21.0,26.0,2,Industry,Thor,Immunotherapy,2016,100.0,0.0,0.0,0.0,0.0
PMID 30280641 a_Summary_SoE.pdf,intervention,0,0.0,6.0,13.0,17.0,21.0,26.0,1.0,0.0,0.0,0.0,0.0,0.0,0.5,0.0,0.0,0.0,0.0,0.0,0.0,0.0,0.0,0.0,0.0,0.0,1.5,6.0,13.0,17.0,21.0,26.0,2,Industry,Thor,Immunotherapy,2016,100.0,0.0,0.0,0.0,0.0
PMID 30280657 a_Summary_SoE.pdf,control,0,0.0,0.5,0.5,0.5,0.5,0.5,1.0,1.5,3.5,7.0,9.5,13.5,0.0,1.0,3.0,4.5,6.0,8.0,0.0,1.0,1.0,1.0,1.0,1.0,1.0,4.0,8.0,13.0,17.0,23.0,2,Industry,Thor,Targeted Therapy,2016,2.1739130434782608,58.69565217391305,34.78260869565217,4.3478260869565215,93.47826086956522
PMID 30280657 a_Summary_SoE.pdf,intervention,0,0.0,0.5,0.5,0.5,0.5,0.5,1.0,1.5,3.5,7.0,9.5,13.5,0.0,1.0,3.0,4.5,6.0,8.0,0.0,1.0,1.0,1.0,1.0,1.0,1.0,4.0,8.0,13.0,17.0,23.0,2,Industry,Thor,Targeted Therapy,2016,2.1739130434782608,58.69565217391305,34.78260869565217,4.3478260869565215,93.47826086956522
PMID 30287523 CT_Summary_SoE.pdf,control,0,0.0,5.0,9.0,12.0,12.0,12.0,1.0,0.0,0.0,0.0,0.0,0.5,0.0,0.0,0.0,0.0,1.0,2.5,0.0,0.0,0.0,0.0,0.0,0.0,1.0,5.0,9.0,12.0,13.0,15.0,2,Industry,Heme,Targeted Therapy,2013,80.0,3.3333333333333335,16.666666666666664,0.0,19.999999999999996
PMID 30287523 CT_Summary_SoE.pdf,intervention,0,0.0,1.5,1.5,1.5,1.5,1.5,1.0,0.0,0.5,1.5,1.5,2.0,0.0,1.5,4.0,6.0,7.0,8.5,0.0,0.0,0.0,0.0,0.0,0.0,1.0,3.0,6.0,9.0,10.0,12.0,2,Industry,Heme,Targeted Therapy,2013,12.5,16.666666666666664,70.83333333333334,0.0,87.5
PMID 30345884 a_Summary_SoE.pdf,control,0,0.0,1.0,1.0,1.0,1.0,1.0,1.0,0.0,2.0,3.0,4.0,5.0,2.0,4.0,4.0,6.0,8.0,11.0,0.0,0.0,0.0,0.0,0.0,0.0,3.0,5.0,7.0,10.0,13.0,17.0,2,Industry,GYN,Targeted Therapy,2013,5.88235294117647,29.411764705882355,64.70588235294117,0.0,94.11764705882354
PMID 30345884 a_Summary_SoE.pdf,intervention,0,0.0,1.0,1.0,1.0,1.0,1.0,1.0,0.0,2.0,3.0,4.0,5.0,2.0,4.0,4.0,6.0,8.0,11.0,0.0,0.0,0.0,0.0,0.0,0.0,3.0,5.0,7.0,10.0,13.0,17.0,2,Industry,GYN,Targeted Therapy,2013,5.88235294117647,29.411764705882355,64.70588235294117,0.0,94.11764705882354
PMID 30345906 a_Summary_SoE.pdf,control,0,0.0,4.0,10.0,20.0,30.0,40.0,1.0,0.0,0.0,0.0,0.0,0.0,0.5,0.0,0.0,0.0,0.0,0.0,0.0,0.0,0.0,0.0,0.0,0.0,1.5,4.0,10.0,20.0,30.0,40.0,2,Industry,Breast,Immunotherapy,2015,100.0,0.0,0.0,0.0,0.0
PMID 30345906 a_Summary_SoE.pdf,intervention,0,0.0,4.0,10.0,20.0,30.0,40.0,1.0,0.0,0.0,0.0,0.0,0.0,0.5,0.0,0.0,0.0,0.0,0.0,0.0,0.0,0.0,0.0,0.0,0.0,1.5,4.0,10.0,20.0,30.0,40.0,2,Industry,Breast,Immunotherapy,2015,100.0,0.0,0.0,0.0,0.0
PMID 30346481 CT_Summary_SoE.pdf,control,0,0.0,1.0,2.0,3.0,3.5,4.5,1.5,0.0,0.0,0.5,1.0,1.5,0.0,2.0,3.0,3.5,3.5,4.0,1.0,0.0,0.0,0.0,0.0,0.0,2.5,3.0,5.0,7.0,8.0,10.0,2,Industry,GU,Targeted Therapy,2012,45.0,15.0,40.0,0.0,55.0
PMID 30346481 CT_Summary_SoE.pdf,intervention,0,0.0,1.0,2.0,3.0,3.5,4.5,1.5,0.0,0.0,0.5,1.0,1.5,0.0,2.0,3.0,3.5,3.5,4.0,1.0,0.0,0.0,0.0,0.0,0.0,2.5,3.0,5.0,7.0,8.0,10.0,2,Industry,GU,Targeted Therapy,2012,45.0,15.0,40.0,0.0,55.0
PMID 30355453 CT_Summary_SoE.pdf,control,0,0.0,2.0,4.0,7.0,10.0,14.0,1.0,0.0,0.0,0.0,0.0,0.0,1.0,1.0,1.0,1.0,1.0,2.0,0.0,0.0,0.0,0.0,0.0,0.0,2.0,3.0,5.0,8.0,11.0,16.0,2,Industry,GI,Other,2016,87.5,0.0,12.5,0.0,12.5
PMID 30355453 CT_Summary_SoE.pdf,intervention,0,0.0,2.0,4.0,7.0,10.0,14.0,1.0,0.0,0.0,0.0,0.0,0.0,1.0,1.0,1.0,1.0,1.0,2.0,0.0,0.0,0.0,0.0,0.0,0.0,2.0,3.0,5.0,8.0,11.0,16.0,2,Industry,GI,Other,2016,87.5,0.0,12.5,0.0,12.5
PMID 30389036 CT_Summary_SoE.pdf,control,0,0.0,4.0,5.0,6.5,8.0,10.0,1.0,0.0,0.0,0.0,0.0,0.0,0.0,0.0,0.0,0.0,0.0,0.0,0.0,0.0,0.0,0.0,0.0,0.0,1.0,4.0,5.0,6.5,8.0,10.0,2,Industry,Heme,Targeted Therapy,2015,100.0,0.0,0.0,0.0,0.0
PMID 30389036 CT_Summary_SoE.pdf,intervention,0,0.0,4.0,5.0,6.5,8.0,10.0,1.0,0.0,0.0,0.0,0.0,0.0,0.0,0.0,0.0,0.0,0.0,0.0,0.0,0.0,0.0,0.0,0.0,0.0,1.0,4.0,5.0,6.5,8.0,10.0,2,Industry,Heme,Targeted Therapy,2015,100.0,0.0,0.0,0.0,0.0
PMID 30415629 a_Summary_SoE.pdf,control,0,0.0,0.0,0.0,0.0,0.0,0.0,0.0,0.0,0.0,0.0,0.0,0.0,1.0,0.0,0.0,0.0,0.0,0.0,0.0,0.0,0.0,0.0,0.0,0.0,1.0,0.0,0.0,0.0,0.0,0.0,2,Non-Industry,Other,Other,2010,0.0,0.0,0.0,0.0,0.0
PMID 30415629 a_Summary_SoE.pdf,intervention,0,0.0,0.0,0.0,0.0,0.0,0.0,0.0,0.0,0.0,0.0,0.0,0.0,1.0,0.0,0.0,0.0,0.0,0.0,0.0,0.0,0.0,0.0,0.0,0.0,1.0,0.0,0.0,0.0,0.0,0.0,2,Non-Industry,Other,Other,2010,0.0,0.0,0.0,0.0,0.0
PMID 30415629 a_Summary_SoE.pdf,intervention,1,0.0,0.0,0.0,0.0,0.0,0.0,0.0,0.0,0.0,0.0,0.0,0.0,1.0,0.0,0.0,0.0,0.0,0.0,0.0,0.0,0.0,0.0,0.0,0.0,1.0,0.0,0.0,0.0,0.0,0.0,2,Non-Industry,Other,Other,2010,0.0,0.0,0.0,0.0,0.0
PMID 30415629 a_Summary_SoE.pdf,intervention,2,0.0,0.0,0.0,0.0,0.0,0.0,0.0,0.0,0.0,0.0,0.0,0.0,1.0,0.0,0.0,0.0,0.0,0.0,0.0,0.0,0.0,0.0,0.0,0.0,1.0,0.0,0.0,0.0,0.0,0.0,2,Non-Industry,Other,Other,2010,0.0,0.0,0.0,0.0,0.0
PMID 30449625 CT_Summary_SoE.pdf,control,0,0.0,22.0,30.0,30.0,30.0,30.0,1.0,0.0,0.5,1.0,1.0,1.5,0.5,0.0,0.5,0.5,0.5,0.5,0.5,0.0,0.5,1.0,2.0,2.5,2.0,22.0,31.5,32.5,33.5,34.5,2,Non-Industry,GI,Targeted Therapy,2011,86.95652173913044,4.3478260869565215,1.4492753623188406,7.246376811594203,5.797101449275362
PMID 30449625 CT_Summary_SoE.pdf,intervention,0,0.0,18.0,32.0,32.0,32.0,32.0,1.0,0.0,0.5,1.0,1.0,1.5,0.5,0.0,0.5,0.5,0.5,0.5,0.5,0.0,0.5,1.0,2.0,2.5,2.0,18.0,33.5,34.5,35.5,36.5,2,Non-Industry,GI,Targeted Therapy,2011,87.67123287671232,4.10958904109589,1.36986301369863,6.8493150684931505,5.47945205479452
PMID 30501481 a_Summary_SoE.pdf,control,0,0.0,4.0,9.0,13.0,13.0,13.0,0.0,0.0,0.0,0.0,1.0,1.0,1.5,0.0,0.0,0.0,0.0,1.0,0.5,0.0,0.0,0.0,0.0,0.0,2.0,4.0,9.0,13.0,14.0,15.0,2,Industry,Heme,Targeted Therapy,2013,86.66666666666667,6.666666666666667,6.666666666666667,0.0,13.333333333333334
PMID 30501481 a_Summary_SoE.pdf,intervention,0,0.0,0.0,0.0,0.0,0.0,0.0,0.0,0.0,1.0,1.0,2.0,2.0,1.5,1.5,3.0,5.0,5.0,6.0,0.5,0.0,0.0,0.0,0.0,0.0,2.0,1.5,4.0,6.0,7.0,8.0,2,Industry,Heme,Targeted Therapy,2013,0.0,25.0,75.0,0.0,100.0
PMID 30501481 a_Summary_SoE.pdf,intervention,1,0.0,0.5,5.5,7.5,7.5,7.5,0.0,0.0,0.5,0.5,1.5,1.5,1.5,1.0,1.0,1.0,1.0,2.0,0.5,0.0,0.0,0.0,0.0,0.0,2.0,1.5,7.0,9.0,10.0,11.0,2,Industry,Heme,Targeted Therapy,2013,68.18181818181817,13.636363636363635,18.181818181818183,0.0,31.81818181818182
PMID 30509740 a_Summary_SoE.pdf,control,0,0.0,5.0,13.0,26.0,39.0,53.0,1.0,0.0,0.0,0.0,0.0,0.0,0.0,0.0,0.0,0.0,0.0,0.0,0.0,0.0,0.0,0.0,0.0,0.0,1.0,5.0,13.0,26.0,39.0,53.0,2,Industry,HN,Immunotherapy,2014,100.0,0.0,0.0,0.0,0.0
PMID 30509740 a_Summary_SoE.pdf,intervention,0,0.0,2.0,5.0,9.0,13.0,18.0,1.0,0.0,0.0,0.0,0.0,0.0,0.0,0.0,0.0,0.0,0.0,0.0,0.0,0.0,0.0,0.0,0.0,0.0,1.0,2.0,5.0,9.0,13.0,18.0,2,Industry,HN,Immunotherapy,2014,100.0,0.0,0.0,0.0,0.0
PMID 30516102 a_Summary_SoE.pdf,control,0,0.0,2.0,5.0,9.0,13.0,14.0,1.0,0.0,1.0,2.0,3.0,5.0,1.0,0.5,0.5,0.5,0.5,0.5,0.0,0.0,0.0,0.0,0.0,0.0,2.0,2.5,6.5,11.5,16.5,19.5,2,Industry,Breast,Targeted Therapy,2013,71.7948717948718,25.64102564102564,2.564102564102564,0.0,28.205128205128204
PMID 30516102 a_Summary_SoE.pdf,intervention,0,0.0,2.0,5.0,9.0,13.0,14.0,1.0,0.0,1.0,2.0,3.0,5.0,1.0,0.5,0.5,0.5,0.5,0.5,0.0,0.0,0.0,0.0,0.0,0.0,2.0,2.5,6.5,11.5,16.5,19.5,2,Industry,Breast,Targeted Therapy,2013,71.7948717948718,25.64102564102564,2.564102564102564,0.0,28.205128205128204
PMID 30522922 CT_Summary_SoE.pdf,control,0,0.0,2.0,5.0,8.0,8.0,8.0,1.5,0.0,1.0,2.0,3.0,4.0,0.5,2.0,2.0,3.0,3.0,3.0,0.0,0.0,0.0,0.0,0.0,0.0,2.0,4.0,8.0,13.0,14.0,15.0,2,Industry,Heme,Targeted Therapy,2013,53.333333333333336,26.666666666666668,20.0,0.0,46.66666666666667
PMID 30522922 CT_Summary_SoE.pdf,intervention,0,0.0,2.0,5.0,8.0,8.0,8.0,1.5,0.0,1.0,2.0,3.0,4.0,0.5,2.0,2.0,3.0,3.0,3.0,0.0,0.0,0.0,0.0,0.0,0.0,2.0,4.0,8.0,13.0,14.0,15.0,2,Industry,Heme,Targeted Therapy,2013,53.333333333333336,26.666666666666668,20.0,0.0,46.66666666666667
PMID 30522969 CT_Summary_SoE.pdf,control,0,0.0,5.0,8.0,11.5,11.5,11.5,1.0,0.0,0.0,0.0,0.5,1.0,1.0,0.0,1.0,2.5,2.5,2.5,0.0,0.0,0.0,0.5,1.0,1.5,2.0,5.0,9.0,14.5,15.5,16.5,2,Industry,Heme,Targeted Therapy,2014,69.6969696969697,6.0606060606060606,15.151515151515152,9.090909090909092,21.21212121212121
PMID 30522969 CT_Summary_SoE.pdf,intervention,0,0.0,5.0,7.0,9.0,9.0,9.0,1.0,0.0,0.0,0.0,1.0,1.5,1.0,0.0,1.0,3.0,4.0,5.5,0.0,0.0,0.0,0.5,1.5,3.5,2.0,5.0,8.0,12.5,15.5,19.5,2,Industry,Heme,Targeted Therapy,2014,46.15384615384615,7.6923076923076925,28.205128205128204,17.94871794871795,35.8974358974359
PMID 30545780 CT_Summary_SoE.pdf,control,0,0.0,4.0,7.0,10.0,13.0,17.0,1.0,0.0,0.0,0.0,0.0,0.0,0.0,0.0,0.0,0.0,0.0,0.0,0.0,0.0,0.0,0.0,0.0,0.0,1.0,4.0,7.0,10.0,13.0,17.0,2,Industry,Heme,Targeted Therapy,2014,100.0,0.0,0.0,0.0,0.0
PMID 30545780 CT_Summary_SoE.pdf,intervention,0,0.0,4.0,7.0,10.0,13.0,17.0,1.0,0.0,0.0,0.0,0.0,0.0,0.0,0.0,0.0,0.0,0.0,0.0,0.0,0.0,0.0,0.0,0.0,0.0,1.0,4.0,7.0,10.0,13.0,17.0,2,Industry,Heme,Targeted Therapy,2014,100.0,0.0,0.0,0.0,0.0
PMID 30575484 a_Summary_SoE.pdf,control,0,0.0,0.0,0.0,0.0,0.0,0.0,1.0,0.0,1.0,3.0,4.0,6.0,0.5,3.5,4.5,5.5,7.5,9.5,0.0,0.0,0.0,0.0,0.0,0.0,1.5,3.5,5.5,8.5,11.5,15.5,2,Non-Industry,Other,Targeted Therapy,2014,0.0,38.70967741935484,61.29032258064516,0.0,100.0
PMID 30575484 a_Summary_SoE.pdf,intervention,0,0.0,0.0,0.0,0.0,0.0,0.0,1.0,0.0,1.0,3.0,4.0,6.0,0.5,3.5,4.5,5.5,7.5,9.5,0.0,0.0,0.0,0.0,0.0,0.0,1.5,3.5,5.5,8.5,11.5,15.5,2,Non-Industry,Other,Targeted Therapy,2014,0.0,38.70967741935484,61.29032258064516,0.0,100.0
PMID 30653422 a_Summary_SoE.pdf,control,0,0.0,1.0,1.5,1.5,1.5,1.5,1.0,0.5,0.5,0.5,0.5,0.5,1.0,11.0,16.0,19.0,20.0,21.0,0.0,0.0,0.0,0.0,0.0,0.0,2.0,12.5,18.0,21.0,22.0,23.0,2,Industry,Heme,Targeted Therapy,2010,6.521739130434782,2.1739130434782608,91.30434782608695,0.0,93.47826086956522
PMID 30653422 a_Summary_SoE.pdf,intervention,0,0.0,1.0,2.0,10.5,10.5,10.5,1.0,0.5,0.5,0.5,0.5,0.5,1.0,11.0,15.5,17.0,20.0,21.0,0.0,0.0,0.0,0.0,0.0,0.0,2.0,12.5,18.0,28.0,31.0,32.0,2,Industry,Heme,Targeted Therapy,2010,32.8125,1.5625,65.625,0.0,67.1875
PMID 30653422 a_Summary_SoE.pdf,intervention,1,0.0,1.0,1.5,6.0,7.5,7.5,1.0,0.5,0.5,0.5,0.5,0.5,1.0,11.0,15.5,29.5,32.5,33.5,0.0,0.0,0.0,0.0,0.0,0.0,2.0,12.5,17.5,36.0,40.5,41.5,2,Industry,Heme,Targeted Therapy,2010,18.072289156626507,1.2048192771084338,80.72289156626506,0.0,81.92771084337349
PMID 30659987 CT_Summary_SoE.pdf,control,0,0.0,2.0,5.0,9.0,13.0,18.0,1.0,0.0,0.0,0.0,0.0,0.0,0.5,0.0,0.0,0.0,0.0,0.0,0.0,0.0,0.0,0.0,0.0,0.0,1.5,2.0,5.0,9.0,13.0,18.0,2,Industry,Thor,Immunotherapy,2015,100.0,0.0,0.0,0.0,0.0
PMID 30659987 CT_Summary_SoE.pdf,intervention,0,0.0,3.0,7.0,13.0,20.0,27.0,1.0,0.0,0.0,0.0,0.0,0.0,0.5,0.0,0.0,0.0,0.0,0.0,0.0,0.0,0.0,0.0,0.0,0.0,1.5,3.0,7.0,13.0,20.0,27.0,2,Industry,Thor,Immunotherapy,2015,100.0,0.0,0.0,0.0,0.0
PMID 30665869 CT_Summary_SoE.pdf,control,0,0.0,3.0,7.0,13.0,20.0,27.0,1.0,0.0,0.0,0.0,0.5,1.0,1.5,0.0,0.0,0.0,0.0,0.0,0.5,0.0,0.0,0.0,0.0,0.0,3.0,3.0,7.0,13.0,20.5,28.0,2,Industry,GI,Targeted Therapy,2015,96.42857142857143,3.571428571428571,0.0,0.0,3.571428571428571
PMID 30665869 CT_Summary_SoE.pdf,intervention,0,0.0,3.0,7.0,13.0,20.0,27.0,1.0,0.0,0.0,0.0,0.5,1.0,1.5,0.0,0.0,0.0,0.0,0.0,0.5,0.0,0.0,0.0,0.0,0.0,3.0,3.0,7.0,13.0,20.5,28.0,2,Industry,GI,Targeted Therapy,2015,96.42857142857143,3.571428571428571,0.0,0.0,3.571428571428571
PMID 30707661 a_Summary_SoE.pdf,control,0,0.0,5.0,12.0,23.0,34.0,46.0,1.0,0.0,0.5,1.5,2.5,3.0,0.5,0.0,0.0,0.0,0.0,0.0,0.0,0.0,0.0,0.0,0.0,0.0,1.5,5.0,12.5,24.5,36.5,49.0,2,Industry,Heme,Chemotherapy,2012,93.87755102040816,6.122448979591836,0.0,0.0,6.122448979591836
PMID 30707661 a_Summary_SoE.pdf,intervention,0,0.0,2.0,5.0,8.5,12.5,17.5,1.0,0.0,0.5,1.5,2.5,3.0,0.5,2.5,5.0,9.5,14.0,18.5,0.0,1.5,3.5,7.5,11.0,15.0,1.5,6.0,14.0,27.0,40.0,54.0,2,Industry,Heme,Chemotherapy,2012,32.407407407407405,5.555555555555555,34.25925925925926,27.77777777777778,39.81481481481482
PMID 30763142 a_Summary_SoE.pdf,control,0,0.0,2.0,2.0,3.0,4.0,5.0,1.0,1.0,1.0,1.0,1.0,1.0,0.0,0.0,0.0,0.0,0.0,0.0,0.0,0.0,0.0,0.0,0.0,0.0,1.0,3.0,3.0,4.0,5.0,6.0,2,Industry,GU,Endocrine,2014,83.33333333333334,16.666666666666664,0.0,0.0,16.666666666666664
PMID 30763142 a_Summary_SoE.pdf,intervention,0,0.0,2.0,2.0,3.0,4.0,5.0,1.0,1.0,1.0,1.0,1.0,1.0,0.0,0.0,0.0,0.0,0.0,0.0,0.0,0.0,0.0,0.0,0.0,0.0,1.0,3.0,3.0,4.0,5.0,6.0,2,Industry,GU,Endocrine,2014,83.33333333333334,16.666666666666664,0.0,0.0,16.666666666666664
PMID 30763730 CT_Summary_SoE.pdf,control,0,0.0,0.0,0.0,0.0,0.0,0.0,1.5,0.0,0.0,0.0,0.0,0.0,0.5,0.0,0.0,0.0,0.0,0.0,0.0,1.0,2.0,3.5,5.0,7.0,2.0,1.0,2.0,3.5,5.0,7.0,2,Industry,Thor,Other,2015,0.0,0.0,0.0,100.0,0.0
PMID 30763730 CT_Summary_SoE.pdf,intervention,0,0.0,3.0,7.0,13.0,20.0,27.0,1.5,0.0,0.0,0.0,0.0,0.0,0.5,0.0,0.0,0.0,0.0,0.0,0.0,0.0,0.0,0.0,0.0,0.0,2.0,3.0,7.0,13.0,20.0,27.0,2,Industry,Thor,Other,2015,100.0,0.0,0.0,0.0,0.0
PMID 30777794 a_Summary_SoE.pdf,control,0,25.0,2.0,5.0,9.0,13.0,18.0,1.0,0.0,0.0,0.5,0.5,1.0,1.0,0.5,1.0,1.5,2.5,3.0,0.5,0.0,0.0,0.0,0.0,0.0,27.5,2.5,6.0,11.0,16.0,22.0,2,Industry,Heme,Targeted Therapy,2012,81.81818181818183,4.545454545454546,13.636363636363635,0.0,18.18181818181818
PMID 30777794 a_Summary_SoE.pdf,intervention,0,25.0,4.5,12.0,23.5,35.5,45.0,1.0,0.0,0.0,0.0,0.0,0.0,1.0,0.0,0.0,0.0,0.0,0.0,0.5,0.0,0.0,0.0,0.0,0.0,27.5,4.5,12.0,23.5,35.5,45.0,2,Industry,Heme,Targeted Therapy,2012,100.0,0.0,0.0,0.0,0.0
PMID 30779529 a_Summary_SoE.pdf,control,0,0.0,1.0,3.0,5.0,7.0,9.0,1.0,0.5,0.5,0.5,0.5,0.5,0.5,0.5,1.0,2.0,2.0,2.0,0.0,1.0,1.5,2.5,2.5,2.5,1.5,3.0,6.0,10.0,12.0,14.0,2,Industry,GU,Immunotherapy,2016,64.28571428571429,3.571428571428571,14.285714285714285,17.857142857142858,17.857142857142854
PMID 30779529 a_Summary_SoE.pdf,intervention,0,0.0,2.0,5.0,9.0,13.0,18.0,1.0,0.0,0.0,0.0,0.0,0.0,0.5,0.5,0.5,0.5,0.5,0.5,0.0,0.5,0.5,0.5,0.5,0.5,1.5,3.0,6.0,10.0,14.0,19.0,2,Industry,GU,Immunotherapy,2016,94.73684210526315,0.0,2.631578947368421,2.631578947368421,2.631578947368421
PMID 30786186 a_Summary_SoE.pdf,control,0,0.0,1.0,2.0,3.0,3.0,3.0,1.0,0.0,0.0,1.0,1.0,1.0,0.0,0.0,0.0,0.0,0.0,0.0,0.0,0.0,0.0,0.0,0.0,0.0,1.0,1.0,2.0,4.0,4.0,4.0,2,Industry,Multiple,Other,2015,75.0,25.0,0.0,0.0,25.0
PMID 30786186 a_Summary_SoE.pdf,intervention,0,0.0,1.0,2.0,3.0,3.0,3.0,1.0,0.0,0.0,1.0,1.0,1.0,0.0,0.0,0.0,0.0,0.0,0.0,0.0,0.0,0.0,0.0,0.0,0.0,1.0,1.0,2.0,4.0,4.0,4.0,2,Industry,Multiple,Other,2015,75.0,25.0,0.0,0.0,25.0
PMID 30811280 a_Summary_SoE.pdf,control,0,0.0,2.0,4.0,7.0,10.0,14.0,1.0,0.0,1.0,2.0,4.0,6.0,0.0,0.0,0.0,0.0,0.0,0.0,0.5,0.0,0.0,0.0,0.0,0.0,1.5,2.0,5.0,9.0,14.0,20.0,2,Industry,Skin,Immunotherapy,2016,70.0,30.0,0.0,0.0,30.0
PMID 30811280 a_Summary_SoE.pdf,intervention,0,0.0,2.0,4.0,7.0,10.0,14.0,1.0,0.0,1.0,2.0,4.0,6.0,0.0,0.0,0.0,0.0,0.0,0.0,0.5,0.0,0.0,0.0,0.0,0.0,1.5,2.0,5.0,9.0,14.0,20.0,2,Industry,Skin,Immunotherapy,2016,70.0,30.0,0.0,0.0,30.0
PMID 30817251 CT_Summary_SoE.pdf,control,0,0.0,3.0,5.0,7.0,7.0,7.0,1.0,0.0,0.0,1.0,1.0,2.0,0.5,0.0,0.0,0.0,0.0,0.0,0.0,0.0,0.0,0.0,0.0,0.0,1.5,3.0,5.0,8.0,8.0,9.0,2,Industry,GU,Targeted Therapy,2011,77.77777777777779,22.22222222222222,0.0,0.0,22.22222222222222
PMID 30817251 CT_Summary_SoE.pdf,intervention,0,0.0,3.0,5.0,7.0,7.0,7.0,1.0,0.0,0.0,1.0,1.0,2.0,0.5,0.0,0.0,0.0,0.0,0.0,0.0,0.0,0.0,0.0,0.0,0.0,1.5,3.0,5.0,8.0,8.0,9.0,2,Industry,GU,Targeted Therapy,2011,77.77777777777779,22.22222222222222,0.0,0.0,22.22222222222222
PMID 30817251 CT_Summary_SoE.pdf,intervention,1,0.0,3.0,5.0,7.0,7.0,7.0,1.0,0.0,0.0,1.0,1.0,2.0,0.5,0.0,0.0,0.0,0.0,0.0,0.0,0.0,0.0,0.0,0.0,0.0,1.5,3.0,5.0,8.0,8.0,9.0,2,Industry,GU,Targeted Therapy,2011,77.77777777777779,22.22222222222222,0.0,0.0,22.22222222222222
PMID 30819926 a_Summary_SoE.pdf,control,0,0.0,4.0,9.0,17.0,21.0,26.0,1.0,0.0,0.0,0.0,0.0,0.0,1.0,0.0,0.0,0.0,0.0,0.0,0.0,0.0,0.0,0.0,0.0,0.0,2.0,4.0,9.0,17.0,21.0,26.0,2,Industry,Heme,Targeted Therapy,2013,100.0,0.0,0.0,0.0,0.0
PMID 30819926 a_Summary_SoE.pdf,intervention,0,0.0,4.0,9.0,18.0,26.0,36.0,1.0,0.0,0.0,0.0,0.0,0.0,1.0,0.0,0.0,0.0,0.0,0.0,0.0,0.0,0.0,0.0,0.0,0.0,2.0,4.0,9.0,18.0,26.0,36.0,2,Industry,Heme,Targeted Therapy,2013,100.0,0.0,0.0,0.0,0.0
PMID 30897038 a_Summary_SoE.pdf,control,0,0.0,4.5,7.0,10.0,13.0,15.0,1.0,0.0,0.0,0.0,0.0,0.0,0.5,0.0,2.0,3.0,3.0,3.5,0.0,0.0,0.0,0.0,0.0,0.5,1.5,4.5,9.0,13.0,16.0,19.0,2,Industry,Heme,Targeted Therapy,2013,78.94736842105263,0.0,18.421052631578945,2.631578947368421,18.421052631578945
PMID 30897038 a_Summary_SoE.pdf,intervention,0,0.0,4.5,7.0,10.0,13.0,15.0,1.0,0.0,0.0,0.0,0.0,0.0,0.5,0.0,2.0,3.0,3.0,3.5,0.0,0.0,0.0,0.0,0.0,0.5,1.5,4.5,9.0,13.0,16.0,19.0,2,Industry,Heme,Targeted Therapy,2013,78.94736842105263,0.0,18.421052631578945,2.631578947368421,18.421052631578945
PMID 30901302 a_Summary_SoE.pdf,control,0,0.5,2.0,5.0,8.0,8.0,8.0,1.0,0.0,0.5,1.0,1.5,2.5,0.5,3.0,8.0,16.5,17.0,17.0,0.0,0.0,0.0,0.0,0.0,0.0,2.0,5.0,13.5,25.5,26.5,27.5,2,Industry,Heme,Targeted Therapy,2013,29.09090909090909,9.090909090909092,61.81818181818181,0.0,70.9090909090909
PMID 30901302 a_Summary_SoE.pdf,intervention,0,0.5,2.0,5.0,8.0,8.0,8.0,1.0,0.0,0.5,1.0,1.5,2.5,0.5,3.0,8.0,16.5,17.0,17.0,0.0,0.0,0.0,0.0,0.0,0.0,2.0,5.0,13.5,25.5,26.5,27.5,2,Industry,Heme,Targeted Therapy,2013,29.09090909090909,9.090909090909092,61.81818181818181,0.0,70.9090909090909
PMID 30939090 a_Summary_SoE.pdf,control,0,0.0,2.0,5.0,6.0,6.0,6.0,1.0,0.0,1.0,2.0,2.0,2.0,0.0,0.0,0.0,0.0,0.0,0.0,1.0,0.0,0.0,1.0,2.0,3.0,2.0,2.0,6.0,9.0,10.0,11.0,1,Non-Industry,Heme,Targeted Therapy,2005,54.54545454545454,18.181818181818183,0.0,27.27272727272727,18.181818181818183
PMID 30939090 a_Summary_SoE.pdf,intervention,0,0.5,2.0,5.0,6.0,6.0,6.0,1.0,0.0,1.0,2.0,2.0,2.0,0.0,3.5,10.5,15.0,15.0,15.0,0.5,0.0,0.0,0.5,1.5,2.5,2.0,5.5,16.5,23.5,24.5,25.5,2,Non-Industry,Heme,Targeted Therapy,2005,23.52941176470588,7.8431372549019605,58.82352941176471,9.803921568627452,66.66666666666667
PMID 30939090 a_Summary_SoE.pdf,intervention,1,1.0,2.0,5.0,6.0,6.0,6.0,1.0,0.0,1.0,2.0,2.0,2.0,0.0,7.0,21.0,30.0,30.0,30.0,0.0,0.0,0.0,0.0,1.0,2.0,2.0,9.0,27.0,38.0,39.0,40.0,1,Non-Industry,Heme,Targeted Therapy,2005,15.0,5.0,75.0,5.0,80.0
PMID 30955977 a_Summary_SoE.pdf,control,0,0.0,2.0,5.0,9.0,13.0,18.0,1.0,0.0,0.0,0.0,0.0,0.0,0.0,0.0,0.0,0.0,0.0,0.0,0.0,0.0,0.0,0.0,0.0,0.0,1.0,2.0,5.0,9.0,13.0,18.0,2,Industry,Thor,Immunotherapy,2014,100.0,0.0,0.0,0.0,0.0
PMID 30955977 a_Summary_SoE.pdf,intervention,0,0.0,2.0,5.0,9.0,13.0,18.0,1.0,0.0,0.0,0.0,0.0,0.0,0.0,0.0,0.0,0.0,0.0,0.0,0.0,0.0,0.0,0.0,0.0,0.0,1.0,2.0,5.0,9.0,13.0,18.0,2,Industry,Thor,Immunotherapy,2014,100.0,0.0,0.0,0.0,0.0
PMID 30990550 a_Summary_SoE.pdf,control,0,0.0,3.5,3.5,3.5,3.5,3.5,0.0,0.0,0.0,0.0,0.0,0.0,1.0,0.0,0.0,0.0,0.0,0.0,0.0,0.5,0.5,0.5,0.5,0.5,1.0,4.0,4.0,4.0,4.0,4.0,2,Non-Industry,HN,Other,2014,87.5,0.0,0.0,12.5,0.0
PMID 30990550 a_Summary_SoE.pdf,intervention,0,0.0,3.5,3.5,3.5,3.5,3.5,0.0,0.0,0.0,0.0,0.0,0.0,1.0,0.0,0.0,0.0,0.0,0.0,0.0,0.5,0.5,0.5,0.5,0.5,1.0,4.0,4.0,4.0,4.0,4.0,2,Non-Industry,HN,Other,2014,87.5,0.0,0.0,12.5,0.0
PMID 30990550 a_Summary_SoE.pdf,intervention,1,0.0,3.5,3.5,3.5,3.5,3.5,0.0,0.0,0.0,0.0,0.0,0.0,1.0,0.0,0.0,0.0,0.0,0.0,0.0,0.5,0.5,0.5,0.5,0.5,1.0,4.0,4.0,4.0,4.0,4.0,2,Non-Industry,HN,Other,2014,87.5,0.0,0.0,12.5,0.0
PMID 30995174 a_Summary_SoE.pdf,control,0,0.0,21.0,28.0,28.0,28.0,28.0,1.0,0.0,0.5,1.0,1.5,2.0,0.5,0.0,0.5,1.0,1.5,2.0,0.5,0.0,0.0,0.0,0.0,0.0,2.0,21.0,29.0,30.0,31.0,32.0,2,Non-Industry,GYN,Chemotherapy,2009,87.5,6.25,6.25,0.0,12.5
PMID 30995174 a_Summary_SoE.pdf,intervention,0,0.0,4.0,6.0,6.0,6.0,6.0,1.0,0.0,0.5,1.0,1.5,2.0,0.5,2.0,6.5,7.0,7.5,8.0,0.5,0.0,0.0,0.0,0.0,0.0,2.0,6.0,13.0,14.0,15.0,16.0,2,Non-Industry,GYN,Chemotherapy,2009,37.5,12.5,50.0,0.0,62.5
PMID 30995176 CT a_Summary_SoE.pdf,control,0,0.0,3.0,5.5,8.5,8.5,8.5,1.0,0.0,0.0,0.0,1.0,2.0,0.0,0.0,1.5,1.5,2.5,3.5,0.0,0.0,0.0,0.0,0.0,0.0,1.0,3.0,7.0,10.0,12.0,14.0,2,Industry,Heme,Targeted Therapy,2012,60.71428571428571,14.285714285714285,25.0,0.0,39.285714285714285
PMID 30995176 CT a_Summary_SoE.pdf,intervention,0,0.0,3.0,5.5,8.5,8.5,8.5,1.0,0.0,0.0,0.0,1.0,2.0,0.0,0.0,1.5,1.5,2.5,3.5,0.0,0.0,0.0,0.0,0.0,0.0,1.0,3.0,7.0,10.0,12.0,14.0,2,Industry,Heme,Targeted Therapy,2012,60.71428571428571,14.285714285714285,25.0,0.0,39.285714285714285
PMID 31002578 a_Summary_SoE.pdf,control,0,0.0,5.0,13.0,21.0,25.0,30.0,1.0,0.0,0.0,0.0,0.0,0.0,1.0,0.0,0.0,0.0,0.0,0.0,0.0,0.0,0.0,0.0,0.0,0.0,2.0,5.0,13.0,21.0,25.0,30.0,2,Industry,GYN,Targeted Therapy,2009,100.0,0.0,0.0,0.0,0.0
PMID 31002578 a_Summary_SoE.pdf,intervention,0,0.0,5.0,13.0,21.0,25.0,30.0,1.0,0.0,0.0,0.0,0.0,0.0,1.0,0.0,0.0,0.0,0.0,0.0,0.0,0.0,0.0,0.0,0.0,0.0,2.0,5.0,13.0,21.0,25.0,30.0,2,Industry,GYN,Targeted Therapy,2009,100.0,0.0,0.0,0.0,0.0
PMID 31002578 a_Summary_SoE.pdf,intervention,1,0.0,6.0,14.0,21.0,25.0,30.0,1.0,0.0,0.0,0.0,0.0,0.0,1.0,0.5,2.0,3.0,3.0,3.0,0.0,0.0,0.0,0.0,0.0,0.0,2.0,6.5,16.0,24.0,28.0,33.0,2,Industry,GYN,Targeted Therapy,2009,90.9090909090909,0.0,9.090909090909092,0.0,9.090909090909092
PMID 31003911 CT_Summary_SoE.pdf,control,0,0.0,1.0,2.0,3.5,5.0,7.0,1.0,0.0,0.0,0.0,0.0,0.0,0.5,3.0,5.5,7.0,8.5,10.5,0.0,1.0,1.5,1.5,1.5,1.5,1.5,5.0,9.0,12.0,15.0,19.0,2,Industry,GI,Immunotherapy,2016,36.84210526315789,0.0,55.26315789473685,7.894736842105263,55.26315789473685
PMID 31003911 CT_Summary_SoE.pdf,intervention,0,0.0,2.0,5.0,9.0,13.0,18.0,1.0,0.0,0.0,0.0,0.0,0.0,0.5,1.0,1.0,1.0,1.0,1.0,0.0,0.0,0.0,0.0,0.0,0.0,1.5,3.0,6.0,10.0,14.0,19.0,2,Industry,GI,Immunotherapy,2016,94.73684210526315,0.0,5.263157894736842,0.0,5.263157894736842
PMID 31003911 CT_Summary_SoE.pdf,intervention,1,0.0,3.0,7.0,13.0,19.5,27.0,1.0,0.0,0.0,0.0,0.0,0.0,0.5,0.0,0.0,0.0,0.0,0.0,0.0,0.0,0.0,0.0,0.0,0.0,1.5,3.0,7.0,13.0,19.5,27.0,2,Industry,GI,Immunotherapy,2016,100.0,0.0,0.0,0.0,0.0
PMID 31070709 CT_Summary_SoE.pdf,control,0,0.0,1.5,2.5,4.0,4.5,5.5,1.0,0.0,0.5,1.5,2.0,3.0,0.0,1.5,2.0,2.5,2.5,2.5,0.0,0.0,0.0,0.0,0.0,0.0,1.0,3.0,5.0,8.0,9.0,11.0,2,Industry,Thor,Targeted Therapy,2016,50.0,27.27272727272727,22.727272727272727,0.0,50.0
PMID 31070709 CT_Summary_SoE.pdf,intervention,0,0.0,1.5,2.5,4.0,4.5,5.5,1.0,0.0,0.5,1.5,2.0,3.0,0.0,1.5,2.0,2.5,2.5,2.5,0.0,0.0,0.0,0.0,0.0,0.0,1.0,3.0,5.0,8.0,9.0,11.0,2,Industry,Thor,Targeted Therapy,2016,50.0,27.27272727272727,22.727272727272727,0.0,50.0
PMID 31079938 CT_Summary_SoE.pdf,control,0,0.0,1.0,3.0,5.0,7.0,9.0,1.0,1.0,1.0,1.0,1.0,1.0,1.0,0.0,1.0,3.0,5.0,8.0,0.0,0.0,0.0,0.0,0.0,0.0,2.0,2.0,5.0,9.0,13.0,18.0,2,Industry,GU,Immunotherapy,2015,50.0,5.555555555555555,44.44444444444444,0.0,50.0
PMID 31079938 CT_Summary_SoE.pdf,intervention,0,0.0,2.0,5.0,9.0,13.0,18.0,1.0,0.0,0.0,0.0,0.0,0.0,1.0,0.0,0.0,0.0,0.0,0.0,0.0,0.0,0.0,0.0,0.0,0.0,2.0,2.0,5.0,9.0,13.0,18.0,2,Industry,GU,Immunotherapy,2015,100.0,0.0,0.0,0.0,0.0
PMID 31091374 a_Summary_SoE.pdf,control,0,0.0,3.0,5.0,8.0,11.0,15.0,1.0,0.0,0.0,0.0,0.0,0.0,0.5,0.5,1.5,1.5,1.5,1.5,0.5,0.5,0.5,0.5,0.5,0.5,2.0,4.0,7.0,10.0,13.0,17.0,2,Industry,Breast,Targeted Therapy,2015,88.23529411764706,0.0,8.823529411764707,2.941176470588235,8.823529411764707
PMID 31091374 a_Summary_SoE.pdf,intervention,0,0.0,3.0,5.0,8.0,11.0,15.0,1.0,0.0,0.0,0.0,0.0,0.0,0.5,0.5,1.5,1.5,1.5,1.5,0.5,0.5,0.5,0.5,0.5,0.5,2.0,4.0,7.0,10.0,13.0,17.0,2,Industry,Breast,Targeted Therapy,2015,88.23529411764706,0.0,8.823529411764707,2.941176470588235,8.823529411764707
PMID 31097405 a_Summary_SoE.pdf,control,0,0.0,7.0,18.0,34.0,42.0,52.0,1.5,0.0,0.0,0.0,0.0,0.0,0.5,0.0,0.0,0.0,0.0,0.0,0.0,0.0,0.0,0.0,0.0,0.0,2.0,7.0,18.0,34.0,42.0,52.0,2,Industry,Heme,Targeted Therapy,2013,100.0,0.0,0.0,0.0,0.0
PMID 31097405 a_Summary_SoE.pdf,intervention,0,0.0,7.0,18.0,34.0,42.0,52.0,1.5,0.0,0.0,0.0,0.0,0.0,0.5,0.0,0.0,0.0,0.0,0.0,0.0,0.0,0.0,0.0,0.0,0.0,2.0,7.0,18.0,34.0,42.0,52.0,2,Industry,Heme,Targeted Therapy,2013,100.0,0.0,0.0,0.0,0.0
PMID 31122901 CT_Summary_SoE.pdf,control,0,0.0,5.0,13.0,19.0,23.0,28.0,1.0,0.0,0.0,0.0,0.0,0.0,1.0,0.0,0.0,0.0,0.0,0.0,0.0,0.0,0.0,0.0,0.0,0.0,2.0,5.0,13.0,19.0,23.0,28.0,2,Industry,Thor,Immunotherapy,2015,100.0,0.0,0.0,0.0,0.0
PMID 31122901 CT_Summary_SoE.pdf,intervention,0,0.0,5.0,13.0,19.0,23.0,28.0,1.0,0.0,0.0,0.0,0.0,0.0,1.0,0.0,0.0,0.0,0.0,0.0,0.0,0.0,0.0,0.0,0.0,0.0,2.0,5.0,13.0,19.0,23.0,28.0,2,Industry,Thor,Immunotherapy,2015,100.0,0.0,0.0,0.0,0.0
PMID 31141632 a_Summary_SoE.pdf,control,0,0.0,1.0,2.0,3.5,5.0,7.0,1.0,0.0,0.5,1.0,1.0,1.0,0.0,4.0,8.5,12.5,14.0,16.0,0.0,0.0,0.0,0.0,0.0,0.0,1.0,5.0,11.0,17.0,20.0,24.0,2,Industry,Heme,Targeted Therapy,2015,29.166666666666668,4.166666666666666,66.66666666666666,0.0,70.83333333333333
PMID 31141632 a_Summary_SoE.pdf,intervention,0,0.0,5.0,11.0,17.0,20.0,24.0,1.0,0.0,0.0,0.0,0.0,0.0,0.0,0.0,0.0,0.0,0.0,0.0,0.0,0.0,0.0,0.0,0.0,0.0,1.0,5.0,11.0,17.0,20.0,24.0,2,Industry,Heme,Targeted Therapy,2015,100.0,0.0,0.0,0.0,0.0
PMID 31150574 a_Summary_SoE.pdf,control,0,0.0,2.0,4.0,7.0,10.0,13.0,1.5,0.0,0.0,0.0,0.0,0.0,0.5,0.0,0.0,0.0,0.0,0.0,0.0,0.0,0.0,0.0,0.0,0.0,2.0,2.0,4.0,7.0,10.0,13.0,2,Industry,GU,Endocrine,2015,100.0,0.0,0.0,0.0,0.0
PMID 31150574 a_Summary_SoE.pdf,intervention,0,0.0,2.0,4.0,7.0,10.0,13.0,1.5,0.0,0.0,0.0,0.0,0.0,0.5,0.0,0.0,0.0,0.0,0.0,0.0,0.0,0.0,0.0,0.0,0.0,2.0,2.0,4.0,7.0,10.0,13.0,2,Industry,GU,Endocrine,2015,100.0,0.0,0.0,0.0,0.0
PMID 31157963 a_Summary_SoE.pdf,control,0,0.0,3.5,5.5,8.5,11.5,15.5,1.0,0.0,0.0,0.0,0.0,0.0,1.0,1.5,1.5,1.5,1.5,1.5,0.0,0.0,0.0,0.0,0.0,0.0,2.0,5.0,7.0,10.0,13.0,17.0,2,Industry,GI,Targeted Therapy,2014,91.17647058823529,0.0,8.823529411764707,0.0,8.823529411764707
PMID 31157963 a_Summary_SoE.pdf,intervention,0,0.0,3.5,5.5,8.5,11.5,15.5,1.0,0.0,0.0,0.0,0.0,0.0,1.0,1.5,1.5,1.5,1.5,1.5,0.0,0.0,0.0,0.0,0.0,0.0,2.0,5.0,7.0,10.0,13.0,17.0,2,Industry,GI,Targeted Therapy,2014,91.17647058823529,0.0,8.823529411764707,0.0,8.823529411764707
PMID 31166681 a_Summary_SoE.pdf,control,0,0.0,4.0,8.5,14.5,20.5,26.0,1.0,0.0,0.0,0.0,0.0,0.0,0.0,0.0,0.0,0.0,0.0,0.5,0.5,0.0,0.0,0.0,0.0,0.5,1.5,4.0,8.5,14.5,20.5,27.0,2,Industry,Heme,Targeted Therapy,2014,96.29629629629629,0.0,1.8518518518518516,1.8518518518518516,1.8518518518518516
PMID 31166681 a_Summary_SoE.pdf,intervention,0,0.0,4.5,8.5,11.5,14.5,17.0,1.0,0.0,0.0,0.0,0.0,0.0,0.0,1.0,5.0,6.5,6.5,7.0,0.5,0.0,0.0,0.0,0.0,0.5,1.5,5.5,13.5,18.0,21.0,24.5,2,Industry,Heme,Targeted Therapy,2014,69.38775510204081,0.0,28.57142857142857,2.0408163265306123,28.57142857142857
PMID 31175001 CT_Summary_SoE.pdf,control,0,0.0,11.5,34.5,68.0,99.5,131.0,1.0,1.0,2.0,2.0,2.0,2.0,0.0,0.0,0.0,0.0,0.0,0.0,0.0,0.0,0.0,0.0,0.0,0.0,1.0,12.5,36.5,70.0,101.5,133.0,2,Industry,Heme,Targeted Therapy,2014,98.49624060150376,1.5037593984962405,0.0,0.0,1.5037593984962405
PMID 31175001 CT_Summary_SoE.pdf,intervention,0,0.0,6.0,7.0,7.0,7.0,7.0,1.0,0.0,1.5,4.5,7.5,11.5,0.0,0.0,0.0,0.0,0.0,0.0,0.0,0.0,0.5,0.5,0.5,0.5,1.0,6.0,9.0,12.0,15.0,19.0,2,Industry,Heme,Targeted Therapy,2014,36.84210526315789,60.526315789473685,0.0,2.631578947368421,60.526315789473685
PMID 31189035 a_Summary_SoE.pdf,control,0,0.0,2.0,5.0,6.0,6.0,6.0,1.0,0.0,0.0,0.5,0.5,1.5,0.5,0.0,0.0,0.0,0.0,0.0,0.0,0.0,0.0,0.0,1.0,1.0,1.5,2.0,5.0,6.5,7.5,8.5,2,Non-Industry,GYN,Chemotherapy,2009,70.58823529411765,17.647058823529413,0.0,11.76470588235294,17.647058823529413
PMID 31189035 a_Summary_SoE.pdf,intervention,0,0.0,21.0,25.5,29.5,29.5,29.5,1.0,0.0,0.0,0.5,0.5,1.5,0.5,0.0,0.5,0.5,0.5,0.5,0.0,0.0,0.0,0.0,1.0,1.0,1.5,21.0,26.0,30.5,31.5,32.5,2,Non-Industry,GYN,Chemotherapy,2009,90.76923076923077,4.615384615384616,1.5384615384615385,3.076923076923077,6.153846153846154
PMID 31194247 a_Summary_SoE.pdf,control,0,0.0,1.5,2.5,4.0,5.5,7.5,1.0,0.5,0.5,1.0,1.5,2.0,0.0,2.0,3.0,4.0,5.0,6.5,0.0,0.0,0.0,0.0,0.0,0.0,1.0,4.0,6.0,9.0,12.0,16.0,2,Industry,HN,Targeted Therapy,2011,46.875,12.5,40.625,0.0,53.125
PMID 31194247 a_Summary_SoE.pdf,intervention,0,0.0,1.5,2.5,4.0,5.5,7.5,1.0,0.5,0.5,1.0,1.5,2.0,0.0,2.0,3.0,4.0,5.0,6.5,0.0,0.0,0.0,0.0,0.0,0.0,1.0,4.0,6.0,9.0,12.0,16.0,2,Industry,HN,Targeted Therapy,2011,46.875,12.5,40.625,0.0,53.125
PMID 31221619 a_Summary_SoE.pdf,control,0,0.0,2.0,5.0,9.0,13.0,18.0,1.0,0.0,0.0,0.0,0.0,0.0,0.0,0.0,0.0,0.0,0.0,0.0,0.0,0.0,0.0,0.0,0.0,0.0,1.0,2.0,5.0,9.0,13.0,18.0,2,Industry,Skin,Immunotherapy,2016,100.0,0.0,0.0,0.0,0.0
PMID 31221619 a_Summary_SoE.pdf,intervention,0,0.0,2.0,5.0,9.0,13.0,18.0,1.0,0.0,0.0,0.0,0.0,0.0,0.0,0.0,0.0,0.0,0.0,0.0,0.0,0.0,0.0,0.0,0.0,0.0,1.0,2.0,5.0,9.0,13.0,18.0,2,Industry,Skin,Immunotherapy,2016,100.0,0.0,0.0,0.0,0.0
PMID 31240472 CT_Summary_SoE.pdf,control,0,0.0,5.0,13.0,26.0,39.0,53.0,2.0,0.0,0.0,0.0,0.0,0.0,0.5,0.0,0.0,0.0,0.0,0.0,0.0,0.0,0.0,0.0,0.0,0.0,2.5,5.0,13.0,26.0,39.0,53.0,2,Industry,Heme,Other,2010,100.0,0.0,0.0,0.0,0.0
PMID 31240472 CT_Summary_SoE.pdf,intervention,0,0.0,5.0,13.0,26.0,39.0,53.0,2.0,0.0,0.0,0.0,0.0,0.0,0.5,0.0,0.0,0.0,0.0,0.0,0.0,0.0,0.0,0.0,0.0,0.0,2.5,5.0,13.0,26.0,39.0,53.0,2,Industry,Heme,Other,2010,100.0,0.0,0.0,0.0,0.0
PMID 31246522 CT_Summary_SoE.pdf,control,0,0.0,7.0,20.0,29.5,29.5,29.5,1.0,0.5,0.5,1.5,2.0,2.0,0.0,1.5,1.5,3.0,3.5,4.0,0.5,0.0,0.0,0.0,0.0,0.0,1.5,9.0,22.0,34.0,35.0,35.5,2,Industry,Heme,Chemotherapy,2008,83.09859154929578,5.633802816901409,11.267605633802818,0.0,16.901408450704228
PMID 31246522 CT_Summary_SoE.pdf,intervention,0,0.0,6.0,19.0,28.5,28.5,28.5,1.0,0.5,0.5,1.5,2.0,2.0,0.0,1.5,1.5,3.0,3.5,4.0,0.5,0.0,0.0,0.0,0.0,0.0,1.5,8.0,21.0,33.0,34.0,34.5,2,Industry,Heme,Chemotherapy,2008,82.6086956521739,5.797101449275362,11.594202898550725,0.0,17.391304347826086
PMID 31248843 CT_Summary_SoE.pdf,control,0,0.0,4.0,4.0,4.0,4.0,4.0,1.0,0.0,0.5,1.0,1.0,2.0,0.5,12.5,33.5,46.0,46.0,46.0,0.5,0.0,0.0,0.0,2.5,5.5,2.0,16.5,38.0,51.0,53.5,57.5,2,Non-Industry,Heme,Chemotherapy,2010,6.956521739130435,3.4782608695652173,80.0,9.565217391304348,83.47826086956522
PMID 31248843 CT_Summary_SoE.pdf,intervention,0,0.0,4.0,4.0,4.0,4.0,4.0,1.0,0.0,0.5,1.0,1.0,2.0,0.5,12.5,33.5,46.0,46.0,46.0,0.5,0.0,0.0,0.0,2.5,5.5,2.0,16.5,38.0,51.0,53.5,57.5,2,Non-Industry,Heme,Chemotherapy,2010,6.956521739130435,3.4782608695652173,80.0,9.565217391304348,83.47826086956522
PMID 31327687 CT_Summary_SoE.pdf,control,0,0.0,1.0,2.0,3.5,5.0,7.0,1.0,0.0,0.0,0.0,0.0,0.0,0.0,1.0,2.0,3.5,5.0,7.0,0.0,0.0,0.0,0.0,0.0,0.0,1.0,2.0,4.0,7.0,10.0,14.0,2,Industry,Heme,Immunotherapy,2015,50.0,0.0,50.0,0.0,50.0
PMID 31327687 CT_Summary_SoE.pdf,intervention,0,0.0,2.5,6.0,11.0,16.0,22.5,1.0,0.0,0.0,0.0,0.0,0.0,0.0,0.5,1.0,2.0,3.0,4.5,0.0,0.0,0.0,0.0,0.0,0.0,1.0,3.0,7.0,13.0,19.0,27.0,2,Industry,Heme,Immunotherapy,2015,83.33333333333334,0.0,16.666666666666664,0.0,16.666666666666664
PMID 31327689 a_Summary_SoE.pdf,control,0,0.0,0.0,0.0,0.0,0.0,0.0,1.5,0.0,0.0,0.0,0.0,0.0,0.5,2.0,4.0,7.0,10.0,14.0,0.0,0.0,0.0,0.0,0.0,0.0,2.0,2.0,4.0,7.0,10.0,14.0,2,Industry,Heme,Immunotherapy,2015,0.0,0.0,100.0,0.0,100.0
PMID 31327689 a_Summary_SoE.pdf,intervention,0,0.0,2.0,5.0,9.0,13.0,18.0,1.5,0.0,0.0,0.0,0.0,0.0,0.5,0.5,1.0,2.0,3.0,4.5,0.0,1.5,4.0,8.5,13.0,17.5,2.0,4.0,10.0,19.5,29.0,40.0,2,Industry,Heme,Immunotherapy,2015,45.0,0.0,11.25,43.75,11.25
PMID 31329516 a_Summary_SoE.pdf,control,0,0.0,2.0,3.0,4.0,5.0,6.0,1.0,0.0,0.0,0.0,0.0,0.0,0.0,0.0,0.0,0.0,0.0,0.0,0.0,0.0,0.0,0.0,0.0,0.0,1.0,2.0,3.0,4.0,5.0,6.0,2,Industry,GU,Endocrine,2016,100.0,0.0,0.0,0.0,0.0
PMID 31329516 a_Summary_SoE.pdf,intervention,0,0.0,2.0,3.0,4.0,5.0,6.0,1.0,0.0,0.0,0.0,0.0,0.0,0.0,0.0,0.0,0.0,0.0,0.0,0.0,0.0,0.0,0.0,0.0,0.0,1.0,2.0,3.0,4.0,5.0,6.0,2,Industry,GU,Endocrine,2016,100.0,0.0,0.0,0.0,0.0
PMID 31338773 CT_Summary_SoE.pdf,control,0,0.0,2.0,5.0,9.0,13.0,18.0,1.0,0.0,0.0,0.0,0.0,0.0,0.5,0.0,0.0,0.0,0.0,0.0,0.0,0.0,0.0,0.0,0.0,0.0,1.5,2.0,5.0,9.0,13.0,18.0,2,Industry,Thor,Targeted Therapy,2015,100.0,0.0,0.0,0.0,0.0
PMID 31338773 CT_Summary_SoE.pdf,intervention,0,0.0,2.0,5.0,9.0,13.0,18.0,1.0,0.0,0.0,0.0,0.0,0.0,0.5,0.0,0.0,0.0,0.0,0.0,0.0,0.0,0.0,0.0,0.0,0.0,1.5,2.0,5.0,9.0,13.0,18.0,2,Industry,Thor,Targeted Therapy,2015,100.0,0.0,0.0,0.0,0.0
PMID 31345387 CT_Summary_SoE.pdf,control,0,0.0,5.0,20.0,42.5,42.5,42.5,1.0,0.0,1.0,1.0,2.0,2.0,1.5,4.0,6.5,6.5,7.5,8.0,0.0,0.0,0.0,0.5,0.5,1.0,2.5,9.0,27.5,50.5,52.5,53.5,2,Non-Industry,HN,Chemotherapy,2012,79.43925233644859,3.7383177570093453,14.953271028037381,1.8691588785046727,18.691588785046726
PMID 31345387 CT_Summary_SoE.pdf,control,1,0.0,2.0,18.0,38.0,38.0,38.0,1.0,0.0,1.0,1.0,2.0,2.0,2.0,4.0,7.0,7.0,7.0,8.0,0.0,0.0,0.0,0.0,0.0,0.0,3.0,6.0,26.0,46.0,47.0,48.0,1,Non-Industry,HN,Chemotherapy,2012,79.16666666666666,4.166666666666666,16.666666666666664,0.0,20.83333333333333
PMID 31345387 CT_Summary_SoE.pdf,intervention,0,0.0,5.0,20.0,37.5,37.5,37.5,1.0,0.0,1.0,1.0,2.0,2.0,1.5,4.0,6.5,6.5,7.5,8.0,0.0,0.0,0.0,0.5,0.5,1.0,2.5,9.0,27.5,45.5,47.5,48.5,2,Non-Industry,HN,Chemotherapy,2012,77.31958762886599,4.123711340206185,16.49484536082474,2.0618556701030926,20.618556701030926
PMID 31361535 a_Summary_SoE.pdf,control,0,0.0,2.0,5.0,9.0,13.0,18.0,1.0,0.0,1.5,2.0,2.5,3.5,1.0,0.0,0.0,0.0,0.0,0.0,0.0,0.0,0.0,0.0,0.0,0.0,2.0,2.0,6.5,11.0,15.5,21.5,2,Non-Industry,Thor,Targeted Therapy,2010,83.72093023255815,16.27906976744186,0.0,0.0,16.27906976744186
PMID 31361535 a_Summary_SoE.pdf,intervention,0,0.0,2.0,5.0,9.5,13.5,18.5,1.0,0.0,1.5,2.0,2.5,3.5,1.0,0.0,0.0,0.0,0.0,0.0,0.0,0.0,0.0,0.0,0.0,0.0,2.0,2.0,6.5,11.5,16.0,22.0,2,Non-Industry,Thor,Targeted Therapy,2010,84.0909090909091,15.909090909090908,0.0,0.0,15.909090909090908
PMID 31361535 a_Summary_SoE.pdf,intervention,1,0.0,2.0,5.0,9.5,13.5,18.5,1.0,0.0,1.5,2.0,2.5,3.5,1.0,0.0,0.0,0.0,0.0,0.0,0.0,0.0,0.0,0.0,0.0,0.0,2.0,2.0,6.5,11.5,16.0,22.0,2,Non-Industry,Thor,Targeted Therapy,2010,84.0909090909091,15.909090909090908,0.0,0.0,15.909090909090908
PMID 31365801 a_Summary_SoE.pdf,control,0,0.0,5.0,12.0,18.0,18.0,18.0,0.5,0.0,0.0,0.0,0.0,1.0,0.5,0.0,0.0,1.0,1.5,1.5,0.5,0.0,0.0,0.0,0.5,0.5,1.5,5.0,12.0,19.0,20.0,21.0,2,Industry,Heme,Targeted Therapy,2014,85.71428571428571,4.761904761904762,7.142857142857142,2.380952380952381,11.904761904761905
PMID 31365801 a_Summary_SoE.pdf,intervention,0,0.0,2.0,4.0,7.0,7.0,7.0,0.5,0.0,0.0,0.0,0.0,1.0,0.5,1.0,1.0,1.0,1.5,1.5,0.5,0.0,0.0,0.0,0.5,0.5,1.5,3.0,5.0,8.0,9.0,10.0,2,Industry,Heme,Targeted Therapy,2014,70.0,10.0,15.0,5.0,25.0
PMID 31371228 CT_Summary_SoE.pdf,control,0,0.0,1.0,4.0,8.0,9.0,9.0,0.0,0.0,0.5,1.5,1.5,2.5,0.0,0.0,0.0,0.0,0.0,0.0,1.0,0.0,0.5,0.5,0.5,0.5,1.0,1.0,5.0,10.0,11.0,12.0,2,Non-Industry,GI,Procedure,2015,75.0,20.833333333333336,0.0,4.166666666666666,20.833333333333336
PMID 31371228 CT_Summary_SoE.pdf,intervention,0,0.0,1.5,4.5,8.5,9.0,9.0,0.0,0.0,0.5,1.5,1.5,2.5,0.0,1.0,1.0,1.0,1.0,1.0,1.0,0.0,0.5,0.5,0.5,0.5,1.0,2.5,6.5,11.5,12.0,13.0,2,Non-Industry,GI,Procedure,2015,69.23076923076923,19.230769230769234,7.6923076923076925,3.8461538461538463,26.923076923076927
PMID 31399378 CT_Summary_SoE.pdf,control,0,0.0,1.0,3.0,4.0,4.0,4.0,0.0,0.0,0.0,0.0,0.0,0.0,0.0,0.0,0.0,1.0,1.0,1.0,1.0,0.0,0.0,0.0,0.0,0.0,1.0,1.0,3.0,5.0,5.0,5.0,2,Industry,Multiple,Targeted Therapy,2011,80.0,0.0,20.0,0.0,20.0
PMID 31399378 CT_Summary_SoE.pdf,intervention,0,0.0,1.0,3.0,4.0,4.0,4.0,0.0,0.0,0.0,0.0,0.0,0.0,0.0,0.0,0.0,1.0,1.0,1.0,1.0,0.0,0.0,0.0,0.0,0.0,1.0,1.0,3.0,5.0,5.0,5.0,2,Industry,Multiple,Targeted Therapy,2011,80.0,0.0,20.0,0.0,20.0
PMID 31454045 a_Summary_SoE.pdf,intervention,0,0.0,10.0,21.5,40.0,58.5,62.0,1.5,0.5,1.0,2.5,2.5,3.5,0.5,6.5,21.0,31.5,35.5,35.5,0.5,0.5,0.5,0.5,0.5,0.5,2.5,17.5,44.0,74.5,97.0,101.5,2,Non-Industry,Other,Chemotherapy,2007,61.083743842364534,3.4482758620689653,34.97536945812808,0.49261083743842365,38.423645320197046
PMID 31454045 a_Summary_SoE.pdf,intervention,1,0.0,10.0,21.5,41.0,66.0,74.5,1.5,0.5,1.0,2.5,2.5,2.5,0.5,6.5,21.0,30.5,37.5,42.5,0.5,0.5,0.5,0.5,0.5,0.5,2.5,17.5,44.0,74.5,106.5,120.0,2,Non-Industry,Other,Chemotherapy,2007,62.083333333333336,2.083333333333333,35.41666666666667,0.4166666666666667,37.50000000000001
PMID 31486832 a_Summary_SoE.pdf,control,0,0.0,1.0,2.5,4.5,6.5,9.0,1.0,0.0,2.0,4.0,6.0,8.0,1.0,1.0,1.5,2.5,3.5,5.0,0.0,0.0,0.0,0.0,0.0,0.0,2.0,2.0,6.0,11.0,16.0,22.0,2,Non-Industry,GI,Targeted Therapy,2010,40.909090909090914,36.36363636363637,22.727272727272727,0.0,59.09090909090909
PMID 31486832 a_Summary_SoE.pdf,intervention,0,0.0,2.0,5.0,7.5,9.5,12.0,1.0,0.0,1.0,3.0,5.0,7.0,1.0,0.0,0.0,0.5,1.5,3.0,0.0,0.0,0.0,0.0,0.0,0.0,2.0,2.0,6.0,11.0,16.0,22.0,2,Non-Industry,GI,Targeted Therapy,2010,54.54545454545454,31.818181818181817,13.636363636363635,0.0,45.45454545454545
PMID 31562799 a_Summary_SoE.pdf,control,0,0.0,1.5,2.5,4.0,5.5,7.5,1.5,0.5,1.0,1.5,2.0,2.5,0.0,3.0,3.5,4.5,5.5,7.0,0.0,0.0,0.0,0.0,0.0,0.0,1.5,5.0,7.0,10.0,13.0,17.0,2,Industry,GYN,Targeted Therapy,2016,44.11764705882353,14.705882352941178,41.17647058823529,0.0,55.882352941176464
PMID 31562799 a_Summary_SoE.pdf,intervention,0,0.0,1.5,2.5,4.0,5.5,7.5,1.5,0.5,1.0,1.5,2.0,2.5,0.0,3.0,3.5,4.5,5.5,7.0,0.0,0.0,0.0,0.0,0.0,0.0,1.5,5.0,7.0,10.0,13.0,17.0,2,Industry,GYN,Targeted Therapy,2016,44.11764705882353,14.705882352941178,41.17647058823529,0.0,55.882352941176464
PMID 31566309 a_Summary_SoE.pdf,control,0,0.0,5.0,13.0,26.0,39.0,53.0,1.0,0.0,0.0,0.0,0.0,0.0,1.0,0.0,0.0,0.0,0.0,0.0,0.0,0.0,0.0,0.0,0.0,0.0,2.0,5.0,13.0,26.0,39.0,53.0,2,Industry,GI,Targeted Therapy,2016,100.0,0.0,0.0,0.0,0.0
PMID 31566309 a_Summary_SoE.pdf,intervention,0,0.0,5.0,13.0,26.0,39.0,53.0,1.0,0.0,0.0,0.0,0.0,0.0,1.0,0.0,0.0,0.0,0.0,0.0,0.0,0.0,0.0,0.0,0.0,0.0,2.0,5.0,13.0,26.0,39.0,53.0,2,Industry,GI,Targeted Therapy,2016,100.0,0.0,0.0,0.0,0.0
PMID 31566309 a_Summary_SoE.pdf,intervention,1,0.0,5.0,13.0,26.0,39.0,53.0,1.0,0.0,0.0,0.0,0.0,0.0,1.0,0.0,0.0,0.0,0.0,0.0,0.0,0.0,0.0,0.0,0.0,0.0,2.0,5.0,13.0,26.0,39.0,53.0,2,Industry,GI,Targeted Therapy,2016,100.0,0.0,0.0,0.0,0.0
PMID 31582355 a_Summary_SoE.pdf,control,0,0.0,3.5,8.0,14.5,21.5,29.5,0.0,0.0,0.5,0.5,1.0,1.0,1.0,0.0,0.5,2.5,3.5,5.0,0.0,0.5,0.5,0.5,0.5,0.5,1.0,4.0,9.5,18.0,26.5,36.0,2,Industry,GI,Immunotherapy,2015,81.94444444444444,2.7777777777777777,13.88888888888889,1.3888888888888888,16.666666666666668
PMID 31582355 a_Summary_SoE.pdf,control,1,0.0,5.0,11.0,20.0,30.0,41.0,0.0,0.0,1.0,3.0,4.0,6.0,1.0,0.0,0.0,0.0,0.0,0.0,0.0,0.0,1.0,3.0,5.0,6.0,1.0,5.0,13.0,26.0,39.0,53.0,1,Industry,GI,Immunotherapy,2015,77.35849056603774,11.320754716981133,0.0,11.320754716981133,11.320754716981133
PMID 31582355 a_Summary_SoE.pdf,intervention,0,0.0,3.0,6.0,11.0,16.5,22.5,0.0,0.0,1.0,2.0,3.0,4.5,1.0,0.5,0.5,0.5,0.5,0.5,0.0,0.5,0.5,0.5,0.5,0.5,1.0,4.0,8.0,14.0,20.5,28.0,2,Industry,GI,Immunotherapy,2015,80.35714285714286,16.071428571428573,1.7857142857142856,1.7857142857142856,17.857142857142858
PMID 31590988 a_Summary_SoE.pdf,control,0,0.0,2.0,5.0,6.0,6.0,6.0,1.0,0.0,0.0,0.0,0.0,0.0,0.0,0.0,0.0,0.5,0.5,0.5,0.0,0.0,0.0,0.5,1.5,2.5,1.0,2.0,5.0,7.0,8.0,9.0,2,Industry,Thor,Immunotherapy,2017,66.66666666666666,0.0,5.555555555555555,27.77777777777778,5.555555555555555
PMID 31590988 a_Summary_SoE.pdf,intervention,0,0.0,2.0,5.0,8.0,11.0,15.0,1.0,0.0,0.0,0.0,0.0,0.0,0.0,0.0,0.0,0.0,0.0,0.0,0.0,0.0,0.0,0.0,0.0,0.0,1.0,2.0,5.0,8.0,11.0,15.0,2,Industry,Thor,Immunotherapy,2017,100.0,0.0,0.0,0.0,0.0
PMID 31590988 a_Summary_SoE.pdf,intervention,1,0.0,2.0,5.0,8.0,11.0,15.0,1.0,0.0,0.0,0.0,0.0,0.0,0.0,0.0,0.0,0.0,0.0,0.0,0.0,0.0,0.0,0.0,0.0,0.0,1.0,2.0,5.0,8.0,11.0,15.0,2,Industry,Thor,Immunotherapy,2017,100.0,0.0,0.0,0.0,0.0
PMID 31591063 CT a_Summary_SoE.pdf,control,0,0.0,3.0,7.0,13.0,20.0,27.0,1.0,0.0,0.0,0.0,0.0,0.0,1.0,0.0,0.0,0.0,0.0,0.0,0.0,0.0,0.0,0.0,0.0,0.0,2.0,3.0,7.0,13.0,20.0,27.0,2,Industry,Thor,Targeted Therapy,2015,100.0,0.0,0.0,0.0,0.0
PMID 31591063 CT a_Summary_SoE.pdf,intervention,0,0.0,3.0,7.0,13.0,20.0,27.0,1.0,0.0,0.0,0.0,0.0,0.0,1.0,0.0,0.0,0.0,0.0,0.0,0.0,0.0,0.0,0.0,0.0,0.0,2.0,3.0,7.0,13.0,20.0,27.0,2,Industry,Thor,Targeted Therapy,2015,100.0,0.0,0.0,0.0,0.0
PMID 31618129 a_Summary_SoE.pdf,control,0,0.0,2.0,5.0,7.5,9.5,12.0,1.5,0.0,0.0,0.5,1.5,2.0,0.5,0.0,0.0,0.0,0.0,0.0,0.0,0.0,0.0,0.0,0.0,0.0,2.0,2.0,5.0,8.0,11.0,14.0,2,Non-Industry,HN,Targeted Therapy,2008,85.71428571428571,14.285714285714285,0.0,0.0,14.285714285714285
PMID 31618129 a_Summary_SoE.pdf,intervention,0,0.0,2.0,5.0,9.0,13.0,18.0,1.5,0.0,0.0,0.0,0.0,0.0,0.5,0.0,0.0,0.0,0.0,0.0,0.0,0.0,0.0,0.0,0.0,0.0,2.0,2.0,5.0,9.0,13.0,18.0,2,Non-Industry,HN,Targeted Therapy,2008,100.0,0.0,0.0,0.0,0.0
PMID 31629060 a_Summary_SoE.pdf,control,0,0.0,2.0,5.0,9.0,13.0,18.0,1.0,0.0,0.0,0.0,0.0,0.0,0.0,0.0,0.0,0.0,0.0,0.0,0.0,0.0,0.0,0.0,0.0,0.0,1.0,2.0,5.0,9.0,13.0,18.0,2,Industry,Thor,Other,2009,100.0,0.0,0.0,0.0,0.0
PMID 31629060 a_Summary_SoE.pdf,intervention,0,0.0,2.0,5.0,9.0,13.0,18.0,1.0,0.0,0.0,0.0,0.0,0.0,0.0,0.0,0.0,0.0,0.0,0.0,0.0,0.0,0.0,0.0,0.0,0.0,1.0,2.0,5.0,9.0,13.0,18.0,2,Industry,Thor,Other,2009,100.0,0.0,0.0,0.0,0.0
PMID 31645288 CT_Summary_SoE.pdf,control,0,0.0,1.0,1.0,1.0,1.0,1.0,0.0,0.0,0.0,0.0,0.0,1.0,0.0,0.0,0.0,0.0,0.0,0.0,1.0,1.5,1.5,1.5,1.5,1.5,1.0,2.5,2.5,2.5,2.5,3.5,2,Non-Industry,Breast,Other,2007,28.57142857142857,28.57142857142857,0.0,42.857142857142854,28.57142857142857
PMID 31645288 CT_Summary_SoE.pdf,intervention,0,0.0,1.0,1.0,1.0,1.0,1.0,0.0,0.0,0.0,0.0,0.0,1.0,0.0,0.0,0.0,0.0,0.0,0.0,1.0,1.5,1.5,1.5,1.5,1.5,1.0,2.5,2.5,2.5,2.5,3.5,2,Non-Industry,Breast,Other,2007,28.57142857142857,28.57142857142857,0.0,42.857142857142854,28.57142857142857
PMID 31647503 a_Summary_SoE.pdf,control,0,0.0,2.0,5.0,9.5,14.0,18.5,1.0,0.5,3.0,3.5,3.5,3.5,1.0,0.0,0.0,0.0,0.0,0.0,0.0,0.0,0.0,0.0,0.0,0.0,2.0,2.5,8.0,13.0,17.5,22.0,2,Industry,Breast,Targeted Therapy,2016,84.0909090909091,15.909090909090908,0.0,0.0,15.909090909090908
PMID 31647503 a_Summary_SoE.pdf,intervention,0,0.0,2.0,5.0,9.5,14.0,18.5,1.0,0.5,3.0,3.5,3.5,3.5,1.0,0.0,0.0,0.0,0.0,0.0,0.0,0.0,0.0,0.0,0.0,0.0,2.0,2.5,8.0,13.0,17.5,22.0,2,Industry,Breast,Targeted Therapy,2016,84.0909090909091,15.909090909090908,0.0,0.0,15.909090909090908
PMID 31665578 a_Summary_SoE.pdf,control,0,0.0,12.0,36.0,70.0,100.0,130.5,1.0,0.5,0.5,0.5,0.5,0.5,0.5,0.5,1.5,1.5,1.5,1.5,0.0,0.0,0.0,0.0,0.0,0.0,1.5,13.0,38.0,72.0,102.0,132.5,2,Industry,Heme,Targeted Therapy,2015,98.49056603773585,0.37735849056603776,1.1320754716981132,0.0,1.509433962264151
PMID 31665578 a_Summary_SoE.pdf,intervention,0,0.0,2.0,4.0,7.0,10.0,14.0,1.0,2.5,2.5,2.5,2.5,2.5,0.5,1.0,2.0,2.0,2.0,2.0,0.0,0.0,0.0,0.0,0.0,0.0,1.5,5.5,8.5,11.5,14.5,18.5,2,Industry,Heme,Targeted Therapy,2015,75.67567567567568,13.513513513513514,10.81081081081081,0.0,24.324324324324323
PMID 31679945 a_Summary_SoE.pdf,control,0,0.0,5.0,13.0,26.0,39.0,53.0,1.0,0.0,0.0,0.0,0.0,0.0,0.0,0.0,0.0,0.0,0.0,0.0,0.0,0.0,0.0,0.0,0.0,0.0,1.0,5.0,13.0,26.0,39.0,53.0,2,Industry,HN,Immunotherapy,2015,100.0,0.0,0.0,0.0,0.0
PMID 31679945 a_Summary_SoE.pdf,intervention,0,0.0,2.0,5.0,9.0,13.0,18.0,1.0,0.0,0.0,0.0,0.0,0.0,0.0,0.0,0.0,0.0,0.0,0.0,0.0,0.0,0.0,0.0,0.0,0.0,1.0,2.0,5.0,9.0,13.0,18.0,2,Industry,HN,Immunotherapy,2015,100.0,0.0,0.0,0.0,0.0
PMID 31679945 a_Summary_SoE.pdf,intervention,1,0.0,2.0,5.0,9.0,13.0,18.0,1.0,0.0,0.0,0.0,0.0,0.0,0.0,0.0,0.0,0.0,0.0,0.0,0.0,0.0,0.0,0.0,0.0,0.0,1.0,2.0,5.0,9.0,13.0,18.0,2,Industry,HN,Immunotherapy,2015,100.0,0.0,0.0,0.0,0.0
PMID 31688884 a_Summary_SoE.pdf,control,0,0.0,0.0,0.0,0.0,0.0,0.0,0.0,0.0,0.0,0.0,0.0,0.0,0.5,7.0,21.0,32.0,32.0,32.0,0.5,0.5,0.5,0.5,1.0,1.5,1.0,7.5,21.5,32.5,33.0,33.5,2,Non-Industry,Heme,Other,2011,0.0,0.0,95.52238805970148,4.477611940298507,95.52238805970148
PMID 31688884 a_Summary_SoE.pdf,intervention,0,0.0,21.0,63.0,94.5,94.5,94.5,0.0,0.0,0.0,0.0,0.0,0.0,0.5,0.0,0.0,1.0,1.0,1.0,0.5,0.5,0.5,0.5,1.0,1.5,1.0,21.5,63.5,96.0,96.5,97.0,2,Non-Industry,Heme,Other,2011,97.42268041237114,0.0,1.0309278350515463,1.5463917525773196,1.0309278350515463
PMID 31693129 CT_Summary_SoE.pdf,control,0,0.0,0.5,0.5,0.5,0.5,0.5,0.5,0.0,0.0,1.0,1.0,1.5,0.5,0.5,2.5,4.5,5.5,6.0,0.0,0.0,0.0,0.0,0.0,0.0,1.0,1.0,3.0,6.0,7.0,8.0,2,Non-Industry,Breast,Other,2005,6.25,18.75,75.0,0.0,93.75
PMID 31693129 CT_Summary_SoE.pdf,intervention,0,0.0,1.0,3.0,6.0,7.0,8.0,0.5,0.0,0.0,0.0,0.0,0.0,0.5,0.0,0.0,0.0,0.0,0.0,0.0,0.0,0.0,0.0,0.0,0.0,1.0,1.0,3.0,6.0,7.0,8.0,2,Non-Industry,Breast,Other,2005,100.0,0.0,0.0,0.0,0.0
PMID 31693129 CT_Summary_SoE.pdf,intervention,1,0.0,0.5,0.5,0.5,0.5,0.5,0.5,0.0,0.0,1.0,1.0,1.5,0.5,0.5,2.5,4.5,5.5,6.0,0.0,0.0,0.0,0.0,0.0,0.0,1.0,1.0,3.0,6.0,7.0,8.0,2,Non-Industry,Breast,Other,2005,6.25,18.75,75.0,0.0,93.75
PMID 31725692 CT_Summary_SoE.pdf,control,0,0.0,1.0,1.0,1.0,1.0,1.0,0.0,0.0,0.0,0.0,0.0,0.0,0.0,0.0,0.0,0.0,0.0,0.0,1.0,1.0,1.0,1.0,1.0,1.0,1.0,2.0,2.0,2.0,2.0,2.0,2,Non-Industry,Skin,Other,2016,50.0,0.0,0.0,50.0,0.0
PMID 31725692 CT_Summary_SoE.pdf,intervention,0,0.0,1.0,1.0,1.0,1.0,1.0,0.0,0.0,0.0,0.0,0.0,0.0,0.0,0.0,0.0,0.0,0.0,0.0,1.0,1.0,1.0,1.0,1.0,1.0,1.0,2.0,2.0,2.0,2.0,2.0,2,Non-Industry,Skin,Other,2016,50.0,0.0,0.0,50.0,0.0
PMID 31735560 CT_Summary_SoE.pdf,control,0,0.0,0.0,0.0,0.0,0.0,0.0,1.0,1.0,1.5,2.0,2.5,3.5,0.5,4.0,7.5,11.5,16.0,20.5,0.0,0.0,0.0,0.0,0.0,0.0,1.5,5.0,9.0,13.5,18.5,24.0,2,Industry,Heme,Targeted Therapy,2016,0.0,14.583333333333334,85.41666666666666,0.0,99.99999999999999
PMID 31735560 CT_Summary_SoE.pdf,intervention,0,0.0,5.0,9.0,15.0,21.5,29.0,1.0,0.0,0.0,0.0,0.0,0.0,0.5,0.0,0.0,0.0,0.0,0.0,0.0,0.0,0.0,0.0,0.0,0.0,1.5,5.0,9.0,15.0,21.5,29.0,2,Industry,Heme,Targeted Therapy,2016,100.0,0.0,0.0,0.0,0.0
PMID 31800611 a_Summary_SoE.pdf,control,0,0.0,1.0,1.0,1.0,1.0,1.0,0.0,0.0,0.0,0.0,0.0,1.0,0.0,1.0,1.0,1.0,1.0,1.0,1.0,0.0,0.0,0.0,0.0,0.0,1.0,2.0,2.0,2.0,2.0,3.0,2,Non-Industry,Breast,Other,2013,33.33333333333333,33.33333333333333,33.33333333333333,0.0,66.66666666666666
PMID 31800611 a_Summary_SoE.pdf,intervention,0,0.0,1.0,1.0,1.0,1.0,1.0,0.0,0.0,0.0,0.0,0.0,1.0,0.0,1.0,1.0,1.0,1.0,1.0,1.0,0.0,0.0,0.0,0.0,0.0,1.0,2.0,2.0,2.0,2.0,3.0,2,Non-Industry,Breast,Other,2013,33.33333333333333,33.33333333333333,33.33333333333333,0.0,66.66666666666666
PMID 31806543 CT_Summary_SoE.pdf,control,0,0.0,2.0,4.0,7.0,8.0,9.0,1.0,0.0,0.0,0.0,0.0,0.0,1.0,0.0,0.0,0.0,0.0,0.0,0.5,0.0,0.0,0.0,0.0,0.0,2.5,2.0,4.0,7.0,8.0,9.0,2,Industry,Breast,Targeted Therapy,2010,100.0,0.0,0.0,0.0,0.0
PMID 31806543 CT_Summary_SoE.pdf,intervention,0,0.0,2.0,4.0,7.0,8.0,9.0,1.0,0.0,0.0,0.0,0.0,0.0,1.0,0.0,0.0,0.0,0.0,0.0,0.5,0.0,0.0,0.0,0.0,0.0,2.5,2.0,4.0,7.0,8.0,9.0,2,Industry,Breast,Targeted Therapy,2010,100.0,0.0,0.0,0.0,0.0
PMID 31810797 CT_Summary_SoE.pdf,control,0,0.0,3.0,5.0,8.0,11.0,15.0,1.0,0.0,0.0,0.0,0.0,0.0,0.0,0.0,0.0,0.0,0.0,0.0,0.0,0.0,0.0,0.0,0.0,0.0,1.0,3.0,5.0,8.0,11.0,15.0,2,Industry,GU,Targeted Therapy,2016,100.0,0.0,0.0,0.0,0.0
PMID 31810797 CT_Summary_SoE.pdf,intervention,0,0.0,3.0,5.0,8.0,11.0,15.0,1.0,0.0,0.0,0.0,0.0,0.0,0.0,0.0,0.0,0.0,0.0,0.0,0.0,0.0,0.0,0.0,0.0,0.0,1.0,3.0,5.0,8.0,11.0,15.0,2,Industry,GU,Targeted Therapy,2016,100.0,0.0,0.0,0.0,0.0
PMID 31820339 CT_Summary_SoE.pdf,control,0,0.0,4.0,4.0,4.0,4.0,4.0,1.0,0.0,0.0,1.0,1.5,3.0,0.0,1.0,1.5,1.5,2.0,2.0,0.0,0.0,0.0,0.0,0.0,0.0,1.0,5.0,5.5,6.5,7.5,9.0,2,Industry,Heme,Targeted Therapy,2014,44.44444444444444,33.33333333333333,22.22222222222222,0.0,55.55555555555555
PMID 31820339 CT_Summary_SoE.pdf,intervention,0,0.0,4.0,4.0,4.0,4.0,4.0,1.0,0.0,0.0,1.0,1.5,3.0,0.0,1.0,1.5,1.5,2.0,2.0,0.0,0.0,0.0,0.0,0.0,0.0,1.0,5.0,5.5,6.5,7.5,9.0,2,Industry,Heme,Targeted Therapy,2014,44.44444444444444,33.33333333333333,22.22222222222222,0.0,55.55555555555555
PMID 31821109 a_Summary_SoE.pdf,control,0,0.0,3.0,8.0,16.0,16.0,16.0,1.0,0.5,0.5,0.5,0.5,1.5,1.0,0.5,0.5,0.5,0.5,0.5,0.5,0.0,0.0,1.0,1.0,1.0,2.5,4.0,9.0,18.0,18.0,19.0,2,Industry,Breast,Targeted Therapy,2011,84.21052631578947,7.894736842105263,2.631578947368421,5.263157894736842,10.526315789473683
PMID 31821109 a_Summary_SoE.pdf,intervention,0,0.0,3.0,8.0,18.0,22.0,27.0,1.0,0.5,0.5,0.5,0.5,1.0,1.0,0.5,0.5,0.5,0.5,0.5,0.5,0.0,0.0,0.0,0.0,0.0,2.5,4.0,9.0,19.0,23.0,28.5,2,Industry,Breast,Targeted Therapy,2011,94.73684210526315,3.508771929824561,1.7543859649122806,0.0,5.263157894736842
PMID 31924332 CT_Summary_SoE.pdf,control,0,0.0,2.0,4.0,7.0,10.0,14.0,1.0,0.0,0.0,0.0,0.0,0.0,0.0,3.0,9.0,19.0,29.0,39.0,0.0,0.0,0.0,0.0,0.0,0.0,1.0,5.0,13.0,26.0,39.0,53.0,2,Industry,GYN,Chemotherapy,2013,26.41509433962264,0.0,73.58490566037736,0.0,73.58490566037736
PMID 31924332 CT_Summary_SoE.pdf,intervention,0,0.0,2.0,5.0,9.0,13.0,18.0,1.0,0.0,0.0,0.0,0.0,0.0,0.0,3.5,8.5,17.5,26.5,35.5,0.0,0.0,0.0,0.0,0.0,0.0,1.0,5.5,13.5,26.5,39.5,53.5,2,Industry,GYN,Chemotherapy,2013,33.64485981308411,0.0,66.35514018691589,0.0,66.35514018691589
PMID 31935026 a_Summary_SoE.pdf,control,0,0.0,0.0,0.0,0.0,0.0,0.0,0.0,0.0,0.0,0.0,0.0,0.0,1.0,0.5,1.5,2.5,3.5,4.5,0.0,0.0,0.0,0.0,0.0,0.0,1.0,0.5,1.5,2.5,3.5,4.5,2,Non-Industry,GU,Other,2011,0.0,0.0,100.0,0.0,100.0
PMID 31935026 a_Summary_SoE.pdf,intervention,0,0.0,0.0,0.0,0.0,0.0,0.0,0.0,0.0,0.0,0.0,0.0,0.0,1.0,0.5,1.5,2.5,3.5,4.5,0.0,0.0,0.0,0.0,0.0,0.0,1.0,0.5,1.5,2.5,3.5,4.5,2,Non-Industry,GU,Other,2011,0.0,0.0,100.0,0.0,100.0
PMID 32010577 a_Summary_SoE.pdf,control,0,0.0,2.0,5.0,9.0,13.0,18.0,1.0,0.0,0.0,0.0,0.0,0.0,0.0,0.0,0.0,0.0,0.0,0.0,0.0,0.0,0.0,0.0,0.0,0.0,1.0,2.0,5.0,9.0,13.0,18.0,2,Industry,Thor,Targeted Therapy,2016,100.0,0.0,0.0,0.0,0.0
PMID 32010577 a_Summary_SoE.pdf,intervention,0,0.0,2.0,5.0,9.0,13.0,18.0,1.0,0.0,0.0,0.0,0.0,0.0,0.0,0.0,0.0,0.0,0.0,0.0,0.0,0.0,0.0,0.0,0.0,0.0,1.0,2.0,5.0,9.0,13.0,18.0,2,Industry,Thor,Targeted Therapy,2016,100.0,0.0,0.0,0.0,0.0
PMID 32031887 CT_Summary_SoE.pdf,control,0,0.0,0.0,0.0,0.0,0.0,0.0,0.0,0.0,0.0,0.0,0.0,0.0,0.0,0.0,0.0,0.0,0.0,0.0,1.0,0.0,2.0,3.0,3.0,3.0,1.0,0.0,2.0,3.0,3.0,3.0,2,Non-Industry,Multiple,Other,2015,0.0,0.0,0.0,100.0,0.0
PMID 32031887 CT_Summary_SoE.pdf,intervention,0,0.0,0.0,0.0,0.0,0.0,0.0,0.0,0.0,0.0,0.0,0.0,0.0,0.0,0.0,0.0,0.0,0.0,0.0,1.0,1.0,3.5,6.5,9.5,13.5,1.0,1.0,3.5,6.5,9.5,13.5,2,Non-Industry,Multiple,Other,2015,0.0,0.0,0.0,100.0,0.0
PMID 32058845 a_Summary_SoE.pdf,control,0,0.0,10.0,10.0,10.0,10.0,10.0,1.0,0.0,0.5,2.0,2.0,3.0,1.0,0.0,0.5,1.0,1.0,1.0,0.0,0.0,0.0,0.0,0.0,0.0,2.0,10.0,11.0,13.0,13.0,14.0,2,Non-Industry,CNS,Radiation,2015,71.42857142857143,21.428571428571427,7.142857142857142,0.0,28.57142857142857
PMID 32058845 a_Summary_SoE.pdf,intervention,0,0.0,10.0,10.0,10.0,10.0,10.0,1.0,0.0,0.5,2.0,2.0,3.0,1.0,0.0,0.5,1.0,1.0,1.0,0.0,0.0,0.0,0.0,0.0,0.0,2.0,10.0,11.0,13.0,13.0,14.0,2,Non-Industry,CNS,Radiation,2015,71.42857142857143,21.428571428571427,7.142857142857142,0.0,28.57142857142857
PMID 32073956 a_Summary_SoE.pdf,control,0,0.0,5.0,13.0,26.0,39.0,53.0,1.0,0.0,0.0,0.0,0.0,0.0,0.5,0.0,0.0,0.0,0.0,0.0,0.0,0.0,0.0,0.0,0.0,0.0,1.5,5.0,13.0,26.0,39.0,53.0,2,Industry,GYN,Targeted Therapy,2015,100.0,0.0,0.0,0.0,0.0
PMID 32073956 a_Summary_SoE.pdf,intervention,0,0.0,0.0,0.0,0.0,0.0,0.0,1.0,1.0,2.0,4.0,5.0,7.0,0.5,4.0,5.0,6.0,8.0,10.0,0.0,0.0,0.0,0.0,0.0,0.0,1.5,5.0,7.0,10.0,13.0,17.0,2,Industry,GYN,Targeted Therapy,2015,0.0,41.17647058823529,58.82352941176471,0.0,100.0
PMID 32145827 a_Summary_SoE.pdf,control,0,0.0,3.0,7.0,12.5,12.5,12.5,0.0,0.0,0.0,0.0,0.0,0.0,0.5,0.0,0.0,0.5,0.5,1.5,0.5,0.0,0.0,0.0,0.0,0.0,1.0,3.0,7.0,13.0,13.0,14.0,2,Non-Industry,GI,Chemotherapy,2013,89.28571428571429,0.0,10.714285714285714,0.0,10.714285714285714
PMID 32145827 a_Summary_SoE.pdf,intervention,0,0.0,3.0,7.0,12.5,12.5,12.5,0.0,0.0,0.0,0.0,0.0,0.0,0.5,0.0,0.0,0.5,0.5,1.5,0.5,0.0,0.0,0.0,0.0,0.0,1.0,3.0,7.0,13.0,13.0,14.0,2,Non-Industry,GI,Chemotherapy,2013,89.28571428571429,0.0,10.714285714285714,0.0,10.714285714285714
PMID 32145827 a_Summary_SoE.pdf,intervention,1,0.0,3.0,7.0,12.5,12.5,12.5,0.0,0.0,0.0,0.0,0.0,0.0,0.5,0.0,0.0,0.5,0.5,1.5,0.5,0.0,0.0,0.0,0.0,0.0,1.0,3.0,7.0,13.0,13.0,14.0,2,Non-Industry,GI,Chemotherapy,2013,89.28571428571429,0.0,10.714285714285714,0.0,10.714285714285714
PMID 32201234 a_Summary_SoE.pdf,control,0,0.0,5.0,13.0,26.0,39.0,52.5,1.0,0.0,0.0,0.0,0.0,0.0,0.0,0.0,0.0,0.0,0.0,0.0,0.5,0.0,0.0,0.0,0.0,0.0,1.5,5.0,13.0,26.0,39.0,52.5,2,Industry,Thor,Immunotherapy,2015,100.0,0.0,0.0,0.0,0.0
PMID 32201234 a_Summary_SoE.pdf,intervention,0,0.0,2.0,4.0,7.0,8.0,9.0,1.0,0.0,0.0,0.0,1.0,2.0,0.0,0.0,0.0,0.0,0.0,0.0,0.5,0.0,0.0,0.0,0.0,0.0,1.5,2.0,4.0,7.0,9.0,11.0,2,Industry,Thor,Immunotherapy,2015,81.81818181818183,18.181818181818183,0.0,0.0,18.181818181818183
PMID 32201234 a_Summary_SoE.pdf,intervention,1,0.0,2.0,4.0,10.0,17.0,22.0,1.0,0.0,0.0,0.0,0.5,0.5,0.0,0.0,0.0,0.0,0.0,0.0,0.5,0.0,0.0,0.0,0.0,0.0,1.5,2.0,4.0,10.0,17.5,22.5,2,Industry,Thor,Immunotherapy,2015,97.77777777777777,2.2222222222222223,0.0,0.0,2.2222222222222223
PMID 32201234 a_Summary_SoE.pdf,intervention,2,0.0,3.0,7.0,13.0,20.0,26.5,1.0,0.0,0.0,0.0,0.0,0.0,0.0,0.0,0.0,0.0,0.0,0.0,0.5,0.0,0.0,0.0,0.0,0.0,1.5,3.0,7.0,13.0,20.0,26.5,2,Industry,Thor,Immunotherapy,2015,100.0,0.0,0.0,0.0,0.0
PMID 32213342 a_Summary_SoE.pdf,control,0,0.0,5.0,11.0,17.0,20.0,24.0,1.0,0.0,0.0,0.0,0.0,0.0,0.5,0.0,0.0,0.0,0.0,0.0,0.5,0.0,0.0,0.0,0.0,0.0,2.0,5.0,11.0,17.0,20.0,24.0,2,Industry,Heme,Other,2017,100.0,0.0,0.0,0.0,0.0
PMID 32213342 a_Summary_SoE.pdf,intervention,0,0.0,5.0,11.0,17.0,20.0,24.0,1.0,0.0,0.0,0.0,0.0,0.0,0.5,1.0,2.0,2.0,2.0,2.0,0.5,0.0,0.0,0.0,0.0,0.0,2.0,6.0,13.0,19.0,22.0,26.0,2,Industry,Heme,Other,2017,92.3076923076923,0.0,7.6923076923076925,0.0,7.6923076923076925
PMID 32259228 a_Summary_SoE.pdf,control,0,0.0,4.0,9.0,18.0,26.0,36.0,1.0,0.0,0.0,0.0,0.0,0.0,1.0,0.0,0.0,0.0,0.0,0.0,0.0,0.0,0.0,0.0,0.0,0.0,2.0,4.0,9.0,18.0,26.0,36.0,2,Industry,Other,Targeted Therapy,2015,100.0,0.0,0.0,0.0,0.0
PMID 32259228 a_Summary_SoE.pdf,intervention,0,0.0,4.0,9.0,18.0,26.0,36.0,1.0,0.0,0.0,0.0,0.0,0.0,1.0,0.0,0.0,0.0,0.0,0.0,0.0,0.0,0.0,0.0,0.0,0.0,2.0,4.0,9.0,18.0,26.0,36.0,2,Industry,Other,Targeted Therapy,2015,100.0,0.0,0.0,0.0,0.0
PMID 32271377 a_Summary_SoE.pdf,control,0,0.0,3.0,7.0,13.5,19.5,26.5,0.5,0.0,0.0,0.0,0.0,0.0,0.5,0.0,0.0,0.0,0.0,0.0,0.0,0.0,0.0,0.0,0.0,0.0,1.0,3.0,7.0,13.5,19.5,26.5,2,Industry,Thor,Immunotherapy,2015,100.0,0.0,0.0,0.0,0.0
PMID 32271377 a_Summary_SoE.pdf,intervention,0,0.0,2.0,4.0,7.0,10.0,13.0,0.5,0.0,1.0,2.0,3.0,4.0,0.5,0.0,0.0,0.0,0.0,0.0,0.0,0.0,0.0,0.0,0.0,0.0,1.0,2.0,5.0,9.0,13.0,17.0,2,Industry,Thor,Immunotherapy,2015,76.47058823529412,23.52941176470588,0.0,0.0,23.52941176470588
PMID 32271377 a_Summary_SoE.pdf,intervention,1,0.0,2.0,4.0,7.0,10.0,13.0,0.5,0.0,1.0,2.0,3.0,4.0,0.5,0.0,0.0,0.0,0.0,0.0,0.0,0.0,0.0,0.0,0.0,0.0,1.0,2.0,5.0,9.0,13.0,17.0,2,Industry,Thor,Immunotherapy,2015,76.47058823529412,23.52941176470588,0.0,0.0,23.52941176470588
PMID 32294530 CT_Summary_SoE.pdf,control,0,0.0,5.0,13.0,26.0,39.0,53.0,1.0,0.0,0.0,0.0,0.0,0.0,0.5,0.0,0.0,0.0,0.0,0.0,0.5,0.0,0.0,0.0,0.0,0.0,2.0,5.0,13.0,26.0,39.0,53.0,2,Industry,HN,Immunotherapy,2015,100.0,0.0,0.0,0.0,0.0
PMID 32294530 CT_Summary_SoE.pdf,intervention,0,0.0,2.5,5.5,11.0,18.0,25.0,1.0,0.0,0.0,0.0,0.0,0.0,0.5,0.0,0.0,0.0,0.0,0.0,0.5,0.0,0.0,0.0,0.0,0.0,2.0,2.5,5.5,11.0,18.0,25.0,2,Industry,HN,Immunotherapy,2015,100.0,0.0,0.0,0.0,0.0
PMID 32294530 CT_Summary_SoE.pdf,intervention,1,0.0,2.5,5.5,11.0,18.0,25.0,1.0,0.0,0.0,0.0,0.0,0.0,0.5,0.5,1.5,2.0,2.0,2.0,0.5,0.0,0.0,0.0,0.0,0.0,2.0,3.0,7.0,13.0,20.0,27.0,2,Industry,HN,Immunotherapy,2015,92.5925925925926,0.0,7.4074074074074066,0.0,7.4074074074074066
PMID 32302702 CT_Summary_SoE.pdf,control,0,0.0,5.0,12.0,12.0,12.0,12.0,1.0,0.0,1.0,3.0,5.0,7.0,0.5,0.0,0.0,0.0,0.0,0.0,0.0,0.0,0.0,0.0,0.0,0.0,1.5,5.0,13.0,15.0,17.0,19.0,2,Industry,Thor,Immunotherapy,2015,63.1578947368421,36.84210526315789,0.0,0.0,36.84210526315789
PMID 32302702 CT_Summary_SoE.pdf,intervention,0,0.0,2.0,5.0,9.0,13.0,18.0,1.0,0.0,0.0,0.0,0.0,0.0,0.5,0.0,0.0,0.0,0.0,0.0,0.0,0.0,0.0,0.0,0.0,0.0,1.5,2.0,5.0,9.0,13.0,18.0,2,Industry,Thor,Immunotherapy,2015,100.0,0.0,0.0,0.0,0.0
PMID 32302702 CT_Summary_SoE.pdf,intervention,1,0.0,5.0,13.0,17.0,21.0,26.0,1.0,0.0,0.0,0.0,0.0,0.0,0.5,0.0,0.0,0.0,0.0,0.0,0.0,0.0,0.0,0.0,0.0,0.0,1.5,5.0,13.0,17.0,21.0,26.0,2,Industry,Thor,Immunotherapy,2015,100.0,0.0,0.0,0.0,0.0
PMID 32305093 a_Summary_SoE.pdf,control,0,0.0,0.0,0.0,0.0,0.0,0.0,0.0,0.0,0.0,0.0,0.0,0.0,0.0,0.0,0.0,0.0,0.0,0.0,0.0,0.0,0.0,0.0,0.0,0.0,0.0,0.0,0.0,0.0,0.0,0.0,2,Industry,Heme,Targeted Therapy,2015,0.0,0.0,0.0,0.0,0.0
PMID 32305093 a_Summary_SoE.pdf,intervention,0,0.0,0.0,0.0,0.0,0.0,0.0,0.0,0.0,0.0,0.0,0.0,0.0,0.0,0.0,0.0,0.0,0.0,0.0,0.0,0.0,0.0,0.0,0.0,0.0,0.0,0.0,0.0,0.0,0.0,0.0,2,Industry,Heme,Targeted Therapy,2015,0.0,0.0,0.0,0.0,0.0
PMID 32305093 a_Summary_SoE.pdf,intervention,1,0.0,0.0,0.0,0.0,0.0,0.0,0.0,0.0,0.0,0.0,0.0,0.0,0.0,0.0,0.0,0.0,0.0,0.0,0.0,0.0,0.0,0.0,0.0,0.0,0.0,0.0,0.0,0.0,0.0,0.0,2,Industry,Heme,Targeted Therapy,2015,0.0,0.0,0.0,0.0,0.0
PMID 32343890 a_Summary_SoE.pdf,control,0,0.0,1.0,2.0,3.5,4.0,5.0,1.0,0.5,1.0,2.0,2.5,3.5,1.0,0.5,1.0,1.5,1.5,1.5,0.0,0.0,0.0,0.0,0.0,0.0,2.0,2.0,4.0,7.0,8.0,10.0,2,Industry,GU,Targeted Therapy,2017,50.0,35.0,15.0,0.0,50.0
PMID 32343890 a_Summary_SoE.pdf,intervention,0,0.0,1.0,2.0,3.5,4.0,5.0,1.0,0.5,1.0,2.0,2.5,3.5,1.0,0.5,1.0,1.5,1.5,1.5,0.0,0.0,0.0,0.0,0.0,0.0,2.0,2.0,4.0,7.0,8.0,10.0,2,Industry,GU,Targeted Therapy,2017,50.0,35.0,15.0,0.0,50.0
PMID 32372176 CT_Summary_SoE.pdf,control,0,0.0,0.0,0.0,0.0,0.0,0.0,0.0,0.0,0.0,0.0,0.0,0.0,1.5,0.5,0.5,0.5,0.5,0.5,0.0,0.5,1.5,2.5,2.5,2.5,1.5,1.0,2.0,3.0,3.0,3.0,2,Non-Industry,Breast,Other,2013,0.0,0.0,16.666666666666664,83.33333333333334,16.666666666666664
PMID 32372176 CT_Summary_SoE.pdf,control,1,0.0,1.0,2.0,2.0,2.0,2.0,0.0,0.0,0.0,0.0,0.0,0.0,2.0,0.0,0.0,0.0,0.0,0.0,0.0,0.0,0.0,1.0,1.0,1.0,2.0,1.0,2.0,3.0,3.0,3.0,1,Non-Industry,Breast,Other,2013,66.66666666666666,0.0,0.0,33.33333333333333,0.0
PMID 32372176 CT_Summary_SoE.pdf,intervention,0,0.0,0.0,0.0,0.0,0.0,0.0,0.0,0.0,0.0,0.0,0.0,0.0,1.5,0.5,0.5,0.5,0.5,0.5,0.0,0.5,1.5,2.5,2.5,2.5,1.5,1.0,2.0,3.0,3.0,3.0,2,Non-Industry,Breast,Other,2013,0.0,0.0,16.666666666666664,83.33333333333334,16.666666666666664
PMID 32372176 CT_Summary_SoE.pdf,intervention,1,0.0,1.0,2.0,2.0,2.0,2.0,0.0,0.0,0.0,0.0,0.0,0.0,2.0,0.0,0.0,0.0,0.0,0.0,0.0,0.0,0.0,1.0,1.0,1.0,2.0,1.0,2.0,3.0,3.0,3.0,1,Non-Industry,Breast,Other,2013,66.66666666666666,0.0,0.0,33.33333333333333,0.0
PMID 32379269 a_Summary_SoE.pdf,control,0,0.0,1.0,1.0,1.0,1.0,1.0,0.0,0.0,0.0,0.0,0.0,0.0,1.0,0.0,0.0,0.0,0.0,0.0,0.0,1.0,1.0,1.0,1.0,1.0,1.0,2.0,2.0,2.0,2.0,2.0,2,Non-Industry,Other,Other,2017,50.0,0.0,0.0,50.0,0.0
PMID 32379269 a_Summary_SoE.pdf,intervention,0,0.0,1.0,1.0,1.0,1.0,1.0,0.0,0.0,0.0,0.0,0.0,0.0,1.0,0.0,0.0,0.0,0.0,0.0,0.0,1.0,1.0,1.0,1.0,1.0,1.0,2.0,2.0,2.0,2.0,2.0,2,Non-Industry,Other,Other,2017,50.0,0.0,0.0,50.0,0.0
PMID 32402160 a_Summary_SoE.pdf,control,0,0.0,1.0,2.5,4.5,6.5,9.0,1.0,0.0,1.0,2.0,3.0,4.0,1.0,1.0,1.5,2.5,3.5,5.0,0.0,0.0,0.0,0.0,0.0,0.0,2.0,2.0,5.0,9.0,13.0,18.0,2,Industry,GI,Immunotherapy,2018,50.0,22.22222222222222,27.77777777777778,0.0,50.0
PMID 32402160 a_Summary_SoE.pdf,intervention,0,0.0,2.0,5.0,9.0,13.0,18.0,1.0,0.0,0.0,0.0,0.0,0.0,1.0,0.0,0.0,0.0,0.0,0.0,0.0,0.0,0.0,0.0,0.0,0.0,2.0,2.0,5.0,9.0,13.0,18.0,2,Industry,GI,Immunotherapy,2018,100.0,0.0,0.0,0.0,0.0
PMID 32416072 CT a_Summary_SoE.pdf,control,0,0.0,2.0,3.0,4.5,6.0,8.0,1.5,1.0,3.0,5.5,8.0,11.0,0.5,0.0,1.0,1.0,1.0,1.0,0.0,0.0,0.0,0.0,0.0,0.0,2.0,3.0,7.0,11.0,15.0,20.0,2,Industry,GI,Other,2017,40.0,55.00000000000001,5.0,0.0,60.00000000000001
PMID 32416072 CT a_Summary_SoE.pdf,intervention,0,0.0,2.0,3.0,4.5,6.0,8.0,1.5,1.0,3.0,5.5,8.0,11.0,0.5,0.0,1.0,1.0,1.0,1.0,0.0,0.0,0.0,0.0,0.0,0.0,2.0,3.0,7.0,11.0,15.0,20.0,2,Industry,GI,Other,2017,40.0,55.00000000000001,5.0,0.0,60.00000000000001
PMID 32416073 CT_Summary_SoE.pdf,control,0,0.0,2.0,5.0,9.0,13.0,18.0,2.0,0.0,0.0,0.0,0.0,0.0,0.0,0.0,0.0,0.0,0.0,0.0,0.0,0.0,0.0,0.0,0.0,0.0,2.0,2.0,5.0,9.0,13.0,18.0,2,Industry,GI,Immunotherapy,2017,100.0,0.0,0.0,0.0,0.0
PMID 32416073 CT_Summary_SoE.pdf,control,1,0.0,3.0,7.0,13.0,20.0,27.0,2.0,0.0,0.0,0.0,0.0,0.0,0.0,0.0,0.0,0.0,0.0,0.0,0.0,0.0,0.0,0.0,0.0,0.0,2.0,3.0,7.0,13.0,20.0,27.0,2,Industry,GI,Immunotherapy,2017,100.0,0.0,0.0,0.0,0.0
PMID 32416073 CT_Summary_SoE.pdf,intervention,0,0.0,3.0,7.0,13.0,20.0,27.0,2.0,0.0,0.0,0.0,0.0,0.0,0.0,0.0,0.0,0.0,0.0,0.0,0.0,0.0,0.0,0.0,0.0,0.0,2.0,3.0,7.0,13.0,20.0,27.0,2,Industry,GI,Immunotherapy,2017,100.0,0.0,0.0,0.0,0.0
PMID 32416780 a_Summary_SoE.pdf,control,0,0.0,4.0,9.0,18.0,26.0,36.0,1.0,0.0,0.0,0.0,0.0,0.0,1.0,1.0,2.0,2.0,2.0,2.0,0.0,0.0,0.0,0.0,0.0,0.0,2.0,5.0,11.0,20.0,28.0,38.0,2,Industry,GU,Immunotherapy,2016,94.73684210526315,0.0,5.263157894736842,0.0,5.263157894736842
PMID 32416780 a_Summary_SoE.pdf,intervention,0,0.0,2.0,5.0,9.0,13.0,18.0,1.0,0.0,0.0,0.0,0.0,0.0,1.0,0.0,0.0,0.0,0.0,0.0,0.0,0.0,0.0,0.0,0.0,0.0,2.0,2.0,5.0,9.0,13.0,18.0,2,Industry,GU,Immunotherapy,2016,100.0,0.0,0.0,0.0,0.0
PMID 32416780 a_Summary_SoE.pdf,intervention,1,0.0,4.0,9.0,18.0,26.0,36.0,1.0,0.0,0.0,0.0,0.0,0.0,1.0,1.0,2.0,2.0,2.0,2.0,0.0,0.0,0.0,0.0,0.0,0.0,2.0,5.0,11.0,20.0,28.0,38.0,2,Industry,GU,Immunotherapy,2016,94.73684210526315,0.0,5.263157894736842,0.0,5.263157894736842
PMID 32437507 a_Summary_SoE.pdf,control,0,0.0,2.5,7.0,13.0,20.0,27.0,1.0,0.0,0.0,0.0,0.0,0.0,1.0,0.0,0.0,0.0,0.0,0.0,0.0,0.0,0.0,0.0,0.0,0.0,2.0,2.5,7.0,13.0,20.0,27.0,2,Industry,CNS,Immunotherapy,2014,100.0,0.0,0.0,0.0,0.0
PMID 32437507 a_Summary_SoE.pdf,intervention,0,0.0,2.0,5.0,11.0,18.0,25.0,1.0,0.0,0.0,0.0,0.0,0.0,1.0,0.0,0.0,0.0,0.0,0.0,0.0,0.0,0.0,0.0,0.0,0.0,2.0,2.0,5.0,11.0,18.0,25.0,2,Industry,CNS,Immunotherapy,2014,100.0,0.0,0.0,0.0,0.0
PMID 32437507 a_Summary_SoE.pdf,intervention,1,0.0,2.5,7.0,13.0,20.0,27.0,1.0,0.0,0.0,0.0,0.0,0.0,1.0,0.0,0.0,0.0,0.0,0.0,0.0,0.0,0.0,0.0,0.0,0.0,2.0,2.5,7.0,13.0,20.0,27.0,2,Industry,CNS,Immunotherapy,2014,100.0,0.0,0.0,0.0,0.0
PMID 32459600 a_Summary_SoE.pdf,control,0,0.0,3.5,7.0,10.5,11.0,11.5,1.0,0.0,0.0,0.0,0.5,1.0,0.0,1.5,2.0,3.5,3.5,3.5,0.0,0.0,0.0,0.0,0.0,0.0,1.0,5.0,9.0,14.0,15.0,16.0,2,Industry,Heme,Targeted Therapy,2017,71.875,6.25,21.875,0.0,28.125
PMID 32459600 a_Summary_SoE.pdf,control,1,0.0,4.0,8.0,12.0,12.0,12.0,1.0,0.0,0.0,1.0,2.0,3.0,0.0,2.0,2.0,2.0,2.0,2.0,0.0,0.0,0.0,0.0,0.0,0.0,1.0,6.0,10.0,15.0,16.0,17.0,1,Industry,Heme,Targeted Therapy,2017,70.58823529411765,17.647058823529413,11.76470588235294,0.0,29.411764705882355
PMID 32459600 a_Summary_SoE.pdf,intervention,0,0.0,1.0,2.0,3.5,4.0,4.5,1.0,0.0,0.5,1.0,1.5,2.0,0.0,3.0,5.5,9.5,9.5,9.5,0.0,0.0,0.0,0.0,0.0,0.0,1.0,4.0,8.0,14.0,15.0,16.0,2,Industry,Heme,Targeted Therapy,2017,28.125,12.5,59.375,0.0,71.875
PMID 32460997 CT_Summary_SoE.pdf,control,0,0.0,3.0,7.0,10.0,10.0,10.0,1.0,0.0,0.0,0.0,0.0,0.0,0.0,0.0,0.0,1.5,4.5,8.0,0.0,0.0,0.0,0.0,0.0,0.0,1.0,3.0,7.0,11.5,14.5,18.0,2,Non-Industry,GYN,Targeted Therapy,2012,55.55555555555556,0.0,44.44444444444444,0.0,44.44444444444444
PMID 32460997 CT_Summary_SoE.pdf,intervention,0,0.0,10.5,31.0,46.5,46.5,46.5,1.0,0.0,0.0,0.0,0.0,0.0,0.0,0.0,0.0,1.5,4.5,8.0,0.0,0.0,0.0,0.0,0.0,0.0,1.0,10.5,31.0,48.0,51.0,54.5,2,Non-Industry,GYN,Targeted Therapy,2012,85.3211009174312,0.0,14.678899082568808,0.0,14.678899082568808
PMID 32460997 CT_Summary_SoE.pdf,intervention,1,0.0,12.0,35.0,35.0,35.0,35.0,1.0,0.0,0.0,0.0,0.0,0.0,0.0,0.0,0.0,3.0,6.0,10.0,0.0,0.0,0.0,0.0,0.0,0.0,1.0,12.0,35.0,38.0,41.0,45.0,1,Non-Industry,GYN,Targeted Therapy,2012,77.77777777777779,0.0,22.22222222222222,0.0,22.22222222222222
PMID 32469183 a_Summary_SoE.pdf,control,0,0.0,1.0,2.0,3.0,4.0,4.0,1.0,0.5,0.5,0.5,0.5,1.5,0.0,4.0,5.0,7.0,9.0,11.0,0.0,0.0,0.0,0.0,0.0,0.0,1.0,5.5,7.5,10.5,13.5,16.5,2,Industry,GU,Endocrine,2017,24.242424242424242,9.090909090909092,66.66666666666666,0.0,75.75757575757575
PMID 32469183 a_Summary_SoE.pdf,intervention,0,0.0,1.5,2.5,4.0,5.5,6.5,1.0,0.0,0.0,0.5,0.5,1.5,0.0,4.0,5.0,6.0,7.5,8.5,0.0,0.0,0.0,0.0,0.0,0.0,1.0,5.5,7.5,10.5,13.5,16.5,2,Industry,GU,Endocrine,2017,39.39393939393939,9.090909090909092,51.515151515151516,0.0,60.60606060606061
PMID 32469384 a_Summary_SoE.pdf,control,0,0.0,0.0,0.0,0.0,0.0,0.0,1.0,0.0,2.0,4.0,6.0,8.0,1.0,5.0,11.0,11.0,11.0,11.0,0.0,0.0,0.0,0.0,0.0,0.0,2.0,5.0,13.0,15.0,17.0,19.0,2,Industry,GU,Targeted Therapy,2017,0.0,42.10526315789473,57.89473684210527,0.0,100.0
PMID 32469384 a_Summary_SoE.pdf,intervention,0,0.0,0.0,0.0,0.0,0.0,0.0,1.0,0.0,2.0,4.0,6.0,8.0,1.0,5.0,11.0,11.0,11.0,11.0,0.0,0.0,0.0,0.0,0.0,0.0,2.0,5.0,13.0,15.0,17.0,19.0,2,Industry,GU,Targeted Therapy,2017,0.0,42.10526315789473,57.89473684210527,0.0,100.0
PMID 32496902 a_Summary_SoE.pdf,control,0,0.0,6.5,22.0,38.5,57.0,72.0,0.0,0.0,0.0,0.0,0.0,0.0,1.0,0.0,0.0,0.5,0.5,0.5,0.0,0.0,0.0,0.0,0.0,0.0,1.0,6.5,22.0,39.0,57.5,72.5,2,Non-Industry,Heme,Chemotherapy,2012,99.3103448275862,0.0,0.6896551724137931,0.0,0.6896551724137931
PMID 32496902 a_Summary_SoE.pdf,intervention,0,0.0,6.5,20.5,33.5,52.0,65.5,0.0,0.0,0.0,0.0,0.0,0.0,1.0,0.0,0.0,0.5,0.5,0.5,0.0,0.0,0.0,0.0,0.0,0.0,1.0,6.5,20.5,34.0,52.5,66.0,2,Non-Industry,Heme,Chemotherapy,2012,99.24242424242425,0.0,0.7575757575757576,0.0,0.7575757575757576
PMID 32496902 a_Summary_SoE.pdf,intervention,1,0.0,6.5,21.5,41.5,58.5,73.5,0.0,0.0,0.0,0.0,0.0,0.0,1.0,0.0,0.0,0.5,0.5,0.5,0.0,0.0,0.0,0.0,0.0,0.0,1.0,6.5,21.5,42.0,59.0,74.0,2,Non-Industry,Heme,Chemotherapy,2012,99.32432432432432,0.0,0.6756756756756757,0.0,0.6756756756756757
PMID 32496902 a_Summary_SoE.pdf,intervention,2,0.0,9.5,30.5,54.5,69.0,82.5,0.0,0.0,0.0,0.0,0.0,0.0,1.0,0.0,0.0,0.5,0.5,0.5,0.0,0.0,0.0,0.0,0.0,0.0,1.0,9.5,30.5,55.0,69.5,83.0,2,Non-Industry,Heme,Chemotherapy,2012,99.3975903614458,0.0,0.6024096385542169,0.0,0.6024096385542169
PMID 32496902 a_Summary_SoE.pdf,intervention,3,0.0,8.0,34.0,50.0,72.0,83.0,0.0,0.0,0.0,0.0,0.0,0.0,1.0,0.0,0.0,1.0,1.0,1.0,0.0,0.0,0.0,0.0,0.0,0.0,1.0,8.0,34.0,51.0,73.0,84.0,1,Non-Industry,Heme,Chemotherapy,2012,98.80952380952381,0.0,1.1904761904761905,0.0,1.1904761904761905
PMID 32534646 CT_Summary_SoE.pdf,control,0,0.0,2.0,6.0,12.0,19.0,26.0,1.0,1.5,2.5,2.5,2.5,2.5,1.0,0.0,1.5,1.5,1.5,1.5,0.0,0.5,2.0,2.0,2.0,2.0,2.0,4.0,12.0,18.0,25.0,32.0,2,Industry,Skin,Immunotherapy,2017,81.25,7.8125,4.6875,6.25,12.5
PMID 32534646 CT_Summary_SoE.pdf,intervention,0,0.0,2.0,6.0,12.0,19.0,26.0,1.0,1.5,2.5,2.5,2.5,2.5,1.0,0.0,1.5,1.5,1.5,1.5,0.0,0.5,2.0,2.0,2.0,2.0,2.0,4.0,12.0,18.0,25.0,32.0,2,Industry,Skin,Immunotherapy,2017,81.25,7.8125,4.6875,6.25,12.5
PMID 32564260 CT_Summary_SoE.pdf,control,0,0.0,2.0,5.0,9.0,13.0,18.0,1.0,0.0,0.0,0.0,0.0,0.0,0.0,0.0,0.0,0.0,0.0,0.0,1.0,0.0,0.0,0.0,0.0,0.0,2.0,2.0,5.0,9.0,13.0,18.0,2,Industry,Breast,Targeted Therapy,2016,100.0,0.0,0.0,0.0,0.0
PMID 32564260 CT_Summary_SoE.pdf,intervention,0,0.0,2.0,5.0,9.0,13.0,18.0,1.0,0.0,0.0,0.0,0.0,0.0,0.0,0.0,0.0,0.0,0.0,0.0,1.0,0.0,0.0,0.0,0.0,0.0,2.0,2.0,5.0,9.0,13.0,18.0,2,Industry,Breast,Targeted Therapy,2016,100.0,0.0,0.0,0.0,0.0
PMID 32678716 CT_Summary_SoE.pdf,control,0,0.0,2.0,5.0,9.0,13.0,18.0,1.0,0.0,0.0,0.0,0.0,0.0,1.0,0.0,0.0,0.0,0.0,0.0,0.0,2.0,2.0,2.0,2.0,2.0,2.0,4.0,7.0,11.0,15.0,20.0,2,Industry,Breast,Targeted Therapy,2013,90.0,0.0,0.0,10.0,0.0
PMID 32678716 CT_Summary_SoE.pdf,intervention,0,0.0,2.0,5.0,9.0,13.0,18.0,1.0,0.0,0.0,0.0,0.0,0.0,1.0,0.0,0.0,0.0,0.0,0.0,0.0,2.0,2.0,2.0,2.0,2.0,2.0,4.0,7.0,11.0,15.0,20.0,2,Industry,Breast,Targeted Therapy,2013,90.0,0.0,0.0,10.0,0.0
PMID 32682457 a_Summary_SoE.pdf,control,0,0.0,2.0,6.0,11.0,16.0,22.0,1.0,0.5,1.5,3.5,3.5,5.5,1.0,1.5,2.5,3.5,6.5,8.0,1.0,0.5,0.5,0.5,0.5,0.5,3.0,4.5,10.5,18.5,26.5,36.0,2,Industry,GI,Chemotherapy,2014,61.111111111111114,15.277777777777779,22.22222222222222,1.3888888888888888,37.5
PMID 32682457 a_Summary_SoE.pdf,intervention,0,0.0,3.0,7.0,13.0,20.0,27.0,1.0,0.5,0.5,0.5,0.5,0.5,1.0,0.5,0.5,0.5,0.5,0.5,1.0,0.5,0.5,0.5,0.5,0.5,3.0,4.5,8.5,14.5,21.5,28.5,2,Industry,GI,Chemotherapy,2014,94.73684210526315,1.7543859649122806,1.7543859649122806,1.7543859649122806,3.508771929824561
PMID 32682484 a_Summary_SoE.pdf,control,0,0.0,8.0,20.0,40.0,60.0,79.0,1.0,0.0,0.0,0.0,0.0,0.0,0.5,0.0,0.0,0.0,0.0,0.0,0.0,0.0,0.0,0.0,0.0,0.0,1.5,8.0,20.0,40.0,60.0,79.0,2,Industry,Heme,Targeted Therapy,2017,100.0,0.0,0.0,0.0,0.0
PMID 32682484 a_Summary_SoE.pdf,intervention,0,0.0,9.0,22.0,42.0,62.0,81.0,1.0,0.0,0.0,0.0,0.0,0.0,0.5,0.0,0.0,0.0,0.0,0.0,0.0,0.0,0.0,0.0,0.0,0.0,1.5,9.0,22.0,42.0,62.0,81.0,2,Industry,Heme,Targeted Therapy,2017,100.0,0.0,0.0,0.0,0.0
PMID 32706639 a_Summary_SoE.pdf,control,0,0.0,1.0,1.0,1.0,1.0,1.0,2.0,0.0,0.0,0.0,0.0,0.0,0.5,1.0,2.0,3.0,4.0,5.0,0.0,0.0,0.0,0.0,0.0,0.0,2.5,2.0,3.0,4.0,5.0,6.0,2,Non-Industry,GU,Chemotherapy,2007,16.666666666666664,0.0,83.33333333333334,0.0,83.33333333333334
PMID 32706639 a_Summary_SoE.pdf,intervention,0,0.0,2.0,5.0,6.5,7.0,7.0,1.5,0.0,0.0,0.5,0.5,0.5,0.5,0.0,0.0,1.0,2.5,3.5,0.0,0.0,0.0,0.0,0.0,0.0,2.0,2.0,5.0,8.0,10.0,11.0,2,Non-Industry,GU,Chemotherapy,2007,63.63636363636363,4.545454545454546,31.818181818181817,0.0,36.36363636363636
PMID 32786187 a_Summary_SoE.pdf,control,0,0.0,9.0,27.0,49.0,70.0,92.0,1.0,0.0,0.0,0.0,0.0,0.0,0.0,4.0,4.0,5.0,6.0,8.0,0.5,0.0,0.0,0.0,0.0,0.0,1.5,13.0,31.0,54.0,76.0,100.0,2,Industry,Heme,Targeted Therapy,2017,92.0,0.0,8.0,0.0,8.0
PMID 32786187 a_Summary_SoE.pdf,intervention,0,0.0,9.0,27.0,49.0,70.0,92.0,1.0,0.0,0.0,0.0,0.0,0.0,0.0,4.0,4.0,5.0,6.0,8.0,0.5,0.0,0.0,0.0,0.0,0.0,1.5,13.0,31.0,54.0,76.0,100.0,2,Industry,Heme,Targeted Therapy,2017,92.0,0.0,8.0,0.0,8.0
PMID 32813610 a_Summary_SoE.pdf,control,0,0.0,5.0,19.0,31.5,40.0,43.0,0.0,0.0,0.0,0.0,0.0,0.0,0.5,0.0,0.0,0.0,0.0,0.0,0.5,0.0,0.0,0.0,0.0,0.0,1.0,5.0,19.0,31.5,40.0,43.0,2,Non-Industry,Heme,Chemotherapy,2007,100.0,0.0,0.0,0.0,0.0
PMID 32813610 a_Summary_SoE.pdf,intervention,0,0.0,5.0,19.0,31.0,39.5,42.5,0.0,0.0,0.0,0.0,0.0,0.0,0.5,0.0,0.0,0.0,0.0,0.0,0.5,0.0,0.0,0.0,0.0,0.0,1.0,5.0,19.0,31.0,39.5,42.5,2,Non-Industry,Heme,Chemotherapy,2007,100.0,0.0,0.0,0.0,0.0
PMID 32813610 a_Summary_SoE.pdf,intervention,1,0.0,5.0,29.0,42.5,65.0,72.0,0.0,0.0,0.0,0.0,0.0,0.0,0.5,0.0,0.0,0.0,0.0,0.0,0.5,0.0,0.0,0.0,0.0,0.0,1.0,5.0,29.0,42.5,65.0,72.0,2,Non-Industry,Heme,Chemotherapy,2007,100.0,0.0,0.0,0.0,0.0
PMID 32813610 a_Summary_SoE.pdf,intervention,2,0.0,5.0,29.0,44.0,66.5,73.5,0.0,0.0,0.0,0.0,0.0,0.0,0.5,0.0,0.0,0.0,0.0,0.0,0.5,0.0,0.0,0.0,0.0,0.0,1.0,5.0,29.0,44.0,66.5,73.5,2,Non-Industry,Heme,Chemotherapy,2007,100.0,0.0,0.0,0.0,0.0
PMID 32822286 a_Summary_SoE.pdf,control,0,0.0,2.0,4.0,7.0,10.0,14.0,2.0,0.0,0.0,0.0,0.0,0.0,1.0,3.0,5.0,5.0,5.0,5.0,0.5,0.0,0.0,0.0,0.0,0.0,3.5,5.0,9.0,12.0,15.0,19.0,2,Industry,GYN,Other,2013,73.68421052631578,0.0,26.31578947368421,0.0,26.31578947368421
PMID 32822286 a_Summary_SoE.pdf,control,1,0.0,4.0,10.0,19.5,29.0,40.0,2.0,0.0,0.0,0.0,0.0,0.0,1.0,1.0,1.0,1.0,1.0,1.0,0.5,0.0,0.0,0.0,0.0,0.0,3.5,5.0,11.0,20.5,30.0,41.0,2,Industry,GYN,Other,2013,97.5609756097561,0.0,2.4390243902439024,0.0,2.4390243902439024
PMID 32822286 a_Summary_SoE.pdf,control,2,0.0,10.0,25.0,45.0,65.0,90.0,2.0,0.0,0.0,0.0,0.0,0.0,1.0,3.0,4.0,4.0,4.0,4.0,0.5,0.0,0.0,0.0,0.0,0.0,3.5,13.0,29.0,49.0,69.0,94.0,2,Industry,GYN,Other,2013,95.74468085106383,0.0,4.25531914893617,0.0,4.25531914893617
PMID 32822286 a_Summary_SoE.pdf,intervention,0,0.0,1.0,2.0,3.5,5.0,7.0,2.0,2.0,2.5,3.5,5.0,7.0,1.0,0.0,0.5,1.0,1.0,1.0,0.5,0.0,1.0,1.0,1.0,1.0,3.5,3.0,6.0,9.0,12.0,16.0,2,Industry,GYN,Other,2013,43.75,43.75,6.25,6.25,50.0
PMID 32861273 CT_Summary_SoE.pdf,control,0,0.0,5.0,13.0,26.0,39.0,53.0,1.0,0.0,0.0,0.0,0.0,0.0,1.0,0.0,0.0,0.0,0.0,0.0,0.0,0.0,0.0,0.0,0.0,0.0,2.0,5.0,13.0,26.0,39.0,53.0,2,Industry,Breast,Targeted Therapy,2014,100.0,0.0,0.0,0.0,0.0
PMID 32861273 CT_Summary_SoE.pdf,intervention,0,0.0,5.0,13.0,26.0,39.0,53.0,1.0,0.0,0.0,0.0,0.0,0.0,1.0,0.0,0.0,0.0,0.0,0.0,0.0,0.0,0.0,0.0,0.0,0.0,2.0,5.0,13.0,26.0,39.0,53.0,2,Industry,Breast,Targeted Therapy,2014,100.0,0.0,0.0,0.0,0.0
PMID 32880601a_Summary_SoE.pdf,control,0,0.5,4.0,10.0,18.0,26.0,36.0,1.0,0.0,0.0,0.0,0.0,0.0,0.0,0.0,0.0,0.0,0.0,0.0,0.5,0.0,0.0,0.0,0.0,0.0,2.0,4.0,10.0,18.0,26.0,36.0,2,Industry,GI,Immunotherapy,2015,100.0,0.0,0.0,0.0,0.0
PMID 32880601a_Summary_SoE.pdf,intervention,0,0.5,2.0,5.0,9.0,13.0,18.0,1.0,0.0,0.0,0.0,0.0,0.0,0.0,0.0,0.0,0.0,0.0,0.0,0.5,0.0,0.0,0.0,0.0,0.0,2.0,2.0,5.0,9.0,13.0,18.0,2,Industry,GI,Immunotherapy,2015,100.0,0.0,0.0,0.0,0.0
PMID 32880601a_Summary_SoE.pdf,intervention,1,0.5,4.0,10.0,18.0,26.0,36.0,1.0,0.0,0.0,0.0,0.0,0.0,0.0,0.0,0.0,0.0,0.0,0.0,0.5,0.0,0.0,0.0,0.0,0.0,2.0,4.0,10.0,18.0,26.0,36.0,2,Industry,GI,Immunotherapy,2015,100.0,0.0,0.0,0.0,0.0
PMID 32945632 a_Summary_SoE.pdf,control,0,0.0,0.0,0.0,0.0,0.0,0.0,1.0,0.0,1.0,3.0,4.0,6.0,0.5,2.0,3.0,4.0,6.0,8.0,0.0,0.0,0.0,0.0,0.0,0.0,1.5,2.0,4.0,7.0,10.0,14.0,2,Industry,GU,Immunotherapy,2016,0.0,42.857142857142854,57.14285714285714,0.0,100.0
PMID 32945632 a_Summary_SoE.pdf,intervention,0,0.0,3.0,7.0,13.0,19.5,27.0,1.0,0.0,0.0,0.0,0.0,0.0,0.5,0.0,0.0,0.0,0.0,0.0,0.0,0.0,0.0,0.0,0.0,0.0,1.5,3.0,7.0,13.0,19.5,27.0,2,Industry,GU,Immunotherapy,2016,100.0,0.0,0.0,0.0,0.0
PMID 32954927a_Summary_SoE.pdf,control,0,0.0,0.5,0.5,0.5,0.5,0.5,1.5,0.0,0.0,0.0,0.0,1.0,0.5,2.5,5.5,8.5,9.5,9.5,1.0,0.0,0.0,0.0,0.0,0.0,3.0,3.0,6.0,9.0,10.0,11.0,2,Industry,Breast,Targeted Therapy,2017,4.545454545454546,9.090909090909092,86.36363636363636,0.0,95.45454545454545
PMID 32954927a_Summary_SoE.pdf,intervention,0,0.0,2.0,3.5,5.0,5.5,6.0,1.5,0.0,0.0,0.0,0.0,0.5,0.5,1.0,2.5,4.0,4.5,4.5,1.0,0.0,0.0,0.0,0.0,0.0,3.0,3.0,6.0,9.0,10.0,11.0,2,Industry,Breast,Targeted Therapy,2017,54.54545454545454,4.545454545454546,40.909090909090914,0.0,45.45454545454546
PMID 32971005 CT_Summary_SoE.pdf,control,0,0.0,5.0,11.5,18.0,18.0,18.0,1.0,0.0,0.0,0.5,2.0,4.0,0.0,0.0,0.0,0.0,1.5,2.5,0.0,0.0,0.0,1.0,1.5,1.5,1.0,5.0,11.5,19.5,23.0,26.0,2,Industry,GU,Immunotherapy,2015,69.23076923076923,15.384615384615385,9.615384615384617,5.769230769230769,25.0
PMID 32971005 CT_Summary_SoE.pdf,control,1,0.0,6.0,14.0,24.0,24.0,24.0,1.0,0.0,0.0,1.0,2.0,4.0,0.0,0.0,0.0,0.0,0.0,0.0,0.0,0.0,0.0,0.0,2.0,2.0,1.0,6.0,14.0,25.0,28.0,30.0,1,Industry,GU,Immunotherapy,2015,80.0,13.333333333333334,0.0,6.666666666666667,13.333333333333334
PMID 32971005 CT_Summary_SoE.pdf,intervention,0,0.0,2.0,4.0,7.0,10.0,13.0,1.0,0.0,0.0,0.0,0.0,0.0,0.0,0.0,0.0,0.0,0.0,0.0,0.0,0.0,0.0,0.0,0.0,0.0,1.0,2.0,4.0,7.0,10.0,13.0,2,Industry,GU,Immunotherapy,2015,100.0,0.0,0.0,0.0,0.0
PMID 32971005 CT_Summary_SoE.pdf,intervention,1,0.0,2.0,4.0,7.0,10.0,13.0,1.0,0.0,0.0,0.0,0.0,0.0,0.0,0.0,0.0,0.0,0.0,0.0,0.0,0.0,0.0,0.0,0.0,0.0,1.0,2.0,4.0,7.0,10.0,13.0,2,Industry,GU,Immunotherapy,2015,100.0,0.0,0.0,0.0,0.0
PMID 32997907 a_Summary_SoE.pdf,control,0,0.0,3.0,7.0,12.0,16.0,21.0,0.5,0.0,0.0,0.0,0.0,0.0,1.0,0.0,0.0,0.0,0.0,0.0,0.0,0.0,0.0,0.0,0.0,0.0,1.5,4.0,8.0,13.0,17.0,22.0,2,Industry,Thor,Immunotherapy,2015,95.45454545454545,0.0,0.0,0.0,0.0
PMID 32997907 a_Summary_SoE.pdf,control,1,0.0,4.0,9.0,12.0,12.0,12.0,0.0,0.0,0.0,2.0,4.0,6.0,1.0,0.0,0.0,0.0,0.0,0.0,0.0,0.0,0.0,0.0,0.0,0.0,1.0,4.0,9.0,14.0,16.0,18.0,1,Industry,Thor,Immunotherapy,2015,66.66666666666666,33.33333333333333,0.0,0.0,33.33333333333333
PMID 32997907 a_Summary_SoE.pdf,intervention,0,0.0,2.0,5.0,9.0,13.0,18.0,0.5,0.0,0.0,0.0,0.0,0.0,1.0,0.0,0.0,0.0,0.0,0.0,0.0,0.0,0.0,0.0,0.0,0.0,1.5,3.0,6.0,10.0,14.0,19.0,2,Industry,Thor,Immunotherapy,2015,94.73684210526315,0.0,0.0,0.0,0.0
PMID 33010094 CT_Summary_SoE.pdf,control,0,0.0,0.0,0.0,0.0,0.0,0.0,0.0,0.0,0.0,0.0,0.0,0.0,0.5,0.0,0.0,0.0,0.0,0.0,0.5,0.0,1.0,2.5,4.0,5.5,1.0,0.0,1.0,2.5,4.0,5.5,2,Non-Industry,Thor,Other,2012,0.0,0.0,0.0,100.0,0.0
PMID 33010094 CT_Summary_SoE.pdf,control,1,0.0,0.0,0.0,0.0,0.0,0.0,0.0,0.0,0.0,0.0,0.0,0.0,1.0,0.0,0.0,0.0,0.0,0.0,0.0,0.0,1.0,3.0,4.0,5.0,1.0,0.0,1.0,3.0,4.0,5.0,1,Non-Industry,Thor,Other,2012,0.0,0.0,0.0,100.0,0.0
PMID 33010094 CT_Summary_SoE.pdf,intervention,0,0.0,0.0,0.0,0.0,0.0,0.0,0.0,0.0,0.0,0.0,0.0,0.0,0.5,0.0,0.0,0.0,0.0,0.0,0.5,0.0,1.0,2.5,4.0,5.5,1.0,0.0,1.0,2.5,4.0,5.5,2,Non-Industry,Thor,Other,2012,0.0,0.0,0.0,100.0,0.0
PMID 33010094 CT_Summary_SoE.pdf,intervention,1,0.0,0.0,0.0,0.0,0.0,0.0,0.0,0.0,0.0,0.0,0.0,0.0,0.0,0.0,0.0,0.0,0.0,0.0,1.0,0.0,1.0,2.0,4.0,6.0,1.0,0.0,1.0,2.0,4.0,6.0,1,Non-Industry,Thor,Other,2012,0.0,0.0,0.0,100.0,0.0
PMID 33021870 a_Summary_SoE.pdf,control,0,0.0,4.0,7.0,11.0,14.0,16.0,1.0,0.0,0.0,0.0,0.0,0.0,0.0,0.0,0.0,0.0,0.0,2.0,0.0,0.0,0.0,0.0,0.0,0.0,1.0,4.0,7.0,11.0,14.0,18.0,2,Industry,Heme,Targeted Therapy,2015,88.88888888888889,0.0,11.11111111111111,0.0,11.11111111111111
PMID 33021870 a_Summary_SoE.pdf,intervention,0,0.0,4.0,7.0,11.0,14.0,16.0,1.0,0.0,0.0,0.0,0.0,0.0,0.0,0.0,0.0,0.0,0.0,2.0,0.0,0.0,0.0,0.0,0.0,0.0,1.0,4.0,7.0,11.0,14.0,18.0,2,Industry,Heme,Targeted Therapy,2015,88.88888888888889,0.0,11.11111111111111,0.0,11.11111111111111
PMID 33026938 CT_Summary_SoE.pdf,control,0,0.0,2.0,5.0,9.0,13.0,18.0,1.0,0.0,0.0,0.0,0.0,0.0,0.0,0.0,0.0,0.0,0.0,0.0,0.0,0.0,0.0,0.0,0.0,0.0,1.0,2.0,5.0,9.0,13.0,18.0,2,Industry,GI,Immunotherapy,2015,100.0,0.0,0.0,0.0,0.0
PMID 33026938 CT_Summary_SoE.pdf,control,1,0.0,3.0,7.0,13.0,20.0,27.0,1.0,0.0,0.0,0.0,0.0,0.0,0.0,0.0,0.0,0.0,0.0,0.0,0.0,0.0,0.0,0.0,0.0,0.0,1.0,3.0,7.0,13.0,20.0,27.0,2,Industry,GI,Immunotherapy,2015,100.0,0.0,0.0,0.0,0.0
PMID 33026938 CT_Summary_SoE.pdf,control,2,0.0,4.0,10.0,19.0,29.0,40.0,1.0,0.0,0.0,0.0,0.0,0.0,0.0,0.0,0.0,0.0,0.0,0.0,0.0,0.0,0.0,0.0,0.0,0.0,1.0,4.0,10.0,19.0,29.0,40.0,2,Industry,GI,Immunotherapy,2015,100.0,0.0,0.0,0.0,0.0
PMID 33026938 CT_Summary_SoE.pdf,intervention,0,0.0,2.0,5.0,9.0,13.0,18.0,1.0,0.0,0.0,0.0,0.0,0.0,0.0,0.0,0.0,0.0,0.0,0.0,0.0,0.0,0.0,0.0,0.0,0.0,1.0,2.0,5.0,9.0,13.0,18.0,2,Industry,GI,Immunotherapy,2015,100.0,0.0,0.0,0.0,0.0
PMID 33044684 CT_Summary_SoE.pdf,control,0,0.0,4.0,5.0,6.0,6.0,6.0,1.0,0.0,0.0,0.0,1.0,1.0,0.0,0.5,0.5,0.5,0.5,0.5,0.0,0.0,0.0,0.0,0.0,0.0,1.0,4.5,5.5,6.5,7.5,7.5,2,Industry,Heme,Targeted Therapy,2016,80.0,13.333333333333334,6.666666666666667,0.0,20.0
PMID 33044684 CT_Summary_SoE.pdf,intervention,0,0.0,4.0,5.0,6.0,6.0,6.0,1.0,0.0,0.0,0.0,1.0,1.0,0.0,0.5,0.5,0.5,0.5,0.5,0.0,0.0,0.0,0.0,0.0,0.0,1.0,4.5,5.5,6.5,7.5,7.5,2,Industry,Heme,Targeted Therapy,2016,80.0,13.333333333333334,6.666666666666667,0.0,20.0
PMID 33078978 a_Summary_SoE.pdf,control,0,0.0,2.0,5.0,7.0,7.0,7.0,1.0,0.0,0.0,1.0,2.0,3.0,1.0,3.0,8.0,14.0,14.0,14.0,0.0,0.0,0.0,0.0,0.0,0.0,2.0,5.0,13.0,22.0,23.0,24.0,1,Non-Industry,GYN,Chemotherapy,2003,29.166666666666668,12.5,58.333333333333336,0.0,70.83333333333334
PMID 33078978 a_Summary_SoE.pdf,intervention,0,0.0,4.0,9.0,12.5,12.5,12.5,1.0,0.0,1.0,2.0,3.0,4.0,1.0,3.0,8.0,14.0,14.0,14.0,0.0,0.0,0.0,0.0,0.5,0.5,2.0,7.0,18.0,28.5,30.0,31.0,2,Non-Industry,GYN,Chemotherapy,2003,40.32258064516129,12.903225806451612,45.16129032258064,1.6129032258064515,58.064516129032256
PMID 33078978 a_Summary_SoE.pdf,intervention,1,0.0,4.0,6.0,9.0,9.0,9.0,1.0,0.0,3.0,5.0,6.0,7.0,1.0,3.0,8.0,14.0,14.0,14.0,0.0,0.0,0.0,0.0,1.0,1.0,2.0,7.0,17.0,28.0,30.0,31.0,1,Non-Industry,GYN,Chemotherapy,2003,29.03225806451613,22.58064516129032,45.16129032258064,3.225806451612903,67.74193548387096
PMID 33129376 a_Summary_SoE.pdf,control,0,0.0,7.0,18.0,34.0,44.0,56.0,1.0,0.0,0.0,0.0,0.0,0.0,0.5,0.0,0.0,0.0,0.0,0.0,0.0,0.0,0.0,0.0,0.0,0.0,1.5,7.0,18.0,34.0,44.0,56.0,2,Industry,Heme,Targeted Therapy,2016,100.0,0.0,0.0,0.0,0.0
PMID 33129376 a_Summary_SoE.pdf,intervention,0,0.0,7.0,18.0,34.0,44.0,56.0,1.0,0.0,0.0,0.0,0.0,0.0,0.5,0.0,0.0,0.0,0.0,0.0,0.0,0.0,0.0,0.0,0.0,0.0,1.5,7.0,18.0,34.0,44.0,56.0,2,Industry,Heme,Targeted Therapy,2016,100.0,0.0,0.0,0.0,0.0
PMID 33186740 a_Summary_SoE.pdf,control,0,0.0,0.0,0.0,0.0,0.0,0.0,0.0,0.0,0.0,0.0,0.0,0.0,0.0,0.0,0.0,0.0,0.0,0.0,0.0,0.0,0.0,0.0,0.0,0.0,0.0,0.0,0.0,0.0,0.0,0.0,2,Industry,Breast,Endocrine,2015,0.0,0.0,0.0,0.0,0.0
PMID 33186740 a_Summary_SoE.pdf,intervention,0,0.0,0.0,0.0,0.0,0.0,0.0,0.0,0.0,0.0,0.0,0.0,0.0,0.0,0.0,0.0,0.0,0.0,0.0,0.0,0.0,0.0,0.0,0.0,0.0,0.0,0.0,0.0,0.0,0.0,0.0,2,Industry,Breast,Endocrine,2015,0.0,0.0,0.0,0.0,0.0
PMID 33189178 a_Summary_SoE.pdf,control,0,0.0,7.0,18.0,34.0,44.0,56.0,1.5,1.5,1.5,1.5,1.5,1.5,0.5,0.5,0.5,0.5,1.5,1.5,0.0,0.0,0.0,0.0,0.0,0.0,2.0,9.0,20.0,36.0,47.0,59.0,2,Industry,GU,Targeted Therapy,2017,94.91525423728814,2.5423728813559325,2.5423728813559325,0.0,5.084745762711865
PMID 33189178 a_Summary_SoE.pdf,intervention,0,0.0,4.0,11.5,22.0,33.0,44.0,1.5,1.5,1.5,1.5,1.5,1.5,0.5,0.5,1.0,1.5,1.5,1.5,0.0,0.0,0.0,0.0,0.0,0.0,2.0,6.0,14.0,25.0,36.0,47.0,2,Industry,GU,Targeted Therapy,2017,93.61702127659575,3.1914893617021276,3.1914893617021276,0.0,6.382978723404255
PMID 33194700 CT a_Summary_SoE.pdf,control,0,0.0,1.0,2.0,3.5,5.0,7.0,1.0,0.0,0.5,1.5,2.0,3.0,1.0,1.0,1.5,2.0,3.0,4.0,0.0,0.0,0.0,0.0,0.0,0.0,2.0,2.0,4.0,7.0,10.0,14.0,2,Industry,Thor,Targeted Therapy,2014,50.0,21.428571428571427,28.57142857142857,0.0,50.0
PMID 33194700 CT a_Summary_SoE.pdf,intervention,0,0.0,1.0,2.0,3.5,5.0,7.0,1.0,1.0,1.5,2.5,3.0,4.0,1.0,0.0,0.5,1.0,2.0,3.0,0.0,0.0,0.0,0.0,0.0,0.0,2.0,2.0,4.0,7.0,10.0,14.0,2,Industry,Thor,Targeted Therapy,2014,50.0,28.57142857142857,21.428571428571427,0.0,50.0
PMID 33197226 a_Summary_SoE.pdf,control,0,0.0,2.5,6.0,6.0,6.0,6.0,1.5,0.0,1.0,1.0,1.0,1.0,0.5,0.0,0.0,2.5,4.5,6.5,0.0,0.0,0.5,2.5,4.5,7.0,2.0,2.5,7.5,12.0,16.0,20.5,2,Industry,GI,Immunotherapy,2015,29.268292682926827,4.878048780487805,31.70731707317073,34.146341463414636,36.58536585365854
PMID 33197226 a_Summary_SoE.pdf,control,1,0.0,2.5,6.5,13.0,19.5,26.5,1.5,0.0,1.0,1.0,1.0,1.0,0.5,0.0,0.0,0.0,0.0,0.0,0.0,0.0,0.0,0.0,0.0,0.0,2.0,2.5,7.5,14.0,20.5,27.5,2,Industry,GI,Immunotherapy,2015,96.36363636363636,3.6363636363636362,0.0,0.0,3.6363636363636362
PMID 33197226 a_Summary_SoE.pdf,intervention,0,0.0,2.5,6.5,13.0,19.5,26.5,1.5,0.0,1.0,1.0,1.0,1.0,0.5,0.0,0.0,0.0,0.0,0.0,0.0,0.0,0.0,0.0,0.0,0.0,2.0,2.5,7.5,14.0,20.5,27.5,2,Industry,GI,Immunotherapy,2015,96.36363636363636,3.6363636363636362,0.0,0.0,3.6363636363636362
PMID 33207094 a_Summary_SoE.pdf,control,0,0.0,1.5,2.5,4.0,5.5,7.5,1.0,0.5,1.0,2.0,2.5,3.5,0.0,2.0,2.5,3.0,4.0,5.0,0.0,0.0,0.0,0.0,0.0,0.0,1.0,4.0,6.0,9.0,12.0,16.0,2,Industry,Thor,Targeted Therapy,2017,46.875,21.875,31.25,0.0,53.125
PMID 33207094 a_Summary_SoE.pdf,intervention,0,0.0,1.5,2.5,4.0,5.5,7.5,1.0,2.5,3.0,4.0,4.5,5.5,0.0,0.0,0.5,1.0,2.0,3.0,0.0,0.0,0.0,0.0,0.0,0.0,1.0,4.0,6.0,9.0,12.0,16.0,2,Industry,Thor,Targeted Therapy,2017,46.875,34.375,18.75,0.0,53.125
PMID 33231285 a_Summary_SoE.pdf,control,0,0.0,2.0,5.0,9.0,13.0,18.0,1.0,0.0,0.0,0.0,0.0,0.0,0.5,0.0,0.0,0.0,0.0,0.0,0.0,0.0,0.0,0.0,0.0,0.0,1.5,2.0,5.0,9.0,13.0,18.0,2,Industry,Thor,Immunotherapy,2016,100.0,0.0,0.0,0.0,0.0
PMID 33231285 a_Summary_SoE.pdf,intervention,0,0.0,2.0,5.0,9.0,13.0,18.0,1.0,0.0,0.0,0.0,0.0,0.0,0.5,0.0,0.0,0.0,0.0,0.0,0.0,0.0,0.0,0.0,0.0,0.0,1.5,2.0,5.0,9.0,13.0,18.0,2,Industry,Thor,Immunotherapy,2016,100.0,0.0,0.0,0.0,0.0
PMID 33278935 a_Summary_SoE.pdf,control,0,0.0,4.0,9.5,19.0,28.0,38.0,1.0,0.0,0.5,1.5,2.0,3.0,1.0,0.0,0.0,0.0,0.0,0.0,0.0,0.0,0.0,0.0,0.0,0.0,2.0,4.0,10.0,20.5,30.0,41.0,2,Industry,Breast,Immunotherapy,2016,92.6829268292683,7.317073170731707,0.0,0.0,7.317073170731707
PMID 33278935 a_Summary_SoE.pdf,intervention,0,0.0,4.0,9.5,19.0,28.0,38.0,1.0,0.0,0.5,1.5,2.0,3.0,1.0,0.0,0.0,0.0,0.0,0.0,0.0,0.0,0.0,0.0,0.0,0.0,2.0,4.0,10.0,20.5,30.0,41.0,2,Industry,Breast,Immunotherapy,2016,92.6829268292683,7.317073170731707,0.0,0.0,7.317073170731707
PMID 33357420 CT_Summary_SoE.pdf,control,0,0.0,2.5,7.0,13.0,17.0,21.5,1.0,0.0,0.0,0.5,0.5,0.5,1.0,0.0,1.0,4.5,8.5,8.5,0.0,0.0,0.0,0.0,0.0,0.0,2.0,2.5,8.0,18.0,26.0,30.5,2,Industry,Breast,Targeted Therapy,2018,70.49180327868852,1.639344262295082,27.86885245901639,0.0,29.508196721311474
PMID 33357420 CT_Summary_SoE.pdf,intervention,0,0.0,2.5,7.0,13.0,17.0,21.5,1.0,0.0,0.0,0.5,0.5,0.5,1.0,0.0,1.0,4.5,8.5,8.5,0.0,0.0,0.0,0.0,0.0,0.0,2.0,2.5,8.0,18.0,26.0,30.5,2,Industry,Breast,Targeted Therapy,2018,70.49180327868852,1.639344262295082,27.86885245901639,0.0,29.508196721311474
PMID 33369355 a_Summary_SoE.pdf,control,0,0.0,2.0,4.0,7.0,10.0,14.0,0.5,0.0,0.0,0.0,0.0,0.0,0.5,3.0,7.0,10.0,13.5,17.0,0.5,0.0,0.0,0.0,0.0,0.0,1.5,5.0,11.0,17.0,23.5,31.0,2,Industry,Heme,Chemotherapy,2013,45.16129032258064,0.0,54.83870967741935,0.0,54.83870967741935
PMID 33369355 a_Summary_SoE.pdf,intervention,0,0.0,2.0,4.0,7.0,10.0,14.0,0.5,0.0,0.0,0.0,0.0,0.0,0.5,3.0,7.0,10.0,13.5,17.0,0.5,0.0,0.0,0.0,0.0,0.0,1.5,5.0,11.0,17.0,23.5,31.0,2,Industry,Heme,Chemotherapy,2013,45.16129032258064,0.0,54.83870967741935,0.0,54.83870967741935
PMID 33476593 a_Summary_SoE.pdf,control,0,0.0,2.0,5.0,9.0,13.0,18.0,1.0,0.0,0.0,0.0,0.0,0.0,1.0,0.0,0.0,0.0,0.0,0.0,0.0,0.0,0.0,0.0,0.0,0.0,2.0,2.0,5.0,9.0,13.0,18.0,2,Industry,Thor,Immunotherapy,2017,100.0,0.0,0.0,0.0,0.0
PMID 33476593 a_Summary_SoE.pdf,intervention,0,0.0,2.0,5.0,9.0,13.0,18.0,1.0,0.0,0.0,0.0,0.0,0.0,1.0,0.0,0.0,0.0,0.0,0.0,0.0,0.0,0.0,0.0,0.0,0.0,2.0,2.0,5.0,9.0,13.0,18.0,2,Industry,Thor,Immunotherapy,2017,100.0,0.0,0.0,0.0,0.0
PMID 33480963 a_Summary_SoE.pdf,control,0,0.0,4.0,9.0,18.0,26.0,36.0,2.0,0.0,0.0,0.0,0.0,0.0,0.0,0.0,0.0,0.0,0.0,0.0,0.0,0.0,0.0,0.0,0.0,0.0,2.0,4.0,9.0,18.0,26.0,36.0,2,Industry,Breast,Targeted Therapy,2015,100.0,0.0,0.0,0.0,0.0
PMID 33480963 a_Summary_SoE.pdf,intervention,0,0.0,4.0,9.0,18.0,26.0,36.0,2.0,0.0,0.0,0.0,0.0,0.0,0.0,0.0,0.0,0.0,0.0,0.0,0.0,0.0,0.0,0.0,0.0,0.0,2.0,4.0,9.0,18.0,26.0,36.0,2,Industry,Breast,Targeted Therapy,2015,100.0,0.0,0.0,0.0,0.0
PMID 33485464 a_Summary_SoE.pdf,control,0,0.0,2.0,5.0,6.0,6.0,6.0,0.5,0.0,0.0,2.0,4.0,6.0,1.0,0.0,0.0,0.0,0.0,0.0,0.0,0.0,0.0,1.0,2.0,3.0,1.5,2.0,5.0,9.0,12.0,15.0,2,Industry,Other,Immunotherapy,2016,40.0,40.0,0.0,20.0,40.0
PMID 33485464 a_Summary_SoE.pdf,intervention,0,0.0,3.0,7.0,13.0,20.0,27.0,0.5,0.0,0.0,0.0,0.0,0.0,1.0,0.0,0.0,0.0,0.0,0.0,0.0,0.0,0.0,0.0,0.0,0.0,1.5,3.0,7.0,13.0,20.0,27.0,2,Industry,Other,Immunotherapy,2016,100.0,0.0,0.0,0.0,0.0
PMID 33513313 a_Summary_SoE.pdf,control,0,0.0,2.0,5.0,9.0,13.0,18.0,1.0,0.0,0.0,0.0,0.0,0.0,0.0,0.0,2.5,2.5,2.5,2.5,0.0,0.0,0.0,0.0,0.0,0.0,1.0,2.0,7.5,11.5,15.5,20.5,2,Industry,Thor,Immunotherapy,2017,87.8048780487805,0.0,12.195121951219512,0.0,12.195121951219512
PMID 33513313 a_Summary_SoE.pdf,intervention,0,0.0,2.0,5.0,9.0,13.0,18.0,1.0,0.0,0.0,0.0,0.0,0.0,0.0,0.0,2.5,2.5,2.5,2.5,0.0,0.0,0.0,0.0,0.0,0.0,1.0,2.0,7.5,11.5,15.5,20.5,2,Industry,Thor,Immunotherapy,2017,87.8048780487805,0.0,12.195121951219512,0.0,12.195121951219512
PMID 33539945 CT_Summary_SoE.pdf,control,0,0.0,4.0,10.0,20.0,30.0,40.0,1.0,0.0,0.0,0.0,0.0,0.0,0.0,0.0,0.0,0.0,0.0,0.0,0.0,0.0,0.0,0.0,0.0,0.0,1.0,4.0,10.0,20.0,30.0,40.0,2,Industry,GI,Targeted Therapy,2015,100.0,0.0,0.0,0.0,0.0
PMID 33539945 CT_Summary_SoE.pdf,intervention,0,0.0,4.0,10.0,20.0,30.0,40.0,1.0,0.0,0.0,0.0,0.0,0.0,0.0,0.0,0.0,0.0,0.0,0.0,0.0,0.0,0.0,0.0,0.0,0.0,1.0,4.0,10.0,20.0,30.0,40.0,2,Industry,GI,Targeted Therapy,2015,100.0,0.0,0.0,0.0,0.0
PMID 33555926 a_Summary_SoE.pdf,control,0,0.0,3.0,6.5,12.5,12.5,12.5,1.0,0.0,0.0,0.0,1.0,2.0,0.5,1.0,1.5,1.5,2.5,2.5,0.0,0.0,0.0,0.0,0.0,0.0,1.5,4.0,8.0,14.0,16.0,17.0,2,Industry,GI,Targeted Therapy,2017,73.52941176470588,11.76470588235294,14.705882352941178,0.0,26.470588235294116
PMID 33555926 a_Summary_SoE.pdf,intervention,0,0.0,3.0,6.5,12.5,16.0,20.0,1.0,2.0,3.0,3.0,3.0,3.0,0.5,0.0,0.0,0.0,0.5,0.5,0.0,0.0,0.0,0.0,0.0,0.0,1.5,5.0,9.5,15.5,19.5,23.5,2,Industry,GI,Targeted Therapy,2017,85.1063829787234,12.76595744680851,2.127659574468085,0.0,14.893617021276595
PMID 33577358 a_Summary_SoE.pdf,control,0,0.0,3.0,7.0,13.0,20.0,27.0,1.0,0.0,0.0,0.0,0.0,0.0,0.0,0.5,1.0,1.0,1.0,1.0,0.0,0.0,0.0,0.0,0.0,0.0,1.0,3.5,8.0,14.0,21.0,28.0,2,Industry,GI,Chemotherapy,2015,96.42857142857143,0.0,3.571428571428571,0.0,3.571428571428571
PMID 33577358 a_Summary_SoE.pdf,intervention,0,0.0,3.0,7.0,13.0,20.0,27.0,1.0,0.0,0.0,0.0,0.0,0.0,0.0,0.5,1.0,1.0,1.0,1.0,0.0,0.0,0.0,0.0,0.0,0.0,1.0,3.5,8.0,14.0,21.0,28.0,2,Industry,GI,Chemotherapy,2015,96.42857142857143,0.0,3.571428571428571,0.0,3.571428571428571
PMID 33577729 a_Summary_SoE.pdf,control,0,0.0,2.0,5.0,9.0,13.0,18.0,1.5,0.0,1.0,1.5,2.5,3.0,0.5,0.0,0.0,0.0,0.0,0.0,0.0,0.0,0.0,0.0,0.0,0.0,2.0,2.0,6.0,10.5,15.5,21.0,2,Industry,GU,Targeted Therapy,2018,85.71428571428571,14.285714285714285,0.0,0.0,14.285714285714285
PMID 33577729 a_Summary_SoE.pdf,intervention,0,0.0,4.0,10.0,20.0,30.0,40.0,1.5,0.0,0.0,0.0,0.0,0.0,0.5,0.0,0.0,0.0,0.0,0.0,0.0,0.0,0.0,0.0,0.0,0.0,2.0,4.0,10.0,20.0,30.0,40.0,2,Industry,GU,Targeted Therapy,2018,100.0,0.0,0.0,0.0,0.0
PMID 33616314 a_Summary_SoE.pdf,control,0,0.0,2.0,5.0,9.0,13.0,18.0,1.0,0.0,1.0,3.0,4.0,6.0,1.0,1.0,2.5,3.5,5.5,6.5,0.0,0.0,0.0,0.0,0.0,0.0,2.0,3.0,8.5,15.5,22.5,30.5,2,Industry,GU,Immunotherapy,2016,59.01639344262295,19.672131147540984,21.311475409836063,0.0,40.983606557377044
PMID 33616314 a_Summary_SoE.pdf,intervention,0,0.0,2.0,5.0,9.0,13.0,18.0,1.0,0.0,1.0,3.0,4.0,6.0,1.0,1.0,2.5,3.5,5.5,6.5,0.0,0.0,0.0,0.0,0.0,0.0,2.0,3.0,8.5,15.5,22.5,30.5,2,Industry,GU,Immunotherapy,2016,59.01639344262295,19.672131147540984,21.311475409836063,0.0,40.983606557377044
PMID 33616314 a_Summary_SoE.pdf,intervention,1,0.0,2.0,5.0,9.0,13.0,18.0,1.0,0.0,1.0,3.0,4.0,6.0,1.0,1.0,2.5,3.5,5.5,6.5,0.0,0.0,0.0,0.0,0.0,0.0,2.0,3.0,8.5,15.5,22.5,30.5,2,Industry,GU,Immunotherapy,2016,59.01639344262295,19.672131147540984,21.311475409836063,0.0,40.983606557377044
PMID 33621109 a_Summary_SoE.pdf,control,0,0.0,3.0,7.5,9.0,9.0,9.0,1.0,0.0,1.0,2.0,3.0,4.0,1.0,3.0,4.5,5.5,5.5,5.5,0.0,0.0,0.0,0.0,0.0,0.0,2.0,6.0,13.0,16.5,17.5,18.5,2,Industry,Heme,Targeted Therapy,2015,48.64864864864865,21.62162162162162,29.72972972972973,0.0,51.351351351351354
PMID 33621109 a_Summary_SoE.pdf,intervention,0,0.0,3.0,7.5,9.0,9.0,9.0,1.0,0.0,1.0,2.0,3.0,4.0,1.0,3.0,4.5,5.5,5.5,5.5,0.0,0.0,0.0,0.0,0.0,0.0,2.0,6.0,13.0,16.5,17.5,18.5,2,Industry,Heme,Targeted Therapy,2015,48.64864864864865,21.62162162162162,29.72972972972973,0.0,51.351351351351354
PMID 33631112 CT_Summary_SoE.pdf,control,0,0.0,0.0,0.0,0.0,0.0,0.0,1.0,0.0,1.0,2.0,3.0,4.0,0.0,3.0,4.0,5.0,5.0,5.0,0.0,0.0,0.0,0.0,0.0,0.5,1.0,3.0,5.0,7.0,8.0,9.5,2,Industry,Heme,Targeted Therapy,2015,0.0,42.10526315789473,52.63157894736842,5.263157894736842,94.73684210526315
PMID 33631112 CT_Summary_SoE.pdf,intervention,0,0.0,5.0,7.0,9.0,10.0,11.0,1.0,0.0,0.0,0.0,0.0,0.0,0.0,0.0,0.0,0.0,0.0,0.0,0.0,0.0,0.0,0.0,0.0,0.5,1.0,5.0,7.0,9.0,10.0,11.5,2,Industry,Heme,Targeted Therapy,2015,95.65217391304348,0.0,0.0,4.3478260869565215,0.0
PMID 33651090 a_Summary_SoE.pdf,control,0,0.5,8.0,28.0,33.0,33.5,34.0,1.0,0.0,0.0,0.0,0.0,0.0,0.5,0.0,0.0,1.5,2.0,3.0,0.0,0.0,0.0,0.0,0.0,0.0,2.0,8.0,28.0,34.5,35.5,37.0,2,Non-Industry,Heme,Immunotherapy,2014,91.8918918918919,0.0,8.108108108108109,0.0,8.108108108108109
PMID 33651090 a_Summary_SoE.pdf,control,1,0.5,8.0,30.5,58.0,77.5,91.0,1.0,0.0,0.0,0.0,0.0,0.0,0.5,0.0,1.5,6.5,16.0,20.5,0.0,0.0,0.0,0.0,0.0,0.0,2.0,8.0,32.0,64.5,93.5,111.5,2,Non-Industry,Heme,Immunotherapy,2014,81.61434977578476,0.0,18.385650224215247,0.0,18.385650224215247
PMID 33651090 a_Summary_SoE.pdf,intervention,0,0.5,8.0,28.0,35.0,35.5,36.0,1.0,0.0,0.0,0.0,0.0,0.0,0.5,0.0,2.0,3.5,4.0,5.0,0.0,0.0,0.0,0.0,0.0,0.0,2.0,8.0,30.0,38.5,39.5,41.0,2,Non-Industry,Heme,Immunotherapy,2014,87.8048780487805,0.0,12.195121951219512,0.0,12.195121951219512
PMID 33651090 a_Summary_SoE.pdf,intervention,1,0.5,8.0,31.5,61.0,93.0,102.0,1.0,0.0,0.0,0.0,0.0,0.0,0.5,0.0,3.5,10.0,21.0,26.0,0.0,0.0,0.0,0.0,0.0,0.0,2.0,8.0,35.0,71.0,114.0,128.0,2,Non-Industry,Heme,Immunotherapy,2014,79.6875,0.0,20.3125,0.0,20.3125
PMID 33651091 a_Summary_SoE.pdf,control,0,0.0,4.0,4.0,4.0,4.0,4.0,0.0,0.0,0.0,0.0,0.0,0.0,1.0,1.5,3.0,4.0,5.0,6.0,0.0,0.0,0.5,0.5,0.5,0.5,1.0,5.5,7.5,8.5,9.5,10.5,2,Industry,Heme,Immunotherapy,2015,38.095238095238095,0.0,57.14285714285714,4.761904761904762,57.14285714285714
PMID 33651091 a_Summary_SoE.pdf,intervention,0,0.0,5.0,5.0,5.0,5.0,5.0,0.0,0.0,0.0,0.0,0.0,0.0,1.0,1.0,2.5,3.5,4.5,5.5,0.0,0.0,0.5,0.5,0.5,0.5,1.0,6.0,8.0,9.0,10.0,11.0,2,Industry,Heme,Immunotherapy,2015,45.45454545454545,0.0,50.0,4.545454545454546,50.0
PMID 33657295 a_Summary_SoE.pdf,control,0,0.0,2.0,5.0,9.0,13.0,18.0,1.5,0.5,0.5,0.5,0.5,0.5,0.5,0.5,0.5,0.5,0.5,0.5,0.0,0.0,0.0,0.0,0.0,0.0,2.0,3.0,6.0,10.0,14.0,19.0,2,Industry,GU,Immunotherapy,2017,94.73684210526315,2.631578947368421,2.631578947368421,0.0,5.263157894736842
PMID 33657295 a_Summary_SoE.pdf,intervention,0,0.0,2.0,5.0,11.0,18.0,25.0,1.5,0.5,0.5,0.5,0.5,0.5,0.5,0.5,0.5,0.5,0.5,0.5,0.0,0.0,0.0,0.0,0.0,0.0,2.0,3.0,6.0,12.0,19.0,26.0,2,Industry,GU,Immunotherapy,2017,96.15384615384616,1.9230769230769231,1.9230769230769231,0.0,3.8461538461538463
PMID 33657295 a_Summary_SoE.pdf,intervention,1,0.0,3.0,7.0,13.0,20.0,27.0,1.5,0.5,0.5,0.5,0.5,0.5,0.5,0.5,0.5,0.5,0.5,0.5,0.0,0.0,0.0,0.0,0.0,0.0,2.0,4.0,8.0,14.0,21.0,28.0,2,Industry,GU,Immunotherapy,2017,96.42857142857143,1.7857142857142856,1.7857142857142856,0.0,3.571428571428571
PMID 33667670 CT_Summary_SoE.pdf,control,0,0.0,7.5,19.0,35.5,52.0,71.5,0.5,0.5,1.5,2.5,3.5,4.0,0.0,0.0,0.0,0.0,0.0,1.0,1.0,1.0,1.0,1.0,1.0,1.0,1.5,9.0,21.5,39.0,56.5,77.5,2,Industry,GYN,Chemotherapy,2016,92.25806451612904,5.161290322580645,1.2903225806451613,1.2903225806451613,6.451612903225806
PMID 33667670 CT_Summary_SoE.pdf,intervention,0,0.0,2.0,5.0,9.0,13.0,18.0,0.5,0.5,0.5,0.5,0.5,0.5,0.0,2.5,5.5,8.0,10.0,13.5,1.0,1.0,1.0,1.0,1.0,1.0,1.5,6.0,12.0,18.5,24.5,33.0,2,Industry,GYN,Chemotherapy,2016,54.54545454545454,1.5151515151515151,40.909090909090914,3.0303030303030303,42.42424242424243
PMID 33676601 CT_Summary_SoE.pdf,control,0,0.0,2.0,5.0,9.0,13.0,18.0,1.0,0.5,0.5,0.5,0.5,0.5,0.5,0.5,0.5,0.5,0.5,0.5,0.5,0.0,0.0,0.0,0.0,0.0,2.0,3.0,6.0,10.0,14.0,19.0,2,Industry,Breast,Immunotherapy,2015,94.73684210526315,2.631578947368421,2.631578947368421,0.0,5.263157894736842
PMID 33676601 CT_Summary_SoE.pdf,control,1,0.0,4.0,9.0,17.5,26.0,36.0,1.0,0.5,0.5,0.5,0.5,0.5,0.5,0.5,0.5,0.5,0.5,0.5,0.5,0.0,0.0,0.0,0.0,0.0,2.0,5.0,10.0,18.5,27.0,37.0,2,Industry,Breast,Immunotherapy,2015,97.2972972972973,1.3513513513513513,1.3513513513513513,0.0,2.7027027027027026
PMID 33676601 CT_Summary_SoE.pdf,control,2,0.0,5.0,13.0,26.0,39.0,53.0,1.0,0.5,0.5,0.5,0.5,0.5,0.5,0.5,0.5,0.5,0.5,0.5,0.5,0.0,0.0,0.0,0.0,0.0,2.0,6.0,14.0,27.0,40.0,54.0,2,Industry,Breast,Immunotherapy,2015,98.14814814814815,0.9259259259259258,0.9259259259259258,0.0,1.8518518518518516
PMID 33676601 CT_Summary_SoE.pdf,intervention,0,0.0,2.0,5.0,9.0,13.0,18.0,1.0,0.5,0.5,0.5,0.5,0.5,0.5,0.5,0.5,0.5,0.5,0.5,0.5,0.0,0.0,0.0,0.0,0.0,2.0,3.0,6.0,10.0,14.0,19.0,2,Industry,Breast,Immunotherapy,2015,94.73684210526315,2.631578947368421,2.631578947368421,0.0,5.263157894736842
PMID 33683919 a_Summary_SoE.pdf,control,0,0.0,3.5,8.0,14.0,21.0,28.0,1.0,0.0,0.0,0.0,0.0,0.0,1.0,1.5,2.0,2.0,2.0,2.0,0.0,0.0,0.0,0.0,0.0,0.0,2.0,5.0,10.0,16.0,23.0,30.0,2,Industry,Thor,Immunotherapy,2015,93.33333333333333,0.0,6.666666666666667,0.0,6.666666666666667
PMID 33683919 a_Summary_SoE.pdf,intervention,0,0.0,3.0,7.0,13.0,20.0,27.0,1.0,0.0,0.0,0.0,0.0,0.0,1.0,1.5,1.5,1.5,1.5,1.5,0.0,0.0,0.0,0.0,0.0,0.0,2.0,4.5,8.5,14.5,21.5,28.5,2,Industry,Thor,Immunotherapy,2015,94.73684210526315,0.0,5.263157894736842,0.0,5.263157894736842
PMID 33683919 a_Summary_SoE.pdf,intervention,1,0.0,3.5,8.0,14.0,21.0,28.0,1.0,0.0,0.0,0.0,0.0,0.0,1.0,1.5,2.0,2.0,2.0,2.0,0.0,0.0,0.0,0.0,0.0,0.0,2.0,5.0,10.0,16.0,23.0,30.0,2,Industry,Thor,Immunotherapy,2015,93.33333333333333,0.0,6.666666666666667,0.0,6.666666666666667
PMID 33721560 CT_Summary_SoE.pdf,control,0,0.0,0.0,0.0,0.0,0.0,0.0,1.0,0.0,1.0,2.0,3.0,4.0,0.0,1.0,2.0,3.0,4.0,5.5,0.0,0.0,0.0,0.0,0.0,0.0,1.0,1.0,3.0,5.0,7.0,9.5,2,Industry,GU,Immunotherapy,2015,0.0,42.10526315789473,57.89473684210527,0.0,100.0
PMID 33721560 CT_Summary_SoE.pdf,intervention,0,0.0,2.0,5.0,9.0,13.0,16.0,1.0,0.0,0.0,0.0,0.0,1.0,0.0,0.0,0.0,0.0,0.0,0.5,0.0,0.0,0.0,0.0,0.0,0.0,1.0,2.0,5.0,9.0,13.0,17.5,2,Industry,GU,Immunotherapy,2015,91.42857142857143,5.714285714285714,2.857142857142857,0.0,8.571428571428571
PMID 33739848 a_Summary_SoE.pdf,control,0,0.0,21.0,25.0,25.0,25.0,25.0,1.0,0.5,0.5,0.5,0.5,1.5,0.5,0.5,0.5,0.5,0.5,0.5,0.5,0.0,1.0,2.0,2.0,2.0,2.0,22.0,27.0,28.0,28.0,29.0,2,Industry,Breast,Targeted Therapy,2008,86.20689655172413,5.172413793103448,1.7241379310344827,6.896551724137931,6.896551724137931
PMID 33739848 a_Summary_SoE.pdf,intervention,0,0.0,21.0,25.0,25.0,25.0,25.0,1.0,0.5,0.5,0.5,0.5,1.5,0.5,0.5,0.5,0.5,0.5,0.5,0.5,0.0,1.0,2.0,2.0,2.0,2.0,22.0,27.0,28.0,28.0,29.0,2,Industry,Breast,Targeted Therapy,2008,86.20689655172413,5.172413793103448,1.7241379310344827,6.896551724137931,6.896551724137931
PMID 33764805 a_Summary_SoE.pdf,control,0,0.0,2.0,4.0,7.0,10.0,14.0,1.0,0.0,0.0,0.0,0.0,0.0,1.0,3.0,7.0,10.0,14.0,16.0,0.0,0.0,0.0,0.0,0.0,0.0,2.0,5.0,11.0,17.0,24.0,30.0,2,Industry,Heme,Chemotherapy,2013,46.666666666666664,0.0,53.333333333333336,0.0,53.333333333333336
PMID 33764805 a_Summary_SoE.pdf,intervention,0,0.0,2.0,4.0,7.0,10.0,14.0,1.0,0.0,0.0,0.0,0.0,0.0,1.0,3.0,7.0,10.0,14.0,16.0,0.0,0.0,0.0,0.0,0.0,0.0,2.0,5.0,11.0,17.0,24.0,30.0,2,Industry,Heme,Chemotherapy,2013,46.666666666666664,0.0,53.333333333333336,0.0,53.333333333333336
PMID 33789008 a_Summary_SoE.pdf,control,0,0.0,3.0,7.0,11.0,14.0,17.5,1.0,0.5,0.5,0.5,0.5,0.5,0.5,0.0,0.0,0.0,0.0,0.0,0.0,0.0,0.0,0.0,0.0,0.0,1.5,3.5,7.5,11.5,14.5,18.0,2,Industry,GI,Immunotherapy,2016,97.22222222222221,2.7777777777777777,0.0,0.0,2.7777777777777777
PMID 33789008 a_Summary_SoE.pdf,intervention,0,0.0,3.0,7.0,11.0,14.0,17.5,1.0,0.5,0.5,0.5,0.5,0.5,0.5,0.0,0.0,0.0,0.0,0.0,0.0,0.0,0.0,0.0,0.0,0.0,1.5,3.5,7.5,11.5,14.5,18.0,2,Industry,GI,Immunotherapy,2016,97.22222222222221,2.7777777777777777,0.0,0.0,2.7777777777777777
PMID 33792623a_Summary_SoE.pdf,control,0,0.0,2.0,5.0,6.0,6.0,6.0,1.0,0.0,0.0,2.0,3.0,4.0,0.0,1.5,4.0,6.0,6.0,6.0,0.0,0.0,0.0,1.0,1.5,2.0,1.0,3.5,9.0,15.0,16.5,18.0,2,Industry,Thor,Immunotherapy,2018,33.33333333333333,22.22222222222222,33.33333333333333,11.11111111111111,55.55555555555555
PMID 33792623a_Summary_SoE.pdf,intervention,0,0.0,2.0,5.0,9.0,13.0,18.0,1.0,0.0,0.0,0.0,0.0,0.0,0.0,1.5,4.0,6.0,6.0,6.0,0.0,0.0,0.0,0.0,0.0,0.0,1.0,3.5,9.0,15.0,19.0,24.0,2,Industry,Thor,Immunotherapy,2018,75.0,0.0,25.0,0.0,25.0
PMID 33792623a_Summary_SoE.pdf,intervention,1,0.0,5.0,13.0,21.0,25.0,30.0,1.0,0.0,0.0,0.0,0.0,0.0,0.0,0.0,0.0,0.0,0.0,0.0,0.0,0.0,0.0,0.0,0.0,0.0,1.0,5.0,13.0,21.0,25.0,30.0,2,Industry,Thor,Immunotherapy,2018,100.0,0.0,0.0,0.0,0.0
PMID 33793299 a_Summary_SoE.pdf,control,0,0.0,1.0,2.0,3.5,5.0,6.5,1.0,1.0,1.0,1.5,1.5,2.0,0.0,1.0,3.0,3.5,4.0,5.0,0.0,0.0,0.0,0.0,0.0,0.0,1.0,3.0,6.0,8.5,10.5,13.5,2,Industry,Breast,Targeted Therapy,2013,48.148148148148145,14.814814814814813,37.03703703703704,0.0,51.85185185185185
PMID 33793299 a_Summary_SoE.pdf,intervention,0,0.0,1.0,2.0,3.5,5.0,6.5,1.0,1.0,1.0,1.5,1.5,2.0,0.0,1.0,3.0,3.5,4.0,5.0,0.0,0.0,0.0,0.0,0.0,0.0,1.0,3.0,6.0,8.5,10.5,13.5,2,Industry,Breast,Targeted Therapy,2013,48.148148148148145,14.814814814814813,37.03703703703704,0.0,51.85185185185185
PMID 33794205 CT_Summary_SoE.pdf,control,0,0.0,19.5,37.5,44.0,50.0,57.0,1.0,0.0,0.0,0.0,0.0,0.0,0.0,0.0,0.0,0.0,0.0,0.0,0.0,0.0,0.0,0.0,0.0,0.0,1.0,19.5,37.5,44.0,50.0,57.0,2,Industry,HN,Immunotherapy,2016,100.0,0.0,0.0,0.0,0.0
PMID 33794205 CT_Summary_SoE.pdf,intervention,0,0.0,19.5,37.5,44.0,50.0,57.0,1.0,0.0,0.0,0.0,0.0,0.0,0.0,0.0,0.0,0.0,0.0,0.0,0.0,0.0,0.0,0.0,0.0,0.0,1.0,19.5,37.5,44.0,50.0,57.0,2,Industry,HN,Immunotherapy,2016,100.0,0.0,0.0,0.0,0.0
PMID 33821899a_Summary_SoE.pdf,control,0,0.0,2.5,6.5,9.0,9.0,9.0,1.0,0.0,0.0,0.5,0.5,1.0,0.5,0.0,0.5,0.5,1.5,2.0,0.0,0.0,0.0,0.0,0.0,0.0,1.5,2.5,7.0,10.0,11.0,12.0,2,Non-Industry,GI,Chemotherapy,2010,75.0,8.333333333333332,16.666666666666664,0.0,24.999999999999996
PMID 33821899a_Summary_SoE.pdf,control,1,0.0,2.0,7.0,12.0,12.0,12.0,1.0,0.0,0.0,1.0,1.0,2.0,1.0,0.0,0.0,0.0,1.0,1.0,0.0,0.0,0.0,0.0,0.0,0.0,2.0,2.0,7.0,13.0,14.0,15.0,1,Non-Industry,GI,Chemotherapy,2010,80.0,13.333333333333334,6.666666666666667,0.0,20.0
PMID 33821899a_Summary_SoE.pdf,intervention,0,0.0,2.5,6.0,6.0,6.0,6.0,1.0,0.0,0.0,0.5,0.5,1.0,0.5,0.0,0.5,1.0,2.0,2.5,0.0,0.0,0.0,0.0,0.0,0.0,1.5,2.5,6.5,7.5,8.5,9.5,2,Non-Industry,GI,Chemotherapy,2010,63.1578947368421,10.526315789473683,26.31578947368421,0.0,36.84210526315789
PMID 33821899a_Summary_SoE.pdf,intervention,1,0.0,2.5,6.5,9.0,9.0,9.0,1.0,0.0,0.0,0.5,0.5,1.0,0.5,0.0,0.0,0.5,1.5,2.0,0.0,0.0,0.0,0.0,0.0,0.0,1.5,2.5,6.5,10.0,11.0,12.0,2,Non-Industry,GI,Chemotherapy,2010,75.0,8.333333333333332,16.666666666666664,0.0,24.999999999999996
PMID 33821899a_Summary_SoE.pdf,intervention,2,0.0,3.0,7.0,12.0,12.0,12.0,1.0,0.0,0.0,0.0,0.0,0.0,0.0,0.0,0.0,0.0,1.0,2.0,0.0,0.0,0.0,0.0,0.0,0.0,1.0,3.0,7.0,12.0,13.0,14.0,1,Non-Industry,GI,Chemotherapy,2010,85.71428571428571,0.0,14.285714285714285,0.0,14.285714285714285
PMID 33848462 CT_Summary_SoE.pdf,control,0,0.0,5.0,11.0,21.0,31.0,41.0,2.0,0.0,0.0,0.0,0.0,0.0,1.0,1.0,1.0,1.0,1.0,1.0,0.0,0.0,0.0,0.0,0.0,0.0,3.0,6.0,12.0,22.0,32.0,42.0,2,Industry,Heme,Targeted Therapy,2015,97.61904761904762,0.0,2.380952380952381,0.0,2.380952380952381
PMID 33848462 CT_Summary_SoE.pdf,intervention,0,0.0,5.0,11.0,21.0,31.0,41.0,2.0,0.0,0.0,0.0,0.0,0.0,1.0,1.0,1.0,1.0,1.0,1.0,0.0,0.0,0.0,0.0,0.0,0.0,3.0,6.0,12.0,22.0,32.0,42.0,2,Industry,Heme,Targeted Therapy,2015,97.61904761904762,0.0,2.380952380952381,0.0,2.380952380952381
PMID 33882206 a_Summary_SoE.pdf,control,0,0.0,4.0,9.0,18.0,26.0,36.0,0.5,0.0,0.0,0.0,0.0,0.0,0.5,0.0,0.0,0.0,0.0,0.0,0.5,0.0,0.0,0.0,0.0,0.0,1.5,4.0,9.0,18.0,26.0,36.0,2,Industry,Breast,Targeted Therapy,2017,100.0,0.0,0.0,0.0,0.0
PMID 33882206 a_Summary_SoE.pdf,intervention,0,0.0,4.0,9.0,18.0,26.0,36.0,0.5,0.0,0.0,0.0,0.0,0.0,0.5,0.0,0.0,0.0,0.0,0.0,0.5,0.0,0.0,0.0,0.0,0.0,1.5,4.0,9.0,18.0,26.0,36.0,2,Industry,Breast,Targeted Therapy,2017,100.0,0.0,0.0,0.0,0.0
PMID 33891472 a_Summary_SoE.pdf,control,0,0.0,2.0,5.0,9.0,13.0,18.0,1.0,0.0,0.0,0.0,0.0,0.0,1.0,0.0,0.0,0.0,0.0,0.0,0.0,0.0,0.0,0.0,0.0,0.0,2.0,2.0,5.0,9.0,13.0,18.0,2,Industry,GYN,Immunotherapy,2017,100.0,0.0,0.0,0.0,0.0
PMID 33891472 a_Summary_SoE.pdf,intervention,0,0.0,2.0,5.0,9.0,13.0,18.0,1.0,0.0,0.0,0.0,0.0,0.0,1.0,0.0,0.0,0.0,0.0,0.0,0.0,0.0,0.0,0.0,0.0,0.0,2.0,2.0,5.0,9.0,13.0,18.0,2,Industry,GYN,Immunotherapy,2017,100.0,0.0,0.0,0.0,0.0
PMID 33914256 CT_Summary_SoE.pdf,control,0,0.0,2.0,5.0,9.0,13.0,18.0,1.0,0.0,0.0,0.0,0.0,1.0,1.0,0.0,0.0,0.0,0.0,0.0,0.0,0.0,0.0,0.0,0.0,0.0,2.0,2.0,5.0,9.0,13.0,19.0,2,Industry,Thor,Targeted Therapy,2018,94.73684210526315,5.263157894736842,0.0,0.0,5.263157894736842
PMID 33914256 CT_Summary_SoE.pdf,intervention,0,0.0,2.0,5.0,9.0,13.0,18.0,1.0,0.0,0.0,0.0,0.0,1.0,1.0,0.0,0.0,0.0,0.0,0.0,0.0,0.0,0.0,0.0,0.0,0.0,2.0,2.0,5.0,9.0,13.0,19.0,2,Industry,Thor,Targeted Therapy,2018,94.73684210526315,5.263157894736842,0.0,0.0,5.263157894736842
PMID 33971141 CT_Summary_SoE.pdf,control,0,0.0,2.5,5.0,8.0,11.0,15.0,1.0,0.0,0.5,0.5,0.5,0.5,0.0,0.5,0.5,0.5,0.5,0.5,0.0,0.0,0.0,0.0,0.0,0.0,1.0,3.0,6.0,9.0,12.0,16.0,2,Industry,GI,Other,2014,93.75,3.125,3.125,0.0,6.25
PMID 33971141 CT_Summary_SoE.pdf,intervention,0,0.0,2.5,5.0,8.0,11.0,15.0,1.0,0.0,0.5,0.5,0.5,0.5,0.0,0.5,0.5,0.5,0.5,0.5,0.0,0.0,0.0,0.0,0.0,0.0,1.0,3.0,6.0,9.0,12.0,16.0,2,Industry,GI,Other,2014,93.75,3.125,3.125,0.0,6.25
PMID 33989025 a_Summary_SoE.pdf,control,0,0.0,4.0,9.0,15.0,19.0,24.0,1.0,0.0,0.0,0.0,0.0,0.0,1.0,0.0,0.0,0.0,0.0,0.0,0.0,0.0,0.0,0.0,0.0,0.0,2.0,4.0,9.0,15.0,19.0,24.0,2,Non-Industry,GU,Targeted Therapy,2009,100.0,0.0,0.0,0.0,0.0
PMID 33989025 a_Summary_SoE.pdf,intervention,0,0.0,4.0,9.0,15.0,19.0,24.0,1.0,0.0,0.0,0.0,0.0,0.0,1.0,0.0,0.0,0.0,0.0,0.0,0.0,0.0,0.0,0.0,0.0,0.0,2.0,4.0,9.0,15.0,19.0,24.0,2,Non-Industry,GU,Targeted Therapy,2009,100.0,0.0,0.0,0.0,0.0
PMID 34048947 a_Summary_SoE.pdf,control,0,0.0,4.0,9.0,15.0,19.0,24.0,1.0,0.0,0.0,0.0,0.0,0.0,0.0,0.0,0.0,0.0,0.0,0.0,0.0,0.0,0.0,0.0,0.0,0.0,1.0,4.0,9.0,15.0,19.0,24.0,2,Industry,Thor,Immunotherapy,2018,100.0,0.0,0.0,0.0,0.0
PMID 34048947 a_Summary_SoE.pdf,intervention,0,0.0,4.0,9.0,15.0,19.0,24.0,1.0,0.0,0.0,0.0,0.0,0.0,0.0,0.0,0.0,0.0,0.0,0.0,0.0,0.0,0.0,0.0,0.0,0.0,1.0,4.0,9.0,15.0,19.0,24.0,2,Industry,Thor,Immunotherapy,2018,100.0,0.0,0.0,0.0,0.0
PMID 34051178a_Summary_SoE.pdf,control,0,0.0,4.0,9.0,12.0,12.0,12.0,1.0,0.5,0.5,1.0,3.0,4.0,0.5,0.5,0.5,0.5,0.5,0.5,0.5,0.0,0.0,1.0,1.0,1.0,2.0,5.0,10.0,14.5,16.5,17.5,2,Industry,GU,Immunotherapy,2016,68.57142857142857,22.857142857142858,2.857142857142857,5.714285714285714,25.714285714285715
PMID 34051178a_Summary_SoE.pdf,intervention,0,0.0,2.0,5.0,9.0,13.0,18.0,1.0,0.5,0.5,0.5,0.5,0.5,0.5,0.5,0.5,0.5,0.5,0.5,0.5,0.0,0.0,0.0,0.0,0.0,2.0,3.0,6.0,10.0,14.0,19.0,2,Industry,GU,Immunotherapy,2016,94.73684210526315,2.631578947368421,2.631578947368421,0.0,5.263157894736842
PMID 34051178a_Summary_SoE.pdf,intervention,1,0.0,4.0,9.0,15.0,19.0,24.0,1.0,0.5,0.5,0.5,0.5,0.5,0.5,0.5,0.5,0.5,0.5,0.5,0.5,0.0,0.0,0.0,0.0,0.0,2.0,5.0,10.0,16.0,20.0,25.0,2,Industry,GU,Immunotherapy,2016,96.0,2.0,2.0,0.0,4.0
PMID 34077643 a_Summary_SoE.pdf,control,0,0.0,3.0,7.0,13.0,20.0,27.0,1.0,0.0,0.0,0.0,0.0,0.0,1.0,0.0,0.0,0.0,0.0,0.0,0.0,0.0,0.0,0.0,0.0,0.0,2.0,3.0,7.0,13.0,20.0,27.0,2,Industry,GU,Immunotherapy,2016,100.0,0.0,0.0,0.0,0.0
PMID 34077643 a_Summary_SoE.pdf,intervention,0,0.0,3.0,7.0,13.0,20.0,27.0,1.0,0.0,0.0,0.0,0.0,0.0,1.0,0.0,0.0,0.0,0.0,0.0,0.0,0.0,0.0,0.0,0.0,0.0,2.0,3.0,7.0,13.0,20.0,27.0,2,Industry,GU,Immunotherapy,2016,100.0,0.0,0.0,0.0,0.0
PMID 34087126 a_Summary_SoE.pdf,control,0,0.0,0.0,0.0,0.0,0.0,0.0,1.0,0.0,0.0,0.0,0.0,0.0,0.5,5.0,11.0,17.0,20.0,24.0,0.0,0.0,0.0,0.0,0.0,0.0,1.5,5.0,11.0,17.0,20.0,24.0,2,Industry,Heme,Targeted Therapy,2017,0.0,0.0,100.0,0.0,100.0
PMID 34087126 a_Summary_SoE.pdf,intervention,0,0.0,5.0,11.0,17.0,20.0,24.0,1.0,0.0,0.0,0.0,0.0,0.0,0.5,0.0,0.0,0.0,0.0,0.0,0.0,0.0,0.0,0.0,0.0,0.0,1.5,5.0,11.0,17.0,20.0,24.0,2,Industry,Heme,Targeted Therapy,2017,100.0,0.0,0.0,0.0,0.0
PMID 34092112 a_Summary_SoE.pdf,control,0,0.0,0.0,0.0,0.0,0.0,0.0,0.0,0.0,0.0,0.0,0.0,0.0,0.5,0.0,0.0,0.0,0.0,0.0,1.5,0.0,1.0,2.0,3.0,4.0,2.0,0.0,1.0,2.0,3.0,4.0,2,Non-Industry,Breast,Chemotherapy,2015,0.0,0.0,0.0,100.0,0.0
PMID 34092112 a_Summary_SoE.pdf,intervention,0,0.0,2.0,4.0,4.0,4.0,4.0,0.0,0.0,0.0,0.0,0.0,0.0,0.5,0.0,0.5,1.5,1.5,1.5,1.5,0.0,0.5,1.0,2.0,3.0,2.0,2.0,5.0,6.5,7.5,8.5,2,Non-Industry,Breast,Chemotherapy,2015,47.05882352941176,0.0,17.647058823529413,35.294117647058826,17.647058823529413
PMID 34092112 a_Summary_SoE.pdf,intervention,1,0.0,2.0,5.0,6.0,6.0,6.0,0.0,0.0,0.0,0.0,0.0,0.0,0.5,0.0,0.0,1.5,1.5,1.5,1.5,0.0,0.5,1.0,2.0,3.0,2.0,2.0,5.5,8.5,9.5,10.5,2,Non-Industry,Breast,Chemotherapy,2015,57.14285714285714,0.0,14.285714285714285,28.57142857142857,14.285714285714285
PMID 34102137 a_Summary_SoE.pdf,control,0,0.0,4.0,9.5,17.5,26.5,35.0,1.0,0.0,0.0,0.0,0.0,0.0,0.5,0.0,0.0,0.0,0.0,0.0,0.0,0.0,0.0,0.0,0.0,0.0,1.5,4.0,9.5,17.5,26.5,35.0,2,Industry,GI,Immunotherapy,2016,100.0,0.0,0.0,0.0,0.0
PMID 34102137 a_Summary_SoE.pdf,control,1,0.0,5.0,13.0,26.0,40.0,52.0,1.0,0.0,0.0,0.0,0.0,0.0,0.0,0.0,0.0,0.0,0.0,0.0,0.0,0.0,0.0,0.0,0.0,0.0,1.0,5.0,13.0,26.0,40.0,52.0,1,Industry,GI,Immunotherapy,2016,100.0,0.0,0.0,0.0,0.0
PMID 34102137 a_Summary_SoE.pdf,intervention,0,0.0,2.0,5.0,9.0,13.0,18.0,1.0,0.0,0.0,0.0,0.0,0.0,0.5,0.0,0.0,0.0,0.0,0.0,0.0,0.0,0.0,0.0,0.0,0.0,1.5,2.0,5.0,9.0,13.0,18.0,2,Industry,GI,Immunotherapy,2016,100.0,0.0,0.0,0.0,0.0
PMID 34102137 a_Summary_SoE.pdf,intervention,1,0.0,3.5,9.0,19.0,29.0,38.5,1.0,0.0,0.0,0.0,0.0,0.0,0.5,0.0,0.0,0.0,0.0,0.0,0.0,0.0,0.0,0.0,0.0,0.0,1.5,3.5,9.0,19.0,29.0,38.5,2,Industry,GI,Immunotherapy,2016,100.0,0.0,0.0,0.0,0.0
PMID 34102137 a_Summary_SoE.pdf,intervention,2,0.0,6.0,14.0,26.0,40.0,52.0,1.0,0.0,0.0,0.0,0.0,0.0,1.0,0.0,0.0,0.0,0.0,0.0,0.0,0.0,0.0,0.0,0.0,0.0,2.0,6.0,14.0,26.0,40.0,52.0,1,Industry,GI,Immunotherapy,2016,100.0,0.0,0.0,0.0,0.0
PMID 34110925 a_Summary_SoE.pdf,control,0,0.0,21.0,33.0,39.0,47.5,54.0,1.0,0.5,1.0,1.5,2.5,3.5,1.0,0.5,1.0,1.5,2.0,2.0,0.0,0.0,0.0,0.0,0.0,0.0,2.0,22.0,35.0,42.0,52.0,59.5,2,Non-Industry,Other,Chemotherapy,2004,90.75630252100841,5.88235294117647,3.361344537815126,0.0,9.243697478991596
PMID 34110925 a_Summary_SoE.pdf,intervention,0,0.0,21.0,33.0,39.0,47.5,54.0,1.0,0.5,1.0,1.5,2.5,3.5,1.0,0.5,1.0,1.5,2.0,2.0,0.0,0.0,0.0,0.0,0.0,0.0,2.0,22.0,35.0,42.0,52.0,59.5,2,Non-Industry,Other,Chemotherapy,2004,90.75630252100841,5.88235294117647,3.361344537815126,0.0,9.243697478991596
PMID 34133211 a_Summary_SoE.pdf,control,0,0.0,1.0,3.0,5.0,7.0,9.0,1.5,0.5,0.5,0.5,1.0,1.0,0.0,0.0,0.0,0.0,0.0,0.0,0.5,0.0,0.0,0.0,0.0,0.0,2.0,1.5,3.5,5.5,8.0,10.0,2,Industry,GI,Chemotherapy,2011,90.0,10.0,0.0,0.0,10.0
PMID 34133211 a_Summary_SoE.pdf,intervention,0,0.0,2.0,4.0,6.0,8.0,11.0,1.5,0.0,1.5,1.5,2.0,2.0,0.0,0.0,0.0,0.0,0.0,0.0,0.5,0.0,0.0,0.0,0.0,0.0,2.0,2.0,5.5,7.5,10.0,13.0,2,Industry,GI,Chemotherapy,2011,84.61538461538461,15.384615384615385,0.0,0.0,15.384615384615385
PMID 34134469 CT_Summary_SoE.pdf,control,0,0.0,2.0,4.5,7.5,9.5,11.0,1.0,0.0,1.0,1.5,2.0,2.0,0.0,0.0,0.0,0.0,0.0,0.0,0.0,0.0,0.0,0.0,0.0,0.0,1.0,2.0,5.5,9.0,11.5,13.0,2,Industry,Heme,Targeted Therapy,2011,84.61538461538461,15.384615384615385,0.0,0.0,15.384615384615385
PMID 34134469 CT_Summary_SoE.pdf,intervention,0,0.0,2.0,4.5,7.5,9.5,11.0,1.0,0.0,1.0,1.5,2.0,2.0,0.0,0.0,0.0,0.0,0.0,0.0,0.0,0.0,0.0,0.0,0.0,0.0,1.0,2.0,5.5,9.0,11.5,13.0,2,Industry,Heme,Targeted Therapy,2011,84.61538461538461,15.384615384615385,0.0,0.0,15.384615384615385
PMID 34143970 CT_Summary_SoE.pdf,control,0,0.0,2.0,4.0,7.0,10.0,14.0,1.0,0.5,0.5,0.5,0.5,0.5,0.0,1.0,3.0,6.0,10.0,13.0,0.0,0.0,0.0,0.0,0.0,0.0,1.0,3.5,7.5,13.5,20.5,27.5,2,Industry,GYN,Immunotherapy,2015,50.90909090909091,1.8181818181818181,47.27272727272727,0.0,49.09090909090909
PMID 34143970 CT_Summary_SoE.pdf,intervention,0,0.0,3.0,7.0,13.0,20.0,27.0,1.0,0.5,0.5,0.5,0.5,0.5,0.0,0.0,0.0,0.0,0.0,0.0,0.0,0.0,0.0,0.0,0.0,0.0,1.0,3.5,7.5,13.5,20.5,27.5,2,Industry,GYN,Immunotherapy,2015,98.18181818181819,1.8181818181818181,0.0,0.0,1.8181818181818181
PMID 34143970 CT_Summary_SoE.pdf,intervention,1,0.0,3.0,7.0,13.0,20.0,27.0,1.0,0.5,0.5,0.5,0.5,0.5,0.0,0.0,0.0,0.0,0.0,0.0,0.0,0.0,0.0,0.0,0.0,0.0,1.0,3.5,7.5,13.5,20.5,27.5,2,Industry,GYN,Immunotherapy,2015,98.18181818181819,1.8181818181818181,0.0,0.0,1.8181818181818181
PMID 34161051 a_Summary_SoE.pdf,control,0,0.0,0.0,0.0,0.0,0.0,0.0,1.5,0.0,0.5,1.5,2.0,2.0,0.5,4.5,8.0,12.5,17.5,18.5,0.0,0.5,1.5,2.0,3.0,3.0,2.0,5.0,10.0,16.0,22.5,23.5,2,Industry,GU,Other,2018,0.0,8.51063829787234,78.72340425531915,12.76595744680851,87.2340425531915
PMID 34161051 a_Summary_SoE.pdf,intervention,0,0.0,1.0,3.0,5.0,6.0,6.0,1.5,0.0,0.5,1.0,1.5,1.5,0.5,4.0,6.5,10.0,14.5,15.5,0.0,0.0,0.0,0.0,0.5,0.5,2.0,5.0,10.0,16.0,22.5,23.5,2,Industry,GU,Other,2018,25.53191489361702,6.382978723404255,65.95744680851064,2.127659574468085,72.34042553191489
PMID 34170389 CT_Summary_SoE.pdf,control,0,0.0,12.0,22.5,36.5,51.5,62.0,0.5,0.0,1.0,1.5,2.5,2.5,1.0,3.5,9.0,11.5,12.0,15.0,0.5,0.0,0.0,0.0,0.0,0.0,2.0,15.5,32.5,49.5,66.0,79.5,2,Industry,Heme,Chemotherapy,2007,77.9874213836478,3.1446540880503147,18.867924528301888,0.0,22.0125786163522
PMID 34170389 CT_Summary_SoE.pdf,intervention,0,0.0,12.0,22.5,36.5,51.5,62.0,0.5,0.0,1.0,1.5,2.5,2.5,1.0,3.5,9.0,11.5,12.0,15.0,0.5,0.0,0.0,0.0,0.0,0.0,2.0,15.5,32.5,49.5,66.0,79.5,2,Industry,Heme,Chemotherapy,2007,77.9874213836478,3.1446540880503147,18.867924528301888,0.0,22.0125786163522
PMID 34197181 a_Summary_SoE.pdf,control,0,0.0,2.0,23.0,44.5,44.5,44.5,1.0,0.0,0.5,0.5,0.5,0.5,0.5,0.5,1.0,2.5,2.5,3.0,0.0,0.0,0.0,0.0,0.0,0.5,1.5,2.5,24.5,47.5,47.5,48.5,2,Industry,GU,Chemotherapy,2005,91.75257731958763,1.0309278350515463,6.185567010309279,1.0309278350515463,7.216494845360825
PMID 34197181 a_Summary_SoE.pdf,intervention,0,0.0,2.5,24.0,45.5,45.5,45.5,1.0,0.0,0.5,0.5,0.5,0.5,0.5,2.5,3.0,6.5,6.5,7.0,0.0,0.0,0.0,0.0,0.0,0.5,1.5,5.0,29.5,52.5,52.5,53.5,2,Industry,GU,Chemotherapy,2005,85.04672897196261,0.9345794392523363,13.084112149532709,0.9345794392523363,14.018691588785046
PMID 34219000 a_Summary_SoE.pdf,control,0,0.0,4.0,10.0,20.0,30.0,40.0,1.0,0.0,0.0,0.0,0.0,0.0,1.5,0.0,0.0,0.0,0.0,0.0,0.0,0.0,0.0,0.0,0.0,0.0,2.5,4.0,10.0,20.0,30.0,40.0,2,Industry,Breast,Immunotherapy,2017,100.0,0.0,0.0,0.0,0.0
PMID 34219000 a_Summary_SoE.pdf,intervention,0,0.0,4.0,10.0,20.0,30.0,40.0,1.0,0.0,0.0,0.0,0.0,0.0,1.5,0.0,0.0,0.0,0.0,0.0,0.0,0.0,0.0,0.0,0.0,0.0,2.5,4.0,10.0,20.0,30.0,40.0,2,Industry,Breast,Immunotherapy,2017,100.0,0.0,0.0,0.0,0.0
PMID 34237250 a_Summary_SoE.pdf,control,0,0.0,1.0,1.0,1.0,1.0,1.0,1.0,1.0,2.0,5.0,6.0,9.0,1.0,1.0,3.0,3.0,5.0,6.0,0.0,0.0,0.0,0.0,0.0,0.0,2.0,3.0,6.0,9.0,12.0,16.0,2,Industry,Other,Targeted Therapy,2018,6.25,56.25,37.5,0.0,93.75
PMID 34237250 a_Summary_SoE.pdf,intervention,0,0.0,1.0,1.0,1.0,1.0,1.0,1.0,1.0,2.0,5.0,6.0,9.0,1.0,1.0,3.0,3.0,5.0,6.0,0.0,0.0,0.0,0.0,0.0,0.0,2.0,3.0,6.0,9.0,12.0,16.0,2,Industry,Other,Targeted Therapy,2018,6.25,56.25,37.5,0.0,93.75
PMID 34246347 CT_Summary_SoE.pdf,control,0,0.0,2.0,4.0,7.0,10.0,14.0,1.0,0.0,0.0,0.0,0.0,0.0,0.5,2.0,4.0,4.0,4.0,4.0,0.0,1.0,1.0,1.0,1.0,1.0,1.5,5.0,9.0,12.0,15.0,19.0,2,Industry,GU,Endocrine,2017,73.68421052631578,0.0,21.052631578947366,5.263157894736842,21.052631578947366
PMID 34246347 CT_Summary_SoE.pdf,intervention,0,0.0,2.0,4.0,7.0,10.0,14.0,1.0,0.0,0.0,0.0,0.0,0.0,0.5,2.0,4.0,4.0,4.0,4.0,0.0,1.0,1.0,1.0,1.0,1.0,1.5,5.0,9.0,12.0,15.0,19.0,2,Industry,GU,Endocrine,2017,73.68421052631578,0.0,21.052631578947366,5.263157894736842,21.052631578947366
PMID 34264305 a_Summary_SoE.pdf,control,0,0.0,0.5,0.5,0.5,0.5,1.0,1.0,0.0,0.0,0.0,0.0,0.5,0.0,0.0,0.0,0.0,0.0,0.0,0.0,0.0,1.0,2.0,2.0,2.0,1.0,0.5,1.5,2.5,2.5,3.5,2,Non-Industry,Breast,Other,2005,28.57142857142857,14.285714285714285,0.0,57.14285714285714,14.285714285714285
PMID 34264305 a_Summary_SoE.pdf,intervention,0,0.0,0.5,0.5,0.5,0.5,1.0,1.0,0.0,0.0,0.0,0.0,0.5,0.0,0.0,0.0,0.0,0.0,0.0,0.0,0.0,1.0,2.0,2.0,2.0,1.0,0.5,1.5,2.5,2.5,3.5,2,Non-Industry,Breast,Other,2005,28.57142857142857,14.285714285714285,0.0,57.14285714285714,14.285714285714285
PMID 34264316 a_Summary_SoE.pdf,control,0,0.0,3.0,7.0,13.0,20.0,27.0,1.0,0.0,0.0,0.0,0.0,0.0,0.0,0.0,0.0,0.0,0.0,0.0,0.0,0.0,0.0,0.0,0.0,0.0,1.0,3.0,7.0,13.0,20.0,27.0,2,Non-Industry,Thor,Immunotherapy,2015,100.0,0.0,0.0,0.0,0.0
PMID 34264316 a_Summary_SoE.pdf,intervention,0,0.0,3.0,7.0,13.0,20.0,27.0,1.0,0.0,0.0,0.0,0.0,0.0,0.0,0.0,0.0,0.0,0.0,0.0,0.0,0.0,0.0,0.0,0.0,0.0,1.0,3.0,7.0,13.0,20.0,27.0,2,Non-Industry,Thor,Immunotherapy,2015,100.0,0.0,0.0,0.0,0.0
PMID 34264503 CT_Summary_SoE.pdf,control,0,0.0,2.0,5.0,9.0,13.0,18.0,1.0,0.0,0.0,0.0,0.0,0.0,0.0,2.0,2.0,2.0,2.0,2.0,0.0,0.0,0.0,0.0,0.0,0.0,1.0,4.0,7.0,11.0,15.0,20.0,2,Industry,Thor,Targeted Therapy,2016,90.0,0.0,10.0,0.0,10.0
PMID 34264503 CT_Summary_SoE.pdf,intervention,0,0.0,2.0,5.0,9.0,13.0,18.0,1.0,0.0,0.0,0.0,0.0,0.0,0.0,2.0,2.0,2.0,2.0,2.0,0.0,0.0,0.0,0.0,0.0,0.0,1.0,4.0,7.0,11.0,15.0,20.0,2,Industry,Thor,Targeted Therapy,2016,90.0,0.0,10.0,0.0,10.0
PMID 34309665 a_Summary_SoE.pdf,control,0,0.0,3.0,7.0,12.5,17.0,22.0,1.0,1.0,1.5,2.0,2.5,3.0,1.0,3.0,7.0,13.0,13.0,13.0,0.0,0.0,0.0,0.0,0.0,0.0,2.0,7.0,15.5,27.5,32.5,38.0,2,Non-Industry,GI,Targeted Therapy,2012,57.89473684210527,7.894736842105263,34.21052631578947,0.0,42.10526315789473
PMID 34309665 a_Summary_SoE.pdf,intervention,0,0.0,5.0,13.5,24.5,29.0,34.0,1.0,0.5,1.0,1.5,2.0,2.5,1.0,3.0,7.0,13.0,13.0,13.0,0.0,0.0,0.0,0.0,0.0,0.0,2.0,8.5,21.5,39.0,44.0,49.5,2,Non-Industry,GI,Targeted Therapy,2012,68.68686868686868,5.05050505050505,26.262626262626267,0.0,31.313131313131315
PMID 34320285 a_Summary_SoE.pdf,control,0,0.0,0.0,0.0,0.0,0.0,0.0,1.0,0.0,0.0,0.0,0.0,1.0,0.0,0.0,0.0,0.0,0.0,0.0,0.0,0.0,0.0,1.0,1.0,1.0,1.0,0.0,0.0,1.0,1.0,2.0,2,Industry,Breast,Endocrine,2004,0.0,50.0,0.0,50.0,50.0
PMID 34320285 a_Summary_SoE.pdf,intervention,0,0.0,0.0,0.0,0.0,0.0,0.0,1.0,0.0,0.0,0.0,0.0,1.0,0.0,0.0,0.0,0.0,0.0,0.0,0.0,0.0,0.0,1.0,1.0,1.0,1.0,0.0,0.0,1.0,1.0,2.0,2,Industry,Breast,Endocrine,2004,0.0,50.0,0.0,50.0,50.0
PMID 34341578 CT_Summary_SoE.pdf,control,0,0.0,4.0,9.0,15.0,19.0,24.0,1.0,0.0,0.0,0.0,0.0,0.0,0.5,0.0,0.0,0.0,0.0,0.0,0.0,0.0,0.0,0.0,0.0,0.0,1.5,4.0,9.0,15.0,19.0,24.0,2,Industry,HN,Immunotherapy,2018,100.0,0.0,0.0,0.0,0.0
PMID 34341578 CT_Summary_SoE.pdf,intervention,0,0.0,4.0,9.0,15.0,19.0,24.0,1.0,0.0,0.0,0.0,0.0,0.0,0.5,0.0,0.0,0.0,0.0,0.0,0.0,0.0,0.0,0.0,0.0,0.0,1.5,4.0,9.0,15.0,19.0,24.0,2,Industry,HN,Immunotherapy,2018,100.0,0.0,0.0,0.0,0.0
PMID 34343033 a_Summary_SoE.pdf,control,0,0.0,1.5,2.5,3.5,4.0,5.0,1.0,0.5,1.5,2.5,3.0,4.0,0.0,1.0,2.0,2.0,2.0,2.0,0.0,0.0,0.0,0.0,0.0,0.0,1.0,3.0,6.0,8.0,9.0,11.0,2,Industry,GI,Targeted Therapy,2018,45.45454545454545,36.36363636363637,18.181818181818183,0.0,54.54545454545455
PMID 34343033 a_Summary_SoE.pdf,intervention,0,0.0,1.5,2.5,3.5,4.0,5.0,1.0,0.5,1.5,2.5,3.0,4.0,0.0,1.0,2.0,2.0,2.0,2.0,0.0,0.0,0.0,0.0,0.0,0.0,1.0,3.0,6.0,8.0,9.0,11.0,2,Industry,GI,Targeted Therapy,2018,45.45454545454545,36.36363636363637,18.181818181818183,0.0,54.54545454545455
PMID 34357781 a_Summary_SoE.pdf,control,0,0.0,2.0,4.0,7.0,10.0,14.0,1.0,0.0,0.0,0.0,0.0,0.0,0.0,1.0,1.0,1.0,1.0,1.0,0.0,0.0,0.0,0.0,0.0,0.0,1.0,3.0,5.0,8.0,11.0,15.0,2,Non-Industry,Breast,Endocrine,2014,93.33333333333333,0.0,6.666666666666667,0.0,6.666666666666667
PMID 34357781 a_Summary_SoE.pdf,intervention,0,0.0,2.0,4.0,7.0,10.0,14.0,1.0,0.0,0.0,0.0,0.0,0.0,0.0,1.0,1.0,1.0,1.0,1.0,0.0,0.0,0.0,0.0,0.0,0.0,1.0,3.0,5.0,8.0,11.0,15.0,2,Non-Industry,Breast,Endocrine,2014,93.33333333333333,0.0,6.666666666666667,0.0,6.666666666666667
PMID 34363762 CT_Summary_SoE.pdf,control,0,0.0,5.0,13.0,18.0,18.0,18.0,0.5,0.0,0.0,0.5,1.0,1.5,0.5,0.0,0.0,0.5,1.0,1.5,0.0,0.0,0.0,0.5,1.5,3.0,1.0,5.0,13.0,19.5,21.5,24.0,2,Industry,GYN,Immunotherapy,2016,75.0,6.25,6.25,12.5,12.5
PMID 34363762 CT_Summary_SoE.pdf,intervention,0,0.0,5.0,13.0,21.5,28.0,35.0,0.5,0.0,0.0,0.0,0.0,0.0,0.5,0.0,0.0,0.0,0.0,0.0,0.0,0.0,0.0,0.0,0.0,0.0,1.0,5.0,13.0,21.5,28.0,35.0,2,Industry,GYN,Immunotherapy,2016,100.0,0.0,0.0,0.0,0.0
PMID 34363762 CT_Summary_SoE.pdf,intervention,1,0.0,5.0,13.0,21.5,28.0,35.0,0.5,0.0,0.0,0.0,0.0,0.0,0.5,0.0,0.0,0.0,0.0,0.0,0.0,0.0,0.0,0.0,0.0,0.0,1.0,5.0,13.0,21.5,28.0,35.0,2,Industry,GYN,Immunotherapy,2016,100.0,0.0,0.0,0.0,0.0
PMID 34383006a_Summary_SoE.pdf,control,0,0.0,20.0,30.0,30.0,30.0,30.0,1.0,0.5,0.5,1.5,2.0,2.5,1.0,0.0,0.0,0.0,0.5,0.5,0.5,0.0,1.0,1.0,1.0,1.5,2.5,20.5,31.5,32.5,33.5,34.5,2,Non-Industry,Thor,Radiation,2012,86.95652173913044,7.246376811594203,1.4492753623188406,4.3478260869565215,8.695652173913043
PMID 34383006a_Summary_SoE.pdf,intervention,0,0.0,15.0,15.0,15.0,15.0,15.0,1.0,0.5,0.5,1.5,2.0,2.5,1.0,0.0,0.0,0.0,0.5,0.5,0.5,0.0,1.0,1.0,1.0,1.5,2.5,15.5,16.5,17.5,18.5,19.5,2,Non-Industry,Thor,Radiation,2012,76.92307692307693,12.82051282051282,2.564102564102564,7.6923076923076925,15.384615384615383
PMID 34407342 a_Summary_SoE.pdf,control,0,0.0,2.0,5.0,9.0,13.0,17.0,1.5,0.0,0.0,0.0,0.0,0.0,0.5,0.0,0.0,0.0,0.0,0.5,0.0,0.0,0.0,0.0,0.0,0.0,2.0,2.0,5.0,9.0,13.0,17.5,2,Industry,GU,Immunotherapy,2017,97.14285714285714,0.0,2.857142857142857,0.0,2.857142857142857
PMID 34407342 a_Summary_SoE.pdf,intervention,0,0.0,2.0,5.0,9.0,13.0,17.0,1.5,0.0,0.0,0.0,0.0,0.0,0.5,0.0,0.0,0.0,0.0,0.5,0.0,0.0,0.0,0.0,0.0,0.0,2.0,2.0,5.0,9.0,13.0,17.5,2,Industry,GU,Immunotherapy,2017,97.14285714285714,0.0,2.857142857142857,0.0,2.857142857142857
PMID 34407542 a_Summary_SoE.pdf,control,0,0.0,1.0,1.0,1.0,1.0,1.0,0.5,0.0,0.0,0.5,0.5,1.0,0.5,2.0,6.0,9.5,12.5,16.0,0.0,0.0,0.0,0.0,0.0,0.0,1.0,3.0,7.0,11.0,14.0,18.0,2,Industry,Heme,Other,2016,5.555555555555555,5.555555555555555,88.88888888888889,0.0,94.44444444444444
PMID 34407542 a_Summary_SoE.pdf,intervention,0,0.0,1.0,1.0,1.0,1.0,1.0,0.5,0.0,0.0,0.5,0.5,1.0,0.5,2.0,6.0,9.5,12.5,16.0,0.0,0.0,0.0,0.0,0.0,0.0,1.0,3.0,7.0,11.0,14.0,18.0,2,Industry,Heme,Other,2016,5.555555555555555,5.555555555555555,88.88888888888889,0.0,94.44444444444444
PMID 34418665 CT_Summary_SoE.pdf,control,0,0.0,10.0,25.0,30.0,30.0,30.0,1.0,0.0,0.0,1.5,3.5,5.5,0.0,0.0,0.0,0.0,0.0,0.0,0.0,0.0,0.0,0.5,0.5,1.0,1.0,10.0,25.0,32.0,34.0,36.5,2,Industry,HN,Targeted Therapy,2015,82.1917808219178,15.068493150684931,0.0,2.73972602739726,15.068493150684931
PMID 34418665 CT_Summary_SoE.pdf,intervention,0,0.0,13.0,33.0,50.0,63.0,77.0,1.0,0.0,0.0,0.0,0.0,0.0,0.0,0.0,0.0,0.0,0.0,0.0,0.0,0.0,0.0,0.0,0.0,0.5,1.0,13.0,33.0,50.0,63.0,77.5,2,Industry,HN,Targeted Therapy,2015,99.35483870967742,0.0,0.0,0.6451612903225806,0.0
PMID 34454674 a_Summary_SoE.pdf,control,0,0.0,3.0,7.5,13.5,19.5,27.0,1.0,0.0,0.0,0.0,0.0,0.0,0.0,0.0,0.0,0.0,0.0,0.0,0.0,0.0,0.0,0.0,0.0,0.0,1.0,3.0,7.5,13.5,19.5,27.0,2,Industry,GI,Immunotherapy,2017,100.0,0.0,0.0,0.0,0.0
PMID 34454674 a_Summary_SoE.pdf,intervention,0,0.0,3.0,7.5,13.5,19.5,27.0,1.0,0.0,0.0,0.0,0.0,0.0,0.0,0.0,0.0,0.0,0.0,0.0,0.0,0.0,0.0,0.0,0.0,0.0,1.0,3.0,7.5,13.5,19.5,27.0,2,Industry,GI,Immunotherapy,2017,100.0,0.0,0.0,0.0,0.0
PMID 34459214 CT_Summary_SoE.pdf,control,0,0.0,1.0,2.0,3.0,4.0,4.0,1.0,1.0,1.0,1.0,1.0,2.0,0.0,0.0,0.0,0.0,0.0,0.0,0.0,0.0,1.0,3.0,5.0,7.0,1.0,2.0,4.0,7.0,10.0,13.0,2,Industry,GU,Endocrine,2016,30.76923076923077,15.384615384615385,0.0,53.84615384615385,15.384615384615385
PMID 34459214 CT_Summary_SoE.pdf,intervention,0,0.0,2.0,4.0,7.0,10.0,12.0,1.0,0.0,0.0,0.0,0.0,1.0,0.0,0.0,0.0,0.0,0.0,0.0,0.0,0.0,0.0,0.0,0.0,0.0,1.0,2.0,4.0,7.0,10.0,13.0,2,Industry,GU,Endocrine,2016,92.3076923076923,7.6923076923076925,0.0,0.0,7.6923076923076925
PMID 34534429 a_Summary_SoE.pdf,control,0,0.0,2.0,5.0,9.0,13.0,18.0,1.0,0.0,0.0,0.0,0.0,0.0,0.5,0.0,0.0,0.0,0.0,0.0,0.5,0.0,0.0,0.0,0.0,0.0,2.0,2.0,5.0,9.0,13.0,18.0,2,Industry,GYN,Immunotherapy,2018,100.0,0.0,0.0,0.0,0.0
PMID 34534429 a_Summary_SoE.pdf,intervention,0,0.0,2.0,5.0,9.0,13.0,18.0,1.0,0.0,0.0,0.0,0.0,0.0,0.5,0.0,0.0,0.0,0.0,0.0,0.5,0.0,0.0,0.0,0.0,0.0,2.0,2.0,5.0,9.0,13.0,18.0,2,Industry,GYN,Immunotherapy,2018,100.0,0.0,0.0,0.0,0.0
PMID 34600602 a_Summary_SoE.pdf,control,0,0.0,2.0,4.0,7.0,10.0,14.0,1.5,0.0,0.0,0.0,0.0,0.0,0.5,1.0,3.0,3.0,3.0,3.0,0.0,0.0,0.0,0.0,0.0,0.0,2.0,3.0,7.0,10.0,13.0,17.0,2,Industry,GU,Endocrine,2014,82.35294117647058,0.0,17.647058823529413,0.0,17.647058823529413
PMID 34600602 a_Summary_SoE.pdf,intervention,0,0.0,2.0,4.0,7.0,10.0,14.0,1.5,0.0,0.0,0.0,0.0,0.0,0.5,1.0,3.0,3.0,3.0,3.0,0.0,0.0,0.0,0.0,0.0,0.0,2.0,3.0,7.0,10.0,13.0,17.0,2,Industry,GU,Endocrine,2014,82.35294117647058,0.0,17.647058823529413,0.0,17.647058823529413
PMID 34652968 a_Summary_SoE.pdf,control,0,0.5,10.0,25.0,45.5,64.5,64.5,1.0,0.0,1.5,1.5,2.5,3.0,1.0,2.5,7.5,14.0,22.5,22.5,0.0,0.0,0.0,0.5,0.5,1.0,2.5,12.5,34.0,61.5,90.0,91.0,2,Non-Industry,Other,Chemotherapy,2010,70.87912087912088,3.296703296703297,24.725274725274726,1.098901098901099,28.021978021978022
PMID 34652968 a_Summary_SoE.pdf,intervention,0,0.5,13.0,29.0,56.0,80.5,80.5,1.0,0.0,1.5,1.5,2.5,3.0,1.0,2.5,7.0,13.5,21.0,21.0,0.0,0.0,0.0,0.5,0.5,1.0,2.5,15.5,37.5,71.5,104.5,105.5,2,Non-Industry,Other,Chemotherapy,2010,76.30331753554502,2.843601895734597,19.90521327014218,0.9478672985781991,22.748815165876778
PMID 34661177 CT_Summary_SoE.pdf,control,0,0.0,5.0,13.0,17.0,21.0,26.0,1.0,0.0,0.0,0.0,0.0,0.0,0.0,0.0,0.0,0.0,0.0,0.0,0.0,0.0,0.0,0.0,0.0,0.0,1.0,5.0,13.0,17.0,21.0,26.0,2,Industry,Thor,Immunotherapy,2017,100.0,0.0,0.0,0.0,0.0
PMID 34661177 CT_Summary_SoE.pdf,intervention,0,0.0,5.0,13.0,17.0,21.0,26.0,1.0,0.0,0.0,0.0,0.0,0.0,0.0,0.0,0.0,0.0,0.0,0.0,0.0,0.0,0.0,0.0,0.0,0.0,1.0,5.0,13.0,17.0,21.0,26.0,2,Industry,Thor,Immunotherapy,2017,100.0,0.0,0.0,0.0,0.0
PMID 34808255 CT_Summary_SoE.pdf,control,0,0.0,22.0,35.0,35.0,35.0,35.0,1.0,0.0,0.0,0.0,0.0,0.0,0.5,0.0,0.0,0.0,0.0,0.0,0.0,0.0,0.5,1.0,1.0,1.0,1.5,22.0,35.5,36.0,36.0,36.0,2,Industry,HN,Other,2017,97.22222222222221,0.0,0.0,2.7777777777777777,0.0
PMID 34808255 CT_Summary_SoE.pdf,intervention,0,0.0,22.0,35.0,35.0,35.0,35.0,1.0,0.0,0.0,0.0,0.0,0.0,0.5,0.0,0.0,0.0,0.0,0.0,0.0,0.0,0.5,1.0,1.0,1.0,1.5,22.0,35.5,36.0,36.0,36.0,2,Industry,HN,Other,2017,97.22222222222221,0.0,0.0,2.7777777777777777,0.0
PMID 34855460 a_Summary_SoE.pdf,control,0,0.0,8.0,8.0,8.0,8.0,8.0,1.0,0.0,0.0,0.5,1.0,1.5,1.0,3.5,9.0,11.0,11.5,12.0,0.0,0.0,0.0,0.0,0.0,0.0,2.0,11.5,17.0,19.5,20.5,21.5,2,Industry,Heme,Chemotherapy,2015,37.2093023255814,6.976744186046512,55.81395348837209,0.0,62.7906976744186
PMID 34855460 a_Summary_SoE.pdf,intervention,0,0.0,5.0,5.0,5.0,5.0,5.0,1.0,0.0,0.0,0.5,1.0,1.5,1.0,3.0,9.0,11.0,11.5,12.0,0.0,0.0,0.0,0.0,0.0,0.0,2.0,8.0,14.0,16.5,17.5,18.5,2,Industry,Heme,Chemotherapy,2015,27.027027027027028,8.108108108108109,64.86486486486487,0.0,72.97297297297298
PMID 34855460 a_Summary_SoE.pdf,intervention,1,0.0,6.0,6.0,6.0,6.0,6.0,1.0,0.0,0.0,0.5,1.0,1.5,1.0,3.5,9.0,11.0,11.5,12.0,0.0,0.0,0.0,0.0,0.0,0.0,2.0,9.5,15.0,17.5,18.5,19.5,2,Industry,Heme,Chemotherapy,2015,30.76923076923077,7.6923076923076925,61.53846153846154,0.0,69.23076923076923
PMID 34874182 a_Summary_SoE.pdf,control,0,0.0,0.5,0.5,0.5,0.5,0.5,0.0,0.0,0.0,0.0,0.0,0.0,0.0,0.0,0.0,0.0,0.0,0.0,0.5,0.0,0.0,0.0,0.0,0.0,0.5,0.5,0.5,0.5,0.5,0.5,2,Industry,Breast,Targeted Therapy,2015,100.0,0.0,0.0,0.0,0.0
PMID 34874182 a_Summary_SoE.pdf,intervention,0,0.0,1.0,2.0,3.5,5.0,7.0,0.0,0.0,0.0,0.0,0.0,0.0,0.0,0.0,0.0,0.0,0.0,0.0,0.5,0.0,0.0,0.0,0.0,0.0,0.5,1.0,2.0,3.5,5.0,7.0,2,Industry,Breast,Targeted Therapy,2015,100.0,0.0,0.0,0.0,0.0
PMID 34882169 a_Summary_SoE.pdf,control,0,0.0,0.0,0.0,0.0,0.0,0.0,0.0,0.0,0.0,0.0,0.0,0.0,1.0,0.0,0.0,0.0,0.0,0.0,1.0,1.0,2.0,2.0,2.0,2.0,2.0,1.0,2.0,2.0,2.0,2.0,2,Non-Industry,CNS,Other,2013,0.0,0.0,0.0,100.0,0.0
PMID 34882169 a_Summary_SoE.pdf,intervention,0,0.0,0.0,0.0,0.0,0.0,0.0,0.0,0.0,0.0,0.0,0.0,0.0,1.0,0.0,0.0,0.0,0.0,0.0,1.0,1.0,2.0,2.0,2.0,2.0,2.0,1.0,2.0,2.0,2.0,2.0,2,Non-Industry,CNS,Other,2013,0.0,0.0,0.0,100.0,0.0
PMID 34882169 a_Summary_SoE.pdf,intervention,1,0.0,0.0,0.0,0.0,0.0,0.0,0.0,0.0,0.0,0.0,0.0,0.0,1.0,0.0,0.0,0.0,0.0,0.0,1.0,1.0,2.0,2.0,2.0,2.0,2.0,1.0,2.0,2.0,2.0,2.0,2,Non-Industry,CNS,Other,2013,0.0,0.0,0.0,100.0,0.0
PMID 34890060 CT_Summary_SoE.pdf,control,0,0.0,0.0,0.0,0.0,0.0,0.0,0.0,0.0,0.0,0.0,0.0,0.0,0.5,0.0,0.0,0.0,0.0,0.0,1.5,1.0,1.0,1.0,1.0,2.0,2.0,1.0,1.0,1.0,1.0,2.0,2,Non-Industry,GU,Other,2017,0.0,0.0,0.0,100.0,0.0
PMID 34890060 CT_Summary_SoE.pdf,intervention,0,0.0,0.0,0.0,0.0,0.0,0.0,0.0,0.0,0.0,0.0,0.0,0.0,0.5,0.0,0.0,0.0,0.0,0.0,1.5,1.0,1.0,1.0,1.0,2.0,2.0,1.0,1.0,1.0,1.0,2.0,2,Non-Industry,GU,Other,2017,0.0,0.0,0.0,100.0,0.0
PMID 34890060 CT_Summary_SoE.pdf,intervention,1,0.0,0.0,0.0,0.0,0.0,0.0,0.0,0.0,0.0,0.0,0.0,0.0,0.5,0.0,0.0,0.0,0.0,0.0,1.5,1.0,1.0,1.0,1.0,2.0,2.0,1.0,1.0,1.0,1.0,2.0,2,Non-Industry,GU,Other,2017,0.0,0.0,0.0,100.0,0.0
PMID 34890060 CT_Summary_SoE.pdf,intervention,2,0.0,0.0,0.0,0.0,0.0,0.0,0.0,0.0,0.0,0.0,0.0,0.0,0.5,0.0,0.0,0.0,0.0,0.0,1.5,1.0,1.0,1.0,1.0,2.0,2.0,1.0,1.0,1.0,1.0,2.0,2,Non-Industry,GU,Other,2017,0.0,0.0,0.0,100.0,0.0
PMID 34890214 a_Summary_SoE.pdf,control,0,0.0,2.0,5.0,17.0,21.0,26.0,1.0,0.0,0.5,0.5,0.5,0.5,0.5,0.0,0.0,0.0,0.0,0.0,0.0,0.0,0.0,0.0,0.0,0.0,1.5,2.0,5.5,17.5,21.5,26.5,2,Industry,Breast,Targeted Therapy,2014,98.11320754716981,1.8867924528301887,0.0,0.0,1.8867924528301887
PMID 34890214 a_Summary_SoE.pdf,intervention,0,0.0,2.0,5.0,9.0,13.0,18.0,1.0,0.0,0.5,0.5,0.5,0.5,0.5,0.0,0.0,0.0,0.0,0.0,0.0,0.0,0.0,0.0,0.0,0.0,1.5,2.0,5.5,9.5,13.5,18.5,2,Industry,Breast,Targeted Therapy,2014,97.2972972972973,2.7027027027027026,0.0,0.0,2.7027027027027026
PMID 34891224 a_Summary_SoE.pdf,control,0,0.0,6.0,34.0,34.0,34.0,34.0,1.0,0.0,1.0,3.0,4.0,5.0,1.0,0.0,0.0,0.0,0.0,0.0,0.0,0.0,0.0,0.0,0.0,0.0,2.0,6.0,35.0,37.0,38.0,39.0,2,Industry,Heme,Targeted Therapy,2018,87.17948717948718,12.82051282051282,0.0,0.0,12.82051282051282
PMID 34891224 a_Summary_SoE.pdf,intervention,0,0.0,8.5,8.5,8.5,8.5,8.5,1.0,0.0,1.0,3.0,4.0,5.0,1.0,0.0,0.0,0.0,0.0,0.0,0.0,3.5,3.5,3.5,3.5,3.5,2.0,12.0,13.0,15.0,16.0,17.0,2,Industry,Heme,Targeted Therapy,2018,50.0,29.411764705882355,0.0,20.588235294117645,29.411764705882355
PMID 34914339 a_Summary_SoE.pdf,control,0,0.0,0.0,0.0,0.0,0.0,0.0,1.0,0.5,0.5,0.5,0.5,1.5,1.0,0.5,0.5,0.5,0.5,0.5,1.0,1.5,2.5,3.5,4.5,4.5,3.0,2.5,3.5,4.5,5.5,6.5,2,Industry,Breast,Endocrine,2011,0.0,23.076923076923077,7.6923076923076925,69.23076923076923,30.76923076923077
PMID 34914339 a_Summary_SoE.pdf,intervention,0,0.0,2.0,5.0,7.0,7.0,7.0,1.0,0.5,0.5,0.5,0.5,1.5,1.0,0.5,0.5,0.5,0.5,0.5,1.0,0.5,0.5,1.0,2.0,2.0,3.0,3.5,6.5,9.0,10.0,11.0,2,Industry,Breast,Endocrine,2011,63.63636363636363,13.636363636363635,4.545454545454546,18.181818181818183,18.18181818181818
PMID 34914889 a_Summary_SoE.pdf,control,0,0.0,1.5,3.5,6.5,10.0,13.5,1.0,0.0,0.5,1.5,2.0,3.0,1.0,1.5,3.0,5.0,8.0,10.5,0.0,0.0,0.0,0.0,0.0,0.0,2.0,3.0,7.0,13.0,20.0,27.0,2,Industry,GI,Immunotherapy,2015,50.0,11.11111111111111,38.88888888888889,0.0,50.0
PMID 34914889 a_Summary_SoE.pdf,intervention,0,0.0,3.0,7.0,13.0,20.0,27.0,1.0,0.0,0.0,0.0,0.0,0.0,1.0,0.0,0.0,0.0,0.0,0.0,0.0,0.0,0.0,0.0,0.0,0.0,2.0,3.0,7.0,13.0,20.0,27.0,2,Industry,GI,Immunotherapy,2015,100.0,0.0,0.0,0.0,0.0
PMID 34967844 a_Summary_SoE.pdf,control,0,0.0,2.0,5.0,6.0,6.0,6.0,0.5,0.0,0.5,1.0,2.0,3.0,0.5,0.0,0.0,0.0,0.0,0.0,0.0,0.0,0.0,0.0,0.0,0.0,1.0,2.0,5.5,7.0,8.0,9.0,2,Non-Industry,Breast,Other,2015,66.66666666666666,33.33333333333333,0.0,0.0,33.33333333333333
PMID 34967844 a_Summary_SoE.pdf,intervention,0,1.0,3.0,8.0,12.0,12.0,12.0,0.5,0.0,0.5,1.0,2.0,3.0,0.5,0.0,0.0,0.0,0.0,0.0,0.0,0.0,0.0,0.0,0.0,0.0,2.0,3.0,8.5,13.0,14.0,15.0,2,Non-Industry,Breast,Other,2015,80.0,20.0,0.0,0.0,20.0
PMID 34997889 CT_Summary_SoE.pdf,intervention,0,0.0,6.0,20.0,30.0,30.0,30.0,1.5,0.0,1.0,2.0,2.0,2.0,1.0,0.0,0.0,0.0,0.0,0.0,0.0,0.0,0.0,0.0,0.5,0.5,2.5,6.0,21.0,32.0,32.5,32.5,2,Non-Industry,CNS,Chemotherapy,2005,92.3076923076923,6.153846153846154,0.0,1.5384615384615385,6.153846153846154
PMID 34997889 CT_Summary_SoE.pdf,intervention,1,0.0,6.0,20.0,30.0,30.0,30.0,1.5,0.0,1.0,2.0,2.0,2.0,1.0,0.0,0.0,0.0,0.0,0.0,0.0,0.0,0.0,0.0,0.5,0.5,2.5,6.0,21.0,32.0,32.5,32.5,2,Non-Industry,CNS,Chemotherapy,2005,92.3076923076923,6.153846153846154,0.0,1.5384615384615385,6.153846153846154
PMID 35007153 a_Summary_SoE.pdf,control,0,0.0,7.0,17.5,21.0,21.0,21.0,1.0,0.0,0.0,0.5,1.5,2.5,0.5,1.5,4.0,6.0,6.0,6.0,0.5,0.0,0.0,0.0,0.0,0.0,2.0,8.5,21.5,27.5,28.5,29.5,2,Non-Industry,GYN,Chemotherapy,2009,71.1864406779661,8.47457627118644,20.33898305084746,0.0,28.8135593220339
PMID 35007153 a_Summary_SoE.pdf,intervention,0,0.0,2.0,5.0,6.0,6.0,6.0,1.0,0.0,0.0,0.5,1.5,2.5,0.5,1.5,4.0,6.0,6.0,6.0,0.5,0.0,0.0,0.0,0.0,0.0,2.0,3.5,9.0,12.5,13.5,14.5,2,Non-Industry,GYN,Chemotherapy,2009,41.37931034482759,17.24137931034483,41.37931034482759,0.0,58.62068965517241
PMID 35013615 CT_Summary_SoE.pdf,control,0,0.0,1.0,2.5,4.5,6.5,9.0,1.0,0.0,0.5,1.5,2.5,4.0,1.0,1.0,2.0,3.0,4.0,5.0,0.0,0.0,0.0,0.0,0.0,0.0,2.0,2.0,5.0,9.0,13.0,18.0,2,Industry,GU,Immunotherapy,2017,50.0,22.22222222222222,27.77777777777778,0.0,50.0
PMID 35013615 CT_Summary_SoE.pdf,intervention,0,0.0,2.0,5.0,9.0,13.0,18.0,1.0,0.0,0.0,0.0,0.0,0.0,1.0,0.0,0.0,0.0,0.0,0.0,0.0,0.0,0.0,0.0,0.0,0.0,2.0,2.0,5.0,9.0,13.0,18.0,2,Industry,GU,Immunotherapy,2017,100.0,0.0,0.0,0.0,0.0
PMID 35030011 a_Summary_SoE.pdf,control,0,0.0,2.0,4.0,7.0,10.0,14.0,1.0,0.0,0.0,0.0,0.0,0.0,0.5,1.0,2.0,2.0,2.0,2.0,0.0,0.0,0.0,0.0,0.0,0.0,1.5,3.0,6.0,9.0,12.0,16.0,2,Industry,Skin,Targeted Therapy,2017,87.5,0.0,12.5,0.0,12.5
PMID 35030011 a_Summary_SoE.pdf,intervention,0,0.0,2.0,4.0,7.0,10.0,14.0,1.0,0.0,0.0,0.0,0.0,0.0,0.5,1.0,2.0,2.0,2.0,2.0,0.0,0.0,0.0,0.0,0.0,0.0,1.5,3.0,6.0,9.0,12.0,16.0,2,Industry,Skin,Targeted Therapy,2017,87.5,0.0,12.5,0.0,12.5
PMID 35032434 a_Summary_SoE.pdf,control,0,0.0,1.0,2.0,3.5,5.0,7.0,1.0,0.0,0.0,0.0,0.0,0.0,0.5,4.0,9.5,16.0,22.5,29.5,0.0,0.0,0.0,0.0,0.0,0.0,1.5,5.0,11.5,19.5,27.5,36.5,2,Industry,Heme,Targeted Therapy,2017,19.17808219178082,0.0,80.82191780821918,0.0,80.82191780821918
PMID 35032434 a_Summary_SoE.pdf,intervention,0,0.0,2.0,4.0,7.0,10.0,14.0,1.0,0.0,0.0,0.0,0.0,0.0,0.5,3.0,7.5,12.5,17.5,22.5,0.0,0.0,0.0,0.0,0.0,0.0,1.5,5.0,11.5,19.5,27.5,36.5,2,Industry,Heme,Targeted Therapy,2017,38.35616438356164,0.0,61.64383561643836,0.0,61.64383561643836
PMID 35038433 CT_Summary_SoE.pdf,control,0,0.0,21.0,29.0,29.0,29.0,29.0,1.5,0.0,1.5,1.5,3.0,4.0,1.0,0.0,0.0,0.0,0.0,0.0,1.0,0.0,0.0,0.0,0.0,0.0,3.5,21.0,30.5,30.5,32.0,33.0,2,Industry,HN,Targeted Therapy,2011,87.87878787878788,12.121212121212121,0.0,0.0,12.121212121212121
PMID 35038433 CT_Summary_SoE.pdf,intervention,0,0.0,21.0,29.0,32.5,37.5,41.5,1.5,0.0,1.5,1.5,2.0,2.5,1.0,0.0,0.0,0.0,0.0,0.0,1.0,0.0,0.0,0.0,0.0,0.0,3.5,21.0,30.5,34.0,39.5,44.0,2,Industry,HN,Targeted Therapy,2011,94.31818181818183,5.681818181818182,0.0,0.0,5.681818181818182
PMID 35045221 a_Summary_SoE.pdf,control,0,0.0,4.0,10.0,20.5,30.0,40.0,1.0,0.0,1.0,3.0,4.0,6.0,0.5,0.0,0.0,0.0,0.0,0.0,0.0,0.0,0.0,0.0,0.0,0.0,1.5,4.0,11.0,23.5,34.0,46.0,2,Industry,GYN,Immunotherapy,2018,86.95652173913044,13.043478260869565,0.0,0.0,13.043478260869565
PMID 35045221 a_Summary_SoE.pdf,intervention,0,0.0,2.0,5.0,9.0,13.0,18.0,1.0,0.0,1.0,2.5,3.5,4.5,0.5,1.0,1.5,1.5,1.5,1.5,0.0,0.0,0.5,0.5,0.5,0.5,1.5,3.0,8.0,13.5,18.5,24.5,2,Industry,GYN,Immunotherapy,2018,73.46938775510205,18.367346938775512,6.122448979591836,2.0408163265306123,24.48979591836735
PMID 35108470 a_Summary_SoE.pdf,control,0,0.5,7.0,20.0,35.0,50.0,66.0,1.0,0.0,0.5,2.0,3.0,4.0,0.5,0.0,0.0,0.0,0.0,0.0,0.0,0.0,0.0,0.0,0.0,0.0,2.0,7.0,20.5,37.0,53.0,70.0,2,Industry,GI,Immunotherapy,2017,94.28571428571428,5.714285714285714,0.0,0.0,5.714285714285714
PMID 35108470 a_Summary_SoE.pdf,intervention,0,0.5,3.0,7.0,13.0,20.0,27.0,1.0,0.0,0.0,0.0,0.0,0.0,0.5,0.0,0.0,0.0,0.0,0.0,0.0,0.0,0.0,0.0,0.0,0.0,2.0,3.0,7.0,13.0,20.0,27.0,2,Industry,GI,Immunotherapy,2017,100.0,0.0,0.0,0.0,0.0
PMID 35108470 a_Summary_SoE.pdf,intervention,1,0.5,8.0,23.0,41.0,60.0,79.0,1.0,0.0,0.0,0.0,0.0,0.0,0.5,0.0,0.0,0.0,0.0,0.0,0.0,0.0,0.0,0.0,0.0,0.0,2.0,8.0,23.0,41.0,60.0,79.0,2,Industry,GI,Immunotherapy,2017,100.0,0.0,0.0,0.0,0.0
PMID 35142815 a_Summary_SoE.pdf,control,0,1.0,2.5,7.5,16.5,20.5,24.0,1.0,0.0,0.0,0.0,0.0,0.0,1.5,0.0,0.0,0.0,0.0,0.0,0.0,0.0,0.0,0.0,0.0,0.0,3.5,2.5,7.5,16.5,20.5,24.0,2,Industry,GU,Targeted Therapy,2014,100.0,0.0,0.0,0.0,0.0
PMID 35142815 a_Summary_SoE.pdf,intervention,0,1.0,2.5,7.5,16.5,20.5,24.0,1.0,0.0,0.0,0.0,0.0,0.0,1.5,0.0,0.0,0.0,0.0,0.0,0.0,0.0,0.0,0.0,0.0,0.0,3.5,2.5,7.5,16.5,20.5,24.0,2,Industry,GU,Targeted Therapy,2014,100.0,0.0,0.0,0.0,0.0
PMID 35179323 a_Summary_SoE.pdf,control,0,0.0,1.5,4.5,6.0,6.0,6.0,2.0,0.0,0.0,0.5,0.5,1.0,0.5,0.0,0.5,1.5,2.5,3.0,0.0,0.5,0.5,0.5,0.5,0.5,2.5,2.0,5.5,8.5,9.5,10.5,2,Industry,GU,Endocrine,2016,57.14285714285714,9.523809523809524,28.57142857142857,4.761904761904762,38.095238095238095
PMID 35179323 a_Summary_SoE.pdf,intervention,0,0.0,1.5,4.5,6.0,6.0,6.0,2.0,0.0,0.0,0.5,0.5,1.0,0.5,0.0,0.5,1.5,2.5,3.0,0.0,0.5,0.5,0.5,0.5,0.5,2.5,2.0,5.5,8.5,9.5,10.5,2,Industry,GU,Endocrine,2016,57.14285714285714,9.523809523809524,28.57142857142857,4.761904761904762,38.095238095238095
PMID 35192411 a_Summary_SoE.pdf,control,0,0.0,2.0,3.0,3.0,3.0,3.0,1.0,0.5,3.0,3.5,3.5,4.5,0.0,1.5,1.5,1.5,1.5,1.5,0.0,0.0,0.5,0.5,0.5,0.5,1.0,4.0,8.0,8.5,8.5,9.5,2,Industry,Other,Targeted Therapy,2013,31.57894736842105,47.368421052631575,15.789473684210526,5.263157894736842,63.1578947368421
PMID 35192411 a_Summary_SoE.pdf,intervention,0,0.0,2.0,3.0,3.0,3.0,3.0,1.0,0.5,3.0,3.5,3.5,4.5,0.0,1.5,1.5,1.5,1.5,1.5,0.0,0.0,0.5,0.5,0.5,0.5,1.0,4.0,8.0,8.5,8.5,9.5,2,Industry,Other,Targeted Therapy,2013,31.57894736842105,47.368421052631575,15.789473684210526,5.263157894736842,63.1578947368421
PMID 35213496 CT_Summary_SoE.pdf,control,0,0.0,1.0,1.0,1.0,1.0,1.0,0.0,0.0,0.0,0.0,0.0,0.0,0.0,0.0,0.0,0.0,0.0,0.0,1.0,3.0,3.0,3.0,3.0,3.0,1.0,4.0,4.0,4.0,4.0,4.0,2,Industry,GI,Other,2017,25.0,0.0,0.0,75.0,0.0
PMID 35213496 CT_Summary_SoE.pdf,intervention,0,0.0,1.0,1.0,1.0,1.0,1.0,0.0,0.0,0.0,0.0,0.0,0.0,0.0,0.0,0.0,0.0,0.0,0.0,1.0,3.0,3.0,3.0,3.0,3.0,1.0,4.0,4.0,4.0,4.0,4.0,2,Industry,GI,Other,2017,25.0,0.0,0.0,75.0,0.0
PMID 35240074a_Summary_SoE.pdf,control,0,0.0,4.0,9.5,19.5,28.5,39.0,0.0,0.0,0.0,0.0,0.0,0.0,0.5,3.5,7.5,10.5,14.0,18.0,0.5,0.0,0.0,0.0,0.0,0.0,1.0,7.5,17.0,30.0,42.5,57.0,2,Industry,Multiple,Other,2018,68.42105263157895,0.0,31.57894736842105,0.0,31.57894736842105
PMID 35240074a_Summary_SoE.pdf,intervention,0,0.0,4.0,9.5,19.5,28.5,39.0,0.0,0.0,0.0,0.0,0.0,0.0,0.5,3.5,7.5,10.5,14.0,18.0,0.5,0.0,0.0,0.0,0.0,0.0,1.0,7.5,17.0,30.0,42.5,57.0,2,Industry,Multiple,Other,2018,68.42105263157895,0.0,31.57894736842105,0.0,31.57894736842105
PMID 35245446 CT_Summary_SoE.pdf,control,0,0.0,2.0,5.0,9.0,13.0,18.0,1.0,0.0,0.0,0.0,0.0,0.0,1.0,0.0,0.0,0.0,0.0,0.0,0.0,0.0,0.0,0.0,0.0,0.0,2.0,2.0,5.0,9.0,13.0,18.0,2,Industry,GI,Immunotherapy,2019,100.0,0.0,0.0,0.0,0.0
PMID 35245446 CT_Summary_SoE.pdf,intervention,0,0.0,2.0,5.0,9.0,13.0,18.0,1.0,0.0,0.0,0.0,0.0,0.0,1.0,0.0,0.0,0.0,0.0,0.0,0.0,0.0,0.0,0.0,0.0,0.0,2.0,2.0,5.0,9.0,13.0,18.0,2,Industry,GI,Immunotherapy,2019,100.0,0.0,0.0,0.0,0.0
PMID 35271306 a_Summary_SoE.pdf,control,0,0.0,7.0,27.0,41.5,57.0,65.5,1.0,0.5,0.5,0.5,0.5,0.5,0.5,0.5,0.5,1.5,1.5,2.5,0.0,0.0,0.0,0.0,0.0,0.0,1.5,8.0,28.0,43.5,59.0,68.5,2,Non-Industry,Heme,Targeted Therapy,2014,95.62043795620438,0.7299270072992701,3.64963503649635,0.0,4.3795620437956195
PMID 35271306 a_Summary_SoE.pdf,intervention,0,0.0,8.0,28.0,43.0,58.5,67.0,1.0,0.5,0.5,0.5,0.5,0.5,0.5,0.5,0.5,1.5,1.5,2.5,0.0,0.0,0.0,0.0,0.0,0.0,1.5,9.0,29.0,45.0,60.5,70.0,2,Non-Industry,Heme,Targeted Therapy,2014,95.71428571428572,0.7142857142857143,3.571428571428571,0.0,4.285714285714286
PMID 35290101 a_Summary_SoE.pdf,control,0,0.0,3.0,7.0,9.0,9.0,9.0,1.0,0.0,0.0,1.5,3.0,4.0,1.0,0.0,0.0,0.0,0.0,0.0,0.0,0.0,0.0,0.5,0.5,1.0,2.0,3.0,7.0,11.0,12.5,14.0,2,Industry,GYN,Targeted Therapy,2016,64.28571428571429,28.57142857142857,0.0,7.142857142857142,28.57142857142857
PMID 35290101 a_Summary_SoE.pdf,intervention,0,0.0,0.0,0.0,0.0,0.0,0.0,1.0,0.0,1.5,3.0,4.5,6.0,1.0,3.0,5.5,8.5,10.5,14.0,0.0,0.0,0.0,0.0,0.0,0.0,2.0,3.0,7.0,11.5,15.0,20.0,2,Industry,GYN,Targeted Therapy,2016,0.0,30.0,70.0,0.0,100.0
PMID 35290101 a_Summary_SoE.pdf,intervention,1,0.0,0.0,0.0,0.0,0.0,0.0,1.0,0.0,1.5,3.0,4.5,6.0,1.0,4.5,8.5,11.5,13.5,17.0,0.0,0.0,0.0,0.0,0.0,0.0,2.0,4.5,10.0,14.5,18.0,23.0,2,Industry,GYN,Targeted Therapy,2016,0.0,26.08695652173913,73.91304347826086,0.0,99.99999999999999
PMID 35298906 CT_Summary_SoE.pdf,control,0,0.0,4.0,10.0,19.5,24.0,24.0,1.0,0.0,0.0,0.0,0.0,0.5,1.0,0.0,0.0,0.0,1.5,1.5,1.0,0.0,0.0,0.0,0.5,1.0,3.0,4.0,10.0,19.5,26.0,27.0,2,Industry,GYN,Targeted Therapy,2017,88.88888888888889,1.8518518518518516,5.555555555555555,3.7037037037037033,7.4074074074074066
PMID 35298906 CT_Summary_SoE.pdf,intervention,0,0.0,2.0,4.0,7.0,10.0,14.0,1.0,0.0,0.0,0.0,0.0,0.0,1.0,1.0,2.0,2.0,2.0,2.0,1.0,0.0,0.0,0.0,0.0,0.0,3.0,3.0,6.0,9.0,12.0,16.0,2,Industry,GYN,Targeted Therapy,2017,87.5,0.0,12.5,0.0,12.5
PMID 35320644 a_Summary_SoE.pdf,control,0,0.0,2.0,5.0,9.0,13.0,18.0,1.0,0.0,0.0,0.0,0.0,0.0,1.0,2.0,2.0,2.0,2.0,2.0,0.0,0.0,0.0,0.0,0.0,0.0,2.0,4.0,7.0,11.0,15.0,20.0,2,Industry,Breast,Targeted Therapy,2018,90.0,0.0,10.0,0.0,10.0
PMID 35320644 a_Summary_SoE.pdf,intervention,0,0.0,2.0,5.0,9.0,13.0,18.0,1.0,0.0,0.0,0.0,0.0,0.0,1.0,2.0,2.0,2.0,2.0,2.0,0.0,0.0,0.0,0.0,0.0,0.0,2.0,4.0,7.0,11.0,15.0,20.0,2,Industry,Breast,Targeted Therapy,2018,90.0,0.0,10.0,0.0,10.0
PMID 35331641 CT_Summary_SoE.pdf,control,0,0.0,2.0,5.0,9.0,13.0,18.0,1.0,0.0,0.0,0.0,0.0,0.0,0.0,1.5,1.5,1.5,1.5,1.5,0.0,0.5,0.5,0.5,0.5,0.5,1.0,4.0,7.0,11.0,15.0,20.0,2,Industry,Thor,Targeted Therapy,2014,90.0,0.0,7.5,2.5,7.5
PMID 35331641 CT_Summary_SoE.pdf,intervention,0,0.0,2.5,5.5,9.5,13.5,18.5,1.0,0.0,0.0,0.0,0.0,0.0,0.0,1.5,1.5,1.5,1.5,1.5,0.0,0.0,0.0,0.0,0.0,0.0,1.0,4.0,7.0,11.0,15.0,20.0,2,Industry,Thor,Targeted Therapy,2014,92.5,0.0,7.5,0.0,7.5
PMID 35367007a_Summary_SoE.pdf,control,0,0.0,2.0,5.0,9.0,13.0,17.0,1.0,0.0,0.0,0.0,0.0,0.5,0.5,0.0,0.0,0.0,0.0,0.0,0.0,0.0,0.0,0.0,0.0,0.0,1.5,2.0,5.0,9.0,13.0,17.5,2,Industry,Skin,Immunotherapy,2018,97.14285714285714,2.857142857142857,0.0,0.0,2.857142857142857
PMID 35367007a_Summary_SoE.pdf,intervention,0,0.0,2.0,5.0,9.0,13.0,17.0,1.0,0.0,0.0,0.0,0.0,0.5,0.5,0.0,0.0,0.0,0.0,0.0,0.0,0.0,0.0,0.0,0.0,0.0,1.5,2.0,5.0,9.0,13.0,17.5,2,Industry,Skin,Immunotherapy,2018,97.14285714285714,2.857142857142857,0.0,0.0,2.857142857142857
PMID 35403841 a_Summary_SoE.pdf,control,0,0.0,4.0,7.0,7.0,7.0,7.0,1.0,0.0,0.5,1.5,2.5,3.5,1.0,0.0,1.0,2.0,2.0,2.0,0.0,0.0,0.0,0.0,0.5,1.0,2.0,4.0,8.5,10.5,12.0,13.5,2,Industry,Thor,Immunotherapy,2017,51.85185185185185,25.925925925925924,14.814814814814813,7.4074074074074066,40.74074074074073
PMID 35403841 a_Summary_SoE.pdf,intervention,0,0.0,3.0,4.0,4.0,4.0,4.0,1.0,0.0,0.5,1.5,2.5,3.5,1.0,0.0,1.0,2.0,2.0,2.0,0.0,0.0,0.0,0.0,0.5,1.0,2.0,3.0,5.5,7.5,9.0,10.5,2,Industry,Thor,Immunotherapy,2017,38.095238095238095,33.33333333333333,19.047619047619047,9.523809523809524,52.38095238095238
PMID 35403841 a_Summary_SoE.pdf,intervention,1,0.0,4.0,7.0,7.0,7.0,7.0,1.0,0.0,0.5,1.5,2.5,3.5,1.0,0.0,1.0,2.0,2.0,2.0,0.0,0.0,0.0,0.0,0.5,1.0,2.0,4.0,8.5,10.5,12.0,13.5,2,Industry,Thor,Immunotherapy,2017,51.85185185185185,25.925925925925924,14.814814814814813,7.4074074074074066,40.74074074074073
PMID 35419607 CT_Summary_SoE.pdf,control,0,0.0,20.0,32.5,32.5,32.5,32.5,1.0,0.0,1.5,3.0,4.5,6.5,0.0,0.0,1.5,7.5,12.0,13.0,0.0,0.0,0.0,0.0,0.0,0.0,1.0,20.0,35.5,43.0,49.0,52.0,2,Industry,CNS,Immunotherapy,2016,62.5,12.5,25.0,0.0,37.5
PMID 35419607 CT_Summary_SoE.pdf,intervention,0,0.0,20.0,36.0,39.5,43.0,46.5,1.0,0.0,1.5,3.0,4.5,6.5,0.0,0.0,0.0,0.0,0.0,0.0,0.0,0.0,0.0,0.0,0.0,0.0,1.0,20.0,37.5,42.5,47.5,53.0,2,Industry,CNS,Immunotherapy,2016,87.73584905660378,12.264150943396226,0.0,0.0,12.264150943396226
PMID 35427471 CT_Summary_SoE.pdf,control,0,0.0,3.0,7.0,13.0,20.0,27.0,1.0,0.0,0.5,0.5,1.0,1.5,0.5,0.0,0.0,0.0,0.0,0.0,0.0,0.0,0.0,0.0,0.0,0.0,1.5,3.0,7.5,13.5,21.0,28.5,2,Industry,GI,Immunotherapy,2015,94.73684210526315,5.263157894736842,0.0,0.0,5.263157894736842
PMID 35427471 CT_Summary_SoE.pdf,intervention,0,0.0,2.0,5.0,9.0,13.0,18.0,1.0,0.0,0.0,0.0,0.0,0.0,0.5,0.0,0.0,0.0,0.0,0.0,0.0,0.0,0.0,0.0,0.0,0.0,1.5,2.0,5.0,9.0,13.0,18.0,2,Industry,GI,Immunotherapy,2015,100.0,0.0,0.0,0.0,0.0
PMID 35442766 a_Summary_SoE.pdf,control,0,0.0,2.0,5.0,9.0,13.0,18.0,1.0,0.0,0.0,0.0,0.0,0.0,0.0,3.0,6.0,10.5,15.0,20.5,0.0,0.0,0.0,0.0,0.0,0.0,1.0,5.0,11.0,19.5,28.0,38.5,2,Industry,HN,Immunotherapy,2018,46.75324675324675,0.0,53.246753246753244,0.0,53.246753246753244
PMID 35442766 a_Summary_SoE.pdf,intervention,0,0.0,2.0,5.0,9.0,13.0,18.0,1.0,0.0,0.0,0.0,0.0,0.0,0.0,3.0,4.0,4.0,4.0,5.0,0.0,0.0,0.0,0.0,0.0,0.0,1.0,5.0,9.0,13.0,17.0,23.0,2,Industry,HN,Immunotherapy,2018,78.26086956521739,0.0,21.73913043478261,0.0,21.73913043478261
PMID 35443108 a_Summary_SoE.pdf,control,0,0.0,9.0,27.0,49.0,70.0,92.0,1.0,1.0,2.0,2.0,2.0,2.0,0.0,2.0,3.0,4.0,4.0,4.0,0.5,0.0,0.0,0.0,0.0,0.0,1.5,12.0,32.0,55.0,76.0,98.0,2,Industry,Heme,Chemotherapy,2017,93.87755102040816,2.0408163265306123,4.081632653061225,0.0,6.122448979591837
PMID 35443108 a_Summary_SoE.pdf,intervention,0,0.0,9.0,27.0,49.0,70.0,92.0,1.0,1.0,2.0,2.0,2.0,2.0,0.0,2.0,3.0,4.0,4.0,4.0,0.5,0.0,0.0,0.0,0.0,0.0,1.5,12.0,32.0,55.0,76.0,98.0,2,Industry,Heme,Chemotherapy,2017,93.87755102040816,2.0408163265306123,4.081632653061225,0.0,6.122448979591837
PMID 35446628 a_Summary_SoE.pdf,control,0,0.0,1.0,1.0,2.0,3.0,5.0,2.0,0.0,0.0,0.0,0.0,0.0,0.0,0.0,2.0,2.0,2.0,2.0,0.0,0.0,0.0,0.0,0.0,0.0,2.0,1.0,3.0,4.0,5.0,7.0,2,Non-Industry,GU,Endocrine,2013,71.42857142857143,0.0,28.57142857142857,0.0,28.57142857142857
PMID 35446628 a_Summary_SoE.pdf,intervention,0,0.0,1.0,1.0,2.0,3.0,5.0,2.0,0.0,0.0,0.0,0.0,0.0,0.0,0.0,2.0,2.0,2.0,2.0,0.0,0.0,0.0,0.0,0.0,0.0,2.0,1.0,3.0,4.0,5.0,7.0,2,Non-Industry,GU,Endocrine,2013,71.42857142857143,0.0,28.57142857142857,0.0,28.57142857142857
PMID 35511454 CT_Summary_SoE.pdf,control,0,0.0,21.0,36.0,40.0,43.0,47.0,0.5,0.0,1.0,2.5,4.0,6.0,0.5,0.0,1.0,5.0,8.5,9.0,0.5,0.0,0.0,0.0,0.0,0.0,1.5,21.0,38.0,47.5,55.5,62.0,2,Industry,CNS,Immunotherapy,2016,75.80645161290323,9.67741935483871,14.516129032258066,0.0,24.193548387096776
PMID 35511454 CT_Summary_SoE.pdf,intervention,0,0.0,21.0,36.0,40.0,43.0,47.0,0.5,0.0,1.0,2.5,4.0,6.0,0.5,0.0,1.0,5.0,8.5,9.0,0.5,0.0,0.0,0.0,0.0,0.0,1.5,21.0,38.0,47.5,55.5,62.0,2,Industry,CNS,Immunotherapy,2016,75.80645161290323,9.67741935483871,14.516129032258066,0.0,24.193548387096776
PMID 35552364 a_Summary_SoE.pdf,control,0,0.0,2.0,5.0,9.0,13.0,18.0,1.0,0.0,1.0,3.0,4.0,5.0,0.5,1.0,3.0,5.0,9.0,12.0,0.5,0.0,0.0,0.0,0.0,0.0,2.0,3.0,9.0,17.0,26.0,35.0,2,Industry,Breast,Chemotherapy,2016,51.42857142857142,14.285714285714285,34.285714285714285,0.0,48.57142857142857
PMID 35552364 a_Summary_SoE.pdf,intervention,0,0.0,2.0,5.0,9.0,13.0,18.0,1.0,0.0,1.0,3.0,4.0,5.0,0.5,1.0,3.0,5.0,9.0,12.0,0.5,0.0,0.0,0.0,0.0,0.0,2.0,3.0,9.0,17.0,26.0,35.0,2,Industry,Breast,Chemotherapy,2016,51.42857142857142,14.285714285714285,34.285714285714285,0.0,48.57142857142857
PMID 35569466 CT_Summary_SoE.pdf,control,0,0.0,21.0,38.0,38.0,38.0,38.0,2.0,0.0,0.0,0.0,0.0,0.0,1.0,0.0,0.0,2.0,3.0,4.0,1.5,0.0,0.0,0.0,0.0,0.0,4.5,21.0,38.0,40.0,41.0,42.0,2,Non-Industry,GU,Radiation,2008,90.47619047619048,0.0,9.523809523809524,0.0,9.523809523809524
PMID 35569466 CT_Summary_SoE.pdf,intervention,0,0.0,1.0,23.0,39.0,39.0,39.0,2.0,0.0,0.0,0.0,0.0,0.0,1.0,0.0,1.0,2.0,3.0,4.0,1.5,0.0,0.0,0.0,0.0,0.0,4.5,1.0,24.0,41.0,42.0,43.0,2,Non-Industry,GU,Radiation,2008,90.69767441860465,0.0,9.30232558139535,0.0,9.30232558139535
PMID 35569466 CT_Summary_SoE.pdf,intervention,1,0.0,1.0,23.0,39.0,39.0,39.0,2.0,0.0,0.0,0.0,0.0,0.0,1.0,0.0,1.0,2.0,3.0,4.0,1.5,0.0,0.0,0.0,0.0,0.0,4.5,1.0,24.0,41.0,42.0,43.0,2,Non-Industry,GU,Radiation,2008,90.69767441860465,0.0,9.30232558139535,0.0,9.30232558139535
PMID 35580297 a_Summary_SoE.pdf,control,0,0.0,2.0,5.0,8.0,10.0,12.0,1.0,2.0,2.0,2.0,2.0,2.0,0.0,0.0,0.0,0.0,0.0,0.0,0.0,0.0,0.0,0.0,0.0,0.0,1.0,4.0,7.0,10.0,12.0,14.0,2,Industry,Thor,Targeted Therapy,2019,85.71428571428571,14.285714285714285,0.0,0.0,14.285714285714285
PMID 35580297 a_Summary_SoE.pdf,intervention,0,0.0,2.0,5.0,8.0,10.0,12.0,1.0,2.0,2.0,2.0,2.0,2.0,0.0,0.0,0.0,0.0,0.0,0.0,0.0,0.0,0.0,0.0,0.0,0.0,1.0,4.0,7.0,10.0,12.0,14.0,2,Industry,Thor,Targeted Therapy,2019,85.71428571428571,14.285714285714285,0.0,0.0,14.285714285714285
PMID 35584336 a_Summary_SoE.pdf,control,0,0.0,3.0,5.0,8.0,11.0,15.0,1.0,0.0,0.0,0.0,0.0,0.0,1.0,0.0,0.0,0.0,0.0,0.0,0.0,0.0,0.0,0.0,0.0,0.0,2.0,3.0,5.0,8.0,11.0,15.0,2,Industry,Breast,Other,2019,100.0,0.0,0.0,0.0,0.0
PMID 35584336 a_Summary_SoE.pdf,intervention,0,0.0,3.0,5.0,8.0,11.0,15.0,1.0,0.0,0.0,0.0,0.0,0.0,1.0,0.0,0.0,0.0,0.0,0.0,0.0,0.0,0.0,0.0,0.0,0.0,2.0,3.0,5.0,8.0,11.0,15.0,2,Industry,Breast,Other,2019,100.0,0.0,0.0,0.0,0.0
PMID 35608580 a_Summary_SoE.pdf,control,0,0.0,0.0,0.0,0.0,0.0,0.0,1.5,0.5,0.5,0.5,0.5,1.5,0.5,0.5,0.5,1.5,1.5,1.5,0.0,0.0,0.0,0.0,0.0,0.0,2.0,1.0,1.0,2.0,2.0,3.0,2,Non-Industry,Breast,Other,2010,0.0,50.0,50.0,0.0,100.0
PMID 35608580 a_Summary_SoE.pdf,intervention,0,0.0,0.0,0.0,0.0,0.0,0.0,1.5,0.5,0.5,0.5,0.5,1.5,0.5,0.5,0.5,1.5,1.5,1.5,0.0,0.0,0.0,0.0,0.0,0.0,2.0,1.0,1.0,2.0,2.0,3.0,2,Non-Industry,Breast,Other,2010,0.0,50.0,50.0,0.0,100.0
PMID 35657079 a_Summary_SoE.pdf,control,0,0.0,4.0,8.0,12.0,14.0,16.0,1.5,0.0,0.0,0.5,0.5,1.0,0.0,1.0,3.0,6.5,7.5,9.0,0.5,0.0,0.0,0.0,0.0,0.0,2.0,5.0,11.0,19.0,22.0,26.0,2,Industry,Heme,Targeted Therapy,2013,61.53846153846154,3.8461538461538463,34.61538461538461,0.0,38.46153846153846
PMID 35657079 a_Summary_SoE.pdf,intervention,0,0.0,4.0,8.0,12.0,14.0,16.0,1.5,0.0,0.0,0.5,0.5,1.0,0.0,1.0,3.0,6.5,7.5,9.0,0.5,0.0,0.0,0.0,0.0,0.0,2.0,5.0,11.0,19.0,22.0,26.0,2,Industry,Heme,Targeted Therapy,2013,61.53846153846154,3.8461538461538463,34.61538461538461,0.0,38.46153846153846
PMID 35660812 a_Summary_SoE.pdf,control,0,0.0,7.0,19.5,38.0,41.0,43.0,1.5,0.0,0.0,0.0,0.0,0.0,0.5,0.0,0.0,0.0,5.5,7.5,0.0,0.0,0.0,0.0,0.0,0.0,2.0,7.0,19.5,38.0,46.5,50.5,2,Industry,GU,Targeted Therapy,2010,85.14851485148515,0.0,14.85148514851485,0.0,14.85148514851485
PMID 35660812 a_Summary_SoE.pdf,intervention,0,0.0,7.0,15.0,36.0,41.0,42.5,1.5,0.0,0.0,0.0,0.0,0.0,0.5,0.0,0.5,0.5,6.0,8.0,0.0,0.0,0.0,0.0,0.0,0.0,2.0,7.0,15.5,36.5,47.0,50.5,2,Industry,GU,Targeted Therapy,2010,84.15841584158416,0.0,15.841584158415841,0.0,15.841584158415841
PMID 35665782 a_Summary_SoE.pdf,control,0,0.0,2.0,5.0,9.0,13.0,18.0,1.5,0.5,0.5,0.5,0.5,0.5,0.5,2.5,2.5,2.5,2.5,2.5,0.0,0.0,0.0,0.0,0.0,0.0,2.0,5.0,8.0,12.0,16.0,21.0,2,Industry,Breast,Targeted Therapy,2018,85.71428571428571,2.380952380952381,11.904761904761903,0.0,14.285714285714285
PMID 35665782 a_Summary_SoE.pdf,intervention,0,0.0,2.0,5.0,9.0,13.0,18.0,1.5,0.5,0.5,0.5,0.5,0.5,0.5,2.5,2.5,2.5,2.5,2.5,0.0,0.0,0.0,0.0,0.0,0.0,2.0,5.0,8.0,12.0,16.0,21.0,2,Industry,Breast,Targeted Therapy,2018,85.71428571428571,2.380952380952381,11.904761904761903,0.0,14.285714285714285
PMID 35704479 a_Summary_SoE.pdf,control,0,1.0,0.0,0.0,0.0,0.0,1.0,0.0,0.0,0.0,0.0,0.0,0.0,0.0,1.0,1.0,1.5,1.5,1.5,0.0,0.0,0.0,0.5,0.5,0.5,1.0,1.0,1.0,2.0,2.0,3.0,2,Non-Industry,GI,Chemotherapy,2014,33.33333333333333,0.0,50.0,16.666666666666664,50.0
PMID 35704479 a_Summary_SoE.pdf,intervention,0,1.0,1.0,1.5,3.0,3.0,4.0,0.0,0.0,0.0,0.0,0.0,0.0,0.0,0.0,0.0,0.0,0.0,0.0,0.0,0.0,0.5,1.0,1.0,1.0,1.0,1.0,2.0,4.0,4.0,5.0,2,Non-Industry,GI,Chemotherapy,2014,80.0,0.0,0.0,20.0,0.0
PMID 35728048 a_Summary_SoE.pdf,control,0,0.5,6.5,20.0,36.5,52.0,68.5,0.0,0.0,0.0,0.0,0.0,0.0,0.5,3.0,3.5,4.5,5.0,5.5,0.5,0.0,0.0,0.0,0.0,0.0,1.5,9.5,23.5,41.0,57.0,74.0,2,Industry,Heme,Chemotherapy,2017,92.56756756756756,0.0,7.4324324324324325,0.0,7.4324324324324325
PMID 35728048 a_Summary_SoE.pdf,intervention,0,0.5,6.5,20.0,36.5,52.0,68.5,0.0,0.0,0.0,0.0,0.0,0.0,0.5,3.0,3.5,4.5,5.0,5.5,0.5,0.0,0.0,0.0,0.0,0.0,1.5,9.5,23.5,41.0,57.0,74.0,2,Industry,Heme,Chemotherapy,2017,92.56756756756756,0.0,7.4324324324324325,0.0,7.4324324324324325
PMID 35759733a_Summary_SoE.pdf,control,0,0.0,0.0,0.0,0.0,0.0,0.0,1.0,0.0,0.0,0.0,0.0,0.0,0.0,1.0,3.0,6.0,9.0,12.0,0.0,0.0,0.0,0.0,0.0,0.0,1.0,1.0,3.0,6.0,9.0,12.0,2,Non-Industry,GYN,Chemotherapy,2005,0.0,0.0,100.0,0.0,100.0
PMID 35759733a_Summary_SoE.pdf,intervention,0,0.0,2.0,4.0,7.0,10.0,12.0,1.0,0.0,0.0,0.0,0.0,0.0,0.0,0.5,1.5,3.5,5.0,6.0,0.0,0.0,0.0,0.0,0.0,0.5,1.0,2.5,5.5,10.5,15.0,18.5,2,Non-Industry,GYN,Chemotherapy,2005,64.86486486486487,0.0,32.432432432432435,2.7027027027027026,32.432432432432435
PMID 35759733a_Summary_SoE.pdf,intervention,1,0.0,2.0,4.0,7.0,10.0,12.0,1.0,0.0,0.0,0.0,0.0,0.0,0.0,0.5,1.5,3.5,5.0,6.0,0.0,0.0,0.0,0.0,0.0,0.5,1.0,2.5,5.5,10.5,15.0,18.5,2,Non-Industry,GYN,Chemotherapy,2005,64.86486486486487,0.0,32.432432432432435,2.7027027027027026,32.432432432432435
PMID 35763704 a_Summary_SoE.pdf,control,0,0.0,3.0,7.5,14.0,18.5,23.0,1.0,0.0,0.0,0.0,0.0,0.0,0.5,0.0,0.0,0.5,0.5,0.5,0.5,0.0,0.0,0.5,0.5,0.5,2.0,3.0,7.5,15.0,19.5,24.0,2,Industry,Breast,Immunotherapy,2019,95.83333333333334,0.0,2.083333333333333,2.083333333333333,2.083333333333333
PMID 35763704 a_Summary_SoE.pdf,intervention,0,0.0,3.0,7.5,14.0,18.5,23.0,1.0,0.0,0.0,0.0,0.0,0.0,0.5,0.0,0.0,0.5,0.5,0.5,0.5,0.0,0.0,0.5,0.5,0.5,2.0,3.0,7.5,15.0,19.5,24.0,2,Industry,Breast,Immunotherapy,2019,95.83333333333334,0.0,2.083333333333333,2.083333333333333,2.083333333333333
PMID 35810754 CT_Summary_SoE.pdf,control,0,0.0,4.5,8.5,12.5,12.5,12.5,1.0,1.0,1.0,2.0,3.0,4.0,1.0,1.0,1.0,1.0,1.0,1.0,0.0,0.0,0.0,0.0,0.0,0.0,2.0,6.5,10.5,15.5,16.5,17.5,2,Industry,Heme,Targeted Therapy,2017,71.42857142857143,22.857142857142858,5.714285714285714,0.0,28.571428571428573
PMID 35810754 CT_Summary_SoE.pdf,intervention,0,0.0,1.0,1.5,2.5,2.5,3.0,1.0,1.0,2.0,3.0,4.0,5.0,1.0,2.0,2.5,3.5,3.5,3.5,0.0,0.0,0.0,0.0,0.0,0.0,2.0,4.0,6.0,9.0,10.0,11.0,2,Industry,Heme,Targeted Therapy,2017,27.27272727272727,45.45454545454545,31.818181818181817,0.0,77.27272727272727
PMID 35810754 CT_Summary_SoE.pdf,intervention,1,0.0,1.0,1.5,2.5,2.5,3.0,1.0,1.0,2.0,3.0,4.0,5.0,1.0,2.0,3.0,9.0,9.0,9.0,0.0,0.0,0.0,0.0,0.0,0.0,2.0,4.0,6.5,14.5,15.5,16.5,2,Industry,Heme,Targeted Therapy,2017,18.181818181818183,30.303030303030305,54.54545454545454,0.0,84.84848484848484
PMID 35857290 a_Summary_SoE.pdf,control,0,0.0,10.5,23.0,38.0,38.0,38.0,0.0,0.0,0.0,0.0,0.0,0.0,1.0,0.0,1.0,3.0,3.0,3.0,0.0,0.0,0.0,0.0,3.0,6.0,1.0,10.5,24.0,41.0,44.0,47.0,2,Industry,Heme,Other,2015,80.85106382978722,0.0,6.382978723404255,12.76595744680851,6.382978723404255
PMID 35857290 a_Summary_SoE.pdf,intervention,0,0.0,10.5,23.0,38.0,38.0,38.0,0.0,0.0,0.0,0.0,0.0,0.0,1.0,0.0,1.0,3.0,3.0,3.0,0.0,0.0,0.0,0.0,3.0,6.0,1.0,10.5,24.0,41.0,44.0,47.0,2,Industry,Heme,Other,2015,80.85106382978722,0.0,6.382978723404255,12.76595744680851,6.382978723404255
PMID 35922251 CT_Summary_SoE.pdf,control,0,0.0,7.0,17.0,31.5,45.5,63.0,1.0,0.0,2.0,4.0,5.0,6.0,0.0,0.0,0.0,0.0,0.0,0.0,0.0,0.0,0.0,0.0,0.0,0.0,1.0,7.0,19.0,35.5,50.5,69.0,2,Industry,GYN,Immunotherapy,2017,91.30434782608695,8.695652173913043,0.0,0.0,8.695652173913043
PMID 35922251 CT_Summary_SoE.pdf,intervention,0,0.0,2.0,5.0,9.0,13.0,18.0,1.0,0.0,2.0,4.0,5.0,6.0,0.0,0.0,0.0,0.0,0.0,0.0,0.0,0.0,0.0,0.0,0.0,0.0,1.0,2.0,7.0,13.0,18.0,24.0,2,Industry,GYN,Immunotherapy,2017,75.0,25.0,0.0,0.0,25.0
PMID 35947817 a_Summary_SoE.pdf,control,0,0.0,2.5,4.5,6.5,8.5,10.5,1.0,0.0,0.0,0.0,0.0,0.5,0.0,0.5,1.5,2.5,3.5,5.0,0.0,0.0,0.0,0.0,0.0,0.0,1.0,3.0,6.0,9.0,12.0,16.0,2,Industry,GI,Targeted Therapy,2019,65.625,3.125,31.25,0.0,34.375
PMID 35947817 a_Summary_SoE.pdf,intervention,0,0.0,3.0,5.5,7.5,9.5,11.5,1.0,0.0,0.0,0.0,0.0,0.5,0.0,0.0,0.5,1.5,2.5,4.0,0.0,0.0,0.0,0.0,0.0,0.0,1.0,3.0,6.0,9.0,12.0,16.0,2,Industry,GI,Targeted Therapy,2019,71.875,3.125,25.0,0.0,28.125
PMID 36070540 a_Summary_SoE.pdf,control,0,0.0,1.0,1.0,1.0,1.0,1.0,1.0,1.0,1.0,1.0,1.0,1.0,0.0,0.0,0.0,1.0,1.0,1.0,0.0,1.0,1.0,1.0,1.0,1.0,1.0,3.0,3.0,4.0,4.0,4.0,2,Industry,GYN,Procedure,2018,25.0,25.0,25.0,25.0,50.0
PMID 36070540 a_Summary_SoE.pdf,intervention,0,0.0,1.0,1.0,1.0,1.0,1.0,1.0,1.0,1.0,1.0,1.0,1.0,0.0,0.0,0.0,1.0,1.0,1.0,0.0,1.0,1.0,1.0,1.0,1.0,1.0,3.0,3.0,4.0,4.0,4.0,2,Industry,GYN,Procedure,2018,25.0,25.0,25.0,25.0,50.0
PMID 36099926 a_Summary_SoE.pdf,control,0,0.0,2.0,5.0,9.0,13.0,16.0,1.0,0.0,0.0,0.0,0.0,1.0,0.0,0.0,0.0,0.0,0.0,0.5,0.0,0.0,0.0,0.0,0.0,0.0,1.0,2.0,5.0,9.0,13.0,17.5,2,Industry,GU,Immunotherapy,2017,91.42857142857143,5.714285714285714,2.857142857142857,0.0,8.571428571428571
PMID 36099926 a_Summary_SoE.pdf,intervention,0,0.0,2.0,5.0,9.0,13.0,16.0,1.0,0.0,0.0,0.0,0.0,1.0,0.0,0.0,0.0,0.0,0.0,0.5,0.0,0.0,0.0,0.0,0.0,0.0,1.0,2.0,5.0,9.0,13.0,17.5,2,Industry,GU,Immunotherapy,2017,91.42857142857143,5.714285714285714,2.857142857142857,0.0,8.571428571428571
PMID 36108662 CT_Summary_SoE.pdf,control,0,0.0,2.0,5.0,9.0,13.0,18.0,1.0,0.0,0.0,0.0,0.0,0.0,2.0,0.0,0.0,0.0,0.0,0.0,0.5,0.0,0.0,0.0,0.0,0.0,3.5,2.0,5.0,9.0,13.0,18.0,2,Industry,Thor,Immunotherapy,2015,100.0,0.0,0.0,0.0,0.0
PMID 36108662 CT_Summary_SoE.pdf,intervention,0,0.0,2.0,5.0,9.0,13.0,18.0,1.0,0.0,0.0,0.0,0.0,0.0,2.0,0.0,0.0,0.0,0.0,0.0,0.5,0.0,0.0,0.0,0.0,0.0,3.5,2.0,5.0,9.0,13.0,18.0,2,Industry,Thor,Immunotherapy,2015,100.0,0.0,0.0,0.0,0.0
PMID 36155117 CT_Summary_SoE.pdf,control,0,0.0,1.0,2.0,3.5,5.0,7.0,1.0,2.0,4.0,5.5,7.0,9.0,0.5,1.0,2.0,2.0,2.0,2.0,0.0,0.0,0.0,0.0,0.0,0.0,1.5,4.0,8.0,11.0,14.0,18.0,2,Industry,Breast,Targeted Therapy,2015,38.88888888888889,50.0,11.11111111111111,0.0,61.111111111111114
PMID 36155117 CT_Summary_SoE.pdf,intervention,0,0.0,1.0,2.0,3.5,5.0,7.0,1.0,2.0,4.0,5.5,7.0,9.0,0.5,1.0,2.0,2.0,2.0,2.0,0.0,0.0,0.0,0.0,0.0,0.0,1.5,4.0,8.0,11.0,14.0,18.0,2,Industry,Breast,Targeted Therapy,2015,38.88888888888889,50.0,11.11111111111111,0.0,61.111111111111114
PMID 36162037 a_Summary_SoE.pdf,control,0,0.0,3.0,7.0,13.0,20.0,25.0,1.0,0.0,0.0,0.0,0.0,0.0,0.0,0.0,0.0,0.0,0.0,0.0,0.0,0.0,0.0,0.0,0.0,0.0,1.0,3.0,7.0,13.0,20.0,25.0,2,Industry,Skin,Immunotherapy,2017,100.0,0.0,0.0,0.0,0.0
PMID 36162037 a_Summary_SoE.pdf,intervention,0,0.0,3.0,7.0,13.0,20.0,25.0,1.0,0.0,0.0,0.0,0.0,0.0,0.0,0.0,0.0,0.0,0.0,0.0,0.0,0.0,0.0,0.0,0.0,0.0,1.0,3.0,7.0,13.0,20.0,25.0,2,Industry,Skin,Immunotherapy,2017,100.0,0.0,0.0,0.0,0.0
PMID 36265504 a_Summary_SoE.pdf,control,0,0.0,2.0,5.0,9.0,10.5,11.0,1.0,0.0,0.0,0.0,0.5,1.0,0.0,1.5,3.5,6.0,6.5,6.5,0.0,0.0,0.0,0.0,0.0,0.0,1.0,3.5,8.5,15.0,17.5,18.5,2,Industry,GU,Endocrine,2014,59.45945945945946,5.405405405405405,35.13513513513514,0.0,40.54054054054054
PMID 36265504 a_Summary_SoE.pdf,intervention,0,0.0,2.0,5.0,9.0,10.5,11.0,1.0,0.0,0.0,0.0,0.5,1.0,0.0,1.5,3.5,6.0,6.5,6.5,0.0,0.0,0.0,0.0,0.0,0.0,1.0,3.5,8.5,15.0,17.5,18.5,2,Industry,GU,Endocrine,2014,59.45945945945946,5.405405405405405,35.13513513513514,0.0,40.54054054054054
PMID 36308441 a_Summary_SoE.pdf,control,0,0.0,3.0,7.0,12.0,12.0,12.0,1.0,0.0,0.0,0.0,0.0,0.0,0.0,0.0,0.0,0.0,0.0,0.0,0.0,0.0,0.5,0.5,2.0,3.0,1.0,3.0,7.5,12.5,14.0,15.0,2,Industry,GI,Other,2018,80.0,0.0,0.0,20.0,0.0
PMID 36308441 a_Summary_SoE.pdf,intervention,0,0.0,3.0,7.0,12.0,12.0,12.0,1.0,0.0,0.0,0.0,0.0,0.0,0.0,0.0,0.0,0.0,0.0,0.0,0.0,0.0,0.5,0.5,2.0,3.0,1.0,3.0,7.5,12.5,14.0,15.0,2,Industry,GI,Other,2018,80.0,0.0,0.0,20.0,0.0
PMID 36308441 a_Summary_SoE.pdf,intervention,1,0.0,3.0,7.0,12.0,12.0,12.0,1.0,0.0,0.0,0.0,0.0,0.0,0.0,0.0,0.0,0.0,0.0,0.0,0.0,0.0,0.5,0.5,2.0,3.0,1.0,3.0,7.5,12.5,14.0,15.0,2,Industry,GI,Other,2018,80.0,0.0,0.0,20.0,0.0
PMID 36322844 a_Summary_SoE.pdf,control,0,0.0,8.0,19.0,20.0,20.0,20.0,2.0,0.0,1.0,2.5,2.5,3.5,0.0,0.0,0.0,0.0,1.0,1.0,0.0,0.0,0.0,0.0,0.0,0.0,2.0,8.0,20.0,22.5,23.5,24.5,2,Non-Industry,Heme,Targeted Therapy,2015,81.63265306122449,14.285714285714285,4.081632653061225,0.0,18.36734693877551
PMID 36322844 a_Summary_SoE.pdf,intervention,0,0.0,8.0,19.0,20.0,20.0,20.0,2.0,0.0,1.0,2.5,2.5,3.5,0.0,0.0,0.0,0.0,1.0,1.0,0.0,0.0,0.0,0.0,0.0,0.0,2.0,8.0,20.0,22.5,23.5,24.5,2,Non-Industry,Heme,Targeted Therapy,2015,81.63265306122449,14.285714285714285,4.081632653061225,0.0,18.36734693877551
PMID 36327426 a_Summary_SoE.pdf,control,0,0.0,3.0,7.0,10.0,13.0,17.0,1.0,0.0,0.0,0.0,0.0,0.0,0.5,1.0,2.0,3.0,3.0,3.0,0.5,0.0,0.0,0.0,0.0,0.0,2.0,4.0,9.0,13.0,16.0,20.0,2,Industry,Thor,Immunotherapy,2017,85.0,0.0,15.0,0.0,15.0
PMID 36327426 a_Summary_SoE.pdf,intervention,0,0.0,3.0,7.0,10.0,13.0,17.0,1.0,0.0,0.0,0.0,0.0,0.0,0.5,1.0,2.0,2.0,2.0,2.0,0.5,0.0,0.0,0.0,0.0,0.0,2.0,4.0,9.0,12.0,15.0,19.0,2,Industry,Thor,Immunotherapy,2017,89.47368421052632,0.0,10.526315789473683,0.0,10.526315789473683
PMID 36327426 a_Summary_SoE.pdf,intervention,1,0.0,3.0,7.0,10.0,13.0,17.0,1.0,0.0,0.0,0.0,0.0,0.0,0.5,1.0,2.0,2.0,2.0,2.0,0.5,0.0,0.0,0.0,0.0,0.0,2.0,4.0,9.0,12.0,15.0,19.0,2,Industry,Thor,Immunotherapy,2017,89.47368421052632,0.0,10.526315789473683,0.0,10.526315789473683
PMID 36346687 CT_Summary_SoE.pdf,control,0,0.0,0.0,0.0,0.0,0.0,0.0,1.0,0.0,0.0,0.0,0.0,1.0,3.0,0.5,0.5,0.5,0.5,0.5,0.5,0.0,1.0,2.0,3.0,3.0,4.5,0.5,1.5,2.5,3.5,4.5,2,Non-Industry,Breast,Chemotherapy,2006,0.0,22.22222222222222,11.11111111111111,66.66666666666666,33.33333333333333
PMID 36346687 CT_Summary_SoE.pdf,intervention,0,0.0,0.0,0.0,0.0,0.0,0.0,1.0,0.0,0.0,0.0,0.0,1.0,3.0,2.0,5.0,8.0,8.0,8.0,0.5,0.0,0.0,0.5,1.5,1.5,4.5,2.0,5.0,8.5,9.5,10.5,2,Non-Industry,Breast,Chemotherapy,2006,0.0,9.523809523809524,76.19047619047619,14.285714285714285,85.71428571428571
PMID 36455168 a_Summary_SoE.pdf,control,0,0.0,2.0,5.0,9.0,13.0,18.0,1.5,0.0,0.0,0.0,0.0,0.0,0.0,0.0,0.0,0.0,0.0,0.0,0.0,0.0,0.0,0.0,0.0,0.0,1.5,2.0,5.0,9.0,13.0,18.0,2,Industry,GI,Immunotherapy,2017,100.0,0.0,0.0,0.0,0.0
PMID 36455168 a_Summary_SoE.pdf,intervention,0,0.0,2.0,5.0,9.0,13.0,18.0,1.5,0.0,0.0,0.0,0.0,0.0,0.0,0.0,0.0,0.0,0.0,0.0,0.0,0.0,0.0,0.0,0.0,0.0,1.5,2.0,5.0,9.0,13.0,18.0,2,Industry,GI,Immunotherapy,2017,100.0,0.0,0.0,0.0,0.0
PMID 36473143 a_Summary_SoE.pdf,control,0,0.0,8.0,20.5,35.0,48.0,62.0,1.0,0.0,0.0,0.0,0.0,0.0,1.0,0.0,0.0,0.0,0.0,0.0,0.0,0.0,0.0,0.0,0.0,0.0,2.0,8.0,20.5,35.0,48.0,62.0,2,Industry,HN,Immunotherapy,2016,100.0,0.0,0.0,0.0,0.0
PMID 36473143 a_Summary_SoE.pdf,intervention,0,0.0,3.0,7.0,13.0,20.0,27.0,1.0,0.0,0.0,0.0,0.0,0.0,1.0,0.0,0.0,0.0,0.0,0.0,0.0,0.0,0.0,0.0,0.0,0.0,2.0,3.0,7.0,13.0,20.0,27.0,2,Industry,HN,Immunotherapy,2016,100.0,0.0,0.0,0.0,0.0
PMID 36503738 CT_Summary_SoE.pdf,control,0,0.0,3.0,7.0,13.0,20.0,27.0,1.0,0.0,0.0,0.0,0.0,0.0,0.5,0.0,0.0,0.0,0.0,0.0,0.0,0.0,0.0,0.0,0.0,0.0,1.5,3.0,7.0,13.0,20.0,27.0,2,Industry,GI,Targeted Therapy,2016,100.0,0.0,0.0,0.0,0.0
PMID 36503738 CT_Summary_SoE.pdf,intervention,0,0.0,3.0,7.5,13.5,20.5,27.0,1.0,0.0,0.0,0.0,0.0,0.0,0.5,0.0,0.0,0.0,0.0,0.0,0.0,0.5,0.5,0.5,0.5,0.5,1.5,3.5,8.0,14.0,21.0,27.5,2,Industry,GI,Targeted Therapy,2016,98.18181818181819,0.0,0.0,1.8181818181818181,0.0
PMID 36521097 a_Summary_SoE.pdf,control,0,0.0,4.0,10.0,18.0,18.0,18.0,1.0,0.0,0.0,0.5,1.5,2.5,0.0,0.0,0.0,0.5,0.5,0.5,0.0,0.0,0.0,0.0,0.0,0.0,1.0,4.0,10.0,19.0,20.0,21.0,2,Industry,GI,Chemotherapy,2014,85.71428571428571,11.904761904761903,2.380952380952381,0.0,14.285714285714285
PMID 36521097 a_Summary_SoE.pdf,intervention,0,0.0,4.0,10.0,18.0,18.0,18.0,1.0,0.0,0.0,0.5,1.5,2.5,0.0,0.0,0.0,0.5,0.5,0.5,0.0,0.0,0.0,0.0,0.0,0.0,1.0,4.0,10.0,19.0,20.0,21.0,2,Industry,GI,Chemotherapy,2014,85.71428571428571,11.904761904761903,2.380952380952381,0.0,14.285714285714285
PMID 36535566 CT_Summary_SoE.pdf,control,0,0.0,4.0,9.0,18.0,26.0,36.0,1.0,0.0,0.0,0.0,0.0,0.0,0.0,0.5,0.5,0.5,0.5,0.5,0.0,0.5,3.5,3.5,3.5,3.5,1.0,5.0,13.0,22.0,30.0,40.0,2,Industry,HN,Immunotherapy,2016,90.0,0.0,1.25,8.75,1.25
PMID 36535566 CT_Summary_SoE.pdf,intervention,0,0.0,2.0,5.0,9.0,13.0,18.0,1.0,0.0,0.0,0.0,0.0,0.0,0.0,2.0,2.0,2.0,2.0,2.0,0.0,1.0,6.0,6.0,6.0,6.0,1.0,5.0,13.0,17.0,21.0,26.0,2,Industry,HN,Immunotherapy,2016,69.23076923076923,0.0,7.6923076923076925,23.076923076923077,7.6923076923076925
PMID 36541957 a_Summary_SoE.pdf,control,0,0.0,4.5,9.0,9.0,9.0,9.0,1.0,1.0,1.5,2.5,2.5,3.5,0.5,1.5,2.5,2.5,2.5,2.5,0.0,0.0,0.5,0.5,1.5,1.5,1.5,7.0,13.5,14.5,15.5,16.5,2,Industry,Heme,Targeted Therapy,2016,54.54545454545454,21.21212121212121,15.151515151515152,9.090909090909092,36.36363636363636
PMID 36541957 a_Summary_SoE.pdf,intervention,0,0.0,4.5,9.5,11.5,11.5,11.5,1.0,1.0,1.0,1.5,2.0,3.0,0.5,1.5,2.5,2.5,2.5,2.5,0.0,0.0,0.5,1.0,1.5,1.5,1.5,7.0,13.5,16.5,17.5,18.5,2,Industry,Heme,Targeted Therapy,2016,62.16216216216216,16.216216216216218,13.513513513513514,8.108108108108109,29.729729729729733
PMID 36623230 a_Summary_SoE.pdf,control,0,0.0,18.0,24.0,29.0,29.0,29.0,1.0,0.5,1.0,2.0,3.0,4.0,1.0,0.5,0.5,0.5,0.5,0.5,0.0,0.0,0.0,0.0,0.0,0.0,2.0,19.0,25.5,31.5,32.5,33.5,2,Non-Industry,Thor,Chemotherapy,2008,86.56716417910447,11.940298507462686,1.4925373134328357,0.0,13.432835820895521
PMID 36623230 a_Summary_SoE.pdf,intervention,0,0.0,22.0,38.0,43.0,43.0,43.0,1.0,0.5,1.0,2.0,3.0,4.0,1.0,0.5,0.5,0.5,0.5,0.5,0.0,0.0,0.0,0.0,0.0,0.0,2.0,23.0,39.5,45.5,46.5,47.5,2,Non-Industry,Thor,Chemotherapy,2008,90.52631578947368,8.421052631578947,1.0526315789473684,0.0,9.473684210526315
PMID 36669140 a_Summary_SoE.pdf,control,0,0.0,9.0,21.0,41.5,55.0,55.0,1.5,0.0,2.0,3.5,4.5,6.0,0.5,2.0,6.5,12.0,14.5,14.5,0.0,0.0,0.0,0.0,0.0,0.0,2.0,11.0,29.5,57.0,74.0,75.5,2,Non-Industry,Other,Targeted Therapy,2014,72.84768211920529,7.9470198675496695,19.205298013245034,0.0,27.152317880794705
PMID 36669140 a_Summary_SoE.pdf,intervention,0,0.0,9.0,21.0,41.5,57.5,61.5,1.5,0.0,2.0,3.5,4.5,5.5,0.5,2.0,6.5,12.0,14.5,14.5,0.0,0.0,0.0,0.0,0.0,0.0,2.0,11.0,29.5,57.0,76.5,81.5,2,Non-Industry,Other,Targeted Therapy,2014,75.4601226993865,6.748466257668712,17.791411042944784,0.0,24.539877300613497
PMID 36693773 CT_Summary_SoE.pdf,control,0,0.0,0.5,0.5,0.5,0.5,0.5,0.0,0.0,0.0,0.0,0.0,0.0,1.5,1.0,2.0,2.0,2.0,2.0,0.0,0.0,0.0,0.0,0.0,0.0,1.5,1.5,2.5,2.5,2.5,2.5,2,Non-Industry,Other,Targeted Therapy,2019,20.0,0.0,80.0,0.0,80.0
PMID 36693773 CT_Summary_SoE.pdf,intervention,0,0.0,0.5,0.5,0.5,0.5,0.5,0.0,0.0,0.0,0.0,0.0,0.0,1.5,1.0,2.0,2.0,2.0,2.0,0.0,0.0,0.0,0.0,0.0,0.0,1.5,1.5,2.5,2.5,2.5,2.5,2,Non-Industry,Other,Targeted Therapy,2019,20.0,0.0,80.0,0.0,80.0
PMID 36709073 CT_Summary_SoE.pdf,control,0,0.0,1.0,2.0,3.5,5.0,6.5,1.5,0.5,0.5,1.5,2.0,3.0,0.5,1.0,2.0,2.5,3.5,4.0,0.0,0.5,0.5,0.5,0.5,0.5,2.0,3.0,5.0,8.0,11.0,14.0,2,Industry,Heme,Other,2020,46.42857142857143,21.428571428571427,28.57142857142857,3.571428571428571,50.0
PMID 36709073 CT_Summary_SoE.pdf,intervention,0,0.0,1.0,2.0,3.5,5.0,6.5,1.5,0.5,0.5,1.5,2.0,3.0,0.5,1.0,2.0,2.5,3.5,4.0,0.0,0.5,0.5,0.5,0.5,0.5,2.0,3.0,5.0,8.0,11.0,14.0,2,Industry,Heme,Other,2020,46.42857142857143,21.428571428571427,28.57142857142857,3.571428571428571,50.0
PMID 36764316 a_Summary_SoE.pdf,control,0,0.0,2.0,5.0,9.0,13.0,18.0,1.0,0.0,0.0,0.0,0.0,0.5,1.0,0.0,0.0,0.0,0.5,0.5,0.0,1.0,1.5,1.5,1.5,1.5,2.0,3.0,6.5,10.5,15.0,20.5,2,Industry,Thor,Chemotherapy,2020,87.8048780487805,2.4390243902439024,2.4390243902439024,7.317073170731707,4.878048780487805
PMID 36764316 a_Summary_SoE.pdf,intervention,0,0.0,3.0,4.5,6.5,8.5,11.0,1.0,0.0,1.0,2.0,3.5,5.0,1.0,1.0,2.0,3.0,4.0,5.5,0.0,0.0,0.0,0.0,0.0,0.0,2.0,4.0,7.5,11.5,16.0,21.5,2,Industry,Thor,Chemotherapy,2020,51.162790697674424,23.25581395348837,25.581395348837212,0.0,48.83720930232558
PMID 36795891 a_Summary_SoE.pdf,control,0,0.0,2.0,4.5,8.0,10.0,12.0,1.0,0.0,0.5,1.0,1.5,2.0,1.5,0.5,1.0,1.0,1.0,1.0,0.5,0.0,0.0,0.0,0.0,0.0,3.0,2.5,6.0,10.0,12.5,15.0,2,Industry,GU,Targeted Therapy,2017,80.0,13.333333333333334,6.666666666666667,0.0,20.0
PMID 36795891 a_Summary_SoE.pdf,control,1,0.0,2.0,4.5,8.0,10.0,12.0,1.0,0.0,0.5,1.0,1.5,2.5,1.5,1.0,1.5,2.0,3.0,4.0,0.5,0.0,0.0,0.0,0.0,0.0,3.0,3.0,6.5,11.0,14.5,18.5,2,Industry,GU,Targeted Therapy,2017,64.86486486486487,13.513513513513514,21.62162162162162,0.0,35.13513513513514
PMID 36795891 a_Summary_SoE.pdf,intervention,0,0.0,2.0,4.0,7.0,10.0,14.0,1.0,0.0,0.0,0.0,0.0,0.0,1.5,1.0,2.0,2.0,2.0,2.0,0.5,0.0,0.0,0.0,0.0,0.0,3.0,3.0,6.0,9.0,12.0,16.0,2,Industry,GU,Targeted Therapy,2017,87.5,0.0,12.5,0.0,12.5
PMID 36952634 a_Summary_SoE.pdf,control,0,0.0,2.0,4.0,7.0,10.0,13.0,1.0,0.0,0.0,0.0,0.0,0.0,1.0,3.0,5.0,5.0,5.0,5.0,0.0,0.0,0.0,0.0,0.0,0.0,2.0,5.0,9.0,12.0,15.0,18.0,2,Industry,GU,Targeted Therapy,2019,72.22222222222221,0.0,27.77777777777778,0.0,27.77777777777778
PMID 36952634 a_Summary_SoE.pdf,intervention,0,0.0,2.0,4.0,7.0,10.0,13.0,1.0,0.0,0.0,0.0,0.0,0.0,1.0,3.0,5.0,5.0,5.0,5.0,0.0,0.0,0.0,0.0,0.0,0.0,2.0,5.0,9.0,12.0,15.0,18.0,2,Industry,GU,Targeted Therapy,2019,72.22222222222221,0.0,27.77777777777778,0.0,27.77777777777778
PMID 36952634 a_Summary_SoE.pdf,intervention,1,0.0,2.0,4.0,7.0,10.0,13.0,1.0,0.0,0.0,0.0,0.0,0.0,1.0,3.0,5.0,5.0,5.0,5.0,0.0,0.0,0.0,0.0,0.0,0.0,2.0,5.0,9.0,12.0,15.0,18.0,1,Industry,GU,Targeted Therapy,2019,72.22222222222221,0.0,27.77777777777778,0.0,27.77777777777778
PMID 36969338 a_Summary_SoE.pdf,control,0,0.0,4.0,10.0,20.0,30.0,40.0,1.0,0.0,0.0,0.0,0.0,0.0,1.0,0.0,0.0,0.0,0.0,0.0,0.0,0.0,0.0,0.0,0.0,0.0,2.0,4.0,10.0,20.0,30.0,40.0,2,Industry,GI,Chemotherapy,2016,100.0,0.0,0.0,0.0,0.0
PMID 36969338 a_Summary_SoE.pdf,intervention,0,0.5,3.5,10.0,20.0,30.0,39.5,1.0,0.0,0.0,0.0,0.0,0.0,1.0,0.0,0.0,0.0,0.0,0.0,0.0,0.5,0.5,0.5,0.5,0.5,2.5,4.0,10.5,20.5,30.5,40.0,2,Industry,GI,Chemotherapy,2016,98.75,0.0,0.0,1.25,0.0
PMID 36996380 a_Summary_SoE.pdf,control,0,0.0,0.0,0.0,0.0,0.0,0.0,1.0,0.0,1.0,3.0,4.0,5.0,1.0,1.0,3.0,4.0,6.0,9.0,0.0,0.0,0.0,0.0,0.0,0.0,2.0,1.0,4.0,7.0,10.0,14.0,1,Non-Industry,GU,Endocrine,2014,0.0,35.714285714285715,64.28571428571429,0.0,100.0
PMID 36996380 a_Summary_SoE.pdf,intervention,0,0.0,0.5,0.5,0.5,0.5,0.5,1.0,0.0,1.0,3.0,4.0,5.0,1.0,2.0,4.0,5.0,7.0,10.0,0.0,0.0,0.0,0.0,0.0,0.0,2.0,2.5,5.5,8.5,11.5,15.5,2,Non-Industry,GU,Endocrine,2014,3.225806451612903,32.25806451612903,64.51612903225806,0.0,96.7741935483871
PMID 36996380 a_Summary_SoE.pdf,intervention,1,0.0,1.0,1.0,1.0,1.0,1.0,1.0,0.0,1.0,3.0,4.0,5.0,1.0,2.0,5.0,6.0,8.0,11.0,0.0,0.0,0.0,0.0,0.0,0.0,2.0,3.0,7.0,10.0,13.0,17.0,1,Non-Industry,GU,Endocrine,2014,5.88235294117647,29.411764705882355,64.70588235294117,0.0,94.11764705882354
PMID 37069359 a_Summary_SoE.pdf,control,0,0.0,10.0,10.0,10.5,10.5,10.5,1.0,0.0,0.0,0.0,0.0,0.0,1.0,10.5,31.0,31.5,32.5,33.5,0.0,0.0,0.0,0.0,0.0,0.0,2.0,20.5,41.0,42.0,43.0,44.0,2,Industry,Heme,Other,2018,23.863636363636363,0.0,76.13636363636364,0.0,76.13636363636364
PMID 37069359 a_Summary_SoE.pdf,intervention,0,0.0,10.0,10.0,10.5,10.5,10.5,1.0,0.0,0.0,0.0,0.0,0.0,1.0,10.5,31.0,31.5,32.5,33.5,0.0,0.0,0.0,0.0,0.0,0.0,2.0,20.5,41.0,42.0,43.0,44.0,2,Industry,Heme,Other,2018,23.863636363636363,0.0,76.13636363636364,0.0,76.13636363636364
PMID 37071094 a_Summary_SoE.pdf,control,0,0.0,4.0,10.5,19.5,30.0,39.5,1.0,0.0,0.0,0.0,0.0,0.0,1.0,0.0,0.0,0.0,0.0,0.5,0.0,0.0,0.0,0.0,0.0,0.0,2.0,4.0,10.5,19.5,30.0,40.0,2,Industry,GI,Targeted Therapy,2015,98.75,0.0,1.25,0.0,1.25
PMID 37071094 a_Summary_SoE.pdf,intervention,0,0.0,4.0,10.5,19.5,30.0,39.5,1.0,0.0,0.0,0.0,0.0,0.0,1.0,0.0,0.0,0.0,0.0,0.5,0.0,0.0,0.0,0.0,0.0,0.0,2.0,4.0,10.5,19.5,30.0,40.0,2,Industry,GI,Targeted Therapy,2015,98.75,0.0,1.25,0.0,1.25
PMID 37075781 a_Summary_SoE.pdf,control,0,0.0,4.0,9.0,18.0,26.0,36.0,1.0,0.5,0.5,0.5,0.5,0.5,0.5,0.0,0.0,0.0,0.0,0.0,0.0,0.0,0.0,0.0,0.0,0.0,1.5,4.5,9.5,18.5,26.5,36.5,2,Industry,GI,Immunotherapy,2019,98.63013698630137,1.36986301369863,0.0,0.0,1.36986301369863
PMID 37075781 a_Summary_SoE.pdf,intervention,0,0.0,4.0,9.0,18.0,26.0,36.0,1.0,0.5,0.5,0.5,0.5,0.5,0.5,0.0,0.0,0.0,0.0,0.0,0.0,0.0,0.0,0.0,0.0,0.0,1.5,4.5,9.5,18.5,26.5,36.5,2,Industry,GI,Immunotherapy,2019,98.63013698630137,1.36986301369863,0.0,0.0,1.36986301369863
PMID 37080222 a_Summary_SoE.pdf,control,0,0.0,6.0,15.0,27.0,39.0,54.0,1.5,0.0,1.0,2.0,3.0,4.0,0.0,3.0,6.0,6.0,6.0,6.0,0.5,0.0,0.0,0.0,0.0,0.0,2.0,9.0,22.0,35.0,48.0,64.0,2,Industry,GI,Immunotherapy,2018,84.375,6.25,9.375,0.0,15.625
PMID 37080222 a_Summary_SoE.pdf,intervention,0,0.0,6.0,15.0,27.0,39.0,54.0,1.5,0.0,1.0,2.0,3.0,4.0,0.0,3.0,6.0,6.0,6.0,6.0,0.5,0.0,0.0,0.0,0.0,0.0,2.0,9.0,22.0,35.0,48.0,64.0,2,Industry,GI,Immunotherapy,2018,84.375,6.25,9.375,0.0,15.625
PMID 37080223 CT_Summary_SoE.pdf,control,0,0.0,22.0,31.5,31.5,31.5,31.5,1.0,0.0,0.5,1.5,1.5,1.5,0.5,0.0,0.5,0.5,0.5,0.5,0.5,0.0,1.0,1.0,2.0,3.0,2.0,22.0,33.5,34.5,35.5,36.5,2,Non-Industry,GYN,Chemotherapy,2012,86.3013698630137,4.10958904109589,1.36986301369863,8.21917808219178,5.47945205479452
PMID 37080223 CT_Summary_SoE.pdf,intervention,0,0.0,22.0,32.5,35.5,35.5,35.5,1.0,0.0,0.5,1.5,1.5,1.5,0.5,0.0,0.5,0.5,0.5,0.5,0.5,0.0,0.0,0.0,1.0,2.0,2.0,22.0,33.5,37.5,38.5,39.5,2,Non-Industry,GYN,Chemotherapy,2012,89.87341772151899,3.79746835443038,1.2658227848101267,5.063291139240507,5.063291139240507
PMID 37086745 a_Summary_SoE.pdf,control,0,0.5,2.0,5.0,9.0,13.0,18.0,1.0,0.0,0.0,0.0,0.0,0.0,1.0,2.0,2.0,2.0,2.0,2.0,0.0,0.0,0.0,0.0,0.0,0.0,2.5,4.0,7.0,11.0,15.0,20.0,2,Industry,Breast,Targeted Therapy,2018,90.0,0.0,10.0,0.0,10.0
PMID 37086745 a_Summary_SoE.pdf,intervention,0,0.5,2.0,5.0,9.0,13.0,18.0,1.0,0.0,0.0,0.0,0.0,0.0,1.0,2.0,2.0,2.0,2.0,2.0,0.0,0.0,0.0,0.0,0.0,0.0,2.5,4.0,7.0,11.0,15.0,20.0,2,Industry,Breast,Targeted Therapy,2018,90.0,0.0,10.0,0.0,10.0
PMID 37104748 a_Summary_SoE.pdf,control,0,0.0,22.0,44.0,44.0,44.0,44.0,1.0,0.0,0.0,0.0,0.0,0.0,0.0,0.0,0.0,1.0,1.5,2.0,1.0,0.0,0.0,0.5,1.0,1.5,2.0,22.0,44.0,45.5,46.5,47.5,2,Non-Industry,GU,Endocrine,2009,92.63157894736842,0.0,4.2105263157894735,3.1578947368421053,4.2105263157894735
PMID 37104748 a_Summary_SoE.pdf,intervention,0,0.0,1.0,26.0,45.0,45.0,45.0,1.0,0.0,0.0,0.0,0.0,0.0,0.0,1.0,1.0,3.0,3.5,4.0,1.0,0.0,0.0,0.0,0.5,1.0,2.0,2.0,27.0,48.0,49.0,50.0,2,Non-Industry,GU,Endocrine,2009,90.0,0.0,8.0,2.0,8.0
PMID 37116523 a_Summary_SoE.pdf,control,0,0.0,16.0,29.5,44.5,46.5,48.0,1.0,2.0,3.5,5.0,6.0,6.0,0.5,1.5,4.5,8.5,10.0,12.0,0.0,0.0,0.0,0.0,0.0,0.0,1.5,19.5,37.5,58.0,62.5,66.0,2,Industry,Heme,Targeted Therapy,2016,72.72727272727273,9.090909090909092,18.181818181818183,0.0,27.272727272727273
PMID 37116523 a_Summary_SoE.pdf,intervention,0,0.0,16.0,29.5,44.5,46.5,48.0,1.0,2.0,3.5,5.0,6.0,6.0,0.5,1.5,4.5,8.5,10.0,12.0,0.0,0.0,0.0,0.0,0.0,0.0,1.5,19.5,37.5,58.0,62.5,66.0,2,Industry,Heme,Targeted Therapy,2016,72.72727272727273,9.090909090909092,18.181818181818183,0.0,27.272727272727273
PMID 37133585 a_Summary_SoE.pdf,control,0,0.0,1.0,2.0,2.0,2.0,2.0,1.0,0.5,1.0,3.0,4.0,6.0,1.0,1.5,2.0,2.0,2.0,2.0,0.0,0.0,0.0,0.0,0.0,0.0,2.0,3.0,5.0,7.0,8.0,10.0,2,Industry,GI,Targeted Therapy,2020,20.0,60.0,20.0,0.0,80.0
PMID 37133585 a_Summary_SoE.pdf,intervention,0,0.0,3.0,7.0,8.0,8.0,8.0,1.0,0.0,0.0,2.0,3.0,5.0,1.0,0.0,0.0,0.0,0.0,0.0,0.0,0.0,0.0,0.0,0.0,0.0,2.0,3.0,7.0,10.0,11.0,13.0,2,Industry,GI,Targeted Therapy,2020,61.53846153846154,38.46153846153847,0.0,0.0,38.46153846153847
PMID 37141294 CT_Summary_SoE.pdf,control,0,0.0,2.0,5.0,9.0,13.0,18.0,1.0,0.0,0.0,0.0,0.0,0.0,0.0,0.0,0.0,0.0,0.0,0.0,0.0,0.0,0.0,0.0,0.0,0.0,1.0,2.0,5.0,9.0,13.0,18.0,2,Industry,Thor,Immunotherapy,2016,100.0,0.0,0.0,0.0,0.0
PMID 37141294 CT_Summary_SoE.pdf,intervention,0,0.0,2.0,5.0,9.0,13.0,18.0,1.0,0.0,0.0,0.0,0.0,0.0,0.0,0.0,0.0,0.0,0.0,0.0,0.0,0.0,0.0,0.0,0.0,0.0,1.0,2.0,5.0,9.0,13.0,18.0,2,Industry,Thor,Immunotherapy,2016,100.0,0.0,0.0,0.0,0.0
PMID 37257422 CT_Summary_SoE.pdf,control,0,0.0,22.0,32.0,38.0,45.0,52.0,1.0,0.0,0.0,0.0,0.0,0.0,0.0,0.0,1.0,1.0,1.0,1.0,1.0,0.0,0.0,0.0,0.0,0.0,2.0,22.0,33.0,39.0,46.0,53.0,1,Industry,CNS,Chemotherapy,2018,98.11320754716981,0.0,1.8867924528301887,0.0,1.8867924528301887
PMID 37257422 CT_Summary_SoE.pdf,intervention,0,0.0,22.0,32.0,38.0,45.0,52.0,1.0,0.0,0.0,0.0,0.0,0.0,0.0,0.0,1.0,1.0,1.0,1.0,0.5,0.0,0.0,0.0,0.0,0.0,1.5,22.0,33.0,39.0,46.0,53.0,2,Industry,CNS,Chemotherapy,2018,98.11320754716981,0.0,1.8867924528301887,0.0,1.8867924528301887
PMID 37257422 CT_Summary_SoE.pdf,intervention,1,0.0,22.0,32.0,38.0,45.0,52.0,1.0,0.0,0.0,0.0,0.0,0.0,0.0,0.0,1.0,1.0,1.0,1.0,0.5,0.0,0.0,0.0,0.0,0.0,1.5,22.0,33.0,39.0,46.0,53.0,2,Industry,CNS,Chemotherapy,2018,98.11320754716981,0.0,1.8867924528301887,0.0,1.8867924528301887
PMID 37257422 CT_Summary_SoE.pdf,intervention,2,0.0,22.0,32.0,38.0,45.0,52.0,1.0,0.0,0.0,0.0,0.0,0.0,0.0,0.0,1.0,1.0,1.0,1.0,0.0,0.0,0.0,0.0,0.0,0.0,1.0,22.0,33.0,39.0,46.0,53.0,1,Industry,CNS,Chemotherapy,2018,98.11320754716981,0.0,1.8867924528301887,0.0,1.8867924528301887
PMID 37272516 a_Summary_SoE.pdf,control,0,0.0,2.0,4.0,7.0,10.0,14.0,1.0,0.5,0.5,0.5,0.5,0.5,1.0,0.5,1.5,1.5,1.5,1.5,0.0,0.0,0.0,0.0,0.0,0.0,2.0,3.0,6.0,9.0,12.0,16.0,2,Industry,CNS,Other,2020,87.5,3.125,9.375,0.0,12.5
PMID 37272516 a_Summary_SoE.pdf,intervention,0,0.0,2.0,4.0,7.0,10.0,14.0,1.0,0.5,0.5,0.5,0.5,0.5,1.0,0.5,1.5,1.5,1.5,1.5,0.0,0.0,0.0,0.0,0.0,0.0,2.0,3.0,6.0,9.0,12.0,16.0,2,Industry,CNS,Other,2020,87.5,3.125,9.375,0.0,12.5
PMID 37276510 CT_Summary_SoE.pdf,control,0,0.0,11.0,33.0,65.0,95.0,130.5,1.0,0.0,0.0,0.0,0.0,0.0,0.0,1.5,4.0,7.0,7.0,7.0,0.0,0.5,1.0,1.0,1.0,1.0,1.0,13.0,38.0,73.0,103.0,138.5,2,Industry,Heme,Chemotherapy,2015,94.22382671480143,0.0,5.054151624548736,0.7220216606498195,5.054151624548736
PMID 37276510 CT_Summary_SoE.pdf,intervention,0,0.0,6.0,17.5,32.5,47.5,65.5,1.0,0.0,0.0,0.0,0.0,0.0,0.0,2.0,5.0,8.0,8.0,8.0,0.0,1.0,2.0,2.0,2.0,2.0,1.0,9.0,24.5,42.5,57.5,75.5,2,Industry,Heme,Chemotherapy,2015,86.75496688741721,0.0,10.596026490066226,2.6490066225165565,10.596026490066226
PMID 37284847 CT_Summary_SoE.pdf,control,0,0.0,4.0,4.0,4.0,4.0,4.0,0.0,0.0,0.0,0.0,0.0,0.0,1.0,0.0,0.0,0.0,0.0,0.0,0.0,0.0,0.0,0.0,0.0,0.0,1.0,4.0,4.0,4.0,4.0,4.0,2,Non-Industry,Other,Other,2018,100.0,0.0,0.0,0.0,0.0
PMID 37284847 CT_Summary_SoE.pdf,intervention,0,0.0,4.0,4.0,4.0,4.0,4.0,0.0,0.0,0.0,0.0,0.0,0.0,1.0,0.0,0.0,0.0,0.0,0.0,0.0,0.0,0.0,0.0,0.0,0.0,1.0,4.0,4.0,4.0,4.0,4.0,2,Non-Industry,Other,Other,2018,100.0,0.0,0.0,0.0,0.0
PMID 37285865 a_Summary_SoE.pdf,control,0,0.0,2.0,4.0,6.0,7.5,9.5,1.0,0.5,0.5,1.0,1.5,2.0,1.0,0.5,2.5,4.0,5.0,6.5,0.0,0.0,0.0,0.0,0.0,0.0,2.0,3.0,7.0,11.0,14.0,18.0,2,Industry,GU,Targeted Therapy,2017,52.77777777777778,11.11111111111111,36.11111111111111,0.0,47.222222222222214
PMID 37285865 a_Summary_SoE.pdf,intervention,0,0.0,2.0,4.0,6.0,7.5,9.5,1.0,0.5,0.5,1.0,1.5,2.0,1.0,0.5,2.5,4.0,5.0,6.5,0.0,0.0,0.0,0.0,0.0,0.0,2.0,3.0,7.0,11.0,14.0,18.0,2,Industry,GU,Targeted Therapy,2017,52.77777777777778,11.11111111111111,36.11111111111111,0.0,47.222222222222214
PMID 37290035 a_Summary_SoE.pdf,control,0,0.0,1.0,2.5,4.5,6.5,9.0,1.0,0.0,0.5,1.0,2.0,2.5,0.0,1.0,2.0,3.5,4.5,6.5,0.0,0.5,0.5,0.5,0.5,0.5,1.0,2.5,5.5,9.5,13.5,18.5,2,Industry,GU,Immunotherapy,2019,48.64864864864865,13.513513513513514,35.13513513513514,2.7027027027027026,48.64864864864865
PMID 37290035 a_Summary_SoE.pdf,intervention,0,0.0,2.0,5.0,9.0,13.0,18.0,1.0,0.0,0.0,0.0,0.0,0.0,0.0,0.0,0.0,0.0,0.0,0.0,0.0,0.5,0.5,0.5,0.5,0.5,1.0,2.5,5.5,9.5,13.5,18.5,2,Industry,GU,Immunotherapy,2019,97.2972972972973,0.0,0.0,2.7027027027027026,0.0
PMID 37290461 a_Summary_SoE.pdf,control,0,0.0,1.5,3.0,5.0,7.0,9.5,1.5,0.0,0.5,1.0,2.0,2.5,0.5,0.5,1.5,3.0,4.0,6.0,0.0,0.0,0.0,0.0,0.0,0.0,2.0,2.0,5.0,9.0,13.0,18.0,2,Industry,GU,Immunotherapy,2020,52.77777777777778,13.88888888888889,33.33333333333333,0.0,47.222222222222214
PMID 37290461 a_Summary_SoE.pdf,intervention,0,0.0,2.0,5.0,9.0,13.0,18.0,1.5,0.0,0.0,0.0,0.0,0.0,0.5,0.0,0.0,0.0,0.0,0.0,0.0,0.0,0.0,0.0,0.0,0.0,2.0,2.0,5.0,9.0,13.0,18.0,2,Industry,GU,Immunotherapy,2020,100.0,0.0,0.0,0.0,0.0
PMID 37315297 a_Summary_SoE.pdf,control,0,0.0,1.0,1.0,1.0,1.0,1.0,1.0,0.5,1.0,1.0,1.0,1.0,1.0,0.0,0.0,1.0,1.0,2.0,0.0,0.0,0.0,1.0,2.0,2.0,2.0,1.5,2.0,4.0,5.0,6.0,2,Non-Industry,GU,Radiation,2003,16.666666666666664,16.666666666666664,33.33333333333333,33.33333333333333,49.99999999999999
PMID 37315297 a_Summary_SoE.pdf,intervention,0,0.0,21.0,26.0,26.0,26.0,26.0,1.0,0.0,0.5,1.0,1.0,1.0,1.0,0.0,0.0,1.0,1.0,2.0,0.0,0.0,0.0,1.0,2.0,2.0,2.0,21.0,26.5,29.0,30.0,31.0,2,Non-Industry,GU,Radiation,2003,83.87096774193549,3.225806451612903,6.451612903225806,6.451612903225806,9.677419354838708
PMID 37342922 a_Summary_SoE.pdf,control,0,0.5,5.0,5.0,6.0,6.0,6.5,0.5,0.0,0.0,0.5,0.5,1.0,1.0,4.0,12.0,12.5,13.5,13.5,0.0,0.0,0.0,0.0,0.0,0.0,2.0,9.0,17.0,19.0,20.0,21.0,2,Non-Industry,Heme,Chemotherapy,2019,30.952380952380953,4.761904761904762,64.28571428571429,0.0,69.04761904761905
PMID 37342922 a_Summary_SoE.pdf,intervention,0,0.5,3.5,3.5,4.5,4.5,5.0,0.5,0.0,0.0,0.5,0.5,1.0,1.0,4.0,12.0,12.5,13.5,13.5,0.0,0.0,0.0,0.0,0.0,0.0,2.0,7.5,15.5,17.5,18.5,19.5,2,Non-Industry,Heme,Chemotherapy,2019,25.64102564102564,5.128205128205128,69.23076923076923,0.0,74.35897435897435
PMID 37379502 a_Summary_SoE.pdf,control,0,0.0,1.5,3.0,4.0,5.0,6.0,1.0,2.5,4.0,5.0,6.0,7.0,0.0,0.0,0.0,0.0,0.0,0.0,0.0,0.0,0.0,0.0,0.0,0.0,1.0,4.0,7.0,9.0,11.0,13.0,2,Industry,Thor,Targeted Therapy,2020,46.15384615384615,53.84615384615385,0.0,0.0,53.84615384615385
PMID 37379502 a_Summary_SoE.pdf,intervention,0,0.0,1.5,3.0,4.0,5.0,6.0,1.0,2.5,4.0,5.0,6.0,7.0,0.0,0.0,0.0,0.0,0.0,0.0,0.0,0.0,0.0,0.0,0.0,0.0,1.0,4.0,7.0,9.0,11.0,13.0,2,Industry,Thor,Targeted Therapy,2020,46.15384615384615,53.84615384615385,0.0,0.0,53.84615384615385
PMID 37379502 a_Summary_SoE.pdf,intervention,1,0.0,2.0,5.0,7.0,9.0,11.0,1.0,2.0,2.0,2.0,2.0,2.0,0.0,0.0,0.0,0.0,0.0,0.0,0.0,0.0,0.0,0.0,0.0,0.0,1.0,4.0,7.0,9.0,11.0,13.0,1,Industry,Thor,Targeted Therapy,2020,84.61538461538461,15.384615384615385,0.0,0.0,15.384615384615385
PMID 37423228 a_Summary_SoE.pdf,control,0,0.0,4.0,9.0,18.0,26.0,36.0,1.0,0.0,0.0,0.0,0.0,0.0,0.5,0.0,0.0,0.0,0.0,0.0,0.0,0.0,0.0,0.0,0.0,0.0,1.5,4.0,9.0,18.0,26.0,36.0,2,Industry,Thor,Immunotherapy,2017,100.0,0.0,0.0,0.0,0.0
PMID 37423228 a_Summary_SoE.pdf,intervention,0,0.0,2.0,5.0,9.0,13.0,18.0,1.0,0.0,0.0,0.0,0.0,0.0,0.5,0.0,0.0,0.0,0.0,0.0,0.0,0.0,0.0,0.0,0.0,0.0,1.5,2.0,5.0,9.0,13.0,18.0,2,Industry,Thor,Immunotherapy,2017,100.0,0.0,0.0,0.0,0.0
PMID 37478390 a_Summary_SoE.pdf,control,0,0.0,1.5,2.5,4.0,5.5,7.0,1.5,1.0,1.5,2.5,3.0,4.0,0.5,0.5,1.0,1.5,2.5,3.5,0.0,0.0,0.0,0.0,0.0,0.0,2.0,3.0,5.0,8.0,11.0,14.5,2,Industry,Heme,Targeted Therapy,2017,48.275862068965516,27.586206896551722,24.137931034482758,0.0,51.72413793103448
PMID 37478390 a_Summary_SoE.pdf,intervention,0,0.0,1.5,2.5,4.0,5.5,7.0,1.5,1.0,1.5,2.5,3.0,4.0,0.5,0.5,1.0,1.5,2.5,3.5,0.0,0.0,0.0,0.0,0.0,0.0,2.0,3.0,5.0,8.0,11.0,14.5,2,Industry,Heme,Targeted Therapy,2017,48.275862068965516,27.586206896551722,24.137931034482758,0.0,51.72413793103448
PMID 37478390 a_Summary_SoE.pdf,intervention,1,0.0,2.0,4.0,7.0,10.0,13.0,2.0,0.0,0.0,0.0,0.0,0.0,0.0,0.0,0.0,0.0,0.0,0.0,0.0,0.0,0.0,0.0,0.0,0.0,2.0,2.0,4.0,7.0,10.0,13.0,1,Industry,Heme,Targeted Therapy,2017,100.0,0.0,0.0,0.0,0.0
PMID 37499670 a_Summary_SoE.pdf,control,0,0.0,0.0,0.0,0.0,0.0,0.0,1.5,0.0,1.0,3.0,4.0,6.0,1.0,3.0,6.0,7.0,9.0,11.0,0.5,0.0,0.0,0.0,0.0,0.0,3.0,3.0,7.0,10.0,13.0,17.0,2,Industry,GI,Targeted Therapy,2019,0.0,35.294117647058826,64.70588235294117,0.0,100.0
PMID 37499670 a_Summary_SoE.pdf,intervention,0,0.0,3.0,7.0,13.0,20.0,27.0,1.5,0.0,0.0,0.0,0.0,0.0,1.0,0.0,0.0,0.0,0.0,0.0,0.5,0.0,0.0,0.0,0.0,0.0,3.0,3.0,7.0,13.0,20.0,27.0,2,Industry,GI,Targeted Therapy,2019,100.0,0.0,0.0,0.0,0.0
PMID 37524096 a_Summary_SoE.pdf,control,0,0.0,0.5,0.5,0.5,0.5,0.5,1.0,0.0,0.0,1.0,2.0,2.0,0.0,0.5,2.5,4.0,5.5,7.5,0.0,0.0,0.0,0.0,0.0,0.0,1.0,1.0,3.0,5.5,8.0,10.0,2,Non-Industry,GU,Targeted Therapy,2011,5.0,20.0,75.0,0.0,95.0
PMID 37524096 a_Summary_SoE.pdf,intervention,0,0.0,0.5,0.5,0.5,0.5,0.5,1.0,0.0,0.0,1.0,2.0,2.0,0.0,0.5,2.5,4.0,5.5,7.5,0.0,0.0,0.0,0.0,0.0,0.0,1.0,1.0,3.0,5.5,8.0,10.0,2,Non-Industry,GU,Targeted Therapy,2011,5.0,20.0,75.0,0.0,95.0
PMID 37604981 CT_Summary_SoE.pdf,control,0,0.0,7.0,13.0,19.5,21.0,22.5,1.0,0.5,1.5,2.5,2.5,2.5,0.5,3.0,6.0,10.0,11.5,13.5,0.0,0.0,0.0,0.0,0.0,0.0,1.5,10.5,20.5,32.0,35.0,38.5,2,Industry,Heme,Targeted Therapy,2018,58.44155844155844,6.493506493506493,35.064935064935064,0.0,41.55844155844156
PMID 37604981 CT_Summary_SoE.pdf,control,1,0.0,8.0,24.0,45.5,66.5,88.0,1.0,1.0,1.0,1.0,1.0,1.0,0.5,0.0,0.0,0.0,0.0,0.0,0.0,0.0,0.0,0.0,0.0,0.0,1.5,9.0,25.0,46.5,67.5,89.0,2,Industry,Heme,Targeted Therapy,2018,98.87640449438202,1.1235955056179776,0.0,0.0,1.1235955056179776
PMID 37604981 CT_Summary_SoE.pdf,intervention,0,0.0,7.0,13.0,19.5,21.0,22.5,1.0,0.5,1.5,2.5,2.5,2.5,0.5,3.0,6.0,10.0,11.5,13.5,0.0,0.0,0.0,0.0,0.0,0.0,1.5,10.5,20.5,32.0,35.0,38.5,2,Industry,Heme,Targeted Therapy,2018,58.44155844155844,6.493506493506493,35.064935064935064,0.0,41.55844155844156
PMID 37604981 CT_Summary_SoE.pdf,intervention,1,0.0,8.0,24.0,45.5,66.5,88.0,1.0,1.0,1.0,1.0,1.0,1.0,0.5,0.0,0.0,0.0,0.0,0.0,0.0,0.0,0.0,0.0,0.0,0.0,1.5,9.0,25.0,46.5,67.5,89.0,2,Industry,Heme,Targeted Therapy,2018,98.87640449438202,1.1235955056179776,0.0,0.0,1.1235955056179776
PMID 37646660 CT_Summary_SoE.pdf,control,0,0.0,5.0,11.0,17.0,20.0,24.0,1.0,0.0,0.0,0.0,0.0,0.0,0.0,1.0,2.0,2.0,2.0,2.0,0.0,0.0,0.0,0.0,0.0,0.0,1.0,6.0,13.0,19.0,22.0,26.0,2,Industry,Heme,Targeted Therapy,2020,92.3076923076923,0.0,7.6923076923076925,0.0,7.6923076923076925
PMID 37646660 CT_Summary_SoE.pdf,intervention,0,0.0,5.0,11.0,17.0,20.0,24.0,1.0,0.0,0.0,0.0,0.0,0.0,0.0,1.0,2.0,2.0,2.0,2.0,0.0,0.0,2.0,8.5,18.0,29.0,1.0,6.0,15.0,27.5,40.0,55.0,2,Industry,Heme,Targeted Therapy,2020,43.63636363636363,0.0,3.6363636363636362,52.72727272727272,3.6363636363636362
PMID 37647576 a_Summary_SoE.pdf,control,0,0.0,5.0,13.0,26.0,39.0,53.0,1.0,0.0,0.0,0.0,0.0,0.0,0.5,0.0,0.0,0.0,0.0,0.0,0.5,0.0,0.0,0.0,0.0,0.0,2.0,5.0,13.0,26.0,39.0,53.0,2,Industry,GI,Chemotherapy,2015,100.0,0.0,0.0,0.0,0.0
PMID 37647576 a_Summary_SoE.pdf,intervention,0,0.0,5.0,13.0,26.0,39.0,53.0,1.0,0.0,0.0,0.0,0.0,0.0,0.5,0.0,0.0,0.0,0.0,0.0,0.5,0.0,0.0,0.0,0.0,0.0,2.0,5.0,13.0,26.0,39.0,53.0,2,Industry,GI,Chemotherapy,2015,100.0,0.0,0.0,0.0,0.0
PMID 37704166 CT_Summary_SoE.pdf,control,0,0.0,2.0,5.0,9.0,13.0,18.0,0.5,0.0,0.0,0.0,0.0,0.0,1.0,1.0,1.0,1.0,1.0,1.0,0.5,0.0,0.0,0.0,0.0,0.0,2.0,3.0,6.0,10.0,14.0,19.0,2,Industry,Thor,Targeted Therapy,2016,94.73684210526315,0.0,5.263157894736842,0.0,5.263157894736842
PMID 37704166 CT_Summary_SoE.pdf,intervention,0,0.0,2.0,5.0,7.0,8.5,10.0,0.5,0.0,0.0,1.0,3.0,4.0,1.0,1.0,1.0,1.0,1.0,1.0,0.5,0.0,0.0,0.0,0.0,0.0,2.0,3.0,6.0,9.0,12.5,15.0,2,Industry,Thor,Targeted Therapy,2016,66.66666666666666,26.666666666666668,6.666666666666667,0.0,33.333333333333336
PMID 37708904 a_Summary_SoE.pdf,control,0,0.0,2.0,5.0,10.0,15.0,20.0,0.5,0.0,0.0,0.0,0.0,0.0,0.5,0.0,0.0,0.0,0.0,0.0,0.0,0.0,0.0,0.0,0.0,0.0,1.0,2.0,5.0,10.0,15.0,20.0,2,Industry,GI,Chemotherapy,2020,100.0,0.0,0.0,0.0,0.0
PMID 37708904 a_Summary_SoE.pdf,intervention,0,0.0,1.5,3.5,6.5,10.0,13.5,0.5,0.0,0.0,0.0,0.0,0.0,0.5,0.0,0.0,0.0,0.0,0.0,0.0,0.0,0.0,0.0,0.0,0.0,1.0,1.5,3.5,6.5,10.0,13.5,2,Industry,GI,Chemotherapy,2020,100.0,0.0,0.0,0.0,0.0
PMID 37722354 CT_Summary_SoE.pdf,control,0,0.0,4.0,8.0,12.5,13.0,14.0,1.0,0.0,0.0,0.5,0.5,1.0,1.0,0.0,0.0,0.0,0.5,1.0,0.0,0.0,0.0,0.0,0.0,0.0,2.0,4.0,8.0,13.0,14.0,16.0,2,Industry,Heme,Targeted Therapy,2014,87.5,6.25,6.25,0.0,12.5
PMID 37722354 CT_Summary_SoE.pdf,intervention,0,0.0,4.0,8.0,12.5,13.0,14.0,1.0,0.0,0.0,0.5,0.5,1.0,1.0,0.0,0.0,0.0,0.5,1.0,0.0,0.0,0.0,0.0,0.0,0.0,2.0,4.0,8.0,13.0,14.0,16.0,2,Industry,Heme,Targeted Therapy,2014,87.5,6.25,6.25,0.0,12.5
PMID 37748693 CT_Summary_SoE.pdf,control,0,0.0,4.0,9.0,12.0,12.0,12.0,1.0,0.0,0.0,1.0,2.0,3.0,0.0,0.0,0.0,0.5,0.5,0.5,0.0,0.0,0.0,0.5,0.5,0.5,1.0,4.0,9.0,14.0,15.0,16.0,2,Industry,Thor,Immunotherapy,2015,75.0,18.75,3.125,3.125,21.875
PMID 37748693 CT_Summary_SoE.pdf,intervention,0,0.0,3.0,7.0,13.0,20.0,27.0,1.0,0.0,0.0,0.0,0.0,0.0,0.0,0.0,0.0,0.0,0.0,0.0,0.0,0.0,0.0,0.0,0.0,0.0,1.0,3.0,7.0,13.0,20.0,27.0,2,Industry,Thor,Immunotherapy,2015,100.0,0.0,0.0,0.0,0.0
PMID 37748693 CT_Summary_SoE.pdf,intervention,1,0.0,5.0,13.0,19.0,26.0,33.0,1.0,0.0,0.0,0.0,0.0,0.0,0.0,0.0,0.0,0.0,0.0,0.0,0.0,0.0,0.0,0.0,0.0,0.0,1.0,5.0,13.0,19.0,26.0,33.0,2,Industry,Thor,Immunotherapy,2015,100.0,0.0,0.0,0.0,0.0
PMID 37788412 a_Summary_SoE.pdf,control,0,0.0,2.0,5.0,9.0,13.0,18.0,1.0,0.0,0.0,0.0,0.0,0.0,0.0,2.0,2.0,2.0,2.0,2.0,0.0,0.0,0.0,0.0,0.0,0.0,1.0,4.0,7.0,11.0,15.0,20.0,2,Industry,Thor,Other,2018,90.0,0.0,10.0,0.0,10.0
PMID 37788412 a_Summary_SoE.pdf,intervention,0,0.0,2.0,5.0,9.0,13.0,18.0,1.0,0.0,0.0,0.0,0.0,0.0,0.0,2.0,2.0,2.0,2.0,2.0,0.0,0.0,0.0,0.0,0.0,0.0,1.0,4.0,7.0,11.0,15.0,20.0,2,Industry,Thor,Other,2018,90.0,0.0,10.0,0.0,10.0
PMID 37792130 CT_Summary_SoE.pdf,control,0,0.0,2.0,5.0,9.0,13.0,14.0,1.0,0.0,0.0,0.0,0.0,0.0,1.0,1.0,1.0,2.0,2.0,3.0,0.0,0.0,0.0,0.0,0.0,0.0,2.0,3.0,6.0,11.0,15.0,17.0,2,Industry,Thor,Targeted Therapy,2017,82.35294117647058,0.0,17.647058823529413,0.0,17.647058823529413
PMID 37792130 CT_Summary_SoE.pdf,intervention,0,0.0,2.0,5.0,9.0,13.0,14.0,1.0,0.0,0.0,0.0,0.0,0.0,1.0,1.0,1.0,2.0,2.0,3.0,0.0,0.0,0.0,0.0,0.0,0.0,2.0,3.0,6.0,11.0,15.0,17.0,2,Industry,Thor,Targeted Therapy,2017,82.35294117647058,0.0,17.647058823529413,0.0,17.647058823529413
PMID 37793771 CT_Summary_SoE.pdf,control,0,0.0,1.0,2.0,3.5,5.0,7.0,1.5,0.0,0.0,0.0,0.0,0.0,0.5,4.0,8.5,11.5,14.5,18.5,0.0,0.0,0.0,0.0,0.0,0.0,2.0,5.0,10.5,15.0,19.5,25.5,2,Industry,Heme,Targeted Therapy,2020,27.450980392156865,0.0,72.54901960784314,0.0,72.54901960784314
PMID 37793771 CT_Summary_SoE.pdf,intervention,0,0.0,2.0,5.0,9.0,13.0,18.0,1.5,0.0,0.0,0.0,0.0,0.0,0.5,0.5,1.0,1.0,1.0,1.0,0.0,0.0,0.0,0.0,0.0,0.0,2.0,2.5,6.0,10.0,14.0,19.0,2,Industry,Heme,Targeted Therapy,2020,94.73684210526315,0.0,5.263157894736842,0.0,5.263157894736842
PMID 37845511 a_Summary_SoE.pdf,control,0,0.0,2.0,4.0,7.0,10.0,13.5,1.0,0.0,0.0,0.0,0.0,0.0,0.5,0.0,0.0,0.0,0.0,0.0,0.0,0.0,0.0,0.0,0.0,0.0,1.5,2.0,4.0,7.0,10.0,13.5,2,Industry,Skin,Immunotherapy,2019,100.0,0.0,0.0,0.0,0.0
PMID 37845511 a_Summary_SoE.pdf,intervention,0,0.0,2.0,4.0,7.0,10.0,13.5,1.0,0.0,0.0,0.0,0.0,0.0,0.5,0.0,0.0,0.0,0.0,0.0,0.0,0.0,0.0,0.0,0.0,0.0,1.5,2.0,4.0,7.0,10.0,13.5,2,Industry,Skin,Immunotherapy,2019,100.0,0.0,0.0,0.0,0.0
PMID 37870976 a_Summary_SoE.pdf,control,0,0.0,2.0,5.0,9.0,13.0,18.0,1.0,0.0,0.0,0.0,0.0,0.0,1.0,2.0,2.0,2.0,2.0,2.0,0.0,0.0,0.0,0.0,0.0,0.0,2.0,4.0,7.0,11.0,15.0,20.0,2,Industry,Thor,Chemotherapy,2020,90.0,0.0,10.0,0.0,10.0
PMID 37870976 a_Summary_SoE.pdf,intervention,0,0.0,4.0,7.0,11.0,15.0,20.0,1.0,0.0,0.0,0.0,0.0,0.0,1.0,1.0,1.0,1.0,1.0,1.0,0.0,0.0,0.0,0.0,0.0,0.0,2.0,5.0,8.0,12.0,16.0,21.0,2,Industry,Thor,Chemotherapy,2020,95.23809523809523,0.0,4.761904761904762,0.0,4.761904761904762
PMID 37875143 a_Summary_SoE.pdf,control,0,0.0,3.0,7.5,13.5,19.5,27.0,1.0,0.0,0.0,0.0,0.0,0.0,1.0,0.0,0.0,0.0,0.0,0.0,0.0,0.0,0.0,0.0,0.0,0.0,2.0,3.0,7.5,13.5,19.5,27.0,2,Industry,GI,Immunotherapy,2018,100.0,0.0,0.0,0.0,0.0
PMID 37875143 a_Summary_SoE.pdf,intervention,0,0.0,3.0,7.5,13.5,19.5,27.0,1.0,0.0,0.0,0.0,0.0,0.0,1.0,0.0,0.0,0.0,0.0,0.0,0.0,0.0,0.0,0.0,0.0,0.0,2.0,3.0,7.5,13.5,19.5,27.0,2,Industry,GI,Immunotherapy,2018,100.0,0.0,0.0,0.0,0.0
PMID 37935977 a_Summary_SoE.pdf,control,0,0.0,7.0,13.0,19.0,19.0,19.0,1.0,0.5,1.0,1.0,1.0,1.0,0.0,2.5,8.5,15.0,15.5,16.0,0.0,0.0,0.0,0.0,0.5,1.0,1.0,10.0,22.5,35.0,36.0,37.0,2,Non-Industry,Heme,Targeted Therapy,2013,51.35135135135135,2.7027027027027026,43.24324324324324,2.7027027027027026,45.945945945945944
PMID 37935977 a_Summary_SoE.pdf,intervention,0,0.0,4.0,10.0,16.0,16.0,16.0,1.0,0.5,1.0,1.0,1.0,1.0,0.0,3.5,9.5,16.0,16.5,17.0,0.0,0.0,0.0,0.0,0.5,1.0,1.0,8.0,20.5,33.0,34.0,35.0,2,Non-Industry,Heme,Targeted Therapy,2013,45.714285714285715,2.857142857142857,48.57142857142857,2.857142857142857,51.42857142857142
PMID 37935977 a_Summary_SoE.pdf,intervention,1,0.0,7.0,19.0,31.0,31.0,31.0,1.0,0.5,1.0,1.0,1.0,1.0,0.0,2.0,8.0,14.5,15.0,15.5,0.0,0.0,0.0,0.0,0.5,1.0,1.0,9.5,28.0,46.5,47.5,48.5,2,Non-Industry,Heme,Targeted Therapy,2013,63.91752577319587,2.0618556701030926,31.958762886597935,2.0618556701030926,34.020618556701024
PMID 37980924 a_Summary_SoE.pdf,control,0,0.0,0.0,0.0,0.0,0.0,0.0,0.0,1.0,1.0,1.0,1.0,1.0,1.0,4.0,4.0,4.0,4.0,4.0,0.0,0.5,1.0,1.0,1.0,1.0,1.0,5.5,6.0,6.0,6.0,6.0,2,Industry,Heme,Other,2015,0.0,16.666666666666664,66.66666666666666,16.666666666666664,83.33333333333331
PMID 37980924 a_Summary_SoE.pdf,intervention,0,0.0,0.5,0.5,0.5,0.5,0.5,0.0,1.0,1.0,1.0,1.0,1.0,1.0,4.0,4.0,4.0,4.0,4.0,0.0,0.0,0.5,0.5,0.5,0.5,1.0,5.5,6.0,6.0,6.0,6.0,2,Industry,Heme,Other,2015,8.333333333333332,16.666666666666664,66.66666666666666,8.333333333333332,83.33333333333331
PMID 38039991 CT_Summary_SoE.pdf,control,0,0.0,13.5,21.5,24.5,27.5,31.5,1.5,0.0,0.0,0.0,0.0,0.0,0.0,0.0,0.0,0.0,0.0,0.0,0.0,0.5,2.5,2.5,2.5,2.5,1.5,14.0,24.0,27.0,30.0,34.0,2,Industry,GYN,Immunotherapy,2019,92.64705882352942,0.0,0.0,7.352941176470589,0.0
PMID 38039991 CT_Summary_SoE.pdf,intervention,0,0.0,13.5,21.5,24.5,27.5,31.5,1.5,0.0,0.0,0.0,0.0,0.0,0.0,0.0,0.0,0.0,0.0,0.0,0.0,0.5,2.5,2.5,2.5,2.5,1.5,14.0,24.0,27.0,30.0,34.0,2,Industry,GYN,Immunotherapy,2019,92.64705882352942,0.0,0.0,7.352941176470589,0.0
PMID 38039993 a_Summary_SoE.pdf,control,0,0.0,2.0,5.0,9.0,13.0,18.0,1.0,0.5,0.5,0.5,0.5,0.5,1.0,2.0,3.0,3.0,3.0,3.0,0.0,0.5,0.5,0.5,0.5,0.5,2.0,5.0,9.0,13.0,17.0,22.0,2,Industry,GI,Immunotherapy,2018,81.81818181818183,2.272727272727273,13.636363636363635,2.272727272727273,15.909090909090908
PMID 38039993 a_Summary_SoE.pdf,intervention,0,0.0,2.0,5.0,9.0,13.0,18.0,1.0,0.5,0.5,0.5,0.5,0.5,1.0,2.0,3.0,3.0,3.0,3.0,0.0,0.5,0.5,0.5,0.5,0.5,2.0,5.0,9.0,13.0,17.0,22.0,2,Industry,GI,Immunotherapy,2018,81.81818181818183,2.272727272727273,13.636363636363635,2.272727272727273,15.909090909090908
PMID 38059497 CT_Summary_SoE.pdf,control,0,0.0,3.0,7.0,13.0,20.0,27.0,1.0,0.0,0.0,0.0,0.0,0.0,0.0,0.0,0.0,0.0,0.0,0.0,0.0,0.0,0.0,0.0,0.0,0.0,1.0,3.0,7.0,13.0,20.0,27.0,2,Industry,GI,Other,2018,100.0,0.0,0.0,0.0,0.0
PMID 38059497 CT_Summary_SoE.pdf,intervention,0,0.0,3.0,7.0,13.0,20.0,27.0,1.0,0.0,0.0,0.0,0.0,0.0,0.0,0.0,0.0,0.0,0.0,0.0,0.0,0.0,0.0,0.0,0.0,0.0,1.0,3.0,7.0,13.0,20.0,27.0,2,Industry,GI,Other,2018,100.0,0.0,0.0,0.0,0.0
PMID 38060199 CT_Summary_SoE.pdf,control,0,0.0,4.0,10.0,20.0,30.0,40.0,1.0,0.0,0.0,0.5,1.0,1.5,0.5,0.0,0.0,0.0,0.0,0.0,0.0,0.0,0.0,0.0,0.0,0.0,1.5,4.0,10.0,20.5,31.0,41.5,2,Industry,Breast,Immunotherapy,2019,96.3855421686747,3.614457831325301,0.0,0.0,3.614457831325301
PMID 38060199 CT_Summary_SoE.pdf,intervention,0,0.0,4.0,10.0,20.0,30.0,40.0,1.0,0.0,0.0,0.5,1.0,1.5,0.5,0.0,0.0,0.0,0.0,0.0,0.0,0.0,0.0,0.0,0.0,0.0,1.5,4.0,10.0,20.5,31.0,41.5,2,Industry,Breast,Immunotherapy,2019,96.3855421686747,3.614457831325301,0.0,0.0,3.614457831325301
PMID 38060199 CT_Summary_SoE.pdf,intervention,1,0.0,4.0,10.0,20.0,30.0,40.0,1.0,0.0,0.0,1.0,2.0,3.0,0.0,0.0,0.0,0.0,0.0,0.0,0.0,0.0,0.0,0.0,0.0,0.0,1.0,4.0,10.0,21.0,32.0,43.0,1,Industry,Breast,Immunotherapy,2019,93.02325581395348,6.976744186046512,0.0,0.0,6.976744186046512
PMID 38103088 CT_Summary_SoE.pdf,control,0,0.0,4.0,8.0,8.0,8.0,8.0,1.0,0.0,1.0,1.0,1.0,1.0,0.0,20.0,44.0,44.0,44.0,44.0,0.0,0.0,0.0,0.0,0.0,0.0,1.0,24.0,53.0,53.0,53.0,53.0,2,Industry,Breast,Other,2016,15.09433962264151,1.8867924528301887,83.01886792452831,0.0,84.9056603773585
PMID 38103088 CT_Summary_SoE.pdf,intervention,0,0.0,4.0,8.0,8.0,8.0,8.0,1.0,0.0,1.0,1.0,1.0,1.0,0.0,20.0,23.0,44.0,44.0,44.0,0.0,0.0,0.0,0.0,0.0,0.0,1.0,24.0,53.0,53.0,53.0,53.0,2,Industry,Breast,Other,2016,15.09433962264151,1.8867924528301887,83.01886792452831,0.0,84.9056603773585
PMID 38159809 CT_Summary_SoE.pdf,control,0,0.0,2.0,5.0,9.0,13.0,18.0,1.0,0.5,0.5,0.5,0.5,0.5,1.0,0.5,0.5,0.5,0.5,0.5,0.0,0.5,1.0,1.0,1.0,1.0,2.0,3.5,7.0,11.0,15.0,20.0,2,Industry,Thor,Immunotherapy,2019,90.0,2.5,2.5,5.0,5.0
PMID 38159809 CT_Summary_SoE.pdf,intervention,0,0.0,2.0,5.0,9.0,13.0,18.0,1.0,0.5,0.5,0.5,0.5,0.5,1.0,0.5,0.5,0.5,0.5,0.5,0.0,0.5,1.0,1.0,1.0,1.0,2.0,3.5,7.0,11.0,15.0,20.0,2,Industry,Thor,Immunotherapy,2019,90.0,2.5,2.5,5.0,5.0
PMID 38231126 a_Summary_SoE.pdf,control,0,0.0,11.0,33.0,60.5,82.0,99.0,0.5,0.0,0.0,0.0,0.0,0.0,0.5,2.5,6.5,9.5,9.5,9.5,0.0,1.0,3.0,3.0,3.0,3.0,1.0,14.5,42.5,73.0,94.5,111.5,2,Industry,Heme,Chemotherapy,2017,88.78923766816143,0.0,8.520179372197308,2.690582959641256,8.520179372197308
PMID 38231126 a_Summary_SoE.pdf,intervention,0,0.0,11.0,27.5,40.5,52.0,61.5,0.5,0.0,0.0,0.0,0.0,0.0,0.5,2.5,7.5,10.5,10.5,10.5,0.0,1.0,5.0,12.5,12.5,12.5,1.0,14.5,40.0,63.5,75.0,84.5,2,Industry,Heme,Chemotherapy,2017,72.7810650887574,0.0,12.42603550295858,14.792899408284024,12.42603550295858
PMID 38252907 a_Summary_SoE.pdf,control,0,0.0,2.0,5.0,9.0,13.0,18.0,1.0,0.0,0.0,0.0,0.0,0.0,1.0,0.0,0.0,0.0,0.0,0.0,0.0,0.0,0.0,0.0,0.0,0.0,2.0,2.0,5.0,9.0,13.0,18.0,2,Industry,Thor,Immunotherapy,2017,100.0,0.0,0.0,0.0,0.0
PMID 38252907 a_Summary_SoE.pdf,intervention,0,0.0,2.0,5.0,9.0,13.0,18.0,1.0,0.0,0.0,0.0,0.0,0.0,1.0,0.0,0.0,0.0,0.0,0.0,0.0,0.0,0.0,0.0,0.0,0.0,2.0,2.0,5.0,9.0,13.0,18.0,2,Industry,Thor,Immunotherapy,2017,100.0,0.0,0.0,0.0,0.0
PMID 38252907 a_Summary_SoE.pdf,intervention,1,0.0,3.0,7.0,13.0,20.0,27.0,1.0,0.0,0.0,0.0,0.0,0.0,1.0,0.0,0.0,0.0,0.0,0.0,0.0,0.0,0.0,0.0,0.0,0.0,2.0,3.0,7.0,13.0,20.0,27.0,2,Industry,Thor,Immunotherapy,2017,100.0,0.0,0.0,0.0,0.0
PMID 38319255 a_Summary_SoE.pdf,control,0,0.0,5.0,8.0,11.5,11.5,11.5,1.0,0.0,0.0,0.5,1.0,1.5,0.0,0.0,1.0,2.5,3.0,3.0,0.0,0.0,0.0,0.0,0.0,0.0,1.0,5.0,9.0,14.5,15.5,16.0,2,Industry,Heme,Targeted Therapy,2018,71.875,9.375,18.75,0.0,28.125
PMID 38319255 a_Summary_SoE.pdf,intervention,0,0.0,1.5,3.0,6.0,7.5,9.5,1.0,0.0,0.5,1.0,1.5,2.0,0.0,0.5,1.5,4.0,5.0,6.5,0.0,0.0,0.0,0.0,0.0,0.0,1.0,2.0,5.0,11.0,14.0,18.0,2,Industry,Heme,Targeted Therapy,2018,52.77777777777778,11.11111111111111,36.11111111111111,0.0,47.222222222222214
PMID 38319800 a_Summary_SoE.pdf,control,0,0.0,2.0,4.0,7.0,10.0,14.0,1.0,0.0,0.0,0.0,0.0,0.0,0.0,1.0,3.0,3.0,3.0,3.0,0.0,0.0,0.0,0.0,0.0,0.0,1.0,3.0,7.0,10.0,13.0,17.0,2,Industry,GU,Targeted Therapy,2018,82.35294117647058,0.0,17.647058823529413,0.0,17.647058823529413
PMID 38319800 a_Summary_SoE.pdf,intervention,0,0.0,2.0,4.0,7.0,10.0,14.0,1.0,0.0,0.0,0.0,0.0,0.0,0.0,1.0,3.0,3.0,3.0,3.0,0.0,0.0,0.0,0.0,0.0,0.0,1.0,3.0,7.0,10.0,13.0,17.0,2,Industry,GU,Targeted Therapy,2018,82.35294117647058,0.0,17.647058823529413,0.0,17.647058823529413
PMID 38319892 a_Summary_SoE.pdf,control,0,0.0,0.0,0.0,0.0,0.0,0.0,1.5,1.5,2.5,4.5,5.5,7.5,0.5,1.5,2.5,3.5,5.5,8.0,0.0,0.0,0.0,0.0,0.0,0.0,2.0,3.0,5.0,8.0,11.0,15.5,2,Industry,GI,Immunotherapy,2017,0.0,48.38709677419355,51.61290322580645,0.0,100.0
PMID 38319892 a_Summary_SoE.pdf,intervention,0,0.0,2.0,4.0,7.0,10.0,14.0,1.5,1.0,1.0,1.0,1.0,1.0,0.5,0.0,0.0,0.0,0.0,0.5,0.0,0.0,0.0,0.0,0.0,0.0,2.0,3.0,5.0,8.0,11.0,15.5,2,Industry,GI,Immunotherapy,2017,90.32258064516128,6.451612903225806,3.225806451612903,0.0,9.677419354838708
PMID 38319892 a_Summary_SoE.pdf,intervention,1,0.0,2.0,4.0,7.0,10.0,14.0,1.5,1.0,1.0,1.0,1.0,1.0,0.5,0.0,0.0,0.0,0.0,0.5,0.0,0.0,0.0,0.0,0.0,0.0,2.0,3.0,5.0,8.0,11.0,15.5,2,Industry,GI,Immunotherapy,2017,90.32258064516128,6.451612903225806,3.225806451612903,0.0,9.677419354838708
PMID 38319892 a_Summary_SoE.pdf,intervention,2,0.0,2.0,4.0,7.0,10.0,14.0,1.5,1.0,1.0,1.0,1.0,1.0,0.5,0.0,0.0,0.0,0.0,0.5,0.0,0.0,0.0,0.0,0.0,0.0,2.0,3.0,5.0,8.0,11.0,15.5,2,Industry,GI,Immunotherapy,2017,90.32258064516128,6.451612903225806,3.225806451612903,0.0,9.677419354838708
PMID 38319896 a_Summary_SoE.pdf,control,0,0.0,4.0,9.0,17.0,20.0,24.0,1.0,0.0,0.0,0.0,0.0,0.0,0.0,0.0,0.0,0.0,0.0,0.0,0.0,0.0,0.0,0.0,0.0,0.0,1.0,4.0,9.0,17.0,20.0,24.0,2,Industry,GI,Immunotherapy,2019,100.0,0.0,0.0,0.0,0.0
PMID 38319896 a_Summary_SoE.pdf,intervention,0,0.0,4.0,9.0,17.0,20.0,24.0,1.0,0.0,0.0,0.0,0.0,0.0,0.0,0.0,0.0,0.0,0.0,0.0,0.0,0.0,0.0,0.0,0.0,0.0,1.0,4.0,9.0,17.0,20.0,24.0,2,Industry,GI,Immunotherapy,2019,100.0,0.0,0.0,0.0,0.0
PMID 38320161 a_Summary_SoE.pdf,control,0,0.0,1.0,1.0,1.0,1.0,1.0,0.5,0.0,0.0,0.0,0.0,0.0,0.5,1.0,1.0,1.0,1.0,1.0,0.0,0.0,0.0,0.0,0.0,0.0,1.0,2.0,2.0,2.0,2.0,2.0,2,Industry,Breast,Other,2019,50.0,0.0,50.0,0.0,50.0
PMID 38320161 a_Summary_SoE.pdf,intervention,0,0.0,1.0,1.0,1.0,1.0,1.0,0.5,0.0,0.0,0.0,0.0,0.0,0.5,1.0,1.0,1.0,1.0,1.0,0.0,0.0,0.0,0.0,0.0,0.0,1.0,2.0,2.0,2.0,2.0,2.0,2,Industry,Breast,Other,2019,50.0,0.0,50.0,0.0,50.0
PMID 38483412 a_Summary_SoE.pdf,control,0,0.0,21.0,37.0,37.0,37.0,37.0,1.0,0.0,0.0,0.0,0.0,0.0,1.5,0.0,0.0,1.0,1.0,2.0,0.0,0.0,0.0,0.0,0.0,0.0,2.5,21.0,37.0,38.0,38.0,39.0,2,Non-Industry,GU,Radiation,2017,94.87179487179486,0.0,5.128205128205128,0.0,5.128205128205128
PMID 38483412 a_Summary_SoE.pdf,intervention,0,0.0,21.0,25.0,25.0,25.0,25.0,1.0,0.0,0.0,0.0,0.0,0.0,1.5,0.0,0.0,1.0,1.0,2.0,0.0,0.0,0.0,0.0,0.0,0.0,2.5,21.0,25.0,26.0,26.0,27.0,2,Non-Industry,GU,Radiation,2017,92.5925925925926,0.0,7.4074074074074066,0.0,7.4074074074074066
PMID 38499457 CT_Summary_SoE.pdf,control,0,0.5,9.0,27.5,50.5,72.0,95.0,0.0,1.0,2.0,3.0,3.5,4.5,1.0,0.0,0.5,1.0,2.0,3.0,0.5,0.0,0.0,0.0,0.0,0.0,2.0,10.0,30.0,54.5,77.5,102.5,2,Industry,Heme,Chemotherapy,2017,92.6829268292683,4.390243902439024,2.9268292682926833,0.0,7.317073170731707
PMID 38499457 CT_Summary_SoE.pdf,intervention,0,0.5,9.0,27.5,50.5,72.0,95.0,0.0,1.0,2.0,3.0,3.5,4.5,1.0,0.0,0.5,1.0,2.0,3.0,0.5,0.0,0.0,0.0,0.0,0.0,2.0,10.0,30.0,54.5,77.5,102.5,2,Industry,Heme,Chemotherapy,2017,92.6829268292683,4.390243902439024,2.9268292682926833,0.0,7.317073170731707
PMID 38531002 a_Summary_SoE.pdf,control,0,0.0,0.0,0.0,0.0,0.0,0.0,1.0,1.0,2.0,3.0,4.0,6.0,1.0,2.0,4.0,6.0,8.0,10.0,0.0,1.0,1.0,1.0,1.0,1.0,2.0,4.0,7.0,10.0,13.0,17.0,2,Non-Industry,GU,Targeted Therapy,2012,0.0,35.294117647058826,58.82352941176471,5.88235294117647,94.11764705882354
PMID 38531002 a_Summary_SoE.pdf,intervention,0,0.0,0.0,0.0,0.0,0.0,0.0,1.0,1.0,2.0,3.0,4.0,6.0,1.0,2.0,4.0,6.0,8.0,10.0,0.0,1.0,1.0,1.0,1.0,1.0,2.0,4.0,7.0,10.0,13.0,17.0,2,Non-Industry,GU,Targeted Therapy,2012,0.0,35.294117647058826,58.82352941176471,5.88235294117647,94.11764705882354
PMID 38552197 a_Summary_SoE.pdf,control,0,0.0,2.0,5.0,9.0,13.0,18.0,1.0,0.0,0.0,0.0,0.0,0.0,0.0,0.0,0.0,0.0,0.0,0.0,0.0,0.0,0.0,0.0,0.0,0.0,1.0,2.0,5.0,9.0,13.0,18.0,2,Industry,Thor,Immunotherapy,2020,100.0,0.0,0.0,0.0,0.0
PMID 38552197 a_Summary_SoE.pdf,intervention,0,0.0,2.0,5.0,9.0,13.0,18.0,1.0,0.0,0.0,0.0,0.0,0.0,0.0,0.0,0.0,0.0,0.0,0.0,0.0,0.0,0.0,0.0,0.0,0.0,1.0,2.0,5.0,9.0,13.0,18.0,2,Industry,Thor,Immunotherapy,2020,100.0,0.0,0.0,0.0,0.0
PMID 38561010 a_Summary_SoE.pdf,control,0,0.0,18.0,37.5,42.0,46.5,50.0,1.0,0.0,0.0,0.5,1.0,1.5,0.5,0.0,0.0,0.0,0.0,0.0,0.5,0.0,0.0,0.0,0.0,0.0,2.0,18.0,37.5,42.5,47.5,51.5,2,Industry,HN,Immunotherapy,2017,97.0873786407767,2.912621359223301,0.0,0.0,2.912621359223301
PMID 38561010 a_Summary_SoE.pdf,intervention,0,0.0,18.0,37.5,42.0,46.5,50.0,1.0,0.0,0.0,0.5,1.0,1.5,0.5,0.0,0.0,0.0,0.0,0.0,0.5,0.0,0.0,0.0,0.0,0.0,2.0,18.0,37.5,42.5,47.5,51.5,2,Industry,HN,Immunotherapy,2017,97.0873786407767,2.912621359223301,0.0,0.0,2.912621359223301
PMID 38648575 a_Summary_SoE.pdf,control,0,0.0,10.0,25.0,45.0,65.0,90.0,1.0,0.0,0.0,0.0,0.0,0.0,0.0,3.0,6.0,10.0,15.0,20.0,0.5,0.0,0.0,0.0,0.0,0.5,1.5,13.0,31.0,55.0,80.0,110.5,2,Industry,Thor,Chemotherapy,2018,81.44796380090497,0.0,18.099547511312217,0.4524886877828055,18.099547511312217
PMID 38648575 a_Summary_SoE.pdf,intervention,0,0.0,3.0,7.0,13.0,20.0,27.0,1.0,0.0,0.0,0.0,0.0,0.0,0.0,2.0,4.0,6.0,8.0,11.0,0.5,0.0,0.0,0.0,0.0,0.5,1.5,5.0,11.0,19.0,28.0,38.5,2,Industry,Thor,Chemotherapy,2018,70.12987012987013,0.0,28.57142857142857,1.2987012987012987,28.57142857142857
PMID 38683596 a_Summary_SoE.pdf,control,0,0.0,0.0,0.0,0.0,0.0,0.0,0.0,0.0,0.0,0.0,0.0,0.0,1.0,0.0,0.0,0.0,0.0,0.0,0.0,0.0,0.0,1.0,1.0,2.0,1.0,0.0,0.0,1.0,1.0,2.0,2,Non-Industry,Breast,Other,2016,0.0,0.0,0.0,100.0,0.0
PMID 38683596 a_Summary_SoE.pdf,intervention,0,0.0,0.0,0.0,0.0,0.0,0.0,0.0,0.0,0.0,0.0,0.0,0.0,1.0,0.0,0.0,0.0,0.0,0.0,0.0,0.0,0.0,1.0,1.0,2.0,1.0,0.0,0.0,1.0,1.0,2.0,2,Non-Industry,Breast,Other,2016,0.0,0.0,0.0,100.0,0.0
PMID 38833643 a_Summary_SoE.pdf,control,0,0.0,1.0,3.0,4.0,5.0,6.0,0.0,0.0,0.0,0.0,0.0,0.0,1.0,0.0,0.0,0.0,0.0,0.0,0.0,0.0,0.0,0.0,0.0,0.0,1.0,1.0,3.0,4.0,5.0,6.0,2,Non-Industry,Breast,Targeted Therapy,2013,100.0,0.0,0.0,0.0,0.0
PMID 38833643 a_Summary_SoE.pdf,intervention,0,0.0,1.0,3.0,4.0,5.0,6.0,0.0,0.0,0.0,0.0,0.0,0.0,1.0,0.0,0.0,0.0,0.0,0.0,0.0,0.0,0.0,0.0,0.0,0.0,1.0,1.0,3.0,4.0,5.0,6.0,2,Non-Industry,Breast,Targeted Therapy,2013,100.0,0.0,0.0,0.0,0.0
PMID 38833658 a_Summary_SoE.pdf,control,0,0.0,2.5,5.5,10.0,15.0,20.5,1.0,0.0,0.0,0.0,0.0,0.0,0.5,0.5,1.5,3.0,5.0,6.5,0.0,1.5,2.0,2.0,2.0,2.0,1.5,4.5,9.0,15.0,22.0,29.0,2,Industry,GI,Immunotherapy,2021,70.6896551724138,0.0,22.413793103448278,6.896551724137931,22.413793103448278
PMID 38833658 a_Summary_SoE.pdf,intervention,0,0.0,2.0,5.0,9.0,13.5,18.0,1.0,0.0,0.5,1.0,1.5,2.0,0.5,0.5,1.0,2.0,3.5,4.5,0.0,0.5,0.5,1.0,1.5,2.5,1.5,3.0,7.0,13.0,20.0,27.0,2,Industry,GI,Immunotherapy,2021,66.66666666666666,7.4074074074074066,16.666666666666664,9.25925925925926,24.07407407407407
PMID 38838287a_Summary_SoE.pdf,control,0,0.0,1.0,2.0,3.5,4.5,6.5,1.5,0.0,1.0,2.0,4.0,5.0,1.0,2.0,3.0,4.5,5.5,7.5,0.0,0.0,0.0,0.0,0.0,0.0,2.5,3.0,6.0,10.0,14.0,19.0,2,Industry,GI,Immunotherapy,2018,34.21052631578947,26.31578947368421,39.473684210526315,0.0,65.78947368421052
PMID 38838287a_Summary_SoE.pdf,intervention,0,0.0,2.0,4.5,8.0,11.0,15.5,1.5,0.0,0.5,1.0,2.0,2.5,1.0,3.0,3.0,3.0,3.0,3.0,0.0,0.0,0.0,0.0,0.0,0.0,2.5,5.0,8.0,12.0,16.0,21.0,2,Industry,GI,Immunotherapy,2018,73.80952380952381,11.904761904761903,14.285714285714285,0.0,26.19047619047619
PMID 38849283 CT_Summary_SoE.pdf,control,0,0.0,0.5,2.0,3.5,5.0,6.5,1.0,0.0,0.0,0.0,0.0,0.0,1.0,2.0,4.5,6.5,8.0,10.0,0.0,0.0,0.5,1.0,1.0,1.0,2.0,2.5,7.0,11.0,14.0,17.5,2,Industry,Heme,Immunotherapy,2016,37.142857142857146,0.0,57.14285714285714,5.714285714285714,57.14285714285714
PMID 38849283 CT_Summary_SoE.pdf,intervention,0,0.0,2.5,7.0,11.0,14.0,17.5,1.0,0.0,0.0,0.0,0.0,0.0,1.0,0.0,0.0,0.0,0.0,0.0,0.0,0.0,0.0,0.0,0.0,0.0,2.0,2.5,7.0,11.0,14.0,17.5,2,Industry,Heme,Immunotherapy,2016,100.0,0.0,0.0,0.0,0.0
PMID 38849283 CT_Summary_SoE.pdf,intervention,1,0.0,4.5,11.0,15.0,18.0,21.5,1.0,0.0,0.0,0.0,0.0,0.0,1.0,0.0,0.0,0.0,0.0,0.0,0.0,0.0,0.0,0.0,0.0,0.0,2.0,4.5,11.0,15.0,18.0,21.5,2,Industry,Heme,Immunotherapy,2016,100.0,0.0,0.0,0.0,0.0
PMID 38872480 a_Summary_SoE.pdf,control,0,0.0,0.0,0.0,0.0,0.0,0.0,0.0,0.0,0.0,0.0,0.0,0.0,0.0,0.0,0.0,0.0,0.0,0.0,0.0,0.0,0.0,0.0,0.0,0.0,0.0,0.0,0.0,0.0,0.0,0.0,2,Industry,GYN,Targeted Therapy,2018,0.0,0.0,0.0,0.0,0.0
PMID 38872480 a_Summary_SoE.pdf,intervention,0,0.0,0.0,0.0,0.0,0.0,0.0,0.0,0.0,0.0,0.0,0.0,0.0,0.0,0.0,0.0,0.0,0.0,0.0,0.0,0.0,0.0,0.0,0.0,0.0,0.0,0.0,0.0,0.0,0.0,0.0,2,Industry,GYN,Targeted Therapy,2018,0.0,0.0,0.0,0.0,0.0
PMID 38889373 a_Summary_SoE.pdf,control,0,0.0,2.0,4.0,7.0,10.0,14.0,1.5,0.0,0.0,0.0,0.0,0.0,0.5,1.0,2.0,2.0,2.0,2.0,0.0,0.0,0.0,0.0,0.0,0.0,2.0,3.0,6.0,9.0,12.0,16.0,2,Industry,Breast,Targeted Therapy,2020,87.5,0.0,12.5,0.0,12.5
PMID 38889373 a_Summary_SoE.pdf,intervention,0,0.0,2.0,4.0,7.0,10.0,14.0,1.5,0.0,0.0,0.0,0.0,0.0,0.5,1.0,2.0,2.0,2.0,2.0,0.0,0.0,0.0,0.0,0.0,0.0,2.0,3.0,6.0,9.0,12.0,16.0,2,Industry,Breast,Targeted Therapy,2020,87.5,0.0,12.5,0.0,12.5
PMID 38942046 a_Summary_SoE.pdf,control,0,0.0,1.0,1.0,1.0,1.0,1.0,0.5,0.0,1.0,2.0,3.0,4.0,0.5,0.0,0.0,0.0,0.0,0.0,0.0,0.0,0.0,0.0,0.0,0.0,1.0,1.0,2.0,3.0,4.0,5.0,2,Industry,GU,Immunotherapy,2017,20.0,80.0,0.0,0.0,80.0
PMID 38942046 a_Summary_SoE.pdf,intervention,0,1.0,2.0,4.0,7.0,10.5,11.0,0.5,0.0,0.0,0.0,0.0,0.0,0.5,0.0,0.0,0.0,0.0,0.5,0.0,0.0,0.0,0.0,0.0,0.5,2.0,2.0,4.0,7.0,10.5,12.0,2,Industry,GU,Immunotherapy,2017,91.66666666666666,0.0,4.166666666666666,4.166666666666666,4.166666666666666
PMId 32955177 a_Summary_SoE.pdf,control,0,0.0,0.0,0.0,0.0,0.0,0.0,1.0,2.5,3.5,4.5,5.5,6.5,0.5,0.5,0.5,0.5,0.5,0.5,0.5,0.0,0.0,0.0,0.0,0.0,2.0,3.0,4.0,5.0,6.0,7.0,2,Industry,Thor,Other,2015,0.0,92.85714285714286,7.142857142857142,0.0,100.0
PMId 32955177 a_Summary_SoE.pdf,intervention,0,0.0,0.0,0.0,0.0,0.0,0.0,1.0,2.5,3.5,4.5,5.5,6.5,0.5,0.5,0.5,0.5,0.5,0.5,0.5,0.0,0.0,0.0,0.0,0.0,2.0,3.0,4.0,5.0,6.0,7.0,2,Industry,Thor,Other,2015,0.0,92.85714285714286,7.142857142857142,0.0,100.0
PMId 32966830 a_Summary_SoE.pdf,control,0,0.0,4.5,12.5,16.5,16.5,16.5,1.5,0.0,0.0,1.5,2.0,2.5,0.5,0.0,0.0,0.5,2.5,5.0,0.0,0.0,0.0,0.5,2.5,4.0,2.0,4.5,12.5,19.0,23.5,28.0,2,Industry,Breast,Immunotherapy,2017,58.92857142857143,8.928571428571429,17.857142857142858,14.285714285714285,26.785714285714285
PMId 32966830 a_Summary_SoE.pdf,intervention,0,0.0,4.5,12.5,17.5,22.0,26.5,1.5,0.0,0.0,1.0,1.0,1.0,0.5,0.0,0.0,0.0,0.0,0.0,0.0,0.0,0.0,0.5,0.5,0.5,2.0,4.5,12.5,19.0,23.5,28.0,2,Industry,Breast,Immunotherapy,2017,94.64285714285714,3.571428571428571,0.0,1.7857142857142856,3.571428571428571
PMId 36395435 a_Summary_SoE.pdf,control,0,0.0,1.0,2.0,3.5,4.0,4.5,2.0,1.0,2.0,2.5,3.0,3.5,0.0,0.0,0.0,1.0,2.0,3.5,0.0,0.0,0.0,0.0,0.0,0.0,2.0,2.0,4.0,7.0,9.0,11.5,2,Industry,Heme,Targeted Therapy,2018,39.130434782608695,30.434782608695656,30.434782608695656,0.0,60.86956521739131
PMId 36395435 a_Summary_SoE.pdf,intervention,0,0.0,1.0,2.0,3.5,4.0,4.5,2.0,1.0,2.0,2.5,3.0,3.5,0.0,0.0,0.0,1.0,2.0,3.5,0.0,0.0,0.0,0.0,0.0,0.0,2.0,2.0,4.0,7.0,9.0,11.5,2,Industry,Heme,Targeted Therapy,2018,39.130434782608695,30.434782608695656,30.434782608695656,0.0,60.86956521739131
PMId 37331369 a_Summary_SoE.pdf,control,0,0.0,2.0,4.0,7.0,10.0,14.0,0.5,1.0,3.0,3.0,3.0,3.0,0.5,0.0,0.0,0.0,0.0,0.0,0.5,0.0,0.0,0.0,0.0,0.0,1.5,3.0,7.0,10.0,13.0,17.0,2,Industry,GI,Other,2020,82.35294117647058,17.647058823529413,0.0,0.0,17.647058823529413
PMId 37331369 a_Summary_SoE.pdf,intervention,0,0.0,2.0,4.0,7.0,10.0,14.0,0.5,1.0,3.0,3.0,3.0,3.0,0.5,0.0,0.0,0.0,0.0,0.0,0.5,0.0,0.0,0.0,0.0,0.0,1.5,3.0,7.0,10.0,13.0,17.0,2,Industry,GI,Other,2020,82.35294117647058,17.647058823529413,0.0,0.0,17.647058823529413
