filename,intervention_screening,intervention_1_month,intervention_3_months,intervention_6_months,intervention_9_months,intervention_12_months,intervention_intensity,intervention_cycle_length,control_screening,control_1_month,control_3_months,control_6_months,control_9_months,control_12_months,control_intensity,control_cycle_length,delta_screening,delta_1_month,delta_3_months,delta_6_months,delta_9_months,delta_12_months,delta_intensity,pmid,publication_year
30738780 CT_Summary_SoE.pdf,2.0,3.0,7.0,10.0,13.0,17.0,1.4166666666666667,28.0,2.0,3.0,7.0,10.0,13.0,17.0,1.4166666666666667,28.0,0.0,0.0,0.0,0.0,0.0,0.0,0.0,,
PIMD 27718847 a_Summary_SoE.pdf,1.0,2.0,5.0,9.0,13.0,18.0,1.5,21.0,1.0,4.0,9.0,15.0,19.0,24.0,2.0,21.0,0.0,-2.0,-4.0,-6.0,-6.0,-6.0,-0.5,,
PMID 19213681 a_Summary_SoE.pdf,1.0,1.0,1.0,2.0,2.0,3.0,0.25,180.0,1.0,1.0,1.0,2.0,2.0,3.0,0.25,180.0,0.0,0.0,0.0,0.0,0.0,0.0,0.0,19213681.0,2009.0
PMID 20525992 a_Summary_SoE.pdf,2.0,2.0,5.0,8.0,10.0,11.0,0.9166666666666666,21.0,2.0,2.0,5.0,8.0,10.0,11.0,0.9166666666666666,21.0,0.0,0.0,0.0,0.0,0.0,0.0,0.0,20525992.0,2010.0
PMID 20525993 a_Summary_SoE.pdf,1.0,4.0,6.0,9.0,10.0,11.0,0.9166666666666666,28.0,1.0,4.0,6.0,9.0,10.0,11.0,0.9166666666666666,28.0,0.0,0.0,0.0,0.0,0.0,0.0,0.0,20525993.0,2010.0
PMID 20525995 a_Summary_SoE.pdf,2.0,3.0,5.0,6.0,7.0,8.0,0.6666666666666666,0.0,2.0,3.0,5.0,6.0,7.0,8.0,0.6666666666666666,0.0,0.0,0.0,0.0,0.0,0.0,0.0,0.0,20525995.0,2010.0
PMID 20570559 CT a_Summary_SoE.pdf,1.0,2.0,5.0,9.0,13.0,18.0,1.5,21.0,1.0,2.0,5.0,9.0,13.0,18.0,1.5,21.0,0.0,0.0,0.0,0.0,0.0,0.0,0.0,20570559.0,2010.0
PMID 20818862 a_Summary_SoE.pdf,3.0,5.0,7.0,9.0,11.0,12.0,1.0,14.0,3.0,5.0,7.0,9.0,11.0,12.0,1.0,14.0,0.0,0.0,0.0,0.0,0.0,0.0,0.0,20818862.0,2010.0
PMID 20826719 a_Summary_SoE.pdf,2.0,1.0,1.0,3.0,3.0,4.0,0.3333333333333333,0.0,2.0,1.0,1.0,3.0,3.0,4.0,0.3333333333333333,0.0,0.0,0.0,0.0,0.0,0.0,0.0,0.0,20826719.0,2010.0
PMID 21121833 a_Summary_SoE.pdf,2.0,2.0,5.0,7.0,8.0,9.0,0.75,21.0,2.0,2.0,5.0,7.0,8.0,9.0,0.75,21.0,0.0,0.0,0.0,0.0,0.0,0.0,0.0,21121833.0,2010.0
PMID 21282542 CT_Summary_SoE.pdf,2.0,4.0,6.0,9.0,12.0,16.0,1.3333333333333333,28.0,2.0,4.0,6.0,9.0,12.0,16.0,1.3333333333333333,28.0,0.0,0.0,0.0,0.0,0.0,0.0,0.0,21282542.0,2011.0
PMID 21306237 a_Summary_SoE.pdf,1.0,3.0,5.0,8.0,11.0,15.0,1.25,28.0,1.0,3.0,5.0,8.0,11.0,15.0,1.25,28.0,0.0,0.0,0.0,0.0,0.0,0.0,0.0,21306237.0,2011.0
PMID 21306238 a_Summary_SoE.pdf,1.0,3.0,5.0,8.0,11.0,15.0,1.25,28.0,1.0,3.0,5.0,8.0,11.0,15.0,1.25,28.0,0.0,0.0,0.0,0.0,0.0,0.0,0.0,21306238.0,2011.0
PMID 21410393 a_Summary_SoE.pdf,2.0,1.0,1.0,2.0,3.0,5.0,0.4166666666666667,45.5,2.0,1.0,1.0,2.0,3.0,5.0,0.4166666666666667,45.5,0.0,0.0,0.0,0.0,0.0,0.0,0.0,21410393.0,2011.0
PMID 21612468 a_Summary_SoE.pdf,1.0,3.0,7.0,10.0,13.0,17.0,1.4166666666666667,28.0,1.0,3.0,7.0,10.0,13.0,17.0,1.4166666666666667,28.0,0.0,0.0,0.0,0.0,0.0,0.0,0.0,21612468.0,2011.0
PMID 21621716 CT_Summary_SoE.pdf,2.0,2.0,5.0,9.0,13.0,18.0,1.5,21.0,2.0,2.0,5.0,9.0,13.0,18.0,1.5,21.0,0.0,0.0,0.0,0.0,0.0,0.0,0.0,21621716.0,2011.0
PMID 21631324 a_Summary_SoE.pdf,2.0,16.0,33.0,67.0,97.0,103.0,8.583333333333334,21.0,2.0,16.0,33.0,67.0,97.0,103.0,8.583333333333334,21.0,0.0,0.0,0.0,0.0,0.0,0.0,0.0,21631324.0,2011.0
PMID 21639808 a_Summary_SoE.pdf,2.0,3.0,6.0,10.0,14.0,19.0,1.5833333333333333,21.0,2.0,3.0,6.0,10.0,14.0,19.0,1.5833333333333333,21.0,0.0,0.0,0.0,0.0,0.0,0.0,0.0,21639808.0,2011.0
PMID 21639810 a_Summary_SoE.pdf,2.0,2.0,8.0,13.0,15.0,17.0,1.4166666666666667,21.0,2.0,2.0,8.0,13.0,15.0,17.0,1.4166666666666667,21.0,0.0,0.0,0.0,0.0,0.0,0.0,0.0,21639810.0,2011.0
PMID 21751904 a_Summary_SoE.pdf,2.0,1.0,24.0,40.0,41.0,42.0,3.5,28.0,2.0,22.0,38.0,39.0,40.0,41.0,3.4166666666666665,7.0,0.0,-21.0,-14.0,1.0,1.0,1.0,0.08333333333333348,21751904.0,2011.0
PMID 21962393 CT_Summary_SoE.pdf,3.0,15.0,24.0,35.0,44.0,45.0,3.75,14.0,3.0,15.0,24.0,34.0,35.0,36.0,3.0,14.0,0.0,0.0,0.0,1.0,9.0,9.0,0.75,21962393.0,2011.0
PMID 21990397 a_Summary_SoE.pdf,2.0,2.0,5.0,9.0,13.0,18.0,1.5,21.0,2.0,2.0,5.0,9.0,13.0,18.0,1.5,21.0,0.0,0.0,0.0,0.0,0.0,0.0,0.0,21990397.0,2011.0
PMID 21991949 a_Summary_SoE.pdf,2.0,2.0,6.0,18.0,22.0,26.0,2.1666666666666665,21.0,2.0,2.0,5.0,8.0,10.0,11.0,0.9166666666666666,21.0,0.0,0.0,1.0,10.0,12.0,15.0,1.25,21991949.0,2011.0
PMID 22025146 CT_Summary_SoE.pdf,1.0,3.0,5.0,6.0,7.0,8.0,0.6666666666666666,84.0,1.0,3.0,5.0,6.0,7.0,8.0,0.6666666666666666,84.0,0.0,0.0,0.0,0.0,0.0,0.0,0.0,22025146.0,2012.0
PMID 22119496 a_Summary_SoE.pdf,1.0,3.0,5.0,8.0,11.0,15.0,1.25,28.0,1.0,3.0,5.0,8.0,11.0,15.0,1.25,28.0,0.0,0.0,0.0,0.0,0.0,0.0,0.0,22119496.0,2011.0
PMID 22149875 a_Summary_SoE.pdf,2.0,5.0,10.0,16.0,20.0,25.0,2.0833333333333335,21.0,2.0,5.0,10.0,16.0,20.0,25.0,2.0833333333333335,21.0,0.0,0.0,0.0,0.0,0.0,0.0,0.0,22149875.0,2012.0
PMID 22149876 a_Summary_SoE.pdf,1.0,3.0,5.0,7.0,9.0,11.0,0.9166666666666666,42.0,1.0,3.0,5.0,7.0,9.0,11.0,0.9166666666666666,42.0,0.0,0.0,0.0,0.0,0.0,0.0,0.0,22149876.0,2012.0
PMID 22204724 a_Summary_SoE.pdf,2.0,5.0,13.0,21.0,25.0,30.0,2.5,21.0,2.0,5.0,13.0,21.0,25.0,30.0,2.5,21.0,0.0,0.0,0.0,0.0,0.0,0.0,0.0,22204724.0,2011.0
PMID 22257673 a_Summary_SoE.pdf,1.0,2.0,8.0,13.0,17.0,21.0,1.75,21.0,,,,,,,,,,,,,,,,22257673.0,2012.0
PMID 22271472 a_Summary_SoE.pdf,1.0,5.0,36.0,41.0,44.0,47.0,3.9166666666666665,21.0,1.0,2.0,33.0,34.0,35.0,36.0,3.0,21.0,0.0,3.0,3.0,7.0,9.0,11.0,0.9166666666666665,22271472.0,2012.0
PMID 22375970 a_Summary_SoE.pdf,2.0,4.0,7.0,10.0,12.0,14.0,1.1666666666666667,28.0,2.0,3.0,6.0,9.0,11.0,13.0,1.0833333333333333,28.0,0.0,1.0,1.0,1.0,1.0,1.0,0.08333333333333348,22375970.0,2012.0
PMID 22375971 a_Summary_SoE.pdf,2.0,4.0,7.0,10.0,12.0,14.0,1.1666666666666667,28.0,2.0,4.0,7.0,10.0,12.0,14.0,1.1666666666666667,28.0,0.0,0.0,0.0,0.0,0.0,0.0,0.0,22375971.0,2012.0
PMID 22454414 a_Summary_SoE.pdf,3.0,2.0,5.0,9.0,13.0,18.0,1.5,21.0,3.0,2.0,5.0,9.0,13.0,18.0,1.5,21.0,0.0,0.0,0.0,0.0,0.0,0.0,0.0,22454414.0,2012.0
PMID 22508813 a_Summary_SoE.pdf,1.0,2.0,2.0,2.0,2.0,2.0,0.16666666666666666,21.0,1.0,2.0,2.0,2.0,2.0,2.0,0.16666666666666666,21.0,0.0,0.0,0.0,0.0,0.0,0.0,0.0,22508813.0,2012.0
PMID 22529265 a_Summary_SoE.pdf,1.0,4.0,9.0,15.0,19.0,24.0,2.0,21.0,1.0,4.0,9.0,15.0,19.0,24.0,2.0,21.0,0.0,0.0,0.0,0.0,0.0,0.0,0.0,22529265.0,2012.0
PMID 22551107 a_Summary_SoE.pdf,1.0,8.0,23.0,42.0,60.0,78.0,6.5,28.0,1.0,7.0,12.0,19.0,25.0,32.0,2.6666666666666665,21.0,0.0,1.0,11.0,23.0,35.0,46.0,3.8333333333333335,22551107.0,2012.0
PMID 22564989 a_Summary_SoE.pdf,1.0,3.0,8.0,12.0,15.0,19.0,1.5833333333333333,28.0,1.0,3.0,8.0,12.0,15.0,19.0,1.5833333333333333,28.0,0.0,0.0,0.0,0.0,0.0,0.0,0.0,22564989.0,2012.0
PMID 22571200 a_Summary_SoE.pdf,1.0,5.0,9.0,15.0,21.0,25.0,2.0833333333333335,28.0,1.0,5.0,9.0,15.0,21.0,25.0,2.0833333333333335,28.0,0.0,0.0,0.0,0.0,0.0,0.0,0.0,22571200.0,2012.0
PMID 22571201 a_Summary_SoE.pdf,24.0,4.0,7.0,13.0,16.0,19.0,1.5833333333333333,28.0,24.0,4.0,7.0,13.0,16.0,19.0,1.5833333333333333,28.0,0.0,0.0,0.0,0.0,0.0,0.0,0.0,22571201.0,2012.0
PMID 22585697 a_Summary_SoE.pdf,2.0,11.0,23.0,25.0,28.0,31.0,2.5833333333333335,28.0,2.0,11.0,23.0,25.0,28.0,31.0,2.5833333333333335,28.0,0.0,0.0,0.0,0.0,0.0,0.0,0.0,22585697.0,2012.0
PMID 22663011 a_Summary_SoE.pdf,1.0,2.0,5.0,9.0,13.0,19.0,1.5833333333333333,21.0,1.0,2.0,5.0,9.0,13.0,19.0,1.5833333333333333,21.0,0.0,0.0,0.0,0.0,0.0,0.0,0.0,22663011.0,2012.0
PMID 22689805 a_Summary_SoE.pdf,1.0,6.0,23.0,41.0,60.0,79.0,6.583333333333333,28.0,1.0,11.0,39.0,76.0,110.0,144.0,12.0,28.0,0.0,-5.0,-16.0,-35.0,-50.0,-65.0,-5.416666666666667,22689805.0,2012.0
PMID 22735384 a_Summary_SoE.pdf,1.0,3.0,6.0,10.0,14.0,20.0,1.6666666666666667,21.0,1.0,3.0,6.0,10.0,14.0,20.0,1.6666666666666667,21.0,0.0,0.0,0.0,0.0,0.0,0.0,0.0,22735384.0,2012.0
PMID 22808955 a_Summary_SoE.pdf,1.0,1.0,3.0,4.0,5.0,6.0,0.5,0.0,1.0,1.0,3.0,4.0,5.0,6.0,0.5,0.0,0.0,0.0,0.0,0.0,0.0,0.0,0.0,22808955.0,2012.0
PMID 22851564 a_Summary_SoE.pdf,2.0,5.0,13.0,21.0,25.0,30.0,2.5,21.0,2.0,5.0,13.0,21.0,25.0,30.0,2.5,21.0,0.0,0.0,0.0,0.0,0.0,0.0,0.0,22851564.0,2012.0
PMID 22853014 a_Summary_SoE.pdf,1.0,3.0,5.0,8.0,11.0,15.0,1.25,28.0,1.0,2.0,4.0,7.0,10.0,14.0,1.1666666666666667,28.0,0.0,1.0,1.0,1.0,1.0,1.0,0.08333333333333326,22853014.0,2012.0
PMID 22894553 a_Summary_SoE.pdf,1.0,3.0,5.0,8.0,9.0,10.0,0.8333333333333334,28.0,1.0,3.0,5.0,8.0,9.0,10.0,0.8333333333333334,28.0,0.0,0.0,0.0,0.0,0.0,0.0,0.0,22894553.0,2012.0
PMID 22915657 a_Summary_SoE.pdf,1.0,1.0,1.0,1.0,1.0,1.0,0.08333333333333333,21.0,1.0,1.0,1.0,1.0,1.0,1.0,0.08333333333333333,21.0,0.0,0.0,0.0,0.0,0.0,0.0,0.0,22915657.0,2012.0
PMID 22949154 a_Summary_SoE.pdf,2.0,2.0,4.0,7.0,8.0,9.0,0.75,28.0,2.0,2.0,4.0,7.0,8.0,9.0,0.75,28.0,0.0,0.0,0.0,0.0,0.0,0.0,0.0,22949154.0,2012.0
PMID 22965961 a_Summary_SoE.pdf,1.0,4.0,8.0,14.0,21.0,28.0,2.3333333333333335,14.0,1.0,4.0,8.0,14.0,21.0,28.0,2.3333333333333335,14.0,0.0,0.0,0.0,0.0,0.0,0.0,0.0,22965961.0,2012.0
PMID 22965962 a_Summary_SoE.pdf,2.0,4.0,9.0,18.0,26.0,36.0,3.0,21.0,2.0,4.0,9.0,18.0,26.0,36.0,3.0,21.0,0.0,0.0,0.0,0.0,0.0,0.0,0.0,22965962.0,2012.0
PMID 22965965 a_Summary_SoE.pdf,1.0,4.0,7.0,11.0,15.0,20.0,1.6666666666666667,21.0,1.0,4.0,7.0,11.0,15.0,20.0,1.6666666666666667,21.0,0.0,0.0,0.0,0.0,0.0,0.0,0.0,22965965.0,2012.0
PMID 22987089 a_Summary_SoE.pdf,1.0,2.0,3.0,3.0,3.0,3.0,0.25,28.0,1.0,2.0,3.0,3.0,3.0,3.0,0.25,28.0,0.0,0.0,0.0,0.0,0.0,0.0,0.0,22987089.0,2012.0
PMID 23075175 a_Summary_SoE.pdf,1.0,11.0,20.0,25.0,27.0,29.0,2.4166666666666665,0.0,1.0,11.0,20.0,25.0,27.0,29.0,2.4166666666666665,0.0,0.0,0.0,0.0,0.0,0.0,0.0,0.0,23075175.0,2012.0
PMID 23177515 a_Summary_SoE.pdf,1.0,0.0,0.0,0.0,0.0,0.0,0.0,,1.0,0.0,0.0,0.0,0.0,0.0,0.0,,0.0,0.0,0.0,0.0,0.0,0.0,0.0,23177515.0,2013.0
PMID 23228172 a_Summary_SoE.pdf,1.0,3.0,7.0,10.0,13.0,17.0,1.4166666666666667,28.0,1.0,3.0,7.0,10.0,13.0,17.0,1.4166666666666667,28.0,0.0,0.0,0.0,0.0,0.0,0.0,0.0,23228172.0,2013.0
PMID 23234763 a_Summary_SoE.pdf,1.0,1.0,1.0,1.0,1.0,1.0,0.08333333333333333,90.0,1.0,1.0,1.0,1.0,1.0,1.0,0.08333333333333333,90.0,0.0,0.0,0.0,0.0,0.0,0.0,0.0,23234763.0,2013.0
PMID 23248256 a_Summary_SoE.pdf,2.0,2.0,5.0,9.0,13.0,18.0,1.5,21.0,2.0,2.0,5.0,9.0,13.0,18.0,1.5,21.0,0.0,0.0,0.0,0.0,0.0,0.0,0.0,23248256.0,2013.0
PMID 23295789 a_Summary_SoE.pdf,2.0,5.0,10.0,18.0,18.0,19.0,1.5833333333333333,28.0,2.0,5.0,10.0,16.0,17.0,18.0,1.5,28.0,0.0,0.0,0.0,2.0,1.0,1.0,0.08333333333333326,23295789.0,2013.0
PMID 23295793 a_Summary_SoE.pdf,1.0,1.0,2.0,3.0,3.0,4.0,0.3333333333333333,1.0,1.0,1.0,2.0,3.0,3.0,4.0,0.3333333333333333,1.0,0.0,0.0,0.0,0.0,0.0,0.0,0.0,23295793.0,2013.0
PMID 23358971 a_Summary_SoE.pdf,1.0,1.0,2.0,3.0,4.0,5.0,0.4166666666666667,1.0,1.0,1.0,2.0,3.0,4.0,5.0,0.4166666666666667,1.0,0.0,0.0,0.0,0.0,0.0,0.0,0.0,23358971.0,2013.0
PMID 23358972_Summary_SoE.pdf,2.0,5.0,9.0,15.0,22.0,29.0,2.4166666666666665,42.0,2.0,5.0,9.0,15.0,22.0,29.0,2.4166666666666665,42.0,0.0,0.0,0.0,0.0,0.0,0.0,0.0,23358972.0,2013.0
PMID 23460714 a_Summary_SoE.pdf,2.0,4.0,10.0,20.0,30.0,40.0,3.3333333333333335,28.0,2.0,4.0,10.0,20.0,30.0,40.0,3.3333333333333335,28.0,0.0,0.0,0.0,0.0,0.0,0.0,0.0,23460714.0,2013.0
PMID 23478059 a_Summary_SoE.pdf,1.0,3.0,5.0,8.0,12.0,15.0,1.25,28.0,1.0,3.0,5.0,8.0,12.0,15.0,1.25,28.0,0.0,0.0,0.0,0.0,0.0,0.0,0.0,23478059.0,2013.0
PMID 23509322 a_Summary_SoE.pdf,1.0,4.0,10.0,19.0,20.0,22.0,1.8333333333333333,28.0,1.0,4.0,10.0,19.0,20.0,22.0,1.8333333333333333,28.0,0.0,0.0,0.0,0.0,0.0,0.0,0.0,23509322.0,2013.0
PMID 23569308 a_Summary_SoE.pdf,1.0,5.0,9.0,13.0,16.0,21.0,1.75,21.0,1.0,5.0,9.0,13.0,16.0,21.0,1.75,21.0,0.0,0.0,0.0,0.0,0.0,0.0,0.0,23569308.0,2013.0
PMID 23690416 a_Summary_SoE.pdf,2.0,4.0,11.0,17.0,19.0,21.0,1.75,28.0,2.0,4.0,9.0,13.0,15.0,17.0,1.4166666666666667,21.0,0.0,0.0,2.0,4.0,4.0,4.0,0.33333333333333326,23690416.0,2013.0
PMID 23724913 a_Summary_SoE.pdf,1.0,3.0,6.0,10.0,14.0,19.0,1.5833333333333333,21.0,1.0,3.0,6.0,10.0,14.0,19.0,1.5833333333333333,21.0,0.0,0.0,0.0,0.0,0.0,0.0,0.0,23724913.0,2013.0
PMID 23733756 a_Summary_SoE.pdf,1.0,5.0,12.0,13.0,14.0,15.0,1.25,7.0,1.0,5.0,12.0,13.0,14.0,15.0,1.25,7.0,0.0,0.0,0.0,0.0,0.0,0.0,0.0,23733756.0,2013.0
PMID 23733779 a_Summary_SoE.pdf,2.0,2.0,5.0,13.0,14.0,15.0,1.25,21.0,2.0,2.0,5.0,7.0,8.0,9.0,0.75,21.0,0.0,0.0,0.0,6.0,6.0,6.0,0.5,23733779.0,2013.0
PMID 23816960 a_Summary_SoE.pdf,2.0,4.0,7.0,11.0,15.0,20.0,1.6666666666666667,21.0,2.0,4.0,7.0,11.0,15.0,20.0,1.6666666666666667,21.0,0.0,0.0,0.0,0.0,0.0,0.0,0.0,23816960.0,2013.0
PMID 23835708 a_Summary_SoE.pdf,1.0,2.0,5.0,9.0,13.0,18.0,1.5,21.0,1.0,2.0,5.0,9.0,13.0,18.0,1.5,21.0,0.0,0.0,0.0,0.0,0.0,0.0,0.0,23835708.0,2013.0
PMID 23857972 a_Summary_SoE.pdf,1.0,4.0,7.0,11.0,15.0,20.0,1.6666666666666667,21.0,1.0,4.0,7.0,11.0,15.0,20.0,1.6666666666666667,21.0,0.0,0.0,0.0,0.0,0.0,0.0,0.0,23857972.0,2013.0
PMID 23863050 a_Summary_SoE.pdf,2.0,3.0,5.0,8.0,9.0,11.0,0.9166666666666666,28.0,2.0,3.0,5.0,8.0,9.0,11.0,0.9166666666666666,28.0,0.0,0.0,0.0,0.0,0.0,0.0,0.0,23863050.0,2013.0
PMID 23940216 a_Summary_SoE.pdf,1.0,5.0,9.0,13.0,17.0,22.0,1.8333333333333333,42.0,1.0,5.0,9.0,13.0,17.0,22.0,1.8333333333333333,42.0,0.0,0.0,0.0,0.0,0.0,0.0,0.0,23940216.0,2013.0
PMID 23940225 a_Summary_SoE.pdf,3.0,6.0,10.0,12.0,12.0,13.0,1.0833333333333333,14.0,3.0,4.0,8.0,10.0,10.0,11.0,0.9166666666666666,21.0,0.0,2.0,2.0,2.0,2.0,2.0,0.16666666666666663,23940225.0,2013.0
PMID 23960180 a_Summary_SoE.pdf,2.0,6.0,18.0,25.0,27.0,29.0,2.4166666666666665,28.0,2.0,6.0,18.0,25.0,26.0,27.0,2.25,28.0,0.0,0.0,0.0,0.0,1.0,2.0,0.16666666666666652,23960180.0,2013.0
PMID 23980091 a_Summary_SoE.pdf,1.0,1.0,2.0,3.0,4.0,5.0,0.4166666666666667,,1.0,1.0,2.0,3.0,4.0,5.0,0.4166666666666667,,0.0,0.0,0.0,0.0,0.0,0.0,0.0,23980091.0,2013.0
PMID 24043745 a_Summary_SoE.pdf,2.0,3.0,6.0,10.0,14.0,19.0,1.5833333333333333,28.0,2.0,3.0,6.0,10.0,14.0,19.0,1.5833333333333333,28.0,0.0,0.0,0.0,0.0,0.0,0.0,0.0,24043745.0,2013.0
PMID 24081940 a_Summary_SoE.pdf,1.0,1.0,1.0,1.0,1.0,1.0,0.08333333333333333,0.0,1.0,1.0,1.0,1.0,1.0,1.0,0.08333333333333333,0.0,0.0,0.0,0.0,0.0,0.0,0.0,0.0,24081940.0,2013.0
PMID 24101040 a_Summary_SoE.pdf,2.0,22.0,34.0,46.0,56.0,63.0,5.25,28.0,2.0,22.0,33.0,44.0,52.0,54.0,4.5,28.0,0.0,0.0,1.0,2.0,4.0,9.0,0.75,24101040.0,2013.0
PMID 24101054 a_Summary_SoE.pdf,1.0,2.0,6.0,10.0,14.0,19.0,1.5833333333333333,21.0,1.0,2.0,6.0,10.0,14.0,19.0,1.5833333333333333,21.0,0.0,0.0,0.0,0.0,0.0,0.0,0.0,24101054.0,2013.0
PMID 24131140 a_Summary_SoE.pdf,1.0,5.0,11.0,21.0,31.0,42.0,3.5,28.0,1.0,5.0,12.0,22.0,32.0,42.0,3.5,28.0,0.0,0.0,-1.0,-1.0,-1.0,0.0,0.0,24131140.0,2013.0
PMID 24145346 a_Summary_SoE.pdf,1.0,5.0,13.0,17.0,21.0,26.0,2.1666666666666665,21.0,1.0,5.0,13.0,17.0,21.0,26.0,2.1666666666666665,21.0,0.0,0.0,0.0,0.0,0.0,0.0,0.0,24145346.0,2013.0
PMID 24297945 a_Summary_SoE.pdf,2.0,5.0,13.0,26.0,39.0,53.0,4.416666666666667,28.0,2.0,5.0,13.0,26.0,39.0,53.0,4.416666666666667,28.0,0.0,0.0,0.0,0.0,0.0,0.0,0.0,24297945.0,2014.0
PMID 24297950 a_Summary_SoE.pdf,1.0,5.0,13.0,26.0,39.0,53.0,4.416666666666667,42.0,1.0,3.0,7.0,13.0,20.0,27.0,2.25,42.0,0.0,2.0,6.0,13.0,19.0,26.0,2.166666666666667,24297950.0,2014.0
PMID 24297951 a_Summary_SoE.pdf,1.0,3.0,7.0,13.0,14.0,15.0,1.25,14.0,1.0,3.0,7.0,13.0,14.0,15.0,1.25,14.0,0.0,0.0,0.0,0.0,0.0,0.0,0.0,24297951.0,2014.0
PMID 24323035 a_Summary_SoE.pdf,1.0,3.0,5.0,8.0,11.0,15.0,1.25,28.0,1.0,3.0,5.0,8.0,11.0,15.0,1.25,28.0,0.0,0.0,0.0,0.0,0.0,0.0,0.0,24323035.0,2014.0
PMID 24395863 a_Summary_SoE.pdf,2.0,22.0,41.0,42.0,43.0,44.0,3.6666666666666665,7.0,2.0,22.0,41.0,42.0,43.0,44.0,3.6666666666666665,7.0,0.0,0.0,0.0,0.0,0.0,0.0,0.0,24395863.0,2014.0
PMID 24401022 a_Summary_SoE.pdf,1.0,3.0,7.0,12.0,14.0,15.0,1.25,28.0,1.0,3.0,7.0,12.0,14.0,15.0,1.25,28.0,0.0,0.0,0.0,0.0,0.0,0.0,0.0,24401022.0,2014.0
PMID 24439929 CT_Summary_SoE.pdf,2.0,4.0,7.0,11.0,15.0,20.0,1.6666666666666667,21.0,2.0,4.0,9.0,15.0,19.0,24.0,2.0,21.0,0.0,0.0,-2.0,-4.0,-4.0,-4.0,-0.33333333333333326,24439929.0,2014.0
PMID 24450857 a_Summary_SoE.pdf,1.0,3.0,7.0,10.0,12.0,14.0,1.1666666666666667,0.0,1.0,3.0,7.0,10.0,12.0,14.0,1.1666666666666667,0.0,0.0,0.0,0.0,0.0,0.0,0.0,0.0,24450857.0,2014.0
PMID 24552317 a_Summary_SoE.pdf,2.0,22.0,33.0,44.0,54.0,64.0,5.333333333333333,28.0,2.0,22.0,33.0,44.0,54.0,64.0,5.333333333333333,28.0,0.0,0.0,0.0,0.0,0.0,0.0,0.0,24552317.0,2014.0
PMID 24552318 a_Summary_SoE.pdf,2.0,22.0,33.0,39.0,45.0,50.0,4.166666666666667,28.0,2.0,22.0,33.0,39.0,45.0,50.0,4.166666666666667,28.0,0.0,0.0,0.0,0.0,0.0,0.0,0.0,24552318.0,2014.0
PMID 24552320 a_Summary_SoE.pdf,2.0,7.0,20.0,39.0,58.0,79.0,6.583333333333333,21.0,2.0,7.0,18.0,35.0,52.0,71.0,5.916666666666667,21.0,0.0,0.0,2.0,4.0,6.0,8.0,0.6666666666666661,24552320.0,2014.0
PMID 24590644 a_Summary_SoE.pdf,2.0,2.0,4.0,7.0,10.0,14.0,1.1666666666666667,28.0,2.0,2.0,4.0,7.0,10.0,14.0,1.1666666666666667,28.0,0.0,0.0,0.0,0.0,0.0,0.0,0.0,24590644.0,2014.0
PMID 24637997 a_Summary_SoE.pdf,2.0,5.0,13.0,26.0,39.0,53.0,4.416666666666667,28.0,2.0,5.0,13.0,26.0,39.0,53.0,4.416666666666667,28.0,0.0,0.0,0.0,0.0,0.0,0.0,0.0,24637997.0,2014.0
PMID 24733799 a_Summary_SoE.pdf,1.0,6.0,11.0,11.0,11.0,11.0,0.9166666666666666,7.0,,,,,,,,,,,,,,,,24733799.0,2014.0
PMID 24768112 a_Summary_SoE.pdf,1.0,1.0,2.0,4.0,5.0,7.0,0.5833333333333334,56.0,1.0,1.0,2.0,4.0,5.0,7.0,0.5833333333333334,56.0,0.0,0.0,0.0,0.0,0.0,0.0,0.0,24768112.0,2014.0
PMID 24868024 a_Summary_SoE.pdf,1.0,4.0,10.0,20.0,30.0,40.0,3.3333333333333335,28.0,1.0,4.0,10.0,20.0,30.0,40.0,3.3333333333333335,28.0,0.0,0.0,0.0,0.0,0.0,0.0,0.0,24868024.0,2014.0
PMID 24881463 a_Summary_SoE.pdf,1.0,2.0,4.0,7.0,10.0,14.0,1.1666666666666667,28.0,1.0,1.0,2.0,3.0,4.0,5.0,0.4166666666666667,45.0,0.0,1.0,2.0,4.0,6.0,9.0,0.75,24881463.0,2014.0
PMID 24881631 a_Summary_SoE.pdf,2.0,5.0,9.0,12.0,13.0,14.0,1.1666666666666667,7.0,2.0,5.0,9.0,13.0,14.0,15.0,1.25,7.0,0.0,0.0,0.0,-1.0,-1.0,-1.0,-0.08333333333333326,24881631.0,2014.0
PMID 24881730 a_Summary_SoE.pdf,1.0,2.0,4.0,7.0,8.0,9.0,0.75,28.0,1.0,2.0,4.0,7.0,8.0,9.0,0.75,28.0,0.0,0.0,0.0,0.0,0.0,0.0,0.0,24881730.0,2014.0
PMID 24888818 a_Summary_SoE.pdf,1.0,3.0,5.0,6.0,7.0,8.0,0.6666666666666666,21.0,1.0,1.0,2.0,3.0,4.0,5.0,0.4166666666666667,21.0,0.0,2.0,3.0,3.0,3.0,3.0,0.24999999999999994,24888818.0,2014.0
PMID 24898665 CT_Summary_SoE.pdf,2.0,7.0,15.0,16.0,17.0,19.0,1.5833333333333333,14.0,1.0,5.0,13.0,14.0,15.0,17.0,1.4166666666666667,7.0,1.0,2.0,2.0,2.0,2.0,2.0,0.16666666666666652,24898665.0,2015.0
PMID 24933332 a_Summary_SoE.pdf,2.0,2.0,5.0,9.0,13.0,18.0,1.5,21.0,2.0,2.0,5.0,9.0,13.0,18.0,1.5,21.0,0.0,0.0,0.0,0.0,0.0,0.0,0.0,24933332.0,2014.0
PMID 24934787 a_Summary_SoE.pdf,2.0,3.0,5.0,6.0,6.0,7.0,0.5833333333333334,14.0,2.0,3.0,5.0,6.0,6.0,7.0,0.5833333333333334,14.0,0.0,0.0,0.0,0.0,0.0,0.0,0.0,24934787.0,2014.0
PMID 24982457 a_Summary_SoE.pdf,1.0,2.0,3.0,4.0,4.0,5.0,0.4166666666666667,0.0,1.0,1.0,2.0,3.0,3.0,4.0,0.3333333333333333,0.0,0.0,1.0,1.0,1.0,1.0,1.0,0.08333333333333337,24982457.0,2014.0
PMID 24982504 CT_Summary_SoE.pdf,2.0,20.0,28.0,32.0,33.0,34.0,2.8333333333333335,0.0,2.0,20.0,28.0,32.0,33.0,34.0,2.8333333333333335,0.0,0.0,0.0,0.0,0.0,0.0,0.0,0.0,24982504.0,2014.0
PMID 25014687 a_Summary_SoE.pdf,3.0,4.0,6.0,11.0,14.0,18.0,1.5,28.0,3.0,4.0,6.0,11.0,14.0,18.0,1.5,28.0,0.0,0.0,0.0,0.0,0.0,0.0,0.0,25014687.0,2014.0
PMID 25092781 a_Summary_SoE.pdf,2.0,12.0,26.0,41.0,44.0,47.0,3.9166666666666665,30.0,2.0,12.0,26.0,40.0,43.0,46.0,3.8333333333333335,30.0,0.0,0.0,0.0,1.0,1.0,1.0,0.08333333333333304,25092781.0,2014.0
PMID 25154829 a_Summary_SoE.pdf,2.0,4.0,4.0,5.0,6.0,8.0,0.6666666666666666,91.0,2.0,4.0,4.0,5.0,6.0,8.0,0.6666666666666666,91.0,0.0,0.0,0.0,0.0,0.0,0.0,0.0,25154829.0,2014.0
PMID 25184863 a_Summary_SoE.pdf,1.0,5.0,11.0,14.0,17.0,21.0,1.75,28.0,1.0,5.0,13.0,17.0,19.0,21.0,1.75,42.0,0.0,0.0,-2.0,-3.0,-2.0,0.0,0.0,25184863.0,2014.0
PMID 25225436 a_Summary_SoE.pdf,1.0,4.0,7.0,7.0,8.0,10.0,0.8333333333333334,28.0,1.0,4.0,7.0,7.0,8.0,10.0,0.8333333333333334,28.0,0.0,0.0,0.0,0.0,0.0,0.0,0.0,25225436.0,2014.0
PMID 25265494 a_Summary_SoE.pdf,2.0,3.0,7.0,11.0,15.0,20.0,1.6666666666666667,28.0,2.0,3.0,7.0,11.0,15.0,20.0,1.6666666666666667,28.0,0.0,0.0,0.0,0.0,0.0,0.0,0.0,25265494.0,2014.0
PMID 25267740 a_Summary_SoE.pdf,2.0,4.0,7.0,7.0,8.0,9.0,0.75,21.0,2.0,4.0,6.0,7.0,8.0,9.0,0.75,21.0,0.0,0.0,1.0,0.0,0.0,0.0,0.0,25267740.0,2014.0
PMID 25311218 a_Summary_SoE.pdf,2.0,8.0,20.0,22.0,23.0,24.0,2.0,21.0,2.0,8.0,20.0,35.0,36.0,37.0,3.0833333333333335,21.0,0.0,0.0,0.0,-13.0,-13.0,-13.0,-1.0833333333333335,25311218.0,2014.0
PMID 25332243 a_Summary_SoE.pdf,2.0,24.0,46.0,47.0,48.0,49.0,4.083333333333333,21.0,1.0,21.0,25.0,26.0,27.0,29.0,2.4166666666666665,28.0,1.0,3.0,21.0,21.0,21.0,20.0,1.6666666666666665,25332243.0,2014.0
PMID 25348000 a_Summary_SoE.pdf,2.0,3.0,5.0,8.0,11.0,15.0,1.25,28.0,2.0,3.0,5.0,8.0,11.0,15.0,1.25,28.0,0.0,0.0,0.0,0.0,0.0,0.0,0.0,25348000.0,2014.0
PMID 25354103 a_Summary_SoE.pdf,2.0,30.0,45.0,48.0,49.0,49.0,4.083333333333333,,2.0,30.0,45.0,48.0,49.0,49.0,4.083333333333333,,0.0,0.0,0.0,0.0,0.0,0.0,0.0,25354103.0,2014.0
PMID 25366680 a_Summary_SoE.pdf,2.0,22.0,32.0,33.0,34.0,35.0,2.9166666666666665,7.0,2.0,22.0,36.0,38.0,39.0,40.0,3.3333333333333335,7.0,0.0,0.0,-4.0,-5.0,-5.0,-5.0,-0.41666666666666696,25366680.0,2014.0
PMID 25399551 a_Summary_SoE.pdf,1.0,3.0,5.0,8.0,11.0,15.0,1.25,28.0,1.0,3.0,5.0,8.0,11.0,15.0,1.25,28.0,0.0,0.0,0.0,0.0,0.0,0.0,0.0,25399551.0,2015.0
PMID 25399552 a_Summary_SoE.pdf,2.0,4.0,9.0,17.0,26.0,36.0,3.0,42.0,2.0,4.0,9.0,17.0,26.0,36.0,3.0,42.0,0.0,0.0,0.0,0.0,0.0,0.0,0.0,25399552.0,2015.0
PMID 25422488 a_Summary_SoE.pdf,2.0,6.0,14.0,21.0,21.0,22.0,1.8333333333333333,14.0,,,,,,,,,,,,,,,,25422488.0,2015.0
PMID 25470694 a_Summary_SoE.pdf,1.0,3.0,6.0,10.0,14.0,19.0,1.5833333333333333,21.0,1.0,3.0,6.0,9.0,11.0,13.0,1.0833333333333333,21.0,0.0,0.0,0.0,1.0,3.0,6.0,0.5,25470694.0,2014.0
PMID 25482145 a_Summary_SoE.pdf,2.0,8.0,20.0,40.0,60.0,77.0,6.416666666666667,28.0,2.0,3.0,7.0,13.0,20.0,26.0,2.1666666666666665,28.0,0.0,5.0,13.0,27.0,40.0,51.0,4.25,25482145.0,2015.0
PMID 25495490 a_Summary_SoE.pdf,1.0,2.0,4.0,7.0,10.0,14.0,1.1666666666666667,28.0,1.0,1.0,2.0,3.0,4.0,5.0,0.4166666666666667,90.0,0.0,1.0,2.0,4.0,6.0,9.0,0.75,25495490.0,2015.0
PMID 25547503 a_Summary_SoE.pdf,1.0,2.0,5.0,9.0,13.0,18.0,1.5,42.0,1.0,2.0,5.0,9.0,13.0,18.0,1.5,42.0,0.0,0.0,0.0,0.0,0.0,0.0,0.0,25547503.0,2015.0
PMID 25605862 a_Summary_SoE.pdf,1.0,5.0,12.0,23.0,33.0,45.0,3.75,21.0,1.0,5.0,12.0,23.0,33.0,45.0,3.75,21.0,0.0,0.0,0.0,0.0,0.0,0.0,0.0,25605862.0,2015.0
PMID 25629741 a_Summary_SoE.pdf,3.0,3.0,7.0,10.0,12.0,14.0,1.1666666666666667,28.0,3.0,3.0,7.0,10.0,12.0,14.0,1.1666666666666667,28.0,0.0,0.0,0.0,0.0,0.0,0.0,0.0,25629741.0,2015.0
PMID 25671254 a_Summary_SoE.pdf,2.0,3.0,6.0,9.0,12.0,16.0,1.3333333333333333,28.0,2.0,3.0,6.0,9.0,12.0,16.0,1.3333333333333333,28.0,0.0,0.0,0.0,0.0,0.0,0.0,0.0,25671254.0,2015.0
PMID 25682602 a_Summary_SoE.pdf,1.0,4.0,12.0,14.0,14.0,15.0,1.25,7.0,1.0,4.0,12.0,14.0,14.0,14.5,1.2083333333333333,7.0,0.0,0.0,0.0,0.0,0.0,0.5,0.04166666666666674,25682602.0,2015.0
PMID 25713428 a_Summary_SoE.pdf,2.0,7.0,16.0,32.0,46.0,62.0,5.166666666666667,21.0,2.0,7.0,16.0,32.0,46.0,62.0,5.166666666666667,21.0,0.0,0.0,0.0,0.0,0.0,0.0,0.0,25713428.0,2015.0
PMID 25738668 a_Summary_SoE.pdf,2.0,3.0,7.0,8.0,8.0,9.0,0.75,21.0,1.0,2.0,5.0,7.0,7.0,8.0,0.6666666666666666,21.0,1.0,1.0,2.0,1.0,1.0,1.0,0.08333333333333337,25738668.0,2015.0
PMID 25738670 a_Summary_SoE.pdf,2.0,7.0,20.0,27.0,29.0,31.0,2.5833333333333335,21.0,2.0,3.0,9.0,12.0,14.0,16.0,1.3333333333333333,21.0,0.0,4.0,11.0,15.0,15.0,15.0,1.2500000000000002,25738670.0,2015.0
PMID 25779558 a_Summary_SoE.pdf,2.0,6.0,12.0,20.0,21.0,22.0,1.8333333333333333,28.0,2.0,7.0,15.0,26.0,30.0,35.0,2.9166666666666665,28.0,0.0,-1.0,-3.0,-6.0,-9.0,-13.0,-1.0833333333333333,25779558.0,2015.0
PMID 25891173 a_Summary_SoE.pdf,1.0,3.0,6.0,10.0,14.0,19.0,1.5833333333333333,21.0,1.0,2.0,5.0,9.0,13.0,18.0,1.5,21.0,0.0,1.0,1.0,1.0,1.0,1.0,0.08333333333333326,25891173.0,2015.0
PMID 25897156 a_Summary_SoE.pdf,2.0,0.0,1.0,2.0,2.0,2.0,0.16666666666666666,0.0,2.0,0.0,1.0,2.0,2.0,2.0,0.16666666666666666,0.0,0.0,0.0,0.0,0.0,0.0,0.0,0.0,25897156.0,2015.0
PMID 25940724 a_Summary_SoE.pdf,1.0,1.0,3.0,4.0,4.0,4.0,0.3333333333333333,0.0,1.0,1.0,3.0,4.0,4.0,4.0,0.3333333333333333,0.0,0.0,0.0,0.0,0.0,0.0,0.0,0.0,25940724.0,2015.0
PMID 25970050 a_Summary_SoE.pdf,2.0,4.0,8.0,14.0,21.0,28.0,2.3333333333333335,28.0,2.0,4.0,8.0,14.0,21.0,28.0,2.3333333333333335,28.0,0.0,0.0,0.0,0.0,0.0,0.0,0.0,25970050.0,2015.0
PMID 26014293 a_Summary_SoE.pdf,1.0,2.0,6.0,13.0,19.0,26.0,2.1666666666666665,28.0,1.0,3.0,7.0,13.0,20.0,27.0,2.25,28.0,0.0,-1.0,-1.0,0.0,-1.0,-1.0,-0.08333333333333348,26014293.0,2015.0
PMID 26027431 a_Summary_SoE.pdf,2.0,4.0,10.0,18.0,27.0,36.0,3.0,42.0,2.0,4.0,10.0,18.0,27.0,36.0,3.0,42.0,0.0,0.0,0.0,0.0,0.0,0.0,0.0,26027431.0,2015.0
PMID 26028407 a_Summary_SoE.pdf,1.0,4.0,9.0,17.0,26.0,36.0,3.0,14.0,1.0,3.0,6.0,10.0,14.0,19.0,1.5833333333333333,21.0,0.0,1.0,3.0,7.0,12.0,17.0,1.4166666666666667,26028407.0,2015.0
PMID 26030518 a_Summary_SoE.pdf,1.0,3.0,6.0,9.0,12.0,16.0,1.3333333333333333,28.0,1.0,3.0,6.0,9.0,12.0,16.0,1.3333333333333333,28.0,0.0,0.0,0.0,0.0,0.0,0.0,0.0,26030518.0,2015.0
PMID 26035255 a_Summary_SoE.pdf,2.0,6.0,12.0,18.0,25.0,32.0,2.6666666666666665,28.0,2.0,6.0,12.0,18.0,25.0,32.0,2.6666666666666665,28.0,0.0,0.0,0.0,0.0,0.0,0.0,0.0,26035255.0,2015.0
PMID 26040499 a_Summary_SoE.pdf,1.0,1.0,1.0,2.0,2.0,3.0,0.25,180.0,1.0,1.0,1.0,2.0,2.0,3.0,0.25,180.0,0.0,0.0,0.0,0.0,0.0,0.0,0.0,26040499.0,2015.0
PMID 26056177 a_Summary_SoE.pdf,1.0,7.0,18.0,34.0,44.0,53.0,4.416666666666667,21.0,,,,,,,,,,,,,,,,26056177.0,2015.0
PMID 26122726 a_Summary_SoE.pdf,1.0,1.0,3.0,4.0,5.0,6.0,0.5,0.0,1.0,13.0,15.0,16.0,17.0,18.0,1.5,0.0,0.0,-12.0,-12.0,-12.0,-12.0,-12.0,-1.0,26122726.0,2015.0
PMID 26159065 CT_Summary_SoE.pdf,1.0,2.0,5.0,8.0,10.0,12.0,1.0,21.0,1.0,2.0,5.0,8.0,10.0,12.0,1.0,21.0,0.0,0.0,0.0,0.0,0.0,0.0,0.0,26159065.0,2015.0
PMID 26169611 a_Summary_SoE.pdf,1.0,5.0,9.0,14.0,15.0,16.0,1.3333333333333333,28.0,1.0,5.0,9.0,14.0,15.0,16.0,1.3333333333333333,28.0,0.0,0.0,0.0,0.0,0.0,0.0,0.0,26169611.0,2015.0
PMID 26206652 CT_Summary_SoE.pdf,1.0,9.0,9.0,9.0,9.0,9.0,0.75,0.0,1.0,9.0,9.0,9.0,9.0,9.0,0.75,0.0,0.0,0.0,0.0,0.0,0.0,0.0,0.0,26206652.0,2015.0
PMID 26244877 a_Summary_SoE.pdf,2.0,2.0,5.0,7.0,8.0,9.0,0.75,21.0,2.0,1.0,2.0,3.0,4.0,5.0,0.4166666666666667,84.0,0.0,1.0,3.0,4.0,4.0,4.0,0.3333333333333333,26244877.0,2015.0
PMID 26351350 a_Summary_SoE.pdf,2.0,2.0,4.0,7.0,10.0,14.0,1.1666666666666667,28.0,2.0,2.0,4.0,7.0,10.0,14.0,1.1666666666666667,28.0,0.0,0.0,0.0,0.0,0.0,0.0,0.0,26351350.0,2015.0
PMID 26371143 a_Summary_SoE.pdf,2.0,7.0,18.0,35.0,52.0,71.0,5.916666666666667,21.0,2.0,5.0,13.0,26.0,39.0,53.0,4.416666666666667,21.0,0.0,2.0,5.0,9.0,13.0,18.0,1.5,26371143.0,2016.0
PMID 26377300 CT_Summary_SoE.pdf,1.0,2.0,3.0,5.0,6.0,8.0,0.6666666666666666,56.0,1.0,2.0,3.0,5.0,6.0,8.0,0.6666666666666666,56.0,0.0,0.0,0.0,0.0,0.0,0.0,0.0,26377300.0,2015.0
PMID 26406148 a_Summary_SoE.pdf,2.0,3.0,7.0,13.0,20.0,27.0,2.25,28.0,2.0,2.0,4.0,7.0,10.0,14.0,1.1666666666666667,28.0,0.0,1.0,3.0,6.0,10.0,13.0,1.0833333333333333,26406148.0,2015.0
PMID 26406150 a_Summary_SoE.pdf,1.0,3.0,6.0,9.0,12.0,16.0,1.3333333333333333,28.0,1.0,3.0,6.0,9.0,12.0,16.0,1.3333333333333333,28.0,0.0,0.0,0.0,0.0,0.0,0.0,0.0,26406150.0,2015.0
PMID 26412349 a_Summary_SoE.pdf,2.0,2.0,5.0,6.0,7.0,8.0,0.6666666666666666,21.0,2.0,0.0,1.0,2.0,3.0,4.0,0.3333333333333333,0.0,0.0,2.0,4.0,4.0,4.0,4.0,0.3333333333333333,26412349.0,2015.0
PMID 26412456 a_Summary_SoE.pdf,1.0,4.0,8.0,14.0,21.0,28.0,2.3333333333333335,14.0,1.0,3.0,6.0,10.0,14.0,19.0,1.5833333333333333,21.0,0.0,1.0,2.0,4.0,7.0,9.0,0.7500000000000002,26412456.0,2015.0
PMID 26416999 a_Summary_SoE.pdf,2.0,2.0,5.0,8.0,9.0,10.0,0.8333333333333334,21.0,2.0,2.0,5.0,8.0,9.0,10.0,0.8333333333333334,21.0,0.0,0.0,0.0,0.0,0.0,0.0,0.0,26416999.0,2015.0
PMID 26527790 a_Summary_SoE.pdf,2.0,18.0,36.0,38.0,39.0,41.0,3.4166666666666665,56.0,2.0,18.0,36.0,38.0,39.0,41.0,3.4166666666666665,56.0,0.0,0.0,0.0,0.0,0.0,0.0,0.0,26527790.0,2015.0
PMID 26540028 a_Summary_SoE.pdf,1.0,2.0,3.0,4.0,5.0,6.0,0.5,30.0,1.0,2.0,3.0,4.0,5.0,6.0,0.5,30.0,0.0,0.0,0.0,0.0,0.0,0.0,0.0,26540028.0,2016.0
PMID 26598744 a_Summary_SoE.pdf,2.0,3.0,5.0,7.0,8.0,9.0,0.75,46.0,2.0,4.0,7.0,11.0,15.0,20.0,1.6666666666666667,21.0,0.0,-1.0,-2.0,-4.0,-7.0,-11.0,-0.9166666666666667,26598744.0,2016.0
PMID 26628478 a_Summary_SoE.pdf,2.0,2.0,5.0,9.0,11.0,13.0,1.0833333333333333,21.0,2.0,2.0,5.0,9.0,11.0,13.0,1.0833333333333333,21.0,0.0,0.0,0.0,0.0,0.0,0.0,0.0,26628478.0,2016.0
PMID 26639149 a_Summary_SoE.pdf,1.0,3.0,7.0,13.0,17.0,20.0,1.6666666666666667,28.0,1.0,3.0,7.0,13.0,17.0,20.0,1.6666666666666667,28.0,0.0,0.0,0.0,0.0,0.0,0.0,0.0,26639149.0,2015.0
PMID 26655421 CT_Summary_SoE.pdf,1.0,6.0,13.0,21.0,24.0,27.0,2.25,28.0,1.0,6.0,13.0,21.0,24.0,27.0,2.25,28.0,0.0,0.0,0.0,0.0,0.0,0.0,0.0,26655421.0,2016.0
PMID 26673811 a_Summary_SoE.pdf,1.0,2.0,5.0,9.0,13.0,18.0,1.5,21.0,1.0,5.0,13.0,26.0,39.0,53.0,4.416666666666667,21.0,0.0,-3.0,-8.0,-17.0,-26.0,-35.0,-2.916666666666667,26673811.0,2016.0
PMID 26703889 a_Summary_SoE.pdf,1.0,2.0,4.0,7.0,10.0,14.0,1.1666666666666667,28.0,1.0,2.0,4.0,7.0,10.0,14.0,1.1666666666666667,28.0,0.0,0.0,0.0,0.0,0.0,0.0,0.0,26703889.0,2016.0
PMID 26712084b_Summary_SoE.pdf,1.0,2.0,5.0,9.0,13.0,18.0,1.5,21.0,1.0,2.0,5.0,9.0,13.0,18.0,1.5,21.0,0.0,0.0,0.0,0.0,0.0,0.0,0.0,26712084.0,2016.0
PMID 26811519 a_Summary_SoE.pdf,1.0,22.0,38.0,47.0,49.0,50.0,4.166666666666667,21.0,1.0,22.0,38.0,44.0,45.0,46.0,3.8333333333333335,28.0,0.0,0.0,0.0,3.0,4.0,4.0,0.3333333333333335,26811519.0,2016.0
PMID 26858335 a_Summary_SoE.pdf,1.0,5.0,13.0,26.0,39.0,52.0,4.333333333333333,7.0,1.0,5.0,13.0,26.0,39.0,52.0,4.333333333333333,7.0,0.0,0.0,0.0,0.0,0.0,0.0,0.0,26858335.0,2016.0
PMID 26884585 a_Summary_SoE.pdf,2.0,5.0,13.0,21.0,30.0,39.0,3.25,28.0,2.0,5.0,13.0,21.0,30.0,39.0,3.25,28.0,0.0,0.0,0.0,0.0,0.0,0.0,0.0,26884585.0,2016.0
PMID 26933849 a_Summary_SoE.pdf,1.0,5.0,13.0,19.0,20.0,21.0,1.75,21.0,1.0,2.0,5.0,7.0,8.0,9.0,0.75,21.0,0.0,3.0,8.0,12.0,12.0,12.0,1.0,26933849.0,2016.0
PMID 26997579 a _Summary_SoE.pdf,1.0,2.0,2.0,2.0,2.0,2.0,0.16666666666666666,0.0,1.0,2.0,2.0,2.0,2.0,2.0,0.16666666666666666,0.0,0.0,0.0,0.0,0.0,0.0,0.0,0.0,26997579.0,2016.0
PMID 27044935 a_Summary_SoE.pdf,3.0,22.0,29.0,30.0,31.0,32.0,2.6666666666666665,7.0,3.0,22.0,42.0,43.0,44.0,45.0,3.75,7.0,0.0,0.0,-13.0,-13.0,-13.0,-13.0,-1.0833333333333335,27044935.0,2016.0
PMID 27119237 a_Summary_SoE.pdf,1.0,5.0,11.0,14.0,17.0,21.0,1.75,28.0,1.0,5.0,11.0,14.0,17.0,21.0,1.75,28.0,0.0,0.0,0.0,0.0,0.0,0.0,0.0,27119237.0,2016.0
PMID 27264120 a_Summary_SoE.pdf,1.0,0.0,0.0,1.0,1.0,2.0,0.16666666666666666,1.0,1.0,0.0,0.0,1.0,1.0,2.0,0.16666666666666666,1.0,0.0,0.0,0.0,0.0,0.0,0.0,0.0,27264120.0,2016.0
PMID 27354480 a_Summary_SoE.pdf,1.0,1.0,4.0,7.0,7.0,7.0,0.5833333333333334,28.0,1.0,1.0,4.0,7.0,7.0,7.0,0.5833333333333334,28.0,0.0,0.0,0.0,0.0,0.0,0.0,0.0,27354480.0,2016.0
PMID 27458307 a_Summary_SoE.pdf,1.0,6.0,13.0,16.0,17.0,18.0,1.5,21.0,1.0,6.0,13.0,16.0,17.0,18.0,1.5,21.0,0.0,0.0,0.0,0.0,0.0,0.0,0.0,27458307.0,2016.0
PMID 27458945 a_Summary_SoE.pdf,2.0,1.0,3.0,4.0,5.0,6.0,0.5,0.0,2.0,13.0,15.0,16.0,17.0,18.0,1.5,0.0,0.0,-12.0,-12.0,-12.0,-12.0,-12.0,-1.0,27458945.0,2016.0
PMID 27557302 a_Summary_SoE.pdf,1.0,8.0,21.0,36.0,39.0,43.0,3.5833333333333335,21.0,1.0,7.0,18.0,33.0,36.0,40.0,3.3333333333333335,21.0,0.0,1.0,3.0,3.0,3.0,3.0,0.25,27557302.0,2016.0
PMID 27569442 CT_Summary_SoE.pdf,2.0,4.0,15.0,34.0,52.0,56.0,4.666666666666667,28.0,2.0,4.0,15.0,31.0,38.0,41.0,3.4166666666666665,35.0,0.0,0.0,0.0,3.0,14.0,15.0,1.2500000000000004,27569442.0,2016.0
PMID 27705267 a_Summary_SoE.pdf,2.0,5.0,11.0,17.0,20.0,24.0,2.0,28.0,2.0,5.0,11.0,17.0,20.0,24.0,2.0,28.0,0.0,0.0,0.0,0.0,0.0,0.0,0.0,27705267.0,2016.0
PMID 27717299 a_Summary_SoE.pdf,1.0,5.0,7.0,10.0,13.0,17.0,1.4166666666666667,28.0,1.0,5.0,7.0,10.0,13.0,17.0,1.4166666666666667,28.0,0.0,0.0,0.0,0.0,0.0,0.0,0.0,27717299.0,2016.0
PMID 27717303 a_Summary_SoE.pdf,2.0,3.0,5.0,8.0,11.0,15.0,1.25,28.0,2.0,3.0,5.0,8.0,11.0,15.0,1.25,28.0,0.0,0.0,0.0,0.0,0.0,0.0,0.0,27717303.0,2016.0
PMID 27718781 a_Summary_SoE.pdf,2.0,2.0,4.0,6.0,8.0,10.0,0.8333333333333334,42.0,2.0,2.0,4.0,6.0,8.0,10.0,0.8333333333333334,42.0,0.0,0.0,0.0,0.0,0.0,0.0,0.0,27718781.0,2016.0
PMID 27718784 a_Summary_SoE.pdf,2.0,3.0,7.0,13.0,20.0,27.0,2.25,14.0,2.0,5.0,13.0,26.0,39.0,53.0,4.416666666666667,7.0,0.0,-2.0,-6.0,-13.0,-19.0,-26.0,-2.166666666666667,27718784.0,2016.0
PMID 27731748 a_Summary_SoE.pdf,1.0,0.0,0.0,0.0,0.0,0.0,0.0,28.0,1.0,0.0,0.0,0.0,0.0,0.0,0.0,28.0,0.0,0.0,0.0,0.0,0.0,0.0,0.0,27731748.0,2017.0
PMID 27787547 a_Summary_SoE.pdf,1.0,5.0,13.0,24.0,25.0,26.0,2.1666666666666665,7.0,1.0,5.0,13.0,24.0,25.0,26.0,2.1666666666666665,7.0,0.0,0.0,0.0,0.0,0.0,0.0,0.0,27787547.0,2017.0
PMID 27908454 CT_Summary_SoE.pdf,1.0,3.0,5.0,8.0,11.0,15.0,1.25,28.0,1.0,3.0,5.0,8.0,11.0,15.0,1.25,28.0,0.0,0.0,0.0,0.0,0.0,0.0,0.0,27908454.0,2016.0
PMID 27914822_Summary_SoE.pdf,1.0,4.0,8.0,9.0,10.0,10.0,0.8333333333333334,21.0,1.0,4.0,8.0,9.0,10.0,10.0,0.8333333333333334,21.0,0.0,0.0,0.0,0.0,0.0,0.0,0.0,27914822.0,2017.0
PMID 27918724 a_Summary_SoE.pdf,1.0,2.0,5.0,9.0,10.0,13.0,1.0833333333333333,14.0,1.0,2.0,5.0,9.0,10.0,13.0,1.0833333333333333,14.0,0.0,0.0,0.0,0.0,0.0,0.0,0.0,27918724.0,2017.0
PMID 27918780 a_Summary_SoE.pdf,1.0,4.0,7.0,11.0,15.0,20.0,1.6666666666666667,21.0,1.0,4.0,7.0,11.0,15.0,20.0,1.6666666666666667,21.0,0.0,0.0,0.0,0.0,0.0,0.0,0.0,27918780.0,2017.0
PMID 27959613 a_Summary_SoE.pdf,1.0,3.0,6.0,9.0,12.0,16.0,1.3333333333333333,28.0,1.0,3.0,6.0,9.0,12.0,16.0,1.3333333333333333,28.0,0.0,0.0,0.0,0.0,0.0,0.0,0.0,27959613.0,2016.0
PMID 27959700 a_Summary_SoE.pdf,1.0,4.0,7.0,10.0,12.0,14.0,1.1666666666666667,21.0,1.0,4.0,7.0,10.0,12.0,14.0,1.1666666666666667,21.0,0.0,0.0,0.0,0.0,0.0,0.0,0.0,27959700.0,2017.0
PMID 27979383 a_Summary_SoE.pdf,0.0,0.0,0.0,0.0,0.0,0.0,0.0,,0.0,0.0,0.0,0.0,0.0,0.0,0.0,,0.0,0.0,0.0,0.0,0.0,0.0,0.0,27979383.0,2017.0
PMID 28029326 a_Summary_SoE.pdf,2.0,13.0,28.0,50.0,52.0,53.0,4.416666666666667,21.0,2.0,13.0,28.0,50.0,52.0,53.0,4.416666666666667,21.0,0.0,0.0,0.0,0.0,0.0,0.0,0.0,28029326.0,2017.0
PMID 28030702 a_Summary_SoE.pdf,2.0,2.0,4.0,7.0,10.0,14.0,1.1666666666666667,28.0,2.0,2.0,4.0,7.0,10.0,14.0,1.1666666666666667,28.0,0.0,0.0,0.0,0.0,0.0,0.0,0.0,28030702.0,2017.0
PMID 28034081 a_Summary_SoE.pdf,1.0,2.0,5.0,7.0,8.0,9.0,0.75,21.0,1.0,2.0,5.0,7.0,8.0,9.0,0.75,21.0,0.0,0.0,0.0,0.0,0.0,0.0,0.0,28034081.0,2017.0
PMID 28056202 a_Summary_SoE.pdf,1.0,5.0,11.0,15.0,19.0,24.0,2.0,21.0,1.0,5.0,13.0,26.0,39.0,53.0,4.416666666666667,21.0,0.0,0.0,-2.0,-11.0,-20.0,-29.0,-2.416666666666667,28056202.0,2017.0
PMID 28076709 a_Summary_SoE.pdf,2.0,3.0,7.0,14.0,17.0,21.0,1.75,56.0,2.0,2.0,4.0,7.0,10.0,14.0,1.1666666666666667,28.0,0.0,1.0,3.0,7.0,7.0,7.0,0.5833333333333333,28076709.0,2017.0
PMID 28125763 a_Summary_SoE.pdf,1.0,2.0,4.0,7.0,10.0,14.0,1.1666666666666667,28.0,1.0,2.0,4.0,7.0,10.0,14.0,1.1666666666666667,28.0,0.0,0.0,0.0,0.0,0.0,0.0,0.0,28125763.0,2017.0
PMID 28126333 a_Summary_SoE.pdf,2.0,3.0,6.0,10.0,14.0,20.0,1.6666666666666667,21.0,2.0,3.0,6.0,10.0,14.0,20.0,1.6666666666666667,21.0,0.0,0.0,0.0,0.0,0.0,0.0,0.0,28126333.0,2017.0
PMID 28135150 a_Summary_SoE.pdf,2.0,21.0,22.0,23.0,24.0,25.0,2.0833333333333335,7.0,2.0,1.0,2.0,3.0,4.0,5.0,0.4166666666666667,0.0,0.0,20.0,20.0,20.0,20.0,20.0,1.6666666666666667,28135150.0,2017.0
PMID 28139405 CT_Summary_SoE.pdf,1.0,5.0,11.0,19.0,21.0,23.0,1.9166666666666667,28.0,1.0,5.0,11.0,19.0,21.0,23.0,1.9166666666666667,28.0,0.0,0.0,0.0,0.0,0.0,0.0,0.0,28139405.0,2017.0
PMID 28140392 a_Summary_SoE.pdf,1.0,2.0,4.0,7.0,10.0,14.0,1.1666666666666667,28.0,1.0,3.0,7.0,13.0,20.0,27.0,2.25,28.0,0.0,-1.0,-3.0,-6.0,-10.0,-13.0,-1.0833333333333333,28140392.0,2017.0
PMID 28146658 a_Summary_SoE.pdf,2.0,22.0,37.0,38.0,39.0,40.0,3.3333333333333335,45.0,2.0,22.0,37.0,38.0,39.0,40.0,3.3333333333333335,45.0,0.0,0.0,0.0,0.0,0.0,0.0,0.0,28146658.0,2017.0
PMID 28212060 a_Summary_SoE.pdf,2.0,2.0,5.0,9.0,13.0,18.0,1.5,21.0,2.0,5.0,9.0,13.0,17.0,22.0,1.8333333333333333,21.0,0.0,-3.0,-4.0,-4.0,-4.0,-4.0,-0.33333333333333326,28212060.0,2017.0
PMID 28249141 a_Summary_SoE.pdf,2.0,6.0,15.0,28.0,36.0,42.0,3.5,42.0,2.0,6.0,16.0,27.0,30.0,34.0,2.8333333333333335,28.0,0.0,0.0,-1.0,1.0,6.0,8.0,0.6666666666666665,28249141.0,2017.0
PMID 28257752 CT_Summary_SoE.pdf,1.0,5.0,9.0,12.0,14.0,16.0,1.3333333333333333,7.0,1.0,5.0,9.0,12.0,14.0,16.0,1.3333333333333333,7.0,0.0,0.0,0.0,0.0,0.0,0.0,0.0,28257752.0,2017.0
PMID 28296618 a_Summary_SoE.pdf,2.0,16.0,21.0,28.0,34.0,41.0,3.4166666666666665,28.0,2.0,16.0,18.0,19.0,20.0,21.0,1.75,21.0,0.0,0.0,3.0,9.0,14.0,20.0,1.6666666666666665,28296618.0,2017.0
PMID 28380315 a_Summary_SoE.pdf,1.0,10.0,18.0,21.0,21.0,22.0,1.8333333333333333,0.0,1.0,11.0,19.0,22.0,22.0,23.0,1.9166666666666667,0.0,0.0,-1.0,-1.0,-1.0,-1.0,-1.0,-0.08333333333333348,28380315.0,2017.0
PMID 28384065 a_Summary_SoE.pdf,1.0,2.0,5.0,9.0,13.0,18.0,1.5,21.0,1.0,2.0,5.0,9.0,13.0,18.0,1.5,21.0,0.0,0.0,0.0,0.0,0.0,0.0,0.0,28384065.0,2017.0
PMID 28438473 a_Summary_SoE.pdf,2.0,7.0,15.0,27.0,31.0,36.0,3.0,21.0,2.0,7.0,15.0,27.0,28.0,29.0,2.4166666666666665,21.0,0.0,0.0,0.0,0.0,3.0,7.0,0.5833333333333335,28438473.0,2017.0
PMID 28492898 CT_Summary_SoE.pdf,1.0,6.0,12.0,17.0,21.0,26.0,2.1666666666666665,21.0,1.0,6.0,12.0,17.0,21.0,26.0,2.1666666666666665,21.0,0.0,0.0,0.0,0.0,0.0,0.0,0.0,28492898.0,2017.0
PMID 28501140 CT_Summary_SoE.pdf,2.0,2.0,3.0,5.0,6.0,8.0,0.6666666666666666,56.0,2.0,2.0,3.0,5.0,6.0,8.0,0.6666666666666666,56.0,0.0,0.0,0.0,0.0,0.0,0.0,0.0,28501140.0,2017.0
PMID 28578601 a_Summary_SoE.pdf,2.0,4.0,7.0,11.0,15.0,20.0,1.6666666666666667,21.0,2.0,5.0,10.0,19.0,27.0,37.0,3.0833333333333335,21.0,0.0,-1.0,-3.0,-8.0,-12.0,-17.0,-1.4166666666666667,28578601.0,2017.0
PMID 28578607 a_Summary_SoE.pdf,2.0,3.0,7.0,10.0,13.0,17.0,1.4166666666666667,28.0,2.0,3.0,7.0,10.0,13.0,17.0,1.4166666666666667,28.0,0.0,0.0,0.0,0.0,0.0,0.0,0.0,28578607.0,2017.0
PMID 28580882 a_Summary_SoE.pdf,2.0,3.0,5.0,8.0,11.0,15.0,1.25,28.0,2.0,3.0,5.0,8.0,11.0,15.0,1.25,28.0,0.0,0.0,0.0,0.0,0.0,0.0,0.0,28580882.0,2017.0
PMID 28581356 a_Summary_SoE.pdf,2.0,2.0,5.0,9.0,13.0,18.0,1.5,21.0,2.0,2.0,5.0,9.0,13.0,18.0,1.5,21.0,0.0,0.0,0.0,0.0,0.0,0.0,0.0,28581356.0,2017.0
PMID 28600132 CT_Summary_SoE.pdf,1.0,4.0,9.0,13.0,17.0,21.0,1.75,21.0,1.0,2.0,5.0,9.0,13.0,17.0,1.4166666666666667,21.0,0.0,2.0,4.0,4.0,4.0,4.0,0.33333333333333326,28600132.0,2017.0
PMID 28632865 a_Summary_SoE.pdf,2.0,5.0,13.0,26.0,39.0,53.0,4.416666666666667,56.0,2.0,3.0,7.0,13.0,20.0,27.0,2.25,56.0,0.0,2.0,6.0,13.0,19.0,26.0,2.166666666666667,28632865.0,2017.0
PMID 28636851 a_Summary_SoE.pdf,2.0,3.0,7.0,13.0,20.0,27.0,2.25,14.0,2.0,4.0,9.0,15.0,18.0,21.0,1.75,21.0,0.0,-1.0,-2.0,-2.0,2.0,6.0,0.5,28636851.0,2017.0
PMID 28644114 a_Summary_SoE.pdf,2.0,13.0,30.0,48.0,56.0,66.0,5.5,28.0,2.0,13.0,30.0,48.0,56.0,66.0,5.5,28.0,0.0,0.0,0.0,0.0,0.0,0.0,0.0,28644114.0,2017.0
PMID 28687830 a_Summary_SoE.pdf,3.0,22.0,29.0,30.0,31.0,32.0,2.6666666666666665,7.0,3.0,22.0,29.0,30.0,31.0,32.0,2.6666666666666665,7.0,0.0,0.0,0.0,0.0,0.0,0.0,0.0,28687830.0,2017.0
PMID 28746153 CT_Summary_SoE.pdf,1.0,8.0,8.0,8.0,8.0,8.0,0.6666666666666666,0.0,1.0,8.0,8.0,8.0,8.0,8.0,0.6666666666666666,0.0,0.0,0.0,0.0,0.0,0.0,0.0,0.0,28746153.0,2017.0
PMID 28753384 a_Summary_SoE.pdf,2.0,5.0,11.0,15.0,19.0,24.0,2.0,21.0,2.0,5.0,11.0,15.0,19.0,24.0,2.0,21.0,0.0,0.0,0.0,0.0,0.0,0.0,0.0,28753384.0,2017.0
PMID 28754483 CT_Summary_SoE.pdf,0.0,0.0,0.0,0.0,0.0,0.0,0.0,,0.0,0.0,0.0,0.0,0.0,0.0,0.0,,0.0,0.0,0.0,0.0,0.0,0.0,0.0,28754483.0,2017.0
PMID 28796588 a_Summary_SoE.pdf,2.0,4.0,8.0,12.0,13.0,14.0,1.1666666666666667,21.0,2.0,2.0,6.0,10.0,11.0,12.0,1.0,21.0,0.0,2.0,2.0,2.0,2.0,2.0,0.16666666666666674,28796588.0,2017.0
PMID 28809610 a_Summary_SoE.pdf,2.0,5.0,11.0,15.0,18.0,20.0,1.6666666666666667,21.0,2.0,5.0,11.0,15.0,18.0,20.0,1.6666666666666667,21.0,0.0,0.0,0.0,0.0,0.0,0.0,0.0,28809610.0,2017.0
PMID 28854067 a_Summary_SoE.pdf,1.0,2.0,5.0,8.0,9.0,10.0,0.8333333333333334,21.0,1.0,2.0,5.0,8.0,9.0,10.0,0.8333333333333334,21.0,0.0,0.0,0.0,0.0,0.0,0.0,0.0,28854067.0,2017.0
PMID 28885881 a_Summary_SoE.pdf,1.0,3.0,7.0,13.0,20.0,26.0,2.1666666666666665,14.0,1.0,3.0,7.0,13.0,20.0,26.0,2.1666666666666665,14.0,0.0,0.0,0.0,0.0,0.0,0.0,0.0,28885881.0,2017.0
PMID 28891408 a_Summary_SoE.pdf,2.0,2.0,4.0,7.0,10.0,13.0,1.0833333333333333,28.0,2.0,2.0,4.0,7.0,10.0,13.0,1.0833333333333333,28.0,0.0,0.0,0.0,0.0,0.0,0.0,0.0,28891408.0,2017.0
PMID 28891423 a_Summary_SoE.pdf,1.0,4.0,9.0,16.0,24.0,31.0,2.5833333333333335,14.0,1.5,4.0,9.0,16.0,24.0,31.0,2.5833333333333335,17.5,-0.5,0.0,0.0,0.0,0.0,0.0,0.0,28891423.0,2017.0
PMID 28902533 a_Summary_SoE.pdf,1.0,3.0,7.0,10.0,12.0,14.0,1.1666666666666667,0.0,1.0,3.0,7.0,10.0,12.0,14.0,1.1666666666666667,0.0,0.0,0.0,0.0,0.0,0.0,0.0,0.0,28902533.0,2017.0
PMID 28916367 a_Summary_SoE.pdf,2.0,2.0,4.0,7.0,10.0,14.0,1.1666666666666667,28.0,2.0,2.0,4.0,7.0,10.0,14.0,1.1666666666666667,28.0,0.0,0.0,0.0,0.0,0.0,0.0,0.0,28916367.0,2017.0
PMID 28916371 a_Summary_SoE.pdf,2.0,2.0,5.0,9.0,13.0,18.0,1.5,21.0,2.0,2.0,5.0,9.0,13.0,18.0,1.5,21.0,0.0,0.0,0.0,0.0,0.0,0.0,0.0,28916371.0,2017.0
PMID 28935843 a_Summary_SoE.pdf,1.0,3.0,8.0,10.0,10.0,10.0,0.8333333333333334,14.0,1.0,3.0,8.0,10.0,10.0,10.0,0.8333333333333334,14.0,0.0,0.0,0.0,0.0,0.0,0.0,0.0,28935843.0,2017.0
PMID 28958469a_Summary_SoE.pdf,2.0,4.0,9.0,13.0,18.0,22.0,1.8333333333333333,28.0,2.0,4.0,9.0,13.0,18.0,22.0,1.8333333333333333,28.0,0.0,0.0,0.0,0.0,0.0,0.0,0.0,28958469.0,2017.0
PMID 28968163 CT a_Summary_SoE.pdf,1.0,2.0,5.0,10.0,14.0,20.0,1.6666666666666667,28.0,1.0,2.0,5.0,10.0,14.0,20.0,1.6666666666666667,28.0,0.0,0.0,0.0,0.0,0.0,0.0,0.0,28968163.0,2017.0
PMID 28976863 a_Summary_SoE.pdf,2.0,4.0,8.0,12.0,15.0,16.0,1.3333333333333333,21.0,2.0,2.0,6.0,10.0,13.0,14.0,1.1666666666666667,21.0,0.0,2.0,2.0,2.0,2.0,2.0,0.16666666666666652,28976863.0,2017.0
PMID 29091516 a_Summary_SoE.pdf,3.0,5.0,9.0,12.0,13.0,14.0,1.1666666666666667,28.0,3.0,5.0,9.0,12.0,13.0,14.0,1.1666666666666667,28.0,0.0,0.0,0.0,0.0,0.0,0.0,0.0,29091516.0,2018.0
PMID 29103871 CT_Summary_SoE.pdf,2.0,5.0,12.0,21.0,24.0,28.0,2.3333333333333335,28.0,2.0,5.0,12.0,21.0,24.0,28.0,2.3333333333333335,28.0,0.0,0.0,0.0,0.0,0.0,0.0,0.0,29103871.0,2017.0
PMID 29136387 a_Summary_SoE.pdf,1.0,2.0,4.0,5.0,5.0,5.0,0.4166666666666667,0.0,1.0,2.0,4.0,5.0,5.0,5.0,0.4166666666666667,0.0,0.0,0.0,0.0,0.0,0.0,0.0,0.0,29136387.0,2018.0
PMID 29151359 a_Summary_SoE.pdf,1.0,4.0,7.0,10.0,12.0,14.0,1.1666666666666667,21.0,1.0,4.0,7.0,10.0,12.0,14.0,1.1666666666666667,21.0,0.0,0.0,0.0,0.0,0.0,0.0,0.0,29151359.0,2018.0
PMID 29158011 CT_Summary_SoE.pdf,1.0,0.0,0.0,1.0,1.0,2.0,0.16666666666666666,0.0,1.0,0.0,0.0,1.0,1.0,2.0,0.16666666666666666,90.0,0.0,0.0,0.0,0.0,0.0,0.0,0.0,29158011.0,2018.0
PMID 29169877 CT_Summary_SoE.pdf,1.0,5.0,13.0,26.0,39.0,53.0,4.416666666666667,21.0,1.0,2.0,5.0,8.0,10.0,12.0,1.0,21.0,0.0,3.0,8.0,18.0,29.0,41.0,3.416666666666667,29169877.0,2018.0
PMID 29224502 a_Summary_SoE.pdf,1.0,5.0,12.0,17.0,19.0,20.0,1.6666666666666667,28.0,1.0,3.0,8.0,13.0,15.0,16.0,1.3333333333333333,28.0,0.0,2.0,4.0,4.0,4.0,4.0,0.3333333333333335,29224502.0,2018.0
PMID 29231094 a_Summary_SoE.pdf,1.0,1.0,3.0,4.0,5.0,6.0,0.5,0.0,1.0,1.0,3.0,4.0,5.0,6.0,0.5,0.0,0.0,0.0,0.0,0.0,0.0,0.0,0.0,29231094.0,2018.0
PMID 29238824 a_Summary_SoE.pdf,1.0,3.0,3.0,3.0,3.0,3.0,0.25,0.0,1.0,3.0,3.0,3.0,3.0,3.0,0.25,0.0,0.0,0.0,0.0,0.0,0.0,0.0,0.0,29238824.0,2018.0
PMID 29244528 a_Summary_SoE.pdf,1.0,2.0,5.0,9.0,11.0,13.0,1.0833333333333333,21.0,1.0,2.0,5.0,9.0,13.0,18.0,1.5,21.0,0.0,0.0,0.0,0.0,-2.0,-5.0,-0.41666666666666674,29244528.0,2018.0
PMID 29268948 a_Summary_SoE.pdf,2.0,2.0,6.0,11.0,15.0,20.0,1.6666666666666667,21.0,2.0,2.0,6.0,11.0,15.0,20.0,1.6666666666666667,21.0,0.0,0.0,0.0,0.0,0.0,0.0,0.0,29268948.0,2018.0
PMID 29373094 a_Summary_SoE.pdf,2.0,3.0,6.0,11.0,15.0,20.0,1.6666666666666667,21.0,2.0,3.0,6.0,11.0,15.0,20.0,1.6666666666666667,21.0,0.0,0.0,0.0,0.0,0.0,0.0,0.0,29373094.0,2018.0
PMID 29420164 a_Summary_SoE.pdf,1.0,2.0,4.0,7.0,8.0,10.0,0.8333333333333334,28.0,1.0,2.0,4.0,7.0,8.0,10.0,0.8333333333333334,28.0,0.0,0.0,0.0,0.0,0.0,0.0,0.0,29420164.0,2018.0
PMID 29477665 CT_Summary_SoE.pdf,3.0,5.0,8.0,11.0,14.0,17.0,1.4166666666666667,28.0,3.0,5.0,8.0,11.0,14.0,17.0,1.4166666666666667,28.0,0.0,0.0,0.0,0.0,0.0,0.0,0.0,29477665.0,2018.0
PMID 29522138 a_Summary_SoE.pdf,3.0,4.0,6.0,9.0,10.0,11.0,0.9166666666666666,28.0,3.0,4.0,6.0,9.0,10.0,11.0,0.9166666666666666,28.0,0.0,0.0,0.0,0.0,0.0,0.0,0.0,29522138.0,2018.0
PMID 29528792 a_Summary_SoE.pdf,1.0,4.0,7.0,11.0,15.0,20.0,1.6666666666666667,21.0,1.0,4.0,7.0,11.0,15.0,20.0,1.6666666666666667,21.0,0.0,0.0,0.0,0.0,0.0,0.0,0.0,29528792.0,2018.0
PMID 29543933 a_Summary_SoE.pdf,2.0,22.0,45.0,46.0,47.0,48.0,4.0,3.5,2.0,22.0,40.0,41.0,42.0,43.0,3.5833333333333335,3.5,0.0,0.0,5.0,5.0,5.0,5.0,0.4166666666666665,29543933.0,2018.0
PMID 29562145 a_Summary_SoE.pdf,2.0,2.0,5.0,11.0,18.0,25.0,2.0833333333333335,42.0,2.0,1.0,3.0,5.0,7.0,9.0,0.75,42.0,0.0,1.0,2.0,6.0,11.0,16.0,1.3333333333333335,29562145.0,2018.0
PMID 29562156 a_Summary_SoE.pdf,1.0,6.0,13.0,19.0,21.0,22.0,1.8333333333333333,28.0,1.0,6.0,14.0,20.0,21.0,22.0,1.8333333333333333,28.0,0.0,0.0,-1.0,-1.0,0.0,0.0,0.0,29562156.0,2018.0
PMID 29573941 a_Summary_SoE.pdf,2.0,2.0,4.0,7.0,10.0,14.0,1.1666666666666667,28.0,2.0,2.0,4.0,7.0,10.0,14.0,1.1666666666666667,28.0,0.0,0.0,0.0,0.0,0.0,0.0,0.0,29573941.0,2018.0
PMID 29624463 a_Summary_SoE.pdf,1.0,3.0,9.0,11.0,12.0,14.0,1.1666666666666667,21.0,1.0,1.0,1.0,2.0,3.0,5.0,0.4166666666666667,91.0,0.0,2.0,8.0,9.0,9.0,9.0,0.75,29624463.0,2018.0
PMID 29625879 CT_Summary_SoE.pdf,2.0,8.0,14.0,20.0,27.0,34.0,2.8333333333333335,28.0,2.0,8.0,14.0,20.0,27.0,34.0,2.8333333333333335,28.0,0.0,0.0,0.0,0.0,0.0,0.0,0.0,29625879.0,2018.0
PMID 29658430 a_Summary_SoE.pdf,3.0,2.0,5.0,9.0,13.0,18.0,1.5,21.0,3.0,2.0,5.0,9.0,13.0,18.0,1.5,21.0,0.0,0.0,0.0,0.0,0.0,0.0,0.0,29658430.0,2018.0
PMID 29658856 a_Summary_SoE.pdf,1.0,2.0,5.0,9.0,13.0,18.0,1.5,21.0,1.0,2.0,5.0,9.0,13.0,18.0,1.5,21.0,0.0,0.0,0.0,0.0,0.0,0.0,0.0,29658856.0,2018.0
PMID 29668860 a_Summary_SoE.pdf,0.0,0.0,0.0,0.0,0.0,0.0,0.0,,0.0,0.0,0.0,0.0,0.0,0.0,0.0,,0.0,0.0,0.0,0.0,0.0,0.0,0.0,29668860.0,2018.0
PMID 29726361 CT_Summary_SoE.pdf,2.0,22.0,26.0,26.0,26.0,26.0,2.1666666666666665,0.0,2.0,22.0,26.0,26.0,26.0,26.0,2.1666666666666665,0.0,0.0,0.0,0.0,0.0,0.0,0.0,0.0,29726361.0,2018.0
PMID 29801011 CT_Summary_SoE.pdf,1.0,4.0,5.0,6.0,7.0,8.0,0.6666666666666666,0.0,1.0,4.0,5.0,6.0,7.0,8.0,0.6666666666666666,0.0,0.0,0.0,0.0,0.0,0.0,0.0,0.0,29801011.0,2018.0
PMID 29804902 CT_Summary_SoE.pdf,2.0,3.0,6.0,9.0,12.0,16.0,1.3333333333333333,28.0,2.0,3.0,6.0,9.0,12.0,16.0,1.3333333333333333,28.0,0.0,0.0,0.0,0.0,0.0,0.0,0.0,29804902.0,2018.0
PMID 29856685 a_Summary_SoE.pdf,1.0,5.0,7.0,13.0,14.0,16.0,1.3333333333333333,7.0,1.0,5.0,7.0,13.0,14.0,16.0,1.3333333333333333,7.0,0.0,0.0,0.0,0.0,0.0,0.0,0.0,29856685.0,2018.0
PMID 29860922 CT_Summary_SoE.pdf,2.0,3.0,6.0,9.0,12.0,16.0,1.3333333333333333,28.0,2.0,3.0,6.0,9.0,12.0,16.0,1.3333333333333333,28.0,0.0,0.0,0.0,0.0,0.0,0.0,0.0,29860922.0,2018.0
PMID 29863955 a_Summary_SoE.pdf,1.0,2.0,5.0,9.0,13.0,18.0,1.5,21.0,1.0,2.0,5.0,9.0,13.0,18.0,1.5,21.0,0.0,0.0,0.0,0.0,0.0,0.0,0.0,29863955.0,2018.0
PMID 29866475 CT_Summary_SoE.pdf,1.0,4.0,10.0,20.0,30.0,40.0,3.3333333333333335,28.0,1.0,8.0,20.0,40.0,60.0,79.0,6.583333333333333,28.0,0.0,-4.0,-10.0,-20.0,-30.0,-39.0,-3.2499999999999996,29866475.0,2018.0
PMID 29880231 a_Summary_SoE.pdf,1.0,2.0,5.0,9.0,13.0,18.0,1.5,21.0,1.0,4.0,10.0,20.0,30.0,40.0,3.3333333333333335,28.0,0.0,-2.0,-5.0,-11.0,-17.0,-22.0,-1.8333333333333335,29880231.0,2018.0
PMID 29949494 a_Summary_SoE.pdf,2.0,2.0,2.0,3.0,4.0,5.0,0.4166666666666667,112.0,2.0,2.0,2.0,3.0,4.0,5.0,0.4166666666666667,112.0,0.0,0.0,0.0,0.0,0.0,0.0,0.0,29949494.0,2018.0
PMID 29972759 a_Summary_SoE.pdf,2.0,3.0,6.0,9.0,12.0,16.0,1.3333333333333333,28.0,2.0,3.0,6.0,9.0,12.0,16.0,1.3333333333333333,28.0,0.0,0.0,0.0,0.0,0.0,0.0,0.0,29972759.0,2018.0
PMID 29989857 a_Summary_SoE.pdf,3.0,22.0,31.0,32.0,32.0,33.0,2.75,7.0,3.0,22.0,31.0,32.0,32.0,33.0,2.75,7.0,0.0,0.0,0.0,0.0,0.0,0.0,0.0,29989857.0,2018.0
PMID 30010751 a_Summary_SoE.pdf,1.0,3.0,6.0,10.0,14.0,19.0,1.5833333333333333,21.0,1.0,3.0,6.0,10.0,14.0,19.0,1.5833333333333333,21.0,0.0,0.0,0.0,0.0,0.0,0.0,0.0,30010751.0,2018.0
PMID 30024784 a_Summary_SoE.pdf,1.0,8.0,18.0,31.0,34.0,37.0,3.0833333333333335,42.0,1.0,11.0,23.0,40.0,43.0,46.0,3.8333333333333335,42.0,0.0,-3.0,-5.0,-9.0,-9.0,-9.0,-0.75,30024784.0,2018.0
PMID 30040523 a_Summary_SoE.pdf,1.0,2.0,5.0,17.0,18.0,19.0,1.5833333333333333,21.0,1.0,2.0,5.0,17.0,18.0,19.0,1.5833333333333333,21.0,0.0,0.0,0.0,0.0,0.0,0.0,0.0,30040523.0,2018.0
PMID 30052729 CT_Summary_SoE.pdf,1.0,3.0,7.0,13.0,20.0,27.0,2.25,14.0,1.0,2.0,5.0,9.0,13.0,18.0,1.5,21.0,0.0,1.0,2.0,4.0,7.0,9.0,0.75,30052729.0,2018.0
PMID 30072745 a_Summary_SoE.pdf,2.0,4.0,10.0,18.0,27.0,36.0,3.0,21.0,2.0,4.0,10.0,18.0,27.0,36.0,3.0,21.0,0.0,0.0,0.0,0.0,0.0,0.0,0.0,30072745.0,2018.0
PMID 30100375 CT_Summary_SoE.pdf,1.0,6.0,12.0,21.0,31.0,42.0,3.5,28.0,1.0,6.0,12.0,21.0,31.0,42.0,3.5,28.0,0.0,0.0,0.0,0.0,0.0,0.0,0.0,30100375.0,2018.0
PMID 30105668 a_Summary_SoE.pdf,2.0,8.0,15.0,24.0,32.0,42.0,3.5,42.0,2.0,8.0,15.0,24.0,32.0,42.0,3.5,42.0,0.0,0.0,0.0,0.0,0.0,0.0,0.0,30105668.0,2019.0
PMID 30110579 a_Summary_SoE.pdf,2.0,5.0,11.0,20.0,28.0,38.0,3.1666666666666665,21.0,2.0,5.0,12.0,21.0,29.0,40.0,3.3333333333333335,21.0,0.0,0.0,-1.0,-1.0,-1.0,-2.0,-0.16666666666666696,30110579.0,2018.0
PMID 30177994 a_Summary_SoE.pdf,2.0,2.0,5.0,9.0,13.0,18.0,1.5,21.0,2.0,2.0,5.0,9.0,13.0,18.0,1.5,21.0,0.0,0.0,0.0,0.0,0.0,0.0,0.0,30177994.0,2018.0
PMID 30262187 CT _Summary_SoE.pdf,1.0,3.0,7.0,13.0,20.0,27.0,2.25,14.0,1.0,2.0,5.0,9.0,13.0,18.0,1.5,21.0,0.0,1.0,2.0,4.0,7.0,9.0,0.75,30262187.0,2018.0
PMID 30280635 a_Summary_SoE.pdf,1.0,5.0,13.0,17.0,21.0,26.0,2.1666666666666665,21.0,1.0,5.0,13.0,17.0,21.0,26.0,2.1666666666666665,21.0,0.0,0.0,0.0,0.0,0.0,0.0,0.0,30280635.0,2018.0
PMID 30280641 a_Summary_SoE.pdf,1.0,6.0,13.0,17.0,21.0,26.0,2.1666666666666665,21.0,1.0,6.0,13.0,17.0,21.0,26.0,2.1666666666666665,21.0,0.0,0.0,0.0,0.0,0.0,0.0,0.0,30280641.0,2018.0
PMID 30280657 a_Summary_SoE.pdf,1.0,4.0,8.0,13.0,17.0,23.0,1.9166666666666667,28.0,1.0,4.0,8.0,13.0,17.0,23.0,1.9166666666666667,28.0,0.0,0.0,0.0,0.0,0.0,0.0,0.0,30280657.0,2018.0
PMID 30287523 CT_Summary_SoE.pdf,1.0,3.0,6.0,9.0,10.0,12.0,1.0,28.0,1.0,5.0,9.0,12.0,13.0,15.0,1.25,28.0,0.0,-2.0,-3.0,-3.0,-3.0,-3.0,-0.25,30287523.0,2018.0
PMID 30345884 a_Summary_SoE.pdf,3.0,5.0,7.0,10.0,13.0,17.0,1.4166666666666667,28.0,3.0,5.0,7.0,10.0,13.0,17.0,1.4166666666666667,28.0,0.0,0.0,0.0,0.0,0.0,0.0,0.0,30345884.0,2018.0
PMID 30345906 a_Summary_SoE.pdf,2.0,4.0,10.0,20.0,30.0,40.0,3.3333333333333335,28.0,2.0,4.0,10.0,20.0,30.0,40.0,3.3333333333333335,28.0,0.0,0.0,0.0,0.0,0.0,0.0,0.0,30345906.0,2018.0
PMID 30346481 CT_Summary_SoE.pdf,2.0,3.0,5.0,7.0,8.0,10.0,0.8333333333333334,28.0,2.0,3.0,5.0,7.0,8.0,10.0,0.8333333333333334,28.0,0.0,0.0,0.0,0.0,0.0,0.0,0.0,30346481.0,2018.0
PMID 30355453 CT_Summary_SoE.pdf,2.0,3.0,5.0,8.0,11.0,15.0,1.25,28.0,2.0,3.0,5.0,8.0,11.0,15.0,1.25,28.0,0.0,0.0,0.0,0.0,0.0,0.0,0.0,30355453.0,2018.0
PMID 30389036 CT_Summary_SoE.pdf,1.0,4.0,5.0,6.0,8.0,10.0,0.8333333333333334,56.0,1.0,4.0,5.0,6.0,8.0,10.0,0.8333333333333334,56.0,0.0,0.0,0.0,0.0,0.0,0.0,0.0,30389036.0,2018.0
PMID 30415629 a_Summary_SoE.pdf,1.0,0.0,0.0,0.0,0.0,0.0,0.0,0.0,1.0,0.0,0.0,0.0,0.0,0.0,0.0,0.0,0.0,0.0,0.0,0.0,0.0,0.0,0.0,30415629.0,2019.0
PMID 30449625 CT_Summary_SoE.pdf,2.0,18.0,33.0,34.0,35.0,36.0,3.0,7.0,2.0,22.0,31.0,32.0,33.0,34.0,2.8333333333333335,21.0,0.0,-4.0,2.0,2.0,2.0,2.0,0.16666666666666652,30449625.0,2019.0
PMID 30501481 a_Summary_SoE.pdf,2.0,2.0,4.0,6.0,7.0,8.0,0.6666666666666666,28.0,2.0,5.0,9.0,13.0,14.0,15.0,1.25,28.0,0.0,-3.0,-5.0,-7.0,-7.0,-7.0,-0.5833333333333334,30501481.0,2018.0
PMID 30509740 a_Summary_SoE.pdf,1.0,2.0,5.0,9.0,13.0,18.0,1.5,21.0,1.0,5.0,13.0,26.0,39.0,53.0,4.416666666666667,21.0,0.0,-3.0,-8.0,-17.0,-26.0,-35.0,-2.916666666666667,30509740.0,2019.0
PMID 30516102 a_Summary_SoE.pdf,2.0,3.0,7.0,12.0,17.0,20.0,1.6666666666666667,21.0,2.0,3.0,7.0,12.0,17.0,20.0,1.6666666666666667,21.0,0.0,0.0,0.0,0.0,0.0,0.0,0.0,30516102.0,2019.0
PMID 30522922 CT_Summary_SoE.pdf,2.0,4.0,8.0,13.0,14.0,15.0,1.25,21.0,2.0,4.0,8.0,13.0,14.0,15.0,1.25,21.0,0.0,0.0,0.0,0.0,0.0,0.0,0.0,30522922.0,2019.0
PMID 30522969 CT_Summary_SoE.pdf,2.0,5.0,7.0,10.0,13.0,17.0,1.4166666666666667,28.0,2.0,5.0,9.0,14.0,15.0,16.0,1.3333333333333333,28.0,0.0,0.0,-2.0,-4.0,-2.0,1.0,0.08333333333333348,30522969.0,2019.0
PMID 30545780 CT_Summary_SoE.pdf,1.0,4.0,7.0,10.0,13.0,17.0,1.4166666666666667,28.0,1.0,4.0,7.0,10.0,13.0,17.0,1.4166666666666667,28.0,0.0,0.0,0.0,0.0,0.0,0.0,0.0,30545780.0,2019.0
PMID 30575484 a_Summary_SoE.pdf,1.0,3.0,5.0,8.0,11.0,15.0,1.25,28.0,1.0,3.0,5.0,8.0,11.0,15.0,1.25,28.0,0.0,0.0,0.0,0.0,0.0,0.0,0.0,30575484.0,2018.0
PMID 30653422 a_Summary_SoE.pdf,2.0,22.0,24.0,38.0,41.0,42.0,3.5,21.0,2.0,22.0,26.0,31.0,33.0,34.0,2.8333333333333335,28.0,0.0,0.0,-2.0,7.0,8.0,8.0,0.6666666666666665,30653422.0,2019.0
PMID 30659987 CT_Summary_SoE.pdf,2.0,3.0,7.0,13.0,20.0,27.0,2.25,14.0,2.0,2.0,5.0,9.0,13.0,18.0,1.5,21.0,0.0,1.0,2.0,4.0,7.0,9.0,0.75,30659987.0,2019.0
PMID 30665869 CT_Summary_SoE.pdf,3.0,3.0,7.0,13.0,21.0,29.0,2.4166666666666665,14.0,3.0,3.0,7.0,13.0,21.0,29.0,2.4166666666666665,14.0,0.0,0.0,0.0,0.0,0.0,0.0,0.0,30665869.0,2019.0
PMID 30707661 a_Summary_SoE.pdf,1.0,6.0,14.0,27.0,40.0,54.0,4.5,21.0,1.0,5.0,12.0,23.0,34.0,46.0,3.8333333333333335,49.0,0.0,1.0,2.0,4.0,6.0,8.0,0.6666666666666665,30707661.0,2019.0
PMID 30763142 a_Summary_SoE.pdf,1.0,3.0,3.0,4.0,5.0,6.0,0.5,112.0,1.0,3.0,3.0,4.0,5.0,6.0,0.5,112.0,0.0,0.0,0.0,0.0,0.0,0.0,0.0,30763142.0,2019.0
PMID 30763730 CT_Summary_SoE.pdf,2.0,3.0,7.0,13.0,20.0,27.0,2.25,28.0,2.0,2.0,4.0,7.0,10.0,14.0,1.1666666666666667,28.0,0.0,1.0,3.0,6.0,10.0,13.0,1.0833333333333333,30763730.0,2019.0
PMID 30777794 a_Summary_SoE.pdf,16.0,5.0,13.0,26.0,39.0,53.0,4.416666666666667,28.0,16.0,3.0,7.0,13.0,19.0,26.0,2.1666666666666665,21.0,0.0,2.0,6.0,13.0,20.0,27.0,2.2500000000000004,30777794.0,2019.0
PMID 30779529 a_Summary_SoE.pdf,1.0,3.0,6.0,10.0,14.0,19.0,1.5833333333333333,21.0,1.0,3.0,6.0,10.0,12.0,14.0,1.1666666666666667,42.0,0.0,0.0,0.0,0.0,2.0,5.0,0.4166666666666665,30779529.0,2019.0
PMID 30786186 a_Summary_SoE.pdf,1.0,1.0,2.0,4.0,4.0,4.0,0.3333333333333333,56.0,1.0,1.0,2.0,4.0,4.0,4.0,0.3333333333333333,56.0,0.0,0.0,0.0,0.0,0.0,0.0,0.0,30786186.0,2019.0
PMID 30811280 a_Summary_SoE.pdf,2.0,2.0,5.0,9.0,14.0,20.0,1.6666666666666667,21.0,2.0,2.0,5.0,9.0,14.0,20.0,1.6666666666666667,21.0,0.0,0.0,0.0,0.0,0.0,0.0,0.0,30811280.0,2019.0
PMID 30817251 CT_Summary_SoE.pdf,1.0,3.0,5.0,8.0,8.0,9.0,0.75,0.0,1.0,3.0,5.0,8.0,8.0,9.0,0.75,0.0,0.0,0.0,0.0,0.0,0.0,0.0,0.0,30817251.0,2019.0
PMID 30819926 a_Summary_SoE.pdf,2.0,4.0,9.0,18.0,26.0,36.0,3.0,42.0,2.0,4.0,9.0,17.0,21.0,26.0,2.1666666666666665,42.0,0.0,0.0,0.0,1.0,5.0,10.0,0.8333333333333335,30819926.0,2019.0
PMID 30897038 a_Summary_SoE.pdf,2.0,5.0,9.0,13.0,16.0,19.0,1.5833333333333333,28.0,2.0,5.0,9.0,13.0,16.0,19.0,1.5833333333333333,28.0,0.0,0.0,0.0,0.0,0.0,0.0,0.0,30897038.0,2019.0
PMID 30901302 a_Summary_SoE.pdf,1.0,5.0,13.0,25.0,26.0,27.0,2.25,21.0,1.0,5.0,13.0,25.0,26.0,27.0,2.25,21.0,0.0,0.0,0.0,0.0,0.0,0.0,0.0,30901302.0,2019.0
PMID 30939090 a_Summary_SoE.pdf,2.0,9.0,27.0,39.0,40.0,41.0,3.4166666666666665,21.0,2.0,2.0,6.5,9.5,10.5,11.5,0.9583333333333334,21.0,0.0,7.0,20.5,29.5,29.5,29.5,2.458333333333333,30939090.0,2019.0
PMID 30955977 a_Summary_SoE.pdf,1.0,2.0,5.0,9.0,13.0,18.0,1.5,21.0,1.0,2.0,5.0,9.0,13.0,18.0,1.5,21.0,0.0,0.0,0.0,0.0,0.0,0.0,0.0,30955977.0,2019.0
PMID 30990550 a_Summary_SoE.pdf,1.0,2.0,2.0,2.0,2.0,2.0,0.16666666666666666,1.0,1.0,2.0,2.0,2.0,2.0,2.0,0.16666666666666666,1.0,0.0,0.0,0.0,0.0,0.0,0.0,0.0,30990550.0,2019.0
PMID 30995174 a_Summary_SoE.pdf,2.0,6.0,13.0,14.0,15.0,16.0,1.3333333333333333,21.0,2.0,20.0,29.0,30.0,31.0,32.0,2.6666666666666665,7.0,0.0,-14.0,-16.0,-16.0,-16.0,-16.0,-1.3333333333333333,30995174.0,2019.0
PMID 30995176 CT a_Summary_SoE.pdf,1.0,3.0,7.0,10.0,12.0,14.0,1.1666666666666667,7.0,1.0,3.0,7.0,10.0,12.0,14.0,1.1666666666666667,7.0,0.0,0.0,0.0,0.0,0.0,0.0,0.0,30995176.0,2019.0
PMID 31002578 a_Summary_SoE.pdf,2.0,5.0,13.0,21.0,25.0,30.0,2.5,21.0,2.0,5.0,13.0,21.0,25.0,30.0,2.5,21.0,0.0,0.0,0.0,0.0,0.0,0.0,0.0,31002578.0,2019.0
PMID 31003911 CT_Summary_SoE.pdf,1.0,3.0,6.0,10.0,14.0,19.0,1.5833333333333333,21.0,1.0,5.0,9.0,12.0,15.0,19.0,1.5833333333333333,28.0,0.0,-2.0,-3.0,-2.0,-1.0,0.0,0.0,31003911.0,2019.0
PMID 31070709 CT_Summary_SoE.pdf,1.0,3.0,5.0,8.0,9.0,11.0,0.9166666666666666,28.0,1.0,3.0,5.0,8.0,9.0,11.0,0.9166666666666666,28.0,0.0,0.0,0.0,0.0,0.0,0.0,0.0,31070709.0,2019.0
PMID 31079938 CT_Summary_SoE.pdf,2.0,2.0,5.0,9.0,13.0,18.0,1.5,42.0,2.0,2.0,5.0,9.0,13.0,18.0,1.5,42.0,0.0,0.0,0.0,0.0,0.0,0.0,0.0,31079938.0,2019.0
PMID 31091374 a_Summary_SoE.pdf,2.0,4.0,7.0,10.0,13.0,17.0,1.4166666666666667,28.0,2.0,4.0,7.0,10.0,13.0,17.0,1.4166666666666667,28.0,0.0,0.0,0.0,0.0,0.0,0.0,0.0,31091374.0,2019.0
PMID 31097405 a_Summary_SoE.pdf,2.0,7.0,18.0,34.0,42.0,52.0,4.333333333333333,21.0,2.0,7.0,18.0,34.0,42.0,52.0,4.333333333333333,21.0,0.0,0.0,0.0,0.0,0.0,0.0,0.0,31097405.0,2019.0
PMID 31122901 CT_Summary_SoE.pdf,2.0,5.0,13.0,21.0,25.0,30.0,2.5,21.0,2.0,5.0,13.0,21.0,25.0,30.0,2.5,21.0,0.0,0.0,0.0,0.0,0.0,0.0,0.0,31122901.0,2019.0
PMID 31141632 a_Summary_SoE.pdf,1.0,5.0,11.0,17.0,20.0,24.0,2.0,28.0,1.0,5.0,11.0,17.0,20.0,24.0,2.0,28.0,0.0,0.0,0.0,0.0,0.0,0.0,0.0,31141632.0,2019.0
PMID 31150574 a_Summary_SoE.pdf,2.0,2.0,4.0,7.0,10.0,13.0,1.0833333333333333,28.0,2.0,2.0,4.0,7.0,10.0,13.0,1.0833333333333333,28.0,0.0,0.0,0.0,0.0,0.0,0.0,0.0,31150574.0,2019.0
PMID 31157963 a_Summary_SoE.pdf,2.0,5.0,7.0,10.0,13.0,17.0,1.4166666666666667,28.0,2.0,5.0,7.0,10.0,13.0,17.0,1.4166666666666667,28.0,0.0,0.0,0.0,0.0,0.0,0.0,0.0,31157963.0,2019.0
PMID 31166681 a_Summary_SoE.pdf,1.0,6.0,16.0,19.0,22.0,25.0,2.0833333333333335,28.0,1.0,4.0,9.0,15.0,21.0,27.0,2.25,28.0,0.0,2.0,7.0,4.0,1.0,-2.0,-0.16666666666666652,31166681.0,2019.0
PMID 31175001 CT_Summary_SoE.pdf,1.0,6.0,9.0,12.0,15.0,19.0,1.5833333333333333,28.0,1.0,13.0,38.0,72.0,102.0,133.0,11.083333333333334,28.0,0.0,-7.0,-29.0,-60.0,-87.0,-114.0,-9.5,31175001.0,2019.0
PMID 31189035 a_Summary_SoE.pdf,2.0,22.0,26.0,31.0,32.0,33.0,2.75,21.0,2.0,2.0,5.0,7.0,8.0,9.0,0.75,21.0,0.0,20.0,21.0,24.0,24.0,24.0,2.0,31189035.0,2019.0
PMID 31194247 a_Summary_SoE.pdf,1.0,4.0,6.0,9.0,12.0,16.0,1.3333333333333333,28.0,1.0,4.0,6.0,9.0,12.0,16.0,1.3333333333333333,28.0,0.0,0.0,0.0,0.0,0.0,0.0,0.0,31194247.0,2019.0
PMID 31221619 a_Summary_SoE.pdf,1.0,2.0,5.0,9.0,13.0,18.0,1.5,21.0,1.0,2.0,5.0,9.0,13.0,18.0,1.5,21.0,0.0,0.0,0.0,0.0,0.0,0.0,0.0,31221619.0,2019.0
PMID 31240472 CT_Summary_SoE.pdf,2.0,5.0,13.0,26.0,39.0,53.0,4.416666666666667,28.0,2.0,5.0,13.0,26.0,39.0,53.0,4.416666666666667,28.0,0.0,0.0,0.0,0.0,0.0,0.0,0.0,31240472.0,2019.0
PMID 31246522 CT_Summary_SoE.pdf,2.0,9.0,22.0,27.0,28.0,29.0,2.4166666666666665,29.0,2.0,10.0,23.0,28.0,29.0,30.0,2.5,29.0,0.0,-1.0,-1.0,-1.0,-1.0,-1.0,-0.08333333333333348,31246522.0,2019.0
PMID 31248843 CT_Summary_SoE.pdf,2.0,18.0,44.0,47.0,50.0,53.0,4.416666666666667,0.0,2.0,18.0,44.0,47.0,50.0,53.0,4.416666666666667,0.0,0.0,0.0,0.0,0.0,0.0,0.0,0.0,31248843.0,2019.0
PMID 31327687 CT_Summary_SoE.pdf,1.0,3.0,7.0,13.0,19.0,27.0,2.25,28.0,1.0,2.0,4.0,7.0,10.0,14.0,1.1666666666666667,28.0,0.0,1.0,3.0,6.0,9.0,13.0,1.0833333333333333,31327687.0,2019.0
PMID 31327689 a_Summary_SoE.pdf,2.0,3.0,7.0,13.0,19.0,27.0,2.25,28.0,2.0,2.0,4.0,7.0,10.0,14.0,1.1666666666666667,28.0,0.0,1.0,3.0,6.0,9.0,13.0,1.0833333333333333,31327689.0,2019.0
PMID 31329516 a_Summary_SoE.pdf,1.0,2.0,3.0,4.0,5.0,6.0,0.5,84.0,1.0,2.0,3.0,4.0,5.0,6.0,0.5,84.0,0.0,0.0,0.0,0.0,0.0,0.0,0.0,31329516.0,2019.0
PMID 31338773 CT_Summary_SoE.pdf,1.0,2.0,5.0,9.0,13.0,18.0,1.5,21.0,1.0,2.0,5.0,9.0,13.0,18.0,1.5,21.0,0.0,0.0,0.0,0.0,0.0,0.0,0.0,31338773.0,2019.0
PMID 31345387 CT_Summary_SoE.pdf,2.0,6.0,26.0,41.0,42.0,43.0,3.5833333333333335,21.0,2.0,6.0,26.0,46.0,47.0,48.0,4.0,21.0,0.0,0.0,0.0,-5.0,-5.0,-5.0,-0.4166666666666665,31345387.0,2019.0
PMID 31361535 a_Summary_SoE.pdf,2.0,2.0,6.0,10.0,14.0,19.0,1.5833333333333333,21.0,2.0,2.0,6.0,10.0,14.0,19.0,1.5833333333333333,21.0,0.0,0.0,0.0,0.0,0.0,0.0,0.0,31361535.0,2019.0
PMID 31365801 a_Summary_SoE.pdf,1.0,3.0,5.0,8.0,9.0,10.0,0.8333333333333334,28.0,1.0,5.0,12.0,19.0,20.0,21.0,1.75,28.0,0.0,-2.0,-7.0,-11.0,-11.0,-11.0,-0.9166666666666666,31365801.0,2019.0
PMID 31371228 CT_Summary_SoE.pdf,1.0,3.0,7.0,12.0,12.0,13.0,1.0833333333333333,21.0,1.0,1.0,5.0,10.0,11.0,12.0,1.0,21.0,0.0,2.0,2.0,2.0,1.0,1.0,0.08333333333333326,31371228.0,2019.0
PMID 31399378 CT_Summary_SoE.pdf,1.0,1.0,3.0,5.0,5.0,5.0,0.4166666666666667,30.0,1.0,1.0,3.0,5.0,5.0,5.0,0.4166666666666667,30.0,0.0,0.0,0.0,0.0,0.0,0.0,0.0,31399378.0,2019.0
PMID 31454045 a_Summary_SoE.pdf,3.0,17.0,43.0,68.0,89.0,93.0,7.75,21.0,,,,,,,,,,,,,,,,31454045.0,2019.0
PMID 31486832 a_Summary_SoE.pdf,2.0,2.0,5.0,9.0,13.0,18.0,1.5,21.0,2.0,2.0,5.0,9.0,13.0,18.0,1.5,21.0,0.0,0.0,0.0,0.0,0.0,0.0,0.0,31486832.0,2019.0
PMID 31562799 a_Summary_SoE.pdf,2.0,5.0,7.0,10.0,13.0,17.0,1.4166666666666667,28.0,2.0,5.0,7.0,10.0,13.0,17.0,1.4166666666666667,28.0,0.0,0.0,0.0,0.0,0.0,0.0,0.0,31562799.0,2019.0
PMID 31566309 a_Summary_SoE.pdf,2.0,5.0,13.0,26.0,39.0,53.0,4.416666666666667,28.0,2.0,5.0,13.0,26.0,39.0,53.0,4.416666666666667,28.0,0.0,0.0,0.0,0.0,0.0,0.0,0.0,31566309.0,2019.0
PMID 31582355 a_Summary_SoE.pdf,1.0,4.0,8.0,14.0,21.0,28.0,2.3333333333333335,42.0,1.0,3.0,6.0,10.0,14.0,19.0,1.5833333333333333,21.0,0.0,1.0,2.0,4.0,7.0,9.0,0.7500000000000002,31582355.0,2019.0
PMID 31590988 a_Summary_SoE.pdf,1.0,2.0,5.0,8.0,11.0,15.0,1.25,21.0,1.0,2.0,5.0,7.0,8.0,9.0,0.75,21.0,0.0,0.0,0.0,1.0,3.0,6.0,0.5,31590988.0,2019.0
PMID 31591063 CT a_Summary_SoE.pdf,2.0,3.0,7.0,13.0,20.0,27.0,2.25,14.0,2.0,3.0,7.0,13.0,20.0,27.0,2.25,14.0,0.0,0.0,0.0,0.0,0.0,0.0,0.0,31591063.0,2019.0
PMID 31618129 a_Summary_SoE.pdf,2.0,2.0,5.0,9.0,13.0,18.0,1.5,21.0,2.0,2.0,5.0,7.0,9.0,10.0,0.8333333333333334,21.0,0.0,0.0,0.0,2.0,4.0,8.0,0.6666666666666666,31618129.0,2019.0
PMID 31629060 a_Summary_SoE.pdf,1.0,2.0,5.0,9.0,13.0,18.0,1.5,21.0,1.0,2.0,5.0,9.0,13.0,18.0,1.5,21.0,0.0,0.0,0.0,0.0,0.0,0.0,0.0,31629060.0,2020.0
PMID 31645288 CT_Summary_SoE.pdf,1.0,2.0,2.0,2.0,2.0,3.0,0.25,0.0,1.0,2.0,2.0,2.0,2.0,3.0,0.25,0.0,0.0,0.0,0.0,0.0,0.0,0.0,0.0,31645288.0,2019.0
PMID 31647503 a_Summary_SoE.pdf,2.0,3.0,8.0,13.0,17.0,22.0,1.8333333333333333,21.0,2.0,3.0,8.0,13.0,17.0,22.0,1.8333333333333333,21.0,0.0,0.0,0.0,0.0,0.0,0.0,0.0,31647503.0,2020.0
PMID 31665578 a_Summary_SoE.pdf,1.0,5.0,8.0,11.0,14.0,19.0,1.5833333333333333,28.0,1.0,13.0,38.0,72.0,102.0,133.0,11.083333333333334,28.0,0.0,-8.0,-30.0,-61.0,-88.0,-114.0,-9.5,31665578.0,2019.0
PMID 31679945 a_Summary_SoE.pdf,1.0,2.0,5.0,9.0,13.0,18.0,1.5,21.0,1.0,5.0,13.0,26.0,39.0,53.0,4.416666666666667,21.0,0.0,-3.0,-8.0,-17.0,-26.0,-35.0,-2.916666666666667,31679945.0,2019.0
PMID 31688884 a_Summary_SoE.pdf,1.0,22.0,64.0,106.0,106.0,106.0,8.833333333333334,28.0,1.0,9.0,25.0,34.0,35.0,36.0,3.0,28.0,0.0,13.0,39.0,72.0,71.0,70.0,5.833333333333334,31688884.0,2019.0
PMID 31693129 CT_Summary_SoE.pdf,1.0,1.0,3.0,6.0,7.0,8.0,0.6666666666666666,30.0,1.0,1.0,3.0,6.0,7.0,8.0,0.6666666666666666,30.0,0.0,0.0,0.0,0.0,0.0,0.0,0.0,31693129.0,2020.0
PMID 31725692 CT_Summary_SoE.pdf,1.0,2.0,2.0,2.0,2.0,2.0,0.16666666666666666,0.0,1.0,2.0,2.0,2.0,2.0,2.0,0.16666666666666666,0.0,0.0,0.0,0.0,0.0,0.0,0.0,0.0,31725692.0,2020.0
PMID 31735560 CT_Summary_SoE.pdf,1.0,5.0,9.0,15.0,22.0,29.0,2.4166666666666665,28.0,1.0,5.0,9.0,15.0,22.0,29.0,2.4166666666666665,28.0,0.0,0.0,0.0,0.0,0.0,0.0,0.0,31735560.0,2019.0
PMID 31800611 a_Summary_SoE.pdf,1.0,2.0,2.0,2.0,2.0,3.0,0.25,0.0,1.0,2.0,2.0,2.0,2.0,3.0,0.25,0.0,0.0,0.0,0.0,0.0,0.0,0.0,0.0,31800611.0,2019.0
PMID 31806543 CT_Summary_SoE.pdf,3.0,2.0,4.0,7.0,8.0,9.0,0.75,28.0,3.0,2.0,4.0,7.0,8.0,9.0,0.75,28.0,0.0,0.0,0.0,0.0,0.0,0.0,0.0,31806543.0,2020.0
PMID 31810797 CT_Summary_SoE.pdf,1.0,3.0,5.0,8.0,11.0,15.0,1.25,28.0,1.0,3.0,5.0,8.0,11.0,15.0,1.25,28.0,0.0,0.0,0.0,0.0,0.0,0.0,0.0,31810797.0,2020.0
PMID 31820339 CT_Summary_SoE.pdf,1.0,5.0,5.0,6.0,7.0,9.0,0.75,7.0,1.0,5.0,5.0,6.0,7.0,9.0,0.75,7.0,0.0,0.0,0.0,0.0,0.0,0.0,0.0,31820339.0,2020.0
PMID 31821109 a_Summary_SoE.pdf,2.0,3.0,8.0,18.0,22.0,28.0,2.3333333333333335,21.0,2.0,3.0,8.0,17.0,17.0,18.0,1.5,14.0,0.0,0.0,0.0,1.0,5.0,10.0,0.8333333333333335,31821109.0,2020.0
PMID 31924332 CT_Summary_SoE.pdf,1.0,6.0,14.0,27.0,40.0,54.0,4.5,21.0,1.0,5.0,13.0,26.0,39.0,53.0,4.416666666666667,28.0,0.0,1.0,1.0,1.0,1.0,1.0,0.08333333333333304,31924332.0,2020.0
PMID 31935026 a_Summary_SoE.pdf,1.0,0.0,1.0,2.0,3.0,4.0,0.3333333333333333,0.0,1.0,0.0,1.0,2.0,3.0,4.0,0.3333333333333333,0.0,0.0,0.0,0.0,0.0,0.0,0.0,0.0,31935026.0,2020.0
PMID 32010577 a_Summary_SoE.pdf,1.0,2.0,5.0,9.0,13.0,18.0,1.5,21.0,1.0,2.0,5.0,9.0,13.0,18.0,1.5,21.0,0.0,0.0,0.0,0.0,0.0,0.0,0.0,32010577.0,2019.0
PMID 32031887 CT_Summary_SoE.pdf,1.0,1.0,4.0,7.0,10.0,14.0,1.1666666666666667,28.0,1.0,0.0,2.0,3.0,3.0,3.0,0.25,14.0,0.0,1.0,2.0,4.0,7.0,11.0,0.9166666666666667,32031887.0,2020.0
PMID 32058845 a_Summary_SoE.pdf,2.0,10.0,11.0,13.0,13.0,14.0,1.1666666666666667,0.0,2.0,10.0,11.0,13.0,13.0,14.0,1.1666666666666667,0.0,0.0,0.0,0.0,0.0,0.0,0.0,0.0,32058845.0,2020.0
PMID 32073956 a_Summary_SoE.pdf,1.0,5.0,7.0,10.0,13.0,17.0,1.4166666666666667,28.0,1.0,5.0,13.0,26.0,39.0,53.0,4.416666666666667,28.0,0.0,0.0,-6.0,-16.0,-26.0,-36.0,-3.0,32073956.0,2020.0
PMID 32145827 a_Summary_SoE.pdf,1.0,3.0,7.0,13.0,13.0,14.0,1.1666666666666667,14.0,1.0,3.0,7.0,13.0,13.0,14.0,1.1666666666666667,14.0,0.0,0.0,0.0,0.0,0.0,0.0,0.0,32145827.0,2020.0
PMID 32201234 a_Summary_SoE.pdf,1.0,2.0,4.0,7.0,9.0,11.0,0.9166666666666666,28.0,1.0,5.0,13.0,26.0,39.0,52.0,4.333333333333333,28.0,0.0,-3.0,-9.0,-19.0,-30.0,-41.0,-3.4166666666666665,32201234.0,2020.0
PMID 32213342 a_Summary_SoE.pdf,2.0,6.0,13.0,19.0,22.0,26.0,2.1666666666666665,28.0,2.0,5.0,11.0,17.0,20.0,24.0,2.0,28.0,0.0,1.0,2.0,2.0,2.0,2.0,0.16666666666666652,32213342.0,2020.0
PMID 32259228 a_Summary_SoE.pdf,2.0,4.0,9.0,18.0,26.0,36.0,3.0,21.0,2.0,4.0,9.0,18.0,26.0,36.0,3.0,21.0,0.0,0.0,0.0,0.0,0.0,0.0,0.0,32259228.0,2020.0
PMID 32271377 a_Summary_SoE.pdf,1.0,2.0,5.0,9.0,13.0,17.0,1.4166666666666667,28.0,1.0,2.0,5.0,9.0,13.0,18.0,1.5,21.0,0.0,0.0,0.0,0.0,0.0,-1.0,-0.08333333333333326,32271377.0,2020.0
PMID 32294530 CT_Summary_SoE.pdf,2.0,3.0,7.0,13.0,20.0,27.0,2.25,14.0,2.0,5.0,13.0,26.0,39.0,53.0,4.416666666666667,7.0,0.0,-2.0,-6.0,-13.0,-19.0,-26.0,-2.166666666666667,32294530.0,2020.0
PMID 32302702 CT_Summary_SoE.pdf,1.0,2.0,5.0,9.0,13.0,18.0,1.5,21.0,1.0,5.0,13.0,16.0,18.0,20.0,1.6666666666666667,21.0,0.0,-3.0,-8.0,-7.0,-5.0,-2.0,-0.16666666666666674,32302702.0,2020.0
PMID 32305093 a_Summary_SoE.pdf,0.0,0.0,0.0,0.0,0.0,0.0,0.0,28.0,0.0,0.0,0.0,0.0,0.0,0.0,0.0,28.0,0.0,0.0,0.0,0.0,0.0,0.0,0.0,32305093.0,2020.0
PMID 32343890 a_Summary_SoE.pdf,2.0,2.0,4.0,7.0,8.0,10.0,0.8333333333333334,28.0,2.0,2.0,4.0,7.0,8.0,10.0,0.8333333333333334,28.0,0.0,0.0,0.0,0.0,0.0,0.0,0.0,32343890.0,2020.0
PMID 32372176 CT_Summary_SoE.pdf,2.0,1.0,2.0,3.0,3.0,3.0,0.25,90.0,2.0,1.0,2.0,3.0,3.0,3.0,0.25,90.0,0.0,0.0,0.0,0.0,0.0,0.0,0.0,32372176.0,2021.0
PMID 32379269 a_Summary_SoE.pdf,1.0,2.0,2.0,2.0,2.0,2.0,0.16666666666666666,0.0,1.0,2.0,2.0,2.0,2.0,2.0,0.16666666666666666,0.0,0.0,0.0,0.0,0.0,0.0,0.0,0.0,32379269.0,2020.0
PMID 32402160 a_Summary_SoE.pdf,2.0,2.0,5.0,9.0,13.0,18.0,1.5,21.0,2.0,2.0,5.0,9.0,13.0,18.0,1.5,21.0,0.0,0.0,0.0,0.0,0.0,0.0,0.0,32402160.0,2020.0
PMID 32416072 CT a_Summary_SoE.pdf,2.0,3.0,7.0,11.0,15.0,20.0,1.6666666666666667,28.0,2.0,3.0,7.0,11.0,15.0,20.0,1.6666666666666667,28.0,0.0,0.0,0.0,0.0,0.0,0.0,0.0,32416072.0,2020.0
PMID 32416073 CT_Summary_SoE.pdf,2.0,3.0,7.0,13.0,20.0,27.0,2.25,14.0,2.0,2.0,5.0,9.0,13.0,18.0,1.5,21.0,0.0,1.0,2.0,4.0,7.0,9.0,0.75,32416073.0,2020.0
PMID 32416780 a_Summary_SoE.pdf,2.0,2.0,5.0,9.0,13.0,18.0,1.5,21.0,2.0,5.0,11.0,20.0,28.0,38.0,3.1666666666666665,21.0,0.0,-3.0,-6.0,-11.0,-15.0,-20.0,-1.6666666666666665,32416780.0,2020.0
PMID 32437507 a_Summary_SoE.pdf,2.0,2.0,5.0,11.0,18.0,25.0,2.0833333333333335,21.0,2.0,3.0,7.0,13.0,20.0,27.0,2.25,14.0,0.0,-1.0,-2.0,-2.0,-2.0,-2.0,-0.16666666666666652,32437507.0,2020.0
PMID 32459600 a_Summary_SoE.pdf,1.0,4.0,8.0,14.0,15.0,16.0,1.3333333333333333,28.0,1.0,6.0,10.0,14.0,15.0,16.0,1.3333333333333333,28.0,0.0,-2.0,-2.0,0.0,0.0,0.0,0.0,32459600.0,2020.0
PMID 32460997 CT_Summary_SoE.pdf,1.0,12.0,35.0,65.0,68.0,71.0,5.916666666666667,14.0,1.0,3.0,7.0,13.0,16.0,19.0,1.5833333333333333,14.0,0.0,9.0,28.0,52.0,52.0,52.0,4.333333333333334,32460997.0,2020.0
PMID 32469183 a_Summary_SoE.pdf,1.0,6.0,8.0,11.0,14.0,17.0,1.4166666666666667,28.0,1.0,6.0,8.0,11.0,14.0,17.0,1.4166666666666667,84.0,0.0,0.0,0.0,0.0,0.0,0.0,0.0,32469183.0,2020.0
PMID 32469384 a_Summary_SoE.pdf,2.0,5.0,13.0,15.0,17.0,19.0,1.5833333333333333,42.0,2.0,5.0,13.0,15.0,17.0,19.0,1.5833333333333333,42.0,0.0,0.0,0.0,0.0,0.0,0.0,0.0,32469384.0,2020.0
PMID 32496902 a_Summary_SoE.pdf,1.0,7.0,24.0,43.0,62.0,76.0,6.333333333333333,84.0,1.0,7.0,18.0,41.0,62.0,76.0,6.333333333333333,84.0,0.0,0.0,6.0,2.0,0.0,0.0,0.0,32496902.0,2020.0
PMID 32534646 CT_Summary_SoE.pdf,2.0,4.0,12.0,18.0,25.0,32.0,2.6666666666666665,28.0,2.0,4.0,12.0,18.0,25.0,32.0,2.6666666666666665,28.0,0.0,0.0,0.0,0.0,0.0,0.0,0.0,32534646.0,2020.0
PMID 32564260 CT_Summary_SoE.pdf,2.0,2.0,5.0,9.0,13.0,18.0,1.5,21.0,2.0,2.0,5.0,9.0,13.0,18.0,1.5,21.0,0.0,0.0,0.0,0.0,0.0,0.0,0.0,32564260.0,2020.0
PMID 32678716 CT_Summary_SoE.pdf,2.0,4.0,7.0,11.0,15.0,20.0,1.6666666666666667,21.0,2.0,4.0,7.0,11.0,15.0,20.0,1.6666666666666667,21.0,0.0,0.0,0.0,0.0,0.0,0.0,0.0,32678716.0,2020.0
PMID 32682457 a_Summary_SoE.pdf,3.0,3.0,7.0,13.0,20.0,27.0,2.25,14.0,3.0,3.0,9.0,18.0,26.0,36.0,3.0,35.0,0.0,0.0,-2.0,-5.0,-6.0,-9.0,-0.75,32682457.0,2020.0
PMID 32682484 a_Summary_SoE.pdf,2.0,9.0,22.0,42.0,62.0,81.0,6.75,28.0,2.0,8.0,20.0,40.0,60.0,79.0,6.583333333333333,28.0,0.0,1.0,2.0,2.0,2.0,2.0,0.16666666666666696,32682484.0,2020.0
PMID 32706639 a_Summary_SoE.pdf,2.0,2.0,5.0,9.0,10.0,11.0,0.9166666666666666,21.0,2.0,2.0,3.0,4.0,5.0,6.0,0.5,0.0,0.0,0.0,2.0,5.0,5.0,5.0,0.41666666666666663,32706639.0,2020.0
PMID 32786187 a_Summary_SoE.pdf,1.0,13.0,31.0,54.0,76.0,100.0,8.333333333333334,28.0,1.0,13.0,31.0,54.0,76.0,100.0,8.333333333333334,28.0,0.0,0.0,0.0,0.0,0.0,0.0,0.0,32786187.0,2020.0
PMID 32813610 a_Summary_SoE.pdf,1.0,5.0,13.0,40.0,49.0,52.0,4.333333333333333,84.0,1.0,5.0,13.0,33.0,48.0,51.0,4.25,84.0,0.0,0.0,0.0,7.0,1.0,1.0,0.08333333333333304,32813610.0,2020.0
PMID 32822286 a_Summary_SoE.pdf,4.0,3.0,6.0,9.0,12.0,16.0,1.3333333333333333,28.0,4.0,5.0,9.0,12.0,15.0,19.0,1.5833333333333333,28.0,0.0,-2.0,-3.0,-3.0,-3.0,-3.0,-0.25,32822286.0,2020.0
PMID 32861273 CT_Summary_SoE.pdf,2.0,5.0,13.0,26.0,39.0,53.0,4.416666666666667,21.0,2.0,5.0,13.0,26.0,39.0,53.0,4.416666666666667,21.0,0.0,0.0,0.0,0.0,0.0,0.0,0.0,32861273.0,2020.0
PMID 32880601a_Summary_SoE.pdf,2.0,2.0,5.0,9.0,13.0,18.0,1.5,21.0,2.0,4.0,10.0,18.0,26.0,36.0,3.0,21.0,0.0,-2.0,-5.0,-9.0,-13.0,-18.0,-1.5,32880601.0,2020.0
PMID 32945632 a_Summary_SoE.pdf,1.0,3.0,7.0,13.0,20.0,27.0,2.25,28.0,1.0,2.0,4.0,7.0,10.0,14.0,1.1666666666666667,28.0,0.0,1.0,3.0,6.0,10.0,13.0,1.0833333333333333,32945632.0,2020.0
PMID 32954927a_Summary_SoE.pdf,3.0,3.0,6.0,9.0,10.0,11.0,0.9166666666666666,30.0,3.0,3.0,6.0,9.0,10.0,11.0,0.9166666666666666,30.0,0.0,0.0,0.0,0.0,0.0,0.0,0.0,32954927.0,2020.0
PMID 32971005 CT_Summary_SoE.pdf,1.0,2.0,4.0,7.0,10.0,13.0,1.0833333333333333,28.0,1.0,4.0,10.0,16.0,19.0,23.0,1.9166666666666667,21.0,0.0,-2.0,-6.0,-9.0,-9.0,-10.0,-0.8333333333333335,32971005.0,2020.0
PMID 32997907 a_Summary_SoE.pdf,2.0,2.0,5.0,9.0,13.0,18.0,1.5,21.0,2.0,4.0,10.0,14.0,16.0,18.0,1.5,21.0,0.0,-2.0,-5.0,-5.0,-3.0,0.0,0.0,32997907.0,2020.0
PMID 33010094 CT_Summary_SoE.pdf,1.0,0.0,1.0,3.0,4.0,6.0,0.5,60.0,1.0,0.0,1.0,3.0,4.0,6.0,0.5,60.0,0.0,0.0,0.0,0.0,0.0,0.0,0.0,33010094.0,2020.0
PMID 33021870 a_Summary_SoE.pdf,1.0,4.0,7.0,11.0,14.0,18.0,1.5,28.0,1.0,4.0,7.0,11.0,14.0,18.0,1.5,28.0,0.0,0.0,0.0,0.0,0.0,0.0,0.0,33021870.0,2020.0
PMID 33026938 CT_Summary_SoE.pdf,1.0,2.0,5.0,9.0,13.0,18.0,1.5,21.0,1.0,2.0,5.0,9.0,13.0,18.0,1.5,21.0,0.0,0.0,0.0,0.0,0.0,0.0,0.0,33026938.0,2020.0
PMID 33044684 CT_Summary_SoE.pdf,1.0,4.0,5.0,6.0,7.0,7.0,0.5833333333333334,7.0,1.0,4.0,5.0,6.0,7.0,7.0,0.5833333333333334,7.0,0.0,0.0,0.0,0.0,0.0,0.0,0.0,33044684.0,2020.0
PMID 33078978 a_Summary_SoE.pdf,2.0,9.0,23.0,35.0,37.0,38.0,3.1666666666666665,21.0,2.0,5.0,13.0,21.5,23.0,24.0,2.0,21.0,0.0,4.0,10.0,13.5,14.0,14.0,1.1666666666666665,33078978.0,2020.0
PMID 33129376 a_Summary_SoE.pdf,2.0,7.0,18.0,34.0,44.0,56.0,4.666666666666667,21.0,2.0,7.0,18.0,34.0,44.0,56.0,4.666666666666667,21.0,0.0,0.0,0.0,0.0,0.0,0.0,0.0,33129376.0,2020.0
PMID 33186740 a_Summary_SoE.pdf,0.0,0.0,0.0,0.0,0.0,0.0,0.0,28.0,0.0,0.0,0.0,0.0,0.0,0.0,0.0,28.0,0.0,0.0,0.0,0.0,0.0,0.0,0.0,33186740.0,2021.0
PMID 33189178 a_Summary_SoE.pdf,2.0,6.0,14.0,25.0,36.0,47.0,3.9166666666666665,35.0,2.0,9.0,20.0,36.0,47.0,59.0,4.916666666666667,21.0,0.0,-3.0,-6.0,-11.0,-11.0,-12.0,-1.0000000000000004,33189178.0,2020.0
PMID 33194700 CT a_Summary_SoE.pdf,2.0,2.0,4.0,7.0,10.0,14.0,1.1666666666666667,28.0,2.0,2.0,4.0,7.0,10.0,14.0,1.1666666666666667,28.0,0.0,0.0,0.0,0.0,0.0,0.0,0.0,33194700.0,2020.0
PMID 33197226 a_Summary_SoE.pdf,2.0,3.0,7.0,14.0,20.0,27.0,2.25,14.0,2.0,3.0,7.0,12.0,16.0,20.0,1.6666666666666667,21.0,0.0,0.0,0.0,2.0,4.0,7.0,0.5833333333333333,33197226.0,2021.0
PMID 33207094 a_Summary_SoE.pdf,1.0,4.0,6.0,9.0,12.0,16.0,1.3333333333333333,28.0,1.0,4.0,6.0,9.0,12.0,16.0,1.3333333333333333,28.0,0.0,0.0,0.0,0.0,0.0,0.0,0.0,33207094.0,2020.0
PMID 33231285 a_Summary_SoE.pdf,1.0,2.0,5.0,9.0,13.0,18.0,1.5,21.0,1.0,2.0,5.0,9.0,13.0,18.0,1.5,21.0,0.0,0.0,0.0,0.0,0.0,0.0,0.0,33231285.0,2021.0
PMID 33278935 a_Summary_SoE.pdf,2.0,4.0,10.0,21.0,30.0,42.0,3.5,28.0,2.0,4.0,10.0,21.0,30.0,42.0,3.5,28.0,0.0,0.0,0.0,0.0,0.0,0.0,0.0,33278935.0,2020.0
PMID 33357420 CT_Summary_SoE.pdf,2.0,2.0,6.0,15.0,23.0,28.0,2.3333333333333335,21.0,2.0,2.0,6.0,15.0,23.0,28.0,2.3333333333333335,21.0,0.0,0.0,0.0,0.0,0.0,0.0,0.0,33357420.0,2021.0
PMID 33369355 a_Summary_SoE.pdf,1.0,5.0,11.0,17.0,24.0,31.0,2.5833333333333335,28.0,1.0,5.0,11.0,17.0,24.0,31.0,2.5833333333333335,28.0,0.0,0.0,0.0,0.0,0.0,0.0,0.0,33369355.0,2020.0
PMID 33476593 a_Summary_SoE.pdf,2.0,2.0,5.0,9.0,13.0,18.0,1.5,21.0,2.0,2.0,5.0,9.0,13.0,18.0,1.5,21.0,0.0,0.0,0.0,0.0,0.0,0.0,0.0,33476593.0,2021.0
PMID 33480963 a_Summary_SoE.pdf,2.0,4.0,9.0,18.0,26.0,36.0,3.0,21.0,2.0,4.0,9.0,18.0,26.0,36.0,3.0,21.0,0.0,0.0,0.0,0.0,0.0,0.0,0.0,33480963.0,2021.0
PMID 33485464 a_Summary_SoE.pdf,2.0,3.0,7.0,13.0,20.0,27.0,2.25,42.0,2.0,2.0,5.0,9.0,12.0,15.0,1.25,21.0,0.0,1.0,2.0,4.0,8.0,12.0,1.0,33485464.0,2021.0
PMID 33513313 a_Summary_SoE.pdf,1.0,2.0,8.0,12.0,16.0,21.0,1.75,21.0,1.0,2.0,8.0,12.0,16.0,21.0,1.75,21.0,0.0,0.0,0.0,0.0,0.0,0.0,0.0,33513313.0,2021.0
PMID 33539945 CT_Summary_SoE.pdf,1.0,4.0,10.0,20.0,30.0,40.0,3.3333333333333335,28.0,1.0,4.0,10.0,20.0,30.0,40.0,3.3333333333333335,28.0,0.0,0.0,0.0,0.0,0.0,0.0,0.0,33539945.0,2021.0
PMID 33555926 a_Summary_SoE.pdf,1.0,5.0,10.0,16.0,20.0,24.0,2.0,14.0,1.0,5.0,9.0,15.0,17.0,17.0,1.4166666666666667,14.0,0.0,0.0,1.0,1.0,3.0,7.0,0.5833333333333333,33555926.0,2021.0
PMID 33577358 a_Summary_SoE.pdf,1.0,4.0,9.0,15.0,22.0,29.0,2.4166666666666665,28.0,1.0,4.0,9.0,15.0,22.0,29.0,2.4166666666666665,28.0,0.0,0.0,0.0,0.0,0.0,0.0,0.0,33577358.0,2021.0
PMID 33577729 a_Summary_SoE.pdf,2.0,4.0,10.0,20.0,30.0,40.0,3.3333333333333335,28.0,2.0,2.0,6.0,10.0,15.0,20.0,1.6666666666666667,21.0,0.0,2.0,4.0,10.0,15.0,20.0,1.6666666666666667,33577729.0,2021.0
PMID 33616314 a_Summary_SoE.pdf,2.0,3.0,8.0,14.0,19.0,26.0,2.1666666666666665,21.0,2.0,3.0,8.0,14.0,19.0,26.0,2.1666666666666665,21.0,0.0,0.0,0.0,0.0,0.0,0.0,0.0,33616314.0,2021.0
PMID 33621109 a_Summary_SoE.pdf,2.0,5.0,12.0,16.0,17.0,18.0,1.5,21.0,2.0,5.0,12.0,16.0,17.0,18.0,1.5,21.0,0.0,0.0,0.0,0.0,0.0,0.0,0.0,33621109.0,2021.0
PMID 33631112 CT_Summary_SoE.pdf,1.0,5.0,7.0,9.0,10.0,12.0,1.0,28.0,1.0,4.0,6.0,8.0,9.0,10.0,0.8333333333333334,28.0,0.0,1.0,1.0,1.0,1.0,2.0,0.16666666666666663,33631112.0,2021.0
PMID 33651090 a_Summary_SoE.pdf,2.0,8.0,37.0,39.0,40.0,41.0,3.4166666666666665,35.0,2.0,8.0,29.0,32.0,33.0,35.0,2.9166666666666665,28.0,0.0,0.0,8.0,7.0,7.0,6.0,0.5,33651090.0,2021.0
PMID 33651091 a_Summary_SoE.pdf,1.0,9.0,11.0,12.0,13.0,14.0,1.1666666666666667,28.0,1.0,8.0,10.0,11.0,12.0,13.0,1.0833333333333333,28.0,0.0,1.0,1.0,1.0,1.0,1.0,0.08333333333333348,33651091.0,2021.0
PMID 33657295 a_Summary_SoE.pdf,2.0,2.0,5.0,11.0,18.0,25.0,2.0833333333333335,21.0,2.0,2.0,5.0,9.0,13.0,18.0,1.5,42.0,0.0,0.0,0.0,2.0,5.0,7.0,0.5833333333333335,33657295.0,2021.0
PMID 33667670 CT_Summary_SoE.pdf,2.0,6.0,13.0,22.0,30.0,41.0,3.4166666666666665,21.0,2.0,7.0,15.0,28.0,41.0,56.0,4.666666666666667,28.0,0.0,-1.0,-2.0,-6.0,-11.0,-15.0,-1.2500000000000004,33667670.0,2021.0
PMID 33676601 CT_Summary_SoE.pdf,2.0,2.0,5.0,9.0,13.0,18.0,1.5,21.0,2.0,2.0,5.0,9.0,13.0,18.0,1.5,21.0,0.0,0.0,0.0,0.0,0.0,0.0,0.0,33676601.0,2021.0
PMID 33683919 a_Summary_SoE.pdf,2.0,4.0,9.0,15.0,22.0,29.0,2.4166666666666665,14.0,2.0,5.0,10.0,16.0,23.0,30.0,2.5,14.0,0.0,-1.0,-1.0,-1.0,-1.0,-1.0,-0.08333333333333348,33683919.0,2021.0
PMID 33721560 CT_Summary_SoE.pdf,1.0,2.0,5.0,9.0,13.0,18.0,1.5,21.0,1.0,1.0,3.0,5.0,7.0,10.0,0.8333333333333334,21.0,0.0,1.0,2.0,4.0,6.0,8.0,0.6666666666666666,33721560.0,2021.0
PMID 33739848 a_Summary_SoE.pdf,2.0,22.0,26.0,27.0,27.0,28.0,2.3333333333333335,1.0,2.0,22.0,26.0,27.0,27.0,28.0,2.3333333333333335,1.0,0.0,0.0,0.0,0.0,0.0,0.0,0.0,33739848.0,2021.0
PMID 33764805 a_Summary_SoE.pdf,2.0,5.0,11.0,17.0,24.0,30.0,2.5,28.0,2.0,5.0,11.0,17.0,24.0,30.0,2.5,28.0,0.0,0.0,0.0,0.0,0.0,0.0,0.0,33764805.0,2021.0
PMID 33789008 a_Summary_SoE.pdf,1.0,3.0,7.0,11.0,14.0,18.0,1.5,14.0,1.0,3.0,7.0,11.0,14.0,18.0,1.5,14.0,0.0,0.0,0.0,0.0,0.0,0.0,0.0,33789008.0,2021.0
PMID 33792623a_Summary_SoE.pdf,1.0,2.0,5.0,9.0,13.0,18.0,1.5,21.0,1.0,2.0,5.0,10.0,12.0,14.0,1.1666666666666667,21.0,0.0,0.0,0.0,-1.0,1.0,4.0,0.33333333333333326,33792623.0,2021.0
PMID 33793299 a_Summary_SoE.pdf,1.0,3.0,6.0,9.0,12.0,15.0,1.25,28.0,1.0,3.0,6.0,9.0,12.0,15.0,1.25,28.0,0.0,0.0,0.0,0.0,0.0,0.0,0.0,33793299.0,2021.0
PMID 33794205 CT_Summary_SoE.pdf,1.0,18.0,37.0,44.0,50.0,57.0,4.75,28.0,1.0,18.0,37.0,44.0,50.0,57.0,4.75,28.0,0.0,0.0,0.0,0.0,0.0,0.0,0.0,33794205.0,2021.0
PMID 33821899a_Summary_SoE.pdf,2.0,3.0,7.0,8.0,9.0,10.0,0.8333333333333334,14.0,2.0,3.0,7.0,9.0,10.0,11.0,0.9166666666666666,14.0,0.0,0.0,0.0,-1.0,-1.0,-1.0,-0.08333333333333326,33821899.0,2021.0
PMID 33848462 CT_Summary_SoE.pdf,3.0,6.0,12.0,22.0,32.0,42.0,3.5,28.0,3.0,6.0,12.0,22.0,32.0,42.0,3.5,28.0,0.0,0.0,0.0,0.0,0.0,0.0,0.0,33848462.0,2021.0
PMID 33882206 a_Summary_SoE.pdf,2.0,4.0,9.0,18.0,26.0,36.0,3.0,21.0,2.0,4.0,9.0,18.0,26.0,36.0,3.0,21.0,0.0,0.0,0.0,0.0,0.0,0.0,0.0,33882206.0,2021.0
PMID 33891472 a_Summary_SoE.pdf,2.0,2.0,5.0,9.0,13.0,18.0,1.5,21.0,2.0,2.0,5.0,9.0,13.0,18.0,1.5,21.0,0.0,0.0,0.0,0.0,0.0,0.0,0.0,33891472.0,2021.0
PMID 33914256 CT_Summary_SoE.pdf,2.0,2.0,5.0,9.0,13.0,19.0,1.5833333333333333,21.0,2.0,2.0,5.0,9.0,13.0,19.0,1.5833333333333333,21.0,0.0,0.0,0.0,0.0,0.0,0.0,0.0,33914256.0,2021.0
PMID 33971141 CT_Summary_SoE.pdf,1.0,3.0,6.0,9.0,12.0,16.0,1.3333333333333333,28.0,1.0,3.0,6.0,9.0,12.0,16.0,1.3333333333333333,28.0,0.0,0.0,0.0,0.0,0.0,0.0,0.0,33971141.0,2021.0
PMID 33989025 a_Summary_SoE.pdf,2.0,4.0,9.0,15.0,19.0,24.0,2.0,21.0,2.0,4.0,9.0,15.0,19.0,24.0,2.0,21.0,0.0,0.0,0.0,0.0,0.0,0.0,0.0,33989025.0,2021.0
PMID 34048947 a_Summary_SoE.pdf,1.0,4.0,9.0,15.0,19.0,24.0,2.0,21.0,1.0,4.0,9.0,15.0,19.0,24.0,2.0,21.0,0.0,0.0,0.0,0.0,0.0,0.0,0.0,34048947.0,2021.0
PMID 34051178a_Summary_SoE.pdf,2.0,2.0,5.0,9.0,13.0,18.0,1.5,21.0,2.0,4.0,9.0,14.0,16.0,17.0,1.4166666666666667,21.0,0.0,-2.0,-4.0,-5.0,-3.0,1.0,0.08333333333333326,34051178.0,2021.0
PMID 34077643 a_Summary_SoE.pdf,2.0,3.0,7.0,13.0,20.0,27.0,2.25,14.0,2.0,3.0,7.0,13.0,20.0,27.0,2.25,14.0,0.0,0.0,0.0,0.0,0.0,0.0,0.0,34077643.0,2021.0
PMID 34087126 a_Summary_SoE.pdf,1.0,5.0,11.0,17.0,20.0,24.0,2.0,28.0,1.0,5.0,11.0,17.0,20.0,24.0,2.0,28.0,0.0,0.0,0.0,0.0,0.0,0.0,0.0,34087126.0,2021.0
PMID 34092112 a_Summary_SoE.pdf,2.0,2.0,5.0,6.0,7.0,8.0,0.6666666666666666,21.0,2.0,0.0,1.0,2.0,3.0,4.0,0.3333333333333333,21.0,0.0,2.0,4.0,4.0,4.0,4.0,0.3333333333333333,34092112.0,2021.0
PMID 34102137 a_Summary_SoE.pdf,2.0,2.0,5.0,9.0,13.0,18.0,1.5,21.0,2.0,6.0,14.0,26.0,40.0,52.0,4.333333333333333,14.0,0.0,-4.0,-9.0,-17.0,-27.0,-34.0,-2.833333333333333,34102137.0,2021.0
PMID 34110925 a_Summary_SoE.pdf,2.0,20.0,35.0,41.0,51.0,59.0,4.916666666666667,42.0,2.0,20.0,35.0,41.0,51.0,59.0,4.916666666666667,42.0,0.0,0.0,0.0,0.0,0.0,0.0,0.0,34110925.0,2021.0
PMID 34133211 a_Summary_SoE.pdf,2.0,2.0,6.0,8.0,11.0,14.0,1.1666666666666667,21.0,2.0,2.0,4.0,6.0,9.0,11.0,0.9166666666666666,42.0,0.0,0.0,2.0,2.0,2.0,3.0,0.2500000000000001,34133211.0,2021.0
PMID 34134469 CT_Summary_SoE.pdf,1.0,2.0,6.0,10.0,12.0,13.0,1.0833333333333333,21.0,1.0,2.0,6.0,10.0,12.0,13.0,1.0833333333333333,21.0,0.0,0.0,0.0,0.0,0.0,0.0,0.0,34134469.0,2022.0
PMID 34143970 CT_Summary_SoE.pdf,1.0,3.0,7.0,13.0,20.0,27.0,2.25,28.0,1.0,3.0,7.0,13.0,20.0,27.0,2.25,28.0,0.0,0.0,0.0,0.0,0.0,0.0,0.0,34143970.0,2021.0
PMID 34161051 a_Summary_SoE.pdf,2.0,5.0,10.0,16.0,23.0,24.0,2.0,42.0,2.0,5.0,10.0,16.0,23.0,24.0,2.0,42.0,0.0,0.0,0.0,0.0,0.0,0.0,0.0,34161051.0,2021.0
PMID 34170389 CT_Summary_SoE.pdf,2.0,18.0,33.0,51.0,64.0,78.0,6.5,7.0,2.0,15.5,32.5,49.5,66.0,79.5,6.625,7.0,0.0,2.5,0.5,1.5,-2.0,-1.5,-0.125,34170389.0,2021.0
PMID 34197181 a_Summary_SoE.pdf,2.0,5.0,29.0,52.0,52.0,53.0,4.416666666666667,21.0,2.0,2.0,24.0,47.0,47.0,48.0,4.0,28.0,0.0,3.0,5.0,5.0,5.0,5.0,0.41666666666666696,34197181.0,2021.0
PMID 34219000 a_Summary_SoE.pdf,2.0,4.0,10.0,20.0,30.0,40.0,3.3333333333333335,28.0,2.0,4.0,10.0,20.0,30.0,40.0,3.3333333333333335,28.0,0.0,0.0,0.0,0.0,0.0,0.0,0.0,34219000.0,2021.0
PMID 34237250 a_Summary_SoE.pdf,2.0,3.0,6.0,9.0,12.0,16.0,1.3333333333333333,28.0,2.0,3.0,6.0,9.0,12.0,16.0,1.3333333333333333,28.0,0.0,0.0,0.0,0.0,0.0,0.0,0.0,34237250.0,2021.0
PMID 34246347 CT_Summary_SoE.pdf,2.0,5.0,9.0,12.0,15.0,19.0,1.5833333333333333,28.0,2.0,5.0,9.0,12.0,15.0,19.0,1.5833333333333333,28.0,0.0,0.0,0.0,0.0,0.0,0.0,0.0,34246347.0,2021.0
PMID 34264305 a_Summary_SoE.pdf,1.0,0.0,1.0,2.0,2.0,3.0,0.25,0.0,1.0,0.0,1.0,2.0,2.0,3.0,0.25,0.0,0.0,0.0,0.0,0.0,0.0,0.0,0.0,34264305.0,2021.0
PMID 34264316 a_Summary_SoE.pdf,1.0,3.0,7.0,13.0,20.0,27.0,2.25,14.0,1.0,3.0,7.0,13.0,20.0,27.0,2.25,14.0,0.0,0.0,0.0,0.0,0.0,0.0,0.0,34264316.0,2021.0
PMID 34264503 CT_Summary_SoE.pdf,1.0,4.0,7.0,11.0,15.0,20.0,1.6666666666666667,21.0,1.0,4.0,7.0,11.0,15.0,20.0,1.6666666666666667,21.0,0.0,0.0,0.0,0.0,0.0,0.0,0.0,34264503.0,2021.0
PMID 34309665 a_Summary_SoE.pdf,2.0,8.0,21.0,39.0,43.0,48.0,4.0,14.0,2.0,7.0,15.0,27.0,31.0,36.0,3.0,14.0,0.0,1.0,6.0,12.0,12.0,12.0,1.0,34309665.0,2021.0
PMID 34320285 a_Summary_SoE.pdf,1.0,0.0,0.0,1.0,1.0,2.0,0.16666666666666666,0.0,1.0,0.0,0.0,1.0,1.0,2.0,0.16666666666666666,0.0,0.0,0.0,0.0,0.0,0.0,0.0,0.0,34320285.0,2021.0
PMID 34341578 CT_Summary_SoE.pdf,2.0,4.0,9.0,15.0,19.0,24.0,2.0,21.0,2.0,4.0,9.0,15.0,19.0,24.0,2.0,21.0,0.0,0.0,0.0,0.0,0.0,0.0,0.0,34341578.0,2021.0
PMID 34343033 a_Summary_SoE.pdf,1.0,3.0,6.0,8.0,9.0,11.0,0.9166666666666666,28.0,1.0,3.0,6.0,8.0,9.0,11.0,0.9166666666666666,28.0,0.0,0.0,0.0,0.0,0.0,0.0,0.0,34343033.0,2021.0
PMID 34357781 a_Summary_SoE.pdf,1.0,3.0,5.0,8.0,11.0,15.0,1.25,28.0,1.0,3.0,5.0,8.0,11.0,15.0,1.25,28.0,0.0,0.0,0.0,0.0,0.0,0.0,0.0,34357781.0,2021.0
PMID 34363762 CT_Summary_SoE.pdf,1.0,5.0,13.0,22.0,29.0,36.0,3.0,21.0,1.0,5.0,13.0,20.0,22.0,24.0,2.0,21.0,0.0,0.0,0.0,2.0,7.0,12.0,1.0,34363762.0,2021.0
PMID 34383006a_Summary_SoE.pdf,2.0,15.0,16.0,17.0,18.0,19.0,1.5833333333333333,21.0,2.0,21.0,31.0,32.0,33.0,34.0,2.8333333333333335,42.0,0.0,-6.0,-15.0,-15.0,-15.0,-15.0,-1.2500000000000002,34383006.0,2021.0
PMID 34407342 a_Summary_SoE.pdf,2.0,2.0,5.0,9.0,13.0,18.0,1.5,21.0,2.0,2.0,5.0,9.0,13.0,18.0,1.5,21.0,0.0,0.0,0.0,0.0,0.0,0.0,0.0,34407342.0,2021.0
PMID 34407542 a_Summary_SoE.pdf,1.0,3.0,7.0,11.0,14.0,18.0,1.5,7.0,1.0,3.0,7.0,11.0,14.0,18.0,1.5,7.0,0.0,0.0,0.0,0.0,0.0,0.0,0.0,34407542.0,2021.0
PMID 34418665 CT_Summary_SoE.pdf,1.0,13.0,33.0,50.0,63.0,77.0,6.416666666666667,21.0,1.0,10.0,25.0,31.0,33.0,36.0,3.0,21.0,0.0,3.0,8.0,19.0,30.0,41.0,3.416666666666667,34418665.0,2021.0
PMID 34454674 a_Summary_SoE.pdf,1.0,4.0,10.0,18.0,26.0,36.0,3.0,21.0,1.0,4.0,10.0,18.0,26.0,36.0,3.0,21.0,0.0,0.0,0.0,0.0,0.0,0.0,0.0,34454674.0,2021.0
PMID 34459214 CT_Summary_SoE.pdf,1.0,2.0,4.0,7.0,10.0,13.0,1.0833333333333333,28.0,1.0,2.0,4.0,7.0,10.0,13.0,1.0833333333333333,84.0,0.0,0.0,0.0,0.0,0.0,0.0,0.0,34459214.0,2021.0
PMID 34534429 a_Summary_SoE.pdf,2.0,2.0,5.0,9.0,13.0,18.0,1.5,21.0,2.0,2.0,5.0,9.0,13.0,18.0,1.5,21.0,0.0,0.0,0.0,0.0,0.0,0.0,0.0,34534429.0,2021.0
PMID 34600602 a_Summary_SoE.pdf,2.0,3.0,7.0,10.0,13.0,17.0,1.4166666666666667,28.0,2.0,3.0,7.0,10.0,13.0,17.0,1.4166666666666667,28.0,0.0,0.0,0.0,0.0,0.0,0.0,0.0,34600602.0,2021.0
PMID 34652968 a_Summary_SoE.pdf,2.0,13.0,30.0,61.0,83.0,84.0,7.0,14.0,2.0,10.0,26.0,50.0,66.0,67.0,5.583333333333333,14.0,0.0,3.0,4.0,11.0,17.0,17.0,1.416666666666667,34652968.0,2021.0
PMID 34661177 CT_Summary_SoE.pdf,1.0,5.0,13.0,17.0,21.0,26.0,2.1666666666666665,21.0,1.0,5.0,13.0,17.0,21.0,26.0,2.1666666666666665,21.0,0.0,0.0,0.0,0.0,0.0,0.0,0.0,34661177.0,2021.0
PMID 34808255 CT_Summary_SoE.pdf,2.0,22.0,35.0,36.0,36.0,36.0,3.0,7.0,2.0,22.0,35.0,36.0,36.0,36.0,3.0,7.0,0.0,0.0,0.0,0.0,0.0,0.0,0.0,34808255.0,2022.0
PMID 34855460 a_Summary_SoE.pdf,2.0,11.0,18.0,20.0,21.0,22.0,1.8333333333333333,0.0,2.0,13.0,19.0,22.0,23.0,24.0,2.0,0.0,0.0,-2.0,-1.0,-2.0,-2.0,-2.0,-0.16666666666666674,34855460.0,2022.0
PMID 34874182 a_Summary_SoE.pdf,0.0,0.0,0.0,0.0,0.0,0.0,0.0,28.0,0.0,0.0,0.0,0.0,0.0,0.0,0.0,,0.0,0.0,0.0,0.0,0.0,0.0,0.0,34874182.0,2022.0
PMID 34882169 a_Summary_SoE.pdf,2.0,1.0,2.0,2.0,2.0,2.0,0.16666666666666666,28.0,2.0,1.0,2.0,2.0,2.0,2.0,0.16666666666666666,28.0,0.0,0.0,0.0,0.0,0.0,0.0,0.0,34882169.0,2022.0
PMID 34890060 CT_Summary_SoE.pdf,2.0,1.0,1.0,1.0,1.0,2.0,0.16666666666666666,0.0,2.0,1.0,1.0,1.0,1.0,2.0,0.16666666666666666,0.0,0.0,0.0,0.0,0.0,0.0,0.0,0.0,34890060.0,2022.0
PMID 34890214 a_Summary_SoE.pdf,1.0,2.0,5.0,9.0,13.0,18.0,1.5,21.0,1.0,2.0,5.0,17.0,21.0,26.0,2.1666666666666665,21.0,0.0,0.0,0.0,-8.0,-8.0,-8.0,-0.6666666666666665,34890214.0,2022.0
PMID 34891224 a_Summary_SoE.pdf,2.0,12.0,13.0,15.0,16.0,17.0,1.4166666666666667,0.0,2.0,6.0,33.0,35.0,36.0,37.0,3.0833333333333335,21.0,0.0,6.0,-20.0,-20.0,-20.0,-20.0,-1.6666666666666667,34891224.0,2022.0
PMID 34914339 a_Summary_SoE.pdf,3.0,2.0,5.0,7.0,8.0,9.0,0.75,21.0,3.0,1.0,2.0,3.0,4.0,5.0,0.4166666666666667,90.0,0.0,1.0,3.0,4.0,4.0,4.0,0.3333333333333333,34914339.0,2021.0
PMID 34914889 a_Summary_SoE.pdf,2.0,3.0,7.0,13.0,20.0,27.0,2.25,14.0,2.0,3.0,7.0,13.0,20.0,27.0,2.25,14.0,0.0,0.0,0.0,0.0,0.0,0.0,0.0,34914889.0,2022.0
PMID 34967844 a_Summary_SoE.pdf,2.0,3.0,9.0,14.0,15.0,16.0,1.3333333333333333,21.0,1.0,2.0,6.0,8.0,9.0,10.0,0.8333333333333334,21.0,1.0,1.0,3.0,6.0,6.0,6.0,0.4999999999999999,34967844.0,2022.0
PMID 34997889 CT_Summary_SoE.pdf,3.0,7.0,21.0,32.0,33.0,33.0,2.75,28.0,,,,,,,,,,,,,,,,34997889.0,2022.0
PMID 35007153 a_Summary_SoE.pdf,2.0,5.0,13.0,18.0,19.0,20.0,1.6666666666666667,21.0,2.0,9.0,23.0,30.0,31.0,32.0,2.6666666666666665,21.0,0.0,-4.0,-10.0,-12.0,-12.0,-12.0,-0.9999999999999998,35007153.0,2022.0
PMID 35013615 CT_Summary_SoE.pdf,2.0,2.0,5.0,9.0,13.0,18.0,1.5,21.0,2.0,2.0,5.0,9.0,13.0,18.0,1.5,21.0,0.0,0.0,0.0,0.0,0.0,0.0,0.0,35013615.0,2022.0
PMID 35030011 a_Summary_SoE.pdf,2.0,3.0,6.0,9.0,12.0,16.0,1.3333333333333333,28.0,2.0,3.0,6.0,9.0,12.0,16.0,1.3333333333333333,28.0,0.0,0.0,0.0,0.0,0.0,0.0,0.0,35030011.0,2022.0
PMID 35032434 a_Summary_SoE.pdf,1.0,5.0,13.0,26.0,39.0,53.0,4.416666666666667,28.0,1.0,5.0,13.0,26.0,39.0,53.0,4.416666666666667,28.0,0.0,0.0,0.0,0.0,0.0,0.0,0.0,35032434.0,2022.0
PMID 35038433 CT_Summary_SoE.pdf,3.0,20.0,31.0,34.0,38.0,43.0,3.5833333333333335,21.0,3.0,20.0,30.0,30.0,32.0,33.0,2.75,7.0,0.0,0.0,1.0,4.0,6.0,10.0,0.8333333333333335,35038433.0,2022.0
PMID 35045221 a_Summary_SoE.pdf,2.0,3.0,8.0,13.0,18.0,23.0,1.9166666666666667,21.0,2.0,4.0,11.0,23.0,34.0,46.0,3.8333333333333335,28.0,0.0,-1.0,-3.0,-10.0,-16.0,-23.0,-1.9166666666666667,35045221.0,2022.0
PMID 35108470 a_Summary_SoE.pdf,2.0,3.0,7.0,13.0,20.0,27.0,2.25,14.0,2.0,7.0,20.0,35.0,50.0,66.0,5.5,28.0,0.0,-4.0,-13.0,-22.0,-30.0,-39.0,-3.25,35108470.0,2022.0
PMID 35142815 a_Summary_SoE.pdf,3.0,2.0,7.0,16.0,20.0,24.0,2.0,21.0,3.0,2.0,7.0,16.0,20.0,24.0,2.0,21.0,0.0,0.0,0.0,0.0,0.0,0.0,0.0,35142815.0,2022.0
PMID 35179323 a_Summary_SoE.pdf,2.0,2.0,5.0,7.0,8.0,9.0,0.75,21.0,2.0,2.0,5.0,7.0,8.0,9.0,0.75,21.0,0.0,0.0,0.0,0.0,0.0,0.0,0.0,35179323.0,2022.0
PMID 35192411 a_Summary_SoE.pdf,1.0,4.0,8.0,9.0,9.0,10.0,0.8333333333333334,0.0,1.0,4.0,8.0,9.0,9.0,10.0,0.8333333333333334,0.0,0.0,0.0,0.0,0.0,0.0,0.0,0.0,35192411.0,2022.0
PMID 35213496 CT_Summary_SoE.pdf,1.0,4.0,4.0,4.0,4.0,4.0,0.3333333333333333,0.0,1.0,4.0,4.0,4.0,4.0,4.0,0.3333333333333333,0.0,0.0,0.0,0.0,0.0,0.0,0.0,0.0,35213496.0,2022.0
PMID 35240074a_Summary_SoE.pdf,1.0,7.0,17.0,30.0,42.0,57.0,4.75,28.0,1.0,7.0,17.0,30.0,42.0,57.0,4.75,28.0,0.0,0.0,0.0,0.0,0.0,0.0,0.0,35240074.0,2022.0
PMID 35245446 CT_Summary_SoE.pdf,2.0,2.0,5.0,9.0,13.0,18.0,1.5,21.0,2.0,2.0,5.0,9.0,13.0,18.0,1.5,21.0,0.0,0.0,0.0,0.0,0.0,0.0,0.0,35245446.0,2022.0
PMID 35271306 a_Summary_SoE.pdf,2.0,8.0,28.0,47.0,61.0,74.0,6.166666666666667,84.0,2.0,7.0,27.0,45.0,59.0,72.0,6.0,84.0,0.0,1.0,1.0,2.0,2.0,2.0,0.16666666666666696,35271306.0,2022.0
PMID 35290101 a_Summary_SoE.pdf,2.0,3.0,7.0,12.0,15.0,20.0,1.6666666666666667,28.0,2.0,2.0,5.0,9.0,10.0,12.0,1.0,21.0,0.0,1.0,2.0,3.0,5.0,8.0,0.6666666666666667,35290101.0,2022.0
PMID 35298906 CT_Summary_SoE.pdf,3.0,3.0,6.0,9.0,12.0,16.0,1.3333333333333333,28.0,3.0,4.0,10.0,20.0,26.0,27.0,2.25,28.0,0.0,-1.0,-4.0,-11.0,-14.0,-11.0,-0.9166666666666667,35298906.0,2022.0
PMID 35320644 a_Summary_SoE.pdf,2.0,4.0,7.0,11.0,15.0,20.0,1.6666666666666667,21.0,2.0,4.0,7.0,11.0,15.0,20.0,1.6666666666666667,21.0,0.0,0.0,0.0,0.0,0.0,0.0,0.0,35320644.0,2022.0
PMID 35331641 CT_Summary_SoE.pdf,1.0,4.0,7.0,11.0,15.0,20.0,1.6666666666666667,21.0,1.0,4.0,7.0,11.0,15.0,20.0,1.6666666666666667,21.0,0.0,0.0,0.0,0.0,0.0,0.0,0.0,35331641.0,2022.0
PMID 35367007a_Summary_SoE.pdf,1.0,2.0,5.0,9.0,13.0,17.0,1.4166666666666667,21.0,1.0,2.0,5.0,9.0,13.0,17.0,1.4166666666666667,21.0,0.0,0.0,0.0,0.0,0.0,0.0,0.0,35367007.0,2022.0
PMID 35403841 a_Summary_SoE.pdf,2.0,3.0,6.0,7.0,8.0,9.0,0.75,14.0,2.0,4.0,8.0,10.0,11.0,12.0,1.0,21.0,0.0,-1.0,-2.0,-3.0,-3.0,-3.0,-0.25,35403841.0,2022.0
PMID 35419607 CT_Summary_SoE.pdf,1.0,20.0,35.0,41.0,45.0,51.0,4.25,14.0,1.0,20.0,34.0,42.0,48.0,50.0,4.166666666666667,28.0,0.0,0.0,1.0,-1.0,-3.0,1.0,0.08333333333333304,35419607.0,2023.0
PMID 35427471 CT_Summary_SoE.pdf,2.0,2.0,5.0,9.0,13.0,18.0,1.5,21.0,2.0,3.0,7.0,13.0,20.0,27.0,2.25,14.0,0.0,-1.0,-2.0,-4.0,-7.0,-9.0,-0.75,35427471.0,2022.0
PMID 35442766 a_Summary_SoE.pdf,1.0,5.0,9.0,13.0,17.0,22.0,1.8333333333333333,21.0,1.0,5.0,9.0,13.0,17.0,22.0,1.8333333333333333,21.0,0.0,0.0,0.0,0.0,0.0,0.0,0.0,35442766.0,2022.0
PMID 35443108 a_Summary_SoE.pdf,1.0,12.0,32.0,55.0,76.0,98.0,8.166666666666666,28.0,1.0,12.0,32.0,55.0,76.0,98.0,8.166666666666666,28.0,0.0,0.0,0.0,0.0,0.0,0.0,0.0,35443108.0,2022.0
PMID 35446628 a_Summary_SoE.pdf,2.0,1.0,3.0,4.0,5.0,7.0,0.5833333333333334,30.0,2.0,1.0,3.0,4.0,5.0,7.0,0.5833333333333334,30.0,0.0,0.0,0.0,0.0,0.0,0.0,0.0,35446628.0,2022.0
PMID 35511454 CT_Summary_SoE.pdf,1.0,20.0,37.0,46.0,54.0,61.0,5.083333333333333,14.0,1.0,20.0,37.0,46.0,54.0,61.0,5.083333333333333,14.0,0.0,0.0,0.0,0.0,0.0,0.0,0.0,35511454.0,2022.0
PMID 35552364 a_Summary_SoE.pdf,2.0,3.0,9.0,17.0,26.0,35.0,2.9166666666666665,21.0,2.0,3.0,9.0,17.0,26.0,35.0,2.9166666666666665,21.0,0.0,0.0,0.0,0.0,0.0,0.0,0.0,35552364.0,2022.0
PMID 35569466 CT_Summary_SoE.pdf,4.0,1.0,24.0,42.0,43.0,44.0,3.6666666666666665,1.0,4.0,20.0,39.0,41.0,42.0,43.0,3.5833333333333335,1.0,0.0,-19.0,-15.0,1.0,1.0,1.0,0.08333333333333304,35569466.0,2022.0
PMID 35580297 a_Summary_SoE.pdf,1.0,4.0,7.0,10.0,12.0,14.0,1.1666666666666667,21.0,1.0,4.0,7.0,10.0,12.0,14.0,1.1666666666666667,21.0,0.0,0.0,0.0,0.0,0.0,0.0,0.0,35580297.0,2022.0
PMID 35584336 a_Summary_SoE.pdf,2.0,3.0,5.0,8.0,11.0,15.0,1.25,28.0,2.0,3.0,5.0,8.0,11.0,15.0,1.25,28.0,0.0,0.0,0.0,0.0,0.0,0.0,0.0,35584336.0,2022.0
PMID 35608580 a_Summary_SoE.pdf,2.0,0.0,0.0,1.0,1.0,2.0,0.16666666666666666,0.0,2.0,0.0,0.0,1.0,1.0,2.0,0.16666666666666666,0.0,0.0,0.0,0.0,0.0,0.0,0.0,0.0,35608580.0,2022.0
PMID 35657079 a_Summary_SoE.pdf,2.0,5.0,11.0,19.0,22.0,26.0,2.1666666666666665,28.0,2.0,5.0,11.0,19.0,22.0,26.0,2.1666666666666665,28.0,0.0,0.0,0.0,0.0,0.0,0.0,0.0,35657079.0,2022.0
PMID 35660812 a_Summary_SoE.pdf,2.0,7.0,14.0,36.0,46.0,50.0,4.166666666666667,21.0,2.0,7.0,19.5,38.0,46.5,50.5,4.208333333333333,21.0,0.0,0.0,-5.5,-2.0,-0.5,-0.5,-0.041666666666666075,35660812.0,2022.0
PMID 35665782 a_Summary_SoE.pdf,2.0,4.0,7.0,11.0,15.0,20.0,1.6666666666666667,21.0,2.0,4.0,7.0,11.0,15.0,20.0,1.6666666666666667,21.0,0.0,0.0,0.0,0.0,0.0,0.0,0.0,35665782.0,2022.0
PMID 35704479 a_Summary_SoE.pdf,1.0,1.0,2.0,4.0,4.0,5.0,0.4166666666666667,180.0,1.0,1.0,1.0,2.0,2.0,3.0,0.25,180.0,0.0,0.0,1.0,2.0,2.0,2.0,0.16666666666666669,35704479.0,2022.0
PMID 35728048 a_Summary_SoE.pdf,1.0,12.0,31.0,55.0,77.0,100.0,8.333333333333334,28.0,1.0,12.0,31.0,55.0,77.0,100.0,8.333333333333334,28.0,0.0,0.0,0.0,0.0,0.0,0.0,0.0,35728048.0,2022.0
PMID 35759733a_Summary_SoE.pdf,1.0,3.0,7.0,14.0,20.0,24.0,2.0,28.0,1.0,1.0,3.0,6.0,9.0,12.0,1.0,30.0,0.0,2.0,4.0,8.0,11.0,12.0,1.0,35759733.0,2022.0
PMID 35763704 a_Summary_SoE.pdf,2.0,3.0,6.0,11.0,16.0,20.0,1.6666666666666667,14.0,2.0,3.0,6.0,11.0,16.0,20.0,1.6666666666666667,14.0,0.0,0.0,0.0,0.0,0.0,0.0,0.0,35763704.0,2022.0
PMID 35810754 CT_Summary_SoE.pdf,2.0,4.0,6.0,9.0,10.0,11.0,0.9166666666666666,28.0,2.0,6.0,10.0,15.0,16.0,17.0,1.4166666666666667,28.0,0.0,-2.0,-4.0,-6.0,-6.0,-6.0,-0.5000000000000001,35810754.0,2022.0
PMID 35857290 a_Summary_SoE.pdf,1.0,10.0,23.0,41.0,44.0,47.0,3.9166666666666665,56.0,1.0,10.0,23.0,41.0,44.0,47.0,3.9166666666666665,56.0,0.0,0.0,0.0,0.0,0.0,0.0,0.0,35857290.0,2022.0
PMID 35922251 CT_Summary_SoE.pdf,1.0,2.0,7.0,13.0,18.0,24.0,2.0,42.0,1.0,5.0,11.0,22.0,32.0,42.0,3.5,42.0,0.0,-3.0,-4.0,-9.0,-14.0,-18.0,-1.5,35922251.0,2022.0
PMID 35947817 a_Summary_SoE.pdf,1.0,3.0,6.0,10.0,14.0,19.0,1.5833333333333333,42.0,1.0,3.0,6.0,10.0,14.0,19.0,1.5833333333333333,42.0,0.0,0.0,0.0,0.0,0.0,0.0,0.0,35947817.0,2022.0
PMID 36070540 a_Summary_SoE.pdf,1.0,3.0,3.0,4.0,4.0,4.0,0.3333333333333333,0.0,1.0,3.0,3.0,4.0,4.0,4.0,0.3333333333333333,0.0,0.0,0.0,0.0,0.0,0.0,0.0,0.0,36070540.0,2023.0
PMID 36099926 a_Summary_SoE.pdf,1.0,2.0,5.0,9.0,13.0,18.0,1.5,21.0,1.0,2.0,5.0,9.0,13.0,18.0,1.5,21.0,0.0,0.0,0.0,0.0,0.0,0.0,0.0,36099926.0,2022.0
PMID 36108662 CT_Summary_SoE.pdf,3.0,2.0,5.0,9.0,13.0,18.0,1.5,21.0,3.0,2.0,5.0,9.0,13.0,18.0,1.5,21.0,0.0,0.0,0.0,0.0,0.0,0.0,0.0,36108662.0,2022.0
PMID 36155117 CT_Summary_SoE.pdf,1.0,4.0,8.0,11.0,14.0,18.0,1.5,28.0,1.0,4.0,8.0,11.0,14.0,18.0,1.5,28.0,0.0,0.0,0.0,0.0,0.0,0.0,0.0,36155117.0,2022.0
PMID 36162037 a_Summary_SoE.pdf,1.0,3.0,7.0,13.0,20.0,25.0,2.0833333333333335,14.0,1.0,3.0,7.0,13.0,20.0,25.0,2.0833333333333335,14.0,0.0,0.0,0.0,0.0,0.0,0.0,0.0,36162037.0,2023.0
PMID 36265504 a_Summary_SoE.pdf,1.0,5.0,12.0,21.0,24.0,25.0,2.0833333333333335,21.0,1.0,5.0,12.0,21.0,24.0,25.0,2.0833333333333335,21.0,0.0,0.0,0.0,0.0,0.0,0.0,0.0,36265504.0,2022.0
PMID 36308441 a_Summary_SoE.pdf,1.0,3.0,8.0,13.0,14.0,15.0,1.25,14.0,1.0,3.0,8.0,13.0,14.0,15.0,1.25,14.0,0.0,0.0,0.0,0.0,0.0,0.0,0.0,36308441.0,2022.0
PMID 36322844 a_Summary_SoE.pdf,2.0,8.0,20.0,23.0,24.0,25.0,2.0833333333333335,21.0,2.0,8.0,20.0,23.0,24.0,25.0,2.0833333333333335,21.0,0.0,0.0,0.0,0.0,0.0,0.0,0.0,36322844.0,2022.0
PMID 36327426 a_Summary_SoE.pdf,2.0,4.0,9.0,12.0,15.0,19.0,1.5833333333333333,21.0,2.0,4.0,9.0,14.0,17.0,21.0,1.75,21.0,0.0,0.0,0.0,-2.0,-2.0,-2.0,-0.16666666666666674,36327426.0,2023.0
PMID 36346687 CT_Summary_SoE.pdf,1.0,2.0,5.0,8.0,9.0,10.0,0.8333333333333334,21.0,1.0,1.0,2.0,3.0,4.0,5.0,0.4166666666666667,0.0,0.0,1.0,3.0,5.0,5.0,5.0,0.4166666666666667,36346687.0,2023.0
PMID 36455168 a_Summary_SoE.pdf,2.0,2.0,5.0,9.0,13.0,18.0,1.5,21.0,2.0,2.0,5.0,9.0,13.0,18.0,1.5,21.0,0.0,0.0,0.0,0.0,0.0,0.0,0.0,36455168.0,2023.0
PMID 36473143 a_Summary_SoE.pdf,2.0,3.0,7.0,13.0,20.0,27.0,2.25,42.0,2.0,5.0,13.0,26.0,39.0,53.0,4.416666666666667,21.0,0.0,-2.0,-6.0,-13.0,-19.0,-26.0,-2.166666666666667,36473143.0,2023.0
PMID 36503738 CT_Summary_SoE.pdf,1.0,3.0,8.0,14.0,21.0,27.0,2.25,14.0,1.0,3.0,7.0,13.0,20.0,27.0,2.25,14.0,0.0,0.0,1.0,1.0,1.0,0.0,0.0,36503738.0,2023.0
PMID 36521097 a_Summary_SoE.pdf,1.0,4.0,10.0,19.0,20.0,21.0,1.75,28.0,1.0,4.0,10.0,19.0,20.0,21.0,1.75,28.0,0.0,0.0,0.0,0.0,0.0,0.0,0.0,36521097.0,2023.0
PMID 36535566 CT_Summary_SoE.pdf,1.0,5.0,13.0,17.0,21.0,26.0,2.1666666666666665,21.0,1.0,5.0,13.0,22.0,30.0,40.0,3.3333333333333335,21.0,0.0,0.0,0.0,-5.0,-9.0,-14.0,-1.166666666666667,36535566.0,2023.0
PMID 36541957 a_Summary_SoE.pdf,1.0,11.0,22.0,25.0,26.0,27.0,2.25,28.0,1.0,11.0,22.0,23.0,24.0,25.0,2.0833333333333335,28.0,0.0,0.0,0.0,2.0,2.0,2.0,0.16666666666666652,36541957.0,2023.0
PMID 36623230 a_Summary_SoE.pdf,2.0,22.0,40.0,50.0,51.0,52.0,4.333333333333333,21.0,2.0,19.0,26.0,36.0,37.0,38.0,3.1666666666666665,21.0,0.0,3.0,14.0,14.0,14.0,14.0,1.1666666666666665,36623230.0,2023.0
PMID 36669140 a_Summary_SoE.pdf,2.0,11.0,30.0,57.0,79.0,80.0,6.666666666666667,14.0,2.0,11.0,30.0,57.0,78.0,79.0,6.583333333333333,14.0,0.0,0.0,0.0,0.0,1.0,1.0,0.08333333333333393,36669140.0,2023.0
PMID 36693773 CT_Summary_SoE.pdf,2.0,2.0,3.0,3.0,3.0,3.0,0.25,0.0,2.0,2.0,3.0,3.0,3.0,3.0,0.25,0.0,0.0,0.0,0.0,0.0,0.0,0.0,0.0,36693773.0,2023.0
PMID 36709073 CT_Summary_SoE.pdf,2.0,3.0,5.0,8.0,11.0,14.0,1.1666666666666667,28.0,2.0,3.0,5.0,8.0,11.0,14.0,1.1666666666666667,28.0,0.0,0.0,0.0,0.0,0.0,0.0,0.0,36709073.0,2023.0
PMID 36764316 a_Summary_SoE.pdf,2.0,4.0,7.0,11.0,15.0,21.0,1.75,21.0,2.0,2.0,5.0,9.0,14.0,20.0,1.6666666666666667,21.0,0.0,2.0,2.0,2.0,1.0,1.0,0.08333333333333326,36764316.0,2023.0
PMID 36795891 a_Summary_SoE.pdf,3.0,3.0,6.0,9.0,12.0,16.0,1.3333333333333333,28.0,3.0,3.0,6.0,11.0,13.0,16.0,1.3333333333333333,21.0,0.0,0.0,0.0,-2.0,-1.0,0.0,0.0,36795891.0,2023.0
PMID 36952634 a_Summary_SoE.pdf,2.0,5.0,9.0,12.0,15.0,18.0,1.5,28.0,2.0,5.0,9.0,12.0,15.0,18.0,1.5,28.0,0.0,0.0,0.0,0.0,0.0,0.0,0.0,36952634.0,2023.0
PMID 36969338 a_Summary_SoE.pdf,2.0,4.0,11.0,21.0,31.0,40.0,3.3333333333333335,28.0,2.0,4.0,10.0,20.0,30.0,40.0,3.3333333333333335,28.0,0.0,0.0,1.0,1.0,1.0,0.0,0.0,36969338.0,2023.0
PMID 36996380 a_Summary_SoE.pdf,2.0,3.0,7.0,10.0,13.0,17.0,1.4166666666666667,28.0,2.0,1.0,4.5,8.5,12.0,16.5,1.375,28.0,0.0,2.0,2.5,1.5,1.0,0.5,0.04166666666666674,36996380.0,2023.0
PMID 37069359 a_Summary_SoE.pdf,2.0,18.0,41.0,42.0,43.0,44.0,3.6666666666666665,0.0,2.0,18.0,41.0,42.0,43.0,44.0,3.6666666666666665,0.0,0.0,0.0,0.0,0.0,0.0,0.0,0.0,37069359.0,2023.0
PMID 37071094 a_Summary_SoE.pdf,2.0,3.0,7.0,13.0,20.0,27.0,2.25,14.0,2.0,3.0,7.0,13.0,20.0,27.0,2.25,14.0,0.0,0.0,0.0,0.0,0.0,0.0,0.0,37071094.0,2023.0
PMID 37075781 a_Summary_SoE.pdf,2.0,4.0,9.0,18.0,26.0,36.0,3.0,21.0,2.0,4.0,9.0,18.0,26.0,36.0,3.0,21.0,0.0,0.0,0.0,0.0,0.0,0.0,0.0,37075781.0,2023.0
PMID 37080222 a_Summary_SoE.pdf,2.0,13.0,31.0,51.0,71.0,96.0,8.0,21.0,2.0,13.0,31.0,51.0,71.0,96.0,8.0,21.0,0.0,0.0,0.0,0.0,0.0,0.0,0.0,37080222.0,2023.0
PMID 37080223 CT_Summary_SoE.pdf,2.0,22.0,34.0,38.0,39.0,40.0,3.3333333333333335,21.0,2.0,22.0,34.0,35.0,36.0,37.0,3.0833333333333335,7.0,0.0,0.0,0.0,3.0,3.0,3.0,0.25,37080223.0,2023.0
PMID 37086745 a_Summary_SoE.pdf,3.0,4.0,7.0,11.0,15.0,20.0,1.6666666666666667,21.0,3.0,4.0,7.0,11.0,15.0,20.0,1.6666666666666667,21.0,0.0,0.0,0.0,0.0,0.0,0.0,0.0,37086745.0,2023.0
PMID 37104748 a_Summary_SoE.pdf,2.0,2.0,27.0,48.0,49.0,50.0,4.166666666666667,28.0,2.0,22.0,44.0,46.0,47.0,48.0,4.0,7.0,0.0,-20.0,-17.0,2.0,2.0,2.0,0.16666666666666696,37104748.0,2023.0
PMID 37116523 a_Summary_SoE.pdf,2.0,15.0,36.0,58.0,63.0,67.0,5.583333333333333,28.0,2.0,15.0,36.0,58.0,63.0,67.0,5.583333333333333,28.0,0.0,0.0,0.0,0.0,0.0,0.0,0.0,37116523.0,2023.0
PMID 37133585 a_Summary_SoE.pdf,2.0,3.0,7.0,10.0,11.0,13.0,1.0833333333333333,28.0,2.0,3.0,5.0,7.0,8.0,10.0,0.8333333333333334,28.0,0.0,0.0,2.0,3.0,3.0,3.0,0.2499999999999999,37133585.0,2023.0
PMID 37141294 CT_Summary_SoE.pdf,1.0,2.0,5.0,9.0,13.0,18.0,1.5,21.0,1.0,2.0,5.0,9.0,13.0,18.0,1.5,21.0,0.0,0.0,0.0,0.0,0.0,0.0,0.0,37141294.0,2023.0
PMID 37257422 CT_Summary_SoE.pdf,1.0,22.0,33.0,39.0,46.0,53.0,4.416666666666667,28.0,2.0,22.0,33.0,39.0,46.0,53.0,4.416666666666667,28.0,-1.0,0.0,0.0,0.0,0.0,0.0,0.0,37257422.0,2023.0
PMID 37272516 a_Summary_SoE.pdf,2.0,3.0,6.0,9.0,12.0,16.0,1.3333333333333333,28.0,2.0,3.0,6.0,9.0,12.0,16.0,1.3333333333333333,28.0,0.0,0.0,0.0,0.0,0.0,0.0,0.0,37272516.0,2023.0
PMID 37276510 CT_Summary_SoE.pdf,1.0,10.0,27.0,45.0,60.0,76.0,6.333333333333333,28.0,1.0,14.0,41.0,78.0,108.0,139.0,11.583333333333334,28.0,0.0,-4.0,-14.0,-33.0,-48.0,-63.0,-5.250000000000001,37276510.0,2023.0
PMID 37284847 CT_Summary_SoE.pdf,1.0,4.0,4.0,4.0,4.0,4.0,0.3333333333333333,6.0,1.0,4.0,4.0,4.0,4.0,4.0,0.3333333333333333,6.0,0.0,0.0,0.0,0.0,0.0,0.0,0.0,37284847.0,2023.0
PMID 37285865 a_Summary_SoE.pdf,2.0,3.0,7.0,11.0,14.0,18.0,1.5,14.0,2.0,3.0,7.0,11.0,14.0,18.0,1.5,14.0,0.0,0.0,0.0,0.0,0.0,0.0,0.0,37285865.0,2023.0
PMID 37290035 a_Summary_SoE.pdf,1.0,2.0,5.0,9.0,13.0,18.0,1.5,21.0,1.0,2.0,5.0,9.0,13.0,18.0,1.5,21.0,0.0,0.0,0.0,0.0,0.0,0.0,0.0,37290035.0,2023.0
PMID 37290461 a_Summary_SoE.pdf,2.0,2.0,5.0,9.0,13.0,18.0,1.5,21.0,2.0,2.0,5.0,9.0,13.0,18.0,1.5,21.0,0.0,0.0,0.0,0.0,0.0,0.0,0.0,37290461.0,2023.0
PMID 37315297 a_Summary_SoE.pdf,2.0,20.0,27.0,29.0,30.0,31.0,2.5833333333333335,7.0,2.0,1.0,2.0,4.0,5.0,6.0,0.5,0.0,0.0,19.0,25.0,25.0,25.0,25.0,2.0833333333333335,37315297.0,2023.0
PMID 37342922 a_Summary_SoE.pdf,2.0,8.0,16.0,18.0,19.0,20.0,1.6666666666666667,0.0,2.0,9.0,17.0,19.0,20.0,21.0,1.75,0.0,0.0,-1.0,-1.0,-1.0,-1.0,-1.0,-0.08333333333333326,37342922.0,2023.0
PMID 37379502 a_Summary_SoE.pdf,1.0,4.0,7.0,9.0,11.0,13.0,1.0833333333333333,21.0,1.0,4.0,7.0,9.0,11.0,13.0,1.0833333333333333,21.0,0.0,0.0,0.0,0.0,0.0,0.0,0.0,37379502.0,2023.0
PMID 37423228 a_Summary_SoE.pdf,2.0,2.0,5.0,9.0,13.0,18.0,1.5,21.0,2.0,4.0,9.0,18.0,26.0,36.0,3.0,21.0,0.0,-2.0,-4.0,-9.0,-13.0,-18.0,-1.5,37423228.0,2023.0
PMID 37478390 a_Summary_SoE.pdf,2.0,2.0,4.0,7.0,10.0,14.0,1.1666666666666667,28.0,2.0,2.0,4.0,7.0,10.0,14.0,1.1666666666666667,28.0,0.0,0.0,0.0,0.0,0.0,0.0,0.0,37478390.0,2023.0
PMID 37499670 a_Summary_SoE.pdf,3.0,3.0,7.0,13.0,20.0,27.0,2.25,28.0,3.0,3.0,7.0,10.0,13.0,17.0,1.4166666666666667,28.0,0.0,0.0,0.0,3.0,7.0,10.0,0.8333333333333333,37499670.0,2023.0
PMID 37524096 a_Summary_SoE.pdf,1.0,1.0,3.0,5.0,7.0,9.0,0.75,42.0,1.0,1.0,3.0,5.0,7.0,9.0,0.75,42.0,0.0,0.0,0.0,0.0,0.0,0.0,0.0,37524096.0,2023.0
PMID 37604981 CT_Summary_SoE.pdf,2.0,11.0,21.0,32.0,35.0,38.0,3.1666666666666665,28.0,1.5,10.5,20.5,32.0,35.0,38.5,3.2083333333333335,28.0,0.5,0.5,0.5,0.0,0.0,-0.5,-0.04166666666666696,37604981.0,2023.0
PMID 37646660 CT_Summary_SoE.pdf,1.0,6.0,15.0,27.0,39.0,55.0,4.583333333333333,28.0,1.0,6.0,13.0,19.0,22.0,26.0,2.1666666666666665,28.0,0.0,0.0,2.0,8.0,17.0,29.0,2.4166666666666665,37646660.0,2024.0
PMID 37647576 a_Summary_SoE.pdf,2.0,5.0,13.0,26.0,39.0,53.0,4.416666666666667,28.0,2.0,5.0,13.0,26.0,39.0,53.0,4.416666666666667,28.0,0.0,0.0,0.0,0.0,0.0,0.0,0.0,37647576.0,2023.0
PMID 37704166 CT_Summary_SoE.pdf,2.0,3.0,6.0,9.0,12.0,15.0,1.25,21.0,2.0,3.0,6.0,10.0,14.0,19.0,1.5833333333333333,21.0,0.0,0.0,0.0,-1.0,-2.0,-4.0,-0.33333333333333326,37704166.0,2023.0
PMID 37708904 a_Summary_SoE.pdf,0.0,0.0,0.0,0.0,0.0,0.0,0.0,28.0,0.0,0.0,0.0,0.0,0.0,0.0,0.0,28.0,0.0,0.0,0.0,0.0,0.0,0.0,0.0,37708904.0,2023.0
PMID 37722354 CT_Summary_SoE.pdf,2.0,4.0,8.0,13.0,14.0,16.0,1.3333333333333333,28.0,2.0,4.0,8.0,13.0,14.0,16.0,1.3333333333333333,28.0,0.0,0.0,0.0,0.0,0.0,0.0,0.0,37722354.0,2023.0
PMID 37748693 CT_Summary_SoE.pdf,1.0,3.0,7.0,13.0,20.0,27.0,2.25,14.0,1.0,4.0,9.0,13.0,14.0,16.0,1.3333333333333333,21.0,0.0,-1.0,-2.0,0.0,6.0,11.0,0.9166666666666667,37748693.0,2024.0
PMID 37788412 a_Summary_SoE.pdf,1.0,4.0,7.0,11.0,15.0,20.0,1.6666666666666667,21.0,1.0,4.0,7.0,11.0,15.0,20.0,1.6666666666666667,21.0,0.0,0.0,0.0,0.0,0.0,0.0,0.0,37788412.0,2024.0
PMID 37792130 CT_Summary_SoE.pdf,2.0,4.0,7.0,11.0,15.0,17.0,1.4166666666666667,21.0,2.0,4.0,7.0,11.0,15.0,17.0,1.4166666666666667,21.0,0.0,0.0,0.0,0.0,0.0,0.0,0.0,37792130.0,2023.0
PMID 37793771 CT_Summary_SoE.pdf,2.0,3.0,7.0,11.0,15.0,20.0,1.6666666666666667,21.0,2.0,5.0,11.0,17.0,23.0,31.0,2.5833333333333335,28.0,0.0,-2.0,-4.0,-6.0,-8.0,-11.0,-0.9166666666666667,37793771.0,2023.0
PMID 37845511 a_Summary_SoE.pdf,2.0,2.0,4.0,7.0,10.0,13.0,1.0833333333333333,28.0,2.0,2.0,4.0,7.0,10.0,13.0,1.0833333333333333,28.0,0.0,0.0,0.0,0.0,0.0,0.0,0.0,37845511.0,2023.0
PMID 37870976 a_Summary_SoE.pdf,2.0,5.0,8.0,12.0,16.0,21.0,1.75,21.0,2.0,4.0,7.0,11.0,15.0,20.0,1.6666666666666667,21.0,0.0,1.0,1.0,1.0,1.0,1.0,0.08333333333333326,37870976.0,2023.0
PMID 37875143 a_Summary_SoE.pdf,2.0,4.0,10.0,18.0,26.0,36.0,3.0,21.0,2.0,4.0,10.0,18.0,26.0,36.0,3.0,21.0,0.0,0.0,0.0,0.0,0.0,0.0,0.0,37875143.0,2023.0
PMID 37935977 a_Summary_SoE.pdf,1.0,6.0,19.0,34.0,35.0,36.0,3.0,28.0,1.0,10.0,23.0,36.0,37.0,38.0,3.1666666666666665,28.0,0.0,-4.0,-4.0,-2.0,-2.0,-2.0,-0.16666666666666652,37935977.0,2024.0
PMID 37980924 a_Summary_SoE.pdf,1.0,5.0,5.0,5.0,5.0,5.0,0.4166666666666667,28.0,1.0,5.0,5.0,5.0,5.0,5.0,0.4166666666666667,28.0,0.0,0.0,0.0,0.0,0.0,0.0,0.0,37980924.0,2024.0
PMID 38039991 CT_Summary_SoE.pdf,2.0,22.0,32.0,35.0,38.0,42.0,3.5,28.0,2.0,22.0,32.0,35.0,38.0,42.0,3.5,28.0,0.0,0.0,0.0,0.0,0.0,0.0,0.0,38039991.0,2023.0
PMID 38039993 a_Summary_SoE.pdf,2.0,4.0,8.0,12.0,16.0,21.0,1.75,21.0,2.0,4.0,8.0,12.0,16.0,21.0,1.75,21.0,0.0,0.0,0.0,0.0,0.0,0.0,0.0,38039993.0,2023.0
PMID 38059497 CT_Summary_SoE.pdf,1.0,3.0,7.0,13.0,20.0,27.0,2.25,14.0,1.0,3.0,7.0,13.0,20.0,27.0,2.25,14.0,0.0,0.0,0.0,0.0,0.0,0.0,0.0,38059497.0,2024.0
PMID 38060199 CT_Summary_SoE.pdf,1.0,4.0,10.0,20.0,30.0,40.0,3.3333333333333335,28.0,1.0,4.0,10.0,20.0,30.0,40.0,3.3333333333333335,28.0,0.0,0.0,0.0,0.0,0.0,0.0,0.0,38060199.0,2024.0
PMID 38103088 CT_Summary_SoE.pdf,1.0,22.0,51.0,51.0,51.0,51.0,4.25,21.0,1.0,23.0,51.0,51.0,51.0,51.0,4.25,21.0,0.0,-1.0,0.0,0.0,0.0,0.0,0.0,38103088.0,2023.0
PMID 38159809 CT_Summary_SoE.pdf,2.0,2.0,5.0,9.0,13.0,18.0,1.5,21.0,2.0,2.0,5.0,9.0,13.0,18.0,1.5,21.0,0.0,0.0,0.0,0.0,0.0,0.0,0.0,38159809.0,2024.0
PMID 38231126 a_Summary_SoE.pdf,1.0,14.0,37.0,51.0,66.0,86.0,7.166666666666667,28.0,1.0,14.0,42.0,70.0,100.0,140.0,11.666666666666666,28.0,0.0,0.0,-5.0,-19.0,-34.0,-54.0,-4.499999999999999,38231126.0,2024.0
PMID 38252907 a_Summary_SoE.pdf,2.0,2.0,5.0,9.0,13.0,18.0,1.5,21.0,2.0,2.0,5.0,9.0,13.0,18.0,1.5,21.0,0.0,0.0,0.0,0.0,0.0,0.0,0.0,38252907.0,2024.0
PMID 38319255 a_Summary_SoE.pdf,1.0,2.0,5.0,11.0,14.0,18.0,1.5,28.0,1.0,5.0,9.0,15.0,16.0,17.0,1.4166666666666667,28.0,0.0,-3.0,-4.0,-4.0,-2.0,1.0,0.08333333333333326,38319255.0,2022.0
PMID 38319800 a_Summary_SoE.pdf,1.0,3.0,7.0,10.0,13.0,17.0,1.4166666666666667,28.0,1.0,3.0,7.0,10.0,13.0,17.0,1.4166666666666667,28.0,0.0,0.0,0.0,0.0,0.0,0.0,0.0,38319800.0,2022.0
PMID 38319892 a_Summary_SoE.pdf,2.0,2.0,4.0,7.0,10.0,15.0,1.25,28.0,2.0,2.0,4.0,7.0,10.0,15.0,1.25,28.0,0.0,0.0,0.0,0.0,0.0,0.0,0.0,38319892.0,2022.0
PMID 38319896 a_Summary_SoE.pdf,1.0,4.0,9.0,17.0,20.0,24.0,2.0,21.0,1.0,4.0,9.0,17.0,20.0,24.0,2.0,21.0,0.0,0.0,0.0,0.0,0.0,0.0,0.0,38319896.0,2022.0
PMID 38320161 a_Summary_SoE.pdf,1.0,2.0,2.0,2.0,2.0,2.0,0.16666666666666666,0.0,1.0,2.0,2.0,2.0,2.0,2.0,0.16666666666666666,0.0,0.0,0.0,0.0,0.0,0.0,0.0,0.0,38320161.0,2023.0
PMID 38483412 a_Summary_SoE.pdf,3.0,20.0,25.0,26.0,26.0,27.0,2.25,1.0,3.0,20.0,37.0,38.0,38.0,39.0,3.25,1.0,0.0,0.0,-12.0,-12.0,-12.0,-12.0,-1.0,38483412.0,2024.0
PMID 38499457 CT_Summary_SoE.pdf,2.0,10.0,30.0,55.0,77.0,101.0,8.416666666666666,28.0,2.0,10.0,30.0,55.0,77.0,101.0,8.416666666666666,28.0,0.0,0.0,0.0,0.0,0.0,0.0,0.0,38499457.0,2024.0
PMID 38531002 a_Summary_SoE.pdf,2.0,3.0,7.0,11.0,14.0,18.0,1.5,28.0,2.0,3.0,7.0,11.0,14.0,18.0,1.5,28.0,0.0,0.0,0.0,0.0,0.0,0.0,0.0,38531002.0,2024.0
PMID 38552197 a_Summary_SoE.pdf,1.0,2.0,5.0,9.0,13.0,18.0,1.5,21.0,1.0,2.0,5.0,9.0,13.0,18.0,1.5,21.0,0.0,0.0,0.0,0.0,0.0,0.0,0.0,38552197.0,2024.0
PMID 38561010 a_Summary_SoE.pdf,2.0,18.0,38.0,43.0,47.0,51.0,4.25,21.0,2.0,18.0,38.0,43.0,47.0,51.0,4.25,21.0,0.0,0.0,0.0,0.0,0.0,0.0,0.0,38561010.0,2024.0
PMID 38648575 a_Summary_SoE.pdf,1.0,5.0,11.0,19.0,28.0,38.0,3.1666666666666665,42.0,1.0,13.0,31.0,55.0,80.0,110.0,9.166666666666666,42.0,0.0,-8.0,-20.0,-36.0,-52.0,-72.0,-6.0,38648575.0,2024.0
PMID 38683596 a_Summary_SoE.pdf,1.0,0.0,0.0,1.0,1.0,2.0,0.16666666666666666,180.0,1.0,0.0,0.0,1.0,1.0,2.0,0.16666666666666666,180.0,0.0,0.0,0.0,0.0,0.0,0.0,0.0,38683596.0,2024.0
PMID 38833643 a_Summary_SoE.pdf,1.0,1.0,3.0,4.0,5.0,6.0,0.5,42.0,1.0,1.0,3.0,4.0,5.0,6.0,0.5,42.0,0.0,0.0,0.0,0.0,0.0,0.0,0.0,38833643.0,2024.0
PMID 38833658 a_Summary_SoE.pdf,1.0,3.0,7.0,13.0,20.0,27.0,2.25,28.0,1.0,4.0,8.0,14.0,21.0,28.0,2.3333333333333335,28.0,0.0,-1.0,-1.0,-1.0,-1.0,-1.0,-0.08333333333333348,38833658.0,2024.0
PMID 38838287a_Summary_SoE.pdf,2.0,5.0,8.0,12.0,16.0,21.0,1.75,42.0,2.0,3.0,6.0,10.0,14.0,19.0,1.5833333333333333,42.0,0.0,2.0,2.0,2.0,2.0,2.0,0.16666666666666674,38838287.0,2024.0
PMID 38849283 CT_Summary_SoE.pdf,2.0,2.0,7.0,11.0,14.0,18.0,1.5,28.0,2.0,2.0,7.0,11.0,14.0,18.0,1.5,28.0,0.0,0.0,0.0,0.0,0.0,0.0,0.0,38849283.0,2024.0
PMID 38872480 a_Summary_SoE.pdf,0.0,0.0,0.0,0.0,0.0,0.0,0.0,,0.0,0.0,0.0,0.0,0.0,0.0,0.0,,0.0,0.0,0.0,0.0,0.0,0.0,0.0,38872480.0,2024.0
PMID 38889373 a_Summary_SoE.pdf,2.0,3.0,6.0,9.0,12.0,16.0,1.3333333333333333,28.0,2.0,3.0,6.0,9.0,12.0,16.0,1.3333333333333333,28.0,0.0,0.0,0.0,0.0,0.0,0.0,0.0,38889373.0,2024.0
PMID 38942046 a_Summary_SoE.pdf,2.0,2.0,4.0,7.0,10.0,12.0,1.0,28.0,1.0,1.0,2.0,3.0,4.0,5.0,0.4166666666666667,42.0,1.0,1.0,2.0,4.0,6.0,7.0,0.5833333333333333,38942046.0,2024.0
PMId 32955177 a_Summary_SoE.pdf,2.0,3.0,4.0,5.0,6.0,7.0,0.5833333333333334,84.0,2.0,3.0,4.0,5.0,6.0,7.0,0.5833333333333334,84.0,0.0,0.0,0.0,0.0,0.0,0.0,0.0,32955177.0,2020.0
PMId 32966830 a_Summary_SoE.pdf,2.0,5.0,13.0,19.0,23.0,28.0,2.3333333333333335,28.0,2.0,5.0,13.0,19.0,23.0,28.0,2.3333333333333335,28.0,0.0,0.0,0.0,0.0,0.0,0.0,0.0,32966830.0,2020.0
PMId 36395435 a_Summary_SoE.pdf,2.0,2.0,4.0,7.0,10.0,14.0,1.1666666666666667,28.0,2.0,2.0,4.0,7.0,10.0,14.0,1.1666666666666667,28.0,0.0,0.0,0.0,0.0,0.0,0.0,0.0,36395435.0,2023.0
PMId 37331369 a_Summary_SoE.pdf,1.0,3.0,7.0,10.0,13.0,17.0,1.4166666666666667,28.0,1.0,3.0,7.0,10.0,13.0,17.0,1.4166666666666667,28.0,0.0,0.0,0.0,0.0,0.0,0.0,0.0,37331369.0,2023.0
