filename,arm_name,intervention_type,screening,1_month,3_months,6_months,9_months,12_months,cycle_length,visit_pattern,error,publication_year
30738780 CT_Summary_SoE.pdf,Arm A (Radium-223 dichloride + Abiraterone acetate + Prednisone),intervention,1.0,3.0,7.0,10.0,13.0,17.0,28.0,Cycles 1-3: Day 1 and Day 15; Cycles 4-6: Day 1; Cycle 7+: Day 1 every 4 weeks.,,
30738780 CT_Summary_SoE.pdf,Arm B (Placebo + Abiraterone acetate + Prednisone),control,1.0,3.0,7.0,10.0,13.0,17.0,28.0,Cycles 1-3: Day 1 and Day 15; Cycles 4-6: Day 1; Cycle 7+: Day 1 every 4 weeks.,,
PIMD 27718847 a_Summary_SoE.pdf,Arm 1: Pembrolizumab (MK-3475),intervention,1.0,2.0,5.0,9.0,13.0,18.0,21.0,One visit every 3 weeks (Day 1 of each 21-day cycle) for IV infusion.,,
PIMD 27718847 a_Summary_SoE.pdf,Arm 2: Standard of Care (SOC) Platinum-based Chemotherapy,control,1.0,4.0,9.0,15.0,19.0,24.0,21.0,Two visits per cycle (Days 1 and 8) for Gemcitabine regimens; followed by Observation visits every 3 weeks.,,
PMID 19213681 a_Summary_SoE.pdf,Arm A (Nolvadex alone),control,1.0,1.0,1.0,2.0,2.0,3.0,180.0,"Screening (Entry/BMD), Day 1 (Start), Month 6 (BMD), Month 12 (BMD)",,2009.0
PMID 19213681 a_Summary_SoE.pdf,Arm B (Nolvadex plus zoledronate),intervention,1.0,1.0,1.0,2.0,2.0,3.0,180.0,"Screening (Entry/BMD), Day 1 (Infusion), Month 6 (Infusion/BMD), Month 12 (Infusion/BMD)",,2009.0
PMID 19213681 a_Summary_SoE.pdf,Arm C (Arimidex alone),intervention,1.0,1.0,1.0,2.0,2.0,3.0,180.0,"Screening (Entry/BMD), Day 1 (Start), Month 6 (BMD), Month 12 (BMD)",,2009.0
PMID 19213681 a_Summary_SoE.pdf,Arm D (Arimidex plus zoledronate),intervention,1.0,1.0,1.0,2.0,2.0,3.0,180.0,"Screening (Entry/BMD), Day 1 (Infusion), Month 6 (Infusion/BMD), Month 12 (Infusion/BMD)",,2009.0
PMID 20525992 a_Summary_SoE.pdf,Arm A (Melanoma Peptide Vaccine Monotherapy),control,1.0,2.0,5.0,8.0,10.0,11.0,21.0,"Day 1, 22, 43, 64 (Treatment Phase); Day 78, 106, 134, 162, 190, 246, 330 (Follow-up Phase)",,2010.0
PMID 20525992 a_Summary_SoE.pdf,Arm B (MDX-010 in Combination with Melanoma Peptide Vaccine),intervention,1.0,2.0,5.0,8.0,10.0,11.0,21.0,"Day 1, 22, 43, 64 (Treatment Phase); Day 78, 106, 134, 162, 190, 246, 330 (Follow-up Phase)",,2010.0
PMID 20525992 a_Summary_SoE.pdf,Arm C (MDX-010 Monotherapy),intervention,1.0,2.0,5.0,8.0,10.0,11.0,21.0,"Day 1, 22, 43, 64 (Treatment Phase); Day 78, 106, 134, 162, 190, 246, 330 (Follow-up Phase)",,2010.0
PMID 20525993 a_Summary_SoE.pdf,Nilotinib 300 mg BID,intervention,1.0,4.0,6.0,9.0,10.0,11.0,28.0,"Cycle 1: Days 1, 8, 15, 28. Cycles 2-6: Monthly (Days 56, 84, 112, 140, 168). Cycles 9, 12: Every 3 months (Days 252, 336).",,2010.0
PMID 20525993 a_Summary_SoE.pdf,Nilotinib 400 mg BID,intervention,1.0,4.0,6.0,9.0,10.0,11.0,28.0,"Cycle 1: Days 1, 8, 15, 28. Cycles 2-6: Monthly (Days 56, 84, 112, 140, 168). Cycles 9, 12: Every 3 months (Days 252, 336).",,2010.0
PMID 20525993 a_Summary_SoE.pdf,Imatinib 400 mg QD,control,1.0,4.0,6.0,9.0,10.0,11.0,28.0,"Cycle 1: Days 1, 8, 15, 28. Cycles 2-6: Monthly (Days 56, 84, 112, 140, 168). Cycles 9, 12: Every 3 months (Days 252, 336).",,2010.0
PMID 20525995 a_Summary_SoE.pdf,Dasatinib (100 mg daily),intervention,2.0,3.0,5.0,6.0,7.0,8.0,0.0,"Screening (2 days), Day 1, Weeks 2, 4, 6, then every 3 months (Months 3, 6, 9, 12).",,2010.0
PMID 20525995 a_Summary_SoE.pdf,Imatinib (400 mg daily),control,2.0,3.0,5.0,6.0,7.0,8.0,0.0,"Screening (2 days), Day 1, Weeks 2, 4, 6, then every 3 months (Months 3, 6, 9, 12).",,2010.0
PMID 20570559 CT a_Summary_SoE.pdf,Vandetanib (100 mg) + Docetaxel (75 mg/m²),intervention,1.0,2.0,5.0,9.0,13.0,18.0,21.0,"Day 1 of each 21-day cycle. Docetaxel IV for 6 cycles, then oral monotherapy.",,2010.0
PMID 20570559 CT a_Summary_SoE.pdf,Placebo + Docetaxel (75 mg/m²),control,1.0,2.0,5.0,9.0,13.0,18.0,21.0,"Day 1 of each 21-day cycle. Docetaxel IV for 6 cycles, then oral monotherapy.",,2010.0
PMID 20818862 a_Summary_SoE.pdf,Sipuleucel-T (APC8015),intervention,3.0,5.0,7.0,10.0,12.0,14.0,14.0,"Three treatment cycles at Weeks 0, 2, and 4. Each cycle requires a leukapheresis visit (approx. 2-3 days prior) and an infusion visit.",,2010.0
PMID 20818862 a_Summary_SoE.pdf,Placebo (APC-Placebo),control,3.0,5.0,7.0,10.0,12.0,14.0,14.0,"Identical to treatment arm; placebo subjects undergo the same leukapheresis and infusion schedule at Weeks 0, 2, and 4.",,2010.0
PMID 20826719 a_Summary_SoE.pdf,Voriconazole,intervention,3.0,0.0,0.0,0.0,0.0,0.0,0.0,No visit schedule or cycle structure is provided in the protocol summary.,,2010.0
PMID 20826719 a_Summary_SoE.pdf,Fluconazole,control,3.0,0.0,0.0,0.0,0.0,0.0,0.0,No visit schedule or cycle structure is provided in the protocol summary.,,2010.0
PMID 21121833 a_Summary_SoE.pdf,"Arm A (TAC: Docetaxel, Doxorubicin, Cyclophosphamide)",intervention,2.0,2.0,5.0,7.0,8.0,10.0,21.0,"1 day per cycle (Day 1) for 6 cycles, plus End of Treatment (EOT) and Follow-up (FU) visits.",,2010.0
PMID 21121833 a_Summary_SoE.pdf,"Arm B (FAC: 5-Fluorouracil, Doxorubicin, Cyclophosphamide)",control,2.0,2.0,5.0,7.0,8.0,10.0,21.0,"1 day per cycle (Day 1) for 6 cycles, plus End of Treatment (EOT) and Follow-up (FU) visits.",,2010.0
PMID 21282542 CT_Summary_SoE.pdf,Arm A (ZD6474 300 mg),intervention,2.0,4.0,6.0,9.0,12.0,16.0,28.0,"Day 1, 8, 15, 29, then every 4 weeks (28 days) thereafter.",,2011.0
PMID 21282542 CT_Summary_SoE.pdf,Arm B (Erlotinib 150 mg),control,2.0,4.0,6.0,9.0,12.0,16.0,28.0,"Day 1, 8, 15, 29, then every 4 weeks (28 days) thereafter.",,2011.0
PMID 21306237 a_Summary_SoE.pdf,Sunitinib (SU011248),intervention,2.0,3.0,5.0,8.0,11.0,15.0,28.0,"Month 1: Day 1, Day 15. Subsequent Months: Day 1. Imaging every 8 weeks after Week 9.",,2011.0
PMID 21306237 a_Summary_SoE.pdf,Placebo,control,2.0,3.0,5.0,8.0,11.0,15.0,28.0,"Month 1: Day 1, Day 15. Subsequent Months: Day 1. Imaging every 8 weeks after Week 9.",,2011.0
PMID 21306238 a_Summary_SoE.pdf,Arm 1 (Everolimus 10 mg/d + Best Supportive Care),intervention,1.0,3.0,5.0,8.0,11.0,15.0,28.0,"C1D1, C1D15, then Day 1 of every subsequent 28-day cycle.",,2011.0
PMID 21306238 a_Summary_SoE.pdf,Arm 2 (Placebo + Best Supportive Care),control,1.0,3.0,5.0,8.0,11.0,15.0,28.0,"C1D1, C1D15, then Day 1 of every subsequent 28-day cycle.",,2011.0
PMID 21410393 a_Summary_SoE.pdf,Sirolimus (Rapamycin),intervention,2.0,1.0,2.0,3.0,4.0,5.0,91.0,"Screening (Days 1 and 2-7), Week 3, Month 3, Month 6, Month 9, Month 12.",,2011.0
PMID 21410393 a_Summary_SoE.pdf,Placebo,control,2.0,1.0,2.0,3.0,4.0,5.0,91.0,"Screening (Days 1 and 2-7), Week 3, Month 3, Month 6, Month 9, Month 12.",,2011.0
PMID 21612468 a_Summary_SoE.pdf,Arm A (Abiraterone Acetate + Prednisone),intervention,1.0,3.0,7.0,10.0,13.0,17.0,28.0,"Cycles 1-3: Day 1 and Day 15. Cycles 4+: Day 1 only. Imaging (CT/MRI/Bone Scan/ECG) occurs every 3 cycles (Cycles 1, 4, 7, 10, 13, etc.).",,2011.0
PMID 21612468 a_Summary_SoE.pdf,Arm B (Placebo + Prednisone),control,1.0,3.0,7.0,10.0,13.0,17.0,28.0,"Cycles 1-3: Day 1 and Day 15. Cycles 4+: Day 1 only. Imaging (CT/MRI/Bone Scan/ECG) occurs every 3 cycles (Cycles 1, 4, 7, 10, 13, etc.).",,2011.0
PMID 21621716 CT_Summary_SoE.pdf,Arm 2 (Tarceva + bevacizumab),intervention,2.0,2.0,5.0,9.0,13.0,18.0,21.0,"Day 0, then every 21 days (3-week cycles) for drug administration and assessments.",,2011.0
PMID 21621716 CT_Summary_SoE.pdf,Arm 1 (Tarceva + placebo),control,2.0,2.0,5.0,9.0,13.0,18.0,21.0,"Day 0, then every 21 days (3-week cycles) for placebo administration and assessments.",,2011.0
PMID 21631324 a_Summary_SoE.pdf,Arm 1 (gp100:209-217(210M) peptide vaccine + high-dose IL-2),intervention,2.0,16.0,33.0,67.0,98.0,103.0,21.0,"Each 21-day cycle involves 8 contact days: Day 0/21 (Assessment/Vaccine), Days 1-4 (IL-2 inpatient), and Days 5-7 (Monitoring/Labs inpatient).",,2011.0
PMID 21631324 a_Summary_SoE.pdf,Arm 2 (High-dose IL-2 alone),control,2.0,16.0,33.0,67.0,98.0,103.0,21.0,"Each 21-day cycle involves 8 contact days: Day 0/21 (Assessment), Days 1-4 (IL-2 inpatient), and Days 5-7 (Monitoring/Labs inpatient).",,2011.0
PMID 21639808 a_Summary_SoE.pdf,Arm A (RO5185426),intervention,2.0,3.0,6.0,10.0,14.0,19.0,21.0,"Day 1 of every 21-day cycle, with an additional lab visit on Day 8 of Cycle 1.",,2011.0
PMID 21639808 a_Summary_SoE.pdf,Arm B (Dacarbazine),control,2.0,3.0,6.0,10.0,14.0,19.0,21.0,"Day 1 of every 21-day cycle, with an additional lab visit on Day 8 of Cycle 1.",,2011.0
PMID 21639810 a_Summary_SoE.pdf,Arm A (Ipilimumab + Dacarbazine),intervention,2.0,2.0,8.0,13.0,15.0,17.0,21.0,"Induction Phase: Dosing every 3 weeks (Weeks 1, 4, 7, 10, 13, 16, 19, 22). Maintenance Phase: Dosing every 12 weeks (Weeks 24, 36, 48). Tumor assessments every 6 weeks during early maintenance (Weeks 30, 36, 42, 48).",,2011.0
PMID 21639810 a_Summary_SoE.pdf,Arm B (Placebo + Dacarbazine),control,2.0,2.0,8.0,13.0,15.0,17.0,21.0,"Induction Phase: Dosing every 3 weeks (Weeks 1, 4, 7, 10, 13, 16, 19, 22). Maintenance Phase: Dosing every 12 weeks (Weeks 24, 36, 48). Tumor assessments every 6 weeks during early maintenance (Weeks 30, 36, 42, 48).",,2011.0
PMID 21751904 a_Summary_SoE.pdf,Arm 1 (Neoadjuvant TAS + Radiation Therapy),intervention,2.0,1.0,24.0,40.0,41.0,42.0,0.0,2 monthly TAS visits followed by 37 daily RT fractions (5 days/week). Follow-up visits every 3 months in Year 1.,,2011.0
PMID 21751904 a_Summary_SoE.pdf,Arm 2 (Radiation Therapy Alone),control,2.0,22.0,38.0,39.0,40.0,41.0,0.0,37 daily RT fractions (5 days/week). Follow-up visits every 3 months in Year 1.,,2011.0
PMID 21962393 CT_Summary_SoE.pdf,Arm A (Auto-Allo Transplant),intervention,3.0,15.0,27.0,43.0,44.0,45.0,0.0,"Phase 1: Melphalan (D-2), PBSC (D0), G-CSF (D5-14). Phase 2: TBI (D-3), PBSC (D0, D1). Follow-up: Weekly for 14 weeks, then monthly.",,2011.0
PMID 21962393 CT_Summary_SoE.pdf,Arm B (Tandem Auto Transplant + Maintenance),intervention,3.0,15.0,26.0,42.0,46.0,51.0,28.0,"Phase 1 & 2: Melphalan (D-2), PBSC (D0), G-CSF (D5-14). Maintenance: Monthly visits for drug dispensing and monitoring.",,2011.0
PMID 21962393 CT_Summary_SoE.pdf,Arm B (Tandem Auto Transplant + Observation),control,3.0,15.0,26.0,34.0,35.0,36.0,0.0,"Phase 1 & 2: Melphalan (D-2), PBSC (D0), G-CSF (D5-14). Follow-up: Weekly for 4 weeks, then at Day 60, Day 100, 6mo, 9mo, 12mo.",,2011.0
PMID 21990397 a_Summary_SoE.pdf,Arm A (Chemotherapy + Bevacizumab),intervention,2.0,2.0,5.0,9.0,13.0,18.0,21.0,Day 1 of each 21-day cycle for drug administration and assessments.,,2011.0
PMID 21990397 a_Summary_SoE.pdf,Arm B (Chemotherapy + Placebo),control,2.0,2.0,5.0,9.0,13.0,18.0,21.0,Day 1 of each 21-day cycle for drug administration and assessments.,,2011.0
PMID 21991949 a_Summary_SoE.pdf,AC→T (Doxorubicin and Cyclophosphamide followed by Docetaxel),control,1.0,2.0,5.0,8.0,10.0,11.0,21.0,Cycles 1-8: Day 1 of each 21-day cycle. Follow-up visits at 3 and 6 months post-treatment.,,2011.0
PMID 21991949 a_Summary_SoE.pdf,AC→TH (Doxorubicin and Cyclophosphamide followed by Docetaxel and Trastuzumab),intervention,1.0,2.0,6.0,17.0,22.0,26.0,21.0,"Cycles 1-4: Day 1. Cycle 5: Days 1, 2, 8, 15. Cycles 6-8: Days 1, 8, 15. Maintenance: Every 3 weeks for 1 year.",,2011.0
PMID 21991949 a_Summary_SoE.pdf,"TCH (Docetaxel, Carboplatin and Trastuzumab)",intervention,1.0,6.0,14.0,22.0,26.0,31.0,21.0,"Cycle 1: Days 1, 2, 8, 15. Cycles 2-6: Days 1, 8, 15. Maintenance: Every 3 weeks for 1 year.",,2011.0
PMID 22025146 CT_Summary_SoE.pdf,Vandetanib 300 mg,intervention,1.0,1.0,2.0,3.0,4.0,5.0,84.0,"Day 1, then every 12 weeks (Day 85, 169, 253, 337)",,2012.0
PMID 22025146 CT_Summary_SoE.pdf,Placebo,control,1.0,1.0,2.0,3.0,4.0,5.0,84.0,"Day 1, then every 12 weeks (Day 85, 169, 253, 337)",,2012.0
PMID 22119496 a_Summary_SoE.pdf,Arm A (Everolimus + Sandostatin LAR),intervention,1.0,3.0,5.0,8.0,11.0,15.0,28.0,Day 1 of every 28-day cycle; Day 15 of Cycle 1 only.,,2011.0
PMID 22119496 a_Summary_SoE.pdf,Arm B (Placebo + Sandostatin LAR),control,1.0,3.0,5.0,8.0,11.0,15.0,28.0,Day 1 of every 28-day cycle; Day 15 of Cycle 1 only.,,2011.0
PMID 22149875 a_Summary_SoE.pdf,Arm B (Pertuzumab + Trastuzumab + Docetaxel),intervention,2.0,5.0,10.0,16.0,20.0,25.0,21.0,"Cycle 1: Day 1, Day 2, Day 8; Cycles 2-6: Day 1, Day 8; Cycles 7+: Day 1",,2012.0
PMID 22149875 a_Summary_SoE.pdf,Arm A (Placebo + Trastuzumab + Docetaxel),control,2.0,5.0,10.0,16.0,20.0,25.0,21.0,"Cycle 1: Day 1, Day 2, Day 8; Cycles 2-6: Day 1, Day 8; Cycles 7+: Day 1",,2012.0
PMID 22149876 a_Summary_SoE.pdf,Arm A (Everolimus + Exemestane),intervention,1.0,3.0,5.0,7.0,9.0,11.0,42.0,"Day 1, Day 15, Day 28, then every 6 weeks (Day 42, 84, 126, 168, 210, 252, 294, 336)",,2012.0
PMID 22149876 a_Summary_SoE.pdf,Arm B (Placebo + Exemestane),control,1.0,3.0,5.0,7.0,9.0,11.0,42.0,"Day 1, Day 15, Day 28, then every 6 weeks (Day 42, 84, 126, 168, 210, 252, 294, 336)",,2012.0
PMID 22204724 a_Summary_SoE.pdf,Arm I (Standard Chemotherapy + Placebo),control,2.0,5.0,13.0,21.0,25.0,30.0,21.0,"Cycles 1-6: Day 1 (Treatment), Day 8 (Labs), Day 15 (Labs). Cycles 7-22: Day 1 (Treatment).",,2011.0
PMID 22204724 a_Summary_SoE.pdf,Arm II (Concurrent Bevacizumab),intervention,2.0,5.0,13.0,21.0,25.0,30.0,21.0,"Cycles 1-6: Day 1 (Treatment), Day 8 (Labs), Day 15 (Labs). Cycles 7-22: Day 1 (Treatment).",,2011.0
PMID 22204724 a_Summary_SoE.pdf,Arm III (Extended Bevacizumab),intervention,2.0,5.0,13.0,21.0,25.0,30.0,21.0,"Cycles 1-6: Day 1 (Treatment), Day 8 (Labs), Day 15 (Labs). Cycles 7-22: Day 1 (Treatment).",,2011.0
PMID 22257673 a_Summary_SoE.pdf,Lapatinib,intervention,1.0,2.0,8.0,12.0,17.0,21.0,21.0,"Pre-surgery: Weeks 1 & 4 (anti-HER2), Weeks 7-12 (weekly paclitaxel). Post-surgery: 3 cycles of FEC (q3w), followed by 34 weeks of anti-HER2 (q3w).",,2012.0
PMID 22257673 a_Summary_SoE.pdf,Trastuzumab,intervention,1.0,2.0,8.0,12.0,17.0,21.0,21.0,"Pre-surgery: Weeks 1 & 4 (anti-HER2), Weeks 7-12 (weekly paclitaxel). Post-surgery: 3 cycles of FEC (q3w), followed by 34 weeks of anti-HER2 (q3w).",,2012.0
PMID 22257673 a_Summary_SoE.pdf,Lapatinib + Trastuzumab,intervention,1.0,2.0,8.0,12.0,17.0,21.0,21.0,"Pre-surgery: Weeks 1 & 4 (anti-HER2), Weeks 7-12 (weekly paclitaxel). Post-surgery: 3 cycles of FEC (q3w), followed by 34 weeks of anti-HER2 (q3w).",,2012.0
PMID 22271472 a_Summary_SoE.pdf,"Arm A (Standard Treatment: Paclitaxel, Carboplatin, and Radiation)",control,2.0,2.0,33.0,34.0,35.0,36.0,21.0,Induction: Day 1 of 21-day cycles (2 cycles). Concurrent: Daily (5 days/week) for 6 weeks.,,2012.0
PMID 22271472 a_Summary_SoE.pdf,Arm B (Thalidomide + Standard Treatment),intervention,2.0,5.0,38.0,41.0,44.0,47.0,21.0,"Induction: Day 1 of 21-day cycles. Concurrent: Daily radiation (5 days/week) for 6 weeks. Maintenance: Weekly for first 2 months (escalation/pregnancy tests), then monthly.",,2012.0
PMID 22375970 a_Summary_SoE.pdf,INC424 (Ruxolitinib),intervention,2.0,4.0,7.0,10.0,12.0,14.0,28.0,"Day 1, Week 2 (Interim), Week 4 (Study Visit), Week 6 (Interim), Week 8 (Study Visit), Week 12 (Study Visit), then every 4-12 weeks.",,2012.0
PMID 22375970 a_Summary_SoE.pdf,Best Available Therapy (BAT),control,2.0,3.0,6.0,9.0,11.0,13.0,28.0,"Day 1, Week 2 (Interim), Week 4 (Study Visit), Week 6 (Interim), Week 8 (Study Visit), Week 12 (Study Visit), then every 4-12 weeks.",,2012.0
PMID 22375971 a_Summary_SoE.pdf,Arm A (INCB018424),intervention,2.0,4.0,7.0,10.0,12.0,15.0,28.0,"Day 1, Week 2 (lab), Pre-Week 4 (lab), Week 4, Week 6 (lab), Week 8, Week 12, Week 16, Week 20 (lab), Week 24, Week 30 (lab), Week 36, Week 42 (lab), Week 48, Follow-up.",,2012.0
PMID 22375971 a_Summary_SoE.pdf,Arm B (Placebo),control,2.0,4.0,7.0,10.0,12.0,15.0,28.0,"Day 1, Week 2 (lab), Pre-Week 4 (lab), Week 4, Week 6 (lab), Week 8, Week 12, Week 16, Week 20 (lab), Week 24, Week 30 (lab), Week 36, Week 42 (lab), Week 48, Follow-up.",,2012.0
PMID 22454414 a_Summary_SoE.pdf,"Arm A (Docetaxel, Prednisone, and Placebo)",control,3.0,2.0,6.0,11.0,17.0,23.0,21.0,Day 1 of each 21-day cycle for treatment and labs. Imaging (CT/MRI/Bone Scan) occurs every 3 cycles starting prior to Cycle 4.,,2012.0
PMID 22454414 a_Summary_SoE.pdf,"Arm B (Docetaxel, Prednisone, and Bevacizumab)",intervention,3.0,2.0,6.0,11.0,17.0,23.0,21.0,Day 1 of each 21-day cycle for treatment and labs. Imaging (CT/MRI/Bone Scan) occurs every 3 cycles starting prior to Cycle 4.,,2012.0
PMID 22508813 a_Summary_SoE.pdf,Arm A (Naproxen 500mg BID),intervention,1.0,2.0,2.0,2.0,2.0,2.0,21.0,"One screening/baseline visit (consent and questionnaires), one treatment visit (Day 2, 3, or 4 for pegfilgrastim administration and study drug distribution), and one follow-up visit (next chemotherapy cycle to return medication bottles).",,2012.0
PMID 22508813 a_Summary_SoE.pdf,Arm B (Matching Placebo),control,1.0,2.0,2.0,2.0,2.0,2.0,21.0,"One screening/baseline visit (consent and questionnaires), one treatment visit (Day 2, 3, or 4 for pegfilgrastim administration and study drug distribution), and one follow-up visit (next chemotherapy cycle to return medication bottles).",,2012.0
PMID 22529265 a_Summary_SoE.pdf,Arm A (Bevacizumab + Carboplatin + Gemcitabine),intervention,1.0,4.0,9.0,15.0,19.0,24.0,21.0,Chemotherapy Phase (Cycles 1-6): Days 1 and 8. Maintenance Phase (Cycles 7+): Day 1 only.,,2012.0
PMID 22529265 a_Summary_SoE.pdf,Arm B (Placebo + Carboplatin + Gemcitabine),control,1.0,4.0,9.0,15.0,19.0,24.0,21.0,Chemotherapy Phase (Cycles 1-6): Days 1 and 8. Maintenance Phase (Cycles 7+): Day 1 only.,,2012.0
PMID 22551107 a_Summary_SoE.pdf,"Arm A (EDP/M: Etoposide, Doxorubicin, Cisplatin + Mitotane)",intervention,1.0,9.0,25.0,42.0,44.0,46.0,28.0,"Days 1, 2, 3, 4 (chemo) and Days 12, 14 (nadir labs) per 28-day cycle.",,2012.0
PMID 22551107 a_Summary_SoE.pdf,Arm B (Sz/M: Streptozotocin + Mitotane),control,1.0,7.0,12.0,19.0,25.0,32.0,21.0,"Induction Days 1-5, then 1 day every 21 days for maintenance.",,2012.0
PMID 22564989 a_Summary_SoE.pdf,Arm A (Sunitinib + Erlotinib),intervention,1.0,3.0,7.0,10.0,13.0,17.0,28.0,Cycles 1-3: Day 1 and Day 15; Cycle 4+: Day 1 only.,,2012.0
PMID 22564989 a_Summary_SoE.pdf,Arm B (Placebo + Erlotinib),control,1.0,3.0,7.0,10.0,13.0,17.0,28.0,Cycles 1-3: Day 1 and Day 15; Cycle 4+: Day 1 only.,,2012.0
PMID 22571200 a_Summary_SoE.pdf,Arm A (MPR followed by Lenalidomide maintenance),intervention,1.0,5.0,9.0,15.0,21.0,25.0,28.0,"Induction (C1-C9): C1 has visits on D1, D8, D15, D22. C2-C9 have visits on D1 and D15. Maintenance (C10+): Visits on D1 only.",,2012.0
PMID 22571200 a_Summary_SoE.pdf,Arm B (MPR followed by Placebo maintenance),intervention,1.0,5.0,9.0,15.0,21.0,25.0,28.0,"Induction (C1-C9): C1 has visits on D1, D8, D15, D22. C2-C9 have visits on D1 and D15. Maintenance (C10+): Visits on D1 only.",,2012.0
PMID 22571200 a_Summary_SoE.pdf,Arm C (MP plus Placebo followed by Placebo maintenance),control,1.0,5.0,9.0,15.0,21.0,25.0,28.0,"Induction (C1-C9): C1 has visits on D1, D8, D15, D22. C2-C9 have visits on D1 and D15. Maintenance (C10+): Visits on D1 only.",,2012.0
PMID 22571201 a_Summary_SoE.pdf,Arm A (CC-5013 / Lenalidomide),intervention,28.0,4.0,7.0,13.0,16.0,19.0,28.0,"Weekly in Month 1, bi-weekly in Month 2, monthly thereafter. Dose escalation at Month 4 triggers 4 weekly visits.",,2012.0
PMID 22571201 a_Summary_SoE.pdf,Arm B (Placebo),control,28.0,4.0,7.0,13.0,16.0,19.0,28.0,"Weekly in Month 1, bi-weekly in Month 2, monthly thereafter. Dose escalation at Month 4 triggers 4 weekly visits.",,2012.0
PMID 22585697 a_Summary_SoE.pdf,Arm B (Clofarabine + Intermediate Dose Cytarabine),intervention,2.0,12.0,26.0,29.0,32.0,35.0,28.0,"Daily treatment for 5 days (Induction/Re-induction) or 4 days (Consolidation), followed by weekly visits for 3 weeks, then monthly follow-up.",,2012.0
PMID 22585697 a_Summary_SoE.pdf,Arm A (Placebo + Intermediate Dose Cytarabine),control,2.0,12.0,26.0,29.0,32.0,35.0,28.0,"Daily treatment for 5 days (Induction/Re-induction) or 4 days (Consolidation), followed by weekly visits for 3 weeks, then monthly follow-up.",,2012.0
PMID 22663011 a_Summary_SoE.pdf,Arm A (GSK1120212),intervention,1.0,2.0,5.0,9.0,13.0,18.0,21.0,Day 1 of each 21-day cycle.,,2012.0
PMID 22663011 a_Summary_SoE.pdf,Arm B (Chemotherapy - Dacarbazine or Paclitaxel),control,1.0,2.0,5.0,9.0,13.0,18.0,21.0,Day 1 of each 21-day cycle for IV infusion.,,2012.0
PMID 22689805 a_Summary_SoE.pdf,Arm B (Decitabine),intervention,1.0,8.0,23.0,41.0,60.0,79.0,28.0,Days 1-5 (Decitabine IV infusion) and Day 15 (Labs/Assessments) per 28-day cycle.,,2012.0
PMID 22689805 a_Summary_SoE.pdf,Arm A (Supportive Care or Low-dose Cytarabine),control,1.0,13.0,39.0,76.0,110.0,144.0,28.0,Days 1-10 (Cytarabine SC) and Day 15 (Labs/Assessments) per 28-day cycle.,,2012.0
PMID 22735384 a_Summary_SoE.pdf,Arm A (GSK2118436),intervention,1.0,3.0,6.0,10.0,14.0,20.0,21.0,"Day 1, Day 8, then every 3 weeks (Weeks 3, 6, 9, 12, 15, 18, 21, 24, 27, 30, 33, 36, 39, 42, 45, 48, 51)",,2012.0
PMID 22735384 a_Summary_SoE.pdf,Arm B (DTIC),control,1.0,3.0,6.0,10.0,14.0,20.0,21.0,"Day 1, Day 8, then every 3 weeks (Weeks 3, 6, 9, 12, 15, 18, 21, 24, 27, 30, 33, 36, 39, 42, 45, 48, 51)",,2012.0
PMID 22808955 a_Summary_SoE.pdf,Radical Prostatectomy,intervention,2.0,1.0,3.0,4.0,5.0,6.0,0.0,"Follow-up visits at 6 weeks, 3, 6, 9, and 12 months in the first year, then every 6 months.",,2012.0
PMID 22808955 a_Summary_SoE.pdf,Expectant Management (Watchful Waiting),control,2.0,0.0,2.0,3.0,4.0,5.0,0.0,"Follow-up visits at 6 weeks, 3, 6, 9, and 12 months in the first year, then every 6 months.",,2012.0
PMID 22851564 a_Summary_SoE.pdf,Arm A (Sorafenib + Gemcitabine + Cisplatin),intervention,2.0,5.0,13.0,21.0,25.0,30.0,21.0,"Chemotherapy Phase (Cycles 1-6): Days 1, 8, and 15 of each 21-day cycle. Maintenance Phase: Day 1 of each 21-day cycle.",,2012.0
PMID 22851564 a_Summary_SoE.pdf,Arm B (Placebo + Gemcitabine + Cisplatin),control,2.0,5.0,13.0,21.0,25.0,30.0,21.0,"Chemotherapy Phase (Cycles 1-6): Days 1, 8, and 15 of each 21-day cycle. Maintenance Phase: Day 1 of each 21-day cycle.",,2012.0
PMID 22853014 a_Summary_SoE.pdf,Arm 1 (Anastrozole alone),control,1.0,2.0,4.0,7.0,10.0,14.0,28.0,Day 1 of each 28-day cycle.,,2012.0
PMID 22853014 a_Summary_SoE.pdf,Arm 2 (Anastrozole and Fulvestrant),intervention,1.0,3.0,5.0,8.0,11.0,15.0,28.0,"Cycle 1: Days 1, 14, 28; Subsequent cycles: Day 28 of each cycle.",,2012.0
PMID 22894553 a_Summary_SoE.pdf,Arm A (MDV3100),intervention,1.0,3.0,5.0,8.0,9.0,10.0,28.0,"Days 1, 8, 29, 57, 85, 113, 141, 169, then every 12 weeks (84 days).",,2012.0
PMID 22894553 a_Summary_SoE.pdf,Arm B (Placebo),control,1.0,3.0,5.0,8.0,9.0,10.0,28.0,"Days 1, 8, 29, 57, 85, 113, 141, 169, then every 12 weeks (84 days).",,2012.0
PMID 22915657 a_Summary_SoE.pdf,Arm 1 (Palonosetron + Dexamethasone + Compazine + Placebo),intervention,1.0,1.0,1.0,1.0,1.0,1.0,21.0,1 screening/baseline visit (within 14 days of treatment); 1 treatment visit (Day 1).,,2012.0
PMID 22915657 a_Summary_SoE.pdf,Arm 2 (Granisetron + Dexamethasone + Compazine + Placebo),intervention,1.0,1.0,1.0,1.0,1.0,1.0,21.0,1 screening/baseline visit (within 14 days of treatment); 1 treatment visit (Day 1).,,2012.0
PMID 22915657 a_Summary_SoE.pdf,Arm 3 (Aprepitant + Palonosetron + Dexamethasone),control,1.0,1.0,1.0,1.0,1.0,1.0,21.0,1 screening/baseline visit (within 14 days of treatment); 1 treatment visit (Day 1).,,2012.0
PMID 22915657 a_Summary_SoE.pdf,Arm 4 (Palonosetron + Dexamethasone + Compazine + Dexamethasone),intervention,1.0,1.0,1.0,1.0,1.0,1.0,21.0,1 screening/baseline visit (within 14 days of treatment); 1 treatment visit (Day 1).,,2012.0
PMID 22949154 a_Summary_SoE.pdf,Arm 1 (Bosutinib),intervention,2.0,2.0,4.0,7.0,8.0,9.0,28.0,"Day 1, then every 4 weeks (Weeks 4, 8, 12, 16, 20, 24) for the first 6 months, then every 12 weeks (Weeks 36, 48).",,2012.0
PMID 22949154 a_Summary_SoE.pdf,Arm 2 (Imatinib),control,2.0,2.0,4.0,7.0,8.0,9.0,28.0,"Day 1, then every 4 weeks (Weeks 4, 8, 12, 16, 20, 24) for the first 6 months, then every 12 weeks (Weeks 36, 48).",,2012.0
PMID 22965961 a_Summary_SoE.pdf,Arm A/B (Cediranib + mFOLFOX6),intervention,1.0,4.0,8.0,14.0,21.0,28.0,14.0,"Day 1, then Week 1 (Day 8), then every 2 weeks (Day 15, 29, 43, etc.) for infusions and labs.",,2012.0
PMID 22965961 a_Summary_SoE.pdf,Arm C (Bevacizumab + mFOLFOX6),control,1.0,4.0,8.0,14.0,21.0,28.0,14.0,"Day 1, then Week 1 (Day 8), then every 2 weeks (Day 15, 29, 43, etc.) for infusions and labs.",,2012.0
PMID 22965962 a_Summary_SoE.pdf,Arm A (Aflibercept + Docetaxel),intervention,2.0,4.0,9.0,18.0,26.0,36.0,21.0,"Day 1 (Infusion, Labs, Clinic) and Week 2 (BP monitoring, Clinic) of each 21-day cycle.",,2012.0
PMID 22965962 a_Summary_SoE.pdf,Arm B (Placebo + Docetaxel),control,2.0,4.0,9.0,18.0,26.0,36.0,21.0,"Day 1 (Infusion, Labs, Clinic) and Week 2 (BP monitoring, Clinic) of each 21-day cycle.",,2012.0
PMID 22965965 a_Summary_SoE.pdf,FOLFOX Arm (Cediranib + FOLFOX),intervention,1.0,4.0,8.0,14.0,21.0,28.0,14.0,"Day 1, Week 1, then every 2 weeks (Week 2, 4, 6, etc.)",,2012.0
PMID 22965965 a_Summary_SoE.pdf,XELOX Arm (Cediranib + XELOX),intervention,1.0,4.0,7.0,11.0,15.0,20.0,21.0,"Day 1, Week 1, Week 2, then every 3 weeks (Week 3, 6, 9, etc.)",,2012.0
PMID 22987089 a_Summary_SoE.pdf,Arm A (Levocarnitine),intervention,1.0,2.0,3.0,3.0,3.0,3.0,28.0,"Screening (Day -14 to 0), Baseline (Day 1), Week 4 Evaluation (Day 29), Week 8 Evaluation (Day 57)",,2012.0
PMID 22987089 a_Summary_SoE.pdf,Arm B (Placebo),control,1.0,2.0,3.0,3.0,3.0,3.0,28.0,"Screening (Day -14 to 0), Baseline (Day 1), Week 4 Evaluation (Day 29), Week 8 Evaluation (Day 57)",,2012.0
PMID 23075175 a_Summary_SoE.pdf,PBSC Transplantation,intervention,1.0,5.0,14.0,19.0,21.0,23.0,0.0,"Weekly until Day 100, then at 4, 6, 7, 9, 11, and 12 months.",,2012.0
PMID 23075175 a_Summary_SoE.pdf,Marrow Transplantation,control,1.0,5.0,14.0,19.0,21.0,23.0,0.0,"Weekly until Day 100, then at 4, 6, 7, 9, 11, and 12 months.",,2012.0
PMID 23177515 a_Summary_SoE.pdf,Regorafenib,intervention,1.0,0.0,0.0,0.0,0.0,0.0,,Not specified in the provided document.,,2013.0
PMID 23177515 a_Summary_SoE.pdf,Placebo,control,1.0,0.0,0.0,0.0,0.0,0.0,,Not specified in the provided document.,,2013.0
PMID 23228172 a_Summary_SoE.pdf,Abiraterone Acetate + Prednisone,intervention,1.0,3.0,7.0,10.0,13.0,17.0,28.0,Cycles 1-3: Day 1 and Day 15. Cycles 4+: Day 1 only.,,2013.0
PMID 23228172 a_Summary_SoE.pdf,Placebo + Prednisone,control,1.0,3.0,7.0,10.0,13.0,17.0,28.0,Cycles 1-3: Day 1 and Day 15. Cycles 4+: Day 1 only.,,2013.0
PMID 23234763 a_Summary_SoE.pdf,Arm A (Lapatinib),intervention,1.0,1.0,1.0,1.0,1.0,1.0,,"Screening, Day 1, and periodic cardiac evaluations.",,2013.0
PMID 23234763 a_Summary_SoE.pdf,Arm B (Placebo),control,1.0,1.0,1.0,1.0,1.0,1.0,,"Screening, Day 1, and periodic cardiac evaluations.",,2013.0
PMID 23248256 a_Summary_SoE.pdf,Arm 1 (Carboplatin and Paclitaxel with Placebo),control,2.0,2.0,5.0,9.0,13.0,18.0,21.0,Day 1 of each 21-day cycle.,,2013.0
PMID 23248256 a_Summary_SoE.pdf,Arm 2 (Carboplatin and Paclitaxel with Sorafenib),intervention,2.0,2.0,5.0,9.0,13.0,18.0,21.0,Day 1 of each 21-day cycle.,,2013.0
PMID 23295789 a_Summary_SoE.pdf,Arm A (Chlorambucil alone),control,2.0,4.0,10.0,18.0,18.0,19.0,28.0,"Weekly for the first 6 weeks, then twice per 28-day cycle (Day 1 and Day 8/15) for 4 cycles.",,2013.0
PMID 23295789 a_Summary_SoE.pdf,Arm B (Rituximab plus Chlorambucil),intervention,2.0,4.0,10.0,18.0,18.0,19.0,28.0,"Weekly for the first 6 weeks, then twice per 28-day cycle. Rituximab infusions occur on Day 1 of each cycle.",,2013.0
PMID 23295789 a_Summary_SoE.pdf,Arm C (Rituximab alone),intervention,2.0,4.0,10.0,18.0,18.0,19.0,28.0,"Weekly for the first 6 weeks, then twice per 28-day cycle. Rituximab infusions occur on Day 1 of each cycle.",,2013.0
PMID 23295793 a_Summary_SoE.pdf,Toremifene Citrate 20 mg QD,intervention,1.0,1.0,2.0,3.0,3.0,4.0,1.0,"Screening, Randomization (Day 1), then visits at 3, 6, and 12 months within the first year.",,2013.0
PMID 23295793 a_Summary_SoE.pdf,Placebo QD,control,1.0,1.0,2.0,3.0,3.0,4.0,1.0,"Screening, Randomization (Day 1), then visits at 3, 6, and 12 months within the first year.",,2013.0
PMID 23358971 a_Summary_SoE.pdf,Arm 1 (Exemestane + Celecoxib),intervention,1.0,1.0,2.0,3.0,4.0,5.0,,"Screening visit, then visits at Months 3, 6, 9, and 12 during the first year.",,2013.0
PMID 23358971 a_Summary_SoE.pdf,Arm 2 (Exemestane + Placebo),control,1.0,1.0,2.0,3.0,4.0,5.0,,"Screening visit, then visits at Months 3, 6, 9, and 12 during the first year.",,2013.0
PMID 23358971 a_Summary_SoE.pdf,Arm 3 (Anastrozole + Celecoxib),intervention,1.0,1.0,2.0,3.0,4.0,5.0,,"Screening visit, then visits at Months 3, 6, 9, and 12 during the first year.",,2013.0
PMID 23358971 a_Summary_SoE.pdf,Arm 4 (Anastrozole + Placebo),control,1.0,1.0,2.0,3.0,4.0,5.0,,"Screening visit, then visits at Months 3, 6, 9, and 12 during the first year.",,2013.0
PMID 23358972_Summary_SoE.pdf,Arm A (FOLFIRI + sunitinib),intervention,2.0,5.0,9.0,15.0,22.0,29.0,42.0,"Cycle 1: Days 1, 8, 15, 22, 29. Cycle 2 onwards: Days 1, 15, 29.",,2013.0
PMID 23358972_Summary_SoE.pdf,Arm B (FOLFIRI + placebo),control,2.0,5.0,9.0,15.0,22.0,29.0,42.0,"Cycle 1: Days 1, 8, 15, 22, 29. Cycle 2 onwards: Days 1, 15, 29.",,2013.0
PMID 23460714 a_Summary_SoE.pdf,Arm A (Docetaxel + Placebo),control,2.0,4.0,10.0,20.0,30.0,40.0,28.0,"Docetaxel infusions occur on Days 1, 8, and 15 of every 28-day cycle.",,2013.0
PMID 23460714 a_Summary_SoE.pdf,Arm B (Docetaxel + ZD1839 (gefitinib)),intervention,2.0,4.0,10.0,20.0,30.0,40.0,28.0,"Docetaxel infusions occur on Days 1, 8, and 15 of every 28-day cycle.",,2013.0
PMID 23478059 a_Summary_SoE.pdf,Abagovomab,intervention,1.0,3.0,5.0,8.0,12.0,15.0,14.0,"Induction phase: visits every 2 weeks for 6 weeks (Weeks 0, 2, 4, 6). Maintenance phase: visits every 4 weeks starting at Week 10.",,2013.0
PMID 23478059 a_Summary_SoE.pdf,Placebo,control,1.0,3.0,5.0,8.0,12.0,15.0,14.0,"Induction phase: visits every 2 weeks for 6 weeks (Weeks 0, 2, 4, 6). Maintenance phase: visits every 4 weeks starting at Week 10.",,2013.0
PMID 23509322 a_Summary_SoE.pdf,Lapatinib + Paclitaxel,intervention,1.0,4.0,10.0,20.0,30.0,40.0,28.0,"Days 1, 8, and 15 of each 28-day cycle.",,2013.0
PMID 23509322 a_Summary_SoE.pdf,Placebo + Paclitaxel,control,1.0,4.0,10.0,20.0,30.0,40.0,28.0,"Days 1, 8, and 15 of each 28-day cycle.",,2013.0
PMID 23550669 a_Summary_SoE.pdf,,,,,,,,,,,Failed to parse JSON,2013.0
PMID 23569308 a_Summary_SoE.pdf,Arm A (Zibotentan + Docetaxel),intervention,1.0,5.0,9.0,13.0,17.0,22.0,21.0,"Weekly visits in Cycles 1 and 2 (Days 1, 8, 15), followed by 3-weekly visits (Day 1) for subsequent cycles.",,2013.0
PMID 23569308 a_Summary_SoE.pdf,Arm B (Placebo + Docetaxel),control,1.0,5.0,9.0,13.0,17.0,22.0,21.0,"Weekly visits in Cycles 1 and 2 (Days 1, 8, 15), followed by 3-weekly visits (Day 1) for subsequent cycles.",,2013.0
PMID 23690416 a_Summary_SoE.pdf,Arm A (Pharmacogenomic-based Chemotherapy Selection),intervention,2.0,3.0,7.0,12.0,14.0,16.0,28.0,"Days 1 and 15 of each 28-day cycle (based on the DV regimen, which is the most intensive schedule in Arm A).",,2013.0
PMID 23690416 a_Summary_SoE.pdf,Arm B (Standard of Care: Gemcitabine/Carboplatin),control,2.0,4.0,9.0,13.0,15.0,17.0,21.0,Days 1 and 8 of each 21-day cycle.,,2013.0
PMID 23724913 a_Summary_SoE.pdf,Arm A (PF-02341066 / Crizotinib),intervention,2.0,3.0,6.0,10.0,14.0,19.0,21.0,"Screening (estimated 2 days), Cycle 1 Day 1 and Day 15, then Day 1 of every subsequent 21-day cycle.",,2013.0
PMID 23724913 a_Summary_SoE.pdf,Arm B (Standard of Care Chemotherapy: Pemetrexed or Docetaxel),control,2.0,3.0,6.0,10.0,14.0,19.0,21.0,"Screening (estimated 2 days), Cycle 1 Day 1 and Day 15, then Day 1 of every subsequent 21-day cycle.",,2013.0
PMID 23733756 a_Summary_SoE.pdf,Arm 1 (Acetyl-L-Carnitine),intervention,1.0,4.0,12.0,13.0,14.0,15.0,7.0,"Weekly taxane infusions for 12 weeks; study-specific follow-up visits at Weeks 24, 36, and Year 1.",,2013.0
PMID 23733756 a_Summary_SoE.pdf,Arm 2 (Placebo),control,1.0,4.0,12.0,13.0,14.0,15.0,7.0,"Weekly taxane infusions for 12 weeks; study-specific follow-up visits at Weeks 24, 36, and Year 1.",,2013.0
PMID 23733779 a_Summary_SoE.pdf,Arm A (6 cycles of FAC),control,2.0,2.0,5.0,7.0,8.0,9.0,21.0,"FAC administered every 21 days for 6 cycles (C1D1, C2D1, C3D1, C4D1, C5D1, C6D1).",,2013.0
PMID 23733779 a_Summary_SoE.pdf,Arm B (4 cycles of FAC followed by 8 weekly administrations of Paclitaxel),intervention,2.0,2.0,5.0,13.0,14.0,15.0,21.0,"4 cycles of FAC every 21 days, followed by 8 weekly Paclitaxel infusions.",,2013.0
PMID 23816960 a_Summary_SoE.pdf,Arm A (Afatinib),intervention,2.0,4.0,7.0,11.0,15.0,20.0,21.0,Courses 1-2: Day 1 and Day 8. Courses 3+: Day 1 only.,,2013.0
PMID 23816960 a_Summary_SoE.pdf,Arm B (Pemetrexed/Cisplatin),control,2.0,4.0,7.0,11.0,15.0,20.0,21.0,Courses 1-2: Day 1 and Day 8. Courses 3-6: Day 1 only. Follow-up: Every 21 days.,,2013.0
PMID 23835708 a_Summary_SoE.pdf,Arm A (Bevacizumab Maintenance),control,1.0,2.0,5.0,9.0,13.0,18.0,21.0,Day 1 of each 21-day cycle (Induction: C1-C4; Maintenance: Cm1-Cm14),,2013.0
PMID 23835708 a_Summary_SoE.pdf,Arm B (Bevacizumab + Pemetrexed Maintenance),intervention,1.0,2.0,5.0,9.0,13.0,18.0,21.0,Day 1 of each 21-day cycle (Induction: C1-C4; Maintenance: Cm1-Cm14),,2013.0
PMID 23857972 a_Summary_SoE.pdf,Arm A (Sunitinib + Capecitabine),intervention,2.0,4.0,7.0,11.0,15.0,20.0,21.0,"Cycle 1: Days 1, 7, 14. Subsequent cycles: Day 1 only.",,2013.0
PMID 23857972 a_Summary_SoE.pdf,Arm B (Capecitabine Monotherapy),control,2.0,4.0,7.0,11.0,15.0,20.0,21.0,"Cycle 1: Days 1, 7, 14. Subsequent cycles: Day 1 only.",,2013.0
PMID 23863050 a_Summary_SoE.pdf,Arm A (Alpharadin),intervention,2.0,3.0,5.0,8.0,9.0,11.0,28.0,"6 administrations every 4 weeks (W0, W4, W8, W12, W16, W20), followed by an End of Treatment visit at W24, then follow-up visits every 2 months.",,2013.0
PMID 23863050 a_Summary_SoE.pdf,Arm B (Placebo),control,2.0,3.0,5.0,8.0,9.0,11.0,28.0,"6 administrations every 4 weeks (W0, W4, W8, W12, W16, W20), followed by an End of Treatment visit at W24, then follow-up visits every 2 months.",,2013.0
PMID 23940216 a_Summary_SoE.pdf,Arm A (Cediranib 30 mg Monotherapy),intervention,1.0,5.0,9.0,13.0,17.0,23.0,42.0,"Weekly for the first 6 weeks (Visits 2-8), then every 3 weeks (alternating Visit 9 and Visit 10).",,2013.0
PMID 23940216 a_Summary_SoE.pdf,Arm B (Cediranib 20 mg + Lomustine Combination),intervention,1.0,5.0,9.0,13.0,17.0,23.0,42.0,"Weekly for the first 6 weeks (Visits 2-8), then every 3 weeks (alternating Visit 9 and Visit 10).",,2013.0
PMID 23940216 a_Summary_SoE.pdf,Arm C (Lomustine + Placebo Control),control,1.0,5.0,9.0,13.0,17.0,23.0,42.0,"Weekly for the first 6 weeks (Visits 2-8), then every 3 weeks (alternating Visit 9 and Visit 10).",,2013.0
PMID 23940225 a_Summary_SoE.pdf,Group 1 (TAC),control,3.0,2.0,5.0,7.0,8.0,9.0,21.0,1 visit every 21 days for 6 cycles,,2013.0
PMID 23940225 a_Summary_SoE.pdf,Group 2 (DD AC -> P),intervention,3.0,3.0,7.0,9.0,10.0,11.0,14.0,1 visit every 14 days for 8 cycles (4 AC + 4 Paclitaxel),,2013.0
PMID 23940225 a_Summary_SoE.pdf,Group 3 (DD AC -> PG),intervention,3.0,3.0,7.0,9.0,10.0,11.0,14.0,1 visit every 14 days for 8 cycles (4 AC + 4 Paclitaxel/Gemcitabine),,2013.0
PMID 23960180 a_Summary_SoE.pdf,Arm A (Rituximab Maintenance),intervention,2.0,6.0,18.0,25.0,27.0,29.0,28.0,Induction: 4 days of treatment per 28-day cycle + 1 mid-cycle lab visit. Maintenance: 1 day every 2 months.,,2013.0
PMID 23960180 a_Summary_SoE.pdf,Arm B (No Further Therapy),control,2.0,6.0,18.0,25.0,26.0,27.0,28.0,Induction: 4 days of treatment per 28-day cycle + 1 mid-cycle lab visit. Follow-up: Evaluation visits only.,,2013.0
PMID 23980091 a_Summary_SoE.pdf,Arm 1 - ZD1839 (IRESSA),intervention,1.0,1.0,2.0,3.0,4.0,5.0,,"Month 1, Month 3, then every 3 months (Months 6, 9, 12).",,2013.0
PMID 23980091 a_Summary_SoE.pdf,Arm 2 - Placebo,control,1.0,1.0,2.0,3.0,4.0,5.0,,"Month 1, Month 3, then every 3 months (Months 6, 9, 12).",,2013.0
PMID 24043745 a_Summary_SoE.pdf,RAD001 + Best Supportive Care (BSC),intervention,2.0,3.0,6.0,10.0,14.0,19.0,28.0,"Screening (approx. 2 days); Day 1 (Treatment start); Day 15 (Safety); Monthly safety visits every 28 days (Day 29, 57, 85, etc.); Tumor assessments every 6 weeks (Day 43, 85, 127, etc.).",,2013.0
PMID 24043745 a_Summary_SoE.pdf,Placebo + Best Supportive Care (BSC),control,2.0,3.0,6.0,10.0,14.0,19.0,28.0,"Screening (approx. 2 days); Day 1 (Treatment start); Day 15 (Safety); Monthly safety visits every 28 days (Day 29, 57, 85, etc.); Tumor assessments every 6 weeks (Day 43, 85, 127, etc.).",,2013.0
PMID 24081940 a_Summary_SoE.pdf,Arm A (Soy protein powder + Placebo pill),intervention,1.0,1.0,1.0,1.0,1.0,1.0,0.0,"One screening visit for consent and physical exam, followed by a baseline visit on Day 1 for labs and randomization. All subsequent follow-ups (Weeks 2, 4, 8, and 13) are conducted via telephone.",,2013.0
PMID 24081940 a_Summary_SoE.pdf,Arm B (Casein powder + Effexor XR),intervention,1.0,1.0,1.0,1.0,1.0,1.0,0.0,"One screening visit for consent and physical exam, followed by a baseline visit on Day 1 for labs and randomization. All subsequent follow-ups (Weeks 2, 4, 8, and 13) are conducted via telephone.",,2013.0
PMID 24081940 a_Summary_SoE.pdf,Arm C (Soy protein powder + Effexor XR),intervention,1.0,1.0,1.0,1.0,1.0,1.0,0.0,"One screening visit for consent and physical exam, followed by a baseline visit on Day 1 for labs and randomization. All subsequent follow-ups (Weeks 2, 4, 8, and 13) are conducted via telephone.",,2013.0
PMID 24081940 a_Summary_SoE.pdf,Arm D (Casein protein powder + Placebo pill),control,1.0,1.0,1.0,1.0,1.0,1.0,0.0,"One screening visit for consent and physical exam, followed by a baseline visit on Day 1 for labs and randomization. All subsequent follow-ups (Weeks 2, 4, 8, and 13) are conducted via telephone.",,2013.0
PMID 24101040 a_Summary_SoE.pdf,Arm 1 (Standard Arm - Standard Temozolomide),control,2.0,22.0,33.0,39.0,46.0,52.0,28.0,Concurrent Phase: 5 days/week radiation for 6 weeks. Adjuvant Phase: Visits on Day 1 (TMZ start) and Day 21 (CBC) of each 28-day cycle.,,2013.0
PMID 24101040 a_Summary_SoE.pdf,Arm 2 (Experimental Arm - Dose-dense Temozolomide),intervention,2.0,22.0,34.0,43.0,53.0,63.0,28.0,"Concurrent Phase: 5 days/week radiation for 6 weeks. Adjuvant Phase: Visits on Days 1, 14, 21, and 28 of each 28-day cycle.",,2013.0
PMID 24101054 a_Summary_SoE.pdf,Arm 2 (Bevacizumab + Erlotinib),intervention,1.0,2.0,6.0,10.0,14.0,19.0,21.0,Every 3 weeks (Day 1 of each 21-day cycle).,,2013.0
PMID 24101054 a_Summary_SoE.pdf,Arm 1 (Bevacizumab + Erlotinib-placebo),control,1.0,2.0,6.0,10.0,14.0,19.0,21.0,Every 3 weeks (Day 1 of each 21-day cycle).,,2013.0
PMID 24131140 a_Summary_SoE.pdf,ABI-007 plus Gemcitabine,intervention,1.0,4.0,10.0,20.0,30.0,40.0,28.0,"Days 1, 8, and 15 of every 28-day cycle.",,2013.0
PMID 24131140 a_Summary_SoE.pdf,Gemcitabine Alone,control,1.0,5.0,11.0,21.0,31.0,41.0,28.0,"Cycle 1 (8 weeks): Days 1, 8, 15, 22, 29, 36, 43. Cycle 2 onwards (4 weeks): Days 1, 8, 15.",,2013.0
PMID 24145346 a_Summary_SoE.pdf,Arm A (Pemetrexed + Carboplatin + Bevacizumab),intervention,1.0,5.0,13.0,17.0,21.0,26.0,21.0,"Induction (Cycles 1-4): Days 1, 8, 15. Maintenance (Cycles 501+): Day 1.",,2013.0
PMID 24145346 a_Summary_SoE.pdf,Arm B (Paclitaxel + Carboplatin + Bevacizumab),control,1.0,5.0,13.0,17.0,21.0,26.0,21.0,"Induction (Cycles 1-4): Days 1, 8, 15. Maintenance (Cycles 501+): Day 1.",,2013.0
PMID 24297945 a_Summary_SoE.pdf,Arm A (Bevacizumab + Temsirolimus),intervention,2.0,5.0,13.0,26.0,39.0,53.0,28.0,"Weekly clinic visits (Days 1, 8, 15, 22 of each 28-day cycle).",,2014.0
PMID 24297945 a_Summary_SoE.pdf,Arm B (Bevacizumab + Interferon-alfa),control,2.0,5.0,13.0,26.0,39.0,53.0,28.0,"Weekly clinic visits (Days 1, 8, 15, 22 of each 28-day cycle).",,2014.0
PMID 24297950 a_Summary_SoE.pdf,Temsirolimus,intervention,2.0,5.0,13.0,26.0,39.0,53.0,42.0,"Weekly in-person visits (Days 1, 8, 15, 22, 29, 36 of each 42-day cycle) for IV infusion.",,2014.0
PMID 24297950 a_Summary_SoE.pdf,Sorafenib,control,2.0,3.0,7.0,13.0,20.0,27.0,42.0,"In-person visits every 2 weeks (Weeks 1, 3, 5 of each 42-day cycle). Off-weeks (Weeks 2, 4, 6) are telephone assessments.",,2014.0
PMID 24297951 a_Summary_SoE.pdf,Arm 1 (CaMg immediately before and after FOLFOX),intervention,1.0,3.0,7.0,12.0,14.0,15.0,14.0,"Day 1 of each 14-day cycle for 12 cycles (infusions). Follow-up visits at 1, 3, and 6 months after chemotherapy completion.",,2014.0
PMID 24297951 a_Summary_SoE.pdf,Arm 2 (Placebo immediately before and after FOLFOX),control,1.0,3.0,7.0,12.0,14.0,15.0,14.0,"Day 1 of each 14-day cycle for 12 cycles (infusions). Follow-up visits at 1, 3, and 6 months after chemotherapy completion.",,2014.0
PMID 24297951 a_Summary_SoE.pdf,Arm 3 (CaMg immediately before and placebo immediately after FOLFOX),intervention,1.0,3.0,7.0,12.0,14.0,15.0,14.0,"Day 1 of each 14-day cycle for 12 cycles (infusions). Follow-up visits at 1, 3, and 6 months after chemotherapy completion.",,2014.0
PMID 24323035 a_Summary_SoE.pdf,Arm A (Sunitinib plus Prednisone),intervention,1.0,3.0,5.0,8.0,11.0,15.0,28.0,"Screening visit, then Cycle 1 Day 1 and Day 15, followed by Day 1 of every subsequent 28-day cycle (e.g., Day 29, 57, 85, etc.).",,2014.0
PMID 24323035 a_Summary_SoE.pdf,Arm B (Placebo plus Prednisone),control,1.0,3.0,5.0,8.0,11.0,15.0,28.0,"Screening visit, then Cycle 1 Day 1 and Day 15, followed by Day 1 of every subsequent 28-day cycle (e.g., Day 29, 57, 85, etc.).",,2014.0
PMID 24395863 a_Summary_SoE.pdf,Regimen I (Weekly Cisplatin and Radiation Therapy),control,3.0,22.0,41.0,42.0,43.0,44.0,7.0,Daily radiotherapy (Mon-Fri) for 8 weeks; weekly cisplatin infusions.,,2014.0
PMID 24395863 a_Summary_SoE.pdf,"Regimen II (Cisplatin, Tirapazamine, and Radiation Therapy)",intervention,3.0,22.0,41.0,42.0,43.0,44.0,7.0,"Daily radiotherapy (Mon-Fri) for 8 weeks; Cisplatin on days 1, 15, 29; TPZ on days 1, 8, 10, 12, 15, 22, 24, 26, 29.",,2014.0
PMID 24401022 a_Summary_SoE.pdf,Arm A (GClb: Obinutuzumab + Chlorambucil),intervention,1.0,5.0,9.0,14.0,16.0,17.0,28.0,"Cycle 1: Days 1, 2, 8, 15; Cycles 2-6: Days 1, 15",,2014.0
PMID 24401022 a_Summary_SoE.pdf,Arm B (RClb: Rituximab + Chlorambucil),intervention,1.0,3.0,7.0,12.0,14.0,15.0,28.0,"Cycles 1-6: Days 1, 15",,2014.0
PMID 24401022 a_Summary_SoE.pdf,Arm C (Clb: Chlorambucil alone),control,1.0,3.0,7.0,12.0,14.0,15.0,28.0,"Cycles 1-6: Days 1, 15",,2014.0
PMID 24439929 CT_Summary_SoE.pdf,Arm A (BIBW 2992 / Afatinib),intervention,2.0,4.0,7.0,11.0,15.0,20.0,21.0,Courses 1-2: Day 1 and Day 8; Course 3+: Day 1 only.,,2014.0
PMID 24439929 CT_Summary_SoE.pdf,Arm B (Gemcitabine/Cisplatin),control,2.0,4.0,9.0,15.0,19.0,24.0,21.0,Courses 1-6: Day 1 and Day 8; Follow-up: Every 21 days.,,2014.0
PMID 24450857 a_Summary_SoE.pdf,Arm A (Idelalisib + Rituximab),intervention,1.0,3.0,7.0,10.0,12.0,14.0,0.0,"Every 2 weeks for 12 weeks, then every 4 weeks to Week 24, then every 6 weeks to Week 48.",,2014.0
PMID 24450857 a_Summary_SoE.pdf,Arm B (Placebo + Rituximab),control,1.0,3.0,7.0,10.0,12.0,14.0,0.0,"Every 2 weeks for 12 weeks, then every 4 weeks to Week 24, then every 6 weeks to Week 48.",,2014.0
PMID 24552317 a_Summary_SoE.pdf,Arm 1 (Conventional Chemoradiation + Placebo),control,4.0,21.0,33.0,44.0,54.0,66.0,28.0,"Concurrent phase: Daily (M-F) radiation for 6 weeks. Adjuvant phase: 28-day cycles with visits on Day 1 (Infusion/TMZ), Day 15 (Infusion), and Day 21 (Labs).",,2014.0
PMID 24552317 a_Summary_SoE.pdf,Arm 2 (Conventional Chemoradiation + Bevacizumab),intervention,4.0,21.0,33.0,44.0,54.0,66.0,28.0,"Concurrent phase: Daily (M-F) radiation for 6 weeks. Adjuvant phase: 28-day cycles with visits on Day 1 (Infusion/TMZ), Day 15 (Infusion), and Day 21 (Labs).",,2014.0
PMID 24552318 a_Summary_SoE.pdf,Arm B (Experimental Arm: Bevacizumab + Radiotherapy + Temozolomide),intervention,2.0,22.0,33.0,39.0,45.0,50.0,28.0,Concurrent Phase: RT 5 days/week for 6 weeks + Bevacizumab q2w. Maintenance Phase: 28-day cycles with visits on D1 and D15. Monotherapy Phase: 21-day cycles with visits on D1.,,2014.0
PMID 24552318 a_Summary_SoE.pdf,Arm A (Control Arm: Placebo + Radiotherapy + Temozolomide),control,2.0,22.0,33.0,39.0,45.0,50.0,28.0,Concurrent Phase: RT 5 days/week for 6 weeks + Placebo q2w. Maintenance Phase: 28-day cycles with visits on D1 and D15. Monotherapy Phase: 21-day cycles with visits on D1.,,2014.0
PMID 24552320 a_Summary_SoE.pdf,Regimen I & II (Cisplatin + Paclitaxel backbone +/- Bevacizumab),control,2.0,7.0,18.0,34.0,50.0,70.0,21.0,"D1 (Infusion), D2 (Infusion), D8 (Labs), D15 (Labs)",,2014.0
PMID 24552320 a_Summary_SoE.pdf,Regimen III & IV (Topotecan + Paclitaxel backbone +/- Bevacizumab),intervention,2.0,9.0,23.0,43.0,63.0,88.0,21.0,"D1 (Infusion), D2 (Infusion), D3 (Infusion), D8 (Labs), D15 (Labs)",,2014.0
PMID 24590644 a_Summary_SoE.pdf,Arm A (Early Zoledronic Acid),intervention,2.0,2.0,4.0,7.0,10.0,14.0,28.0,Day 1 of every 28-day cycle (4 weeks) during the double-blind phase.,,2014.0
PMID 24590644 a_Summary_SoE.pdf,Arm B (Placebo / Standard Zoledronic Acid),control,2.0,2.0,4.0,7.0,10.0,14.0,28.0,Day 1 of every 28-day cycle (4 weeks) during the double-blind phase receiving placebo infusions.,,2014.0
PMID 24637997 a_Summary_SoE.pdf,Arm 1 (Chemotherapy alone),control,2.0,5.0,13.0,26.0,39.0,53.0,28.0,"Days 1, 8, 15, 22 of a 28-day cycle",,2014.0
PMID 24637997 a_Summary_SoE.pdf,Arm 2 (Chemotherapy plus Bevacizumab),intervention,2.0,5.0,13.0,26.0,39.0,53.0,28.0,"Days 1, 8, 15, 22 of a 28-day cycle (Bevacizumab given on Days 1 and 15)",,2014.0
PMID 24733799 a_Summary_SoE.pdf,Doxepin-Placebo Sequence,intervention,1.0,6.0,11.0,11.0,11.0,11.0,7.0,"Screening (1 day), Dose 1 (Day 1), Dose 2 (Day 2), then weekly continuation visits (Cycles 3-10) and one End of Study visit.",,2014.0
PMID 24733799 a_Summary_SoE.pdf,Placebo-Doxepin Sequence,intervention,1.0,6.0,11.0,11.0,11.0,11.0,7.0,"Screening (1 day), Dose 1 (Day 1), Dose 2 (Day 2), then weekly continuation visits (Cycles 3-10) and one End of Study visit.",,2014.0
PMID 24768112 a_Summary_SoE.pdf,Sorafenib,intervention,1.0,1.0,2.0,4.0,5.0,7.0,56.0,"Day 1 (Treatment Start), then every 8 weeks (56 days) for imaging assessments.",,2014.0
PMID 24768112 a_Summary_SoE.pdf,Placebo,control,1.0,1.0,2.0,4.0,5.0,7.0,56.0,"Day 1 (Treatment Start), then every 8 weeks (56 days) for imaging assessments.",,2014.0
PMID 24849084 a_Summary_SoE.pdf,,,,,,,,,,,Failed to parse JSON,2014.0
PMID 24868024 a_Summary_SoE.pdf,Arm A (Lapatinib plus Paclitaxel),intervention,1.0,4.0,10.0,20.0,30.0,40.0,28.0,"Visits occur on Days 1, 8, and 15 of every 28-day cycle for Paclitaxel administration.",,2014.0
PMID 24868024 a_Summary_SoE.pdf,Arm B (Paclitaxel alone),control,1.0,4.0,10.0,20.0,30.0,40.0,28.0,"Visits occur on Days 1, 8, and 15 of every 28-day cycle for Paclitaxel administration.",,2014.0
PMID 24881463 a_Summary_SoE.pdf,SOFT Arm A (Tamoxifen alone),control,1.0,1.0,2.0,3.0,4.0,5.0,90.0,"Clinic visits every 3 months (Months 0, 3, 6, 9, 12).",,2014.0
PMID 24881463 a_Summary_SoE.pdf,SOFT Arm B (Ovarian Function Suppression plus Tamoxifen),intervention,1.0,2.0,4.0,7.0,10.0,14.0,28.0,Triptorelin injections every 28 days; full clinical assessments every 3 months.,,2014.0
PMID 24881463 a_Summary_SoE.pdf,SOFT Arm C (Ovarian Function Suppression plus Exemestane),intervention,1.0,2.0,4.0,7.0,10.0,14.0,28.0,Triptorelin injections every 28 days; full clinical assessments every 3 months.,,2014.0
PMID 24881463 a_Summary_SoE.pdf,TEXT Arm A (GnRH analogue plus Tamoxifen),intervention,1.0,2.0,4.0,7.0,10.0,14.0,28.0,Triptorelin injections every 28 days; full clinical assessments every 3 months.,,2014.0
PMID 24881463 a_Summary_SoE.pdf,TEXT Arm B (GnRH analogue plus Exemestane),intervention,1.0,2.0,4.0,7.0,10.0,14.0,28.0,Triptorelin injections every 28 days; full clinical assessments every 3 months.,,2014.0
PMID 24881631 a_Summary_SoE.pdf,Arm B (Ibrutinib),intervention,1.0,5.0,9.0,12.0,13.0,14.0,28.0,"Weekly for 8 weeks, then every 4 weeks until Week 24, then every 12 weeks thereafter.",,2014.0
PMID 24881631 a_Summary_SoE.pdf,Arm A (Ofatumumab),control,1.0,5.0,9.0,12.0,14.0,15.0,28.0,"Weekly for 8 weeks, then every 4 weeks until Week 24 (total 12 infusions). Follow-up every 12 weeks thereafter.",,2014.0
PMID 24881730 a_Summary_SoE.pdf,Arm A (MDV3100 / Enzalutamide),intervention,1.0,2.0,4.0,7.0,8.0,9.0,28.0,"Day 1, then every 4 weeks through Week 25 (Day 169), then every 12 weeks (Week 37/Day 253 and Week 49/Day 337).",,2014.0
PMID 24881730 a_Summary_SoE.pdf,Arm B (Placebo),control,1.0,2.0,4.0,7.0,8.0,9.0,28.0,"Day 1, then every 4 weeks through Week 25 (Day 169), then every 12 weeks (Week 37/Day 253 and Week 49/Day 337).",,2014.0
PMID 24888818 a_Summary_SoE.pdf,Arm A (Low Risk - Maintain Current Therapy),control,2.0,1.0,2.0,3.0,4.0,5.0,,"Baseline screening, Day 1 treatment start, then imaging reassessments every 12 weeks (Days 85, 169, 253, 337).",,2014.0
PMID 24888818 a_Summary_SoE.pdf,Arm B & C1 (Moderate/High Risk - Maintain Current Therapy),control,2.0,2.0,4.0,5.0,6.0,7.0,,"Baseline screening, Day 1 treatment start, Day 22 CTC draw, Day 50/57 CTC draw, then imaging/labs every 12 weeks (Days 85, 169, 253, 337).",,2014.0
PMID 24888818 a_Summary_SoE.pdf,Arm C2 (High Risk - Switch to Alternative Chemotherapy),intervention,2.0,3.0,5.0,6.0,7.0,8.0,,"Baseline screening, Day 1 treatment start, Day 22 CTC draw, Day 29 switch therapy start, Day 50/57 CTC draw, then imaging/labs every 12 weeks (Days 85, 169, 253, 337).",,2014.0
PMID 24898665 CT_Summary_SoE.pdf,Arm A (Rituximab),control,1.0,5.0,13.0,14.0,15.0,17.0,7.0,"Weekly infusions for 4 weeks (Days 0, 7, 14, 21), then weekly labs through Week 12, then quarterly follow-up.",,2015.0
PMID 24898665 CT_Summary_SoE.pdf,Arm B (Iodine I 131 Tositumomab),intervention,2.0,7.0,15.0,16.0,17.0,19.0,,"Dosimetric dose (Day 0), multiple scans (Days 2-7), therapeutic dose (Day 7-14), then weekly labs through Week 12, then quarterly follow-up.",,2015.0
PMID 24933332 a_Summary_SoE.pdf,Ramucirumab plus docetaxel,intervention,2.0,2.0,5.0,9.0,13.0,18.0,21.0,"One visit every 21 days (Day 1 of each cycle) for drug infusion, laboratory tests, and clinical assessment.",,2014.0
PMID 24933332 a_Summary_SoE.pdf,Placebo plus docetaxel,control,2.0,2.0,5.0,9.0,13.0,18.0,21.0,"One visit every 21 days (Day 1 of each cycle) for drug infusion, laboratory tests, and clinical assessment.",,2014.0
PMID 24934787 a_Summary_SoE.pdf,Arm 1: CA (Cyclophosphamide and Doxorubicin),intervention,2.0,3.0,5.0,6.0,6.0,7.0,14.0,Day 1 of each 14-day cycle for 4 cycles (8 weeks total).,,2014.0
PMID 24934787 a_Summary_SoE.pdf,Arm 2: Paclitaxel,intervention,2.0,3.0,5.0,6.0,6.0,7.0,14.0,Day 1 of each 14-day cycle for 4 cycles (8 weeks total).,,2014.0
PMID 24982457 a_Summary_SoE.pdf,Arm 1: Sublobar Resection (SR),control,1.0,1.0,2.0,3.0,3.0,4.0,0.0,"One-time surgical procedure followed by clinic visits at Months 3, 6, and 12.",,2014.0
PMID 24982457 a_Summary_SoE.pdf,Arm 2: Sublobar Resection + Brachytherapy (SR + BX),intervention,1.0,2.0,3.0,4.0,4.0,5.0,0.0,"One-time surgical procedure followed by a Month 1 dosimetry visit and clinic visits at Months 3, 6, and 12.",,2014.0
PMID 24982504 CT_Summary_SoE.pdf,Arm A (Sirolimus + Tacrolimus),intervention,1.0,20.0,28.0,32.0,33.0,34.0,,"Conditioning (7 days), Day 0 (Transplant), 3x weekly visits in Month 1, weekly visits in Months 2-3, weekly until Day 98, then Day 100, 180, 270, and 365.",,2014.0
PMID 24982504 CT_Summary_SoE.pdf,Arm B (Tacrolimus + Methotrexate),control,1.0,20.0,28.0,32.0,33.0,34.0,,"Conditioning (7 days), Day 0 (Transplant), 3x weekly visits in Month 1, weekly visits in Months 2-3, weekly until Day 98, then Day 100, 180, 270, and 365.",,2014.0
PMID 25014687 a_Summary_SoE.pdf,Arm A (Lanreotide Autogel 120 mg),intervention,3.0,4.0,6.0,11.0,14.0,18.0,28.0,"Dosing every 28 days (W1, W4, W8, etc.). Full clinical visits with imaging and labs every 12 weeks in Year 1. Additional PK blood draws on non-dosing days in Month 1 and Month 6.",,2014.0
PMID 25014687 a_Summary_SoE.pdf,Arm B (Placebo),control,3.0,4.0,6.0,11.0,14.0,18.0,28.0,"Dosing every 28 days (W1, W4, W8, etc.). Full clinical visits with imaging and labs every 12 weeks in Year 1. Additional PK blood draws on non-dosing days in Month 1 and Month 6.",,2014.0
PMID 25092781 a_Summary_SoE.pdf,Arm A (Standard Chemotherapy),control,2.0,12.0,26.0,40.0,43.0,46.0,35.0,"Induction I (10 days chemo, 2 BM), Induction II (8 days chemo, 1 BM), Intensification I-III (5 days chemo each, 2 additional BMs total).",,2014.0
PMID 25092781 a_Summary_SoE.pdf,Arm B (Standard Chemotherapy + GMTZ),intervention,2.0,12.0,26.0,41.0,44.0,47.0,35.0,"Same as Arm A, with additional GMTZ administration on Day 6 of Induction I and Intensification II.",,2014.0
PMID 25154829 a_Summary_SoE.pdf,Arm B (Rituximab Scheduled Dosing),intervention,3.0,4.0,4.0,5.0,6.0,8.0,91.0,Induction: Weekly for 4 weeks. Maintenance: Every 13 weeks (approx. 91 days).,,2014.0
PMID 25154829 a_Summary_SoE.pdf,Arm A (Rituximab Retreatment),control,3.0,4.0,4.0,5.0,6.0,8.0,91.0,Induction: Weekly for 4 weeks. Observation: Every 13 weeks (approx. 91 days).,,2014.0
PMID 25184863 a_Summary_SoE.pdf,Arm A (Rd until PD),intervention,1.0,5.0,11.0,14.0,17.0,21.0,28.0,"Cycle 1-2: Days 1, 8, 15, 22. Cycle 3: Days 1, 15. Cycle 4+: Day 1.",,2014.0
PMID 25184863 a_Summary_SoE.pdf,Arm B (Rd for 18 cycles),intervention,1.0,5.0,11.0,14.0,17.0,21.0,28.0,"Cycle 1-2: Days 1, 8, 15, 22. Cycle 3: Days 1, 15. Cycle 4-18: Day 1.",,2014.0
PMID 25184863 a_Summary_SoE.pdf,Arm C (MPT for 12 cycles),control,1.0,5.0,13.0,17.0,19.0,21.0,42.0,"Cycle 1-2: Days 1, 8, 15, 22, 29, 36. Cycle 3: Days 1, 15, 29. Cycle 4-12: Day 1.",,2014.0
PMID 25225436 a_Summary_SoE.pdf,Arm A (Pazopanib),intervention,1.0,4.0,7.0,7.0,8.0,10.0,,"Day 1, Day 8, Day 15, Day 22, Day 43, Day 64, Day 85, then every 3 months (Day 181, 271, 361, etc.)",,2014.0
PMID 25225436 a_Summary_SoE.pdf,Arm B (Placebo),control,1.0,4.0,7.0,7.0,8.0,10.0,,"Day 1, Day 8, Day 15, Day 22, Day 43, Day 64, Day 85, then every 3 months (Day 181, 271, 361, etc.)",,2014.0
PMID 25265494 a_Summary_SoE.pdf,Arm A (Vemurafenib + Placebo),control,2.0,3.0,7.0,11.0,15.0,20.0,28.0,"Days 1 and 15 for Cycles 1-3, 6, 9, 12; Day 1 for all other cycles.",,2014.0
PMID 25265494 a_Summary_SoE.pdf,Arm B (Vemurafenib + Cobimetinib),intervention,2.0,3.0,7.0,11.0,15.0,20.0,28.0,"Days 1 and 15 for Cycles 1-3, 6, 9, 12; Day 1 for all other cycles.",,2014.0
PMID 25267740 a_Summary_SoE.pdf,Arm S1 ((R)-GDP),intervention,2.0,4.0,7.0,7.0,7.0,7.0,21.0,Day 1 and Day 8 of each 21-day cycle.,,2014.0
PMID 25267740 a_Summary_SoE.pdf,Arm S2 ((R)-DHAP),intervention,2.0,4.0,7.0,7.0,7.0,7.0,21.0,Day 1 and Day 2 of each 21-day cycle.,,2014.0
PMID 25311218 a_Summary_SoE.pdf,RER Standard Arm (ABVE-PC x4 + IFRT),control,2.0,8.0,20.0,35.0,36.0,37.0,21.0,"ABVE-PC: Days 1, 2, 3, 8; IFRT: 14 daily fractions over 2.8 weeks.",,2014.0
PMID 25311218 a_Summary_SoE.pdf,"RER Reduced Therapy Arm (ABVE-PC x4, No IFRT)",intervention,2.0,8.0,20.0,22.0,23.0,24.0,21.0,"ABVE-PC: Days 1, 2, 3, 8; No radiation therapy.",,2014.0
PMID 25311218 a_Summary_SoE.pdf,SER Standard Therapy Arm (ABVE-PC x4 + IFRT),control,2.0,8.0,20.0,35.0,36.0,37.0,21.0,"ABVE-PC: Days 1, 2, 3, 8; IFRT: 14 daily fractions.",,2014.0
PMID 25311218 a_Summary_SoE.pdf,SER Augmented Therapy Arm (ABVE-PC x2 -> DECA x2 -> ABVE-PC x2 + IFRT),intervention,2.0,8.0,21.0,42.0,43.0,44.0,21.0,"ABVE-PC: Days 1, 2, 3, 8; DECA: Days 1, 2, 3; IFRT: 14 daily fractions.",,2014.0
PMID 25332243 a_Summary_SoE.pdf,Arm 1 (One Year High-Dose Interferon Alpha-2b),intervention,2.0,20.0,47.0,86.0,125.0,164.0,7.0,"Induction (Weeks 1-4): 5 days/week (M-F). Maintenance (Weeks 5-52): 3 days/week (M,W,F).",,2014.0
PMID 25332243 a_Summary_SoE.pdf,"Arm 2 (Biochemotherapy: Cisplatin, Vinblastine, DTIC, IL-2, IFN, G-CSF)",intervention,2.0,24.0,46.0,47.0,48.0,49.0,21.0,"3 cycles of 21 days. Each cycle has 15 contact days (Days 1-5 inpatient, Days 6-15 outpatient G-CSF/IFN).",,2014.0
PMID 25348000 a_Summary_SoE.pdf,Arm 1 (Fulvestrant + Lapatinib),intervention,2.0,3.0,5.0,8.0,11.0,15.0,28.0,"Screening (assumed 2 days); Cycle 1: Day 1, Day 15; Subsequent cycles: Day 1 of every 28-day cycle.",,2014.0
PMID 25348000 a_Summary_SoE.pdf,Arm 2 (Fulvestrant + Placebo),control,2.0,3.0,5.0,8.0,11.0,15.0,28.0,"Screening (assumed 2 days); Cycle 1: Day 1, Day 15; Subsequent cycles: Day 1 of every 28-day cycle.",,2014.0
PMID 25354103 a_Summary_SoE.pdf,Arm 1 (Single UCB),control,2.0,30.0,45.0,48.0,49.0,49.0,,"Daily conditioning (Days -10 to -1), Transplant (Day 0), Daily G-CSF (approx. Day 1-25), then weekly visits to Day 84, then Day 91, 100, 180, 365.",,2014.0
PMID 25354103 a_Summary_SoE.pdf,Arm 2 (Double UCB),intervention,2.0,30.0,45.0,48.0,49.0,49.0,,"Daily conditioning (Days -10 to -1), Transplant (Day 0), Daily G-CSF (approx. Day 1-25), then weekly visits to Day 84, then Day 91, 100, 180, 365.",,2014.0
PMID 25366680 a_Summary_SoE.pdf,Arm 1 (Standard Fractionation + Cisplatin),control,2.0,22.0,37.0,38.0,39.0,41.0,7.0,"5 days per week for 7 weeks of radiation therapy. Cisplatin administered on days 1, 22, and 43.",,2014.0
PMID 25366680 a_Summary_SoE.pdf,Arm 2 (Accelerated Fractionation + Cisplatin),intervention,2.0,22.0,32.0,33.0,34.0,36.0,7.0,5 days per week for 6 weeks of radiation therapy. Cisplatin administered on days 1 and 22.,,2014.0
PMID 25399551 a_Summary_SoE.pdf,Combination Arm (Dabrafenib + Trametinib),intervention,2.0,3.0,5.0,8.0,11.0,15.0,28.0,"Screening (assumed 2 days), Day 1, Day 15, then every 4 weeks (Day 29, 57, 85, 113, 141, 169, 197, 225, 253, 281, 309, 337, 365).",,2015.0
PMID 25399551 a_Summary_SoE.pdf,Control Arm (Vemurafenib),control,2.0,3.0,5.0,8.0,11.0,15.0,28.0,"Screening (assumed 2 days), Day 1, Day 15, then every 4 weeks (Day 29, 57, 85, 113, 141, 169, 197, 225, 253, 281, 309, 337, 365).",,2015.0
PMID 25399552 a_Summary_SoE.pdf,Arm A (Nivolumab),intervention,2.0,4.0,9.0,17.0,26.0,36.0,42.0,"4 visits per 6-week cycle (Days 1, 15, 22, 29)",,2015.0
PMID 25399552 a_Summary_SoE.pdf,Arm B (Dacarbazine),control,2.0,4.0,9.0,17.0,26.0,36.0,42.0,"4 visits per 6-week cycle (Days 1, 15, 22, 29)",,2015.0
PMID 25422488 a_Summary_SoE.pdf,Arm 5 (AC q2w x 4 -> Paclitaxel q2w x 6),intervention,2.0,6.0,14.0,21.0,21.0,22.0,14.0,AC Phase: 4 cycles of 14 days with visits on Day 1 (infusion) and Day 2 (pegfilgrastim). Paclitaxel Phase: 6 cycles of 14 days with visits on Day 1 (infusion) and Day 2 (pegfilgrastim).,,2015.0
PMID 25422488 a_Summary_SoE.pdf,Arm 6 (AC q2w x 4 -> Weekly Paclitaxel x 12),intervention,2.0,6.0,13.0,21.0,21.0,22.0,14.0,AC Phase: 4 cycles of 14 days with visits on Day 1 (infusion) and Day 2 (pegfilgrastim). Paclitaxel Phase: 12 weekly infusions (Day 1 only).,,2015.0
PMID 25470694 a_Summary_SoE.pdf,Arm A (Crizotinib),intervention,1.0,4.0,7.0,11.0,15.0,20.0,21.0,"Cycle 1: Days 1, 7, 15. Subsequent cycles: Day 1 only.",,2014.0
PMID 25470694 a_Summary_SoE.pdf,Arm B (Chemotherapy),control,1.0,4.0,7.0,11.0,13.0,15.0,21.0,"Cycle 1: Days 1, 7, 15. Cycles 2-6: Day 1. Post-treatment: Tumor assessments every 6 weeks.",,2014.0
PMID 25482145 a_Summary_SoE.pdf,"CRd (Carfilzomib, Lenalidomide, Dexamethasone)",intervention,2.0,7.0,19.0,37.0,55.0,77.0,28.0,"6 visits per cycle for Cycles 1-12 (Days 1, 2, 8, 9, 15, 16); 4 visits per cycle for Cycles 13-18 (Days 1, 2, 15, 16).",,2015.0
PMID 25482145 a_Summary_SoE.pdf,"Rd (Lenalidomide, Dexamethasone)",control,2.0,3.0,7.0,13.0,19.0,26.0,28.0,"2 visits per cycle for Cycles 1-12 (Days 1, 15); 1 visit per cycle for Cycles 13+ (Day 1).",,2015.0
PMID 25495490 a_Summary_SoE.pdf,Arm A (Tamoxifen alone),control,1.0,1.0,2.0,3.0,4.0,5.0,90.0,"Visits at Month 0, 3, 6, 9, 12 in the first year.",,2015.0
PMID 25495490 a_Summary_SoE.pdf,Arm B (OFS plus Tamoxifen),intervention,1.0,2.0,4.0,7.0,10.0,14.0,28.0,"Triptorelin injections every 28 days; study visits at Month 0, 3, 6, 9, 12.",,2015.0
PMID 25495490 a_Summary_SoE.pdf,Arm C (OFS plus Exemestane),intervention,1.0,2.0,4.0,7.0,10.0,14.0,28.0,"Triptorelin injections every 28 days; study visits at Month 0, 3, 6, 9, 12.",,2015.0
PMID 25547503 a_Summary_SoE.pdf,Sorafenib + Erlotinib,intervention,1.0,2.0,5.0,9.0,13.0,18.0,42.0,Day 1 and Day 22 of every 6-week (42-day) cycle.,,2015.0
PMID 25547503 a_Summary_SoE.pdf,Sorafenib + Placebo,control,1.0,2.0,5.0,9.0,13.0,18.0,42.0,Day 1 and Day 22 of every 6-week (42-day) cycle.,,2015.0
PMID 25605862 a_Summary_SoE.pdf,E7389 (Eribulin),intervention,1.0,5.0,12.0,17.0,18.0,19.0,21.0,"Days 1, 8, and 15 for Cycles 1-2; Days 1 and 8 for Cycles 3-6; plus tumor assessments on Day 15 of even cycles.",,2015.0
PMID 25605862 a_Summary_SoE.pdf,Capecitabine,control,1.0,5.0,12.0,17.0,18.0,19.0,21.0,"Days 1, 8, and 15 for Cycles 1-2; Days 1 and 8 for Cycles 3-6; plus tumor assessments on Day 15 of even cycles.",,2015.0
PMID 25629741 a_Summary_SoE.pdf,Arm 1 (INC424 / ruxolitinib),intervention,3.0,3.0,7.0,10.0,12.0,14.0,28.0,"Visits at Day 1, Week 4, 8, 12, 16, 20, 24, 28, 32, 40, 48, 56, 64, 72, 80. Lab-only visits at Weeks 2, 6, 10.",,2015.0
PMID 25629741 a_Summary_SoE.pdf,Arm 2 (Best Available Therapy),control,3.0,3.0,7.0,10.0,12.0,14.0,28.0,"Visits at Day 1, Week 4, 8, 12, 16, 20, 24, 28, 32, 40, 48, 56, 64, 72, 80. Lab-only visits at Weeks 2, 6, 10.",,2015.0
PMID 25671254 a_Summary_SoE.pdf,Arm A (Lenvatinib),intervention,2.0,3.0,6.0,9.0,12.0,16.0,28.0,"C1-C2: Day 1, Day 15; C3-C6: Day 1 (PK dose at site); C7+: Day 1 (dispensing and assessments).",,2015.0
PMID 25671254 a_Summary_SoE.pdf,Arm B (Placebo),control,2.0,3.0,6.0,9.0,12.0,16.0,28.0,"C1-C2: Day 1, Day 15; C3-C6: Day 1 (PK dose at site); C7+: Day 1 (dispensing and assessments).",,2015.0
PMID 25682602 a_Summary_SoE.pdf,Lower-dose prednisone (0.5 or 1 mg/kg/day),intervention,1.0,5.0,13.0,15.0,15.0,16.0,7.0,"Weekly assessments for toxicity (until Day 42) and weekly Plasma DNA PCR (until Day 100), followed by a 1-year follow-up visit.",,2015.0
PMID 25682602 a_Summary_SoE.pdf,Higher-dose prednisone (1 or 2 mg/kg/day),intervention,1.0,5.0,13.0,15.0,15.0,16.0,7.0,"Weekly assessments for toxicity (until Day 42) and weekly Plasma DNA PCR (until Day 100), followed by a 1-year follow-up visit.",,2015.0
PMID 25713428 a_Summary_SoE.pdf,Regimen I (Gemcitabine + Docetaxel + Placebo + G-CSF),control,2.0,4.0,11.0,22.0,32.0,44.0,21.0,"Day 1 and Day 8 of each 21-day cycle for infusions/labs. Imaging performed prior to every other cycle (C1, C3, C5, etc.).",,2015.0
PMID 25713428 a_Summary_SoE.pdf,Regimen II (Gemcitabine + Docetaxel + Bevacizumab + G-CSF),intervention,2.0,4.0,11.0,22.0,32.0,44.0,21.0,"Day 1 and Day 8 of each 21-day cycle for infusions/labs. Imaging performed prior to every other cycle (C1, C3, C5, etc.).",,2015.0
PMID 25738668 a_Summary_SoE.pdf,Arm 1 (Standard cyclophosphamide-containing adjuvant chemotherapy),control,2.0,2.0,5.0,7.0,7.0,8.0,21.0,Chemotherapy administered every 3 weeks (standard for AC/TAC regimens mentioned in protocol).,,2015.0
PMID 25738668 a_Summary_SoE.pdf,Arm 2 (Goserelin + standard cyclophosphamide-containing adjuvant chemotherapy),intervention,2.0,3.0,7.0,8.0,8.0,9.0,21.0,"Chemotherapy every 3 weeks plus Goserelin every 4 weeks, including a lead-in dose 1 week prior to first chemotherapy.",,2015.0
PMID 25738670 a_Summary_SoE.pdf,Arm A (VcR-CAP),intervention,2.0,9.0,20.0,27.0,29.0,31.0,21.0,"Days 1, 4, 8, 11 of each 21-day cycle",,2015.0
PMID 25738670 a_Summary_SoE.pdf,Arm B (R-CHOP),control,2.0,4.0,9.0,12.0,14.0,16.0,21.0,"Day 1 of each 21-day cycle, plus response evaluation visits",,2015.0
PMID 25779558 a_Summary_SoE.pdf,Arm 1 (Lapatinib + Taxane),intervention,2.0,6.0,12.0,20.0,21.0,22.0,28.0,"Weekly visits (Days 1, 8, 15) for 24 weeks, then clinic visits every 12 weeks during maintenance.",,2015.0
PMID 25779558 a_Summary_SoE.pdf,Arm 2 (Trastuzumab + Taxane),control,2.0,7.0,15.0,26.0,30.0,35.0,28.0,"Weekly visits (Days 1, 8, 15, 22) for 24 weeks, then maintenance Trastuzumab infusions every 3 weeks.",,2015.0
PMID 25891173 a_Summary_SoE.pdf,Arm 1: MK-3475 10 mg/kg Q2W,intervention,1.0,4.0,8.0,14.0,21.0,28.0,14.0,Day 1 of each 14-day cycle for drug administration. One additional contact day in Cycle 2 for PK sampling.,,2015.0
PMID 25891173 a_Summary_SoE.pdf,Arm 2: MK-3475 10 mg/kg Q3W,intervention,1.0,3.0,6.0,10.0,14.0,19.0,21.0,Day 1 of each 21-day cycle for drug administration. One additional contact day in Cycle 2 for PK sampling.,,2015.0
PMID 25891173 a_Summary_SoE.pdf,Arm 3: Ipilimumab 3 mg/kg Q3W,control,1.0,2.0,5.0,9.0,13.0,18.0,21.0,Day 1 of each 21-day cycle. Drug administration for first 4 cycles only. Monitoring visits continue every 21 days thereafter.,,2015.0
PMID 25897156 a_Summary_SoE.pdf,Donepezil,intervention,2.0,0.0,1.0,2.0,2.0,2.0,,"Baseline (in-person), Week 6 (phone), Week 12 (in-person), Week 24 (in-person).",,2015.0
PMID 25897156 a_Summary_SoE.pdf,Placebo,control,2.0,0.0,1.0,2.0,2.0,2.0,,"Baseline (in-person), Week 6 (phone), Week 12 (in-person), Week 24 (in-person).",,2015.0
PMID 25940724 a_Summary_SoE.pdf,Omega-3-Fatty Acid,intervention,1.0,1.0,3.0,4.0,4.0,4.0,,"Prestudy (Screening), Baseline (Day 0), Week 6, Week 12, Week 24",,2015.0
PMID 25940724 a_Summary_SoE.pdf,Placebo,control,1.0,1.0,3.0,4.0,4.0,4.0,,"Prestudy (Screening), Baseline (Day 0), Week 6, Week 12, Week 24",,2015.0
PMID 25970050 a_Summary_SoE.pdf,Arm A (TAS-102 + Best Supportive Care),intervention,2.0,4.0,8.0,14.0,20.0,28.0,28.0,"Cycle 1: Days 1, 12, 15. Subsequent Cycles: Days 1, 15.",,2015.0
PMID 25970050 a_Summary_SoE.pdf,Arm B (Placebo + Best Supportive Care),control,2.0,4.0,8.0,14.0,20.0,28.0,28.0,"Cycle 1: Days 1, 12, 15. Subsequent Cycles: Days 1, 15.",,2015.0
PMID 26014293 a_Summary_SoE.pdf,Arm A (OncoVEXGM-CSF),intervention,1.0,2.0,6.0,13.0,19.0,26.0,28.0,Cycle 1: Day 1 and Day 22 (35-day cycle). Subsequent cycles: Day 1 and Day 15 of each 28-day cycle.,,2015.0
PMID 26014293 a_Summary_SoE.pdf,Arm B (GM-CSF),control,1.0,3.0,7.0,13.0,20.0,27.0,28.0,Day 1 and Day 15 of each 28-day cycle.,,2015.0
PMID 26027431 a_Summary_SoE.pdf,Arm A (Nivolumab monotherapy),intervention,2.0,4.0,10.0,18.0,27.0,36.0,42.0,"Cycles 1-2: Weeks 1, 3, 4, 5 (dosing) + Week 6 (imaging in C2). Cycle 3+: Weeks 1, 3, 5 (dosing) + Week 6 (imaging).",,2015.0
PMID 26027431 a_Summary_SoE.pdf,Arm B (Nivolumab combined with ipilimumab),intervention,2.0,4.0,10.0,18.0,27.0,36.0,42.0,"Cycles 1-2: Weeks 1, 3, 4, 5 (dosing/placebo) + Week 6 (imaging in C2). Cycle 3+: Weeks 1, 3, 5 (dosing) + Week 6 (imaging).",,2015.0
PMID 26027431 a_Summary_SoE.pdf,Arm C (Ipilimumab monotherapy),control,2.0,4.0,10.0,18.0,27.0,36.0,42.0,"Cycles 1-2: Weeks 1, 3, 4, 5 (dosing/placebo) + Week 6 (imaging in C2). Cycle 3+: Weeks 1, 3, 5 (placebo) + Week 6 (imaging).",,2015.0
PMID 26028407 a_Summary_SoE.pdf,Arm A (Nivolumab),intervention,1.0,4.0,8.0,14.0,21.0,28.0,14.0,"C1D1, C1D8, then Day 1 of every 14-day cycle thereafter.",,2015.0
PMID 26028407 a_Summary_SoE.pdf,Arm B (Docetaxel),control,1.0,3.0,6.0,10.0,14.0,19.0,21.0,"C1D1, C1D8, then Day 1 of every 21-day cycle thereafter.",,2015.0
PMID 26030518 a_Summary_SoE.pdf,Arm A (Palbociclib + Fulvestrant),intervention,1.0,3.0,6.0,9.0,12.0,16.0,28.0,Cycle 1: Days 1 and 15; Cycle 2: Days 1 and 15; Cycles 3+: Day 1 only.,,2015.0
PMID 26030518 a_Summary_SoE.pdf,Arm B (Placebo + Fulvestrant),control,1.0,3.0,6.0,9.0,12.0,16.0,28.0,Cycle 1: Days 1 and 15; Cycle 2: Days 1 and 15; Cycles 3+: Day 1 only.,,2015.0
PMID 26035255 a_Summary_SoE.pdf,Investigational Arm (Elotuzumab + Lenalidomide/Dexamethasone),intervention,2.0,7.0,13.0,19.0,26.0,33.0,28.0,"Cycles 1-2: Days 1, 8, 15, 22; Cycles 3+: Days 1, 15.",,2015.0
PMID 26035255 a_Summary_SoE.pdf,Control Arm (Lenalidomide/Dexamethasone),control,2.0,7.0,13.0,19.0,26.0,33.0,28.0,"Cycles 1-2: Days 1, 8, 15, 22; Cycles 3+: Days 1, 15.",,2015.0
PMID 26040499 a_Summary_SoE.pdf,Denosumab (60mg Q6M),intervention,1.0,1.0,1.0,2.0,2.0,3.0,180.0,"Visits occur at Screening, Day 1, and then every 6 months (Month 6, 12, 18, 30, etc.)",,2015.0
PMID 26040499 a_Summary_SoE.pdf,Placebo (Q6M),control,1.0,1.0,1.0,2.0,2.0,3.0,180.0,"Visits occur at Screening, Day 1, and then every 6 months (Month 6, 12, 18, 30, etc.)",,2015.0
PMID 26056177 a_Summary_SoE.pdf,VD (VELCADE and Dexamethasone),intervention,1.0,7.0,18.0,34.0,44.0,53.0,21.0,"Induction (C1-8): 4 visits/cycle (D1, 4, 8, 11) every 21 days. Maintenance (C9-13): 4 visits/cycle (D1, 8, 15, 22) every 35 days.",,2015.0
PMID 26056177 a_Summary_SoE.pdf,"VTD (VELCADE, Thalidomide, and Dexamethasone)",intervention,2.0,7.0,18.0,34.0,44.0,53.0,21.0,"Induction (C1-8): 4 visits/cycle (D1, 4, 8, 11) every 21 days. Maintenance (C9-13): 4 visits/cycle (D1, 8, 15, 22) every 35 days.",,2015.0
PMID 26056177 a_Summary_SoE.pdf,"VMP (VELCADE, Melphalan, and Prednisone)",intervention,1.0,7.0,18.0,34.0,44.0,53.0,21.0,"Induction (C1-8): 4 visits/cycle (D1, 4, 8, 11) every 21 days. Maintenance (C9-13): 4 visits/cycle (D1, 8, 15, 22) every 35 days.",,2015.0
PMID 26122726 a_Summary_SoE.pdf,Arm A (Radiosurgery alone),intervention,3.0,1.0,3.0,4.0,5.0,6.0,0.0,"Single day treatment (SRS), followed by visits at Week 6, Week 12, Month 6, Month 9, and Month 12.",,2015.0
PMID 26122726 a_Summary_SoE.pdf,Arm B (Radiosurgery + Whole Brain Radiation Therapy),control,3.0,13.0,15.0,16.0,17.0,18.0,0.0,"13 days of treatment (1 day SRS + 12 days WBRT), followed by visits at Week 6, Week 12, Month 6, Month 9, and Month 12.",,2015.0
PMID 26159065 CT_Summary_SoE.pdf,Arm A (Gefitinib + Cisplatin/Pemetrexed),intervention,1.0,2.0,5.0,7.0,9.0,11.0,21.0,"Every 3 weeks for the first 5 cycles (Weeks 0, 3, 6, 9, 12), then every 6 weeks thereafter (Weeks 18, 24, 30, 36, 42, 48).",,2015.0
PMID 26159065 CT_Summary_SoE.pdf,Arm B (Placebo + Cisplatin/Pemetrexed),control,1.0,2.0,5.0,7.0,9.0,11.0,21.0,"Every 3 weeks for the first 5 cycles (Weeks 0, 3, 6, 9, 12), then every 6 weeks thereafter (Weeks 18, 24, 30, 36, 42, 48).",,2015.0
PMID 26169611 a_Summary_SoE.pdf,Arm A (Tivantinib + Erlotinib),intervention,1.0,5.0,9.0,14.0,15.0,16.0,28.0,"Cycle 1: Days 1, 8, 15, 22; Cycles 2-6: Days 1, 15; EOT: 30 days post-treatment; Follow-up: every 12 weeks.",,2015.0
PMID 26169611 a_Summary_SoE.pdf,Arm B (Placebo + Erlotinib),control,1.0,5.0,9.0,14.0,15.0,16.0,28.0,"Cycle 1: Days 1, 8, 15, 22; Cycles 2-6: Days 1, 15; EOT: 30 days post-treatment; Follow-up: every 12 weeks.",,2015.0
PMID 26206652 CT_Summary_SoE.pdf,Group 1 (Standard Fluid Management),control,1.0,9.0,9.0,9.0,9.0,9.0,0.0,1 screening visit; 1 surgery day; 7 daily post-operative ward assessment days; 1 post-operative follow-up visit within 30 days.,,2015.0
PMID 26206652 CT_Summary_SoE.pdf,Group 2 (Goal-Directed Fluid Management),intervention,1.0,9.0,9.0,9.0,9.0,9.0,0.0,1 screening visit; 1 surgery day; 7 daily post-operative ward assessment days; 1 post-operative follow-up visit within 30 days.,,2015.0
PMID 26244877 a_Summary_SoE.pdf,Arm A (Androgen Deprivation Therapy plus Docetaxel),intervention,1.0,2.0,5.0,7.0,8.0,9.0,21.0,Docetaxel administered on Day 1 of each 21-day cycle for 6 cycles. Follow-up visits occur every 12 weeks (84 days) thereafter.,,2015.0
PMID 26244877 a_Summary_SoE.pdf,Arm B (Androgen Deprivation Therapy alone),control,1.0,1.0,2.0,3.0,4.0,5.0,84.0,"Initial treatment start on Day 1, followed by assessments every 12 weeks (84 days).",,2015.0
PMID 26351350 a_Summary_SoE.pdf,Arm A: GM-CSF plus peptide vaccination (HLA-A2+),intervention,2.0,3.0,5.0,8.0,11.0,15.0,28.0,Cycle 1: Days 1 and 15. Cycles 2-13: Day 1. End of Treatment/12-month follow-up visit at Day 365.,,2015.0
PMID 26351350 a_Summary_SoE.pdf,Arm B: GM-CSF placebo plus peptide vaccination (HLA-A2+),intervention,2.0,3.0,5.0,8.0,11.0,15.0,28.0,Cycle 1: Days 1 and 15. Cycles 2-13: Day 1. End of Treatment/12-month follow-up visit at Day 365.,,2015.0
PMID 26351350 a_Summary_SoE.pdf,Arm C: GM-CSF plus peptide placebo (HLA-A2+),intervention,2.0,3.0,5.0,8.0,11.0,15.0,28.0,Cycle 1: Days 1 and 15. Cycles 2-13: Day 1. End of Treatment/12-month follow-up visit at Day 365.,,2015.0
PMID 26351350 a_Summary_SoE.pdf,Arm D: GM-CSF placebo plus peptide placebo (HLA-A2+),control,2.0,3.0,5.0,8.0,11.0,15.0,28.0,Cycle 1: Days 1 and 15. Cycles 2-13: Day 1. End of Treatment/12-month follow-up visit at Day 365.,,2015.0
PMID 26351350 a_Summary_SoE.pdf,Arm E: GM-CSF (HLA-A2-),intervention,2.0,2.0,4.0,7.0,10.0,14.0,28.0,Cycles 1-13: Day 1. End of Treatment/12-month follow-up visit at Day 365.,,2015.0
PMID 26351350 a_Summary_SoE.pdf,Arm F: GM-CSF placebo (HLA-A2-),control,2.0,2.0,4.0,7.0,10.0,14.0,28.0,Cycles 1-13: Day 1. End of Treatment/12-month follow-up visit at Day 365.,,2015.0
PMID 26371143 a_Summary_SoE.pdf,Arm A (Trabectedin),intervention,2.0,9.0,20.0,37.0,54.0,73.0,21.0,"Day 1 (Infusion start), Day 2 (Infusion end/disconnection), Day 8 (Labs), Day 15 (Labs) of each 21-day cycle.",,2016.0
PMID 26371143 a_Summary_SoE.pdf,Arm B (Dacarbazine),control,2.0,7.0,15.0,28.0,41.0,55.0,21.0,"Day 1 (Infusion), Day 8 (Labs), Day 15 (Labs) of each 21-day cycle.",,2016.0
PMID 26377300 CT_Summary_SoE.pdf,Arm A (Ofatumumab Maintenance),intervention,1.0,2.0,3.0,5.0,6.0,8.0,56.0,"Week 1, Week 2, then every 8 weeks (approx. every 2 months) for up to 2 years.",,2015.0
PMID 26377300 CT_Summary_SoE.pdf,Arm B (Observation),control,1.0,2.0,3.0,5.0,6.0,8.0,56.0,"Week 1, Week 2, then every 8 weeks (approx. every 2 months) for up to 2 years.",,2015.0
PMID 26406148 a_Summary_SoE.pdf,Arm A (Nivolumab),intervention,2.0,3.0,7.0,13.0,20.0,27.0,28.0,2 visits per 28-day cycle (Day 1 and Day 15),,2015.0
PMID 26406148 a_Summary_SoE.pdf,Arm B (Everolimus),control,2.0,2.0,4.0,7.0,10.0,14.0,28.0,1 visit per 28-day cycle (Day 1) for drug dispensing and assessments,,2015.0
PMID 26406150 a_Summary_SoE.pdf,Arm A (Cabozantinib),intervention,1.0,3.0,6.0,9.0,12.0,16.0,28.0,"W1D1, W3D1, W5D1, W7D1, W9D1, then every 4 weeks (W13D1, W17D1, etc.)",,2015.0
PMID 26406150 a_Summary_SoE.pdf,Arm B (Everolimus),control,1.0,3.0,6.0,9.0,12.0,16.0,28.0,"W1D1, W3D1, W5D1, W7D1, W9D1, then every 4 weeks (W13D1, W17D1, etc.)",,2015.0
PMID 26412349 a_Summary_SoE.pdf,Arm A & B (Hormonal Therapy Alone),control,2.0,0.0,1.0,2.0,3.0,4.0,,Oral daily medication; clinic visits every 3 months for the first year.,,2015.0
PMID 26412349 a_Summary_SoE.pdf,Arm C & D (Chemotherapy + Hormonal Therapy),intervention,2.0,2.0,5.0,6.0,7.0,8.0,21.0,"Day 1 of each 21-day cycle for 4 cycles, followed by 3-monthly follow-up visits.",,2015.0
PMID 26412456 a_Summary_SoE.pdf,Arm A (Nivolumab),intervention,2.0,4.0,8.0,14.0,21.0,28.0,14.0,"C1D1, C1D8, then Day 1 of every 14-day cycle thereafter.",,2015.0
PMID 26412456 a_Summary_SoE.pdf,Arm B (Docetaxel),control,2.0,3.0,6.0,10.0,14.0,19.0,21.0,"C1D1, C1D8, then Day 1 of every 21-day cycle thereafter.",,2015.0
PMID 26416999 a_Summary_SoE.pdf,Arm A (EC-T: Epirubicin/Cyclophosphamide followed by Docetaxel),control,2.0,2.0,5.0,9.0,10.0,11.0,21.0,"Day 1 of each 21-day cycle for 8 cycles, followed by an End of Treatment (EOT) visit at week 28, then follow-up visits every 3 months.",,2015.0
PMID 26416999 a_Summary_SoE.pdf,Arm B (ET-X: Epirubicin/Docetaxel followed by Capecitabine),intervention,2.0,2.0,5.0,9.0,10.0,11.0,21.0,"Day 1 of each 21-day cycle for 8 cycles, followed by an EOT visit at week 28, then follow-up visits every 3 months.",,2015.0
PMID 26527790 a_Summary_SoE.pdf,Arm B (Lapatinib),intervention,2.0,18.0,38.0,41.0,44.0,48.0,28.0,Daily radiotherapy (5 days/week) for 7 weeks during CRT phase; maintenance visits every 8 weeks with additional lab-only visits every 4 weeks.,,2015.0
PMID 26527790 a_Summary_SoE.pdf,Arm A (Placebo),control,2.0,18.0,38.0,41.0,44.0,48.0,28.0,Daily radiotherapy (5 days/week) for 7 weeks during CRT phase; maintenance visits every 8 weeks with additional lab-only visits every 4 weeks.,,2015.0
PMID 26540028 a_Summary_SoE.pdf,Arm A (Erlotinib),intervention,2.0,1.0,2.0,3.0,4.0,5.0,30.0,"Baseline (Day -X), Randomization (Day 0), Month 1, Month 3, Month 6, Month 9, Month 12",,2016.0
PMID 26540028 a_Summary_SoE.pdf,Arm B (Placebo),control,2.0,1.0,2.0,3.0,4.0,5.0,30.0,"Baseline (Day -X), Randomization (Day 0), Month 1, Month 3, Month 6, Month 9, Month 12",,2016.0
PMID 26598744 a_Summary_SoE.pdf,Arm 1 (Trastuzumab alone),control,2.0,2.0,5.0,9.0,13.0,18.0,21.0,Every 21 days for 52 weeks,,2016.0
PMID 26598744 a_Summary_SoE.pdf,Arm 2 (Lapatinib alone),intervention,2.0,1.0,3.0,5.0,6.0,7.0,,"Weeks 1, 7, 13, 19, 25, 37, 52",,2016.0
PMID 26598744 a_Summary_SoE.pdf,Arm 3 (Sequential Trastuzumab followed by Lapatinib),intervention,2.0,5.0,13.0,15.0,16.0,17.0,7.0,"Weekly for 12 weeks, then Weeks 13, 19, 25, 37, 52",,2016.0
PMID 26598744 a_Summary_SoE.pdf,Arm 4 (Combination Lapatinib and Trastuzumab),intervention,2.0,2.0,5.0,9.0,13.0,18.0,21.0,Every 21 days for 52 weeks,,2016.0
PMID 26628478 a_Summary_SoE.pdf,Arm A (CapeOx + Lapatinib),intervention,2.0,2.0,5.0,9.0,11.0,12.0,21.0,"Cycles 1-8: Day 1 of each 21-day cycle (q3w). After Cycle 8: Every 6 weeks (q6w) until Week 36, then every 12 weeks (q12w).",,2016.0
PMID 26628478 a_Summary_SoE.pdf,Arm B (CapeOx + Placebo),control,2.0,2.0,5.0,9.0,11.0,12.0,21.0,"Cycles 1-8: Day 1 of each 21-day cycle (q3w). After Cycle 8: Every 6 weeks (q6w) until Week 36, then every 12 weeks (q12w).",,2016.0
PMID 26639149 a_Summary_SoE.pdf,Arm A (Chlorambucil),control,1.0,3.0,7.0,13.0,17.0,21.0,28.0,"Days 1 and 15 for Cycles 1-7, then Day 1 only for Cycles 8-12. Follow-up visits start after Cycle 12.",,2015.0
PMID 26639149 a_Summary_SoE.pdf,Arm B (PCI-32765 / Ibrutinib),intervention,1.0,3.0,7.0,13.0,17.0,20.0,28.0,"Days 1 and 15 for Cycles 1-7, then Day 1 only for Cycles 8-12. Cycle 13 Day 1 is the first visit of the second year.",,2015.0
PMID 26655421 CT_Summary_SoE.pdf,Arm B (Ibrutinib + BR),intervention,1.0,6.0,13.0,21.0,24.0,27.0,28.0,"Cycle 1 (29 days): Days 1, 2, 3, 8, 15. Cycles 2-6 (28 days): Days 1, 2, 15. Cycles 7-12: Day 1. Cycle 13+: Day 1 every 3 cycles. CT scans every 12 weeks.",,2016.0
PMID 26655421 CT_Summary_SoE.pdf,Arm A (Placebo + BR),control,1.0,6.0,13.0,21.0,24.0,27.0,28.0,"Cycle 1 (29 days): Days 1, 2, 3, 8, 15. Cycles 2-6 (28 days): Days 1, 2, 15. Cycles 7-12: Day 1. Cycle 13+: Day 1 every 3 cycles. CT scans every 12 weeks.",,2016.0
PMID 26673811 a_Summary_SoE.pdf,Arm A (Ibrutinib),intervention,1.0,2.0,5.0,9.0,13.0,18.0,21.0,1 visit per 21-day cycle (Day 1),,2016.0
PMID 26673811 a_Summary_SoE.pdf,Arm B (Temsirolimus),control,1.0,5.0,13.0,26.0,39.0,53.0,21.0,"3 visits per 21-day cycle (Days 1, 8, 15)",,2016.0
PMID 26703889 a_Summary_SoE.pdf,Arm A (Everolimus + BSC),intervention,1.0,2.0,4.0,7.0,10.0,14.0,28.0,"Visits occur every 28 days (4 weeks) for safety monitoring, drug supply, and laboratory assessments. Tumor assessments (imaging) occur every 8 weeks (every other visit) for the first 12 months.",,2016.0
PMID 26703889 a_Summary_SoE.pdf,Arm B (Placebo + BSC),control,1.0,2.0,4.0,7.0,10.0,14.0,28.0,"Visits occur every 28 days (4 weeks) for safety monitoring, placebo supply, and laboratory assessments. Tumor assessments (imaging) occur every 8 weeks (every other visit) for the first 12 months.",,2016.0
PMID 26712084b_Summary_SoE.pdf,MK-3475 (Pembrolizumab) 2 mg/kg or 10 mg/kg Q3W,intervention,2.0,2.0,5.0,9.0,13.0,18.0,21.0,Day 1 of each 3-week cycle (Q3W).,,2016.0
PMID 26712084b_Summary_SoE.pdf,Docetaxel 75 mg/m2 Q3W,control,2.0,2.0,5.0,9.0,13.0,18.0,21.0,Day 1 of each 3-week cycle (Q3W).,,2016.0
PMID 26811519 a_Summary_SoE.pdf,Arm A (Pemetrexed + Cisplatin + TRT),intervention,1.0,4.0,11.0,22.0,25.0,26.0,21.0,"Concurrent Phase: Days 1, 8, 15 for 3 cycles. Consolidation Phase: Days 1, 8, 15 for 4 cycles.",,2016.0
PMID 26811519 a_Summary_SoE.pdf,Arm B (Etoposide + Cisplatin + TRT),control,1.0,5.0,11.0,19.0,20.0,21.0,28.0,"Concurrent Phase: Days 1, 8, 15, 22 for 2 cycles. Consolidation Phase: Days 1, 8, 15, 22 for 2 cycles.",,2016.0
PMID 26858335 a_Summary_SoE.pdf,Epoetin Alfa group,intervention,1.0,5.0,13.0,26.0,39.0,52.0,7.0,"Weekly visits for study drug administration (Epoetin Alfa) and safety monitoring (Hb, ANC, platelets, ECOG, TVE signs).",,2016.0
PMID 26858335 a_Summary_SoE.pdf,Control group (Standard Supportive Care alone),control,1.0,5.0,13.0,26.0,39.0,52.0,7.0,"Weekly visits for hemoglobin monitoring and safety assessments (ANC, platelets, ECOG, TVE signs).",,2016.0
PMID 26884585 a_Summary_SoE.pdf,Apatinib (850 mg once daily),intervention,2.0,5.0,14.0,21.0,30.0,39.0,28.0,"Weekly visits in Cycles 1-3 (Days 1, 8, 15, 22), then biweekly visits from Cycle 4 onwards (Days 1, 15). Efficacy evaluations (imaging) every 8 weeks.",,2016.0
PMID 26884585 a_Summary_SoE.pdf,Placebo,control,2.0,5.0,14.0,21.0,30.0,39.0,28.0,"Weekly visits in Cycles 1-3 (Days 1, 8, 15, 22), then biweekly visits from Cycle 4 onwards (Days 1, 15). Efficacy evaluations (imaging) every 8 weeks.",,2016.0
PMID 26933849 a_Summary_SoE.pdf,Arm A (Every-3-week Paclitaxel + Carboplatin),control,1.0,2.0,5.0,7.0,8.0,9.0,21.0,1 visit per 21-day cycle (Day 1) for 6 cycles.,,2016.0
PMID 26933849 a_Summary_SoE.pdf,Arm B (Weekly Paclitaxel + Carboplatin),intervention,1.0,5.0,13.0,19.0,20.0,21.0,21.0,"3 visits per 21-day cycle (Days 1, 8, 15) for 6 cycles.",,2016.0
PMID 26997579 a _Summary_SoE.pdf,APF530 Arm (APF530 + Fosaprepitant + Dexamethasone),intervention,1.0,2.0,2.0,2.0,2.0,2.0,0.0,"Screening (1 day), Day 1 (Treatment), Day 8 (Safety/Follow-up)",,2016.0
PMID 26997579 a _Summary_SoE.pdf,Ondansetron Arm (Ondansetron + Fosaprepitant + Dexamethasone),control,1.0,2.0,2.0,2.0,2.0,2.0,0.0,"Screening (1 day), Day 1 (Treatment), Day 8 (Safety/Follow-up)",,2016.0
PMID 27044935 a_Summary_SoE.pdf,Arm 1 (Conventionally Fractionated 3D-CRT/IMRT),control,2.0,22.0,42.0,43.0,44.0,45.0,7.0,5 fractions per week for 8.2 weeks (total 41 fractions).,,2016.0
PMID 27044935 a_Summary_SoE.pdf,Arm 2 (Hypofractionated 3D-CRT/IMRT),intervention,2.0,22.0,29.0,30.0,31.0,32.0,7.0,5 fractions per week for 5.6 weeks (total 28 fractions).,,2016.0
PMID 27119237 a_Summary_SoE.pdf,Arm A (MLN9708 + Lenalidomide + Dexamethasone),intervention,1.0,5.0,11.0,14.0,17.0,21.0,28.0,"Cycles 1-2: Days 1, 7, 14, 21; Cycle 3: Days 1, 14; Cycles 4+: Day 1 of each 28-day cycle.",,2016.0
PMID 27119237 a_Summary_SoE.pdf,Arm B (Placebo + Lenalidomide + Dexamethasone),control,1.0,5.0,11.0,14.0,17.0,21.0,28.0,"Cycles 1-2: Days 1, 7, 14, 21; Cycle 3: Days 1, 14; Cycles 4+: Day 1 of each 28-day cycle.",,2016.0
PMID 27264120 a_Summary_SoE.pdf,Arm 1: Letrozole (MA.17 Core Study),intervention,1.0,1.0,1.0,2.0,2.0,3.0,0.0,"Screening, Day 1 (Randomization), Month 6, Month 12",,2016.0
PMID 27264120 a_Summary_SoE.pdf,Arm 2: Placebo (MA.17 Core Study),control,1.0,1.0,1.0,2.0,2.0,3.0,0.0,"Screening, Day 1 (Randomization), Month 6, Month 12",,2016.0
PMID 27264120 a_Summary_SoE.pdf,Arm 1: Letrozole (MA.17R Amendment),intervention,1.0,1.0,1.0,1.0,1.0,2.0,0.0,"Screening, Day 1 (Randomization), Month 12",,2016.0
PMID 27264120 a_Summary_SoE.pdf,Arm 2: Placebo (MA.17R Amendment),control,1.0,1.0,1.0,1.0,1.0,2.0,0.0,"Screening, Day 1 (Randomization), Month 12",,2016.0
PMID 27354480 a_Summary_SoE.pdf,Lenalidomide,intervention,1.0,1.0,2.0,3.0,3.0,3.0,28.0,"Screening, Day 1 (Treatment Start), Week 12 Assessment, Week 24 Assessment",,2016.0
PMID 27354480 a_Summary_SoE.pdf,Placebo,control,1.0,1.0,2.0,3.0,3.0,3.0,28.0,"Screening, Day 1 (Treatment Start), Week 12 Assessment, Week 24 Assessment",,2016.0
PMID 27458307 a_Summary_SoE.pdf,Arm A (Ipilimumab + Etoposide/Platinum),intervention,1.0,6.0,15.0,19.0,21.0,23.0,21.0,Induction (Cycles 1-6): Cycles 1-4 require 3 consecutive days for chemotherapy; Cycles 5-6 require 1 day for Ipilimumab. Maintenance: 1 day every 12 weeks.,,2016.0
PMID 27458307 a_Summary_SoE.pdf,Arm B (Placebo + Etoposide/Platinum),control,1.0,6.0,15.0,19.0,21.0,23.0,21.0,Induction (Cycles 1-6): Cycles 1-4 require 3 consecutive days for chemotherapy; Cycles 5-6 require 1 day for Placebo. Maintenance: 1 day every 12 weeks.,,2016.0
PMID 27458945 a_Summary_SoE.pdf,Arm A (Radiosurgery alone),intervention,2.0,1.0,3.0,4.0,5.0,6.0,0.0,"Screening (2 days), Treatment (1 day SRS), Follow-up (W6, W12, M6, M9, M12)",,2016.0
PMID 27458945 a_Summary_SoE.pdf,Arm B (Radiosurgery + Whole Brain Radiation Therapy),control,2.0,13.0,15.0,16.0,17.0,18.0,0.0,"Screening (2 days), Treatment (1 day SRS + 12 days WBRT), Follow-up (W6, W12, M6, M9, M12)",,2016.0
PMID 27557302 a_Summary_SoE.pdf,"DVd (Daratumumab, Bortezomib, Dexamethasone)",intervention,1.0,8.0,21.0,36.0,39.0,43.0,21.0,"Cycles 1-3: Days 1, 4, 8, 11, 15 (5 visits/cycle). Cycles 4-8: Days 1, 4, 8, 11 (4 visits/cycle). Cycle 9+: Day 1 (1 visit/cycle).",,2016.0
PMID 27557302 a_Summary_SoE.pdf,"Vd (Bortezomib, Dexamethasone)",control,1.0,7.0,18.0,33.0,36.0,40.0,21.0,"Cycles 1-8: Days 1, 4, 8, 11 (4 visits/cycle). Cycle 9+: Day 1 (1 visit/cycle for assessments).",,2016.0
PMID 27569442 CT_Summary_SoE.pdf,MAP (Standard Therapy),control,2.0,3.0,11.0,21.0,25.0,26.0,35.0,"Induction: 2 days start of cycle, 1 day mid-cycle, 1 day end-cycle. Post-Op: 2 days start of cycle, 1 day mid-cycle.",,2016.0
PMID 27569442 CT_Summary_SoE.pdf,MAPifn (MAP + Pegylated Interferon alfa-2b),intervention,2.0,3.0,11.0,21.0,34.0,48.0,35.0,"Standard MAP pattern for 29 weeks, followed by weekly interferon injections from Week 30 to 104.",,2016.0
PMID 27569442 CT_Summary_SoE.pdf,MAPIE (MAP + Ifosfamide and Etoposide),intervention,2.0,3.0,11.0,27.0,40.0,43.0,28.0,Induction: MAP pattern. Post-Op: Alternating cycles of 5-day infusions (Ifos/Etop) and 1-day infusions (MTX).,,2016.0
PMID 27705267 a_Summary_SoE.pdf,"DRd (Daratumumab, Lenalidomide, and Dexamethasone)",intervention,2.0,5.0,11.0,17.0,20.0,24.0,28.0,"Cycles 1-2: Days 1, 8, 15, 22 (Weekly); Cycles 3-6: Days 1, 15 (Biweekly); Cycles 7+: Day 1 (Monthly).",,2016.0
PMID 27705267 a_Summary_SoE.pdf,Rd (Lenalidomide and Dexamethasone),control,2.0,5.0,11.0,17.0,20.0,24.0,28.0,"Cycles 1-2: Days 1, 8, 15, 22; Cycles 3-6: Days 1, 15; Cycles 7+: Day 1.",,2016.0
PMID 27717299 a_Summary_SoE.pdf,Arm A (Niraparib),intervention,1.0,5.0,7.0,10.0,13.0,17.0,28.0,"Cycle 1: Days 1, 8, 15, 21. Subsequent Cycles: Day 1 only.",,2016.0
PMID 27717299 a_Summary_SoE.pdf,Arm B (Placebo),control,1.0,5.0,7.0,10.0,13.0,17.0,28.0,"Cycle 1: Days 1, 8, 15, 21. Subsequent Cycles: Day 1 only.",,2016.0
PMID 27717303 a_Summary_SoE.pdf,Arm A (Ribociclib + Letrozole),intervention,2.0,3.0,5.0,8.0,11.0,15.0,28.0,"Cycle 1: Day 1, Day 15; Cycle 2+: Day 1 only.",,2016.0
PMID 27717303 a_Summary_SoE.pdf,Arm B (Placebo + Letrozole),control,2.0,3.0,5.0,8.0,11.0,15.0,28.0,"Cycle 1: Day 1, Day 15; Cycle 2+: Day 1 only.",,2016.0
PMID 27718781 a_Summary_SoE.pdf,Arm A (Sunitinib),intervention,2.0,2.0,4.0,6.0,8.0,10.0,42.0,Cycle 1: Day 1 and Day 28. Cycles 2-9: Day 1 only.,,2016.0
PMID 27718781 a_Summary_SoE.pdf,Arm B (Placebo),control,2.0,2.0,4.0,6.0,8.0,10.0,42.0,Cycle 1: Day 1 and Day 28. Cycles 2-9: Day 1 only.,,2016.0
PMID 27718784 a_Summary_SoE.pdf,Arm N (Nivolumab),intervention,2.0,4.0,8.0,14.0,21.0,28.0,14.0,Nivolumab administered every 2 weeks (Q2W). One additional standalone biomarker lab visit occurs on Day 8 of the first month.,,2016.0
PMID 27718784 a_Summary_SoE.pdf,"Arm IC (Investigator’s Choice: Cetuximab, Methotrexate, or Docetaxel)",control,2.0,5.0,13.0,26.0,39.0,53.0,7.0,Weekly treatment visits for all agents in the Investigator's Choice arm.,,2016.0
PMID 27731748 a_Summary_SoE.pdf,Ofatumumab plus fludarabine and cyclophosphamide (OFA+FC),intervention,1.0,5.0,12.0,19.0,20.0,21.0,28.0,"Days 1, 2, and 3 of each 28-day cycle for 6 cycles.",,2017.0
PMID 27731748 a_Summary_SoE.pdf,Fludarabine and cyclophosphamide (FC) alone,control,1.0,5.0,12.0,19.0,20.0,21.0,28.0,"Days 1, 2, and 3 of each 28-day cycle for 6 cycles.",,2017.0
PMID 27787547 a_Summary_SoE.pdf,cG250,intervention,1.0,4.0,13.0,24.0,25.0,26.0,7.0,"Weekly infusions for 24 consecutive weeks, followed by follow-up visits at Month 9 and Month 12.",,2017.0
PMID 27787547 a_Summary_SoE.pdf,Placebo,control,1.0,4.0,13.0,24.0,25.0,26.0,7.0,"Weekly infusions for 24 consecutive weeks, followed by follow-up visits at Month 9 and Month 12.",,2017.0
PMID 27908454 CT_Summary_SoE.pdf,Arm A (Fulvestrant 500 mg),intervention,1.0,3.0,5.0,8.0,11.0,15.0,28.0,"Screening (1 day); Treatment injections on Days 0, 14, 28, then every 28 days; Imaging every 12 weeks.",,2016.0
PMID 27908454 CT_Summary_SoE.pdf,Arm B (Anastrozole 1 mg),control,1.0,3.0,5.0,8.0,11.0,15.0,28.0,"Screening (1 day); Treatment injections (placebo) on Days 0, 14, 28, then every 28 days; Imaging every 12 weeks.",,2016.0
PMID 27914822_Summary_SoE.pdf,Arm A (Sodium Thiosulfate),intervention,1.0,4.0,9.0,13.0,13.0,14.0,21.0,"Day 1 (Treatment and Assessments), Day 8 (Post-course Labs) per cycle.",,2017.0
PMID 27914822_Summary_SoE.pdf,Arm B (Observation),control,1.0,4.0,9.0,13.0,13.0,14.0,21.0,"Day 1 (Treatment and Assessments), Day 8 (Post-course Labs) per cycle.",,2017.0
PMID 27918724 a_Summary_SoE.pdf,Telotristat etiprate 250 mg tid,intervention,1.0,2.0,5.0,9.0,10.0,13.0,28.0,"Screening, Day 1, Weeks 2, 6, 8, 12, 14, 18, 20, 24, 32, 40, 48 (EOS), 50 (Follow-up)",,2017.0
PMID 27918724 a_Summary_SoE.pdf,Telotristat etiprate 500 mg tid,intervention,1.0,2.0,5.0,9.0,10.0,13.0,28.0,"Screening, Day 1, Weeks 2, 6, 8, 12, 14, 18, 20, 24, 32, 40, 48 (EOS), 50 (Follow-up)",,2017.0
PMID 27918724 a_Summary_SoE.pdf,Placebo tid,control,1.0,2.0,5.0,9.0,10.0,13.0,28.0,"Screening, Day 1, Weeks 2, 6, 8, 12, 14, 18, 20, 24, 32, 40, 48 (EOS), 50 (Follow-up)",,2017.0
PMID 27918780 a_Summary_SoE.pdf,Arm A (Hercules + Taxane),intervention,2.0,6.0,14.0,26.0,30.0,35.0,21.0,"Part 1 (Cycles 1-8): 3 visits per cycle (Days 1, 8, 15) for Paclitaxel arm, with Cycle 1 having an additional Day 2 visit. Part 2 (Cycle 9+): 1 visit per cycle (Day 1).",,2017.0
PMID 27918780 a_Summary_SoE.pdf,Arm B (Herceptin + Taxane),control,2.0,6.0,14.0,26.0,30.0,35.0,21.0,"Part 1 (Cycles 1-8): 3 visits per cycle (Days 1, 8, 15) for Paclitaxel arm, with Cycle 1 having an additional Day 2 visit. Part 2 (Cycle 9+): 1 visit per cycle (Day 1).",,2017.0
PMID 27959613 a_Summary_SoE.pdf,Arm A (PD-0332991 + Letrozole),intervention,1.0,3.0,6.0,9.0,12.0,16.0,28.0,Cycles 1-2: Day 1 and Day 14; Cycles 3+: Day 1 only.,,2016.0
PMID 27959613 a_Summary_SoE.pdf,Arm B (Placebo + Letrozole),control,1.0,3.0,6.0,9.0,12.0,16.0,28.0,Cycles 1-2: Day 1 and Day 14; Cycles 3+: Day 1 only.,,2016.0
PMID 27959700 a_Summary_SoE.pdf,Arm A (AZD9291/Osimertinib),intervention,1.0,4.0,7.0,10.0,12.0,14.0,21.0,"Cycle 1: Days 1, 8, 15. Cycles 2-7: Day 1 of every 21-day cycle. Cycle 8+: Day 1 of every 42-day cycle.",,2017.0
PMID 27959700 a_Summary_SoE.pdf,Arm B (Platinum-based Doublet Chemotherapy),control,2.0,4.0,7.0,10.0,12.0,14.0,21.0,"Cycle 1: Days 1, 8, 15. Cycles 2-7: Day 1 of every 21-day cycle. Cycle 8+: Day 1 of every 42-day cycle.",,2017.0
PMID 27979383 a_Summary_SoE.pdf,,,,,,,,,,,Failed to parse JSON,2017.0
PMID 28029326 a_Summary_SoE.pdf,O-chemo (Ofatumumab plus salvage chemotherapy),intervention,1.0,14.0,31.0,60.0,62.0,63.0,21.0,Days 1-4 of each 21-day cycle for chemotherapy; Day 8 of Cycle 1 for infusion; twice weekly labs during recovery; ~28 day inpatient stay for HDT/ASCT.,,2017.0
PMID 28029326 a_Summary_SoE.pdf,R-chemo (Rituximab plus salvage chemotherapy),control,1.0,14.0,31.0,60.0,62.0,63.0,21.0,Days 1-4 of each 21-day cycle for chemotherapy; Day 8 of Cycle 1 for infusion; twice weekly labs during recovery; ~28 day inpatient stay for HDT/ASCT.,,2017.0
PMID 28030702 a_Summary_SoE.pdf,Arm A (Zoledronic acid 4 mg IV every 4 weeks),intervention,1.0,2.0,4.0,7.0,10.0,14.0,28.0,"Visits occur every 4 weeks (28 days). Each visit includes drug infusion, laboratory tests (serum creatinine), and clinical assessments.",,2017.0
PMID 28030702 a_Summary_SoE.pdf,Arm B (Zoledronic acid 4 mg IV every 12 weeks),intervention,1.0,2.0,4.0,7.0,10.0,14.0,84.0,"Drug infusions occur every 12 weeks. However, per protocol footnote, all patients are assessed every 4 weeks. For Arm B, intervening visits (weeks 4 and 8 of each cycle) require serum creatinine labs which can be performed at a local laboratory, constituting a healthcare contact day.",,2017.0
PMID 28034081 a_Summary_SoE.pdf,Arm A (Ipilimumab 10 mg/kg),intervention,1.0,2.0,5.0,7.0,8.0,9.0,21.0,"Induction Phase: Weeks 1, 4, 7, 10 (dosing); Weeks 12, 18 (assessments). Maintenance Phase: Every 12 weeks starting Week 24.",,2017.0
PMID 28034081 a_Summary_SoE.pdf,Arm B (Placebo),control,1.0,2.0,5.0,7.0,8.0,9.0,21.0,"Identical to Arm A: Induction Phase dosing at Weeks 1, 4, 7, 10; Maintenance Phase dosing every 12 weeks starting Week 24.",,2017.0
PMID 28056202 a_Summary_SoE.pdf,Arm A (Trastuzumab + Paclitaxel),control,1.0,5.0,13.0,26.0,39.0,53.0,21.0,"Days 1, 8, and 15 of every 21-day cycle.",,2017.0
PMID 28056202 a_Summary_SoE.pdf,Arm B/C (Trastuzumab emtansine + Pertuzumab/Placebo),intervention,1.0,5.0,11.0,15.0,19.0,24.0,21.0,"Days 1, 8, and 15 for Cycles 1-3; Day 1 only for Cycle 4 onwards.",,2017.0
PMID 28076709 a_Summary_SoE.pdf,Arm A (177Lu-DOTA0-Tyr3-Octreotate + 30 mg Octreotide LAR),intervention,2.0,2.0,5.0,10.0,13.0,17.0,28.0,Octreotide LAR every 4 weeks. Lutathera every 8 weeks (4 doses). Safety labs 2 weeks before and 4 weeks after each Lutathera administration.,,2017.0
PMID 28076709 a_Summary_SoE.pdf,Arm B (60 mg Octreotide LAR),control,2.0,2.0,4.0,7.0,10.0,14.0,28.0,Octreotide LAR intramuscular injections every 4 weeks.,,2017.0
PMID 28125763 a_Summary_SoE.pdf,Arm A (Zometa 4 mg every 4 weeks),control,1.0,2.0,4.0,7.0,10.0,14.0,28.0,"Visits occur every 4 weeks (28 days). Treatment consists of 13 infusions over 48 weeks, followed by an End of Study (EOS) visit at week 52.",,2017.0
PMID 28125763 a_Summary_SoE.pdf,Arm B (Zometa 4 mg every 12 weeks),intervention,1.0,2.0,4.0,7.0,10.0,14.0,28.0,"Visits occur every 4 weeks (28 days). Treatment consists of 13 infusions (Zometa or placebo) over 48 weeks, followed by an End of Study (EOS) visit at week 52.",,2017.0
PMID 28126333 a_Summary_SoE.pdf,Arm 1 (LDK378),intervention,2.0,3.0,6.0,10.0,14.0,19.0,21.0,"Cycle 1: Day 1, Day 15. Subsequent cycles: Day 1. Cycle length 21 days.",,2017.0
PMID 28126333 a_Summary_SoE.pdf,Arm 2 (Reference Chemotherapy),control,2.0,3.0,6.0,10.0,14.0,19.0,21.0,"Cycle 1: Day 1, Day 15. Subsequent cycles: Day 1. Cycle length 21 days.",,2017.0
PMID 28135150 a_Summary_SoE.pdf,Arm A (Observation),control,2.0,1.0,2.0,3.0,4.0,5.0,0.0,"Observation only. Quality of Life (QLI) assessment at Day 22, then follow-up visits every 3 months.",,2017.0
PMID 28135150 a_Summary_SoE.pdf,Arm B (Four Weeks High-dose IFN Alfa-2b),intervention,2.0,21.0,22.0,23.0,24.0,25.0,28.0,IFN administration 5 days/week for 4 weeks (20 doses). End-of-treatment assessment at Day 29. Follow-up visits every 3 months.,,2017.0
PMID 28139405 CT_Summary_SoE.pdf,Arm A (Idelalisib + bendamustine/rituximab),intervention,1.0,5.0,11.0,19.0,21.0,23.0,28.0,"Days 1, 2, and 15 of each 28-day cycle for 6 cycles; then every 6 weeks through Week 48; then every 12 weeks.",,2017.0
PMID 28139405 CT_Summary_SoE.pdf,Arm B (Placebo + bendamustine/rituximab),control,1.0,5.0,11.0,19.0,21.0,23.0,28.0,"Days 1, 2, and 15 of each 28-day cycle for 6 cycles; then every 6 weeks through Week 48; then every 12 weeks.",,2017.0
PMID 28140392 a_Summary_SoE.pdf,Lenalidomide (LEN) Arm,intervention,1.0,2.0,4.0,7.0,10.0,14.0,28.0,1 visit per 28-day cycle (Day 1) for monitoring and drug dispensing.,,2017.0
PMID 28140392 a_Summary_SoE.pdf,Chlorambucil (CHB) Arm,control,1.0,3.0,7.0,13.0,20.0,27.0,28.0,2 visits per 28-day cycle (Day 1 and Day 15) for drug administration and monitoring.,,2017.0
PMID 28146658 a_Summary_SoE.pdf,Arm 1 (Radiation Therapy + Casodex),intervention,2.0,22.0,37.0,38.0,39.0,40.0,90.0,"Radiation therapy 5 days/week for 36 fractions (~7.2 weeks). Follow-up visits at 1 month post-XRT, then every 3 months.",,2017.0
PMID 28146658 a_Summary_SoE.pdf,Arm 2 (Radiation Therapy + Placebo),control,2.0,22.0,37.0,38.0,39.0,40.0,90.0,"Radiation therapy 5 days/week for 36 fractions (~7.2 weeks). Follow-up visits at 1 month post-XRT, then every 3 months.",,2017.0
PMID 28212060 a_Summary_SoE.pdf,Arm A (Pembrolizumab),intervention,2.0,2.0,5.0,9.0,13.0,18.0,21.0,Day 1 of each 21-day cycle.,,2017.0
PMID 28212060 a_Summary_SoE.pdf,"Arm B (Paclitaxel, Docetaxel, or Vinflunine)",control,2.0,5.0,9.0,13.0,17.0,22.0,21.0,"Days 1, 8, and 15 of Cycles 1-2, then Day 1 of each 21-day cycle thereafter.",,2017.0
PMID 28249141 a_Summary_SoE.pdf,Arm 1 (Blinatumomab),intervention,2.0,6.0,15.0,28.0,36.0,42.0,42.0,"Days 1, 2, 3, 8, 15, and 29 of each 42-day cycle.",,2017.0
PMID 28249141 a_Summary_SoE.pdf,Arm 2 (Standard of Care Chemotherapy),control,2.0,6.0,16.0,27.0,30.0,34.0,28.0,"Days 1, 2, 3, 8, and 15 of each 28-day cycle (Day 29 is the start of the next cycle).",,2017.0
PMID 28257752 CT_Summary_SoE.pdf,Arm A (Idelalisib + Ofatumumab),intervention,1.0,5.0,9.0,12.0,14.0,16.0,0.0,"Weekly for Weeks 1-8 (Visits 2-9), every 4 weeks until Week 24 (Visits 10-13), and every 6 weeks until Week 48 (Visits 14-17).",,2017.0
PMID 28257752 CT_Summary_SoE.pdf,Arm B (Ofatumumab),control,1.0,5.0,9.0,12.0,14.0,16.0,0.0,"Weekly for Weeks 1-8 (Visits 2-9), every 4 weeks until Week 24 (Visits 10-13), and every 6 weeks until Week 48 (Visits 14-17).",,2017.0
PMID 28296618 a_Summary_SoE.pdf,Arm 1 (Short-course Radiation Therapy Alone),control,1.0,16.0,17.0,18.0,19.0,20.0,,"15 fractions of RT over 3 weeks (5 days/week), followed by evaluation at 1 week and 4 weeks post-RT, then every 3 months.",,2017.0
PMID 28296618 a_Summary_SoE.pdf,Arm 2 (Radiation Therapy + Temozolomide),intervention,1.0,16.0,21.0,27.0,34.0,41.0,28.0,15 fractions of RT + daily TMZ (3 weeks). Weekly labs/clinic for 4 weeks post-RT. Adjuvant TMZ: 28-day cycles with visits on Day 1 and Day 21. Imaging every 3 cycles.,,2017.0
PMID 28380315 a_Summary_SoE.pdf,Reduced Intensity Conditioning (RIC),intervention,1.0,10.0,18.0,20.0,21.0,22.0,,"Conditioning (Days -6 to -2), Transplant (Day 0), then weekly follow-up through Day 100, then at 6, 12, and 18 months.",,2017.0
PMID 28380315 a_Summary_SoE.pdf,Myeloablative Conditioning (MAC),control,1.0,11.0,19.0,21.0,22.0,23.0,,"Conditioning (Days -7 to -2), Transplant (Day 0), then weekly follow-up through Day 100, then at 6, 12, and 18 months.",,2017.0
PMID 28384065 a_Summary_SoE.pdf,Arm 1 (Octreotide LAR depot + Bevacizumab),intervention,1.0,2.0,5.0,9.0,13.0,18.0,21.0,"Day 1 of each 21-day cycle (e.g., Day 0, 21, 42, 63, etc.)",,2017.0
PMID 28384065 a_Summary_SoE.pdf,Arm 2 (Octreotide LAR depot + Interferon alpha-2b),control,1.0,2.0,5.0,9.0,13.0,18.0,21.0,"Day 1 of each 21-day cycle (e.g., Day 0, 21, 42, 63, etc.)",,2017.0
PMID 28438473 a_Summary_SoE.pdf,Arm I/V (Systemic CT/GC - No Surgery),control,2.0,7.0,15.0,27.0,28.0,29.0,21.0,"3 visits per cycle (Day 1, Day 8, Day 15) during chemotherapy phase; surveillance every 3 months thereafter.",,2017.0
PMID 28438473 a_Summary_SoE.pdf,Arm II/VI (Systemic CTB/GCB - No Surgery),intervention,2.0,7.0,15.0,27.0,31.0,36.0,21.0,3 visits per cycle during chemo phase; 1 visit every 21 days during maintenance phase.,,2017.0
PMID 28438473 a_Summary_SoE.pdf,Arm III/VII (Surgery + CT/GC),control,4.0,9.0,17.0,29.0,30.0,31.0,21.0,Surgery and incision check followed by 3 visits per cycle during chemo phase.,,2017.0
PMID 28438473 a_Summary_SoE.pdf,Arm IV/VIII (Surgery + CTB/GCB),intervention,4.0,9.0,17.0,29.0,33.0,38.0,21.0,Surgery and incision check followed by 3 visits per cycle during chemo phase and 1 visit every 21 days during maintenance.,,2017.0
PMID 28492898 CT_Summary_SoE.pdf,Arm A (Selumetinib + Docetaxel),intervention,1.0,6.0,12.0,17.0,21.0,26.0,21.0,"Cycle 1: Days 1, 2, 8, 15. Cycles 2-6: Days 1, 2. Cycles 7+: Day 1.",,2017.0
PMID 28492898 CT_Summary_SoE.pdf,Arm B (Placebo + Docetaxel),control,1.0,6.0,12.0,17.0,21.0,26.0,21.0,"Cycle 1: Days 1, 2, 8, 15. Cycles 2-6: Days 1, 2. Cycles 7+: Day 1.",,2017.0
PMID 28501140 CT_Summary_SoE.pdf,Arm A (Alectinib),intervention,2.0,2.0,3.0,5.0,6.0,8.0,56.0,"Baseline (Day 1), Week 4 (Day 29), Week 8 (Day 57), then every 8 weeks (56 days) thereafter.",,2017.0
PMID 28501140 CT_Summary_SoE.pdf,Arm B (Crizotinib),control,2.0,2.0,3.0,5.0,6.0,8.0,56.0,"Baseline (Day 1), Week 4 (Day 29), Week 8 (Day 57), then every 8 weeks (56 days) thereafter.",,2017.0
PMID 28578601 a_Summary_SoE.pdf,Arm A (Olaparib Monotherapy),intervention,2.0,4.0,7.0,11.0,15.0,20.0,21.0,"Cycle 1: Days 1, 8, 15. Subsequent cycles: Day 1 of every 3-week cycle.",,2017.0
PMID 28578601 a_Summary_SoE.pdf,Arm B (Physician's Choice Chemotherapy),control,2.0,5.0,10.0,19.0,27.0,37.0,21.0,"Cycle 1: Days 1, 8, 15. Subsequent cycles: Days 1 and 8 of every 3-week cycle.",,2017.0
PMID 28578607 a_Summary_SoE.pdf,Arm A (Abiraterone Acetate + Prednisone + ADT),intervention,2.0,3.0,7.0,10.0,13.0,17.0,28.0,Cycles 1-3: Day 1 and Day 15. Cycles 4-13: Day 1. Cycle 14+: Every 2 months on Day 1.,,2017.0
PMID 28578607 a_Summary_SoE.pdf,Arm B (Placebo + ADT),control,2.0,3.0,7.0,10.0,13.0,17.0,28.0,Cycles 1-3: Day 1 and Day 15. Cycles 4-13: Day 1. Cycle 14+: Every 2 months on Day 1.,,2017.0
PMID 28580882 a_Summary_SoE.pdf,Arm A (Abemaciclib plus fulvestrant),intervention,1.0,3.0,5.0,8.0,11.0,15.0,28.0,Cycle 1: Days 1 and 15. Cycle 2 and beyond: Day 1 of every 28-day cycle.,,2017.0
PMID 28580882 a_Summary_SoE.pdf,Arm B (Placebo plus fulvestrant),control,1.0,3.0,5.0,8.0,11.0,15.0,28.0,Cycle 1: Days 1 and 15. Cycle 2 and beyond: Day 1 of every 28-day cycle.,,2017.0
PMID 28581356 a_Summary_SoE.pdf,Arm 1 (Pertuzumab + Trastuzumab + Chemotherapy),intervention,2.0,2.0,5.0,9.0,13.0,18.0,21.0,Day 1 of each 21-day cycle (q3w),,2017.0
PMID 28581356 a_Summary_SoE.pdf,Arm 2 (Placebo + Trastuzumab + Chemotherapy),control,2.0,2.0,5.0,9.0,13.0,18.0,21.0,Day 1 of each 21-day cycle (q3w),,2017.0
PMID 28600132 CT_Summary_SoE.pdf,Arm 1 (Brentuximab Vedotin),intervention,1.0,4.0,10.0,15.0,19.0,26.0,21.0,"Day 1 of each 21-day cycle; additional PK sampling days in C1 and C3; separate imaging visits at the end of cycles 3, 6, 9, 12, 15.",,2017.0
PMID 28600132 CT_Summary_SoE.pdf,Arm 2 (Physician's Choice: Methotrexate or Bexarotene),control,1.0,5.0,11.0,16.0,20.0,27.0,21.0,"Day 1 of each 21-day cycle; additional lab monitoring days for bexarotene; separate imaging visits at the end of cycles 3, 6, 9, 12, 15.",,2017.0
PMID 28632865 a_Summary_SoE.pdf,Arm A (Bevacizumab + FOLFOX/FOLFIRI),control,2.0,3.0,7.0,13.0,20.0,27.0,56.0,"Visits every 14 days (Days 1, 15, 29, 43 of each 8-week cycle).",,2017.0
PMID 28632865 a_Summary_SoE.pdf,Arm B (Cetuximab + FOLFOX/FOLFIRI),intervention,2.0,5.0,13.0,26.0,39.0,53.0,56.0,"Visits every 7 days (Days 1, 8, 15, 22, 29, 36, 43, 50 of each 8-week cycle) due to weekly Cetuximab administration.",,2017.0
PMID 28636851 a_Summary_SoE.pdf,Arm A (Nivolumab),intervention,2.0,3.0,7.0,13.0,20.0,27.0,14.0,Nivolumab 3 mg/kg IV every 2 weeks (Day 1 of each 14-day cycle).,,2017.0
PMID 28636851 a_Summary_SoE.pdf,Arm B (Investigator's Choice Chemotherapy),control,2.0,4.0,9.0,15.0,18.0,21.0,21.0,Chemotherapy every 3 weeks for up to 6 cycles. Gemcitabine regimens require visits on Day 1 and Day 8 of each cycle.,,2017.0
PMID 28644114 a_Summary_SoE.pdf,Arm A (Midostaurin/PKC412),intervention,2.0,13.0,30.0,43.0,50.0,56.0,28.0,"Induction: Daily infusions W1, twice weekly labs W2-4. Consolidation: Days 1, 3, 5 infusions, weekly labs. Continuation: Bi-weekly labs.",,2017.0
PMID 28644114 a_Summary_SoE.pdf,Arm B (Placebo),control,2.0,13.0,30.0,43.0,50.0,56.0,28.0,"Induction: Daily infusions W1, twice weekly labs W2-4. Consolidation: Days 1, 3, 5 infusions, weekly labs. Continuation: Bi-weekly labs.",,2017.0
PMID 28687830 a_Summary_SoE.pdf,Arm 1 (Radiation Therapy + Paclitaxel + Cisplatin + Cetuximab),intervention,3.0,22.0,29.0,30.0,31.0,32.0,7.0,Daily radiation (5 days/week) for ~6 weeks; weekly chemotherapy/cetuximab infusions.,,2017.0
PMID 28687830 a_Summary_SoE.pdf,Arm 2 (Radiation Therapy + Paclitaxel + Cisplatin),control,3.0,22.0,29.0,30.0,31.0,32.0,7.0,Daily radiation (5 days/week) for ~6 weeks; weekly chemotherapy infusions.,,2017.0
PMID 28746153 CT_Summary_SoE.pdf,Thoracic Epidural Analgesia (TEA),intervention,1.0,8.0,8.0,8.0,8.0,8.0,0.0,"1 preoperative screening day, followed by surgery (Day 1) and daily inpatient assessments through Postoperative Day 7 (Day 8).",,2017.0
PMID 28746153 CT_Summary_SoE.pdf,Intravenous Patient Controlled Analgesia (IVPCA),control,1.0,8.0,8.0,8.0,8.0,8.0,0.0,"1 preoperative screening day, followed by surgery (Day 1) and daily inpatient assessments through Postoperative Day 7 (Day 8).",,2017.0
PMID 28753384 a_Summary_SoE.pdf,Arm A (Cabazitaxel 25 mg/m² + Prednisone),intervention,2.0,5.0,11.0,15.0,19.0,24.0,21.0,Day 1 of each 21-day cycle for treatment; Days 8 and 15 of Cycles 1-3 for additional laboratory monitoring.,,2017.0
PMID 28753384 a_Summary_SoE.pdf,Arm B (Cabazitaxel 20 mg/m² + Prednisone),intervention,2.0,5.0,11.0,15.0,19.0,24.0,21.0,Day 1 of each 21-day cycle for treatment; Days 8 and 15 of Cycles 1-3 for additional laboratory monitoring.,,2017.0
PMID 28753384 a_Summary_SoE.pdf,Arm C (Docetaxel 75 mg/m² + Prednisone),control,2.0,5.0,11.0,15.0,19.0,24.0,21.0,Day 1 of each 21-day cycle for treatment; Days 8 and 15 of Cycles 1-3 for additional laboratory monitoring.,,2017.0
PMID 28754483 CT_Summary_SoE.pdf,,,,,,,,,,,Failed to parse JSON,2017.0
PMID 28796588 a_Summary_SoE.pdf,G-CHOP (GA101 + CHOP),intervention,2.0,6.0,10.0,15.0,16.0,17.0,21.0,"Cycle 1: Days 1, 8, 15. Cycles 2-8: Day 1. Mid-treatment CT scan (C4) and ECHO (C6) on separate days.",,2017.0
PMID 28796588 a_Summary_SoE.pdf,R-CHOP (Rituximab + CHOP),control,2.0,4.0,8.0,13.0,14.0,15.0,21.0,Cycles 1-8: Day 1. Mid-treatment CT scan (C4) and ECHO (C6) on separate days.,,2017.0
PMID 28809610 a_Summary_SoE.pdf,Arm A (Cabazitaxel 20 mg/m² + Prednisone),intervention,2.0,5.0,11.0,15.0,18.0,21.0,21.0,Day 1 of each 21-day cycle for treatment (max 10 cycles). Weekly lab visits (Day 8 and 15) for the first 3 cycles only. End of Treatment (EOT) visit 30 days after last dose. Follow-up visits every 6 weeks.,,2017.0
PMID 28809610 a_Summary_SoE.pdf,Arm B (Cabazitaxel 25 mg/m² + Prednisone),intervention,2.0,5.0,11.0,15.0,18.0,21.0,21.0,Day 1 of each 21-day cycle for treatment (max 10 cycles). Weekly lab visits (Day 8 and 15) for the first 3 cycles only. End of Treatment (EOT) visit 30 days after last dose. Follow-up visits every 6 weeks.,,2017.0
PMID 28854067 a_Summary_SoE.pdf,Arm A (Ipilimumab + Paclitaxel + Carboplatin),intervention,1.0,2.0,5.0,8.0,9.0,10.0,21.0,"Induction: Day 1 of each 21-day cycle for 6 cycles (Weeks 1, 4, 7, 10, 13, 16). Post-induction assessment at Week 19. Maintenance: Every 12 weeks starting at Week 25.",,2017.0
PMID 28854067 a_Summary_SoE.pdf,Arm B (Placebo + Paclitaxel + Carboplatin),control,1.0,2.0,5.0,8.0,9.0,10.0,21.0,"Induction: Day 1 of each 21-day cycle for 6 cycles (Weeks 1, 4, 7, 10, 13, 16). Post-induction assessment at Week 19. Maintenance: Every 12 weeks starting at Week 25.",,2017.0
PMID 28885881 a_Summary_SoE.pdf,Arm A (Durvalumab / MEDI4736),intervention,1.0,3.0,7.0,13.0,20.0,26.0,14.0,Infusions occur every 2 weeks (Q2W) starting at Week 0 (Day 1) through Week 50.,,2017.0
PMID 28885881 a_Summary_SoE.pdf,Arm B (Placebo),control,1.0,3.0,7.0,13.0,20.0,26.0,14.0,Infusions occur every 2 weeks (Q2W) starting at Week 0 (Day 1) through Week 50.,,2017.0
PMID 28891408 a_Summary_SoE.pdf,Dabrafenib + Trametinib,intervention,2.0,2.0,4.0,7.0,10.0,13.0,28.0,"Monthly visits (Day 1, then Month 1 through Month 12)",,2017.0
PMID 28891408 a_Summary_SoE.pdf,Placebo,control,2.0,2.0,4.0,7.0,10.0,13.0,28.0,"Monthly visits (Day 1, then Month 1 through Month 12)",,2017.0
PMID 28891423 a_Summary_SoE.pdf,Arm B (Nivolumab),intervention,1.0,4.0,9.0,16.0,24.0,31.0,14.0,"Visits occur on Day 1 of Weeks 1, 3, 4, 5, 7, 9, 10, 11, 13, 15, 17, 19, 21, 23, 24, 25, 27, 29, 31, 33, 35, 36, 37, 39, 41, 43, 45, 47, 48, 49, and 51.",,2017.0
PMID 28891423 a_Summary_SoE.pdf,Arm A (Ipilimumab),control,1.0,4.0,9.0,16.0,24.0,31.0,21.0,"Visits occur on Day 1 of Weeks 1, 3, 4, 5, 7, 9, 10, 11, 13, 15, 17, 19, 21, 23, 24, 25, 27, 29, 31, 33, 35, 36, 37, 39, 41, 43, 45, 47, 48, 49, and 51.",,2017.0
PMID 28902533 a_Summary_SoE.pdf,Pazopanib (600 mg or 800 mg daily),intervention,1.0,3.0,7.0,10.0,12.0,14.0,0.0,"D1, D8, W3, W5, W6.5, W8, W12, W16, W20, W24, W28, W36, W44, W52",,2017.0
PMID 28902533 a_Summary_SoE.pdf,Placebo,control,1.0,3.0,7.0,10.0,12.0,14.0,0.0,"D1, D8, W3, W5, W6.5, W8, W12, W16, W20, W24, W28, W36, W44, W52",,2017.0
PMID 28916367 a_Summary_SoE.pdf,Arm A (Rucaparib),intervention,2.0,4.0,6.0,9.0,12.0,16.0,28.0,Day 1 of every 28-day cycle for drug dispensing and assessments; Imaging every 12 weeks.,,2017.0
PMID 28916367 a_Summary_SoE.pdf,Arm B (Placebo),control,2.0,4.0,6.0,9.0,12.0,16.0,28.0,Day 1 of every 28-day cycle for drug dispensing and assessments; Imaging every 12 weeks.,,2017.0
PMID 28916371 a_Summary_SoE.pdf,Arm A (Ramucirumab plus docetaxel),intervention,2.0,2.0,5.0,9.0,13.0,18.0,21.0,Day 1 of each 21-day cycle,,2017.0
PMID 28916371 a_Summary_SoE.pdf,Arm B (Placebo plus docetaxel),control,2.0,2.0,5.0,9.0,13.0,18.0,21.0,Day 1 of each 21-day cycle,,2017.0
PMID 28935843 a_Summary_SoE.pdf,Rituximab SC + CHOP,intervention,1.0,3.0,8.0,10.0,10.0,10.0,14.0,"Day 1 of each 14-day cycle for 8 cycles, plus interim staging and end-of-treatment evaluation.",,2017.0
PMID 28935843 a_Summary_SoE.pdf,Rituximab IV + CHOP,control,1.0,3.0,8.0,10.0,10.0,10.0,14.0,"Day 1 of each 14-day cycle for 8 cycles, plus interim staging and end-of-treatment evaluation.",,2017.0
PMID 28958469a_Summary_SoE.pdf,Lenalidomide Maintenance,intervention,2.0,4.0,9.0,13.0,18.0,22.0,28.0,"C1 and first cycle of dose escalation (C2, C7): D1, D8, D15. Second cycle of dose level (C3, C8): D1, D15. Subsequent cycles: D1.",,2017.0
PMID 28958469a_Summary_SoE.pdf,Placebo Maintenance,control,2.0,4.0,9.0,13.0,18.0,22.0,28.0,"C1 and first cycle of dose escalation (C2, C7): D1, D8, D15. Second cycle of dose level (C3, C8): D1, D15. Subsequent cycles: D1.",,2017.0
PMID 28968163 CT a_Summary_SoE.pdf,Arm A (LY2835219 + NSAI),intervention,1.0,2.0,5.0,10.0,14.0,20.0,28.0,"Day 1 of every cycle for clinic and labs. Imaging on Day 21-28 of every second cycle (C2, C4, etc.). ECG on C1D1, C2D1, and C4D1.",,2017.0
PMID 28968163 CT a_Summary_SoE.pdf,Arm B (Placebo + NSAI),control,1.0,2.0,5.0,10.0,14.0,20.0,28.0,"Day 1 of every cycle for clinic and labs. Imaging on Day 21-28 of every second cycle (C2, C4, etc.). ECG on C1D1, C2D1, and C4D1.",,2017.0
PMID 28976863 a_Summary_SoE.pdf,Arm B (Obinutuzumab + CHOP/CVP),intervention,2.0,4.0,8.0,12.0,14.0,15.0,21.0,"Cycle 1: Days 1, 8, 15; Cycles 2-8: Day 1; EOI Visit; Maintenance: Every 2 months.",,2017.0
PMID 28976863 a_Summary_SoE.pdf,Arm A (Rituximab + CHOP/CVP),control,2.0,2.0,6.0,10.0,12.0,13.0,21.0,Cycles 1-8: Day 1; EOI Visit; Maintenance: Every 2 months.,,2017.0
PMID 29091516 a_Summary_SoE.pdf,Bosutinib,intervention,2.0,5.0,9.0,12.0,13.0,14.0,28.0,"Weekly for Month 1, then every 2 weeks for Months 2-3, then monthly for Months 4-6, then every 3 months.",,2018.0
PMID 29091516 a_Summary_SoE.pdf,Imatinib,control,2.0,5.0,9.0,12.0,13.0,14.0,28.0,"Weekly for Month 1, then every 2 weeks for Months 2-3, then monthly for Months 4-6, then every 3 months.",,2018.0
PMID 29103871 CT_Summary_SoE.pdf,Arm A (Olaparib + Paclitaxel),intervention,2.0,5.0,12.0,22.0,32.0,36.0,28.0,"Weekly (Days 1, 8, 15, 22) for Cycles 1-2; Weekly infusions (Days 1, 8, 15) for Cycles 3-10; Monthly (Day 1) for Cycle 11 onwards.",,2017.0
PMID 29103871 CT_Summary_SoE.pdf,Arm B (Placebo + Paclitaxel),control,2.0,5.0,12.0,22.0,32.0,36.0,28.0,"Weekly (Days 1, 8, 15, 22) for Cycles 1-2; Weekly infusions (Days 1, 8, 15) for Cycles 3-10; Monthly (Day 1) for Cycle 11 onwards.",,2017.0
PMID 29136387 a_Summary_SoE.pdf,Duloxetine,intervention,1.0,2.0,4.0,5.0,5.0,5.0,0.0,"Screening (PRE), Day 1, Day 15, Day 43, Day 85, and Day 169.",,2018.0
PMID 29136387 a_Summary_SoE.pdf,Placebo,control,1.0,2.0,4.0,5.0,5.0,5.0,0.0,"Screening (PRE), Day 1, Day 15, Day 43, Day 85, and Day 169.",,2018.0
PMID 29151359 a_Summary_SoE.pdf,Arm A (AZD9291/osimertinib),intervention,1.0,4.0,7.0,10.0,12.0,14.0,21.0,"Cycle 1: Days 1, 8, 15; Cycles 2-6: Day 1; Cycle 7 onwards: Day 1 every 6 weeks (42 days).",,2018.0
PMID 29151359 a_Summary_SoE.pdf,Arm B (Standard of Care EGFR-TKI: gefitinib or erlotinib),control,1.0,4.0,7.0,10.0,12.0,14.0,21.0,"Cycle 1: Days 1, 8, 15; Cycles 2-6: Day 1; Cycle 7 onwards: Day 1 every 6 weeks (42 days).",,2018.0
PMID 29158011 CT_Summary_SoE.pdf,Arm A (Continuous letrozole),control,1.0,0.0,0.0,1.0,1.0,2.0,180.0,"Visits occur at Day 0 (randomization/baseline), then every 6 months (Month 6, Month 12, etc.).",,2018.0
PMID 29158011 CT_Summary_SoE.pdf,Arm B (Intermittent letrozole),intervention,1.0,0.0,0.0,1.0,1.0,2.0,180.0,"Visits occur at Day 0 (randomization/baseline), then every 6 months (Month 6, Month 12, etc.).",,2018.0
PMID 29169877 CT_Summary_SoE.pdf,Carboplatin/Paclitaxel,control,1.0,2.0,5.0,8.0,10.0,12.0,21.0,Day 1 of each 21-day cycle for 6 cycles; then follow-up imaging every 6 weeks and labs every 3 months.,,2018.0
PMID 29169877 CT_Summary_SoE.pdf,Carboplatin/Paclitaxel/Bevacizumab,control,1.0,2.0,5.0,9.0,13.0,18.0,21.0,"Day 1 of each 21-day cycle (Chemo + Bev for 6 cycles, then Bev maintenance every 21 days).",,2018.0
PMID 29169877 CT_Summary_SoE.pdf,Carboplatin/Paclitaxel/Cetuximab,intervention,1.0,5.0,13.0,26.0,39.0,53.0,21.0,"Weekly visits for Cetuximab administration (Day 1, 8, 15 of each cycle).",,2018.0
PMID 29169877 CT_Summary_SoE.pdf,Carboplatin/Paclitaxel/Bevacizumab/Cetuximab,intervention,1.0,5.0,13.0,26.0,39.0,53.0,21.0,Weekly visits for Cetuximab administration; Bevacizumab and Chemo occur every 21 days on a Cetuximab visit day.,,2018.0
PMID 29224502 a_Summary_SoE.pdf,Arm A (Brentuximab vedotin + AVD),intervention,2.0,7.0,14.0,19.0,20.0,21.0,28.0,"Days 1, 15 of each cycle; plus Days 2, 3 of Cycles 1 and 3 for PK; plus Day 25 of Cycle 2 for PET/CT.",,2018.0
PMID 29224502 a_Summary_SoE.pdf,Arm B (ABVD),control,2.0,5.0,10.0,15.0,16.0,17.0,28.0,"Days 1, 15 of each cycle; plus Day 25 of Cycle 2 for PET/CT.",,2018.0
PMID 29231094 a_Summary_SoE.pdf,LMWH/Edoxaban,intervention,1.0,1.0,3.0,4.0,5.0,6.0,,"Day 1, Day 31, Month 3, Month 6, Month 9, Month 12",,2018.0
PMID 29231094 a_Summary_SoE.pdf,Dalteparin,control,1.0,1.0,3.0,4.0,5.0,6.0,,"Day 1, Day 31, Month 3, Month 6, Month 9, Month 12",,2018.0
PMID 29238824 a_Summary_SoE.pdf,Gabapentin Arm,intervention,2.0,3.0,3.0,3.0,3.0,3.0,0.0,"1 pre-operative visit, 1 surgery day (Day 0), and 3 post-operative in-hospital days (Days 1-3).",,2018.0
PMID 29238824 a_Summary_SoE.pdf,Placebo Arm,control,2.0,3.0,3.0,3.0,3.0,3.0,0.0,"1 pre-operative visit, 1 surgery day (Day 0), and 3 post-operative in-hospital days (Days 1-3).",,2018.0
PMID 29238824 a_Summary_SoE.pdf,Observational Arm,control,2.0,3.0,3.0,3.0,3.0,3.0,0.0,"1 pre-operative visit, 1 surgery day (Day 0), and 3 post-operative in-hospital days (Days 1-3).",,2018.0
PMID 29244528 a_Summary_SoE.pdf,Arm A (Lapatinib + Trastuzumab + AI),intervention,1.0,2.0,5.0,9.0,13.0,19.0,21.0,Every 3 weeks (q3w) for Trastuzumab infusion and safety assessments.,,2018.0
PMID 29244528 a_Summary_SoE.pdf,Arm B (Trastuzumab + AI),control,1.0,2.0,5.0,9.0,13.0,19.0,21.0,Every 3 weeks (q3w) for Trastuzumab infusion and safety assessments.,,2018.0
PMID 29244528 a_Summary_SoE.pdf,Arm C (Lapatinib + AI),intervention,1.0,2.0,5.0,9.0,11.0,14.0,21.0,"Every 3 weeks for the first 6 months, then every 6 weeks thereafter (Footnote 22).",,2018.0
PMID 29268948 a_Summary_SoE.pdf,Arm A (Atezolizumab),intervention,1.0,2.0,5.0,9.0,13.0,18.0,21.0,Day 1 of every 21-day cycle.,,2018.0
PMID 29268948 a_Summary_SoE.pdf,Arm B (Chemotherapy),control,1.0,2.0,5.0,9.0,13.0,18.0,21.0,Day 1 of every 21-day cycle.,,2018.0
PMID 29373094 a_Summary_SoE.pdf,Arm A (SB3 - Trastuzumab Biosimilar),intervention,2.0,3.0,6.0,9.0,15.0,20.0,21.0,"Every 3 weeks (Day 1) for 18 cycles, plus an additional safety/lab visit on Day 8 of Cycle 1.",,2018.0
PMID 29373094 a_Summary_SoE.pdf,Arm B (Herceptin - Trastuzumab),control,2.0,3.0,6.0,9.0,15.0,20.0,21.0,"Every 3 weeks (Day 1) for 18 cycles, plus an additional safety/lab visit on Day 8 of Cycle 1.",,2018.0
PMID 29420164 a_Summary_SoE.pdf,Arm A (Apalutamide),intervention,2.0,2.0,4.0,7.0,9.0,10.0,28.0,Cycles 1-6: Day 1 of every cycle; Cycles 7-13: Day 1 of every 2 cycles; Cycles 14+: Day 1 of every 4 cycles.,,2018.0
PMID 29420164 a_Summary_SoE.pdf,Arm B (Placebo),control,2.0,2.0,4.0,7.0,9.0,10.0,28.0,Cycles 1-6: Day 1 of every cycle; Cycles 7-13: Day 1 of every 2 cycles; Cycles 14+: Day 1 of every 4 cycles.,,2018.0
PMID 29477665 CT_Summary_SoE.pdf,"Arm A (Placebo orally, BID)",control,3.0,5.0,8.0,11.0,14.0,17.0,28.0,"Cycle 1: Days 1, 8, 15, 22; Cycle 2: Days 1, 15; Cycles 3-13: Day 1; End of Treatment (EOT) visit: 28 days post-treatment.",,2018.0
PMID 29477665 CT_Summary_SoE.pdf,"Arm B (Vemurafenib 960 mg orally, BID)",intervention,3.0,5.0,8.0,11.0,14.0,17.0,28.0,"Cycle 1: Days 1, 8, 15, 22; Cycle 2: Days 1, 15; Cycles 3-13: Day 1; End of Treatment (EOT) visit: 28 days post-treatment.",,2018.0
PMID 29522138 a_Summary_SoE.pdf,Pacritinib (400 mg QD or 200 mg BID),intervention,3.0,4.0,6.0,9.0,10.0,11.0,28.0,"Weekly for the first 3 weeks, then every 4 weeks through Week 24, then every 12 weeks thereafter.",,2018.0
PMID 29522138 a_Summary_SoE.pdf,Best Available Therapy (BAT),control,3.0,4.0,6.0,9.0,10.0,11.0,28.0,"Weekly for the first 3 weeks, then every 4 weeks through Week 24, then every 12 weeks thereafter.",,2018.0
PMID 29528792 a_Summary_SoE.pdf,Arm A (Selumetinib + Dacarbazine),intervention,1.0,4.0,7.0,11.0,15.0,20.0,21.0,"Cycle 1: Days 1, 8, 15. Subsequent cycles: Day 1 (every 3 weeks). Imaging every 6 weeks.",,2018.0
PMID 29528792 a_Summary_SoE.pdf,Arm B (Placebo + Dacarbazine),control,1.0,4.0,7.0,11.0,15.0,20.0,21.0,"Cycle 1: Days 1, 8, 15. Subsequent cycles: Day 1 (every 3 weeks). Imaging every 6 weeks.",,2018.0
PMID 29543933 a_Summary_SoE.pdf,Arm 1 (Standard-dose 3D-CRT/IMRT),control,3.0,22.0,40.0,41.0,42.0,43.0,7.0,"Radiation therapy delivered daily, 5 days per week for 39 fractions (approx. 8 weeks). Follow-up visits occur every 3 months in the first year.",,2018.0
PMID 29543933 a_Summary_SoE.pdf,Arm 2 (High-dose 3D-CRT/IMRT),intervention,3.0,22.0,45.0,46.0,47.0,48.0,7.0,"Radiation therapy delivered daily, 5 days per week for 44 fractions (approx. 9 weeks). Follow-up visits occur every 3 months in the first year.",,2018.0
PMID 29562145 a_Summary_SoE.pdf,Arm A (Nivolumab + Ipilimumab),intervention,2.0,2.0,5.0,12.0,18.0,25.0,42.0,"Combination Phase (Cycles 1-2): Every 3 weeks (Day 1 and Day 22 of 42-day cycle). Monotherapy Phase (Cycle 3+): Every 2 weeks (Day 1, Day 15, Day 29 of 42-day cycle).",,2018.0
PMID 29562145 a_Summary_SoE.pdf,Arm B (Sunitinib),control,2.0,1.0,3.0,5.0,7.0,9.0,42.0,Day 1 of every 6-week (42-day) cycle for drug dispensing and assessments.,,2018.0
PMID 29562156 a_Summary_SoE.pdf,Arm A (Venetoclax + Rituximab),intervention,1.0,5.0,12.0,19.0,21.0,22.0,28.0,"5-week ramp-up (weekly), then Cycle 1 (D1, 2, 8, 15), Cycles 2-3 (D1, 8, 15), Cycles 4-6 (D1).",,2018.0
PMID 29562156 a_Summary_SoE.pdf,Arm B (Bendamustine + Rituximab),control,1.0,6.0,14.0,20.0,21.0,22.0,28.0,"Cycles 1-3 (D1, 2, 8, 15), Cycles 4-6 (D1, 2).",,2018.0
PMID 29573941 a_Summary_SoE.pdf,Combo 450 (Encorafenib 450mg QD + Binimetinib 45mg BID),intervention,2.0,2.0,4.0,7.0,10.0,14.0,28.0,Day 1 of every 28-day cycle.,,2018.0
PMID 29573941 a_Summary_SoE.pdf,LGX818 (Encorafenib 300mg QD Monotherapy),intervention,2.0,2.0,4.0,7.0,10.0,14.0,28.0,Day 1 of every 28-day cycle.,,2018.0
PMID 29573941 a_Summary_SoE.pdf,Vemurafenib (960mg BID),control,2.0,2.0,4.0,7.0,10.0,14.0,28.0,Day 1 of every 28-day cycle.,,2018.0
PMID 29573941 a_Summary_SoE.pdf,Combo 300 (Encorafenib 300mg QD + Binimetinib 45mg BID),intervention,2.0,2.0,4.0,7.0,10.0,14.0,28.0,Day 1 of every 28-day cycle.,,2018.0
PMID 29624463 a_Summary_SoE.pdf,Arm 1 (Adjuvant Hormonal Therapy),control,1.0,1.0,1.0,2.0,3.0,5.0,91.0,Visits every 3 months (13 weeks) for Goserelin injections and assessments.,,2018.0
PMID 29624463 a_Summary_SoE.pdf,Arm 2 (Adjuvant Chemohormonal Therapy),intervention,1.0,3.0,9.0,11.0,12.0,14.0,21.0,"Chemotherapy cycles every 21 days for 6 cycles (Day 1 infusion, Day 15 labs), followed by hormonal therapy visits every 3 months.",,2018.0
PMID 29625879 CT_Summary_SoE.pdf,Arm A (Tivantinib),intervention,2.0,8.0,14.0,20.0,27.0,34.0,28.0,"Cycle 1: Days 1, 5, 9, 13, 17, 21, 25; Cycle 2: Days 1, 8, 15, 22; Cycle 3+: Days 1, 15",,2018.0
PMID 29625879 CT_Summary_SoE.pdf,Arm B (Placebo),control,2.0,8.0,14.0,20.0,27.0,34.0,28.0,"Cycle 1: Days 1, 5, 9, 13, 17, 21, 25; Cycle 2: Days 1, 8, 15, 22; Cycle 3+: Days 1, 15",,2018.0
PMID 29658430 a_Summary_SoE.pdf,Arm A (Pembrolizumab),intervention,2.0,2.0,5.0,9.0,13.0,18.0,21.0,Infusions every 3 weeks (Q3W). Labs and physical exams every 6 weeks. Imaging and HRQoL every 12 weeks.,,2018.0
PMID 29658430 a_Summary_SoE.pdf,Arm B (Placebo),control,2.0,2.0,5.0,9.0,13.0,18.0,21.0,Placebo infusions every 3 weeks (Q3W). Labs and physical exams every 6 weeks. Imaging and HRQoL every 12 weeks.,,2018.0
PMID 29658856 a_Summary_SoE.pdf,Arm 1 (Pembrolizumab + Pemetrexed + Platinum),intervention,1.0,2.0,5.0,9.0,13.0,18.0,21.0,Day 1 of each 21-day cycle.,,2018.0
PMID 29658856 a_Summary_SoE.pdf,Arm 2 (Placebo + Pemetrexed + Platinum),control,1.0,2.0,5.0,9.0,13.0,18.0,21.0,Day 1 of each 21-day cycle.,,2018.0
PMID 29668860 a_Summary_SoE.pdf,,,,,,,,,,,Failed to parse JSON,2018.0
PMID 29726361 CT_Summary_SoE.pdf,Arm 1 (Standard emollient skin care - Eucerin),control,2.0,22.0,26.0,26.0,26.0,26.0,0.0,Daily radiation therapy (5 days/week) for 5 weeks; weekly study assessments during RT; one follow-up visit 10-14 days post-RT.,,2018.0
PMID 29726361 CT_Summary_SoE.pdf,Arm 2 (Mometasone furoate 0.1% cream - MF),intervention,2.0,22.0,26.0,26.0,26.0,26.0,0.0,Daily radiation therapy (5 days/week) for 5 weeks; weekly study assessments during RT; one follow-up visit 10-14 days post-RT.,,2018.0
PMID 29801011 CT_Summary_SoE.pdf,Arm 1 (TURBT + Gemcitabine),intervention,1.0,2.0,3.0,4.0,5.0,6.0,0.0,"Single treatment on Day 1, safety follow-up at Week 2, then surveillance every 3 months.",,2018.0
PMID 29801011 CT_Summary_SoE.pdf,Arm 2 (TURBT + Saline),control,1.0,2.0,3.0,4.0,5.0,6.0,0.0,"Single treatment on Day 1, safety follow-up at Week 2, then surveillance every 3 months.",,2018.0
PMID 29804902 CT_Summary_SoE.pdf,Arm A (LEE011 + Tamoxifen/NSAI + Goserelin),intervention,2.0,3.0,7.0,10.0,13.0,17.0,28.0,"Cycle 1: Days 1, 15; Cycle 2: Day 1; Cycle 3: Days 1, 15, 16; Subsequent cycles: Day 1.",,2018.0
PMID 29804902 CT_Summary_SoE.pdf,Arm B (Placebo + Tamoxifen/NSAI + Goserelin),control,2.0,3.0,7.0,10.0,13.0,17.0,28.0,"Cycle 1: Days 1, 15; Cycle 2: Day 1; Cycle 3: Days 1, 15, 16; Subsequent cycles: Day 1.",,2018.0
PMID 29856685 a_Summary_SoE.pdf,Arm A (Ibrutinib + Rituximab),intervention,1.0,5.0,7.0,13.0,14.0,16.0,7.0,"Weekly for first 4 weeks; then every 4 weeks (Weeks 5, 9, 13); then weekly for second Rituximab course (Weeks 17, 18, 19, 20); then Week 21; then every 8 weeks (Weeks 25, 33, 41, 49).",,2018.0
PMID 29856685 a_Summary_SoE.pdf,Arm B (Placebo + Rituximab),control,1.0,5.0,7.0,13.0,14.0,16.0,7.0,"Weekly for first 4 weeks; then every 4 weeks (Weeks 5, 9, 13); then weekly for second Rituximab course (Weeks 17, 18, 19, 20); then Week 21; then every 8 weeks (Weeks 25, 33, 41, 49).",,2018.0
PMID 29860922 CT_Summary_SoE.pdf,Arm A (Ribociclib + Fulvestrant),intervention,2.0,2.0,6.0,9.0,12.0,16.0,28.0,Cycle 1 and Cycle 2: Days 1 and 15; Cycle 3 onwards: Day 1 only.,,2018.0
PMID 29860922 CT_Summary_SoE.pdf,Arm B (Placebo + Fulvestrant),control,2.0,2.0,6.0,9.0,12.0,16.0,28.0,Cycle 1 and Cycle 2: Days 1 and 15; Cycle 3 onwards: Day 1 only.,,2018.0
PMID 29863955 a_Summary_SoE.pdf,Arm A (Atezolizumab + Carboplatin + Paclitaxel),intervention,1.0,2.0,5.0,9.0,13.0,18.0,21.0,Day 1 of every 21-day cycle.,,2018.0
PMID 29863955 a_Summary_SoE.pdf,Arm B (Atezolizumab + Carboplatin + Paclitaxel + Bevacizumab),intervention,1.0,2.0,5.0,9.0,13.0,18.0,21.0,Day 1 of every 21-day cycle.,,2018.0
PMID 29863955 a_Summary_SoE.pdf,Arm C (Carboplatin + Paclitaxel + Bevacizumab),control,1.0,2.0,5.0,9.0,13.0,18.0,21.0,Day 1 of every 21-day cycle.,,2018.0
PMID 29866475 CT_Summary_SoE.pdf,Arm A (Once-weekly Carfilzomib + Dexamethasone),intervention,1.0,4.0,10.0,20.0,30.0,40.0,28.0,"3 visits per cycle (Days 1, 8, 15) for drug administration and assessments.",,2018.0
PMID 29866475 CT_Summary_SoE.pdf,Arm B (Twice-weekly Carfilzomib + Dexamethasone),control,1.0,8.0,20.0,40.0,60.0,79.0,28.0,"6 visits per cycle (Days 1, 2, 8, 9, 15, 16) for drug administration and assessments.",,2018.0
PMID 29880231 a_Summary_SoE.pdf,Arm 1 (Pembrolizumab),intervention,1.0,2.0,5.0,9.0,13.0,18.0,21.0,Day 1 of every 21-day cycle.,,2018.0
PMID 29880231 a_Summary_SoE.pdf,Arm 2 (Paclitaxel),control,1.0,4.0,10.0,20.0,30.0,40.0,28.0,"Days 1, 8, and 15 of every 28-day cycle.",,2018.0
PMID 29949494 a_Summary_SoE.pdf,Arm A (Enzalutamide),intervention,2.0,2.0,2.0,3.0,4.0,5.0,112.0,"Day 1, Week 5 (Day 29), then every 16 weeks (Week 17, 33, 49...)",,2018.0
PMID 29949494 a_Summary_SoE.pdf,Arm B (Placebo),control,2.0,2.0,2.0,3.0,4.0,5.0,112.0,"Day 1, Week 5 (Day 29), then every 16 weeks (Week 17, 33, 49...)",,2018.0
PMID 29972759 a_Summary_SoE.pdf,Arm A (Cabozantinib 60 mg),intervention,2.0,3.0,6.0,9.0,12.0,16.0,28.0,"W1, W3, W5, W7, W9, then every 4 weeks (W13, W17, etc.)",,2018.0
PMID 29972759 a_Summary_SoE.pdf,Arm B (Placebo),control,2.0,3.0,6.0,9.0,12.0,16.0,28.0,"W1, W3, W5, W7, W9, then every 4 weeks (W13, W17, etc.)",,2018.0
PMID 29989857 a_Summary_SoE.pdf,Arm 1 (IMRT pelvic radiation treatment),intervention,2.0,22.0,31.0,32.0,32.0,33.0,7.0,"Daily (5 days/week) for 6 weeks; Follow-up at 4-6 weeks post-RT, 6 months, and 12 months.",,2018.0
PMID 29989857 a_Summary_SoE.pdf,Arm 2 (4-field pelvic radiation treatment),control,2.0,22.0,31.0,32.0,32.0,33.0,7.0,"Daily (5 days/week) for 6 weeks; Follow-up at 4-6 weeks post-RT, 6 months, and 12 months.",,2018.0
PMID 30010751 a_Summary_SoE.pdf,Arm A (Nintedanib + BSC),intervention,1.0,3.0,6.0,10.0,14.0,19.0,21.0,Course 1: Day 1 and Day 8. Course 2 onwards: Day 1 of every 21-day cycle.,,2018.0
PMID 30010751 a_Summary_SoE.pdf,Arm B (Placebo + BSC),control,1.0,3.0,6.0,10.0,14.0,19.0,21.0,Course 1: Day 1 and Day 8. Course 2 onwards: Day 1 of every 21-day cycle.,,2018.0
PMID 30024784 a_Summary_SoE.pdf,Arm A (CPX-351),intervention,2.0,8.0,17.0,22.0,25.0,28.0,42.0,"Induction 1 (Days 1, 3, 5) followed by weekly labs until Day 42. Consolidation 1 (Days 1, 3) followed by weekly labs. Monthly follow-up for 1 year.",,2018.0
PMID 30024784 a_Summary_SoE.pdf,Arm B (7+3 Regimen),control,2.0,11.0,23.0,28.0,31.0,34.0,42.0,Induction 1 (Days 1-7) followed by weekly labs until Day 42. Consolidation 1 (Days 1-5) followed by weekly labs. Monthly follow-up for 1 year.,,2018.0
PMID 30040523 a_Summary_SoE.pdf,Arm A (Placebo + AC/T),control,1.0,2.0,5.0,17.0,18.0,19.0,21.0,"AC every 21 days x 4 cycles (C1-C4 D1), followed by weekly Paclitaxel x 12 doses (C5-C8 D1, D8, D15).",,2018.0
PMID 30040523 a_Summary_SoE.pdf,Arm B (Bevacizumab + AC/T),intervention,1.0,2.0,5.0,17.0,18.0,19.0,21.0,"AC every 21 days x 4 cycles (C1-C4 D1), followed by weekly Paclitaxel x 12 doses (C5-C8 D1, D8, D15).",,2018.0
PMID 30040523 a_Summary_SoE.pdf,Arm C/D (Bevacizumab + AC/T + Bevacizumab Maintenance),intervention,1.0,2.0,5.0,17.0,21.0,26.0,21.0,"Step 1: AC q3w x4, Pac weekly x12. Step 2 (Arm D): Bevacizumab monotherapy every 21 days x 10 doses (C9-C18 D1).",,2018.0
PMID 30052729 CT_Summary_SoE.pdf,Arm A (Avelumab + BSC),intervention,1.0,4.0,8.0,14.0,20.0,27.0,14.0,"Q2W (Day 1, 15)",,2018.0
PMID 30052729 CT_Summary_SoE.pdf,Arm B (Irinotecan + BSC),control,1.0,4.0,8.0,14.0,20.0,27.0,28.0,"D1, D15 of 28-day cycle",,2018.0
PMID 30052729 CT_Summary_SoE.pdf,Arm C (Paclitaxel + BSC),control,1.0,5.0,11.0,20.0,29.0,40.0,28.0,"D1, D8, D15 of 28-day cycle",,2018.0
PMID 30052729 CT_Summary_SoE.pdf,Arm D (BSC Only),control,1.0,3.0,6.0,10.0,14.0,19.0,21.0,"Q3W (Day 1, 22)",,2018.0
PMID 30072745 a_Summary_SoE.pdf,Arm A (S-1 + Cisplatin),intervention,2.0,4.0,10.0,18.0,27.0,36.0,21.0,"Cycle 1: Days 1, 8, 15; Subsequent cycles: Days 1, 15. Tumor imaging occurs on Day 15 of every even cycle.",,2018.0
PMID 30072745 a_Summary_SoE.pdf,Arm B (single-agent Cisplatin),control,2.0,4.0,10.0,18.0,27.0,36.0,21.0,"Cycle 1: Days 1, 8, 15; Subsequent cycles: Days 1, 15. Tumor imaging occurs on Day 15 of every even cycle.",,2018.0
PMID 30100375 CT_Summary_SoE.pdf,KW-0761 (mogamulizumab),intervention,1.0,6.0,12.0,21.0,31.0,42.0,28.0,"Cycle 1: Days 1, 8, 15, 22, 26-28. Subsequent cycles: Days 1, 15, 26-28.",,2018.0
PMID 30100375 CT_Summary_SoE.pdf,Vorinostat (ZOLINZA),control,1.0,6.0,12.0,21.0,31.0,42.0,28.0,"Cycle 1: Days 1, 8, 15, 22, 26-28. Subsequent cycles: Days 1, 15, 26-28.",,2018.0
PMID 30105668 a_Summary_SoE.pdf,"Arm A (VMP: Bortezomib, Melphalan, Prednisone)",control,2.0,7.0,13.0,22.0,30.0,40.0,42.0,"Cycle 1: 8 visits (Days 1, 4, 8, 11, 22, 25, 29, 32); Cycles 2-9: 4 visits (Days 1, 8, 22, 29).",,2019.0
PMID 30105668 a_Summary_SoE.pdf,"Arm B (D-VMP: Daratumumab, Bortezomib, Melphalan, Prednisone)",intervention,2.0,8.0,15.0,24.0,32.0,42.0,42.0,"Cycle 1: 10 visits (Days 1, 4, 8, 11, 15, 22, 25, 29, 32, 36); Cycles 2-9: 4 visits (Days 1, 8, 22, 29).",,2019.0
PMID 30110579 a_Summary_SoE.pdf,Arm A (Talazoparib / BMN 673),intervention,3.0,5.0,11.0,15.0,19.0,25.0,21.0,"Weekly treatment visits for the first 3 cycles (Day 1, 8, 15). Thereafter, visits occur on Day 1 of each 21-day cycle.",,2018.0
PMID 30110579 a_Summary_SoE.pdf,Arm B (Physician's Choice - Infusion),control,3.0,5.0,12.0,21.0,29.0,40.0,21.0,"Weekly treatment visits for the first 3 cycles (Day 1, 8, 15). Thereafter, visits occur on Day 1 and Day 8 of each 21-day cycle for infusion administration.",,2018.0
PMID 30177994 a_Summary_SoE.pdf,Arm A (Bevacizumab + Platinum Doublet / Bevacizumab Monotherapy),intervention,2.0,2.0,5.0,9.0,13.0,18.0,21.0,Day 1 of each 21-day cycle for drug administration and assessments.,,2018.0
PMID 30177994 a_Summary_SoE.pdf,Arm B (Standard of Care),control,2.0,2.0,5.0,9.0,13.0,18.0,21.0,Day 1 of each 21-day cycle for drug administration and assessments.,,2018.0
PMID 30262187 CT _Summary_SoE.pdf,Arm A (Avelumab),intervention,1.0,3.0,7.0,13.0,20.0,27.0,14.0,"Avelumab is administered every 2 weeks (Q2W) on Days 1, 15, 29, 43, 57, 71, 85, and every 14 days thereafter until progression.",,2018.0
PMID 30262187 CT _Summary_SoE.pdf,Arm B (Docetaxel),control,1.0,2.0,5.0,9.0,13.0,18.0,21.0,"Docetaxel is administered every 3 weeks (Q3W) on Days 1, 22, 43, 64, 85, and every 21 days thereafter until progression.",,2018.0
PMID 30280635 a_Summary_SoE.pdf,Arm 1 (Pembrolizumab + Carboplatin + Paclitaxel/Nab-paclitaxel),intervention,1.0,5.0,13.0,17.0,21.0,26.0,21.0,"Cycles 1-4: Days 1, 8, 15; Cycles 5+: Day 1 only",,2018.0
PMID 30280635 a_Summary_SoE.pdf,Arm 2 (Placebo + Carboplatin + Paclitaxel/Nab-paclitaxel),control,1.0,5.0,13.0,17.0,21.0,26.0,21.0,"Cycles 1-4: Days 1, 8, 15; Cycles 5+: Day 1 only",,2018.0
PMID 30280641 a_Summary_SoE.pdf,Arm A (Atezolizumab + Carboplatin + Etoposide),intervention,1.0,6.0,13.0,17.0,21.0,26.0,21.0,"Induction (Cycles 1-4): 3 consecutive days (Days 1, 2, 3) per cycle. Maintenance (Cycle 5 onwards): 1 day (Day 1) per cycle.",,2018.0
PMID 30280641 a_Summary_SoE.pdf,Arm B (Placebo + Carboplatin + Etoposide),control,1.0,6.0,13.0,17.0,21.0,26.0,21.0,"Induction (Cycles 1-4): 3 consecutive days (Days 1, 2, 3) per cycle. Maintenance (Cycle 5 onwards): 1 day (Day 1) per cycle.",,2018.0
PMID 30280657 a_Summary_SoE.pdf,Arm A (Brigatinib),intervention,1.0,4.0,7.0,10.0,13.0,17.0,28.0,"Cycle 1: Days 1, 8, 15; Cycle 2: Days 1, 15; Subsequent cycles: Day 1. Imaging every 8 weeks.",,2018.0
PMID 30280657 a_Summary_SoE.pdf,Arm B (Crizotinib),control,1.0,4.0,7.0,10.0,13.0,17.0,28.0,"Cycle 1: Days 1, 8, 15; Cycle 2: Days 1, 15; Subsequent cycles: Day 1. Imaging every 8 weeks.",,2018.0
PMID 30287523 CT_Summary_SoE.pdf,Arm A (Duvelisib),intervention,2.0,3.0,6.0,9.0,10.0,12.0,28.0,"Cycle 1 (21 days): D1, D8. Cycle 2: D1, D15. Cycles 3-7: D1. Cycles 9-19: D1 every odd cycle.",,2018.0
PMID 30287523 CT_Summary_SoE.pdf,Arm B (Ofatumumab),control,2.0,5.0,9.0,12.0,13.0,15.0,28.0,"8 weekly infusions (C1D1, D8, D15; C2D1, D8, D15, D22; C3D1), then 4 monthly infusions (C4-C7 D1). Post-treatment assessments every odd cycle (C9, C11, etc.).",,2018.0
PMID 30345884 a_Summary_SoE.pdf,Arm A (Olaparib 300mg twice daily),intervention,3.0,5.0,7.0,10.0,13.0,17.0,28.0,"Days 1, 8, 15, 22, 29, then every 4 weeks thereafter.",,2018.0
PMID 30345884 a_Summary_SoE.pdf,Arm B (Placebo twice daily),control,3.0,5.0,7.0,10.0,13.0,17.0,28.0,"Days 1, 8, 15, 22, 29, then every 4 weeks thereafter.",,2018.0
PMID 30345906 a_Summary_SoE.pdf,Arm A (Atezolizumab + nab-paclitaxel),intervention,2.0,4.0,10.0,20.0,30.0,40.0,28.0,"Days 1, 8, and 15 of every 28-day cycle.",,2018.0
PMID 30345906 a_Summary_SoE.pdf,Arm B (Placebo + nab-paclitaxel),control,2.0,4.0,10.0,20.0,30.0,40.0,28.0,"Days 1, 8, and 15 of every 28-day cycle.",,2018.0
PMID 30346481 CT_Summary_SoE.pdf,Arm A (Axitinib),intervention,2.0,3.0,5.0,7.0,8.0,10.0,28.0,"C1D1, C1D15, then Day 1 of every 4-week cycle until Cycle 5, then every 8 weeks thereafter (Cycle 7, 9, 11, 13).",,2018.0
PMID 30346481 CT_Summary_SoE.pdf,Arm B (Placebo),control,2.0,3.0,5.0,7.0,8.0,10.0,28.0,"C1D1, C1D15, then Day 1 of every 4-week cycle until Cycle 5, then every 8 weeks thereafter (Cycle 7, 9, 11, 13).",,2018.0
PMID 30355453 CT_Summary_SoE.pdf,TAS-102 plus Best Supportive Care (BSC),intervention,2.0,3.0,5.0,8.0,11.0,15.0,28.0,Cycle 1: Days 1 and 15. Subsequent cycles: Day 1 only. Imaging every 8 weeks.,,2018.0
PMID 30355453 CT_Summary_SoE.pdf,Placebo plus Best Supportive Care (BSC),control,2.0,3.0,5.0,8.0,11.0,15.0,28.0,Cycle 1: Days 1 and 15. Subsequent cycles: Day 1 only. Imaging every 8 weeks.,,2018.0
PMID 30389036 CT_Summary_SoE.pdf,CT-P10 (375 mg/m² IV),intervention,1.0,4.0,5.0,6.0,8.0,10.0,56.0,Induction: Weekly IV infusions for 4 weeks. Maintenance: IV infusions every 8 weeks for up to 2 years.,,2018.0
PMID 30389036 CT_Summary_SoE.pdf,US-licensed Rituxan (375 mg/m² IV),control,1.0,4.0,5.0,6.0,8.0,10.0,56.0,Induction: Weekly IV infusions for 4 weeks. Maintenance: IV infusions every 8 weeks for up to 2 years.,,2018.0
PMID 30415629 a_Summary_SoE.pdf,Vitamin D3 (2000 IU/d) + Fish Oil (840 mg EPA+DHA),intervention,1.0,0.0,0.0,0.0,0.0,0.0,1.0,The trial is conducted primarily by mail. Participants receive pill supplies and questionnaires via mail. The only in-person healthcare contact is for optional blood collection.,,2019.0
PMID 30415629 a_Summary_SoE.pdf,Vitamin D3 (2000 IU/d) + Fish Oil Placebo,intervention,1.0,0.0,0.0,0.0,0.0,0.0,1.0,The trial is conducted primarily by mail. Participants receive pill supplies and questionnaires via mail. The only in-person healthcare contact is for optional blood collection.,,2019.0
PMID 30415629 a_Summary_SoE.pdf,Placebo Vitamin D3 + Fish Oil (840 mg EPA+DHA),intervention,1.0,0.0,0.0,0.0,0.0,0.0,1.0,The trial is conducted primarily by mail. Participants receive pill supplies and questionnaires via mail. The only in-person healthcare contact is for optional blood collection.,,2019.0
PMID 30415629 a_Summary_SoE.pdf,Placebo Vitamin D3 + Placebo Fish Oil,control,1.0,0.0,0.0,0.0,0.0,0.0,1.0,The trial is conducted primarily by mail. Participants receive pill supplies and questionnaires via mail. The only in-person healthcare contact is for optional blood collection.,,2019.0
PMID 30449625 CT_Summary_SoE.pdf,Arm 2 (Accelerated IMRT + Cetuximab),intervention,2.0,18.0,33.0,34.0,35.0,36.0,7.0,Cetuximab loading dose on Day 1; Accelerated IMRT (5 days/week) starts on Day 8 for 6 weeks; Cetuximab weekly for 8 doses total.,,2019.0
PMID 30449625 CT_Summary_SoE.pdf,Arm 1 (Accelerated IMRT + Cisplatin),control,2.0,22.0,31.0,32.0,33.0,34.0,21.0,Accelerated IMRT (5 days/week) for 6 weeks; Cisplatin on Days 1 and 22.,,2019.0
PMID 30501481 a_Summary_SoE.pdf,Arm 1 (Bendamustine + Rituximab),control,2.0,5.0,9.0,13.0,14.0,15.0,28.0,"Cycle 1: Day 0, 1, 2; Cycles 2-6: Day 1, 2; Observation: Day 1 of every 3rd cycle (C9, C12...)",,2018.0
PMID 30501481 a_Summary_SoE.pdf,Arm 2 (Ibrutinib),intervention,2.0,2.0,4.0,6.0,7.0,8.0,28.0,"Cycles 1-6: Day 1; Maintenance: Day 1 of every 3rd cycle (C9, C12...)",,2018.0
PMID 30501481 a_Summary_SoE.pdf,Arm 3 (Ibrutinib + Rituximab),intervention,2.0,2.0,7.0,9.0,10.0,11.0,28.0,"Cycle 1: Day 1; Cycle 2: Day 1, 8, 15, 22; Cycles 3-6: Day 1; Maintenance: Day 1 of every 3rd cycle (C9, C12...)",,2018.0
PMID 30509740 a_Summary_SoE.pdf,Pembrolizumab Arm,intervention,1.0,2.0,5.0,9.0,13.0,18.0,21.0,Day 1 of each 3-week cycle (Q3W).,,2019.0
PMID 30509740 a_Summary_SoE.pdf,"Standard Treatment Arm (Methotrexate, Docetaxel, or Cetuximab)",control,1.0,5.0,13.0,26.0,39.0,53.0,21.0,"Days 1, 8, and 15 of each 3-week cycle (Weekly regimen).",,2019.0
PMID 30516102 a_Summary_SoE.pdf,Arm A (Trastuzumab emtansine),intervention,1.0,3.0,7.0,12.0,17.0,21.0,21.0,"Day 1 of each 21-day cycle for infusion; Day 8 of Cycle 1 for labs; Days 14-21 of Cycles 2, 6, 10, and 14 for imaging (ECHO/MUGA).",,2019.0
PMID 30516102 a_Summary_SoE.pdf,Arm B (Trastuzumab),control,1.0,3.0,7.0,12.0,17.0,21.0,21.0,"Day 1 of each 21-day cycle for infusion; Day 8 of Cycle 1 for labs; Days 14-21 of Cycles 2, 6, 10, and 14 for imaging (ECHO/MUGA).",,2019.0
PMID 30522922 CT_Summary_SoE.pdf,Experimental Arm (Brentuximab vedotin + CHP),intervention,2.0,4.0,8.0,13.0,14.0,15.0,21.0,Day 1 of each 21-day cycle for treatment; Day 3 of Cycles 1 and 2 for PK labs; Day 15-21 of Cycles 4 and 8 for restaging imaging; End of Treatment (EOT) visit 30 days post-last dose; Follow-up every 3 months.,,2019.0
PMID 30522922 CT_Summary_SoE.pdf,Standard-of-care Arm (CHOP),control,2.0,4.0,8.0,13.0,14.0,15.0,21.0,Day 1 of each 21-day cycle for treatment; Day 3 of Cycles 1 and 2 for PK labs; Day 15-21 of Cycles 4 and 8 for restaging imaging; End of Treatment (EOT) visit 30 days post-last dose; Follow-up every 3 months.,,2019.0
PMID 30522969 CT_Summary_SoE.pdf,Arm A (Ibrutinib + Obinutuzumab),intervention,1.0,5.0,7.0,10.0,11.0,13.0,28.0,"Cycle 1: Days 1, 2, 8, 15; Cycles 2-6: Day 1; Cycles 7-33: Every Odd Cycle Day 1",,2019.0
PMID 30522969 CT_Summary_SoE.pdf,Arm B (Chlorambucil + Obinutuzumab),control,1.0,5.0,7.0,10.0,11.0,13.0,28.0,"Cycle 1: Days 1, 2, 8, 15; Cycles 2-6: Day 1; Cycles 7-33: Every Odd Cycle Day 1",,2019.0
PMID 30545780 CT_Summary_SoE.pdf,Ixazomib,intervention,1.0,4.0,7.0,10.0,13.0,17.0,28.0,"Cycle 1: Days 1, 8, 15; Cycle 2: Days 1, 8; Cycle 3 onwards: Day 1 only.",,2019.0
PMID 30545780 CT_Summary_SoE.pdf,Placebo,control,1.0,4.0,7.0,10.0,13.0,17.0,28.0,"Cycle 1: Days 1, 8, 15; Cycle 2: Days 1, 8; Cycle 3 onwards: Day 1 only.",,2019.0
PMID 30575484 a_Summary_SoE.pdf,Arm A (Sorafenib),intervention,1.0,3.0,5.0,8.0,11.0,15.0,28.0,Cycle 1: Day 1 and Day 15. Subsequent cycles: Day 1 of every 28-day cycle. Staging (CT/MRI) every 2 cycles (8 weeks) starting Cycle 3.,,2018.0
PMID 30575484 a_Summary_SoE.pdf,Arm B (Placebo),control,1.0,3.0,5.0,8.0,11.0,15.0,28.0,Cycle 1: Day 1 and Day 15. Subsequent cycles: Day 1 of every 28-day cycle. Staging (CT/MRI) every 2 cycles (8 weeks) starting Cycle 3.,,2018.0
PMID 30653422 a_Summary_SoE.pdf,Arm A (Tandem Auto/Auto),intervention,2.0,23.0,24.0,50.0,52.0,53.0,28.0,"Two tandem autologous transplants (HCT) with approx. 21-day inpatient stays each, followed by maintenance therapy with visits monthly for 3 months then every 3 months.",,2019.0
PMID 30653422 a_Summary_SoE.pdf,Arm B (Single Auto/Maint),control,2.0,23.0,26.0,31.0,33.0,34.0,28.0,"Single autologous transplant (HCT) with approx. 21-day inpatient stay, followed by maintenance therapy with visits monthly for 3 months then every 3 months.",,2019.0
PMID 30653422 a_Summary_SoE.pdf,Arm C (Single Auto/RVD),intervention,2.0,23.0,24.0,38.0,41.0,42.0,21.0,"Single autologous transplant (HCT) with approx. 21-day inpatient stay, followed by 4 cycles of RVD consolidation (10 outpatient visits), then maintenance therapy.",,2019.0
PMID 30659987 CT_Summary_SoE.pdf,Arm A (Nivolumab),intervention,2.0,3.0,7.0,13.0,20.0,27.0,14.0,Q2W (Day 1 of each 14-day cycle),,2019.0
PMID 30659987 CT_Summary_SoE.pdf,Arm B (Docetaxel),control,2.0,2.0,5.0,9.0,13.0,18.0,21.0,Q3W (Day 1 of each 21-day cycle),,2019.0
PMID 30665869 CT_Summary_SoE.pdf,Arm A (Ramucirumab + Best Supportive Care),intervention,2.0,5.0,9.0,15.0,22.0,29.0,14.0,Day 1 of each 14-day cycle.,,2019.0
PMID 30665869 CT_Summary_SoE.pdf,Arm B (Placebo + Best Supportive Care),control,2.0,5.0,9.0,15.0,22.0,29.0,14.0,Day 1 of each 14-day cycle.,,2019.0
PMID 30707661 a_Summary_SoE.pdf,Arm A (Alisertib),intervention,1.0,6.0,14.0,27.0,40.0,54.0,21.0,"Cycle 1: D1, D7, D8, D15. Subsequent cycles: D1, D8, D15.",,2019.0
PMID 30707661 a_Summary_SoE.pdf,Arm B (Pralatrexate),control,1.0,5.0,12.0,23.0,34.0,46.0,49.0,"Weekly infusions for 6 weeks followed by 1 week rest (D1, D8, D15, D22, D29, D36).",,2019.0
PMID 30763142 a_Summary_SoE.pdf,Arm A (Darolutamide),intervention,1.0,3.0,3.0,4.0,5.0,6.0,112.0,"Day 1, Day 15, Day 29, then every 16 weeks (Week 16, 32, 48, etc.)",,2019.0
PMID 30763142 a_Summary_SoE.pdf,Arm B (Placebo),control,1.0,3.0,3.0,4.0,5.0,6.0,112.0,"Day 1, Day 15, Day 29, then every 16 weeks (Week 16, 32, 48, etc.)",,2019.0
PMID 30763730 CT_Summary_SoE.pdf,Arm A (AZD9291 Monotherapy),control,2.0,2.0,4.0,7.0,10.0,14.0,28.0,1 visit per 28-day cycle (Day 1) assumed for standard of care monitoring and drug dispensing.,,2019.0
PMID 30763730 CT_Summary_SoE.pdf,Arm B (AZD9291 + MEDI4736),intervention,2.0,3.0,7.0,13.0,20.0,27.0,28.0,2 visits per 28-day cycle (Day 1 and Day 15) for MEDI4736 infusions.,,2019.0
PMID 30777794 a_Summary_SoE.pdf,Thalidomide-Prednisolone (TP),control,1.0,5.0,17.0,25.0,32.0,40.0,21.0,Induction: 4 cycles (3 treatment days + 1 assessment day per cycle). Consolidation: Monthly assessment visits + Zoledronic acid every 21 days.,,2019.0
PMID 30777794 a_Summary_SoE.pdf,Bortezomib-Thalidomide-Prednisolone (VTP),intervention,1.0,5.0,17.0,30.0,42.0,54.0,21.0,Induction: 4 cycles (3 treatment days + 1 assessment day per cycle). Consolidation: Weekly Bortezomib injections (4 days/month) which include monthly assessments and ZA administration.,,2019.0
PMID 30779529 a_Summary_SoE.pdf,Arm 1 (Pembrolizumab + Axitinib),intervention,1.0,3.0,6.0,10.0,14.0,19.0,21.0,"Cycle 1: Day 1, Day 8; Cycle 2+: Day 1",,2019.0
PMID 30779529 a_Summary_SoE.pdf,Arm 2 (Sunitinib),control,1.0,3.0,6.0,10.0,12.0,14.0,42.0,"Cycle 1: Day 1, Day 15, Day 29; Cycles 2-4: Day 1, Day 29; Cycle 5+: Day 1",,2019.0
PMID 30786186 a_Summary_SoE.pdf,Arm A (Rivaroxaban),intervention,1.0,1.0,2.0,4.0,4.0,4.0,56.0,"Screening (Day -14 to -1), Day 1, Week 8, Week 16, Day 180 (EOT)",,2019.0
PMID 30786186 a_Summary_SoE.pdf,Arm B (Placebo),control,1.0,1.0,2.0,4.0,4.0,4.0,56.0,"Screening (Day -14 to -1), Day 1, Week 8, Week 16, Day 180 (EOT)",,2019.0
PMID 30811280 a_Summary_SoE.pdf,Arm A (Nivolumab 3 mg/kg + Ipilimumab 1 mg/kg),intervention,2.0,2.0,5.0,9.0,14.0,20.0,21.0,"Part 1: Every 3 weeks for 4 doses (Days 1, 22, 43, 64). Part 2: Every 4 weeks starting 6 weeks after last combination dose (Days 106, 134, 162, 190, 218, 246, 274, 302, 330, 358). Imaging: Every 8 weeks starting at Week 12 (Days 84, 140, 196, 252, 308, 364).",,2019.0
PMID 30811280 a_Summary_SoE.pdf,Arm B (Nivolumab 1 mg/kg + Ipilimumab 3 mg/kg),control,2.0,2.0,5.0,9.0,14.0,20.0,21.0,"Part 1: Every 3 weeks for 4 doses (Days 1, 22, 43, 64). Part 2: Every 4 weeks starting 6 weeks after last combination dose (Days 106, 134, 162, 190, 218, 246, 274, 302, 330, 358). Imaging: Every 8 weeks starting at Week 12 (Days 84, 140, 196, 252, 308, 364).",,2019.0
PMID 30817251 CT_Summary_SoE.pdf,Arm V+G (PROSTVAC-V/F plus GM-CSF),intervention,1.0,3.0,5.0,8.0,8.0,9.0,0.0,"Vaccinations at Weeks 1, 3, 5, 9, 13, 17, and 21; End-of-Treatment visit at Week 25; Long-Term Follow-Up visits every 6 months.",,2019.0
PMID 30817251 CT_Summary_SoE.pdf,Arm V (PROSTVAC-V/F plus GM-CSF placebo),intervention,1.0,3.0,5.0,8.0,8.0,9.0,0.0,"Vaccinations at Weeks 1, 3, 5, 9, 13, 17, and 21; End-of-Treatment visit at Week 25; Long-Term Follow-Up visits every 6 months.",,2019.0
PMID 30817251 CT_Summary_SoE.pdf,Arm P (Double placebo),control,1.0,3.0,5.0,8.0,8.0,9.0,0.0,"Placebo vaccinations at Weeks 1, 3, 5, 9, 13, 17, and 21; End-of-Treatment visit at Week 25; Long-Term Follow-Up visits every 6 months.",,2019.0
PMID 30819926 a_Summary_SoE.pdf,"Carfilzomib group (KMP: carfilzomib, melphalan, and prednisone)",intervention,2.0,4.0,9.0,18.0,26.0,36.0,42.0,"Cycles 1-9: Days 1, 8, 22, and 29 of each 42-day cycle.",,2019.0
PMID 30819926 a_Summary_SoE.pdf,"Bortezomib group (VMP: bortezomib, melphalan, and prednisone)",control,2.0,4.0,9.0,17.0,21.0,26.0,42.0,"Cycles 1-4: Days 1, 8, 22, and 29; Cycles 5-9: Days 1 and 22 of each 42-day cycle.",,2019.0
PMID 30897038 a_Summary_SoE.pdf,Arm A (Rituximab + Lenalidomide),intervention,2.0,5.0,9.0,13.0,16.0,19.0,28.0,"Cycle 1: Days 1, 8, 15, 22; Cycles 2-4: Days 1, 15; Cycles 5-12: Day 1; plus one End of Treatment visit.",,2019.0
PMID 30897038 a_Summary_SoE.pdf,Arm B (Rituximab + Placebo),control,2.0,5.0,9.0,13.0,16.0,19.0,28.0,"Cycle 1: Days 1, 8, 15, 22; Cycles 2-4: Days 1, 15; Cycles 5-12: Day 1; plus one End of Treatment visit.",,2019.0
PMID 30901302 a_Summary_SoE.pdf,Arm B (Ibrutinib + R-CHOP),intervention,1.0,4.0,8.0,11.0,12.0,13.0,21.0,Day 1 of each cycle (Q21 days) for treatment; Cycle 1 includes Day 8 and Day 15 for hematology labs; Staging CT at End of Cycle 4; End-of-Treatment (EOT) visit 30 days after last dose; Follow-up CT every 16 weeks.,,2019.0
PMID 30901302 a_Summary_SoE.pdf,Arm A (Placebo + R-CHOP),control,1.0,4.0,8.0,11.0,12.0,13.0,21.0,Day 1 of each cycle (Q21 days) for treatment; Cycle 1 includes Day 8 and Day 15 for hematology labs; Staging CT at End of Cycle 4; End-of-Treatment (EOT) visit 30 days after last dose; Follow-up CT every 16 weeks.,,2019.0
PMID 30939090 a_Summary_SoE.pdf,Arm A (R-CHOP),control,2.0,2.0,7.0,10.0,11.0,12.0,21.0,Day 1 of each 21-day cycle for 6 cycles.,,2019.0
PMID 30939090 a_Summary_SoE.pdf,Arm B (DA-EPOCH-R),intervention,2.0,15.0,43.0,58.0,59.0,60.0,21.0,"Days 1-5 of each 21-day cycle for 6 cycles, plus twice-weekly CBC monitoring (4 additional lab days per cycle).",,2019.0
PMID 30955977 a_Summary_SoE.pdf,Arm A (Pembrolizumab),intervention,1.0,2.0,5.0,9.0,13.0,18.0,21.0,Day 1 of each 21-day cycle.,,2019.0
PMID 30955977 a_Summary_SoE.pdf,Arm B (Standard of Care - Platinum Doublet),control,1.0,2.0,5.0,9.0,13.0,18.0,21.0,Day 1 of each 21-day cycle.,,2019.0
PMID 30990550 a_Summary_SoE.pdf,Arm A (Doxepin mouthwash),intervention,1.0,2.0,2.0,2.0,2.0,2.0,1.0,"1 screening visit, 1 treatment visit (Day 1), and 1 clinic visit for adverse event assessment during the optional 7-day continuation phase.",,2019.0
PMID 30990550 a_Summary_SoE.pdf,Arm B (DLA mouthwash),intervention,1.0,2.0,2.0,2.0,2.0,2.0,1.0,"1 screening visit, 1 treatment visit (Day 1), and 1 clinic visit for adverse event assessment during the optional 7-day continuation phase.",,2019.0
PMID 30990550 a_Summary_SoE.pdf,Arm C (Placebo mouthwash),control,1.0,2.0,2.0,2.0,2.0,2.0,1.0,"1 screening visit, 1 treatment visit (Day 1), and 1 clinic visit for adverse event assessment during the optional 7-day continuation phase.",,2019.0
PMID 30995174 a_Summary_SoE.pdf,Regimen I (Pelvic Radiation Therapy),control,1.0,20.0,30.0,31.0,32.0,33.0,7.0,Daily (5 days/week) for 28 fractions over 5.6 weeks,,2019.0
PMID 30995174 a_Summary_SoE.pdf,Regimen II (Vaginal Cuff Brachytherapy + Paclitaxel/Carboplatin),intervention,1.0,5.0,12.0,13.0,15.0,16.0,21.0,VCB (3 fractions) followed by 3 cycles of chemotherapy every 21 days with weekly labs,,2019.0
PMID 30995176 CT a_Summary_SoE.pdf,Arm A (High-dose GS-1101 300 mg BID),intervention,1.0,3.0,7.0,10.0,12.0,14.0,14.0,"Every 2 weeks for 12 weeks, then every 4 weeks until Week 24, then every 6 weeks until Week 48.",,2019.0
PMID 30995176 CT a_Summary_SoE.pdf,Arm B (Standard-dose GS-1101 150 mg BID),control,1.0,3.0,7.0,10.0,12.0,14.0,14.0,"Every 2 weeks for 12 weeks, then every 4 weeks until Week 24, then every 6 weeks until Week 48.",,2019.0
PMID 31002578 a_Summary_SoE.pdf,"Arm I: TJIV (IV paclitaxel, IV carboplatin, IV bevacizumab)",control,2.0,5.0,13.0,22.0,27.0,32.0,21.0,"Phase A (Cycles 1-6): Days 1, 8, 15 of each 21-day cycle. Phase B (Cycles 7-22): Day 1 of each 21-day cycle.",,2019.0
PMID 31002578 a_Summary_SoE.pdf,"Arm II: TJIP (IV paclitaxel, IP carboplatin, IV bevacizumab)",intervention,2.0,5.0,13.0,22.0,27.0,32.0,21.0,"Phase A (Cycles 1-6): Days 1, 8, 15 of each 21-day cycle. Phase B (Cycles 7-22): Day 1 of each 21-day cycle.",,2019.0
PMID 31002578 a_Summary_SoE.pdf,"Arm III: TCTIP (IV paclitaxel, IP cisplatin, IP paclitaxel, IV bevacizumab)",intervention,2.0,7.0,18.0,28.0,33.0,38.0,21.0,"Phase A (Cycles 1-6): Days 1, 2, 8 for treatment; Day 15 for weekly labs. Phase B (Cycles 7-22): Day 1 of each 21-day cycle.",,2019.0
PMID 31003911 CT_Summary_SoE.pdf,Arm A (Cobimetinib plus Atezolizumab),intervention,1.0,3.0,7.0,13.0,19.0,27.0,28.0,Day 1 and Day 15 of each 28-day cycle.,,2019.0
PMID 31003911 CT_Summary_SoE.pdf,Arm B (Atezolizumab Monotherapy),intervention,1.0,3.0,6.0,10.0,14.0,19.0,21.0,"Day 1 of each 21-day cycle, plus a one-time lab visit on Cycle 1 Day 15.",,2019.0
PMID 31003911 CT_Summary_SoE.pdf,Arm C (Regorafenib),control,1.0,5.0,9.0,12.0,15.0,19.0,28.0,"Cycle 1: Days 1, 8, 15, 22; Cycle 2: Days 1, 8, 15; Cycle 3+: Day 1.",,2019.0
PMID 31070709 CT_Summary_SoE.pdf,Arm A (ASP8273),intervention,1.0,3.0,5.0,8.0,9.0,11.0,28.0,"C1D1, C1D15, then Day 1 of every cycle until Cycle 7, then Day 1 of odd-numbered cycles (C9, C11, C13, etc.)",,2019.0
PMID 31070709 CT_Summary_SoE.pdf,Arm B (Erlotinib or Gefitinib),control,1.0,3.0,5.0,8.0,9.0,11.0,28.0,"C1D1, C1D15, then Day 1 of every cycle until Cycle 7, then Day 1 of odd-numbered cycles (C9, C11, C13, etc.)",,2019.0
PMID 31079938 CT_Summary_SoE.pdf,Arm A (Atezolizumab + Bevacizumab),intervention,1.0,2.0,5.0,9.0,13.0,19.0,42.0,Days 1 and 22 of each 42-day cycle,,2019.0
PMID 31079938 CT_Summary_SoE.pdf,Arm B (Sunitinib),control,1.0,2.0,5.0,9.0,13.0,19.0,42.0,Days 1 and 22 of each 42-day cycle for the first year,,2019.0
PMID 31091374 a_Summary_SoE.pdf,Arm B (Alpelisib + Fulvestrant),intervention,2.0,4.0,7.0,10.0,13.0,17.0,28.0,"Cycle 1: Days 1, 8, 15; Cycle 2: Days 1, 15; Subsequent cycles: Day 1 only.",,2019.0
PMID 31091374 a_Summary_SoE.pdf,Arm A (Placebo + Fulvestrant),control,2.0,4.0,7.0,10.0,13.0,17.0,28.0,"Cycle 1: Days 1, 8, 15; Cycle 2: Days 1, 15; Subsequent cycles: Day 1 only.",,2019.0
PMID 31097405 a_Summary_SoE.pdf,"Arm A (pomalidomide, bortezomib, and low-dose dexamethasone, PVd)",intervention,2.0,8.0,19.0,35.0,43.0,53.0,21.0,"Cycles 1-8: Days 1, 4, 8, 11. Cycles 9+: Days 1, 8. Cycle 1 also includes Day 15 for pregnancy testing.",,2019.0
PMID 31097405 a_Summary_SoE.pdf,"Arm B (bortezomib and low-dose dexamethasone, Vd)",control,2.0,8.0,19.0,35.0,43.0,53.0,21.0,"Cycles 1-8: Days 1, 4, 8, 11. Cycles 9+: Days 1, 8. Cycle 1 also includes Day 15 for pregnancy testing.",,2019.0
PMID 31122901 CT_Summary_SoE.pdf,Arm A (Atezolizumab + Carboplatin + nab-Paclitaxel),intervention,2.0,5.0,13.0,21.0,25.0,30.0,21.0,"Induction (Cycles 1-6): Days 1, 8, 15. Maintenance (Cycle 7+): Day 1 only.",,2019.0
PMID 31122901 CT_Summary_SoE.pdf,Arm B (Carboplatin + nab-Paclitaxel),control,2.0,5.0,13.0,21.0,25.0,30.0,21.0,"Induction (Cycles 1-6): Days 1, 8, 15. Maintenance (Cycle 7+): Day 1 only (Pemetrexed switch maintenance).",,2019.0
PMID 31141632 a_Summary_SoE.pdf,Arm B (Daratumumab + Lenalidomide + Dexamethasone [DRd]),intervention,1.0,5.0,11.0,17.0,20.0,24.0,28.0,"Cycles 1-2: Weekly (D1, D8, D15, D22); Cycles 3-6: Bi-weekly (D1, D15); Cycle 7+: Monthly (D1)",,2019.0
PMID 31141632 a_Summary_SoE.pdf,Arm A (Lenalidomide + Dexamethasone [Rd]),control,1.0,2.0,4.0,7.0,10.0,14.0,28.0,Day 1 of each 28-day cycle for labs and drug dispensing.,,2019.0
PMID 31150574 a_Summary_SoE.pdf,Arm A (Apalutamide plus ADT),intervention,1.0,2.0,4.0,7.0,10.0,13.0,28.0,"C1D1, then every 28 days (monthly) through Cycle 13, then every 2 cycles (56 days) through Cycle 25, then every 4 cycles.",,2019.0
PMID 31150574 a_Summary_SoE.pdf,Arm B (Placebo plus ADT),control,1.0,2.0,4.0,7.0,10.0,13.0,28.0,"C1D1, then every 28 days (monthly) through Cycle 13, then every 2 cycles (56 days) through Cycle 25, then every 4 cycles.",,2019.0
PMID 31157963 a_Summary_SoE.pdf,,,,,,,,,,,Failed to parse JSON,2019.0
PMID 31166681 a_Summary_SoE.pdf,Arm A (Obinutuzumab + Venetoclax),intervention,1.0,8.0,16.0,19.0,22.0,25.0,28.0,"Cycle 1: Days 1, 2, 8, 15, 22, 23. Cycle 2: Days 1, 2, 8, 9, 15, 16, 22, 23. Cycles 3-12: Day 1 only.",,2019.0
PMID 31166681 a_Summary_SoE.pdf,Arm B (Obinutuzumab + Chlorambucil),control,1.0,5.0,9.0,15.0,22.0,27.0,28.0,"Cycle 1: Days 1, 2, 8, 15. Cycles 2-12: Days 1 and 15.",,2019.0
PMID 31175001 CT_Summary_SoE.pdf,Arm 1 (Quizartinib Monotherapy),intervention,1.0,6.0,9.0,12.0,15.0,19.0,28.0,"Cycle 1: Days 1, 2, 8, 15, 16; Cycle 2: Days 1, 15; Cycle 3 and subsequent: Day 1.",,2019.0
PMID 31175001 CT_Summary_SoE.pdf,Arm 2 (Salvage Chemotherapy - LoDAC),control,1.0,13.0,38.0,72.0,102.0,133.0,28.0,Days 1-10 of every cycle; Cycle 1 and 2: Day 15.,,2019.0
PMID 31189035 a_Summary_SoE.pdf,Regimen I (Cisplatin + Radiation followed by Carboplatin + Paclitaxel),intervention,2.0,22.0,28.0,31.0,32.0,33.0,21.0,Phase 1: Daily radiation (5 days/week) for 5 weeks (25 days total) with Cisplatin on Days 1 and 28. Phase 2: 4 cycles of Carboplatin/Paclitaxel every 21 days.,,2019.0
PMID 31189035 a_Summary_SoE.pdf,Regimen II (Carboplatin + Paclitaxel),control,2.0,2.0,5.0,7.0,8.0,9.0,21.0,6 cycles of Carboplatin/Paclitaxel administered every 21 days.,,2019.0
PMID 31194247 a_Summary_SoE.pdf,Afatinib,intervention,1.0,4.0,6.0,9.0,12.0,16.0,28.0,"Weekly for the first month (Day 1, 8, 15, 29), then every 4 weeks (28 days) thereafter.",,2019.0
PMID 31194247 a_Summary_SoE.pdf,Placebo,control,1.0,4.0,6.0,9.0,12.0,16.0,28.0,"Weekly for the first month (Day 1, 8, 15, 29), then every 4 weeks (28 days) thereafter.",,2019.0
PMID 31221619 a_Summary_SoE.pdf,Arm A (Pembrolizumab + Epacadostat),intervention,1.0,2.0,5.0,9.0,13.0,18.0,21.0,1 visit per cycle (Day 1) for pembrolizumab infusion.,,2019.0
PMID 31221619 a_Summary_SoE.pdf,Arm B (Pembrolizumab + Placebo),control,1.0,2.0,5.0,9.0,13.0,18.0,21.0,1 visit per cycle (Day 1) for pembrolizumab infusion.,,2019.0
PMID 31240472 CT_Summary_SoE.pdf,Arm A (Plitidepsin + Dexamethasone),intervention,2.0,5.0,13.0,26.0,39.0,53.0,28.0,"Days 1, 8, 15, and 22 of each 28-day cycle.",,2019.0
PMID 31240472 CT_Summary_SoE.pdf,Arm B (Dexamethasone Alone),control,2.0,5.0,13.0,26.0,39.0,53.0,28.0,"Days 1, 8, 15, and 22 of each 28-day cycle.",,2019.0
PMID 31246522 CT_Summary_SoE.pdf,Arm A (HD-ADE Induction),control,2.0,10.0,23.0,28.0,29.0,30.0,30.0,"Induction I (6 days), Induction II (8 days), Consolidation I (5 days), Consolidation II (4 days)",,2019.0
PMID 31246522 CT_Summary_SoE.pdf,Arm B (Clo/AraC Induction),intervention,2.0,9.0,22.0,27.0,28.0,29.0,30.0,"Induction I (5 days), Induction II (8 days), Consolidation I (5 days), Consolidation II (4 days)",,2019.0
PMID 31248843 CT_Summary_SoE.pdf,Arm 1 (CSP + MMF),control,2.0,18.0,44.0,47.0,50.0,53.0,0.0,"Intensive monitoring (3 visits/week) for the first 3 months (until Day 96), followed by monthly visits thereafter.",,2019.0
PMID 31248843 CT_Summary_SoE.pdf,Arm 2 (CSP + MMF + Sirolimus),intervention,2.0,18.0,44.0,47.0,50.0,53.0,0.0,"Intensive monitoring (3 visits/week) for the first 3 months (until Day 96), followed by monthly visits thereafter.",,2019.0
PMID 31327687 CT_Summary_SoE.pdf,Arm A (Pembrolizumab + Pomalidomide + Low Dose Dexamethasone),intervention,1.0,3.0,7.0,13.0,19.0,27.0,28.0,"Day 1 of each 28-day cycle for labs/assessments, plus Pembrolizumab infusions every 21 days (Q3W).",,2019.0
PMID 31327687 CT_Summary_SoE.pdf,Arm B (Pomalidomide + Low Dose Dexamethasone),control,1.0,2.0,4.0,7.0,10.0,14.0,28.0,Day 1 of each 28-day cycle only.,,2019.0
PMID 31327689 a_Summary_SoE.pdf,Arm A (Pembrolizumab + Lenalidomide + Dexamethasone),intervention,2.0,3.0,7.0,13.0,19.0,27.0,28.0,"Visits occur on Day 1 of each 28-day cycle and every 3 weeks for Pembrolizumab infusions (Day 1, 22 of C1; Day 15 of C2; Day 8 of C3; repeating).",,2019.0
PMID 31327689 a_Summary_SoE.pdf,Arm B (Lenalidomide + Dexamethasone),control,2.0,2.0,4.0,7.0,10.0,14.0,28.0,Visits occur on Day 1 of each 28-day cycle for monitoring of oral therapy.,,2019.0
PMID 31329516 a_Summary_SoE.pdf,Enzalutamide + ADT,intervention,1.0,2.0,3.0,4.0,5.0,6.0,84.0,"Day 1, Day 29, then every 84 days (Weeks 1, 5, 13, 25, 37, 49)",,2019.0
PMID 31329516 a_Summary_SoE.pdf,Placebo + ADT,control,1.0,2.0,3.0,4.0,5.0,6.0,84.0,"Day 1, Day 29, then every 84 days (Weeks 1, 5, 13, 25, 37, 49)",,2019.0
PMID 31338773 CT_Summary_SoE.pdf,bevacizumab-Pfizer + paclitaxel + carboplatin,intervention,1.0,2.0,5.0,9.0,13.0,18.0,21.0,Day 1 of each 21-day cycle,,2019.0
PMID 31338773 CT_Summary_SoE.pdf,bevacizumab-EU + paclitaxel + carboplatin,control,1.0,2.0,5.0,9.0,13.0,18.0,21.0,Day 1 of each 21-day cycle,,2019.0
PMID 31345387 CT_Summary_SoE.pdf,Arm A (Reduced Dose Radiation + Carboplatin),intervention,2.0,6.0,19.0,38.0,39.0,40.0,21.0,"Induction: 3 days per 21-day cycle (D1, D5, D8); CRT: 5 days per week for 5.6 weeks (28 fractions).",,2019.0
PMID 31345387 CT_Summary_SoE.pdf,Arm B (Standard Dose Radiation + Carboplatin),control,2.0,6.0,19.0,44.0,46.0,47.0,21.0,"Induction: 3 days per 21-day cycle (D1, D5, D8); CRT: 5 days per week for 7 weeks (35 fractions).",,2019.0
PMID 31361535 a_Summary_SoE.pdf,Arm A (Bevacizumab Maintenance),control,1.0,2.0,5.0,9.0,13.0,18.0,21.0,Day 1 of every 21-day cycle for both Induction and Maintenance phases.,,2019.0
PMID 31361535 a_Summary_SoE.pdf,Arm B (Pemetrexed Maintenance),intervention,1.0,2.0,5.0,10.0,14.0,19.0,21.0,Day 1 of every 21-day cycle; includes an additional visit for Vitamin B12 premedication 1 week prior to starting Maintenance Phase.,,2019.0
PMID 31361535 a_Summary_SoE.pdf,Arm C (Bevacizumab + Pemetrexed Maintenance),intervention,1.0,2.0,5.0,10.0,14.0,19.0,21.0,Day 1 of every 21-day cycle; includes an additional visit for Vitamin B12 premedication 1 week prior to starting Maintenance Phase.,,2019.0
PMID 31365801 a_Summary_SoE.pdf,Arm A (Ibrutinib + Rituximab),intervention,1.0,4.0,6.0,9.0,10.0,12.0,28.0,Cycle 1 Day 1 (Labs); Cycle 2 Days 1-2 (Rituximab); Cycles 3-7 Day 1 (Rituximab); then every 90 days (Labs).,,2019.0
PMID 31365801 a_Summary_SoE.pdf,Arm B (FCR Chemoimmunotherapy),control,1.0,6.0,13.0,20.0,21.0,23.0,28.0,"Cycles 1-6 Days 1, 2, and 3 (FCR infusions); End of Cycle 6 visit; then every 90 days.",,2019.0
PMID 31371228 CT_Summary_SoE.pdf,Group B (Adjuvant HIPEC + Standard Adjuvant Systemic Chemotherapy),intervention,1.0,4.0,7.0,13.0,13.0,14.0,21.0,"Staged HIPEC (Day 7), Day 14 Labs, followed by 8 cycles of CAPOX every 3 weeks (C1D1, C2D1, etc.) and routine follow-up visits at 3, 6, and 12 months.",,2019.0
PMID 31371228 CT_Summary_SoE.pdf,Group A (Standard Adjuvant Systemic Chemotherapy),control,1.0,1.0,5.0,10.0,11.0,12.0,21.0,"Primary resection followed by 8 cycles of CAPOX every 3 weeks (C1D1, C2D1, etc.) and routine follow-up visits at 3, 6, and 12 months.",,2019.0
PMID 31399378 CT_Summary_SoE.pdf,Arm A (V212 Vaccine),intervention,1.0,1.0,3.0,5.0,5.0,5.0,30.0,"Day 1 (Visit 1), then every ~30 days for 4 doses (Visits 1-4), followed by a post-vaccination visit ~30 days after the last dose (Visit 5).",,2019.0
PMID 31399378 CT_Summary_SoE.pdf,Arm B (Placebo),control,1.0,1.0,3.0,5.0,5.0,5.0,30.0,"Day 1 (Visit 1), then every ~30 days for 4 doses (Visits 1-4), followed by a post-vaccination visit ~30 days after the last dose (Visit 5).",,2019.0
PMID 31454045 a_Summary_SoE.pdf,Regimen A (Single Myeloablative Consolidation),intervention,3.0,12.0,28.0,61.0,83.0,89.0,21.0,Induction cycles (21 days) involve 3-5 days of drug administration followed by lab checks on Day 5/6 and Day 21. Consolidation involves 5 days of myeloablative therapy and 14 days of daily labs during recovery. Radiation is 20 fractions. Maintenance is 1 visit per 28-day cycle.,,2019.0
PMID 31454045 a_Summary_SoE.pdf,Regimen B (Tandem Myeloablative Consolidation),intervention,3.0,12.0,28.0,63.0,104.0,110.0,21.0,"Induction is identical to Arm A. Consolidation involves two separate HSCT procedures (tandem), each with 5-7 days of chemo and 14 days of daily recovery labs. Radiation and Maintenance follow the second HSCT.",,2019.0
PMID 31486832 a_Summary_SoE.pdf,Arm A (Sorafenib plus Doxorubicin),intervention,2.0,2.0,5.0,9.0,13.0,18.0,21.0,"Day 1 of each 21-day cycle for treatment, labs, and clinic assessments. Restaging imaging (CT/MRI) occurs every 2 cycles (6 weeks). MUGA/ECHO occurs every 3 cycles.",,2019.0
PMID 31486832 a_Summary_SoE.pdf,Arm B (Sorafenib alone),control,2.0,2.0,5.0,9.0,13.0,18.0,21.0,Day 1 of each 21-day cycle for labs and clinic assessments. Restaging imaging (CT/MRI) occurs every 2 cycles (6 weeks).,,2019.0
PMID 31562799 a_Summary_SoE.pdf,Niraparib (Intervention),intervention,2.0,5.0,7.0,10.0,13.0,17.0,28.0,"Cycle 1: Days 1, 8, 15, 22. Subsequent Cycles: Day 1 only.",,2019.0
PMID 31562799 a_Summary_SoE.pdf,Placebo (Control),control,2.0,5.0,7.0,10.0,13.0,17.0,28.0,"Cycle 1: Days 1, 8, 15, 22. Subsequent Cycles: Day 1 only.",,2019.0
PMID 31566309 a_Summary_SoE.pdf,Triplet Arm (Encorafenib + Binimetinib + Cetuximab),intervention,2.0,5.0,13.0,26.0,39.0,53.0,28.0,"Weekly visits on Days 1, 8, 15, and 22 of every 28-day cycle.",,2019.0
PMID 31566309 a_Summary_SoE.pdf,Doublet Arm (Encorafenib + Cetuximab),intervention,2.0,5.0,13.0,26.0,39.0,53.0,28.0,"Weekly visits on Days 1, 8, 15, and 22 of every 28-day cycle.",,2019.0
PMID 31566309 a_Summary_SoE.pdf,Control Arm (Irinotecan/Cetuximab or FOLFIRI/Cetuximab),control,2.0,5.0,13.0,26.0,39.0,53.0,28.0,"Weekly visits on Days 1, 8, 15, and 22 of every 28-day cycle.",,2019.0
PMID 31582355 a_Summary_SoE.pdf,Nivolumab (ONO-4538),intervention,1.0,4.0,8.0,14.0,21.0,28.0,42.0,"Doses on Days 1, 15, 29 of a 42-day cycle. Day 8 labs in Cycle 1. Day 43 assessment at end of each cycle.",,2019.0
PMID 31582355 a_Summary_SoE.pdf,Docetaxel,control,1.0,3.0,6.0,10.0,14.0,19.0,21.0,Dose on Day 1 of a 21-day cycle. Day 8 labs in Cycle 1. Day 22 assessment at end of each cycle.,,2019.0
PMID 31582355 a_Summary_SoE.pdf,Paclitaxel,control,1.0,5.0,13.0,24.0,36.0,48.0,56.0,Weekly doses for 6 weeks followed by 2 weeks off (8-week cycle). Assessments on Days 43 and 50 of Cycle 1.,,2019.0
PMID 31590988 a_Summary_SoE.pdf,Durvalumab + EP,intervention,1.0,2.0,5.0,8.0,11.0,15.0,21.0,"q3w for 4 cycles (induction), followed by q4w maintenance starting at Day 85.",,2019.0
PMID 31590988 a_Summary_SoE.pdf,Durvalumab + tremelimumab + EP,intervention,1.0,2.0,5.0,8.0,11.0,15.0,21.0,"q3w for 4 cycles (induction), followed by q4w maintenance starting at Day 85.",,2019.0
PMID 31590988 a_Summary_SoE.pdf,EP alone,control,1.0,2.0,5.0,6.0,7.0,9.0,21.0,"q3w for 6 cycles, followed by survival follow-up approximately every 12 weeks.",,2019.0
PMID 31591063 CT a_Summary_SoE.pdf,Arm A (Erlotinib + Ramucirumab),intervention,1.0,3.0,7.0,13.0,20.0,27.0,14.0,Day 1 of every 14-day cycle for IV infusion and assessments.,,2019.0
PMID 31591063 CT a_Summary_SoE.pdf,Arm B (Erlotinib + Placebo),control,1.0,3.0,7.0,13.0,20.0,27.0,14.0,Day 1 of every 14-day cycle for IV placebo infusion and assessments.,,2019.0
PMID 31618129 a_Summary_SoE.pdf,Arm A (Platinum-doublet chemotherapy alone),control,2.0,2.0,5.0,7.0,9.0,10.0,21.0,"Day 1 of each 21-day cycle for 6 cycles, followed by interim follow-up visits every 6-9 weeks.",,2019.0
PMID 31618129 a_Summary_SoE.pdf,Arm B (Platinum-doublet chemotherapy plus Bevacizumab),intervention,2.0,2.0,5.0,9.0,13.0,18.0,21.0,Day 1 of each 21-day cycle until disease progression.,,2019.0
PMID 31629060 a_Summary_SoE.pdf,Group A (Darbepoetin alfa 500 µg Q3W),intervention,1.0,2.0,5.0,9.0,13.0,18.0,21.0,"Screening (1 day); Treatment Period: Q3W visits (every 21 days) starting on Day 1 for IP administration, labs, and clinical assessments. Imaging is performed every 9 weeks (Q9W) starting at Week 10.",,2020.0
PMID 31629060 a_Summary_SoE.pdf,Group B (Placebo Q3W),control,1.0,2.0,5.0,9.0,13.0,18.0,21.0,"Screening (1 day); Treatment Period: Q3W visits (every 21 days) starting on Day 1 for Placebo administration, labs, and clinical assessments. Imaging is performed every 9 weeks (Q9W) starting at Week 10.",,2020.0
PMID 31645288 CT_Summary_SoE.pdf,Regional Anesthesia and Analgesia,intervention,1.0,2.0,2.0,2.0,2.0,3.0,0.0,"Screening visit, Surgery (Day 1), Post-operative Day 1 assessment, and Yearly Mammogram (Day ~365).",,2019.0
PMID 31645288 CT_Summary_SoE.pdf,General Anesthesia and Opioid Analgesia,control,1.0,2.0,2.0,2.0,2.0,3.0,0.0,"Screening visit, Surgery (Day 1), Post-operative Day 1 assessment, and Yearly Mammogram (Day ~365).",,2019.0
PMID 31647503 a_Summary_SoE.pdf,Arm A (Pertuzumab + Trastuzumab + Docetaxel),intervention,1.0,3.0,7.0,11.0,15.0,20.0,21.0,Day 1 of each 21-day cycle for treatment. Additional imaging visits (ECHO) on Days 15-21 of Cycles 1 and 3. Pre-surgery MRI on Day 22 of Cycle 4. Surgery occurs between neoadjuvant and adjuvant phases.,,2020.0
PMID 31647503 a_Summary_SoE.pdf,Arm B (Placebo + Trastuzumab + Docetaxel),control,1.0,3.0,7.0,11.0,15.0,20.0,21.0,Day 1 of each 21-day cycle for treatment. Additional imaging visits (ECHO) on Days 15-21 of Cycles 1 and 3. Pre-surgery MRI on Day 22 of Cycle 4. Surgery occurs between neoadjuvant and adjuvant phases.,,2020.0
PMID 31665578 a_Summary_SoE.pdf,ASP2215 Arm (Gilteritinib),intervention,1.0,5.0,8.0,11.0,14.0,19.0,28.0,"Cycle 1: Days 1, 4, 8, 15; Cycle 2: Days 1, 15; Subsequent Cycles: Day 1.",,2019.0
PMID 31665578 a_Summary_SoE.pdf,Salvage Chemotherapy Arm (LoDAC),control,1.0,13.0,38.0,72.0,102.0,134.0,28.0,"Dosing Days 1-10 (LoDAC) or 1-7 (Azacitidine) per cycle; SoA visits on C1D1, 4, 8, 15 and C2D1, 15.",,2019.0
PMID 31679945 a_Summary_SoE.pdf,Arm 1 (Pembrolizumab Monotherapy),intervention,1.0,2.0,5.0,9.0,13.0,18.0,21.0,Day 1 of each 21-day cycle.,,2019.0
PMID 31679945 a_Summary_SoE.pdf,Arm 2 (Pembrolizumab plus Chemotherapy),intervention,1.0,2.0,5.0,9.0,13.0,18.0,21.0,Day 1 of each 21-day cycle.,,2019.0
PMID 31679945 a_Summary_SoE.pdf,Arm 3 (Cetuximab plus Chemotherapy),control,1.0,5.0,13.0,26.0,39.0,53.0,21.0,"Days 1, 8, and 15 of each 21-day cycle.",,2019.0
PMID 31688884 a_Summary_SoE.pdf,Caspofungin Arm,intervention,1.0,30.0,90.0,151.0,151.0,151.0,30.0,Daily contact for IV infusion (core_treatment) throughout the treatment phase.,,2019.0
PMID 31688884 a_Summary_SoE.pdf,Fluconazole Arm,control,1.0,16.0,48.0,81.0,81.0,81.0,30.0,"Daily contact during chemotherapy (10 days/course), followed by twice-weekly lab contacts during the prophylaxis phase.",,2019.0
PMID 31693129 CT_Summary_SoE.pdf,Arm 1 (Zoledronic Acid),intervention,1.0,1.0,3.0,6.0,7.0,8.0,30.0,"Monthly for the first 6 months, then every 3 months.",,2020.0
PMID 31693129 CT_Summary_SoE.pdf,Arm 2 (Clodronate),intervention,1.0,1.0,3.0,6.0,7.0,8.0,30.0,"Monthly for the first 6 months, then every 3 months.",,2020.0
PMID 31693129 CT_Summary_SoE.pdf,Arm 3 (Ibandronate),intervention,1.0,1.0,3.0,6.0,7.0,8.0,30.0,"Monthly for the first 6 months, then every 3 months.",,2020.0
PMID 31725692 CT_Summary_SoE.pdf,Intervention Group (Acetaminophen and Carbohydrate Loading),intervention,1.0,2.0,2.0,2.0,2.0,2.0,0.0,"1 screening visit, 1 surgery day (Day 1), and 1 follow-up visit (Day 7).",,2020.0
PMID 31725692 CT_Summary_SoE.pdf,Control Group (Usual Perioperative Care),control,1.0,2.0,2.0,2.0,2.0,2.0,0.0,"1 screening visit, 1 surgery day (Day 1), and 1 follow-up visit (Day 7).",,2020.0
PMID 31735560 CT_Summary_SoE.pdf,IPd (Isatuximab + Pomalidomide + Dexamethasone),intervention,1.0,5.0,9.0,15.0,22.0,29.0,28.0,"Cycle 1: Days 1, 8, 15, 22. Subsequent Cycles: Days 1, 15.",,2019.0
PMID 31735560 CT_Summary_SoE.pdf,Pd (Pomalidomide + Dexamethasone),control,1.0,5.0,9.0,15.0,22.0,29.0,28.0,"Cycle 1: Days 1, 8, 15, 22. Subsequent Cycles: Days 1, 15.",,2019.0
PMID 31800611 a_Summary_SoE.pdf,Ketorolac,intervention,1.0,2.0,2.0,2.0,2.0,3.0,0.0,"Screening visit, Surgery/Treatment day (D0), Hospital discharge (D8), and Annual Follow-up (Year 1).",,2019.0
PMID 31800611 a_Summary_SoE.pdf,Placebo,control,1.0,2.0,2.0,2.0,2.0,3.0,0.0,"Screening visit, Surgery/Treatment day (D0), Hospital discharge (D8), and Annual Follow-up (Year 1).",,2019.0
PMID 31806543 CT_Summary_SoE.pdf,Arm A (Denosumab 120 mg),intervention,3.0,5.0,7.0,10.0,11.0,13.0,28.0,"Q4W (every 4 weeks) for 6 months, then Q3M (every 3 months) for 54 months.",,2020.0
PMID 31806543 CT_Summary_SoE.pdf,Arm B (Placebo),control,3.0,5.0,7.0,10.0,11.0,13.0,28.0,"Q4W (every 4 weeks) for 6 months, then Q3M (every 3 months) for 54 months.",,2020.0
PMID 31810797 CT_Summary_SoE.pdf,Tivozanib Hydrochloride,intervention,1.0,3.0,5.0,8.0,11.0,15.0,28.0,"Screening visit, Cycle 1 Day 1, Cycle 1 Day 15, and Day 1 of every subsequent 28-day cycle.",,2020.0
PMID 31810797 CT_Summary_SoE.pdf,Sorafenib,control,1.0,3.0,5.0,8.0,11.0,15.0,28.0,"Screening visit, Cycle 1 Day 1, Cycle 1 Day 15, and Day 1 of every subsequent 28-day cycle.",,2020.0
PMID 31820339 CT_Summary_SoE.pdf,Arm A (Rituximab-Pfizer),intervention,1.0,5.0,5.0,6.0,7.0,9.0,7.0,"4 weekly treatment visits (Days 1, 8, 15, 22), followed by a Week 5 follow-up visit (Day 29), and then follow-up visits approximately every 3 months (Weeks 13, 26, 39, 52).",,2020.0
PMID 31820339 CT_Summary_SoE.pdf,Arm B (Rituximab-EU / MabThera),control,1.0,5.0,5.0,6.0,7.0,9.0,7.0,"4 weekly treatment visits (Days 1, 8, 15, 22), followed by a Week 5 follow-up visit (Day 29), and then follow-up visits approximately every 3 months (Weeks 13, 26, 39, 52).",,2020.0
PMID 31821109 a_Summary_SoE.pdf,Arm 1 (Chemotherapy Alone),control,2.0,3.0,8.0,17.0,17.0,18.0,14.0,"AC (dose-dense) every 2 weeks for 4 cycles, followed by weekly Paclitaxel for 12 doses.",,2020.0
PMID 31821109 a_Summary_SoE.pdf,Arm 2 (Chemotherapy + Trastuzumab),intervention,2.0,3.0,8.0,18.0,22.0,28.0,21.0,"AC (dose-dense) every 2 weeks, followed by weekly Paclitaxel + Trastuzumab for 12 doses, then Trastuzumab alone every 3 weeks.",,2020.0
PMID 31924332 CT_Summary_SoE.pdf,Arm A (Trabectedin + DOXIL),intervention,1.0,6.0,14.0,27.0,40.0,54.0,21.0,"Day 1 (Infusion), Day 8 (Labs), Day 15 (Labs) of each 21-day cycle.",,2020.0
PMID 31924332 CT_Summary_SoE.pdf,Arm B (DOXIL Monotherapy),control,1.0,6.0,14.0,27.0,40.0,54.0,28.0,"Day 1 (Infusion), Day 8 (Labs), Day 15 (Labs), Day 22 (Labs) of each 28-day cycle.",,2020.0
PMID 31935026 a_Summary_SoE.pdf,Arm A (MEAL Program Intervention),intervention,1.0,0.0,1.0,2.0,3.0,4.0,0.0,"PSA blood draws every 3 months; Clinic visits (H&P, Weight) every 6 months.",,2020.0
PMID 31935026 a_Summary_SoE.pdf,Arm B (Control),control,1.0,0.0,1.0,2.0,3.0,4.0,0.0,"PSA blood draws every 3 months; Clinic visits (H&P, Weight) every 6 months.",,2020.0
PMID 32010577 a_Summary_SoE.pdf,IBI305 + Paclitaxel/Carboplatin,intervention,1.0,2.0,5.0,9.0,13.0,18.0,21.0,One visit on Day 1 of every 21-day cycle.,,2019.0
PMID 32010577 a_Summary_SoE.pdf,Bevacizumab + Paclitaxel/Carboplatin,control,1.0,2.0,5.0,9.0,13.0,18.0,21.0,One visit on Day 1 of every 21-day cycle.,,2019.0
PMID 32031887 CT_Summary_SoE.pdf,Arm 1 (Early Palliative Care),intervention,1.0,2.0,4.0,7.0,10.0,14.0,28.0,Visits occur every 4 weeks (28 days) starting from Baseline (Day 1).,,2020.0
PMID 32031887 CT_Summary_SoE.pdf,Arm 2 (Standard Oncology Care),control,1.0,2.0,4.0,7.0,10.0,14.0,28.0,Visits occur every 4 weeks (28 days) starting from Baseline (Day 1).,,2020.0
PMID 32058845 a_Summary_SoE.pdf,,,,,,,,,,,Unknown failure,2020.0
PMID 32073956 a_Summary_SoE.pdf,Olaparib Monotherapy,intervention,1.0,5.0,7.0,10.0,13.0,17.0,28.0,"Days 1, 8, 15, 22, 29, then every 4 weeks (Weeks 8, 12, 16, etc.)",,2020.0
PMID 32073956 a_Summary_SoE.pdf,Physician's Choice Single Agent Chemotherapy,control,1.0,5.0,13.0,26.0,39.0,53.0,28.0,"Weekly infusions (Days 1, 8, 15, 22 of every 28-day cycle)",,2020.0
PMID 32145827 a_Summary_SoE.pdf,Paclitaxel plus ART (PTX+ART),intervention,1.0,3.0,7.0,13.0,19.0,25.0,14.0,"Every 2 weeks (Day 1, 15, 29, etc.)",,2020.0
PMID 32145827 a_Summary_SoE.pdf,Bleomycin and vincristine plus ART (BV+ART),control,1.0,3.0,7.0,13.0,19.0,25.0,14.0,"Every 2 weeks (Day 1, 15, 29, etc.)",,2020.0
PMID 32145827 a_Summary_SoE.pdf,Etoposide plus ART (ET+ART),control,1.0,3.0,7.0,13.0,19.0,25.0,14.0,"Every 2 weeks (Day 1, 15, 29, etc.)",,2020.0
PMID 32201234 a_Summary_SoE.pdf,Durvalumab Monotherapy,intervention,1.0,3.0,7.0,13.0,20.0,27.0,14.0,Every 2 weeks (q2w) for 12 months,,2020.0
PMID 32201234 a_Summary_SoE.pdf,Standard of Care (SoC: Gemcitabine regimen),control,1.0,4.0,10.0,20.0,30.0,40.0,28.0,"Days 1, 8, 15 of a 28-day cycle",,2020.0
PMID 32201234 a_Summary_SoE.pdf,Durvalumab + Tremelimumab Combination,intervention,1.0,2.0,4.0,10.0,17.0,21.0,28.0,"q4w for 12 weeks (3 doses), then q2w for 34 weeks (17 doses)",,2020.0
PMID 32201234 a_Summary_SoE.pdf,Tremelimumab Monotherapy,intervention,1.0,2.0,4.0,7.0,9.0,11.0,28.0,"q4w for 24 weeks (6 doses), then q12w for 24 weeks (2 doses)",,2020.0
PMID 32213342 a_Summary_SoE.pdf,Arm A (Dara-SC: Subcutaneous Daratumumab),intervention,2.0,6.0,13.0,19.0,22.0,26.0,28.0,"Cycles 1-2: Days 1, 8, 15, 22; Cycles 3-6: Days 1, 15; Cycles 7+: Day 1. Dara-SC includes additional PK visits on C1D4 and C3D4.",,2020.0
PMID 32213342 a_Summary_SoE.pdf,Arm B (Dara-IV: Intravenous Daratumumab),control,2.0,5.0,11.0,17.0,20.0,24.0,28.0,"Cycles 1-2: Days 1, 8, 15, 22; Cycles 3-6: Days 1, 15; Cycles 7+: Day 1.",,2020.0
PMID 32259228 a_Summary_SoE.pdf,Arm A (Doxorubicin plus Olaratumab),intervention,2.0,4.0,9.0,18.0,26.0,36.0,21.0,Days 1 and 8 of every 21-day cycle.,,2020.0
PMID 32259228 a_Summary_SoE.pdf,Arm B (Doxorubicin plus Placebo),control,2.0,4.0,9.0,18.0,26.0,36.0,21.0,Days 1 and 8 of every 21-day cycle.,,2020.0
PMID 32271377 a_Summary_SoE.pdf,Arm A (MEDI4736 + tremelimumab),intervention,1.0,2.0,5.0,9.0,13.0,17.0,28.0,Treatment every 4 weeks (q4w) for 13 doses; Tumor assessments (imaging) every 6 weeks for 48 weeks.,,2020.0
PMID 32271377 a_Summary_SoE.pdf,Arm B (MEDI4736 monotherapy),intervention,1.0,2.0,5.0,9.0,13.0,17.0,28.0,Treatment every 4 weeks (q4w) for 13 doses; Tumor assessments (imaging) every 6 weeks for 48 weeks.,,2020.0
PMID 32271377 a_Summary_SoE.pdf,Arm C (Standard of Care Platinum-Based Chemotherapy),control,1.0,2.0,5.0,9.0,13.0,18.0,21.0,Treatment every 3 weeks (q3w); Tumor assessments (imaging) every 6 weeks.,,2020.0
PMID 32294530 CT_Summary_SoE.pdf,Arm 1 (MEDI4736 Monotherapy),intervention,2.0,3.0,7.0,13.0,20.0,27.0,14.0,Infusion and assessments every 2 weeks (q2w).,,2020.0
PMID 32294530 CT_Summary_SoE.pdf,Arm 2 (MEDI4736 + Tremelimumab Combination),intervention,2.0,3.0,7.0,13.0,20.0,27.0,14.0,"Visits every 2 weeks. Infusions q4w for first 4 doses, then q2w. Labs/exams occur on off-weeks during the first 14 weeks.",,2020.0
PMID 32294530 CT_Summary_SoE.pdf,Arm 3 (Standard of Care),control,2.0,5.0,13.0,26.0,39.0,53.0,7.0,"Weekly infusions (Cetuximab, Taxanes, or Methotrexate).",,2020.0
PMID 32302702 CT_Summary_SoE.pdf,Arm A (Atezolizumab + Carboplatin + Paclitaxel),intervention,1.0,2.0,5.0,9.0,13.0,18.0,21.0,Day 1 of each 21-day cycle for both induction and maintenance phases.,,2020.0
PMID 32302702 CT_Summary_SoE.pdf,Arm B (Atezolizumab + Carboplatin + nab-Paclitaxel),intervention,1.0,5.0,13.0,21.0,25.0,30.0,21.0,"Induction (6 cycles): Days 1, 8, 15 of each 21-day cycle. Maintenance: Day 1 of each 21-day cycle.",,2020.0
PMID 32302702 CT_Summary_SoE.pdf,Arm C (Carboplatin + nab-Paclitaxel),control,1.0,5.0,13.0,20.0,22.0,24.0,21.0,"Induction (6 cycles): Days 1, 8, 15 of each 21-day cycle. Maintenance (BSC): Tumor assessments every 6 weeks.",,2020.0
PMID 32305093 a_Summary_SoE.pdf,,,,,,,,,,,Failed to parse JSON,2020.0
PMID 32343890 a_Summary_SoE.pdf,Arm A (Olaparib),intervention,2.0,2.0,4.0,7.0,8.0,10.0,28.0,"Day 1, then every 4 weeks until Week 24, then every 8 weeks thereafter.",,2020.0
PMID 32343890 a_Summary_SoE.pdf,Arm B (Investigator's choice of enzalutamide or abiraterone acetate),control,2.0,2.0,4.0,7.0,8.0,10.0,28.0,"Day 1, then every 4 weeks until Week 24, then every 8 weeks thereafter.",,2020.0
PMID 32372176 CT_Summary_SoE.pdf,Testosterone (Pellet or Topical Gel),intervention,2.0,3.0,4.0,5.0,5.0,5.0,90.0,"Screening (2 visits), Day 1 (Treatment Start), Month 3 (Visit), Month 6 (End of Study Visit)",,2021.0
PMID 32372176 CT_Summary_SoE.pdf,Placebo (Pellet or Topical Gel),control,2.0,3.0,4.0,5.0,5.0,5.0,90.0,"Screening (2 visits), Day 1 (Treatment Start), Month 3 (Visit), Month 6 (End of Study Visit)",,2021.0
PMID 32379269 a_Summary_SoE.pdf,Olanzapine (5.0 mg/day),intervention,1.0,1.0,1.0,1.0,1.0,1.0,7.0,"One screening visit for eligibility and labs, followed by one clinic visit on Day 1 for registration and drug dispensing. Subsequent monitoring is conducted remotely via daily nurse phone calls through Day 8.",,2020.0
PMID 32379269 a_Summary_SoE.pdf,Placebo,control,1.0,1.0,1.0,1.0,1.0,1.0,7.0,"One screening visit for eligibility and labs, followed by one clinic visit on Day 1 for registration and drug dispensing. Subsequent monitoring is conducted remotely via daily nurse phone calls through Day 8.",,2020.0
PMID 32402160 a_Summary_SoE.pdf,Arm A (Atezolizumab + Bevacizumab),intervention,2.0,2.0,7.0,13.0,19.0,26.0,21.0,Day 1 of every 21-day cycle for infusions and labs; tumor imaging (CT/MRI) every 6 weeks.,,2020.0
PMID 32402160 a_Summary_SoE.pdf,Arm B (Sorafenib),control,2.0,2.0,7.0,13.0,19.0,26.0,21.0,Day 1 of every 21-day cycle for drug dispensing and labs; tumor imaging (CT/MRI) every 6 weeks.,,2020.0
PMID 32416072 CT a_Summary_SoE.pdf,Arm A (AG-120 / Ivosidenib),intervention,2.0,3.0,7.0,11.0,15.0,20.0,28.0,Cycles 1-3: Days 1 and 15. Cycle 4+: Day 1 of each cycle. Radiographic scans every 6 weeks for the first 48 weeks.,,2020.0
PMID 32416072 CT a_Summary_SoE.pdf,Arm B (Placebo),control,2.0,3.0,7.0,11.0,15.0,20.0,28.0,Cycles 1-3: Days 1 and 15. Cycle 4+: Day 1 of each cycle. Radiographic scans every 6 weeks for the first 48 weeks.,,2020.0
PMID 32416073 CT_Summary_SoE.pdf,Arm A (SHR-1210),intervention,2.0,3.0,7.0,13.0,20.0,27.0,14.0,Day 1 of each 2-week cycle.,,2020.0
PMID 32416073 CT_Summary_SoE.pdf,Arm B (Docetaxel),control,2.0,2.0,5.0,9.0,13.0,18.0,21.0,Day 1 of each 3-week cycle.,,2020.0
PMID 32416073 CT_Summary_SoE.pdf,Arm C (Irinotecan),control,2.0,3.0,7.0,13.0,20.0,27.0,14.0,Day 1 of each 2-week cycle.,,2020.0
PMID 32416780 a_Summary_SoE.pdf,Arm A (Atezolizumab + Platinum/Gemcitabine),intervention,2.0,5.0,11.0,20.0,28.0,38.0,21.0,"Cycles 1-2: Day 1, Day 8, Day 15. Cycles 3+: Day 1, Day 8.",,2020.0
PMID 32416780 a_Summary_SoE.pdf,Arm B (Atezolizumab Monotherapy),intervention,2.0,2.0,5.0,9.0,13.0,18.0,21.0,Day 1 of each 21-day cycle.,,2020.0
PMID 32416780 a_Summary_SoE.pdf,Arm C (Placebo + Platinum/Gemcitabine),control,2.0,5.0,11.0,20.0,28.0,38.0,21.0,"Cycles 1-2: Day 1, Day 8, Day 15. Cycles 3+: Day 1, Day 8.",,2020.0
PMID 32437507 a_Summary_SoE.pdf,Arm A: Nivolumab Monotherapy (Cohort 2),intervention,2.0,3.0,7.0,13.0,20.0,27.0,14.0,Day 1 of every 2-week cycle (Q2W).,,2020.0
PMID 32437507 a_Summary_SoE.pdf,Arm B: Bevacizumab Monotherapy (Cohort 2),control,2.0,3.0,7.0,13.0,20.0,27.0,14.0,Day 1 of every 2-week cycle (Q2W).,,2020.0
PMID 32437507 a_Summary_SoE.pdf,Arm C: Nivolumab + Ipilimumab (Cohort 1/1b),intervention,2.0,2.0,5.0,11.0,18.0,25.0,21.0,"Q3W for first 4 doses (Weeks 1, 4, 7, 10), then Q2W starting at Week 13.",,2020.0
PMID 32459600 a_Summary_SoE.pdf,Arm A (Acalabrutinib monotherapy),intervention,2.0,4.0,8.0,14.0,15.0,16.0,28.0,"Cycle 1: Days 1, 8, 15; Cycles 2-6: Days 1, 15; Cycle 7: Day 1; thereafter Q12W (Cycles 10, 13, etc.)",,2020.0
PMID 32459600 a_Summary_SoE.pdf,Arm B (Investigator's Choice: Bendamustine + Rituximab),control,2.0,6.0,10.0,15.0,16.0,17.0,28.0,"Cycle 1: Days 1, 2, 8, 15; Cycles 2-6: Days 1, 2; thereafter Q12W follow-up visits.",,2020.0
PMID 32460997 CT_Summary_SoE.pdf,Arm 1: Regimen 1 (IV Pulse Actinomycin-D),control,1.0,3.0,7.0,13.0,20.0,24.0,14.0,1 visit per 14-day cycle (Day 1 infusion),,2020.0
PMID 32460997 CT_Summary_SoE.pdf,Arm 2: Regimen 2 (Multi-day Methotrexate),intervention,1.0,12.0,35.0,65.0,99.0,104.0,14.0,5 visits per 14-day cycle (Days 1-5 infusions),,2020.0
PMID 32469183 a_Summary_SoE.pdf,Arm A (Relugolix),intervention,1.0,6.0,8.0,11.0,14.0,17.0,28.0,"Day 1, 4, 8, 15, 22, 29, then every 4 weeks until Week 49 (Day 337).",,2020.0
PMID 32469183 a_Summary_SoE.pdf,Arm B (Leuprolide Acetate),control,1.0,6.0,8.0,11.0,14.0,17.0,84.0,"Day 1, 4, 8, 15, 22, 29, then every 4 weeks; injections every 12 weeks (Day 1, 85, 169, 253).",,2020.0
PMID 32469384 a_Summary_SoE.pdf,Arm A (Savolitinib),intervention,2.0,5.0,10.0,12.0,14.0,16.0,42.0,2 screening visits; Cycle 1 weekly (6 visits); Cycle 2 weekly for 3 weeks (3 visits); thereafter every 6 weeks (Day 1 of each cycle).,,2020.0
PMID 32469384 a_Summary_SoE.pdf,Arm B (Sunitinib),control,2.0,5.0,10.0,12.0,14.0,16.0,42.0,2 screening visits; Cycle 1 weekly (6 visits); Cycle 2 weekly for 3 weeks (3 visits); thereafter every 6 weeks (Day 1 of each cycle).,,2020.0
PMID 32496902 a_Summary_SoE.pdf,High Risk (HR) B-ALL - Arm A/B,control,1.0,7.0,15.0,41.0,65.0,83.0,84.0,"Induction: weekly; Consolidation: weekly; IM: Days 1, 3, 4, 15, 17, 29, 31, 43, 45, 56; DI: Daily for first week, then weekly; Maintenance: Weekly for labs and oral chemo adjustment.",,2020.0
PMID 32496902 a_Summary_SoE.pdf,Very High Risk (VHR) B-ALL - Control Arm,control,1.0,7.0,23.0,51.0,73.0,90.0,84.0,"Induction: weekly; Consolidation: weekly/bi-weekly; IM I: Days 1, 3, 15, 17, 29, 31, 43, 45, 56, 64; DI: Daily for first week, then weekly; IM II: Days 1, 2, 11, 21, 22, 31, 41, 57; Maintenance: Weekly.",,2020.0
PMID 32496902 a_Summary_SoE.pdf,Ph-like B-ALL - Dasatinib Arm,intervention,1.0,7.0,24.0,49.0,70.0,85.0,84.0,"Induction: weekly; Consolidation: weekly + daily block; IM I: Days 1, 3, 15, 17, 29, 31, 43, 45, 56, 64; DI: Daily for first week, then weekly; IM II: Days 1, 2, 11, 21, 22, 31, 41, 57; Maintenance: Weekly.",,2020.0
PMID 32496902 a_Summary_SoE.pdf,Down Syndrome (DS) HR B-ALL Arm,intervention,1.0,14.0,33.0,56.0,77.0,92.0,84.0,"Induction: bi-weekly; Consolidation: bi-weekly; IM: Days 1, 3, 15, 17, 29, 31, 43, 45, 64; DI: Daily for first week, then weekly; Maintenance: Weekly.",,2020.0
PMID 32534646 CT_Summary_SoE.pdf,Arm B (Atezolizumab + Cobimetinib + Vemurafenib),intervention,2.0,4.0,12.0,18.0,25.0,32.0,28.0,"Run-In Period (Days 1, 15, 21); Triple Combination Cycles 1-2 (Days 1, 8, 15, 22); Cycles 3+ (Days 1, 15).",,2020.0
PMID 32534646 CT_Summary_SoE.pdf,Arm A (Placebo + Cobimetinib + Vemurafenib),control,2.0,4.0,12.0,18.0,25.0,32.0,28.0,"Run-In Period (Days 1, 15, 21); Triple Combination Cycles 1-2 (Days 1, 8, 15, 22); Cycles 3+ (Days 1, 15).",,2020.0
PMID 32564260 CT_Summary_SoE.pdf,Arm A (Placebo + Herceptin + Docetaxel),control,2.0,2.0,5.0,9.0,13.0,18.0,21.0,Day 1 of every 21-day cycle,,2020.0
PMID 32564260 CT_Summary_SoE.pdf,Arm B (Pertuzumab + Herceptin + Docetaxel),intervention,2.0,2.0,5.0,9.0,13.0,18.0,21.0,Day 1 of every 21-day cycle,,2020.0
PMID 32678716 CT_Summary_SoE.pdf,Arm A (Neratinib + Capecitabine),intervention,2.0,4.0,7.0,11.0,15.0,18.0,21.0,"Cycle 1: Days 1, 8, 15; Cycle 2+: Day 1 of each 21-day cycle.",,2020.0
PMID 32678716 CT_Summary_SoE.pdf,Arm B (Lapatinib + Capecitabine),control,2.0,4.0,7.0,11.0,15.0,18.0,21.0,"Cycle 1: Days 1, 8, 15; Cycle 2+: Day 1 of each 21-day cycle.",,2020.0
PMID 32682457 a_Summary_SoE.pdf,Arm A (TAS-118 plus Oxaliplatin),intervention,3.0,3.0,7.0,13.0,20.0,27.0,14.0,1 visit per 14-day cycle (Day 1). Imaging every 6 weeks (42 days).,,2020.0
PMID 32682457 a_Summary_SoE.pdf,Arm B (S-1 plus Cisplatin),control,3.0,3.0,9.0,18.0,26.0,36.0,35.0,"3 visits per 35-day cycle (Day 1, 8, 15). Imaging every 6 weeks (42 days).",,2020.0
PMID 32682484 a_Summary_SoE.pdf,"Arm 1 (KdD: Carfilzomib, Dexamethasone, Daratumumab)",intervention,2.0,11.0,24.0,42.0,60.0,83.0,28.0,"Cycle 1-2: 7 days/cycle (D1, 2, 8, 9, 15, 16, 22); Cycle 3+: 6 days/cycle (D1, 2, 8, 9, 15, 16).",,2020.0
PMID 32682484 a_Summary_SoE.pdf,"Arm 2 (Kd: Carfilzomib, Dexamethasone)",control,2.0,10.0,22.0,40.0,58.0,81.0,28.0,"All Cycles: 6 days/cycle (D1, 2, 8, 9, 15, 16).",,2020.0
PMID 32706639 a_Summary_SoE.pdf,Arm A (Neoadjuvant Docetaxel + LHRH Agonist + Radical Prostatectomy),intervention,2.0,4.0,7.0,11.0,12.0,13.0,21.0,"6 cycles of docetaxel every 21 days (18 weeks), followed by surgery within 60 days, then follow-up at 1m, 3m, and 6m post-surgery.",,2020.0
PMID 32706639 a_Summary_SoE.pdf,Arm B (Immediate Radical Prostatectomy),control,2.0,4.0,5.0,6.0,7.0,8.0,0.0,"Immediate surgery within 60 days of randomization, followed by follow-up at 1m, 3m, 6m, and 9m post-surgery.",,2020.0
PMID 32786187 a_Summary_SoE.pdf,Arm A (Venetoclax plus Azacitidine),intervention,1.0,13.0,31.0,54.0,76.0,100.0,28.0,"Days 1-7 of every cycle for Azacitidine administration. Cycle 1 includes additional lab visits on Days 8, 15, and 22. Bone marrow assessments occur on Day 28 of Cycles 1, 4, 7, 10, and 13.",,2020.0
PMID 32786187 a_Summary_SoE.pdf,Arm B (Placebo plus Azacitidine),control,1.0,13.0,31.0,54.0,76.0,100.0,28.0,"Days 1-7 of every cycle for Azacitidine administration. Cycle 1 includes additional lab visits on Days 8, 15, and 22. Bone marrow assessments occur on Day 28 of Cycles 1, 4, 7, 10, and 13.",,2020.0
PMID 32813610 a_Summary_SoE.pdf,Arm A (CMTX),control,1.0,5.0,13.0,33.0,50.0,66.0,84.0,"Induction: Days 1, 8, 15, 22, 29. Consolidation: Weekly for 8 weeks. Interim Maintenance: 8 visits. Delayed Intensification: 20 visits. Maintenance: 14 visits per 12-week cycle.",,2020.0
PMID 32813610 a_Summary_SoE.pdf,Arm B (CMTX + Nelarabine),intervention,1.0,5.0,30.0,52.0,81.0,102.0,84.0,"Induction: Days 1, 8, 15, 22, 29. Consolidation: 33 visits (includes daily Nelarabine). Interim Maintenance: 8 visits. Delayed Intensification: 24 visits. Maintenance: 19 visits per 12-week cycle.",,2020.0
PMID 32813610 a_Summary_SoE.pdf,Arm C (HDMTX),intervention,1.0,5.0,13.0,43.0,58.0,74.0,84.0,"Induction: Days 1, 8, 15, 22, 29. Consolidation: Weekly for 8 weeks. Interim Maintenance: 18 visits (includes HDMTX levels/rescue). Delayed Intensification: 20 visits. Maintenance: 14 visits per 12-week cycle.",,2020.0
PMID 32813610 a_Summary_SoE.pdf,Arm D (HDMTX + Nelarabine),intervention,1.0,5.0,30.0,62.0,91.0,112.0,84.0,"Induction: Days 1, 8, 15, 22, 29. Consolidation: 33 visits. Interim Maintenance: 18 visits. Delayed Intensification: 24 visits. Maintenance: 19 visits per 12-week cycle.",,2020.0
PMID 32822286 a_Summary_SoE.pdf,Arm 1: MEK162 (Binimetinib),intervention,4.0,3.0,6.0,9.0,12.0,18.0,28.0,"Day 1, 15, 29, 43 (BP only), 57, then every 4 weeks.",,2020.0
PMID 32822286 a_Summary_SoE.pdf,Arm 2: Physician's Choice (Liposomal Doxorubicin),control,4.0,5.0,9.0,12.0,15.0,21.0,28.0,"Cycle 1: Days 1, 8, 15, 22; Cycle 2: Days 1, 8, 15; Subsequent: Day 1.",,2020.0
PMID 32822286 a_Summary_SoE.pdf,Arm 3: Physician's Choice (Paclitaxel),control,4.0,5.0,10.0,20.0,31.0,42.0,28.0,"Days 1, 8, 15 of every 28-day cycle.",,2020.0
PMID 32822286 a_Summary_SoE.pdf,Arm 4: Physician's Choice (Topotecan),control,4.0,10.0,25.0,45.0,65.0,92.0,21.0,Days 1 through 5 of every 21-day cycle.,,2020.0
PMID 32861273 CT_Summary_SoE.pdf,Veliparib + Carboplatin + Paclitaxel,intervention,2.0,5.0,14.0,28.0,42.0,57.0,21.0,"Days 1, 8, and 15 of each 21-day cycle for infusions. Tumor assessments every 12 weeks.",,2020.0
PMID 32861273 CT_Summary_SoE.pdf,Placebo + Carboplatin + Paclitaxel,control,2.0,5.0,14.0,28.0,42.0,57.0,21.0,"Days 1, 8, and 15 of each 21-day cycle for infusions. Tumor assessments every 12 weeks.",,2020.0
PMID 32880601a_Summary_SoE.pdf,Arm 1 (Pembrolizumab Monotherapy),intervention,2.0,2.0,5.0,9.0,13.0,18.0,21.0,Day 1 of each 21-day cycle.,,2020.0
PMID 32880601a_Summary_SoE.pdf,Arm 2 (Pembrolizumab + Chemotherapy),intervention,2.0,4.0,10.0,18.0,26.0,36.0,21.0,Day 1 and Day 5 of each 21-day cycle.,,2020.0
PMID 32880601a_Summary_SoE.pdf,Arm 3 (Placebo + Chemotherapy),control,2.0,4.0,10.0,18.0,26.0,36.0,21.0,Day 1 and Day 5 of each 21-day cycle.,,2020.0
PMID 32945632 a_Summary_SoE.pdf,Arm A (Avelumab + BSC),intervention,1.0,3.0,7.0,13.0,20.0,27.0,28.0,Day 1 and Day 15 of every 28-day cycle,,2020.0
PMID 32945632 a_Summary_SoE.pdf,Arm B (Best Supportive Care Alone),control,1.0,2.0,4.0,7.0,10.0,14.0,28.0,Day 1 of every 28-day cycle; Day 15 is remote contact only,,2020.0
PMID 32954927a_Summary_SoE.pdf,Arm A (Abemaciclib plus standard adjuvant endocrine therapy),intervention,3.0,3.0,6.0,9.0,10.0,11.0,14.0,"Q2W for first 2 months (Visits 1-5), then monthly clinic visits at M3, M4, M5, M6, M9, M12. Phone visits occur monthly between clinic visits starting at M7.",,2020.0
PMID 32954927a_Summary_SoE.pdf,Arm B (Standard adjuvant endocrine therapy alone),control,3.0,3.0,6.0,9.0,10.0,11.0,14.0,"Q2W for first 2 months (Visits 1-5), then monthly clinic visits at M3, M4, M5, M6, M9, M12. Phone visits occur monthly between clinic visits starting at M7.",,2020.0
PMID 32971005 CT_Summary_SoE.pdf,Arm A (Durvalumab ± Tremelimumab),intervention,1.0,2.0,4.0,7.0,10.0,14.0,28.0,Day 1 of every 28-day cycle.,,2020.0
PMID 32971005 CT_Summary_SoE.pdf,Arm B (SoC - Cisplatin + Gemcitabine 28-day cycle),control,1.0,6.0,14.0,25.0,29.0,33.0,28.0,"Days 1, 2, 8, and 15 of every 28-day cycle for 6 cycles.",,2020.0
PMID 32971005 CT_Summary_SoE.pdf,Arm C (SoC - Cisplatin/Carboplatin + Gemcitabine 21-day cycle),control,1.0,4.0,10.0,16.0,19.0,23.0,21.0,Days 1 and 8 of every 21-day cycle for 6 cycles.,,2020.0
PMID 32997907 a_Summary_SoE.pdf,Arm A (Atezolizumab),intervention,2.0,2.0,5.0,9.0,13.0,18.0,21.0,Day 1 of each 21-day cycle.,,2020.0
PMID 32997907 a_Summary_SoE.pdf,Arm B (Platinum-based Chemotherapy),control,2.0,4.0,10.0,14.0,16.0,18.0,21.0,Induction (Cycles 1-6): Days 1 and 8 of each 21-day cycle (based on squamous/gemcitabine arm). Post-induction: Imaging every 6 weeks.,,2020.0
PMID 33010094 CT_Summary_SoE.pdf,Verum Homeopathic Treatment,intervention,1.0,0.0,1.0,3.0,4.0,6.0,60.0,"Baseline visit, then follow-up visits every 2 months for survival and quality of life assessments.",,2020.0
PMID 33010094 CT_Summary_SoE.pdf,Placebo Homeopathic Treatment,intervention,1.0,0.0,1.0,3.0,4.0,6.0,60.0,"Baseline visit, then follow-up visits every 2 months for survival and quality of life assessments.",,2020.0
PMID 33010094 CT_Summary_SoE.pdf,Standard Care Control (Non-randomized),control,1.0,0.0,1.0,3.0,4.0,6.0,60.0,"Baseline visit, then follow-up visits every 2 months for survival recording during standard care control visits.",,2020.0
PMID 33021870 a_Summary_SoE.pdf,Ixazomib,intervention,1.0,4.0,7.0,11.0,14.0,18.0,28.0,"Cycle 1: Days 1, 8, 15; Cycle 2: Days 1, 8; Cycles 3-4: Day 1; Cycle 5: Days 1, 8; Cycles 6-26: Day 1.",,2020.0
PMID 33021870 a_Summary_SoE.pdf,Placebo,control,1.0,4.0,7.0,11.0,14.0,18.0,28.0,"Cycle 1: Days 1, 8, 15; Cycle 2: Days 1, 8; Cycles 3-4: Day 1; Cycle 5: Days 1, 8; Cycles 6-26: Day 1.",,2020.0
PMID 33026938 CT_Summary_SoE.pdf,Arm 1: Pembrolizumab (MK-3475),intervention,1.0,2.0,5.0,9.0,13.0,18.0,21.0,One visit every 21 days (Day 1 of each cycle).,,2020.0
PMID 33026938 CT_Summary_SoE.pdf,Arm 2: Investigator's Choice (Paclitaxel),control,1.0,4.0,10.0,20.0,30.0,40.0,28.0,"Three visits every 28 days (Days 1, 8, and 15 of each cycle).",,2020.0
PMID 33044684 CT_Summary_SoE.pdf,ABP 798,intervention,1.0,4.0,5.0,6.0,7.0,7.0,7.0,"Weekly for 4 weeks (Visits 1-4), then at Week 12 (Visit 5) and Week 20 (Visit 6).",,2020.0
PMID 33044684 CT_Summary_SoE.pdf,Rituximab,control,1.0,4.0,5.0,6.0,7.0,7.0,7.0,"Weekly for 4 weeks (Visits 1-4), then at Week 12 (Visit 5) and Week 20 (Visit 6).",,2020.0
PMID 33078978 a_Summary_SoE.pdf,"Regimen I (Doxorubicin, Cisplatin, Paclitaxel, and G-CSF)",intervention,2.0,9.0,23.0,35.0,37.0,38.0,21.0,"Days 1, 2, 3 (Treatment) and Days 8, 15 (Weekly Labs) per 21-day cycle.",,2020.0
PMID 33078978 a_Summary_SoE.pdf,Regimen II (Carboplatin and Paclitaxel),control,2.0,5.0,13.0,21.0,23.0,24.0,21.0,"Day 1 (Treatment) and Days 8, 15 (Weekly Labs) per 21-day cycle.",,2020.0
PMID 33129376 a_Summary_SoE.pdf,Arm 1: Venetoclax + Bortezomib + Dexamethasone (Bd),intervention,2.0,7.0,18.0,34.0,44.0,56.0,21.0,"Cycles 1-8 (21-day cycles): Visits on Days 1, 4, 8, 11. Cycles 9+ (35-day cycles): Visits on Days 1, 8, 15, 22.",,2020.0
PMID 33129376 a_Summary_SoE.pdf,Arm 2: Placebo + Bortezomib + Dexamethasone (Bd),control,2.0,7.0,18.0,34.0,44.0,56.0,21.0,"Cycles 1-8 (21-day cycles): Visits on Days 1, 4, 8, 11. Cycles 9+ (35-day cycles): Visits on Days 1, 8, 15, 22.",,2020.0
PMID 33186740 a_Summary_SoE.pdf,Taselisib plus fulvestrant,intervention,2.0,3.0,5.0,8.0,11.0,15.0,28.0,"Screening (assumed 2 days); Cycle 1: Days 1, 15; Subsequent cycles: Day 1 of every 28-day cycle (e.g., Day 29, 57, 85, etc.).",,2021.0
PMID 33186740 a_Summary_SoE.pdf,Placebo plus fulvestrant,control,2.0,3.0,5.0,8.0,11.0,15.0,28.0,"Screening (assumed 2 days); Cycle 1: Days 1, 15; Subsequent cycles: Day 1 of every 28-day cycle (e.g., Day 29, 57, 85, etc.).",,2021.0
PMID 33189178 a_Summary_SoE.pdf,SVd (Selinexor + Bortezomib + Dexamethasone),intervention,2.0,6.0,14.0,25.0,36.0,47.0,35.0,"5-week cycles. Cycles 1, 3, 4, 6, 7, 8+ have 4 visits (Days 1, 8, 15, 22). Cycles 2 and 5 have 5 visits (Days 1, 8, 15, 22, 29).",,2020.0
PMID 33189178 a_Summary_SoE.pdf,Vd (Bortezomib + Dexamethasone),control,2.0,9.0,20.0,37.0,47.0,59.0,21.0,"Cycles 1-8 are 21 days with 4 visits (Days 1, 4, 8, 11). Cycle 9+ are 35 days. Cycle 9 has 4 visits (Days 1, 4, 8, 22). Cycle 10 has 5 visits (Days 1, 8, 15, 22, 29). Cycle 11+ has 4 visits (Days 1, 8, 15, 22).",,2020.0
PMID 33194700 CT a_Summary_SoE.pdf,Arm A (LY2835219 + Best Supportive Care),intervention,2.0,2.0,4.0,7.0,10.0,14.0,28.0,"Day 1 of each 28-day cycle (C1D1, C2D1, C3D1, etc.)",,2020.0
PMID 33194700 CT a_Summary_SoE.pdf,Arm B (Erlotinib + Best Supportive Care),control,2.0,2.0,4.0,7.0,10.0,14.0,28.0,"Day 1 of each 28-day cycle (C1D1, C2D1, C3D1, etc.)",,2020.0
PMID 33197226 a_Summary_SoE.pdf,Arm A (Avelumab Maintenance),intervention,1.0,3.0,7.0,14.0,20.0,27.0,14.0,"Induction Phase (12 weeks): Q2W (Days 1, 15, 29, 43, 57, 71). Re-baseline: 1 day (approx Day 85). Maintenance Phase: Q2W (starting approx Day 95).",,2021.0
PMID 33197226 a_Summary_SoE.pdf,Arm B (Continuation of Chemotherapy),control,1.0,3.0,7.0,14.0,20.0,27.0,14.0,Induction Phase (12 weeks): Q2W. Re-baseline: 1 day. Maintenance Phase: Q2W continuation of the same chemotherapy regimen.,,2021.0
PMID 33197226 a_Summary_SoE.pdf,Arm C (Best Supportive Care Only),control,1.0,3.0,7.0,12.0,16.0,20.0,21.0,"Induction Phase (12 weeks): Q2W. Re-baseline: 1 day. Maintenance Phase: Q3W (Days 1, 22, 43, 64, 85, etc.).",,2021.0
PMID 33207094 a_Summary_SoE.pdf,Arm A (Lorlatinib),intervention,1.0,4.0,6.0,9.0,12.0,16.0,28.0,"Cycle 1: Days 1, 8, 15; Cycle 2+: Day 1 only.",,2020.0
PMID 33207094 a_Summary_SoE.pdf,Arm B (Crizotinib),control,1.0,4.0,6.0,9.0,12.0,16.0,28.0,"Cycle 1: Days 1, 8, 15; Cycle 2+: Day 1 only.",,2020.0
PMID 33231285 a_Summary_SoE.pdf,Arm A (Pembrolizumab),intervention,1.0,2.0,5.0,9.0,13.0,18.0,21.0,Day 1 of each 21-day cycle (Q3W).,,2021.0
PMID 33231285 a_Summary_SoE.pdf,Arm B (Standard of Care Platinum-based Chemotherapy),control,1.0,2.0,5.0,9.0,13.0,18.0,21.0,Day 1 of each 21-day cycle (Q3W).,,2021.0
PMID 33278935 a_Summary_SoE.pdf,Arm A (Pembrolizumab + Chemotherapy),intervention,2.0,5.0,11.0,22.0,33.0,45.0,28.0,"Pembrolizumab Q3W (Day 1); Taxane (Paclitaxel or Nab-Paclitaxel) Days 1, 8, 15 of a 28-day cycle.",,2020.0
PMID 33278935 a_Summary_SoE.pdf,Arm B (Placebo + Chemotherapy),control,2.0,5.0,11.0,22.0,33.0,45.0,28.0,"Placebo Q3W (Day 1); Taxane (Paclitaxel or Nab-Paclitaxel) Days 1, 8, 15 of a 28-day cycle.",,2020.0
PMID 33357420 CT_Summary_SoE.pdf,Arm A (Perjeta IV + Herceptin IV + chemotherapy),control,2.0,2.0,5.0,15.0,23.0,28.0,21.0,Q3W (every 21 days) for 18 cycles total. Neoadjuvant phase includes 8 cycles. Adjuvant phase includes 14 cycles (Cycles 9-22).,,2021.0
PMID 33357420 CT_Summary_SoE.pdf,Arm B (FDC SC + chemotherapy),intervention,2.0,2.0,5.0,11.0,19.0,24.0,21.0,Q3W (every 21 days) for 18 cycles total. Neoadjuvant phase includes 8 cycles. Adjuvant phase includes 14 cycles (Cycles 9-22).,,2021.0
PMID 33369355 a_Summary_SoE.pdf,Arm A (Oral Azacitidine + Best Supportive Care),intervention,1.0,5.0,11.0,17.0,24.0,31.0,28.0,"Cycles 1-2: Days 1, 8, 15, 22; Cycles 3+: Days 1, 15.",,2020.0
PMID 33369355 a_Summary_SoE.pdf,Arm B (Placebo + Best Supportive Care),control,1.0,5.0,11.0,17.0,24.0,31.0,28.0,"Cycles 1-2: Days 1, 8, 15, 22; Cycles 3+: Days 1, 15.",,2020.0
PMID 33476593 a_Summary_SoE.pdf,Arm A (Nivolumab + Ipilimumab + Chemotherapy),intervention,2.0,2.0,5.0,9.0,13.0,18.0,21.0,Day 1 of every 3-week cycle.,,2021.0
PMID 33476593 a_Summary_SoE.pdf,Arm B (Chemotherapy + Optional Maintenance),control,2.0,2.0,5.0,9.0,13.0,18.0,21.0,Day 1 of every 3-week cycle.,,2021.0
PMID 33480963 a_Summary_SoE.pdf,Arm A (Margetuximab + Chemotherapy),intervention,2.0,4.0,9.0,18.0,26.0,36.0,21.0,Day 1 and Day 8 of each 21-day cycle.,,2021.0
PMID 33480963 a_Summary_SoE.pdf,Arm B (Trastuzumab + Chemotherapy),control,2.0,4.0,9.0,18.0,26.0,36.0,21.0,Day 1 and Day 8 of each 21-day cycle.,,2021.0
PMID 33485464 a_Summary_SoE.pdf,Arm A (Nivolumab plus Ipilimumab),intervention,2.0,3.0,7.0,13.0,20.0,27.0,42.0,"Visits occur on Day 1, Day 15, and Day 29 of each 6-week (42-day) cycle for Nivolumab administration. Ipilimumab is administered on Day 1 of every cycle.",,2021.0
PMID 33485464 a_Summary_SoE.pdf,Arm B (Pemetrexed plus Cisplatin or Carboplatin),control,2.0,2.0,5.0,9.0,12.0,15.0,21.0,Visits occur on Day 1 of each 21-day cycle for a maximum of 6 cycles.,,2021.0
PMID 33513313 a_Summary_SoE.pdf,Arm 1 (Pembrolizumab + Ipilimumab),intervention,1.0,2.0,8.0,12.0,16.0,21.0,21.0,Day 1 of every 3-week cycle (Q3W) for Pembrolizumab; Ipilimumab administered Q6W on Day 1 of odd-numbered cycles.,,2021.0
PMID 33513313 a_Summary_SoE.pdf,Arm 2 (Pembrolizumab + Placebo),control,1.0,2.0,8.0,12.0,16.0,21.0,21.0,Day 1 of every 3-week cycle (Q3W) for Pembrolizumab; Placebo administered Q6W on Day 1 of odd-numbered cycles.,,2021.0
PMID 33539945 CT_Summary_SoE.pdf,Arm A (Ibrutinib + nab-paclitaxel + gemcitabine),intervention,1.0,4.0,10.0,20.0,30.0,40.0,28.0,"Days 1, 8, and 15 of each 28-day cycle for IV chemotherapy administration.",,2021.0
PMID 33539945 CT_Summary_SoE.pdf,Arm B (Placebo + nab-paclitaxel + gemcitabine),control,1.0,4.0,10.0,20.0,30.0,40.0,28.0,"Days 1, 8, and 15 of each 28-day cycle for IV chemotherapy administration.",,2021.0
PMID 33555926 a_Summary_SoE.pdf,Arm 1 (AM0010 + FOLFOX),intervention,1.0,5.0,10.0,16.0,21.0,25.0,14.0,"Day 1 of every 14-day cycle for 12 cycles; Day 13 of Cycles 1, 2, and 4; Maintenance Day 1 every 28 days thereafter.",,2021.0
PMID 33555926 a_Summary_SoE.pdf,Arm 2 (FOLFOX alone),control,1.0,5.0,10.0,15.0,17.0,17.0,14.0,"Day 1 of every 14-day cycle for 12 cycles; Day 13 of Cycles 1, 2, and 4 for ADA/Biomarker collection.",,2021.0
PMID 33577358 a_Summary_SoE.pdf,Arm A (mFOLFOX6 + GS-5745),intervention,1.0,4.0,9.0,15.0,22.0,29.0,28.0,Days 1 and 15 of each 28-day cycle; Cycle 2 includes additional PK/Biomarker visits on Days 2 and 8.,,2021.0
PMID 33577358 a_Summary_SoE.pdf,Arm B (mFOLFOX6 + Placebo),control,1.0,4.0,9.0,15.0,22.0,29.0,28.0,Days 1 and 15 of each 28-day cycle; Cycle 2 includes additional PK/Biomarker visits on Days 2 and 8.,,2021.0
PMID 33577729 a_Summary_SoE.pdf,Arm A (Enfortumab Vedotin),intervention,2.0,4.0,10.0,20.0,30.0,40.0,28.0,"Days 1, 8, and 15 of each 28-day cycle.",,2021.0
PMID 33577729 a_Summary_SoE.pdf,Arm B (Chemotherapy),control,2.0,2.0,6.0,10.0,15.0,20.0,21.0,Day 1 of each 21-day cycle; Imaging every 56 days.,,2021.0
PMID 33616314 a_Summary_SoE.pdf,Arm A (Lenvatinib + Everolimus),intervention,2.0,4.0,8.0,12.0,16.0,21.0,21.0,"Day 1 of each cycle; plus C1D8, C1D15, and C2D15.",,2021.0
PMID 33616314 a_Summary_SoE.pdf,Arm B (Lenvatinib + Pembrolizumab),intervention,2.0,4.0,8.0,12.0,16.0,21.0,21.0,"Day 1 of each cycle; plus C1D8, C1D15, and C2D15.",,2021.0
PMID 33616314 a_Summary_SoE.pdf,Arm C (Sunitinib),control,2.0,4.0,8.0,12.0,16.0,21.0,21.0,"Day 1 of each cycle; plus C1D8, C1D15, and C2D15.",,2021.0
PMID 33621109 a_Summary_SoE.pdf,Arm A (R2-CHOP: Lenalidomide + R-CHOP),intervention,3.0,5.0,9.0,12.0,13.0,14.0,21.0,"C1-C2: Days 1, 8, 15 (preg); C3-C6: Day 1; Midcycle CT; End of Treatment (EOT) Visit; Follow-up Weeks 34, 46",,2021.0
PMID 33621109 a_Summary_SoE.pdf,Arm B (Placebo-R-CHOP: Placebo + R-CHOP),control,3.0,5.0,9.0,12.0,13.0,14.0,21.0,"C1-C2: Days 1, 8, 15 (preg); C3-C6: Day 1; Midcycle CT; End of Treatment (EOT) Visit; Follow-up Weeks 34, 46",,2021.0
PMID 33631112 CT_Summary_SoE.pdf,Arm A (Ublituximab + Ibrutinib),intervention,1.0,5.0,7.0,10.0,11.0,13.0,28.0,"Cycle 1: Days 1, 2, 8, 15; Cycles 2-6: Day 1; After Cycle 6: Day 1 every 3 cycles (C9, C12). Imaging after C2, C4, C6, C9, C12.",,2021.0
PMID 33631112 CT_Summary_SoE.pdf,Arm B (Ibrutinib alone),control,1.0,4.0,6.0,9.0,10.0,12.0,28.0,"Cycle 1: Days 1, 8, 15; Cycles 2-6: Day 1; After Cycle 6: Day 1 every 3 cycles (C9, C12). Imaging after C2, C4, C6, C9, C12.",,2021.0
PMID 33651090 a_Summary_SoE.pdf,Arm A (High/Intermediate Risk Control - Chemotherapy),control,2.0,9.0,29.0,30.0,31.0,32.0,28.0,"Weekly visits during chemotherapy blocks (Blocks 1, 2, and 3) followed by hematopoietic stem cell transplant (HSCT).",,2021.0
PMID 33651090 a_Summary_SoE.pdf,Arm B (High/Intermediate Risk Experimental - Blinatumomab),intervention,2.0,9.0,37.0,39.0,40.0,41.0,35.0,Weekly visits in Block 1; every 48 hours for bag changes during 28-day blinatumomab cycles (Cycles 1 and 2) followed by HSCT.,,2021.0
PMID 33651090 a_Summary_SoE.pdf,Arm C (Low Risk Control - Chemotherapy),control,2.0,9.0,29.0,56.0,76.0,93.0,56.0,"Weekly visits during chemotherapy blocks, continuation phases (8 weeks each), and maintenance cycles (12 weeks each).",,2021.0
PMID 33651090 a_Summary_SoE.pdf,Arm D (Low Risk Experimental - Blinatumomab),intervention,2.0,9.0,34.0,68.0,102.0,115.0,56.0,Weekly visits during blocks and continuation; every 48 hours for bag changes during three 28-day blinatumomab cycles.,,2021.0
PMID 33651091 a_Summary_SoE.pdf,Arm 1A (Blinatumomab),intervention,1.0,9.0,11.0,12.0,13.0,14.0,28.0,"D1, D5, D9, D13, D15, D17, D21, D25, D29 during treatment cycle; Safety FU prior to alloHSCT; +45d, +90d, +6m, +9m post-alloHSCT.",,2021.0
PMID 33651091 a_Summary_SoE.pdf,Arm 2A (HC3 Chemotherapy),control,1.0,8.0,10.0,11.0,12.0,13.0,28.0,"D1-D6 (chemo admin), D15, D29 during treatment cycle; Safety FU prior to alloHSCT; +45d, +90d, +6m, +9m post-alloHSCT.",,2021.0
PMID 33657295 a_Summary_SoE.pdf,Arm A (Nivolumab + Cabozantinib),intervention,2.0,3.0,7.0,13.0,20.0,27.0,14.0,Day 1 of every 2-week cycle,,2021.0
PMID 33657295 a_Summary_SoE.pdf,Arm B (Nivolumab + Ipilimumab + Cabozantinib),intervention,2.0,2.0,5.0,11.0,18.0,25.0,21.0,"Day 1 of every 3-week cycle for Cycles 1-4, then Day 1 of every 2-week cycle for Cycle 5+",,2021.0
PMID 33657295 a_Summary_SoE.pdf,Arm C (Sunitinib),control,2.0,2.0,5.0,9.0,13.0,18.0,42.0,Day 1 and Day 22 of every 6-week cycle,,2021.0
PMID 33667670 CT_Summary_SoE.pdf,Arm 1 (Mirvetuximab Soravtansine),intervention,2.0,7.0,14.0,23.0,31.0,41.0,21.0,"Cycles 1-3: Days 1, 8, 15; Cycles 4+: Days 1, 8.",,2021.0
PMID 33667670 CT_Summary_SoE.pdf,Arm 2 (Investigator's Choice Chemotherapy - Paclitaxel),control,2.0,7.0,15.0,28.0,41.0,55.0,28.0,"Days 1, 8, 15, 22 of a 4-week cycle.",,2021.0
PMID 33676601 CT_Summary_SoE.pdf,Arm 1 (Pembrolizumab),intervention,2.0,2.0,5.0,9.0,13.0,18.0,21.0,Day 1 of each 21-day cycle (Q3W).,,2021.0
PMID 33676601 CT_Summary_SoE.pdf,Arm 2 (TPC - Vinorelbine),control,2.0,5.0,13.0,26.0,39.0,53.0,21.0,"Weekly visits (Day 1, 8, 15) of each 21-day cycle.",,2021.0
PMID 33676601 CT_Summary_SoE.pdf,Arm 3 (TPC - Gemcitabine or Eribulin),control,2.0,4.0,9.0,18.0,26.0,36.0,21.0,Day 1 and Day 8 of each 21-day cycle.,,2021.0
PMID 33676601 CT_Summary_SoE.pdf,Arm 4 (TPC - Capecitabine),control,2.0,2.0,5.0,9.0,13.0,18.0,21.0,Day 1 of each 21-day cycle.,,2021.0
PMID 33683919 a_Summary_SoE.pdf,Arm A (Nivolumab monotherapy),intervention,2.0,4.0,9.0,15.0,22.0,29.0,42.0,"Cycles 1-2 (42 days): Days 1, 15, 22, 29. Cycle 3+ (14 days): Day 1.",,2021.0
PMID 33683919 a_Summary_SoE.pdf,Arm B (Nivolumab in combination with Ipilimumab),intervention,2.0,4.0,9.0,15.0,22.0,29.0,42.0,"Cycles 1-2 (42 days): Days 1, 15, 22, 29. Cycle 3+ (14 days): Day 1.",,2021.0
PMID 33683919 a_Summary_SoE.pdf,Arm C (Placebo),control,2.0,4.0,9.0,15.0,22.0,29.0,42.0,"Cycles 1-2 (42 days): Days 1, 15, 22, 29. Cycle 3+ (14 days): Day 1.",,2021.0
PMID 33721560 CT_Summary_SoE.pdf,Arm A (Atezolizumab),intervention,1.0,2.0,5.0,9.0,13.0,18.0,21.0,Atezolizumab 1200 mg IV administered on Day 1 of every 21-day cycle for 16 cycles (approx. 1 year).,,2021.0
PMID 33721560 CT_Summary_SoE.pdf,Arm B (Observation),control,1.0,1.0,3.0,5.0,7.0,10.0,21.0,"In-person clinic visits occur on Day 1 of odd-numbered cycles (1, 3, 5, etc.); even-numbered cycles are conducted via telephone contact.",,2021.0
PMID 33739848 a_Summary_SoE.pdf,Group 1 (Radiation Therapy alone),control,1.0,22.0,26.0,27.0,27.0,28.0,1.0,Daily radiation therapy (RT) fractions (Monday-Friday) for 5-6 weeks.,,2021.0
PMID 33739848 a_Summary_SoE.pdf,Group 2 (Radiation Therapy + Trastuzumab),intervention,1.0,22.0,26.0,27.0,27.0,28.0,1.0,Daily radiation therapy (RT) fractions (Monday-Friday) for 5-6 weeks with concurrent Trastuzumab (2 doses).,,2021.0
PMID 33764805 a_Summary_SoE.pdf,Oral Azacitidine + Best Supportive Care,intervention,2.0,4.0,11.0,17.0,24.0,30.0,28.0,"Weekly for Cycles 1-2 (Days 1, 8, 15, 22), biweekly for Cycles 3-12 (Days 1, 15), and monthly thereafter (Day 1).",,2021.0
PMID 33764805 a_Summary_SoE.pdf,Placebo + Best Supportive Care,control,2.0,4.0,11.0,17.0,24.0,30.0,28.0,"Weekly for Cycles 1-2 (Days 1, 8, 15, 22), biweekly for Cycles 3-12 (Days 1, 15), and monthly thereafter (Day 1).",,2021.0
PMID 33789008 a_Summary_SoE.pdf,Arm A (Nivolumab),intervention,1.0,3.0,7.0,11.0,14.0,18.0,14.0,"Q2W for 16 weeks (8 doses), then Q4W starting at Week 17.",,2021.0
PMID 33789008 a_Summary_SoE.pdf,Arm B (Placebo),control,1.0,3.0,7.0,11.0,14.0,18.0,14.0,"Q2W for 16 weeks (8 doses), then Q4W starting at Week 17.",,2021.0
PMID 33792623a_Summary_SoE.pdf,Arm A (Tislelizumab + Paclitaxel + Carboplatin),intervention,1.0,2.0,5.0,9.0,13.0,18.0,21.0,Day 1 of each 21-day cycle,,2021.0
PMID 33792623a_Summary_SoE.pdf,Arm B (Tislelizumab + Nab-paclitaxel + Carboplatin),intervention,1.0,5.0,13.0,21.0,25.0,30.0,21.0,"Days 1, 8, and 15 for first 6 cycles (chemo), then Day 1 only for Tislelizumab maintenance.",,2021.0
PMID 33792623a_Summary_SoE.pdf,Arm C (Paclitaxel + Carboplatin),control,1.0,2.0,5.0,8.0,9.0,10.0,21.0,"Day 1 of each 21-day cycle for 6 cycles, followed by EOT, Safety Follow-up, and Survival Follow-up.",,2021.0
PMID 33793299 a_Summary_SoE.pdf,Arm A (Palbociclib + Endocrine Therapy),intervention,1.0,3.0,6.0,9.0,12.0,15.0,28.0,"C1D1, C1D14, C2D1, C2D14, then Day 1 of every subsequent cycle (C3-C13).",,2021.0
PMID 33793299 a_Summary_SoE.pdf,Arm B (Placebo + Endocrine Therapy),control,1.0,3.0,6.0,9.0,12.0,15.0,28.0,"C1D1, C1D14, C2D1, C2D14, then Day 1 of every subsequent cycle (C3-C13).",,2021.0
PMID 33794205 CT_Summary_SoE.pdf,Arm A (Avelumab + SOC CRT),intervention,1.0,18.0,37.0,43.0,50.0,57.0,28.0,"Lead-in (1 day), CRT Phase (daily IMRT 5 days/week for 7 weeks), Maintenance Phase (Q2W for 12 months).",,2021.0
PMID 33794205 CT_Summary_SoE.pdf,Arm B (Placebo + SOC CRT),control,1.0,18.0,37.0,43.0,50.0,57.0,28.0,"Lead-in (1 day), CRT Phase (daily IMRT 5 days/week for 7 weeks), Maintenance Phase (Q2W for 12 months).",,2021.0
PMID 33821899a_Summary_SoE.pdf,Arm A (12 cycles of FOLFOX + placebo daily),control,2.0,5.0,9.0,14.0,15.0,16.0,14.0,FOLFOX administration every 14 days for 12 cycles; followed by quarterly maintenance visits.,,2021.0
PMID 33821899a_Summary_SoE.pdf,Arm B (12 cycles of FOLFOX + celecoxib daily),intervention,2.0,5.0,9.0,14.0,15.0,16.0,14.0,FOLFOX administration every 14 days for 12 cycles; followed by quarterly maintenance visits.,,2021.0
PMID 33821899a_Summary_SoE.pdf,Arm C (6 cycles of FOLFOX + placebo daily),control,2.0,5.0,8.0,9.0,10.0,11.0,14.0,FOLFOX administration every 14 days for 6 cycles; followed by quarterly maintenance visits.,,2021.0
PMID 33821899a_Summary_SoE.pdf,Arm D (6 cycles of FOLFOX + celecoxib daily),intervention,2.0,5.0,8.0,9.0,10.0,11.0,14.0,FOLFOX administration every 14 days for 6 cycles; followed by quarterly maintenance visits.,,2021.0
PMID 33848462 CT_Summary_SoE.pdf,Arm A (Copanlisib + Rituximab),intervention,3.0,6.0,12.0,22.0,32.0,42.0,28.0,"Cycle 1: Days 1, 4, 8, 15, 22; Cycle 2+: Days 1, 8, 15.",,2021.0
PMID 33848462 CT_Summary_SoE.pdf,Arm B (Placebo + Rituximab),control,3.0,6.0,12.0,22.0,32.0,42.0,28.0,"Cycle 1: Days 1, 4, 8, 15, 22; Cycle 2+: Days 1, 8, 15.",,2021.0
PMID 33882206 a_Summary_SoE.pdf,Arm A (Sacituzumab govitecan),intervention,2.0,6.0,11.0,20.0,28.0,38.0,21.0,Days 1 and 8 of every 21-day cycle.,,2021.0
PMID 33882206 a_Summary_SoE.pdf,Arm B (Treatment of Physician's Choice),control,2.0,6.0,11.0,20.0,28.0,38.0,21.0,Variable by regimen; Eribulin (Days 1 and 8 of 21-day cycle) used as representative model.,,2021.0
PMID 33891472 a_Summary_SoE.pdf,Arm A (Atezolizumab + Paclitaxel + Carboplatin + Bevacizumab),intervention,2.0,2.0,5.0,9.0,13.0,18.0,21.0,Day 1 of each 21-day cycle for 22 cycles.,,2021.0
PMID 33891472 a_Summary_SoE.pdf,Arm B (Placebo + Paclitaxel + Carboplatin + Bevacizumab),control,2.0,2.0,5.0,9.0,13.0,18.0,21.0,Day 1 of each 21-day cycle for 22 cycles.,,2021.0
PMID 33914256 CT_Summary_SoE.pdf,Arm A (MB02 + Carboplatin + Paclitaxel),intervention,1.0,2.0,5.0,9.0,13.0,19.0,21.0,"1 visit per 21-day cycle for drug administration, plus a final end-of-study visit at Week 52.",,2021.0
PMID 33914256 CT_Summary_SoE.pdf,Arm B (Avastin + Carboplatin + Paclitaxel),control,1.0,2.0,5.0,9.0,13.0,19.0,21.0,"1 visit per 21-day cycle for drug administration, plus a final end-of-study visit at Week 52.",,2021.0
PMID 33971141 CT_Summary_SoE.pdf,Apatinib Mesylate Tablets (750 mg/day),intervention,1.0,3.0,5.0,8.0,11.0,15.0,28.0,"Screening (V1); Cycle 1 & 2: visits every 2 weeks (Day 1, 15, 29, 43); Cycle 3 onwards: visits every 4 weeks at the end of each cycle (Day 84, 112, 140, 168, 196, 224, 252, 280, 308, 336, 364).",,2021.0
PMID 33971141 CT_Summary_SoE.pdf,Placebo,control,1.0,3.0,5.0,8.0,11.0,15.0,28.0,"Screening (V1); Cycle 1 & 2: visits every 2 weeks (Day 1, 15, 29, 43); Cycle 3 onwards: visits every 4 weeks at the end of each cycle (Day 84, 112, 140, 168, 196, 224, 252, 280, 308, 336, 364).",,2021.0
PMID 33989025 a_Summary_SoE.pdf,"Arm B (Gemcitabine, Cisplatin, and Bevacizumab)",intervention,2.0,6.0,11.0,17.0,21.0,26.0,21.0,Cycles 1-6: Day 1 and Day 8. Maintenance (Cycle 7+): Day 1 only.,,2021.0
PMID 33989025 a_Summary_SoE.pdf,"Arm A (Gemcitabine, Cisplatin, and Placebo)",control,2.0,6.0,11.0,17.0,21.0,26.0,21.0,Cycles 1-6: Day 1 and Day 8. Maintenance (Cycle 7+): Day 1 only.,,2021.0
PMID 34048947 a_Summary_SoE.pdf,Test Group (IBI308 + Gemcitabine + Platinum),intervention,1.0,4.0,9.0,15.0,19.0,24.0,21.0,"Days 1 and 8 for cycles 1-6 (combination phase), then Day 1 only every 21 days (maintenance phase).",,2021.0
PMID 34048947 a_Summary_SoE.pdf,Control Group (Placebo + Gemcitabine + Platinum),control,1.0,4.0,9.0,15.0,19.0,24.0,21.0,"Days 1 and 8 for cycles 1-6 (combination phase), then Day 1 only every 21 days (maintenance phase).",,2021.0
PMID 34051178a_Summary_SoE.pdf,Pembrolizumab monotherapy,intervention,2.0,2.0,5.0,9.0,13.0,18.0,21.0,Q3W Day 1,,2021.0
PMID 34051178a_Summary_SoE.pdf,Pembrolizumab plus chemotherapy,intervention,2.0,4.0,9.0,15.0,19.0,24.0,21.0,"Q3W Day 1 & 8 (Cycles 1-6), Q3W Day 1 (Cycles 7+)",,2021.0
PMID 34051178a_Summary_SoE.pdf,Chemotherapy alone,control,2.0,4.0,9.0,14.0,16.0,17.0,21.0,Q3W Day 1 & 8 for 6 cycles,,2021.0
PMID 34077643 a_Summary_SoE.pdf,Arm A (Nivolumab),intervention,2.0,3.0,7.0,13.0,20.0,27.0,14.0,Day 1 of each 14-day cycle,,2021.0
PMID 34077643 a_Summary_SoE.pdf,Arm B (Placebo),control,2.0,3.0,7.0,13.0,20.0,27.0,14.0,Day 1 of each 14-day cycle,,2021.0
PMID 34087126 a_Summary_SoE.pdf,DaraPomDex (Daratumumab + Pomalidomide + Dexamethasone),intervention,1.0,5.0,11.0,17.0,20.0,24.0,28.0,"Cycles 1-2: Days 1, 8, 15, 22; Cycles 3-6: Days 1, 15; Cycles 7+: Day 1",,2021.0
PMID 34087126 a_Summary_SoE.pdf,PomDex (Pomalidomide + Dexamethasone),control,1.0,5.0,11.0,17.0,20.0,24.0,28.0,"Cycles 1-2: Days 1, 8, 15, 22; Cycles 3-6: Days 1, 15; Cycles 7+: Day 1",,2021.0
PMID 34092112 a_Summary_SoE.pdf,Arm A (Observation),control,2.0,0.0,1.0,2.0,3.0,4.0,21.0,Follow-up visits every 3 months starting from randomization.,,2021.0
PMID 34092112 a_Summary_SoE.pdf,Arm B (Platinum-based chemotherapy),intervention,2.0,2.0,4.0,6.0,7.0,8.0,21.0,"Day 1 of each 3-week cycle for 4 cycles, followed by an End of Treatment visit and quarterly follow-ups.",,2021.0
PMID 34092112 a_Summary_SoE.pdf,Arm C (Capecitabine),intervention,2.0,2.0,5.0,8.0,9.0,10.0,21.0,"Day 1 of each 3-week cycle for 6 cycles, followed by an End of Treatment visit and quarterly follow-ups.",,2021.0
PMID 34102137 a_Summary_SoE.pdf,Nivolumab plus Chemotherapy (FOLFOX),intervention,2.0,6.0,14.0,26.0,40.0,53.0,14.0,Day 1 and Day 2 of each 14-day cycle for FOLFOX administration.,,2021.0
PMID 34102137 a_Summary_SoE.pdf,Chemotherapy (FOLFOX),control,2.0,6.0,14.0,26.0,40.0,53.0,14.0,Day 1 and Day 2 of each 14-day cycle for FOLFOX administration.,,2021.0
PMID 34102137 a_Summary_SoE.pdf,Nivolumab plus Ipilimumab,intervention,2.0,2.0,5.0,11.0,18.0,25.0,21.0,"Day 1 of each 3-week cycle for 4 doses, then Day 1 of each 2-week cycle.",,2021.0
PMID 34110925 a_Summary_SoE.pdf,Arm A (Reduced-dose CSRT 18 Gy),intervention,2.0,20.0,35.0,41.0,49.0,59.0,42.0,"Radiation phase: Daily (M-F) for 6 weeks. Maintenance Regimen A (Cycles 1, 2, 4, 5, 7, 8): Days 1, 8, 15 of a 42-day cycle. Maintenance Regimen B (Cycles 3, 6, 9): Days 1, 8 of a 28-day cycle.",,2021.0
PMID 34110925 a_Summary_SoE.pdf,Arm B (Standard-dose CSRT 23.4 Gy),control,2.0,20.0,35.0,41.0,49.0,59.0,42.0,"Radiation phase: Daily (M-F) for 6 weeks. Maintenance Regimen A (Cycles 1, 2, 4, 5, 7, 8): Days 1, 8, 15 of a 42-day cycle. Maintenance Regimen B (Cycles 3, 6, 9): Days 1, 8 of a 28-day cycle.",,2021.0
PMID 34133211 a_Summary_SoE.pdf,CSC Arm (Chemotherapy + Surgery + Chemotherapy),intervention,2.0,3.0,7.0,9.0,12.0,15.0,21.0,"3 cycles of 3-week neo-adjuvant DOS, surgery, then 8 cycles of 6-week adjuvant S-1.",,2021.0
PMID 34133211 a_Summary_SoE.pdf,SC Arm (Surgery + Chemotherapy),control,2.0,3.0,5.0,7.0,10.0,12.0,42.0,"Surgery within 2 weeks of randomization, followed by 8 cycles of 6-week adjuvant S-1.",,2021.0
PMID 34134469 CT_Summary_SoE.pdf,Arm A (Prolonged Subcutaneous Rituximab Maintenance),intervention,1.0,2.0,6.0,10.0,12.0,13.0,21.0,Induction: every 3 weeks (8 cycles); Maintenance I: every 8 weeks (12 cycles); Maintenance II: every 8 weeks.,,2022.0
PMID 34134469 CT_Summary_SoE.pdf,Arm B (Observation),control,1.0,2.0,6.0,10.0,12.0,13.0,21.0,Induction: every 3 weeks (8 cycles); Maintenance I: every 8 weeks (12 cycles); Maintenance II: Observation every 8 weeks.,,2022.0
PMID 34143970 CT_Summary_SoE.pdf,Arm A (Avelumab),intervention,1.0,3.0,7.0,13.0,20.0,27.0,28.0,Avelumab administered Q2W (Day 1 and Day 15 of each 28-day cycle).,,2021.0
PMID 34143970 CT_Summary_SoE.pdf,Arm B (Avelumab + PLD),intervention,1.0,3.0,7.0,13.0,20.0,27.0,28.0,Avelumab administered Q2W (Day 1 and Day 15) and PLD administered Q4W (Day 1) of each 28-day cycle.,,2021.0
PMID 34143970 CT_Summary_SoE.pdf,Arm C (PLD),control,1.0,2.0,4.0,7.0,10.0,14.0,28.0,PLD administered Q4W (Day 1 of each 28-day cycle).,,2021.0
PMID 34161051 a_Summary_SoE.pdf,Investigational Arm (177Lu-PSMA-617 plus best supportive/best standard of care),intervention,2.0,5.0,11.0,19.0,26.0,28.0,42.0,"Cycle 1: Weekly (Days 1, 8, 15, 22, 29, 36); Cycles 2-6: Every 2 weeks (Days 1, 15, 29). Imaging every 8 weeks for 24 weeks, then every 12 weeks.",,2021.0
PMID 34161051 a_Summary_SoE.pdf,Control Arm (Best supportive/best standard of care alone),control,2.0,5.0,11.0,19.0,26.0,28.0,42.0,"Cycle 1: Weekly (Days 1, 8, 15, 22, 29, 36); Cycles 2-6: Every 2 weeks (Days 1, 15, 29). Imaging every 8 weeks for 24 weeks, then every 12 weeks.",,2021.0
PMID 34170389 CT_Summary_SoE.pdf,Standard/High-Risk (SR/HR),intervention,2.0,19.0,33.0,51.0,64.0,78.0,7.0,Daily in Induction Week 1; weekly CBC/clinic visits throughout all phases; multi-day hospitalizations for HDMTX in Consolidation.,,2021.0
PMID 34170389 CT_Summary_SoE.pdf,Low-Risk (LR),intervention,2.0,19.0,33.0,51.0,64.0,78.0,7.0,Daily in Induction Week 1; weekly CBC/clinic visits throughout all phases; multi-day hospitalizations for HDMTX in Consolidation.,,2021.0
PMID 34197181 a_Summary_SoE.pdf,Group 1 (AST + EBRT),control,2.0,2.0,24.0,47.0,47.0,48.0,28.0,AST injections every 4 weeks; EBRT daily (Mon-Fri) for 8 weeks starting at Week 10; Labs every 3 weeks.,,2021.0
PMID 34197181 a_Summary_SoE.pdf,Group 2 (AST + EBRT + Docetaxel),intervention,2.0,5.0,29.0,52.0,52.0,53.0,21.0,AST every 4 weeks; Docetaxel q3w for 3 cycles then weekly for 7 weeks; EBRT daily for 8 weeks; Weekly labs during Docetaxel.,,2021.0
PMID 34219000 a_Summary_SoE.pdf,Arm A (Atezolizumab + Paclitaxel),intervention,2.0,4.0,10.0,20.0,30.0,40.0,28.0,"Days 1, 8, and 15 of every 28-day cycle.",,2021.0
PMID 34219000 a_Summary_SoE.pdf,Arm B (Placebo + Paclitaxel),control,2.0,4.0,10.0,20.0,30.0,40.0,28.0,"Days 1, 8, and 15 of every 28-day cycle.",,2021.0
PMID 34237250 a_Summary_SoE.pdf,Arm A (Cabozantinib),intervention,2.0,3.0,6.0,9.0,12.0,16.0,28.0,"W1, W3, W5, W7, W9, then every 4 weeks (W13, W17, etc.)",,2021.0
PMID 34237250 a_Summary_SoE.pdf,Arm B (Placebo),control,2.0,3.0,6.0,9.0,12.0,16.0,28.0,"W1, W3, W5, W7, W9, then every 4 weeks (W13, W17, etc.)",,2021.0
PMID 34246347 CT_Summary_SoE.pdf,Arm 1 (Ipatasertib + Abiraterone + Prednisone/Prednisolone),intervention,2.0,5.0,9.0,12.0,15.0,19.0,28.0,"Cycle 1: Days 1, 4, 8, 15; Cycles 2-3: Days 1, 15; Cycles 4+: Day 1 only.",,2021.0
PMID 34246347 CT_Summary_SoE.pdf,Arm 2 (Placebo + Abiraterone + Prednisone/Prednisolone),control,2.0,5.0,9.0,12.0,15.0,19.0,28.0,"Cycle 1: Days 1, 4, 8, 15; Cycles 2-3: Days 1, 15; Cycles 4+: Day 1 only.",,2021.0
PMID 34264305 a_Summary_SoE.pdf,Celecoxib,intervention,1.0,0.0,1.0,2.0,2.0,3.0,0.0,"Baseline (Day 0), then follow-up visits at Month 3, Month 6, and Month 12 within the first year.",,2021.0
PMID 34264305 a_Summary_SoE.pdf,Placebo,control,1.0,0.0,1.0,2.0,2.0,3.0,0.0,"Baseline (Day 0), then follow-up visits at Month 3, Month 6, and Month 12 within the first year.",,2021.0
PMID 34264316 a_Summary_SoE.pdf,Arm 1 (Nivolumab plus Ipilimumab),intervention,1.0,3.0,7.0,13.0,20.0,27.0,14.0,"Visits occur every 14 days (Day 1 of each cycle) for Nivolumab administration. In Arm 1, Ipilimumab is added every 3rd cycle (every 42 days).",,2021.0
PMID 34264316 a_Summary_SoE.pdf,Arm 2 (Nivolumab monotherapy),control,1.0,3.0,7.0,13.0,20.0,27.0,14.0,Visits occur every 14 days (Day 1 of each cycle) for Nivolumab monotherapy administration.,,2021.0
PMID 34264503 CT_Summary_SoE.pdf,FKB238 group (FKB238 + Paclitaxel + Carboplatin),intervention,1.0,4.0,7.0,11.0,15.0,20.0,21.0,"Cycle 1: Days 1, 8, 15; Subsequent cycles: Day 1 only every 21 days.",,2021.0
PMID 34264503 CT_Summary_SoE.pdf,Avastin group (EU-Avastin + Paclitaxel + Carboplatin),control,1.0,4.0,7.0,11.0,15.0,20.0,21.0,"Cycle 1: Days 1, 8, 15; Subsequent cycles: Day 1 only every 21 days.",,2021.0
PMID 34309665 a_Summary_SoE.pdf,Standard Arm (Bevacizumab + mFOLFOX-6/mOXXEL Concurrent),control,2.0,7.0,15.0,27.0,31.0,36.0,14.0,"Day 1 (Bevacizumab + Chemotherapy), Day 8 (Weekly Blood Count)",,2021.0
PMID 34309665 a_Summary_SoE.pdf,Experimental Arm (Bevacizumab + mFOLFOX-6/mOXXEL Sequential),intervention,2.0,8.0,20.0,38.0,42.0,47.0,14.0,"Day 1 (Bevacizumab), Day 5 (Chemotherapy), Day 8 (Weekly Blood Count)",,2021.0
PMID 34320285 a_Summary_SoE.pdf,Arm A (2 years Anastrozole),control,1.0,0.0,0.0,1.0,1.0,2.0,0.0,Visits occur at 6 months and then every 12 months during the treatment phase.,,2021.0
PMID 34320285 a_Summary_SoE.pdf,Arm B (5 years Anastrozole),intervention,1.0,0.0,0.0,1.0,1.0,2.0,0.0,Visits occur at 6 months and then every 12 months during the treatment phase.,,2021.0
PMID 34341578 CT_Summary_SoE.pdf,Arm A (Toripalimab Injection (JS001) + Chemotherapy (Gemcitabine/Cisplatin)),intervention,2.0,4.0,9.0,15.0,19.0,24.0,21.0,During chemotherapy (Cycles 1-6): 2 visits per cycle (Day 1 and Day 8). Post-chemotherapy maintenance (Cycle 7+): 1 visit per cycle (Day 1).,,2021.0
PMID 34341578 CT_Summary_SoE.pdf,Arm B (Placebo + Chemotherapy (Gemcitabine/Cisplatin)),control,2.0,4.0,9.0,15.0,19.0,24.0,21.0,During chemotherapy (Cycles 1-6): 2 visits per cycle (Day 1 and Day 8). Post-chemotherapy maintenance (Cycle 7+): 1 visit per cycle (Day 1).,,2021.0
PMID 34343033 a_Summary_SoE.pdf,Arm A (Avapritinib),intervention,1.0,4.0,7.0,9.0,10.0,12.0,28.0,"C1-C2: D1, D15; C3-C5: D1; C7+ every odd cycle D1.",,2021.0
PMID 34343033 a_Summary_SoE.pdf,Arm B (Regorafenib),control,1.0,4.0,7.0,9.0,10.0,12.0,28.0,"C1-C2: D1, D15; C3-C5: D1; C7+ every odd cycle D1.",,2021.0
PMID 34357781 a_Summary_SoE.pdf,Arm A (Entinostat + Exemestane),intervention,1.0,3.0,5.0,8.0,11.0,15.0,28.0,"Day 1 of each 28-day cycle, plus Day 15 of Cycle 1.",,2021.0
PMID 34357781 a_Summary_SoE.pdf,Arm B (Placebo + Exemestane),control,1.0,3.0,5.0,8.0,11.0,15.0,28.0,"Day 1 of each 28-day cycle, plus Day 15 of Cycle 1.",,2021.0
PMID 34363762 CT_Summary_SoE.pdf,Arm A (Chemotherapy alone followed by observation),control,1.0,5.0,13.0,20.0,22.0,24.0,21.0,"Chemotherapy Phase: Days 1, 8, 15 of 21-day cycles (6 cycles). Maintenance Phase: Day 1 of 42-day cycles.",,2021.0
PMID 34363762 CT_Summary_SoE.pdf,Arm B (Chemotherapy alone followed by avelumab maintenance),intervention,1.0,5.0,13.0,22.0,29.0,36.0,21.0,"Chemotherapy Phase: Days 1, 8, 15 of 21-day cycles (6 cycles). Maintenance Phase: Days 1, 15, 29 of 42-day cycles.",,2021.0
PMID 34363762 CT_Summary_SoE.pdf,Arm C (Avelumab + Chemotherapy followed by avelumab maintenance),intervention,1.0,5.0,13.0,22.0,29.0,36.0,21.0,"Chemotherapy Phase: Days 1, 8, 15 of 21-day cycles (6 cycles). Maintenance Phase: Days 1, 15, 29 of 42-day cycles.",,2021.0
PMID 34383006a_Summary_SoE.pdf,Arm A (Accelerated Hypofractionated IGRT),intervention,2.0,15.0,16.0,17.0,18.0,19.0,21.0,5 fractions per week for 3 weeks (total 15 fractions),,2021.0
PMID 34383006a_Summary_SoE.pdf,Arm B (Conventional Radiation),control,2.0,22.0,31.0,32.0,33.0,34.0,42.0,5 fractions per week for 6 weeks (total 30 fractions),,2021.0
PMID 34407342 a_Summary_SoE.pdf,Pembrolizumab 200 mg Q3W,intervention,2.0,2.0,5.0,9.0,13.0,18.0,21.0,One visit every 21 days (Day 1 of each cycle) for drug administration and assessments.,,2021.0
PMID 34407342 a_Summary_SoE.pdf,Placebo Q3W,control,2.0,2.0,5.0,9.0,13.0,18.0,21.0,One visit every 21 days (Day 1 of each cycle) for drug administration and assessments.,,2021.0
PMID 34407542 a_Summary_SoE.pdf,Asciminib 40 mg twice daily,intervention,1.0,3.0,7.0,11.0,14.0,18.0,0.0,"Wk 1, 2, 4, 6, 8, 10, 12, 14, 16, 20, 24, 28, 32, 36, 40, 44, 48, 52",,2021.0
PMID 34407542 a_Summary_SoE.pdf,Bosutinib 500 mg once daily,control,1.0,3.0,7.0,11.0,14.0,18.0,0.0,"Wk 1, 2, 4, 6, 8, 10, 12, 14, 16, 20, 24, 28, 32, 36, 40, 44, 48, 52",,2021.0
PMID 34418665 CT_Summary_SoE.pdf,Arm A (Cetuximab + Cisplatin + 5-FU),intervention,1.0,5.0,13.0,26.0,39.0,53.0,21.0,"Weekly visits (Day 1, 8, 15 of each 21-day cycle) for Cetuximab administration.",,2021.0
PMID 34418665 CT_Summary_SoE.pdf,Arm B (Cisplatin + 5-FU),control,1.0,2.0,5.0,9.0,11.0,13.0,21.0,"Day 1 of each 21-day cycle for 6 cycles, followed by 6-weekly tumor assessments.",,2021.0
PMID 34454674 a_Summary_SoE.pdf,Arm 1 (Pembrolizumab + Cisplatin + 5-FU),intervention,1.0,4.0,10.0,18.0,26.0,36.0,21.0,Day 1 (infusion start) and Day 5 (5-FU pump disconnect) for each 21-day cycle.,,2021.0
PMID 34454674 a_Summary_SoE.pdf,Arm 2 (Placebo + Cisplatin + 5-FU),control,1.0,4.0,10.0,18.0,26.0,36.0,21.0,Day 1 (infusion start) and Day 5 (5-FU pump disconnect) for each 21-day cycle.,,2021.0
PMID 34459214 CT_Summary_SoE.pdf,Degarelix (GnRH Receptor Antagonist),intervention,1.0,2.0,4.0,7.0,10.0,13.0,28.0,Monthly visits (every 28 days) for 12 months. Degarelix is administered at every visit from Month 0 to Month 11.,,2021.0
PMID 34459214 CT_Summary_SoE.pdf,Leuprolide (GnRH Receptor Agonist),control,1.0,2.0,4.0,7.0,10.0,13.0,84.0,"Monthly visits (every 28 days) for 12 months. Leuprolide is administered every 3 months (Visits 2, 5, 8, 11).",,2021.0
PMID 34534429 a_Summary_SoE.pdf,Arm 1 (Pembrolizumab + Chemotherapy),intervention,2.0,2.0,5.0,9.0,13.0,18.0,21.0,Day 1 of each 21-day cycle.,,2021.0
PMID 34534429 a_Summary_SoE.pdf,Arm 2 (Placebo + Chemotherapy),control,2.0,2.0,5.0,9.0,13.0,18.0,21.0,Day 1 of each 21-day cycle.,,2021.0
PMID 34600602 a_Summary_SoE.pdf,Arm A (Apalutamide + AAP),intervention,2.0,3.0,7.0,10.0,13.0,17.0,28.0,Cycles 1-3: Day 1 and Day 15; Cycles 4-14: Day 1 only. All cycles are 28 days.,,2021.0
PMID 34600602 a_Summary_SoE.pdf,Arm B (Placebo + AAP),control,2.0,3.0,7.0,10.0,13.0,17.0,28.0,Cycles 1-3: Day 1 and Day 15; Cycles 4-14: Day 1 only. All cycles are 28 days.,,2021.0
PMID 34652968 a_Summary_SoE.pdf,Regimen A (VDC1200/IE),control,2.0,10.0,25.0,48.0,65.0,67.0,14.0,"Induction: VDC cycles (3 days), IE cycles (5 days). Consolidation: VDC (3 days), IE (5 days), VC (2 days).",,2021.0
PMID 34652968 a_Summary_SoE.pdf,Regimen B (VTC250/IE/VDC1200),intervention,2.0,13.0,27.0,55.0,77.0,79.0,14.0,"Induction: VTC cycles (5-6 days), IE cycles (5 days), VDC cycles (3 days). Consolidation: VTC (5 days), IE (5 days), VDC (3 days).",,2021.0
PMID 34661177 CT_Summary_SoE.pdf,Arm 1 (Pembrolizumab + Chemotherapy),intervention,1.0,5.0,13.0,17.0,21.0,26.0,21.0,"Cycles 1-4: Days 1, 8, 15; Cycles 5-35: Day 1 only.",,2021.0
PMID 34661177 CT_Summary_SoE.pdf,Arm 2 (Placebo + Chemotherapy),control,1.0,5.0,13.0,17.0,21.0,26.0,21.0,"Cycles 1-4: Days 1, 8, 15; Cycles 5-35: Day 1 only.",,2021.0
PMID 34808255 CT_Summary_SoE.pdf,Arm 1 (Control),control,2.0,22.0,35.0,36.0,36.0,36.0,7.0,Daily radiation (5 days/week) for 7 weeks (35 fractions total). Weekly assessments during radiation. One follow-up visit at 6 weeks post-treatment.,,2022.0
PMID 34808255 CT_Summary_SoE.pdf,Arm 2 (Gabapentin),intervention,2.0,22.0,35.0,36.0,36.0,36.0,7.0,Daily radiation (5 days/week) for 7 weeks (35 fractions total). Weekly assessments during radiation. One follow-up visit at 6 weeks post-treatment.,,2022.0
PMID 34855460 a_Summary_SoE.pdf,Arm A (CD34 selected T-cell depleted PBSC graft),intervention,9.0,13.0,19.0,23.0,24.0,25.0,,"Conditioning (Days -9 to -2), Transplant (Day 0), 3x weekly labs in Month 1, weekly in Month 2, bi-weekly in Months 3-4, then specific follow-up visits.",,2022.0
PMID 34855460 a_Summary_SoE.pdf,Arm B (Unmanipulated BM graft + Post-transplant Cyclophosphamide),intervention,7.0,13.0,19.0,23.0,24.0,25.0,,"Conditioning (Days -7 to -2), Transplant (Day 0), PTCy (Days 3, 4), 3x weekly labs in Month 1, weekly in Month 2, bi-weekly in Months 3-4, then specific follow-up visits.",,2022.0
PMID 34855460 a_Summary_SoE.pdf,Arm C (Unmanipulated BM graft + Tacrolimus/Methotrexate),control,7.0,13.0,19.0,23.0,24.0,25.0,,"Conditioning (Days -7 to -2), Transplant (Day 0), Methotrexate (Days 1, 3, 6, 11), 3x weekly labs in Month 1, weekly in Month 2, bi-weekly in Months 3-4, then specific follow-up visits.",,2022.0
PMID 34874182 a_Summary_SoE.pdf,Arm A (Palbociclib + Endocrine Therapy),intervention,0.0,0.0,0.0,0.0,0.0,0.0,28.0,Inferred 26 cycles of palbociclib treatment over 2 years.,,2022.0
PMID 34874182 a_Summary_SoE.pdf,Arm B (Endocrine Therapy alone),control,0.0,0.0,0.0,0.0,0.0,0.0,,Endocrine therapy alone for at least 5 years.,,2022.0
PMID 34882169 a_Summary_SoE.pdf,Armodafinil 150mg,intervention,2.0,1.0,2.0,2.0,2.0,2.0,28.0,"Screening visit (Day -28 to -1), Baseline visit (Day 0), Week 4 visit (Day 28), Week 8 visit (Day 56).",,2022.0
PMID 34882169 a_Summary_SoE.pdf,Armodafinil 250mg,intervention,2.0,1.0,2.0,2.0,2.0,2.0,28.0,"Screening visit (Day -28 to -1), Baseline visit (Day 0), Week 4 visit (Day 28), Week 8 visit (Day 56).",,2022.0
PMID 34882169 a_Summary_SoE.pdf,Placebo,control,2.0,1.0,2.0,2.0,2.0,2.0,28.0,"Screening visit (Day -28 to -1), Baseline visit (Day 0), Week 4 visit (Day 28), Week 8 visit (Day 56).",,2022.0
PMID 34890060 CT_Summary_SoE.pdf,Arm 1 (Pre- and During-consultation Decision Aids),intervention,2.0,1.0,1.0,1.0,1.0,1.0,0.0,"One-day intervention on the day of the prostate cancer consultation, preceded by screening tests (H&P, PSA, Biopsy).",,2022.0
PMID 34890060 CT_Summary_SoE.pdf,Arm 2 (Pre-consultation Decision Aid only),intervention,2.0,1.0,1.0,1.0,1.0,1.0,0.0,"One-day intervention on the day of the prostate cancer consultation, preceded by screening tests (H&P, PSA, Biopsy).",,2022.0
PMID 34890060 CT_Summary_SoE.pdf,Arm 3 (During-consultation Decision Aid only),intervention,2.0,1.0,1.0,1.0,1.0,1.0,0.0,"One-day intervention on the day of the prostate cancer consultation, preceded by screening tests (H&P, PSA, Biopsy).",,2022.0
PMID 34890060 CT_Summary_SoE.pdf,Arm 4 (Usual Care),control,2.0,1.0,1.0,1.0,1.0,1.0,0.0,"One-day intervention on the day of the prostate cancer consultation, preceded by screening tests (H&P, PSA, Biopsy).",,2022.0
PMID 34890214 a_Summary_SoE.pdf,Arm 1 (Trastuzumab + Pertuzumab + Taxane),control,1.0,2.0,5.0,17.0,21.0,26.0,21.0,"Anthracycline q3w (4 cycles), then HER2-targeted therapy q3w (18 cycles). Arm 1 includes weekly Paclitaxel (3 visits/cycle) for the first 4 cycles of the HER2 phase.",,2022.0
PMID 34890214 a_Summary_SoE.pdf,Arm 2 (Trastuzumab Emtansine + Pertuzumab),intervention,1.0,2.0,5.0,9.0,13.0,18.0,21.0,"Anthracycline q3w (4 cycles), then HER2-targeted therapy q3w (18 cycles).",,2022.0
PMID 34891224 a_Summary_SoE.pdf,Axicabtagene Ciloleucel,intervention,3.0,11.0,12.0,14.0,15.0,16.0,0.0,"Leukapheresis (screening), Conditioning (3 days), Infusion (1 day), Observation (7 days), then follow-up assessments at Day 50, 100, 150, Month 9, and Month 12.",,2022.0
PMID 34891224 a_Summary_SoE.pdf,Standard of Care (SOC) Chemotherapy,control,2.0,6.0,24.0,26.0,27.0,28.0,21.0,"2-3 cycles of chemotherapy (3 days per cycle), followed by HDT/ASCT for responders, then follow-up assessments at Day 50, 100, 150, Month 9, and Month 12.",,2022.0
PMID 34914339 a_Summary_SoE.pdf,Arm 1 (Chemotherapy plus Endocrine Therapy),intervention,2.0,2.0,5.0,7.0,8.0,9.0,21.0,"Chemotherapy cycles every 21 days (assumed 6 cycles), followed by clinic visits every 3 months for the first year.",,2021.0
PMID 34914339 a_Summary_SoE.pdf,Arm 2 (Endocrine Therapy Alone),control,2.0,1.0,2.0,3.0,4.0,5.0,,Clinic visits every 3 months for the first year.,,2021.0
PMID 34914889 a_Summary_SoE.pdf,Nivolumab,intervention,2.0,3.0,7.0,13.0,20.0,27.0,14.0,Day 1 of each 14-day cycle,,2022.0
PMID 34914889 a_Summary_SoE.pdf,Sorafenib,control,2.0,3.0,7.0,13.0,20.0,27.0,14.0,Day 1 of each 14-day cycle for monitoring and drug dispensing,,2022.0
PMID 34967844 a_Summary_SoE.pdf,Arm A (GnRHa + Chemotherapy),intervention,1.0,3.0,9.0,15.0,16.0,17.0,21.0,"Chemotherapy every 21 days (6 cycles), GnRHa every 28 days (7 injections), Follow-up every 3 months.",,2022.0
PMID 34967844 a_Summary_SoE.pdf,Arm B (Conventional Chemotherapy),control,1.0,2.0,6.0,8.0,9.0,10.0,21.0,"Chemotherapy every 21 days (6 cycles), Follow-up every 3 months.",,2022.0
PMID 34997889 CT_Summary_SoE.pdf,"Carboplatin Arm (Carboplatin, Etoposide, Vincristine)",intervention,3.0,7.0,21.0,32.0,33.0,34.0,28.0,5 consecutive days of chemotherapy every 28 days for 6 cycles.,,2022.0
PMID 34997889 CT_Summary_SoE.pdf,"Cyclophosphamide Arm (Cyclophosphamide, Etoposide, Vincristine)",intervention,3.0,7.0,21.0,32.0,33.0,34.0,28.0,5 consecutive days of chemotherapy every 28 days for 6 cycles.,,2022.0
PMID 35007153 a_Summary_SoE.pdf,Regimen I (Paclitaxel plus Carboplatin),intervention,2.0,5.0,13.0,18.0,19.0,20.0,21.0,"Day 1 (Infusion), Day 8 (Labs), Day 15 (Labs) per 21-day cycle.",,2022.0
PMID 35007153 a_Summary_SoE.pdf,"Regimen II (Ifosfamide, Mesna, and Paclitaxel)",control,2.0,9.0,23.0,30.0,31.0,32.0,21.0,"Days 1, 2, 3 (Infusions), Day 8 (Labs), Day 15 (Labs) per 21-day cycle.",,2022.0
PMID 35013615 CT_Summary_SoE.pdf,Arm A (Atezolizumab in combination with Enzalutamide),intervention,2.0,2.0,5.0,9.0,13.0,18.0,21.0,Day 1 of each 21-day cycle.,,2022.0
PMID 35013615 CT_Summary_SoE.pdf,Arm B (Enzalutamide alone),control,2.0,2.0,5.0,9.0,13.0,18.0,21.0,Day 1 of each 21-day cycle.,,2022.0
PMID 35030011 a_Summary_SoE.pdf,Arm 1 (PDR001 + dabrafenib + trametinib),intervention,2.0,3.0,6.0,9.0,12.0,16.0,28.0,Cycle 1-2: Day 1 and Day 15; Cycle 3 onwards: Day 1 only.,,2022.0
PMID 35030011 a_Summary_SoE.pdf,Arm 2 (Placebo + dabrafenib + trametinib),control,2.0,3.0,6.0,9.0,12.0,16.0,28.0,Cycle 1-2: Day 1 and Day 15; Cycle 3 onwards: Day 1 only.,,2022.0
PMID 35032434 a_Summary_SoE.pdf,Arm A (Melflufen + Dexamethasone),intervention,1.0,5.0,13.0,26.0,39.0,53.0,28.0,"Days 1, 8, 15, and 22 of each 28-day cycle.",,2022.0
PMID 35032434 a_Summary_SoE.pdf,Arm B (Pomalidomide + Dexamethasone),control,1.0,5.0,13.0,26.0,39.0,53.0,28.0,"Days 1, 8, 15, and 22 of each 28-day cycle.",,2022.0
PMID 35038433 CT_Summary_SoE.pdf,Arm 1 (Trastuzumab + Trimodality),intervention,3.0,20.0,31.0,34.0,38.0,43.0,21.0,Daily radiation (5 days/week) for ~6 weeks; weekly chemo/trastuzumab for 6 weeks; one trastuzumab dose at Day 57; maintenance trastuzumab every 3 weeks for 13 doses post-surgery.,,2022.0
PMID 35038433 CT_Summary_SoE.pdf,Arm 2 (Trimodality Control),control,3.0,20.0,30.0,30.0,31.0,32.0,7.0,Daily radiation (5 days/week) for ~6 weeks; weekly chemo for 6 weeks; surgery at 5-8 weeks post-radiation.,,2022.0
PMID 35045221 a_Summary_SoE.pdf,Arm A (Lenvatinib + Pembrolizumab),intervention,2.0,3.0,7.0,11.0,15.0,20.0,21.0,"Cycle 1 & 2: Day 1 (Infusion), Day 15 (Labs/Vitals). Cycle 3 onwards: Day 1 (Infusion) every 21 days.",,2022.0
PMID 35045221 a_Summary_SoE.pdf,Arm B (TPC - Paclitaxel),control,2.0,4.0,10.0,20.0,30.0,40.0,28.0,"Day 1, Day 8, and Day 15 of every 28-day cycle.",,2022.0
PMID 35108470 a_Summary_SoE.pdf,Arm A (Nivolumab plus Ipilimumab),intervention,2.0,3.0,7.0,13.0,20.0,27.0,14.0,Nivolumab Q2W (Day 1 of 14-day cycle); Ipilimumab Q6W (Day 1 of every 3rd cycle).,,2022.0
PMID 35108470 a_Summary_SoE.pdf,Arm B (Nivolumab plus Fluorouracil and Cisplatin),intervention,2.0,8.0,23.0,41.0,60.0,79.0,28.0,Nivolumab Q2W (Days 1 and 15); Fluorouracil and Cisplatin Q4W (Days 1-5). Total 6 visit days per 28-day cycle.,,2022.0
PMID 35108470 a_Summary_SoE.pdf,Arm C (Fluorouracil plus Cisplatin),control,2.0,7.0,20.0,35.0,50.0,66.0,28.0,Fluorouracil and Cisplatin Q4W (Days 1-5). Total 5 visit days per 28-day cycle.,,2022.0
PMID 35142815 a_Summary_SoE.pdf,Arm A (DCVAC/PCa + Standard of Care),intervention,3.0,2.0,7.0,16.0,20.0,24.0,21.0,"Concurrent Treatment Period (CTP): 1 visit/cycle for Cycles 1-2, 2 visits/cycle for Cycles 3-10. Maintenance Boosting Period (MBP): 1 visit/cycle (28-day cycles).",,2022.0
PMID 35142815 a_Summary_SoE.pdf,Arm B (Placebo + Standard of Care),control,3.0,2.0,7.0,16.0,20.0,24.0,21.0,"Concurrent Treatment Period (CTP): 1 visit/cycle for Cycles 1-2, 2 visits/cycle for Cycles 3-10. Maintenance Boosting Period (MBP): 1 visit/cycle (28-day cycles).",,2022.0
PMID 35179323 a_Summary_SoE.pdf,Arm A (Darolutamide + ADT + Docetaxel),intervention,2.0,2.0,5.0,7.0,8.0,9.0,21.0,Docetaxel every 21 days for 6 cycles; Study visits every 12 weeks thereafter.,,2022.0
PMID 35179323 a_Summary_SoE.pdf,Arm B (Placebo + ADT + Docetaxel),control,2.0,2.0,5.0,7.0,8.0,9.0,21.0,Docetaxel every 21 days for 6 cycles; Study visits every 12 weeks thereafter.,,2022.0
PMID 35192411 a_Summary_SoE.pdf,Arm A (Selumetinib + RAI),intervention,2.0,4.0,8.0,9.0,9.0,10.0,0.0,"Screening (2 days), Day 1 (Randomization), Day 14 (Safety), Day 29 & 30 (Thyrogen), Day 31 (RAI), Day 36 (EOT), Day 38 (WBS Scan), Week 10 (FU), 4 months post-RAI, 9 months post-RAI.",,2022.0
PMID 35192411 a_Summary_SoE.pdf,Arm B (Placebo + RAI),control,2.0,4.0,8.0,9.0,9.0,10.0,0.0,Identical to Arm A.,,2022.0
PMID 35213496 CT_Summary_SoE.pdf,Group DB (Deep Neuromuscular block),intervention,1.0,4.0,4.0,4.0,4.0,4.0,0.0,1 screening visit; Surgery on Day 1; Post-operative assessments on Day 2 (POD 1) and Day 3 (POD 2); Follow-up visit on Day 30 (POD 30).,,2022.0
PMID 35213496 CT_Summary_SoE.pdf,Group MB (Moderate Neuromuscular block),control,1.0,4.0,4.0,4.0,4.0,4.0,0.0,1 screening visit; Surgery on Day 1; Post-operative assessments on Day 2 (POD 1) and Day 3 (POD 2); Follow-up visit on Day 30 (POD 30).,,2022.0
PMID 35240074a_Summary_SoE.pdf,Arm A (Avatrombopag),intervention,1.0,7.0,16.0,30.0,42.0,55.0,28.0,"Cycle X+1: 7 visits (D-5, D-1, D1, D6, D11, D15, D18); Cycle X+2: 4 visits (D1, D11, D15, D18); OLE Cycles: 4 visits (D-5, D1, D6, D15).",,2022.0
PMID 35240074a_Summary_SoE.pdf,Arm B (Placebo),control,1.0,7.0,16.0,30.0,42.0,55.0,28.0,"Cycle X+1: 7 visits (D-5, D-1, D1, D6, D11, D15, D18); Cycle X+2: 4 visits (D1, D11, D15, D18); OLE Cycles: 4 visits (D-5, D1, D6, D15).",,2022.0
PMID 35245446 CT_Summary_SoE.pdf,Arm A (Toripalimab + Paclitaxel + Cisplatin),intervention,2.0,2.0,5.0,9.0,13.0,18.0,21.0,Dosing occurs on Day 1 of every 3-week cycle (Q3W).,,2022.0
PMID 35245446 CT_Summary_SoE.pdf,Arm B (Placebo + Paclitaxel + Cisplatin),control,2.0,2.0,5.0,9.0,13.0,18.0,21.0,Dosing occurs on Day 1 of every 3-week cycle (Q3W).,,2022.0
PMID 35271306 a_Summary_SoE.pdf,Arm A (Modified ABFM Backbone),control,2.0,7.0,27.0,45.0,59.0,72.0,84.0,"Induction (7 visits), Consolidation (22 visits), Interim Maintenance (8 visits), Delayed Intensification (14 visits), Maintenance (weekly visits with Day 29 omitted in early cycles).",,2022.0
PMID 35271306 a_Summary_SoE.pdf,Arm B (Modified ABFM Backbone + Bortezomib),intervention,2.0,8.0,28.0,47.0,61.0,74.0,84.0,"Induction (8 visits), Consolidation (22 visits), Interim Maintenance (8 visits), Delayed Intensification (15 visits), Maintenance (weekly visits with Day 29 omitted in early cycles).",,2022.0
PMID 35290101 a_Summary_SoE.pdf,Arm I (Standard platinum-based chemotherapy),control,2.0,2.0,5.0,8.0,10.0,12.0,21.0,"Day 1 of each 21-day cycle for 6 cycles (Regimen I), followed by active surveillance with imaging every 9 weeks and PROs every 12 weeks.",,2022.0
PMID 35290101 a_Summary_SoE.pdf,Arm II (Single-agent olaparib),intervention,2.0,3.0,8.0,13.0,18.0,24.0,28.0,"Day 1 of each 28-day cycle, with additional safety/lab visits every other week for the first 8 weeks (Day 15, 43). Imaging every 9 weeks and PROs every 12 weeks.",,2022.0
PMID 35290101 a_Summary_SoE.pdf,Arm III (Combination of olaparib and cediranib),intervention,2.0,5.0,12.0,17.0,22.0,28.0,28.0,"Day 1 of each 28-day cycle, with additional safety/lab visits every other week for the first 8 weeks (Day 15, 43) and weekly blood pressure reviews for the first 8 weeks (Day 8, 22, 36, 50). Imaging every 9 weeks and PROs every 12 weeks.",,2022.0
PMID 35298906 CT_Summary_SoE.pdf,Arm A (Rucaparib),intervention,2.0,3.0,6.0,9.0,12.0,16.0,28.0,Day 1 of each 28-day cycle for drug dispensation and assessments; Day 15 in Cycles 1 and 2 only for laboratory and safety assessments.,,2022.0
PMID 35298906 CT_Summary_SoE.pdf,Arm B (Chemotherapy - Weekly Paclitaxel),control,2.0,4.0,10.0,20.0,30.0,40.0,28.0,"Days 1, 8, and 15 of each 28-day cycle for infusions and assessments.",,2022.0
PMID 35320644 a_Summary_SoE.pdf,Arm A (Trastuzumab deruxtecan),intervention,2.0,4.0,7.0,11.0,15.0,20.0,21.0,"Cycle 1: Days 1, 8, 15. Subsequent cycles: Day 1 every 21 days.",,2022.0
PMID 35320644 a_Summary_SoE.pdf,Arm B (Ado-trastuzumab emtansine),control,2.0,4.0,7.0,11.0,15.0,20.0,21.0,"Cycle 1: Days 1, 8, 15. Subsequent cycles: Day 1 every 21 days.",,2022.0
PMID 35331641 CT_Summary_SoE.pdf,Arm A (Veliparib + Carboplatin + Paclitaxel),intervention,2.0,3.0,6.0,10.0,14.0,19.0,21.0,Day 1 of each 21-day cycle. Cycle 1 includes an additional Day 15 safety visit. Baseline visit occurs at Cycle 1 Day -2.,,2022.0
PMID 35331641 CT_Summary_SoE.pdf,Arm B (Investigator's Choice Platinum Doublet),control,2.0,3.0,6.0,10.0,14.0,19.0,21.0,Day 1 of each 21-day cycle. Cycle 1 includes an additional Day 15 safety visit. Baseline visit occurs at Cycle 1 Day -2.,,2022.0
PMID 35367007a_Summary_SoE.pdf,Pembrolizumab,intervention,1.0,2.0,5.0,9.0,13.0,17.0,21.0,Day 1 of each 21-day cycle for 17 cycles.,,2022.0
PMID 35367007a_Summary_SoE.pdf,Placebo,control,1.0,2.0,5.0,9.0,13.0,17.0,21.0,Day 1 of each 21-day cycle for 17 cycles.,,2022.0
PMID 35403841 a_Summary_SoE.pdf,Arm A (Nivolumab plus Ipilimumab),intervention,2.0,3.0,6.0,7.0,8.0,9.0,14.0,Nivolumab 3 mg/kg every 2 weeks for 3 doses (Day 1 of each cycle). Ipilimumab 1 mg/kg on Day 1 of Cycle 1 only.,,2022.0
PMID 35403841 a_Summary_SoE.pdf,Arm B (Platinum-Doublet Chemotherapy),control,2.0,4.0,8.0,10.0,11.0,12.0,21.0,Platinum-doublet chemotherapy every 3 weeks for 3 cycles. Visits on Day 1 and Day 8 of each cycle (based on Regimen 1/3).,,2022.0
PMID 35403841 a_Summary_SoE.pdf,Arm C (Nivolumab plus Platinum-Doublet Chemotherapy),intervention,2.0,4.0,8.0,10.0,11.0,12.0,21.0,Nivolumab 360 mg flat dose plus chemotherapy every 3 weeks for 3 cycles. Visits on Day 1 and Day 8 of each cycle.,,2022.0
PMID 35419607 CT_Summary_SoE.pdf,Arm RT + Nivolumab,intervention,1.0,22.0,34.0,37.0,41.0,44.0,14.0,"Radiation therapy 5 days/week for 6 weeks. Nivolumab 240mg Q2W for 8 doses, then 480mg Q4W.",,2023.0
PMID 35419607 CT_Summary_SoE.pdf,Arm RT + Temozolomide (TMZ),control,1.0,22.0,34.0,42.0,48.0,50.0,28.0,RT 5 days/week for 6 weeks. Maintenance TMZ for 6 cycles (D1-5 of 28-day cycle). Labs on D1 and D22 of maintenance cycles.,,2023.0
PMID 35427471 CT_Summary_SoE.pdf,Arm 1: Pembrolizumab (MK-3475),intervention,2.0,2.0,5.0,9.0,13.0,18.0,21.0,1 visit per 3-week cycle (Day 1),,2022.0
PMID 35427471 CT_Summary_SoE.pdf,Arm 2: Standard of Care (SOC) Chemotherapy,control,2.0,3.0,7.0,13.0,20.0,27.0,14.0,1 visit per 2-week cycle (Day 1),,2022.0
PMID 35442766 a_Summary_SoE.pdf,Arm A (Tislelizumab),intervention,1.0,5.0,9.0,13.0,17.0,22.0,21.0,"Cycles 1-2: Days 1, 8, 15; Cycle 3+: Day 1 only.",,2022.0
PMID 35442766 a_Summary_SoE.pdf,Arm B (Investigator-Chosen Chemotherapy - Q3W Regimen),control,1.0,5.0,9.0,13.0,17.0,22.0,21.0,"Cycles 1-2: Days 1, 8, 15; Cycle 3+: Day 1 only.",,2022.0
PMID 35443108 a_Summary_SoE.pdf,Arm A (AG-120 + Azacitidine),intervention,1.0,12.0,32.0,55.0,76.0,98.0,28.0,"Days 1-7 (Azacitidine administration) of every 28-day cycle. Cycle 1 also includes Days 8, 15, and 22. Cycles 2-4 also include Day 15.",,2022.0
PMID 35443108 a_Summary_SoE.pdf,Arm B (Placebo + Azacitidine),control,1.0,12.0,32.0,55.0,76.0,98.0,28.0,"Days 1-7 (Azacitidine administration) of every 28-day cycle. Cycle 1 also includes Days 8, 15, and 22. Cycles 2-4 also include Day 15.",,2022.0
PMID 35446628 a_Summary_SoE.pdf,Arm 1 (ADT + TAK-700),intervention,2.0,1.0,3.0,4.0,5.0,7.0,90.0,"Monthly for the first 4 months (M1, M2, M3, M4), then every 3 months (M7, M10, M13).",,2022.0
PMID 35446628 a_Summary_SoE.pdf,Arm 2 (ADT + Bicalutamide),control,2.0,1.0,3.0,4.0,5.0,7.0,90.0,"Monthly for the first 4 months (M1, M2, M3, M4), then every 3 months (M7, M10, M13).",,2022.0
PMID 35511454 CT_Summary_SoE.pdf,Arm A (RT + TMZ + Nivolumab),intervention,1.0,20.0,35.0,43.0,50.0,55.0,28.0,Daily RT for 6 weeks (30 days); Nivolumab Q2W for 8 doses then Q4W; Maintenance TMZ 28-day cycles with visits on D1 and D22; MRI every 8 weeks.,,2022.0
PMID 35511454 CT_Summary_SoE.pdf,Arm B (RT + TMZ + Placebo),control,1.0,20.0,35.0,43.0,50.0,55.0,28.0,Daily RT for 6 weeks (30 days); Placebo Q2W for 8 doses then Q4W; Maintenance TMZ 28-day cycles with visits on D1 and D22; MRI every 8 weeks.,,2022.0
PMID 35552364 a_Summary_SoE.pdf,Arm A (NKTR-102),intervention,2.0,3.0,9.0,17.0,25.0,35.0,21.0,"2 visits per cycle: a Pre-Dose visit (<= 5 days prior) for labs and assessments, and a Day 1 visit for chemotherapy infusion. Cycle 1 has only the Day 1 visit.",,2022.0
PMID 35552364 a_Summary_SoE.pdf,Arm B (Treatment of Physician's Choice),control,2.0,3.0,9.0,17.0,25.0,35.0,21.0,"2 visits per cycle: a Pre-Dose visit (<= 5 days prior) for labs and assessments, and a Day 1 visit for chemotherapy infusion. Cycle 1 has only the Day 1 visit.",,2022.0
PMID 35569466 CT_Summary_SoE.pdf,Arm 1 (Prostate Bed Radiotherapy alone),control,2.0,20.0,39.0,41.0,42.0,43.0,1.0,Daily radiotherapy (5 days/week) for approximately 8 weeks (39 fractions total).,,2022.0
PMID 35569466 CT_Summary_SoE.pdf,Arm 2 (Prostate Bed Radiotherapy + NC-STAD),intervention,2.0,1.0,22.0,42.0,43.0,44.0,1.0,"STAD start (Day 1), Pre-RT labs (approx Day 50), then daily radiotherapy (5 days/week) for 8 weeks starting at Month 2.",,2022.0
PMID 35569466 CT_Summary_SoE.pdf,Arm 3 (Pelvic Lymph Node Radiotherapy + PBRT + NC-STAD),intervention,2.0,1.0,22.0,42.0,43.0,44.0,1.0,"STAD start (Day 1), Pre-RT labs (approx Day 50), then daily radiotherapy (5 days/week) for 8 weeks starting at Month 2.",,2022.0
PMID 35580297 a_Summary_SoE.pdf,HS-10296 Group,intervention,1.0,4.0,7.0,10.0,12.0,14.0,21.0,"C1D1, C1D8, C1D15; then Day 1 of every cycle for C2-C7; then Day 1 of every 2nd cycle (every 6 weeks) until C21.",,2022.0
PMID 35580297 a_Summary_SoE.pdf,Gefitinib Group,control,1.0,4.0,7.0,10.0,12.0,14.0,21.0,"C1D1, C1D8, C1D15; then Day 1 of every cycle for C2-C7; then Day 1 of every 2nd cycle (every 6 weeks) until C21.",,2022.0
PMID 35584336 a_Summary_SoE.pdf,Arm A (Elacestrant),intervention,2.0,5.0,7.0,10.0,13.0,17.0,28.0,Cycle 1: Day 1 and Day 15. Subsequent cycles: Day 1 of every 28-day cycle.,,2022.0
PMID 35584336 a_Summary_SoE.pdf,Arm B (SOC - Fulvestrant),control,2.0,5.0,7.0,10.0,13.0,17.0,28.0,Cycle 1: Day 1 and Day 15. Subsequent cycles: Day 1 of every 28-day cycle.,,2022.0
PMID 35608580 a_Summary_SoE.pdf,Arm 1 (Metformin),intervention,2.0,0.0,0.0,1.0,1.0,2.0,0.0,"Screening (Pre-study), Month 6, Month 12, then annually until 5 years.",,2022.0
PMID 35608580 a_Summary_SoE.pdf,Arm 2 (Placebo),control,2.0,0.0,0.0,1.0,1.0,2.0,0.0,"Screening (Pre-study), Month 6, Month 12, then annually until 5 years.",,2022.0
PMID 35657079 a_Summary_SoE.pdf,Arm B (Ibrutinib + Bendamustine and Rituximab),intervention,2.0,5.0,11.0,19.0,22.0,26.0,28.0,"Cycles 1-6: Days 1, 2, 15; Cycles 7-12: Day 1; Cycle 13+: Every 8 weeks (Day 1 of even cycles).",,2022.0
PMID 35657079 a_Summary_SoE.pdf,Arm A (Placebo + Bendamustine and Rituximab),control,2.0,5.0,11.0,19.0,22.0,26.0,28.0,"Cycles 1-6: Days 1, 2, 15; Cycles 7-12: Day 1; Cycle 13+: Every 8 weeks (Day 1 of even cycles).",,2022.0
PMID 35660812 a_Summary_SoE.pdf,Arm A (Conventional RVD),intervention,1.0,7.0,13.0,33.0,39.0,42.0,21.0,"RVD cycles (C1-C8): Days 1, 4, 8, 11. Maintenance cycles: Day 1.",,2022.0
PMID 35660812 a_Summary_SoE.pdf,Arm B (RVD + PBSCT),intervention,1.0,7.0,13.0,46.0,50.0,53.0,21.0,"RVD cycles (C1-C3, C4-C5): Days 1, 4, 8, 11. Maintenance cycles: Day 1. PBSCT: Inpatient stay.",,2022.0
PMID 35665782 a_Summary_SoE.pdf,DS-8201a,intervention,2.0,4.0,7.0,11.0,15.0,20.0,21.0,"Screening consists of 2 unique days (Tissue Screening and main Screening). Cycle 1 requires visits on Days 1, 8, and 15. Cycles 2 and beyond require visits on Day 1 only.",,2022.0
PMID 35665782 a_Summary_SoE.pdf,"Physician's Choice (Capecitabine, Eribulin, Gemcitabine, Paclitaxel, or Nab-paclitaxel)",control,2.0,4.0,7.0,11.0,15.0,20.0,21.0,"Screening consists of 2 unique days. Cycle 1 requires visits on Days 1, 8, and 15. Cycles 2 and beyond require visits on Day 1 only per the SoA table.",,2022.0
PMID 35704479 a_Summary_SoE.pdf,Active Monitoring Arm,control,1.0,1.0,1.0,2.0,2.0,3.0,180.0,"Screening (Visit 0), Randomization (Visit 1), and follow-up visits every 6 months (Visit 2, Visit 3).",,2022.0
PMID 35704479 a_Summary_SoE.pdf,Treatment Arm (Topical/Ablative/Surgery),intervention,1.0,1.0,2.0,4.0,4.0,5.0,180.0,"Screening (Visit 0), Randomization/Treatment Start (Visit 1), Interim visits (Visit 1A at 6-8 weeks, Visit 1B at 16 weeks), and 6-month follow-up visits (Visit 2, Visit 3).",,2022.0
PMID 35728048 a_Summary_SoE.pdf,Pevonedistat + Azacitidine,intervention,1.0,12.0,31.0,55.0,77.0,100.0,28.0,"Cycle 1: Days 1-8, 15, 21. Cycles 2, 4, 6, 9, 12: Days 1-7 (dosing) and Day 22 (BMA). Other cycles: Days 1-7 (dosing).",,2022.0
PMID 35728048 a_Summary_SoE.pdf,Azacitidine alone,control,1.0,12.0,31.0,55.0,77.0,100.0,28.0,"Cycle 1: Days 1-8, 15, 21. Cycles 2, 4, 6, 9, 12: Days 1-7 (dosing) and Day 22 (BMA). Other cycles: Days 1-7 (dosing).",,2022.0
PMID 35759733a_Summary_SoE.pdf,Regimen I (CT-2103),intervention,2.0,5.0,9.0,16.0,22.0,26.0,28.0,Day 1 (Infusion and Assessments) and Day 10 (Nadir Labs) for each 28-day cycle.,,2022.0
PMID 35759733a_Summary_SoE.pdf,Regimen II (Paclitaxel),intervention,2.0,5.0,9.0,16.0,22.0,26.0,28.0,Day 1 (Infusion and Assessments) and Day 10 (Nadir Labs) for each 28-day cycle.,,2022.0
PMID 35759733a_Summary_SoE.pdf,Regimen III (No treatment / Surveillance),control,2.0,3.0,5.0,8.0,11.0,15.0,30.0,"Monthly surveillance visits (History, Physical Exam, CA-125, CBC).",,2022.0
PMID 35763704 a_Summary_SoE.pdf,Arm A (Atezolizumab + ddAC-PacHP),intervention,3.0,3.0,6.0,11.0,16.0,20.0,14.0,"Day 1 of each cycle (Q2W for Cycles 1-4, Q3W for Cycles 5-22).",,2022.0
PMID 35763704 a_Summary_SoE.pdf,Arm B (Placebo + ddAC-PacHP),control,3.0,3.0,6.0,11.0,16.0,20.0,14.0,"Day 1 of each cycle (Q2W for Cycles 1-4, Q3W for Cycles 5-22).",,2022.0
PMID 35810754 CT_Summary_SoE.pdf,Arm A and C (Zanubrutinib),intervention,2.0,2.0,4.0,7.0,8.0,9.0,28.0,"Day 1 of every cycle for Cycles 1-6, then Day 1 of every 3rd cycle (C7, C10, C13, etc.)",,2022.0
PMID 35810754 CT_Summary_SoE.pdf,Arm B (Bendamustine + Rituximab),control,2.0,5.0,9.0,14.0,15.0,16.0,28.0,"Cycle 1: Days 0, 1, 2; Cycles 2-6: Days 1, 2; Post-treatment: Day 1 of every 3rd cycle (C7, C10, C13, etc.)",,2022.0
PMID 35810754 CT_Summary_SoE.pdf,Arm D (Venetoclax + Zanubrutinib),intervention,2.0,2.0,5.0,15.0,16.0,17.0,28.0,Day 1 of every cycle; plus intensive TLS monitoring during Venetoclax ramp-up in Cycles 4 and 5.,,2022.0
PMID 35857290 a_Summary_SoE.pdf,Arm A (SGX301 Ointment),intervention,1.0,10.0,23.0,41.0,44.0,47.0,56.0,"Cycle 1 Week 1: 4 clinic days; Weeks 2-6: 2 clinic days/week. Cycles 2-3: 2 clinic days/week for 6 weeks, followed by 1 evaluation visit. Follow-up: every 4 weeks for 6 months.",,2022.0
PMID 35857290 a_Summary_SoE.pdf,Arm B (Placebo Ointment),control,1.0,10.0,23.0,41.0,44.0,47.0,56.0,"Cycle 1 Week 1: 4 clinic days; Weeks 2-6: 2 clinic days/week. Cycles 2-3: 2 clinic days/week for 6 weeks, followed by 1 evaluation visit. Follow-up: every 4 weeks for 6 months.",,2022.0
PMID 35922251 CT_Summary_SoE.pdf,Arm 1: Cemiplimab (REGN2810),intervention,1.0,2.0,7.0,13.0,18.0,24.0,42.0,"Day 1 and Day 22 (Treatment); Day 42 (Imaging in cycles 1-4, 6, 8, 10, 12, 14, 16).",,2022.0
PMID 35922251 CT_Summary_SoE.pdf,Arm 2: Investigator's Choice (IC) Chemotherapy,control,1.0,5.0,11.0,22.0,32.0,42.0,42.0,"Day 1, 8, 15/29, 22 (Treatment); Day 42 (Imaging in cycles 1-4, 6, 8, 10, 12, 14, 16).",,2022.0
PMID 35947817 a_Summary_SoE.pdf,Arm A (DCC-2618),intervention,1.0,3.0,6.0,10.0,14.0,19.0,42.0,"Cycle 1: Days 1, 15, 29; Cycle 2 and beyond: Days 1 and 29 of each 42-day cycle.",,2022.0
PMID 35947817 a_Summary_SoE.pdf,Arm B (Sunitinib),control,1.0,3.0,6.0,10.0,14.0,19.0,42.0,"Cycle 1: Days 1, 15, 29; Cycle 2 and beyond: Days 1 and 29 of each 42-day cycle.",,2022.0
PMID 36070540 a_Summary_SoE.pdf,Arm A (Fluorescent Imaging),intervention,1.0,3.0,3.0,4.0,4.0,4.0,0.0,"Screening (V1), Surgery (V2/Day 1), Safety (V3/Day 7), Safety (V4/Day 28), Follow-up (Month 6)",,2023.0
PMID 36070540 a_Summary_SoE.pdf,Arm B (No Fluorescent Imaging),control,1.0,3.0,3.0,4.0,4.0,4.0,0.0,"Screening (V1), Surgery (V2/Day 1), Safety (V3/Day 7), Safety (V4/Day 28), Follow-up (Month 6)",,2023.0
PMID 36099926 a_Summary_SoE.pdf,Arm A (Atezolizumab),intervention,1.0,2.0,5.0,9.0,13.0,18.0,21.0,Day 1 of each 21-day cycle for 16 cycles.,,2022.0
PMID 36099926 a_Summary_SoE.pdf,Arm B (Placebo),control,1.0,2.0,5.0,9.0,13.0,18.0,21.0,Day 1 of each 21-day cycle for 16 cycles.,,2022.0
PMID 36108662 CT_Summary_SoE.pdf,Experimental Arm (Pembrolizumab),intervention,3.0,2.0,5.0,9.0,13.0,18.0,21.0,"One visit every 3 weeks (Q3W) for a total of 18 infusions. All scheduled assessments (physical exams, labs, imaging) are performed on the same day as the drug infusion.",,2022.0
PMID 36108662 CT_Summary_SoE.pdf,Control Arm (Placebo),control,3.0,2.0,5.0,9.0,13.0,18.0,21.0,"One visit every 3 weeks (Q3W) for a total of 18 infusions. All scheduled assessments (physical exams, labs, imaging) are performed on the same day as the placebo infusion.",,2022.0
PMID 36155117 CT_Summary_SoE.pdf,Arm A (Palbociclib + Letrozole),intervention,1.0,4.0,8.0,11.0,14.0,18.0,28.0,"Cycles 1 and 2: Days 1, 14, and 21. Cycle 3 onwards: Day 1 of every 28-day cycle.",,2022.0
PMID 36155117 CT_Summary_SoE.pdf,Arm B (Placebo + Letrozole),control,1.0,4.0,8.0,11.0,14.0,18.0,28.0,"Cycles 1 and 2: Days 1, 14, and 21. Cycle 3 onwards: Day 1 of every 28-day cycle.",,2022.0
PMID 36162037 a_Summary_SoE.pdf,Arm A (Nivolumab + Ipilimumab),intervention,1.0,3.0,7.0,13.0,20.0,25.0,14.0,Visits occur every 2 weeks (Q2W) for drug administration (Nivolumab Q2W and Ipilimumab Q6W).,,2023.0
PMID 36162037 a_Summary_SoE.pdf,Arm B (Nivolumab Monotherapy),control,1.0,3.0,7.0,13.0,20.0,25.0,14.0,"Visits occur every 2 weeks (Q2W) to maintain the double-blind, with active Nivolumab every 4 weeks and placebos on off-weeks.",,2023.0
PMID 36265504 a_Summary_SoE.pdf,Arm A (Enzalutamide + Docetaxel + Prednisolone),intervention,1.0,5.0,12.0,21.0,24.0,25.0,21.0,"Docetaxel infusion every 21 days (Cycles 1-10). Nadir hematology labs 1 week after each infusion. Additional hematology labs 2 weeks after infusions for the first 3 cycles. After 10 cycles, visits occur every 12 weeks.",,2022.0
PMID 36265504 a_Summary_SoE.pdf,Arm B (Placebo + Docetaxel + Prednisolone),control,1.0,5.0,12.0,21.0,24.0,25.0,21.0,"Docetaxel infusion every 21 days (Cycles 1-10). Nadir hematology labs 1 week after each infusion. Additional hematology labs 2 weeks after infusions for the first 3 cycles. After 10 cycles, visits occur every 12 weeks.",,2022.0
PMID 36308441 a_Summary_SoE.pdf,Arm B: CaM 5 µmol/kg + mFOLFOX6,intervention,1.0,3.0,8.0,13.0,14.0,15.0,14.0,Day 1 of each 14-day cycle for treatment (12 cycles total). Additional assessment on Day 2 of Cycle 4.,,2022.0
PMID 36308441 a_Summary_SoE.pdf,Arm A: CaM 2 µmol/kg + mFOLFOX6,intervention,1.0,3.0,8.0,13.0,14.0,15.0,14.0,Day 1 of each 14-day cycle for treatment (12 cycles total). Additional assessment on Day 2 of Cycle 4.,,2022.0
PMID 36308441 a_Summary_SoE.pdf,Arm C: Placebo + mFOLFOX6,control,1.0,3.0,8.0,13.0,14.0,15.0,14.0,Day 1 of each 14-day cycle for treatment (12 cycles total). Additional assessment on Day 2 of Cycle 4.,,2022.0
PMID 36322844 a_Summary_SoE.pdf,Arm A (ABVE-PC),control,2.0,8.0,21.0,37.0,39.0,40.0,21.0,"Days 1, 2, 3, 8 of each 21-day cycle for 5 cycles; followed by 14 days of radiation therapy (ISRT).",,2022.0
PMID 36322844 a_Summary_SoE.pdf,Arm B (Bv-AVEPC),intervention,2.0,8.0,21.0,37.0,39.0,40.0,21.0,"Days 1, 2, 3, 8 of each 21-day cycle for 5 cycles; followed by 14 days of radiation therapy (ISRT).",,2022.0
PMID 36327426 a_Summary_SoE.pdf,Arm 1 (Durvalumab + Tremelimumab + SoC Chemotherapy),intervention,2.0,5.0,13.0,16.0,19.0,23.0,21.0,"Chemotherapy phase (Cycles 1-4): Days 1, 8, and 15 of each 21-day cycle. Post-chemotherapy phase (Cycles 5+): Day 1 of each 28-day cycle.",,2023.0
PMID 36327426 a_Summary_SoE.pdf,Arm 2 (Durvalumab + SoC Chemotherapy),intervention,2.0,5.0,13.0,16.0,19.0,23.0,21.0,"Chemotherapy phase (Cycles 1-4): Days 1, 8, and 15 of each 21-day cycle. Post-chemotherapy phase (Cycles 5+): Day 1 of each 28-day cycle.",,2023.0
PMID 36327426 a_Summary_SoE.pdf,Arm 3 (SoC Chemotherapy alone),control,2.0,5.0,13.0,20.0,23.0,27.0,21.0,"Chemotherapy phase (Cycles 1-6): Days 1, 8, and 15 of each 21-day cycle. Maintenance phase: Day 1 of each 28-day cycle.",,2023.0
PMID 36346687 CT_Summary_SoE.pdf,Arm A (Capecitabine),intervention,1.0,2.0,5.0,8.0,9.0,10.0,21.0,"8 cycles of 21 days (Day 1 of each cycle), followed by follow-up visits every 3 months.",,2023.0
PMID 36346687 CT_Summary_SoE.pdf,Arm B (Observation),control,1.0,2.0,5.0,8.0,9.0,10.0,21.0,"Follows the same visit schedule as Arm A (every 3 weeks for 24 weeks, then every 3 months).",,2023.0
PMID 36455168 a_Summary_SoE.pdf,Pembrolizumab + Best Supportive Care,intervention,2.0,2.0,5.0,9.0,13.0,18.0,21.0,Day 1 of each 3-week cycle (Q3W).,,2023.0
PMID 36455168 a_Summary_SoE.pdf,Placebo + Best Supportive Care,control,2.0,2.0,5.0,9.0,13.0,18.0,21.0,Day 1 of each 3-week cycle (Q3W).,,2023.0
PMID 36473143 a_Summary_SoE.pdf,Arm A (Nivolumab + Ipilimumab),intervention,2.0,3.0,7.0,13.0,20.0,27.0,42.0,"3 visits per 6-week cycle (Day 1, 15, 29) for Nivolumab Q2W and Ipilimumab Q6W.",,2023.0
PMID 36473143 a_Summary_SoE.pdf,Arm B (EXTREME Regimen),control,2.0,5.0,13.0,26.0,39.0,53.0,21.0,"Weekly visits (Day 1, 8, 15) during the 6 cycles of chemotherapy, followed by weekly maintenance Cetuximab.",,2023.0
PMID 36503738 CT_Summary_SoE.pdf,Arm 1 (BBI-608 + FOLFIRI),intervention,1.0,3.0,8.0,14.0,21.0,27.0,14.0,Day 1 of each 14-day cycle. Arm 1 includes a Run-in visit 2 days prior to Cycle 1 Day 1 for drug initiation.,,2023.0
PMID 36503738 CT_Summary_SoE.pdf,Arm 2 (FOLFIRI),control,1.0,3.0,7.0,13.0,20.0,27.0,14.0,Day 1 of each 14-day cycle.,,2023.0
PMID 36521097 a_Summary_SoE.pdf,Arm A (nab-paclitaxel plus gemcitabine),intervention,1.0,4.0,10.0,19.0,20.0,21.0,28.0,"Days 1, 8, and 15 of each 28-day cycle for 6 cycles.",,2023.0
PMID 36521097 a_Summary_SoE.pdf,Arm B (gemcitabine alone),control,1.0,4.0,10.0,19.0,20.0,21.0,28.0,"Days 1, 8, and 15 of each 28-day cycle for 6 cycles.",,2023.0
PMID 36535566 CT_Summary_SoE.pdf,Arm 1 (Pembrolizumab),intervention,1.0,5.0,13.0,17.0,21.0,26.0,21.0,"Day 1 of each 3-week cycle. Additionally, Days 8 and 15 of Cycles 1, 2, 3, and 4 for safety monitoring.",,2023.0
PMID 36535566 CT_Summary_SoE.pdf,Arm 2 (Standard of Care - Gemcitabine),control,1.0,5.0,14.0,22.0,30.0,40.0,21.0,"Days 1 and 8 of each 3-week cycle for Gemcitabine. Additionally, Day 15 of Cycles 1, 2, 3, and 4 for safety monitoring.",,2023.0
PMID 36541957 a_Summary_SoE.pdf,Arm A (Ibrutinib + CIT),intervention,1.0,14.0,34.0,37.0,38.0,39.0,28.0,"CIT cycles (C1-3): 9 consecutive days (D1-9) for administration, plus D14 imaging and weekly labs (D15, D22). Monotherapy cycles (C4-6): Day 1 visits for labs/clinic.",,2023.0
PMID 36541957 a_Summary_SoE.pdf,Arm B (CIT alone),control,1.0,14.0,33.0,34.0,35.0,36.0,28.0,"CIT cycles (C1-3): 9 consecutive days (D1-9) for administration, plus D14 imaging and weekly labs (D15, D22). Follow-up visits at 6, 9, and 12 months.",,2023.0
PMID 36623230 a_Summary_SoE.pdf,Arm A (Standard Thoracic Radiotherapy 45 Gy BID),control,2.0,19.0,33.0,40.0,41.0,42.0,21.0,"Chemotherapy: Days 1, 2, 3, 8 of each 21-day cycle (4 cycles). Radiotherapy: 5 days/week for 3 weeks starting Day 1. Prophylactic Cranial Irradiation (PCI): 10 fractions over 2 weeks post-chemo. Follow-up: Every 3 months.",,2023.0
PMID 36623230 a_Summary_SoE.pdf,Arm B (High-dose Thoracic Radiotherapy 70 Gy QD),intervention,2.0,22.0,46.0,53.0,54.0,55.0,21.0,"Chemotherapy: Days 1, 2, 3, 8 of each 21-day cycle (4 cycles). Radiotherapy: 5 days/week for 7 weeks starting Day 1. PCI: 10 fractions over 2 weeks post-chemo. Follow-up: Every 3 months.",,2023.0
PMID 36669140 a_Summary_SoE.pdf,Regimen A (Comparator Arm - Multiagent Chemotherapy),control,2.0,12.0,30.0,63.0,79.0,80.0,14.0,"Induction (6 cycles): VDC cycles (Days 1, 2, 8); IE cycles (Days 15-19, 22, 28). Consolidation (8 cycles): VDC cycles (Days 1, 2, 8, 14); IE cycles (Days 15-19, 22); VC cycles (Days 1, 8, 14).",,2023.0
PMID 36669140 a_Summary_SoE.pdf,Regimen B (Experimental Arm - Multiagent Chemotherapy + Ganitumab),intervention,2.0,12.0,30.0,63.0,79.0,80.0,14.0,"Identical to Regimen A. Ganitumab is administered on Day 1 of chemotherapy cycles, requiring no additional unique calendar days.",,2023.0
PMID 36693773 CT_Summary_SoE.pdf,Intervention Group (Dexamethasone mouthwash),intervention,2.0,2.0,3.0,3.0,3.0,3.0,0.0,"Screening (Prior to Registration, Baseline), Day 1 (Treatment Start/Dispensing), Week 4 (Clinic Visit), Week 8 (Clinic Visit/End of Treatment).",,2023.0
PMID 36693773 CT_Summary_SoE.pdf,Control Group (Placebo mouthwash),control,2.0,2.0,3.0,3.0,3.0,3.0,0.0,"Screening (Prior to Registration, Baseline), Day 1 (Treatment Start/Dispensing), Week 4 (Clinic Visit), Week 8 (Clinic Visit/End of Treatment).",,2023.0
PMID 36709073 CT_Summary_SoE.pdf,Arm A (Momelotinib),intervention,2.0,3.0,5.0,8.0,11.0,14.0,28.0,"Day 1, Weeks 2, 4, 8, 12, 16, 20, 24, 28, 32, 36, 40, 44, 48",,2023.0
PMID 36709073 CT_Summary_SoE.pdf,Arm B (Danazol),control,2.0,3.0,5.0,8.0,11.0,14.0,28.0,"Day 1, Weeks 2, 4, 8, 12, 16, 20, 24, 28, 32, 36, 40, 44, 48",,2023.0
PMID 36764316 a_Summary_SoE.pdf,Arm A (AMG 510 / Sotorasib),intervention,1.0,4.0,7.0,11.0,15.0,20.0,21.0,"Cycle 1: Days 1, 5, 8. Subsequent cycles: Day 1 only.",,2023.0
PMID 36764316 a_Summary_SoE.pdf,Arm B (Docetaxel),control,1.0,2.0,5.0,9.0,13.0,18.0,21.0,Day 1 of each cycle (every 3 weeks).,,2023.0
PMID 36795891 a_Summary_SoE.pdf,Arm A (Rucaparib or AR-directed therapy),intervention,3.0,3.0,6.0,9.0,12.0,16.0,28.0,"Visits every 2 weeks for the first 8 weeks (Day 1, 15, 29, 43), then every 4 weeks thereafter (Day 57, 85, 113, etc.).",,2023.0
PMID 36795891 a_Summary_SoE.pdf,Arm B (Docetaxel),control,3.0,3.0,7.0,13.0,17.0,21.0,21.0,"Infusions every 3 weeks (Day 1, 22, 43, etc.) for 10 cycles. PRO assessments every 4 weeks (Day 1, 29, 57, etc.). Tumor scans every 8 weeks for 24 weeks, then every 12 weeks.",,2023.0
PMID 36952634 a_Summary_SoE.pdf,Arm A (Niraparib + AAP),intervention,2.0,5.0,9.0,12.0,15.0,18.0,28.0,C1-C3: Days 1 and 15; C4-C12: Day 1; C13-25: Every 2 cycles; Beyond 25: Every 3 cycles. Weekly labs in C1.,,2023.0
PMID 36952634 a_Summary_SoE.pdf,Arm B (Placebo + AAP),control,2.0,5.0,9.0,12.0,15.0,18.0,28.0,C1-C3: Days 1 and 15; C4-C12: Day 1; C13-25: Every 2 cycles; Beyond 25: Every 3 cycles. Weekly labs in C1.,,2023.0
PMID 36952634 a_Summary_SoE.pdf,Arm C (Niraparib/AA FDC + Prednisone),intervention,2.0,5.0,9.0,12.0,15.0,18.0,28.0,C1-C3: Days 1 and 15; C4-C12: Day 1; C13-25: Every 2 cycles; Beyond 25: Every 3 cycles. Weekly labs in C1.,,2023.0
PMID 36969338 a_Summary_SoE.pdf,Arm 1 (BBI-608 plus nab-Paclitaxel with Gemcitabine),intervention,2.0,5.0,12.0,22.0,32.0,42.0,28.0,"Run-in (2 days) followed by infusions on Days 1, 8, and 15 of each 28-day cycle.",,2023.0
PMID 36969338 a_Summary_SoE.pdf,Arm 2 (nab-Paclitaxel with Gemcitabine),control,2.0,3.0,10.0,20.0,30.0,40.0,28.0,"Infusions on Days 1, 8, and 15 of each 28-day cycle.",,2023.0
PMID 36996380 a_Summary_SoE.pdf,Arm A (Enzalutamide),control,2.0,1.0,5.0,10.0,14.0,19.0,28.0,"Day 1 of each 28-day cycle. Imaging every 8 weeks for the first 6 cycles, then every 12 weeks.",,2023.0
PMID 36996380 a_Summary_SoE.pdf,Arm B (Enzalutamide + Abiraterone + Prednisone),intervention,2.0,3.0,8.0,13.0,17.0,22.0,28.0,"Every 2 weeks for the first 3 months (Cycles 1-3), then Day 1 of each 28-day cycle. Imaging every 8 weeks for the first 6 cycles, then every 12 weeks.",,2023.0
PMID 37069359 a_Summary_SoE.pdf,Arm A (BL-8040 + G-CSF),intervention,2.0,18.0,33.0,34.0,35.0,36.0,0.0,"Daily mobilization (8 days), Conditioning (1 day), Transplant (1 day), Daily post-transplant monitoring (estimated 21 days), and follow-up visits at Day 30, 60, 100, 180, 270 post-transplant.",,2023.0
PMID 37069359 a_Summary_SoE.pdf,Arm B (Placebo + G-CSF),control,2.0,18.0,33.0,34.0,35.0,36.0,0.0,"Daily mobilization (8 days), Conditioning (1 day), Transplant (1 day), Daily post-transplant monitoring (estimated 21 days), and follow-up visits at Day 30, 60, 100, 180, 270 post-transplant.",,2023.0
PMID 37071094 a_Summary_SoE.pdf,Arm A (mFOLFOX6 + panitumumab),intervention,2.0,3.0,7.0,13.0,20.0,27.0,14.0,Day 1 of each 14-day cycle for infusion and assessments.,,2023.0
PMID 37071094 a_Summary_SoE.pdf,Arm B (mFOLFOX6 + bevacizumab),control,2.0,3.0,7.0,13.0,20.0,27.0,14.0,Day 1 of each 14-day cycle for infusion and assessments.,,2023.0
PMID 37075781 a_Summary_SoE.pdf,Arm A (Pembrolizumab + Gemcitabine/Cisplatin),intervention,2.0,4.0,9.0,18.0,26.0,36.0,21.0,Day 1 and Day 8 of every 21-day cycle.,,2023.0
PMID 37075781 a_Summary_SoE.pdf,Arm B (Placebo + Gemcitabine/Cisplatin),control,2.0,4.0,9.0,18.0,26.0,36.0,21.0,Day 1 and Day 8 of every 21-day cycle.,,2023.0
PMID 37080222 a_Summary_SoE.pdf,Arm A (Tislelizumab + Chemotherapy),intervention,2.0,13.0,31.0,51.0,71.0,96.0,21.0,"Days 1-5 of each 21-day cycle for 5-FU infusion; weekly labs (D8, D15) for the first 3 cycles.",,2023.0
PMID 37080222 a_Summary_SoE.pdf,Arm B (Placebo + Chemotherapy),control,2.0,13.0,31.0,51.0,71.0,96.0,21.0,"Days 1-5 of each 21-day cycle for 5-FU infusion; weekly labs (D8, D15) for the first 3 cycles.",,2023.0
PMID 37080223 CT_Summary_SoE.pdf,Arm A (Standard Chemoradiation),control,2.0,20.0,34.0,35.0,36.0,37.0,7.0,"Daily (5 days/week) for external beam radiation therapy (EBRT) for ~5.6 weeks, plus ~5 days for brachytherapy. Cisplatin is weekly during EBRT.",,2023.0
PMID 37080223 CT_Summary_SoE.pdf,Arm B (Standard Chemoradiation + Adjuvant Chemotherapy),intervention,2.0,20.0,35.0,38.0,39.0,40.0,21.0,"Daily (5 days/week) for EBRT/BT phase (~7 weeks), followed by 4 cycles of adjuvant chemotherapy every 21 days.",,2023.0
PMID 37086745 a_Summary_SoE.pdf,Arm A (Trastuzumab deruxtecan),intervention,3.0,4.0,7.0,11.0,15.0,20.0,21.0,Day 1 of every 21-day cycle; Day 8 and Day 15 of Cycle 1 only.,,2023.0
PMID 37086745 a_Summary_SoE.pdf,Arm B (Investigator's Choice),control,3.0,4.0,7.0,11.0,15.0,20.0,21.0,Day 1 of every 21-day cycle; Day 8 and Day 15 of Cycle 1 only.,,2023.0
PMID 37104748 a_Summary_SoE.pdf,Arm 1 (Dose-escalated RT alone),control,2.0,20.0,44.0,46.0,47.0,48.0,7.0,Daily RT (Mon-Fri) for 44 fractions (approx 9 weeks).,,2023.0
PMID 37104748 a_Summary_SoE.pdf,Arm 2 (Dose-escalated RT + ADT),intervention,2.0,2.0,27.0,48.0,49.0,50.0,28.0,Monthly ADT injections for 6 months; RT starts 8 weeks after first ADT injection.,,2023.0
PMID 37116523 a_Summary_SoE.pdf,Arm A (Quizartinib + Chemotherapy),intervention,2.0,15.0,36.0,58.0,63.0,67.0,28.0,"Induction (Days 1-9, 15, 21, 22, 28); Consolidation (Days 1, 3, 5, 6, 13, 19, 21, 28); Continuation (Cycle 1: D1, 8, 15; Cycle 2: D1, 15; Cycle 3+: D1)",,2023.0
PMID 37116523 a_Summary_SoE.pdf,Arm B (Placebo + Chemotherapy),control,2.0,15.0,36.0,58.0,63.0,67.0,28.0,"Induction (Days 1-9, 15, 21, 22, 28); Consolidation (Days 1, 3, 5, 6, 13, 19, 21, 28); Continuation (Cycle 1: D1, 8, 15; Cycle 2: D1, 15; Cycle 3+: D1)",,2023.0
PMID 37133585 a_Summary_SoE.pdf,Experimental Arm (Trifluridine/tipiracil + bevacizumab),intervention,2.0,3.0,7.0,10.0,11.0,13.0,28.0,"Day 1 and Day 15 of every 28-day cycle for 4 cycles, followed by a withdrawal visit and 8-weekly follow-up visits.",,2023.0
PMID 37133585 a_Summary_SoE.pdf,Control Arm (Trifluridine/tipiracil monotherapy),control,2.0,3.0,5.0,7.0,8.0,10.0,28.0,Cycle 1: Day 1 and Day 15. Subsequent cycles: Day 1 only. Followed by a withdrawal visit and 8-weekly follow-up visits.,,2023.0
PMID 37141294 CT_Summary_SoE.pdf,Arm A (Pembrolizumab / MK-3475),intervention,1.0,2.0,5.0,9.0,13.0,18.0,21.0,Day 1 of each 3-week cycle,,2023.0
PMID 37141294 CT_Summary_SoE.pdf,Arm B (Docetaxel),control,1.0,2.0,5.0,9.0,13.0,18.0,21.0,Day 1 of each 3-week cycle,,2023.0
PMID 37257422 CT_Summary_SoE.pdf,Arm A (Standard Steroids),intervention,1.0,20.0,34.0,44.0,54.0,64.0,28.0,"Chemoradiation Phase (6 weeks): Daily radiation therapy (RT) 5 days/week; Depatux-M infusions every 2 weeks. Adjuvant Phase (12 cycles): Depatux-M infusions on Day 1 and Day 15, and hematology labs on Day 22 of each 28-day cycle.",,2023.0
PMID 37257422 CT_Summary_SoE.pdf,Arm B (Standard Steroids + Vasoconstrictor + Cold Compress),intervention,1.0,20.0,34.0,44.0,54.0,64.0,28.0,"Chemoradiation Phase (6 weeks): Daily radiation therapy (RT) 5 days/week; Depatux-M infusions every 2 weeks. Adjuvant Phase (12 cycles): Depatux-M infusions on Day 1 and Day 15, and hematology labs on Day 22 of each 28-day cycle.",,2023.0
PMID 37257422 CT_Summary_SoE.pdf,Arm C (Enhanced Steroids + Vasoconstrictor + Cold Compress),intervention,1.0,20.0,34.0,44.0,54.0,64.0,28.0,"Chemoradiation Phase (6 weeks): Daily radiation therapy (RT) 5 days/week; Depatux-M infusions every 2 weeks. Adjuvant Phase (12 cycles): Depatux-M infusions on Day 1 and Day 15, and hematology labs on Day 22 of each 28-day cycle.",,2023.0
PMID 37272516 a_Summary_SoE.pdf,Arm A (Vorasidenib / AG-881),intervention,2.0,3.0,6.0,9.0,12.0,16.0,28.0,Cycles 1-2: Day 1 and Day 15. Cycles 3+: Day 1 only.,,2023.0
PMID 37272516 a_Summary_SoE.pdf,Arm B (Placebo),control,2.0,3.0,6.0,9.0,12.0,16.0,28.0,Cycles 1-2: Day 1 and Day 15. Cycles 3+: Day 1 only.,,2023.0
PMID 37276510 CT_Summary_SoE.pdf,SGI-110,intervention,2.0,10.0,27.0,45.0,60.0,76.0,28.0,"Cycles 1-2: Days 1-5 (Tx), Days 8, 15, 22 (Labs). Cycles 3-6: Days 1-5 (Tx), Day 15 (Labs). Cycles 7+: Days 1-5 (Tx).",,2023.0
PMID 37276510 CT_Summary_SoE.pdf,Treatment Choice (TC) - Cytarabine Regimen,control,2.0,14.0,41.0,78.0,108.0,139.0,28.0,"Cycles 1-2: Days 1-10 (Tx), Days 15, 22 (Labs). Cycles 3-6: Days 1-10 (Tx), Day 15 (Labs). Cycles 7+: Days 1-10 (Tx).",,2023.0
PMID 37284847 CT_Summary_SoE.pdf,Group 1 (Olanzapine + Fosaprepitant + 5-HT3 RA + Dexamethasone),intervention,1.0,2.0,4.0,4.0,4.0,4.0,21.0,1 visit per cycle on Day 1 for chemotherapy and anti-emetic administration.,,2023.0
PMID 37284847 CT_Summary_SoE.pdf,Group 2 (Olanzapine + Placebo + 5-HT3 RA + Dexamethasone),control,1.0,2.0,4.0,4.0,4.0,4.0,21.0,1 visit per cycle on Day 1 for chemotherapy and anti-emetic administration.,,2023.0
PMID 37285865 a_Summary_SoE.pdf,Arm A (Talazoparib + Enzalutamide),intervention,2.0,3.0,7.0,11.0,14.0,18.0,0.0,"Q2W through Week 17, Q4W through Week 53, then Q8W thereafter. Imaging occurs Q8W through Week 25, then Q12W thereafter.",,2023.0
PMID 37285865 a_Summary_SoE.pdf,Arm B (Placebo + Enzalutamide),control,2.0,3.0,7.0,11.0,14.0,18.0,0.0,"Q2W through Week 17, Q4W through Week 53, then Q8W thereafter. Imaging occurs Q8W through Week 25, then Q12W thereafter.",,2023.0
PMID 37290035 a_Summary_SoE.pdf,Arm 1 (Pembrolizumab + Olaparib),intervention,1.0,2.0,5.0,9.0,13.0,18.0,21.0,Day 1 of each 21-day cycle.,,2023.0
PMID 37290035 a_Summary_SoE.pdf,Arm 2 (Abiraterone Acetate or Enzalutamide),control,1.0,2.0,5.0,9.0,13.0,18.0,21.0,Day 1 of each 21-day cycle.,,2023.0
PMID 37290461 a_Summary_SoE.pdf,Arm A (Atezolizumab + Cabozantinib),intervention,2.0,2.0,5.0,9.0,13.0,18.0,21.0,Day 1 of each 21-day cycle.,,2023.0
PMID 37290461 a_Summary_SoE.pdf,Arm B (Cabozantinib Alone),control,2.0,2.0,5.0,9.0,13.0,18.0,21.0,Day 1 of each 21-day cycle.,,2023.0
PMID 37315297 a_Summary_SoE.pdf,Arm 1 (EBRT + Brachytherapy),intervention,3.0,20.0,27.0,29.0,30.0,31.0,0.0,"5 days/week EBRT for 5 weeks, followed by a single brachytherapy implant procedure 2-4 weeks later.",,2023.0
PMID 37315297 a_Summary_SoE.pdf,Arm 2 (Brachytherapy Alone),control,3.0,1.0,2.0,4.0,5.0,6.0,0.0,Single brachytherapy implant procedure.,,2023.0
PMID 37342922 a_Summary_SoE.pdf,"PTCy/Tac/MMF (Post-Transplant Cyclophosphamide, Tacrolimus, Mycophenolate Mofetil)",intervention,2.0,11.0,19.0,21.0,22.0,23.0,,"3x weekly for Month 1, weekly for Months 2-3, then Day 98, 180, 270, 365.",,2023.0
PMID 37342922 a_Summary_SoE.pdf,"Tac/MTX (Tacrolimus, Methotrexate)",control,2.0,11.0,19.0,21.0,22.0,23.0,,"3x weekly for Month 1, weekly for Months 2-3, then Day 98, 180, 270, 365.",,2023.0
PMID 37379502 a_Summary_SoE.pdf,Arm A (Lazertinib 240 mg once daily),intervention,1.0,4.0,7.0,9.0,11.0,13.0,21.0,"Cycle 1: Days 1, 8, 15; Cycle 2-4: Day 1; Cycle 5 onwards: Day 1 of every other cycle (C5, C7, C9, etc.)",,2023.0
PMID 37379502 a_Summary_SoE.pdf,Arm B (Gefitinib 250 mg once daily),control,1.0,4.0,7.0,9.0,11.0,13.0,21.0,"Cycle 1: Days 1, 8, 15; Cycle 2-4: Day 1; Cycle 5 onwards: Day 1 of every other cycle (C5, C7, C9, etc.)",,2023.0
PMID 37423228 a_Summary_SoE.pdf,Arm A (Atezolizumab),intervention,2.0,2.0,5.0,9.0,13.0,18.0,21.0,Day 1 of each 21-day cycle.,,2023.0
PMID 37423228 a_Summary_SoE.pdf,Arm B (Single-agent Chemotherapy),control,2.0,4.0,9.0,18.0,26.0,36.0,21.0,Day 1 and Day 8 of each 21-day cycle.,,2023.0
PMID 37478390 a_Summary_SoE.pdf,Arm A (Zanubrutinib),intervention,2.0,2.0,4.0,7.0,10.0,14.0,28.0,Day 1 of every 28-day cycle.,,2023.0
PMID 37478390 a_Summary_SoE.pdf,Arm B (Ibrutinib),control,2.0,2.0,4.0,7.0,10.0,14.0,28.0,Day 1 of every 28-day cycle.,,2023.0
PMID 37499670 a_Summary_SoE.pdf,Experimental Arm (SHR-1210 + Rivoceranib),intervention,3.0,3.0,7.0,13.0,20.0,27.0,28.0,Day 1 and Day 15 of every 28-day cycle. Day 1 includes SHR-1210 infusion and rivoceranib PO start. Day 15 includes SHR-1210 infusion.,,2023.0
PMID 37499670 a_Summary_SoE.pdf,Control Arm (Sorafenib),control,3.0,3.0,7.0,10.0,13.0,17.0,28.0,Day 1 and Day 15 for Cycles 1-3. Day 1 only from Cycle 4 onwards.,,2023.0
PMID 37524096 a_Summary_SoE.pdf,Arm A (Everolimus),intervention,1.0,1.0,3.0,5.0,7.0,9.0,42.0,"Day 1 of each 6-week cycle (Weeks 0, 6, 12, 18, 24, 30, 36, 42, 48).",,2023.0
PMID 37524096 a_Summary_SoE.pdf,Arm B (Placebo),control,1.0,1.0,3.0,5.0,7.0,9.0,42.0,"Day 1 of each 6-week cycle (Weeks 0, 6, 12, 18, 24, 30, 36, 42, 48).",,2023.0
PMID 37604981 CT_Summary_SoE.pdf,Intensive Chemotherapy Study (Glasdegib/Placebo + 7+3),intervention,2.0,11.0,21.0,32.0,35.0,38.0,28.0,"Induction: Days 1-7 (chemo), 8, 15, 22 (monitoring), 28 (assessment). Consolidation (4 cycles): Days 1, 3, 5 (chemo), 10 (ECG), 21 (labs). Maintenance: Day 1 of each 28-day cycle.",,2023.0
PMID 37604981 CT_Summary_SoE.pdf,Non-Intensive Chemotherapy Study (Glasdegib/Placebo + Azacitidine),intervention,2.0,9.0,23.0,45.0,67.0,89.0,28.0,"Cycle 1: Days 1-7 (Azacitidine), Day 15 (Labs/ECG). Subsequent Cycles: Days 1-7 (Azacitidine).",,2023.0
PMID 37646660 CT_Summary_SoE.pdf,Arm A (Melflufen + Daratumumab + Dexamethasone),intervention,1.0,6.0,13.0,19.0,22.0,26.0,28.0,"C1: Days 1, 4, 8, 15, 22; C2: Days 1, 8, 15, 22; C3: Days 1, 4, 15; C4-6: Days 1, 15; C7+: Day 1.",,2024.0
PMID 37646660 CT_Summary_SoE.pdf,Arm B (Daratumumab),control,1.0,6.0,13.0,19.0,22.0,26.0,28.0,"C1: Days 1, 4, 8, 15, 22; C2: Days 1, 8, 15, 22; C3: Days 1, 4, 15; C4-6: Days 1, 15; C7+: Day 1.",,2024.0
PMID 37647576 a_Summary_SoE.pdf,Arm A (Nimotuzumab + Gemcitabine),intervention,3.0,5.0,13.0,26.0,39.0,53.0,28.0,"Weekly (Days 1, 8, 15, 22 of a 28-day cycle)",,2023.0
PMID 37647576 a_Summary_SoE.pdf,Arm B (Placebo + Gemcitabine),control,3.0,5.0,13.0,26.0,39.0,53.0,28.0,"Weekly (Days 1, 8, 15, 22 of a 28-day cycle)",,2023.0
PMID 37704166 CT_Summary_SoE.pdf,Arm A (OSE2101),intervention,2.0,3.0,6.0,8.0,9.0,11.0,21.0,Day 1 of each cycle for treatment; Day 15 of Cycle 1 for labs only. Cycle length increases to 8 weeks after Cycle 6 and 12 weeks after Cycle 9.,,2023.0
PMID 37704166 CT_Summary_SoE.pdf,Arm B (Standard of Care: Docetaxel or Pemetrexed),control,2.0,3.0,6.0,10.0,14.0,19.0,21.0,Day 1 of each 21-day cycle for treatment; Day 15 of Cycle 1 for labs only.,,2023.0
PMID 37708904 a_Summary_SoE.pdf,"NALIRIFOX (liposomal irinotecan, 5-fluorouracil, leucovorin, oxaliplatin)",intervention,0.0,0.0,0.0,0.0,0.0,0.0,,Not available in provided document,,2023.0
PMID 37708904 a_Summary_SoE.pdf,nab-paclitaxel and gemcitabine,control,0.0,0.0,0.0,0.0,0.0,0.0,,Not available in provided document,,2023.0
PMID 37722354 CT_Summary_SoE.pdf,Arm B (Ibrutinib + Background Chemoimmunotherapy),intervention,1.0,4.0,8.0,13.0,14.0,16.0,28.0,"2 days per cycle (Days 1 & 2) for Cycles 1-6, then 1 day every 8 weeks starting at Cycle 7.",,2023.0
PMID 37722354 CT_Summary_SoE.pdf,Arm A (Placebo + Background Chemoimmunotherapy),control,1.0,4.0,8.0,13.0,14.0,16.0,28.0,"2 days per cycle (Days 1 & 2) for Cycles 1-6, then 1 day every 8 weeks starting at Cycle 7.",,2023.0
PMID 37748693 CT_Summary_SoE.pdf,Arm A (Avelumab 10 mg/kg Q2W),intervention,1.0,3.0,7.0,13.0,20.0,27.0,14.0,"One visit every 2 weeks (Day 1, 15, 29, etc.)",,2024.0
PMID 37748693 CT_Summary_SoE.pdf,Arm B (SOC Chemotherapy - Gemcitabine schedule),control,1.0,4.0,9.0,13.0,14.0,16.0,21.0,Two visits per 3-week cycle (Day 1 and Day 8) for 6 cycles.,,2024.0
PMID 37748693 CT_Summary_SoE.pdf,Arm C (Avelumab 10 mg/kg QW then Q2W),intervention,1.0,5.0,13.0,19.0,26.0,33.0,7.0,"Weekly visits for 12 weeks, then every 2 weeks starting Week 13.",,2024.0
PMID 37788412 a_Summary_SoE.pdf,Canakinumab 200 mg,intervention,1.0,4.0,7.0,11.0,15.0,20.0,21.0,Day 1 of every 21-day cycle for 18 cycles. Cycle 1 includes additional visits on Day 8 and Day 15.,,2024.0
PMID 37788412 a_Summary_SoE.pdf,Placebo,control,1.0,4.0,7.0,11.0,15.0,20.0,21.0,Day 1 of every 21-day cycle for 18 cycles. Cycle 1 includes additional visits on Day 8 and Day 15.,,2024.0
PMID 37792130 CT_Summary_SoE.pdf,Arm A (MYL-1402O + CP),intervention,2.0,4.0,7.0,11.0,15.0,20.0,21.0,Day 1 of each 21-day cycle; 2 additional PK days in Period 1.,,2023.0
PMID 37792130 CT_Summary_SoE.pdf,Arm B (Avastin + CP),control,2.0,4.0,7.0,11.0,15.0,20.0,21.0,Day 1 of each 21-day cycle; 2 additional PK days in Period 1.,,2023.0
PMID 37793771 CT_Summary_SoE.pdf,Arm 1 (Belantamab Mafodotin),intervention,2.0,3.0,7.0,11.0,16.0,21.0,21.0,Day 1 of each 21-day cycle for infusion and assessments. Additional PK visits on C1D2 and C3D2.,,2023.0
PMID 37793771 CT_Summary_SoE.pdf,Arm 2 (Pomalidomide plus Low-dose Dexamethasone),control,2.0,5.0,11.0,17.0,24.0,32.0,28.0,Treatment every 28 days. Weekly safety monitoring for the first 8 weeks. Efficacy assessments every 21 days.,,2023.0
PMID 37845511 a_Summary_SoE.pdf,Arm A (Nivolumab 480 mg Q4W),intervention,2.0,2.0,4.0,7.0,10.0,13.0,28.0,Day 1 of each 4-week (28-day) cycle.,,2023.0
PMID 37845511 a_Summary_SoE.pdf,Arm B (Placebo Q4W),control,2.0,2.0,4.0,7.0,10.0,13.0,28.0,Day 1 of each 4-week (28-day) cycle.,,2023.0
PMID 37870976 a_Summary_SoE.pdf,Arm A (Amivantamab + Carboplatin-Pemetrexed),intervention,2.0,5.0,8.0,12.0,16.0,21.0,21.0,"Cycle 1: Days 1, 2, 8, 15; Cycle 2: Day 1; Cycle 3+: Day 1 every 21 days.",,2023.0
PMID 37870976 a_Summary_SoE.pdf,Arm B (Carboplatin-Pemetrexed),control,2.0,4.0,7.0,11.0,15.0,20.0,21.0,"Cycle 1: Days 1 (Treatment), 8 (Labs), 15 (Labs); Cycle 2+: Day 1 every 21 days.",,2023.0
PMID 37875143 a_Summary_SoE.pdf,Arm A (Pembrolizumab + Chemotherapy),intervention,2.0,4.0,10.0,18.0,26.0,36.0,21.0,Day 1 (Infusion) and Day 5 (5-FU pump disconnect) of every 21-day cycle.,,2023.0
PMID 37875143 a_Summary_SoE.pdf,Arm B (Placebo + Chemotherapy),control,2.0,4.0,10.0,18.0,26.0,36.0,21.0,Day 1 (Infusion) and Day 5 (5-FU pump disconnect) of every 21-day cycle.,,2023.0
PMID 37935977 a_Summary_SoE.pdf,Arm 1 (7+3: Daunorubicin + AraC),control,1.0,9.0,23.0,38.0,39.0,40.0,28.0,"Induction: Days 1-7 (treatment), Day 14 & 28 (marrow). Consolidation: Day 0 (Tx), Days 1, 3, 5 (treatment), Weeks 2, 3, 4 (labs/clinic).",,2024.0
PMID 37935977 a_Summary_SoE.pdf,Arm 2 (IA: Idarubicin + AraC),intervention,1.0,5.0,19.0,34.0,35.0,36.0,28.0,"Induction: Days 1-4 (treatment), Day 28 (marrow). Consolidation: Day 0 (Tx), Days 1-3 (treatment), Weeks 2, 3, 4 (labs/clinic).",,2024.0
PMID 37935977 a_Summary_SoE.pdf,Arm 3 (IA+V: Idarubicin + AraC + Vorinostat),intervention,1.0,8.0,28.0,49.0,50.0,51.0,28.0,"Induction: Days 1-7 (treatment), Day 29 (marrow). Consolidation: Day 0 (Tx), Days 1-6 (treatment), Weeks 2, 3, 4 (labs/clinic).",,2024.0
PMID 37980924 a_Summary_SoE.pdf,Apixaban,intervention,1.0,5.0,5.0,5.0,5.0,5.0,28.0,"Screening (Day -7 to 4), Day 1 (Randomization/Start), Day 8, Day 15, Day 22 (Monitoring), Day 29 (End of Treatment/Imaging).",,2024.0
PMID 37980924 a_Summary_SoE.pdf,No systemic anticoagulant prophylaxis (Standard of Care),control,1.0,5.0,5.0,5.0,5.0,5.0,28.0,"Screening (Day -7 to 4), Day 1 (Randomization), Day 8, Day 15, Day 22 (Monitoring), Day 29 (End of Treatment/Imaging).",,2024.0
PMID 38039991 CT_Summary_SoE.pdf,Arm A (Durvalumab + SoC CCRT),intervention,2.0,22.0,32.0,35.0,38.0,42.0,28.0,"Daily (Mon-Fri) during 5 weeks of EBRT, followed by 5 brachytherapy sessions, concurrent with weekly cisplatin and q4w durvalumab infusions.",,2023.0
PMID 38039991 CT_Summary_SoE.pdf,Arm B (Placebo + SoC CCRT),control,2.0,22.0,32.0,35.0,38.0,42.0,28.0,"Daily (Mon-Fri) during 5 weeks of EBRT, followed by 5 brachytherapy sessions, concurrent with weekly cisplatin and q4w placebo infusions.",,2023.0
PMID 38039993 a_Summary_SoE.pdf,Arm A (Lenvatinib + Pembrolizumab),intervention,1.0,4.0,8.0,12.0,16.0,21.0,21.0,"Cycle 1: Days 1, 8, 15; Cycle 2: Days 1, 15; Cycle 3+: Day 1 only.",,2023.0
PMID 38039993 a_Summary_SoE.pdf,Arm B (Lenvatinib + Placebo),control,1.0,4.0,8.0,12.0,16.0,21.0,21.0,"Cycle 1: Days 1, 8, 15; Cycle 2: Days 1, 15; Cycle 3+: Day 1 only.",,2023.0
PMID 38059497 CT_Summary_SoE.pdf,Group A (ARFOX + bevacizumab),intervention,1.0,3.0,7.0,13.0,20.0,27.0,14.0,"1 visit per cycle (Day 1) for drug administration, labs, and assessments.",,2024.0
PMID 38059497 CT_Summary_SoE.pdf,Group B (modified FOLFOX-6 + bevacizumab),control,1.0,3.0,7.0,13.0,20.0,27.0,14.0,"1 visit per cycle (Day 1) for drug administration, labs, and assessments.",,2024.0
PMID 38060199 CT_Summary_SoE.pdf,Arm A (Ipatasertib + Atezolizumab + Paclitaxel),intervention,1.0,4.0,10.0,20.0,30.0,40.0,28.0,"Days 1, 8, and 15 of every 28-day cycle.",,2024.0
PMID 38060199 CT_Summary_SoE.pdf,Arm B - Cohort 1 (Ipatasertib + Paclitaxel + Placebo),intervention,1.0,4.0,10.0,20.0,30.0,40.0,28.0,"Days 1, 8, and 15 of every 28-day cycle.",,2024.0
PMID 38060199 CT_Summary_SoE.pdf,Arm C - Cohort 1 (Paclitaxel + Placebo + Placebo),control,1.0,4.0,10.0,20.0,30.0,40.0,28.0,"Days 1, 8, and 15 of every 28-day cycle.",,2024.0
PMID 38060199 CT_Summary_SoE.pdf,Arm B - Cohort 2 (Atezolizumab + Paclitaxel + Placebo),intervention,1.0,4.0,10.0,20.0,30.0,40.0,28.0,"Days 1, 8, and 15 of every 28-day cycle.",,2024.0
PMID 38103088 CT_Summary_SoE.pdf,Arm 1 (F-627),intervention,1.0,20.0,46.0,46.0,46.0,46.0,21.0,"Day 1 (Chemo), Day 2 (F-627), followed by monitoring visits. Cycle 1: daily CBC monitoring; Cycles 2-4: every other day CBC monitoring until recovery, then daily for 3 days.",,2023.0
PMID 38103088 CT_Summary_SoE.pdf,Arm 2 (Placebo/F-627),control,1.0,23.0,49.0,49.0,49.0,49.0,21.0,"Day 1 (Chemo), Day 2 (Placebo in C1, F-627 in C2-4), followed by monitoring visits. Cycle 1: daily CBC monitoring; Cycles 2-4: every other day CBC monitoring until recovery, then daily for 3 days.",,2023.0
PMID 38159809 CT_Summary_SoE.pdf,Arm A (Pembrolizumab + Lenvatinib),intervention,1.0,2.0,5.0,9.0,13.0,18.0,21.0,Day 1 of each 21-day cycle (Q3W).,,2024.0
PMID 38159809 CT_Summary_SoE.pdf,Arm B (Pembrolizumab + Placebo),control,1.0,2.0,5.0,9.0,13.0,18.0,21.0,Day 1 of each 21-day cycle (Q3W).,,2024.0
PMID 38231126 a_Summary_SoE.pdf,Guadecitabine (SGI-110),intervention,2.0,13.0,33.0,51.0,66.0,86.0,28.0,"Cycle 1-2: 10 days dosing (D1-5, 8-12) + 2 days labs (D15, 22). Cycle 3: 5 days dosing (D1-5) + 3 days labs (D8, 15, 22). Cycle 4-6: 5 days dosing + 1 day labs (D15). Cycle 7+: 5 days dosing.",,2024.0
PMID 38231126 a_Summary_SoE.pdf,Treatment Choice (LDAC representative),control,2.0,13.0,37.0,70.0,100.0,140.0,28.0,"Cycle 1-3: 10 days dosing (D1-10) + 2 days labs (D15, 22). Cycle 4-6: 10 days dosing + 1 day labs (D15). Cycle 7+: 10 days dosing.",,2024.0
PMID 38252907 a_Summary_SoE.pdf,Arm A (Nivolumab plus Pemetrexed/Platinum),intervention,2.0,2.0,5.0,9.0,13.0,18.0,21.0,Visits occur on Day 1 of every 21-day cycle (Q3W).,,2024.0
PMID 38252907 a_Summary_SoE.pdf,Arm B (Nivolumab plus Ipilimumab),intervention,2.0,3.0,7.0,13.0,20.0,27.0,14.0,"Nivolumab is administered every 2 weeks (Q2W), and Ipilimumab every 6 weeks (Q6W), resulting in a visit every 14 days.",,2024.0
PMID 38252907 a_Summary_SoE.pdf,Arm C (Pemetrexed plus Platinum),control,2.0,2.0,5.0,9.0,13.0,18.0,21.0,Visits occur on Day 1 of every 21-day cycle (Q3W).,,2024.0
PMID 38319255 a_Summary_SoE.pdf,Arm A (Ibrutinib + Venetoclax),intervention,2.0,2.0,4.0,10.0,13.0,17.0,28.0,"Cycles 1-3: Day 1; Cycle 4: Days 1, 8, 15, 22; Cycles 5-15: Day 1",,2022.0
PMID 38319255 a_Summary_SoE.pdf,Arm B (Chlorambucil + Obinutuzumab),control,2.0,5.0,9.0,15.0,16.0,17.0,28.0,"Cycle 1: Days 1, 2, 8, 15; Cycles 2-6: Days 1, 15",,2022.0
PMID 38319800 a_Summary_SoE.pdf,Arm A (Olaparib + Abiraterone),intervention,1.0,3.0,7.0,10.0,13.0,17.0,28.0,"Every 2 weeks for the first 12 weeks, then every 4 weeks thereafter.",,2022.0
PMID 38319800 a_Summary_SoE.pdf,Arm B (Placebo + Abiraterone),control,1.0,3.0,7.0,10.0,13.0,17.0,28.0,"Every 2 weeks for the first 12 weeks, then every 4 weeks thereafter.",,2022.0
PMID 38319892 a_Summary_SoE.pdf,Arm A (Durvalumab 1500 mg monotherapy),intervention,3.0,2.0,4.0,7.0,10.0,14.0,28.0,Infusions administered every 4 weeks (Q4W) on Day 1 of each cycle.,,2022.0
PMID 38319892 a_Summary_SoE.pdf,Arm B (Durvalumab 1500 mg + Tremelimumab 75 mg x 4 doses),intervention,3.0,2.0,4.0,7.0,10.0,14.0,28.0,"Combination infusions Q4W for 4 cycles, followed by Durvalumab monotherapy Q4W.",,2022.0
PMID 38319892 a_Summary_SoE.pdf,Arm C (Durvalumab 1500 mg + Tremelimumab 300 mg x 1 dose),intervention,3.0,2.0,4.0,7.0,10.0,14.0,28.0,"Single STRIDE dose of Tremelimumab with Durvalumab at C1D1, followed by Durvalumab monotherapy Q4W.",,2022.0
PMID 38319892 a_Summary_SoE.pdf,Arm D (Sorafenib 400 mg BID),control,3.0,2.0,4.0,7.0,10.0,14.0,28.0,Clinic visits for monitoring and lab collection every 4 weeks (Q4W) on Day 1 of each cycle.,,2022.0
PMID 38319896 a_Summary_SoE.pdf,Arm A (Durvalumab + Gemcitabine + Cisplatin),intervention,1.0,4.0,9.0,17.0,20.0,24.0,21.0,Days 1 and 8 of each 21-day cycle (Cycles 1-8); Day 1 of each 28-day cycle (Cycle 9 onwards).,,2022.0
PMID 38319896 a_Summary_SoE.pdf,Arm B (Placebo + Gemcitabine + Cisplatin),control,1.0,4.0,9.0,17.0,20.0,24.0,21.0,Days 1 and 8 of each 21-day cycle (Cycles 1-8); Day 1 of each 28-day cycle (Cycle 9 onwards).,,2022.0
PMID 38320161 a_Summary_SoE.pdf,Treatment Arm (LUM Imaging System),intervention,1.0,2.0,2.0,2.0,2.0,2.0,0.0,"1 screening visit, 1 surgery day (Day 1), and 1 post-operative follow-up visit (~Day 2-14).",,2023.0
PMID 38320161 a_Summary_SoE.pdf,Control Arm (Standard of Care),control,1.0,2.0,2.0,2.0,2.0,2.0,0.0,"1 screening visit, 1 surgery day (Day 1), and 1 post-operative follow-up visit (~Day 2-14).",,2023.0
PMID 38483412 a_Summary_SoE.pdf,ARM I (COPORT),control,4.0,20.0,37.0,38.0,38.0,39.0,1.0,Daily radiation fractions (5 days/week) for 37 fractions (~7.4 weeks). Follow-up visits occur at 6 and 12 months post-start of radiation.,,2024.0
PMID 38483412 a_Summary_SoE.pdf,ARM II (HYPORT),intervention,4.0,20.0,25.0,26.0,26.0,27.0,1.0,Daily radiation fractions (5 days/week) for 25 fractions (5 weeks). Follow-up visits occur at 6 and 12 months post-start of radiation.,,2024.0
PMID 38499457 CT_Summary_SoE.pdf,Group A (Pracinostat + Azacitidine),intervention,2.0,9.0,31.0,55.0,77.0,101.0,28.0,Days 1-7 (AZA administration) every cycle; Day 15 (PK/ECG) in C1 and C2; Day 21-26 (Labs/Bone Marrow) in C1 and all even cycles.,,2024.0
PMID 38499457 CT_Summary_SoE.pdf,Group B (Placebo + Azacitidine),control,2.0,9.0,31.0,55.0,77.0,101.0,28.0,Days 1-7 (AZA administration) every cycle; Day 15 (PK/ECG) in C1 and C2; Day 21-26 (Labs/Bone Marrow) in C1 and all even cycles.,,2024.0
PMID 38531002 a_Summary_SoE.pdf,Arm A (Pazopanib),intervention,2.0,3.0,7.0,11.0,15.0,19.0,28.0,"Cycle 1: Day 1, Day 15; Cycle 2: Day 1, Day 15; Cycles 3-13: Day 1; Imaging every 3 months; End of Treatment visit.",,2024.0
PMID 38531002 a_Summary_SoE.pdf,Arm B (Placebo),control,2.0,3.0,7.0,11.0,15.0,19.0,28.0,"Cycle 1: Day 1, Day 15; Cycle 2: Day 1, Day 15; Cycles 3-13: Day 1; Imaging every 3 months; End of Treatment visit.",,2024.0
PMID 38552197 a_Summary_SoE.pdf,Experimental Arm (Atezolizumab + Cabozantinib),intervention,1.0,2.0,5.0,9.0,13.0,18.0,21.0,Day 1 of each 21-day cycle,,2024.0
PMID 38552197 a_Summary_SoE.pdf,Control Arm (Docetaxel),control,1.0,2.0,5.0,9.0,13.0,18.0,21.0,Day 1 of each 21-day cycle,,2024.0
PMID 38561010 a_Summary_SoE.pdf,Arm 1 (Pembrolizumab + CRT),intervention,2.0,18.0,38.0,43.0,47.0,51.0,21.0,"Priming dose at Week -1, then Q3W infusions for 17 total doses. Daily radiotherapy (5 days/week) for 7 weeks during the CRT phase.",,2024.0
PMID 38561010 a_Summary_SoE.pdf,Arm 2 (Placebo + CRT),control,2.0,18.0,38.0,43.0,47.0,51.0,21.0,"Priming dose at Week -1, then Q3W infusions for 17 total doses. Daily radiotherapy (5 days/week) for 7 weeks during the CRT phase.",,2024.0
PMID 38648575 a_Summary_SoE.pdf,Arm A (Irinotecan Liposome Injection),intervention,1.0,5.0,11.0,19.0,28.0,37.0,42.0,"Cycle 1: D1, D8, D15, D22, D29, D36. Cycle 2+: D1, D15, D22, D29.",,2024.0
PMID 38648575 a_Summary_SoE.pdf,Arm B (IV Topotecan),control,1.0,13.0,31.0,56.0,85.0,110.0,42.0,"Cycle 1: D1-5, D8, D15, D22-26, D29, D36. Cycle 2+: D1-5, D15, D22-26, D29.",,2024.0
PMID 38683596 a_Summary_SoE.pdf,Arm 1 (Aspirin),intervention,1.0,0.0,0.0,1.0,1.0,2.0,180.0,"One screening visit for baseline assessments and biospecimen collection, followed by clinic visits every 6 months for the duration of the 5-year treatment period.",,2024.0
PMID 38683596 a_Summary_SoE.pdf,Arm 2 (Placebo),control,1.0,0.0,0.0,1.0,1.0,2.0,180.0,"One screening visit for baseline assessments and biospecimen collection, followed by clinic visits every 6 months for the duration of the 5-year treatment period.",,2024.0
PMID 38833643 a_Summary_SoE.pdf,Arm 1 (Everolimus + Endocrine Therapy),intervention,1.0,1.0,3.0,4.0,5.0,6.0,42.0,"Weeks 1, 7, 13, 25, 37, 49",,2024.0
PMID 38833643 a_Summary_SoE.pdf,Arm 2 (Placebo + Endocrine Therapy),control,1.0,1.0,3.0,4.0,5.0,6.0,42.0,"Weeks 1, 7, 13, 25, 37, 49",,2024.0
PMID 38833658 a_Summary_SoE.pdf,Arm A (Lenvatinib + Pembrolizumab),intervention,1.0,3.0,7.0,13.0,20.0,27.0,28.0,"Cycle 1: D1, D15; Subsequent Cycles: D1, D15",,2024.0
PMID 38833658 a_Summary_SoE.pdf,Arm B (Investigator's Choice of SOC: Regorafenib or TAS-102),control,1.0,3.0,7.0,13.0,20.0,27.0,28.0,"Cycle 1: D1, D15; Subsequent Cycles: D1, D15",,2024.0
PMID 38838287a_Summary_SoE.pdf,Arm A (Bempegaldesleukin + Nivolumab),intervention,2.0,5.0,8.0,12.0,16.0,21.0,42.0,"Cycle 1: Days 1, 3, 5, 8, 22; Cycle 2+: Days 1, 22",,2024.0
PMID 38838287a_Summary_SoE.pdf,Arm B (Sunitinib or Cabozantinib),control,2.0,3.0,6.0,10.0,14.0,19.0,42.0,"Cycle 1: Days 1, 8, 22; Cycle 2+: Days 1, 22",,2024.0
PMID 38849283 CT_Summary_SoE.pdf,"Arm A (N-Pd: Nivolumab, Pomalidomide, Dexamethasone)",intervention,2.0,2.0,7.0,11.0,14.0,20.0,28.0,Cycles 1-4: Days 1 and 15; Cycles 5+: Day 1 only.,,2024.0
PMID 38849283 CT_Summary_SoE.pdf,"Arm B (Pd: Pomalidomide, Dexamethasone)",control,2.0,2.0,6.0,9.0,12.0,18.0,28.0,Cycles 1-2: Days 1 and 15; Cycles 3+: Day 1 only.,,2024.0
PMID 38849283 CT_Summary_SoE.pdf,"Arm C (NE-Pd: Nivolumab, Elotuzumab, Pomalidomide, Dexamethasone)",intervention,2.0,4.0,11.0,15.0,18.0,24.0,28.0,"Cycles 1-2: Days 1, 8, 15, 22; Cycles 3-4: Days 1 and 15; Cycles 5+: Day 1 only.",,2024.0
PMID 38872480 a_Summary_SoE.pdf,,,,,,,,,,,Failed to parse JSON,2024.0
PMID 38889373 a_Summary_SoE.pdf,Arm A (Amcenestrant + Palbociclib),intervention,1.0,3.0,6.0,9.0,12.0,16.0,28.0,Cycles 1-2: Day 1 and Day 15; Subsequent Cycles: Day 1 only.,,2024.0
PMID 38889373 a_Summary_SoE.pdf,Arm B (Letrozole + Palbociclib),control,1.0,3.0,6.0,9.0,12.0,16.0,28.0,Cycles 1-2: Day 1 and Day 15; Subsequent Cycles: Day 1 only.,,2024.0
PMID 38942046 a_Summary_SoE.pdf,Arm A (Perioperative Nivolumab + Surgery),intervention,3.0,2.0,3.0,7.0,10.0,11.0,28.0,"1 pre-nephrectomy dose (Day 1), Surgery (approx. Day 21), followed by 9 adjuvant doses every 4 weeks starting approx. 6 weeks post-surgery.",,2024.0
PMID 38942046 a_Summary_SoE.pdf,Arm B (Surgery + Observation),control,2.0,1.0,2.0,3.0,4.0,5.0,84.0,Nephrectomy (Day 1) followed by observation visits every 12 weeks.,,2024.0
PMId 32955177 a_Summary_SoE.pdf,Arm A (AZD9291),intervention,2.0,3.0,4.0,5.0,6.0,7.0,84.0,"Day 1, Week 2, Week 4, then every 12 weeks (Weeks 12, 24, 36, 48).",,2020.0
PMId 32955177 a_Summary_SoE.pdf,Arm B (Placebo),control,2.0,3.0,4.0,5.0,6.0,7.0,84.0,"Day 1, Week 2, Week 4, then every 12 weeks (Weeks 12, 24, 36, 48).",,2020.0
PMId 32966830 a_Summary_SoE.pdf,Arm A (Atezolizumab + nab-paclitaxel + AC),intervention,2.0,5.0,13.0,18.0,22.0,27.0,28.0,"Neoadjuvant: Weekly (Weeks 1-12), then Q2W (Weeks 13-20). Adjuvant: Q3W (Cycles 6-16).",,2020.0
PMId 32966830 a_Summary_SoE.pdf,Arm B (Placebo + nab-paclitaxel + AC),control,2.0,5.0,13.0,18.0,22.0,27.0,28.0,"Neoadjuvant: Weekly (Weeks 1-12), then Q2W (Weeks 13-20). Monitoring: Q3W (Cycles 6-16).",,2020.0
PMId 36395435 a_Summary_SoE.pdf,Arm A (Zanubrutinib),intervention,2.0,2.0,4.0,7.0,10.0,14.0,28.0,Day 1 of every 28-day cycle.,,2023.0
PMId 36395435 a_Summary_SoE.pdf,Arm B (Ibrutinib),control,2.0,2.0,4.0,7.0,10.0,14.0,28.0,Day 1 of every 28-day cycle.,,2023.0
PMId 37331369 a_Summary_SoE.pdf,Fruquintinib + BSC,intervention,1.0,3.0,7.0,10.0,13.0,17.0,28.0,Day 1 and Day 21 for Cycles 1-3; Day 1 only for Cycle 4 and beyond.,,2023.0
PMId 37331369 a_Summary_SoE.pdf,Placebo + BSC,control,1.0,3.0,7.0,10.0,13.0,17.0,28.0,Day 1 and Day 21 for Cycles 1-3; Day 1 only for Cycle 4 and beyond.,,2023.0
PMID 23550669 a_Summary_SoE.pdf,,,,,,,,,,,Failed to parse JSON,2013.0
PMID 24849084 a_Summary_SoE.pdf,,,,,,,,,,,Failed to parse JSON,2014.0
PMID 27979383 a_Summary_SoE.pdf,,,,,,,,,,,Failed to parse JSON,2017.0
PMID 28754483 CT_Summary_SoE.pdf,Olaparib 300 mg bd,intervention,0.0,0.0,0.0,0.0,0.0,0.0,,Not specified in the provided document.,,2017.0
PMID 28754483 CT_Summary_SoE.pdf,Placebo,control,0.0,0.0,0.0,0.0,0.0,0.0,,Not specified in the provided document.,,2017.0
PMID 29668860 a_Summary_SoE.pdf,Alectinib,intervention,0.0,0.0,0.0,0.0,0.0,0.0,,Not specified in the provided document.,,2018.0
PMID 29668860 a_Summary_SoE.pdf,Chemotherapy (Pemetrexed or Docetaxel),control,0.0,0.0,0.0,0.0,0.0,0.0,,Not specified in the provided document.,,2018.0
PMID 31157963 a_Summary_SoE.pdf,Arm A (Olaparib 300 mg bid),intervention,2.0,5.0,7.0,10.0,13.0,17.0,28.0,"Weekly for the first 4 weeks (Days 1, 8, 15, 22), then every 4 weeks (Day 1 of each 28-day cycle).",,2019.0
PMID 31157963 a_Summary_SoE.pdf,Arm B (Placebo bid),control,2.0,5.0,7.0,10.0,13.0,17.0,28.0,"Weekly for the first 4 weeks (Days 1, 8, 15, 22), then every 4 weeks (Day 1 of each 28-day cycle).",,2019.0
PMID 32058845 a_Summary_SoE.pdf,Arm 1 (WBRT + Memantine),control,2.0,10.0,11.0,13.0,13.0,14.0,,"10 daily fractions of radiotherapy over 2 weeks; follow-up visits at months 2, 4, 6, and 12.",,2020.0
PMID 32058845 a_Summary_SoE.pdf,Arm 2 (HA-WBRT + Memantine),intervention,2.0,10.0,11.0,13.0,13.0,14.0,,"10 daily fractions of hippocampal-avoidance radiotherapy over 2 weeks; follow-up visits at months 2, 4, 6, and 12.",,2020.0
PMID 32305093 a_Summary_SoE.pdf,,,,,,,,,,,Failed to parse JSON,2020.0
PMID 38872480 a_Summary_SoE.pdf,,,,,,,,,,,Failed to parse JSON,2024.0
