filename,arm_name,intervention_type,screening,1_month,3_months,6_months,9_months,12_months,cycle_length,visit_pattern,error,publication_year
30738780 CT_Summary_SoE.pdf,Arm A (Radium-223 dichloride + Abiraterone + Prednisone),intervention,2.0,3.0,7.0,10.0,13.0,16.0,28.0,Cycles 1-3: Day 1 and Day 15; Cycles 4-6: Day 1 only; Cycle 7+: Day 1 every 4 weeks.,,
30738780 CT_Summary_SoE.pdf,Arm B (Placebo + Abiraterone + Prednisone),control,2.0,3.0,7.0,10.0,13.0,16.0,28.0,Cycles 1-3: Day 1 and Day 15; Cycles 4-6: Day 1 only; Cycle 7+: Day 1 every 4 weeks.,,
PIMD 27718847 a_Summary_SoE.pdf,Pembrolizumab Arm,intervention,1.0,2.0,5.0,9.0,13.0,18.0,21.0,Day 1 of each 21-day cycle,,
PIMD 27718847 a_Summary_SoE.pdf,Standard of Care (SOC) Arm,control,1.0,4.0,9.0,14.0,19.0,23.0,21.0,Day 1 and Day 8 of each 21-day cycle (assuming Gemcitabine doublet for maximum contact calculation),,
PMID 19213681 a_Summary_SoE.pdf,Arm A (Nolvadex alone),control,1.0,1.0,1.0,2.0,2.0,3.0,180.0,Daily oral medication; BMD imaging at Month 6 and Month 12.,,2009.0
PMID 19213681 a_Summary_SoE.pdf,Arm B (Nolvadex plus zoledronate),intervention,1.0,1.0,1.0,2.0,2.0,3.0,180.0,Zoledronate i.v. infusion every 6 months (q6m); BMD imaging at Month 6 and Month 12.,,2009.0
PMID 19213681 a_Summary_SoE.pdf,Arm C (Arimidex alone),control,1.0,1.0,1.0,2.0,2.0,3.0,180.0,Daily oral medication; BMD imaging at Month 6 and Month 12.,,2009.0
PMID 19213681 a_Summary_SoE.pdf,Arm D (Arimidex plus zoledronate),intervention,1.0,1.0,1.0,2.0,2.0,3.0,180.0,Zoledronate i.v. infusion every 6 months (q6m); BMD imaging at Month 6 and Month 12.,,2009.0
PMID 20525992 a_Summary_SoE.pdf,Arm A (Melanoma Peptide Vaccine + MDX-010 Placebo),control,2.0,2.0,5.0,8.0,10.0,11.0,21.0,"Treatment on Days 1, 22, 43, 64; Follow-up at Weeks 12, 16, 20, 24, 28, and then every 3 months.",,2010.0
PMID 20525992 a_Summary_SoE.pdf,Arm B (MDX-010 + Melanoma Peptide Vaccine),intervention,2.0,2.0,5.0,8.0,10.0,11.0,21.0,"Treatment on Days 1, 22, 43, 64; Follow-up at Weeks 12, 16, 20, 24, 28, and then every 3 months.",,2010.0
PMID 20525992 a_Summary_SoE.pdf,Arm C (MDX-010 + Vaccine Placebo),intervention,2.0,2.0,5.0,8.0,10.0,11.0,21.0,"Treatment on Days 1, 22, 43, 64; Follow-up at Weeks 12, 16, 20, 24, 28, and then every 3 months.",,2010.0
PMID 20525993 a_Summary_SoE.pdf,Arm A (Nilotinib 300 mg BID),intervention,1.0,4.0,6.0,9.0,10.0,11.0,28.0,"Cycle 1: Days 1, 8, 15, 28. Cycles 2-6: Day 28 of each cycle. After Cycle 6: Every 3 cycles (approx. every 3 months).",,2010.0
PMID 20525993 a_Summary_SoE.pdf,Arm B (Nilotinib 400 mg BID),intervention,1.0,4.0,6.0,9.0,10.0,11.0,28.0,"Cycle 1: Days 1, 8, 15, 28. Cycles 2-6: Day 28 of each cycle. After Cycle 6: Every 3 cycles (approx. every 3 months).",,2010.0
PMID 20525993 a_Summary_SoE.pdf,Arm C (Imatinib 400 mg QD),control,1.0,4.0,6.0,9.0,10.0,11.0,28.0,"Cycle 1: Days 1, 8, 15, 28. Cycles 2-6: Day 28 of each cycle. After Cycle 6: Every 3 cycles (approx. every 3 months).",,2010.0
PMID 20525995 a_Summary_SoE.pdf,Arm A (Dasatinib),intervention,2.0,5.0,7.0,8.0,9.0,10.0,0.0,"Day 1, Week 2 (Day 14), Week 4 (Day 28), Week 6 (Day 42), then every 3 months (Months 3, 6, 9, 12). Dasatinib arm includes additional PK-only visit days on Day 15 and Day 29.",,2010.0
PMID 20525995 a_Summary_SoE.pdf,Arm B (Imatinib),control,2.0,3.0,5.0,6.0,7.0,8.0,0.0,"Day 1, Week 2 (Day 14), Week 4 (Day 28), Week 6 (Day 42), then every 3 months (Months 3, 6, 9, 12).",,2010.0
PMID 20570559 CT a_Summary_SoE.pdf,Arm A (Vandetanib + Docetaxel),intervention,1.0,2.0,5.0,9.0,13.0,18.0,21.0,Day 1 of each 21-day cycle.,,2010.0
PMID 20570559 CT a_Summary_SoE.pdf,Arm B (Placebo + Docetaxel),control,1.0,2.0,5.0,9.0,13.0,18.0,21.0,Day 1 of each 21-day cycle.,,2010.0
PMID 20818862 a_Summary_SoE.pdf,Sipuleucel-T (APC8015),intervention,3.0,5.0,6.0,7.0,9.0,10.0,14.0,"Leukapheresis followed by infusion ~2 days later at Weeks 0, 2, and 4.",,2010.0
PMID 20818862 a_Summary_SoE.pdf,Placebo (APC-Placebo),control,3.0,5.0,6.0,7.0,9.0,10.0,14.0,"Leukapheresis followed by placebo infusion ~2 days later at Weeks 0, 2, and 4.",,2010.0
PMID 20826719 a_Summary_SoE.pdf,Voriconazole,intervention,2.0,1.0,1.0,3.0,3.0,4.0,0.0,"Screening (Labs, Physical Function/Imaging), Day 0 (Transplant/Start of Prophylaxis), Day 100 (Assessment), Day 180 (Assessment), Day 365 (Assessment).",,2010.0
PMID 20826719 a_Summary_SoE.pdf,Fluconazole,control,2.0,1.0,1.0,3.0,3.0,4.0,0.0,"Screening (Labs, Physical Function/Imaging), Day 0 (Transplant/Start of Prophylaxis), Day 100 (Assessment), Day 180 (Assessment), Day 365 (Assessment).",,2010.0
PMID 21121833 a_Summary_SoE.pdf,,,,,,,,,,,Unknown failure,2010.0
PMID 21282542 CT_Summary_SoE.pdf,Arm A: ZD6474 (ZACTIMA) 300 mg,intervention,2.0,4.0,6.0,9.0,12.0,16.0,28.0,"Day 1, 8, 15, 29, then every 28 days (4 weeks).",,2011.0
PMID 21282542 CT_Summary_SoE.pdf,Arm B: Erlotinib (TARCEVA) 150 mg,control,2.0,4.0,6.0,9.0,12.0,16.0,28.0,"Day 1, 8, 15, 29, then every 28 days (4 weeks).",,2011.0
PMID 21306237 a_Summary_SoE.pdf,Arm A (Sunitinib),intervention,1.0,3.0,5.0,8.0,11.0,15.0,28.0,"Day 1 and Day 15 in Month 1, then Day 1 every 4 weeks (Weeks 5, 9, 13, 17, etc.)",,2011.0
PMID 21306237 a_Summary_SoE.pdf,Arm B (Placebo),control,1.0,3.0,5.0,8.0,11.0,15.0,28.0,"Day 1 and Day 15 in Month 1, then Day 1 every 4 weeks (Weeks 5, 9, 13, 17, etc.)",,2011.0
PMID 21306238 a_Summary_SoE.pdf,Arm 1 (RAD001/Everolimus + Best Supportive Care),intervention,1.0,3.0,5.0,8.0,11.0,15.0,28.0,Cycle 1: Day 1 and Day 15. Subsequent cycles: Day 1 of every 28-day cycle.,,2011.0
PMID 21306238 a_Summary_SoE.pdf,Arm 2 (Placebo + Best Supportive Care),control,1.0,3.0,5.0,8.0,11.0,15.0,28.0,Cycle 1: Day 1 and Day 15. Subsequent cycles: Day 1 of every 28-day cycle.,,2011.0
PMID 21410393 a_Summary_SoE.pdf,Arm A (Sirolimus),intervention,2.0,1.0,1.0,2.0,3.0,5.0,,"Screening (Visit 0, Visit 1), then Week 3 (Visit 2), Month 3 (Visit 3), Month 6 (Visit 4), Month 9 (Visit 5), and Month 12 (Visit 6).",,2011.0
PMID 21410393 a_Summary_SoE.pdf,Arm B (Placebo),control,2.0,1.0,1.0,2.0,3.0,5.0,,"Screening (Visit 0, Visit 1), then Week 3 (Visit 2), Month 3 (Visit 3), Month 6 (Visit 4), Month 9 (Visit 5), and Month 12 (Visit 6).",,2011.0
PMID 21612468 a_Summary_SoE.pdf,Arm A (Abiraterone Acetate + Prednisone),intervention,1.0,3.0,7.0,10.0,13.0,17.0,28.0,"Cycles 1-3: Day 1 and Day 15; Cycle 4 onwards: Day 1 only. Imaging (CT/MRI/Bone Scan) every 3 cycles (C4, C7, C10, C13).",,2011.0
PMID 21612468 a_Summary_SoE.pdf,Arm B (Placebo + Prednisone),control,1.0,3.0,7.0,10.0,13.0,17.0,28.0,"Cycles 1-3: Day 1 and Day 15; Cycle 4 onwards: Day 1 only. Imaging (CT/MRI/Bone Scan) every 3 cycles (C4, C7, C10, C13).",,2011.0
PMID 21621716 CT_Summary_SoE.pdf,Arm 1 (Tarceva + Placebo),control,1.0,2.0,5.0,9.0,13.0,18.0,21.0,One visit every 21 days (Day 1 of each cycle) for IV infusion and clinical assessments.,,2011.0
PMID 21621716 CT_Summary_SoE.pdf,Arm 2 (Tarceva + Bevacizumab),intervention,1.0,2.0,5.0,9.0,13.0,18.0,21.0,One visit every 21 days (Day 1 of each cycle) for IV infusion and clinical assessments.,,2011.0
PMID 21631324 a_Summary_SoE.pdf,Arm 1 (gp100:209-217(210M) peptide vaccine plus high-dose IL-2),intervention,2.0,15.0,38.0,71.0,97.0,98.0,21.0,"8 days per cycle (Day 0 vaccine/clinic, Days 1-7 inpatient IL-2 and supportive care)",,2011.0
PMID 21631324 a_Summary_SoE.pdf,Arm 2 (High-dose IL-2 alone),control,2.0,15.0,38.0,71.0,97.0,98.0,21.0,"Cycle 1: 7 days (Days 1-7 inpatient); Cycles 2-12: 8 days (Day 21 clinic, Days 22-28 inpatient)",,2011.0
PMID 21639808 a_Summary_SoE.pdf,Arm A (RO5185426),intervention,1.0,3.0,6.0,10.0,14.0,19.0,21.0,"Day 1 of every 3-week cycle for drug dispensing and assessments, plus a one-time mid-cycle lab visit on Day 8 (7 days post-baseline).",,2011.0
PMID 21639808 a_Summary_SoE.pdf,Arm B (Dacarbazine),control,1.0,3.0,6.0,10.0,14.0,19.0,21.0,"Day 1 of every 3-week cycle for IV infusion and assessments, plus a one-time mid-cycle lab visit on Day 8 (7 days post-baseline).",,2011.0
PMID 21639810 a_Summary_SoE.pdf,Arm A (Ipilimumab + Dacarbazine),intervention,1.0,2.0,8.0,13.0,15.0,17.0,21.0,"Dacarbazine every 3 weeks (Weeks 1, 4, 7, 10, 13, 16, 19, 22); Ipilimumab at Weeks 1, 4, 7, 10, then every 12 weeks starting at Week 24.",,2011.0
PMID 21639810 a_Summary_SoE.pdf,Arm B (Dacarbazine + Placebo),control,1.0,2.0,8.0,13.0,15.0,17.0,21.0,"Dacarbazine every 3 weeks (Weeks 1, 4, 7, 10, 13, 16, 19, 22); Placebo at Weeks 1, 4, 7, 10, then every 12 weeks starting at Week 24.",,2011.0
PMID 21751904 a_Summary_SoE.pdf,Arm 1 (Neoadjuvant TAS + Radiation Therapy),intervention,2.0,1.0,26.0,40.0,41.0,42.0,28.0,2 months of monthly TAS injections followed by ~8 weeks of daily radiation therapy (5 days/week).,,2011.0
PMID 21751904 a_Summary_SoE.pdf,Arm 2 (Radiation Therapy Alone),control,2.0,22.0,38.0,39.0,40.0,41.0,7.0,Daily radiation therapy (5 days/week) for approximately 8 weeks.,,2011.0
PMID 21962393 CT_Summary_SoE.pdf,Arm A (Auto-Allo NMSCT),intervention,5.0,9.0,17.0,21.0,22.0,23.0,,"Intensive post-transplant monitoring (2x/week for 4 weeks), then weekly through week 14, then monthly/quarterly.",,2011.0
PMID 21962393 CT_Summary_SoE.pdf,Arm B (Auto-Auto + Maintenance),intervention,5.0,9.0,15.0,20.0,24.0,29.0,,"Intensive post-transplant monitoring (2x/week for 4 weeks), then weekly/monthly maintenance monitoring visits.",,2011.0
PMID 21962393 CT_Summary_SoE.pdf,Arm C (Auto-Auto + Observation),control,5.0,9.0,12.0,14.0,15.0,16.0,,"Intensive post-transplant monitoring (2x/week for 4 weeks), then reduced frequency observation visits (Wk 8, Day 60, Wk 12, Day 100, 6mo, 9mo, 12mo).",,2011.0
PMID 21990397 a_Summary_SoE.pdf,Arm A (Bevacizumab + Standard Chemotherapy),intervention,2.0,2.0,5.0,9.0,13.0,18.0,21.0,Day 1 of each 21-day cycle,,2011.0
PMID 21990397 a_Summary_SoE.pdf,Arm B (Placebo + Standard Chemotherapy),control,2.0,2.0,5.0,9.0,13.0,18.0,21.0,Day 1 of each 21-day cycle,,2011.0
PMID 21991949 a_Summary_SoE.pdf,AC→T (Doxorubicin and Cyclophosphamide followed by Docetaxel),control,2.0,2.0,5.0,9.0,10.0,11.0,21.0,"Q3W for 8 cycles (4 AC, 4 Docetaxel)",,2011.0
PMID 21991949 a_Summary_SoE.pdf,AC→TH (Doxorubicin and Cyclophosphamide followed by Docetaxel and Trastuzumab),intervention,2.0,2.0,6.0,18.0,22.0,27.0,21.0,Q3W for AC phase; Weekly for TH phase; Q3W for Herceptin monotherapy phase.,,2011.0
PMID 21991949 a_Summary_SoE.pdf,"TCH (Docetaxel, Carboplatin and Trastuzumab)",intervention,2.0,6.0,14.0,21.0,25.0,30.0,21.0,Weekly for chemo phase (6 cycles); Q3W for Herceptin monotherapy phase.,,2011.0
PMID 22025146 CT_Summary_SoE.pdf,Vandetanib 300 mg,intervention,1.0,3.0,5.0,6.0,7.0,8.0,84.0,"Screening, Day 1, Week 2, Week 4, Week 8, Week 12, and every 12 weeks thereafter.",,2012.0
PMID 22025146 CT_Summary_SoE.pdf,Placebo,control,1.0,3.0,5.0,6.0,7.0,8.0,84.0,"Screening, Day 1, Week 2, Week 4, Week 8, Week 12, and every 12 weeks thereafter.",,2012.0
PMID 22119496 a_Summary_SoE.pdf,Arm A (Everolimus + Sandostatin LAR),intervention,1.0,3.0,5.0,8.0,11.0,15.0,28.0,"Screening (1 day), Cycle 1 Day 1, Cycle 1 Day 15, then Day 1 of every 28-day cycle thereafter.",,2011.0
PMID 22119496 a_Summary_SoE.pdf,Arm B (Placebo + Sandostatin LAR),control,1.0,3.0,5.0,8.0,11.0,15.0,28.0,"Screening (1 day), Cycle 1 Day 1, Cycle 1 Day 15, then Day 1 of every 28-day cycle thereafter.",,2011.0
PMID 22149875 a_Summary_SoE.pdf,Arm A (Placebo + Trastuzumab + Docetaxel),control,2.0,5.0,10.0,16.0,20.0,25.0,21.0,"Cycle 1: Days 1, 2, 8; Cycles 2-6: Days 1, 8; Cycles 7-18: Day 1.",,2012.0
PMID 22149875 a_Summary_SoE.pdf,Arm B (Pertuzumab + Trastuzumab + Docetaxel),intervention,2.0,5.0,10.0,16.0,20.0,25.0,21.0,"Cycle 1: Days 1, 2, 8; Cycles 2-6: Days 1, 8; Cycles 7-18: Day 1.",,2012.0
PMID 22149876 a_Summary_SoE.pdf,Arm A (Everolimus + Exemestane),intervention,1.0,3.0,5.0,7.0,9.0,11.0,42.0,"Day 1, Day 15, Day 28, then every 6 weeks (42 days) thereafter.",,2012.0
PMID 22149876 a_Summary_SoE.pdf,Arm B (Placebo + Exemestane),control,1.0,3.0,5.0,7.0,9.0,11.0,42.0,"Day 1, Day 15, Day 28, then every 6 weeks (42 days) thereafter.",,2012.0
PMID 22204724 a_Summary_SoE.pdf,Arm I (Standard Chemotherapy),control,2.0,5.0,14.0,23.0,28.0,34.0,21.0,"Phase A (Cycles 1-6): Visits on Day 1 (infusion/labs), Day 8 (labs), and Day 15 (labs) of each 21-day cycle. Phase B (Cycles 7-22): Visits on Day 1 (infusion/BP) of each 21-day cycle. Radiographic imaging performed every 3 months (approximately every 4 cycles).",,2011.0
PMID 22204724 a_Summary_SoE.pdf,Arm II (Concurrent Bevacizumab),intervention,2.0,5.0,14.0,23.0,28.0,34.0,21.0,"Phase A (Cycles 1-6): Visits on Day 1 (infusion/labs), Day 8 (labs), and Day 15 (labs) of each 21-day cycle. Phase B (Cycles 7-22): Visits on Day 1 (infusion/BP) of each 21-day cycle. Radiographic imaging performed every 3 months (approximately every 4 cycles).",,2011.0
PMID 22204724 a_Summary_SoE.pdf,Arm III (Extended Bevacizumab),intervention,2.0,5.0,14.0,23.0,28.0,34.0,21.0,"Phase A (Cycles 1-6): Visits on Day 1 (infusion/labs), Day 8 (labs), and Day 15 (labs) of each 21-day cycle. Phase B (Cycles 7-22): Visits on Day 1 (infusion/BP) of each 21-day cycle. Radiographic imaging performed every 3 months (approximately every 4 cycles).",,2011.0
PMID 22257673 a_Summary_SoE.pdf,Lapatinib,intervention,1.0,2.0,9.0,14.0,18.0,23.0,21.0,Every 3 weeks for anti-HER2 therapy; weekly for paclitaxel (weeks 6-12 of neoadjuvant phase); every 3 weeks for FEC chemotherapy.,,2012.0
PMID 22257673 a_Summary_SoE.pdf,Trastuzumab,intervention,1.0,2.0,9.0,14.0,18.0,23.0,21.0,Every 3 weeks for anti-HER2 therapy; weekly for paclitaxel (weeks 6-12 of neoadjuvant phase); every 3 weeks for FEC chemotherapy.,,2012.0
PMID 22257673 a_Summary_SoE.pdf,Lapatinib + Trastuzumab,intervention,1.0,2.0,9.0,14.0,18.0,23.0,21.0,Every 3 weeks for anti-HER2 therapy; weekly for paclitaxel (weeks 6-12 of neoadjuvant phase); every 3 weeks for FEC chemotherapy.,,2012.0
PMID 22271472 a_Summary_SoE.pdf,"Arm A (Standard Treatment: Carboplatin, Paclitaxel, and Thoracic Radiotherapy)",control,1.0,2.0,33.0,34.0,35.0,36.0,21.0,"Induction: Day 1, Day 22. Concurrent: Daily radiation (5 days/week) for 6 weeks (30 fractions) starting Day 43-50.",,2012.0
PMID 22271472 a_Summary_SoE.pdf,Arm B (Thalidomide Addition),intervention,1.0,5.0,36.0,39.0,42.0,45.0,21.0,"Same as Arm A plus weekly pregnancy tests for the first 4 weeks, then monthly maintenance visits for Thalidomide.",,2012.0
PMID 22375970 a_Summary_SoE.pdf,INC424 (Ruxolitinib),intervention,2.0,4.0,7.0,10.0,12.0,14.0,28.0,"Day 1, Week 2 (Interim), Week 4 (Study Visit + Pre-visit Lab), Week 6 (Interim), Week 8 (Study Visit), Week 12 (Study Visit), then every 4-12 weeks for Study or Interim visits.",,2012.0
PMID 22375970 a_Summary_SoE.pdf,Best-available therapy (BAT),control,2.0,3.0,6.0,9.0,11.0,13.0,28.0,"Day 1, Week 2 (Interim), Week 4 (Study Visit), Week 6 (Interim), Week 8 (Study Visit), Week 12 (Study Visit), then every 4-12 weeks for Study or Interim visits.",,2012.0
PMID 22375971 a_Summary_SoE.pdf,Arm A (INCB018424),intervention,2.0,4.0,7.0,10.0,12.0,14.0,28.0,"Day 1, Week 2 (Lab), Week 4 (Pre-visit Lab and Study Visit), Week 6 (Lab), Week 8 (Study Visit), Week 12 (Study Visit), Week 16 (Study Visit), Week 20 (Lab), Week 24 (Study Visit), Week 30 (Lab), Week 36 (Study Visit), Week 42 (Lab), Week 48 (Study Visit).",,2012.0
PMID 22375971 a_Summary_SoE.pdf,Arm B (Placebo),control,2.0,4.0,7.0,10.0,12.0,14.0,28.0,"Day 1, Week 2 (Lab), Week 4 (Pre-visit Lab and Study Visit), Week 6 (Lab), Week 8 (Study Visit), Week 12 (Study Visit), Week 16 (Study Visit), Week 20 (Lab), Week 24 (Study Visit), Week 30 (Lab), Week 36 (Study Visit), Week 42 (Lab), Week 48 (Study Visit).",,2012.0
PMID 22454414 a_Summary_SoE.pdf,Arm A (Docetaxel + Prednisone + Placebo),control,2.0,2.0,5.0,9.0,13.0,18.0,21.0,Day 1 of every 21-day cycle.,,2012.0
PMID 22454414 a_Summary_SoE.pdf,Arm B (Docetaxel + Prednisone + Bevacizumab),intervention,2.0,2.0,5.0,9.0,13.0,18.0,21.0,Day 1 of every 21-day cycle.,,2012.0
PMID 22508813 a_Summary_SoE.pdf,Naproxen 500mg BID,intervention,1.0,2.0,2.0,2.0,2.0,2.0,21.0,1 screening visit for consent and baseline questionnaires; 1 treatment visit for pegfilgrastim administration and study drug dispensing; 1 follow-up visit at the start of the next chemotherapy cycle for bottle return.,,2012.0
PMID 22508813 a_Summary_SoE.pdf,Placebo,control,1.0,2.0,2.0,2.0,2.0,2.0,21.0,1 screening visit for consent and baseline questionnaires; 1 treatment visit for pegfilgrastim administration and study drug dispensing; 1 follow-up visit at the start of the next chemotherapy cycle for bottle return.,,2012.0
PMID 22529265 a_Summary_SoE.pdf,Arm A (Bevacizumab + Carboplatin + Gemcitabine),intervention,1.0,4.0,9.0,15.0,19.0,24.0,21.0,Cycles 1-6: Day 1 and Day 8 (2 visits/cycle). Cycles 7+: Day 1 only (1 visit/cycle).,,2012.0
PMID 22529265 a_Summary_SoE.pdf,Arm B (Placebo + Carboplatin + Gemcitabine),control,1.0,4.0,9.0,15.0,19.0,24.0,21.0,Cycles 1-6: Day 1 and Day 8 (2 visits/cycle). Cycles 7+: Day 1 only (1 visit/cycle).,,2012.0
PMID 22551107 a_Summary_SoE.pdf,"EDP/M (Etoposide, Doxorubicin, Cisplatin plus Mitotane)",intervention,1.0,8.0,22.0,41.0,60.0,78.0,28.0,"Days 1, 2, 3, 4 (Chemotherapy), Days 12, 14 (Nadir Labs) per 28-day cycle.",,2012.0
PMID 22551107 a_Summary_SoE.pdf,Sz/M (Streptozotocin plus Mitotane),control,1.0,6.0,10.0,15.0,19.0,24.0,21.0,"Induction: Days 1-5. Maintenance: Every 21 days (Day 22, 43, 64, etc.).",,2012.0
PMID 22564989 a_Summary_SoE.pdf,Arm A (Sunitinib + Erlotinib),intervention,2.0,3.0,8.0,13.0,17.0,23.0,28.0,Cycles 1-3: Day 1 and Day 15; Cycles 4+: Day 1 only. Imaging every 8 weeks.,,2012.0
PMID 22564989 a_Summary_SoE.pdf,Arm B (Placebo + Erlotinib),control,2.0,3.0,8.0,13.0,17.0,23.0,28.0,Cycles 1-3: Day 1 and Day 15; Cycles 4+: Day 1 only. Imaging every 8 weeks.,,2012.0
PMID 22571200 a_Summary_SoE.pdf,"Arm A (MPR-R: Lenalidomide, Melphalan, and Prednisone followed by Lenalidomide maintenance)",intervention,1.0,5.0,9.0,15.0,21.0,25.0,28.0,"Cycle 1: Days 1, 8, 15, 22; Cycles 2-9: Days 1, 15; Cycle 10+: Day 1",,2012.0
PMID 22571200 a_Summary_SoE.pdf,"Arm B (MPR-p: Lenalidomide, Melphalan, and Prednisone followed by Placebo maintenance)",intervention,1.0,5.0,9.0,15.0,21.0,25.0,28.0,"Cycle 1: Days 1, 8, 15, 22; Cycles 2-9: Days 1, 15; Cycle 10+: Day 1",,2012.0
PMID 22571200 a_Summary_SoE.pdf,"Arm C (MP-p: Melphalan, Prednisone, and Placebo followed by Placebo maintenance)",control,1.0,5.0,9.0,15.0,21.0,25.0,28.0,"Cycle 1: Days 1, 8, 15, 22; Cycles 2-9: Days 1, 15; Cycle 10+: Day 1",,2012.0
PMID 22571201 a_Summary_SoE.pdf,Arm A (Lenalidomide Maintenance),intervention,24.0,4.0,7.0,13.0,16.0,19.0,28.0,"Weekly in Month 1, bi-weekly in Month 2, monthly thereafter. A 4-week weekly monitoring burst occurs in Month 4 following dose escalation.",,2012.0
PMID 22571201 a_Summary_SoE.pdf,Arm B (Placebo Maintenance),control,24.0,4.0,7.0,13.0,16.0,19.0,28.0,"Weekly in Month 1, bi-weekly in Month 2, monthly thereafter. A 4-week weekly monitoring burst occurs in Month 4 following dose escalation.",,2012.0
PMID 22585697 a_Summary_SoE.pdf,Arm B (Clofarabine + Cytarabine),intervention,2.0,11.0,18.0,21.0,24.0,27.0,28.0,"Induction (Days 1-5, then weekly visits in Weeks 2, 3, 4), Consolidation (Days 1-4, then weekly visits in Weeks 2, 3, 4), End-of-Treatment visit, followed by monthly long-term follow-up.",,2012.0
PMID 22585697 a_Summary_SoE.pdf,Arm A (Placebo + Cytarabine),control,2.0,11.0,18.0,21.0,24.0,27.0,28.0,"Induction (Days 1-5, then weekly visits in Weeks 2, 3, 4), Consolidation (Days 1-4, then weekly visits in Weeks 2, 3, 4), End-of-Treatment visit, followed by monthly long-term follow-up.",,2012.0
PMID 22663011 a_Summary_SoE.pdf,Arm A (GSK1120212 / Trametinib),intervention,2.0,4.0,7.0,11.0,15.0,20.0,21.0,Day 1 of every 3-week cycle.,,2012.0
PMID 22663011 a_Summary_SoE.pdf,Arm B (Chemotherapy - Dacarbazine or Paclitaxel),control,2.0,4.0,7.0,11.0,15.0,20.0,21.0,Day 1 of every 3-week cycle for IV infusion.,,2012.0
PMID 22689805 a_Summary_SoE.pdf,Arm B (Decitabine),intervention,1.0,6.0,24.0,44.0,64.0,85.0,28.0,"Days 1-5 (Treatment), Day 15 (Labs) of every 28-day cycle. Bone marrow aspirates within 7 days before Day 1 of Cycles 3, 5, and every 2nd cycle thereafter.",,2012.0
PMID 22689805 a_Summary_SoE.pdf,Arm A (Low-dose Cytarabine),control,1.0,11.0,40.0,79.0,114.0,150.0,28.0,"Days 1-10 (Treatment), Day 15 (Labs) of every 28-day cycle. Bone marrow aspirates within 7 days before Day 1 of Cycles 3, 5, and every 2nd cycle thereafter.",,2012.0
PMID 22735384 a_Summary_SoE.pdf,Arm A (GSK2118436 / Dabrafenib),intervention,1.0,3.0,6.0,10.0,14.0,20.0,21.0,"Day 1, Day 8, then every 3 weeks (Day 22, 43, 64, etc.)",,2012.0
PMID 22735384 a_Summary_SoE.pdf,Arm B (DTIC / Dacarbazine),control,1.0,3.0,6.0,10.0,14.0,20.0,21.0,"Day 1, Day 8, then every 3 weeks (Day 22, 43, 64, etc.)",,2012.0
PMID 22808955 a_Summary_SoE.pdf,Radical Prostatectomy,intervention,1.0,2.0,4.0,5.0,6.0,7.0,0.0,"Screening (staging), Day 1 (Baseline/Randomization), Surgery (assumed Day 14), and follow-up visits at 6 weeks, 3, 6, 9, and 12 months.",,2012.0
PMID 22808955 a_Summary_SoE.pdf,Expectant Management (Watchful Waiting),control,1.0,1.0,3.0,4.0,5.0,6.0,0.0,"Screening (staging), Day 1 (Baseline/Randomization), and follow-up visits at 6 weeks, 3, 6, 9, and 12 months.",,2012.0
PMID 22851564 a_Summary_SoE.pdf,Sorafenib + Gemcitabine + Cisplatin,intervention,2.0,5.0,13.0,21.0,25.0,31.0,21.0,"Chemotherapy Phase (Cycles 1-6): Visits on Days 1, 8, and 15 of each 21-day cycle. Maintenance Phase (Cycle 7+): Visit on Day 1 of each 21-day cycle. Imaging every 6 weeks until week 36, then every 12 weeks.",,2012.0
PMID 22851564 a_Summary_SoE.pdf,Placebo + Gemcitabine + Cisplatin,control,2.0,5.0,13.0,21.0,25.0,31.0,21.0,"Chemotherapy Phase (Cycles 1-6): Visits on Days 1, 8, and 15 of each 21-day cycle. Maintenance Phase (Cycle 7+): Visit on Day 1 of each 21-day cycle. Imaging every 6 weeks until week 36, then every 12 weeks.",,2012.0
PMID 22853014 a_Summary_SoE.pdf,Arm 1 (Anastrozole alone),control,2.0,2.0,5.0,9.0,13.0,18.0,28.0,"Day 1 of each 28-day cycle for labs and exams; Imaging every 3 cycles (End of Cycle 3, 6, 9, 12).",,2012.0
PMID 22853014 a_Summary_SoE.pdf,Arm 2 (Anastrozole and Fulvestrant),intervention,2.0,3.0,5.0,8.0,11.0,15.0,28.0,"Cycle 1: Days 1, 14, 28; Subsequent cycles: Day 28 only for IM injection; Imaging every 3 cycles.",,2012.0
PMID 22894553 a_Summary_SoE.pdf,Arm A (MDV3100),intervention,1.0,3.0,5.0,8.0,9.0,10.0,28.0,"Days 1, 8, 29, 57, 85, 113, 141, 169, then every 12 weeks (Days 253, 337)",,2012.0
PMID 22894553 a_Summary_SoE.pdf,Arm B (Placebo),control,1.0,3.0,5.0,8.0,9.0,10.0,28.0,"Days 1, 8, 29, 57, 85, 113, 141, 169, then every 12 weeks (Days 253, 337)",,2012.0
PMID 22915657 a_Summary_SoE.pdf,"Arm 1: Palonosetron + Dexamethasone (Day 1), Compazine + Placebo (Days 2 & 3)",control,1.0,1.0,1.0,1.0,1.0,1.0,21.0,1 screening visit (within 2 weeks of treatment) and 1 treatment visit (Day 1).,,2012.0
PMID 22915657 a_Summary_SoE.pdf,"Arm 2: Granisetron + Dexamethasone (Day 1), Compazine + Placebo (Days 2 & 3)",control,1.0,1.0,1.0,1.0,1.0,1.0,21.0,1 screening visit and 1 treatment visit (Day 1).,,2012.0
PMID 22915657 a_Summary_SoE.pdf,"Arm 3: Aprepitant + Palonosetron + Dexamethasone (Day 1), Aprepitant + Dexamethasone (Days 2 & 3)",intervention,1.0,1.0,1.0,1.0,1.0,1.0,21.0,1 screening visit and 1 treatment visit (Day 1).,,2012.0
PMID 22915657 a_Summary_SoE.pdf,"Arm 4: Palonosetron + Dexamethasone (Day 1), Compazine + Dexamethasone (Days 2 & 3)",intervention,1.0,1.0,1.0,1.0,1.0,1.0,21.0,1 screening visit and 1 treatment visit (Day 1).,,2012.0
PMID 22949154 a_Summary_SoE.pdf,Arm 1 (Bosutinib),intervention,2.0,2.0,4.0,7.0,8.0,9.0,28.0,"Weeks 1, 4, 8, 12, 16 (labs), 20 (labs), 24, 36, 48",,2012.0
PMID 22949154 a_Summary_SoE.pdf,Arm 2 (Imatinib),control,2.0,2.0,4.0,7.0,8.0,9.0,28.0,"Weeks 1, 4, 8, 12, 16 (labs), 20 (labs), 24, 36, 48",,2012.0
PMID 22965961 a_Summary_SoE.pdf,Cediranib + mFOLFOX6,intervention,1.0,4.0,8.0,14.0,21.0,28.0,14.0,"Day 1, Day 8, then every 14 days (bi-weekly) for dosing.",,2012.0
PMID 22965961 a_Summary_SoE.pdf,Bevacizumab + mFOLFOX6,control,1.0,4.0,8.0,14.0,21.0,28.0,14.0,"Day 1, Day 8, then every 14 days (bi-weekly) for dosing.",,2012.0
PMID 22965962 a_Summary_SoE.pdf,Arm A (Aflibercept + Docetaxel),intervention,2.0,4.0,9.0,18.0,26.0,36.0,21.0,Day 1 (Treatment/Labs/Clinic) and Week 2 (BP check/Clinic) of each 21-day cycle.,,2012.0
PMID 22965962 a_Summary_SoE.pdf,Arm B (Placebo + Docetaxel),control,2.0,4.0,9.0,18.0,26.0,36.0,21.0,Day 1 (Treatment/Labs/Clinic) and Week 2 (BP check/Clinic) of each 21-day cycle.,,2012.0
PMID 22965965 a_Summary_SoE.pdf,Cediranib + FOLFOX (Intervention),intervention,1.0,4.0,8.0,14.0,21.0,28.0,14.0,"Day 1, Week 1 (Day 8), then every 2 weeks (Day 15, 29, 43, etc.)",,2012.0
PMID 22965965 a_Summary_SoE.pdf,Placebo + FOLFOX (Control),control,1.0,4.0,8.0,14.0,21.0,28.0,14.0,"Day 1, Week 1 (Day 8), then every 2 weeks (Day 15, 29, 43, etc.)",,2012.0
PMID 22965965 a_Summary_SoE.pdf,Cediranib + XELOX (Intervention),intervention,1.0,4.0,7.0,11.0,15.0,20.0,21.0,"Day 1, Week 1 (Day 8), Week 2 (Day 15), then every 3 weeks (Day 22, 43, 64, etc.)",,2012.0
PMID 22965965 a_Summary_SoE.pdf,Placebo + XELOX (Control),control,1.0,4.0,7.0,11.0,15.0,20.0,21.0,"Day 1, Week 1 (Day 8), Week 2 (Day 15), then every 3 weeks (Day 22, 43, 64, etc.)",,2012.0
PMID 22987089 a_Summary_SoE.pdf,Arm A (Levocarnitine),intervention,2.0,2.0,3.0,3.0,3.0,3.0,28.0,"Screening (Eligibility), Baseline (Day 0), Day 1 (Start), Week 4 (Evaluation), Week 8 (End of Study)",,2012.0
PMID 22987089 a_Summary_SoE.pdf,Arm B (Placebo),control,2.0,2.0,3.0,3.0,3.0,3.0,28.0,"Screening (Eligibility), Baseline (Day 0), Day 1 (Start), Week 4 (Evaluation), Week 8 (End of Study)",,2012.0
PMID 23075175 a_Summary_SoE.pdf,Arm A (PBSC Transplantation),intervention,1.0,12.0,21.0,26.0,28.0,30.0,0.0,"Month 1: 3x weekly labs/IV treatment; Months 2-3: weekly labs; Months 4-12: periodic follow-up for labs, vaccinations, and imaging.",,2012.0
PMID 23075175 a_Summary_SoE.pdf,Arm B (Marrow Transplantation),control,1.0,12.0,21.0,26.0,28.0,30.0,0.0,"Month 1: 3x weekly labs/IV treatment; Months 2-3: weekly labs; Months 4-12: periodic follow-up for labs, vaccinations, and imaging.",,2012.0
PMID 23177515 a_Summary_SoE.pdf,Regorafenib,intervention,1.0,0.0,0.0,0.0,0.0,0.0,,Not specified in the provided document,,2013.0
PMID 23177515 a_Summary_SoE.pdf,Placebo,control,1.0,0.0,0.0,0.0,0.0,0.0,,Not specified in the provided document,,2013.0
PMID 23228172 a_Summary_SoE.pdf,Arm A (Abiraterone Acetate + Prednisone),intervention,1.0,3.0,7.0,10.0,13.0,17.0,28.0,"Cycle 1-3: Days 1 and 15; Cycle 4+: Day 1 only. Imaging at Cycles 3, 5, 7, 10, 13.",,2013.0
PMID 23228172 a_Summary_SoE.pdf,Arm B (Placebo + Prednisone),control,1.0,3.0,7.0,10.0,13.0,17.0,28.0,"Cycle 1-3: Days 1 and 15; Cycle 4+: Day 1 only. Imaging at Cycles 3, 5, 7, 10, 13.",,2013.0
PMID 23234763 a_Summary_SoE.pdf,Lapatinib,intervention,1.0,1.0,2.0,3.0,4.0,5.0,90.0,Screening visit followed by Day 1 treatment initiation and quarterly (every 3 months) clinic visits for cardiac and disease-free survival evaluations.,,2013.0
PMID 23234763 a_Summary_SoE.pdf,Placebo,control,1.0,1.0,2.0,3.0,4.0,5.0,90.0,Screening visit followed by Day 1 treatment initiation and quarterly (every 3 months) clinic visits for cardiac and disease-free survival evaluations.,,2013.0
PMID 23248256 a_Summary_SoE.pdf,Arm 1 (Carboplatin + Paclitaxel + Placebo),control,2.0,2.0,5.0,9.0,13.0,18.0,21.0,Day 1 of each 21-day cycle.,,2013.0
PMID 23248256 a_Summary_SoE.pdf,Arm 2 (Carboplatin + Paclitaxel + Sorafenib),intervention,2.0,2.0,5.0,9.0,13.0,18.0,21.0,Day 1 of each 21-day cycle.,,2013.0
PMID 23295789 a_Summary_SoE.pdf,Arm A (Chlorambucil alone),control,2.0,5.0,10.0,16.0,17.0,18.0,28.0,"Weekly for the first 6 weeks (induction), then Day 1 and Day 8 of four 28-day cycles (maintenance), plus restaging at Week 7 and End of Treatment at Week 25.",,2013.0
PMID 23295789 a_Summary_SoE.pdf,Arm B (Chlorambucil plus Rituximab),intervention,2.0,5.0,10.0,16.0,17.0,18.0,28.0,"Weekly for the first 6 weeks (induction), then Day 1 and Day 8 of four 28-day cycles (maintenance). Rituximab infusions occur on Day 1 of Weeks 1, 2, 3, 4, 9, 13, 17, and 21.",,2013.0
PMID 23295789 a_Summary_SoE.pdf,Arm C (Rituximab alone),intervention,2.0,5.0,10.0,16.0,17.0,18.0,28.0,"Weekly for the first 6 weeks (induction), then Day 1 and Day 8 of four 28-day cycles (maintenance). Rituximab infusions occur on Day 1 of Weeks 1, 2, 3, 4, 9, 13, 17, and 21.",,2013.0
PMID 23295793 a_Summary_SoE.pdf,Arm A (Toremifene Citrate 20 mg once daily),intervention,1.0,1.0,2.0,3.0,3.0,4.0,0.0,"Screening, Randomization (Day 1), Month 3, Month 6, Month 12",,2013.0
PMID 23295793 a_Summary_SoE.pdf,Arm B (Placebo once daily),control,1.0,1.0,2.0,3.0,3.0,4.0,0.0,"Screening, Randomization (Day 1), Month 3, Month 6, Month 12",,2013.0
PMID 23358971 a_Summary_SoE.pdf,Arm 1 (Exemestane + Celecoxib),intervention,1.0,0.0,1.0,2.0,3.0,4.0,,"Visits occur at 3, 6, 9, and 12 months during the first year of treatment.",,2013.0
PMID 23358971 a_Summary_SoE.pdf,Arm 2 (Exemestane + Placebo),control,1.0,0.0,1.0,2.0,3.0,4.0,,"Visits occur at 3, 6, 9, and 12 months during the first year of treatment.",,2013.0
PMID 23358971 a_Summary_SoE.pdf,Arm 3 (Anastrozole + Celecoxib),intervention,1.0,0.0,1.0,2.0,3.0,4.0,,"Visits occur at 3, 6, 9, and 12 months during the first year of treatment.",,2013.0
PMID 23358971 a_Summary_SoE.pdf,Arm 4 (Anastrozole + Placebo),control,1.0,0.0,1.0,2.0,3.0,4.0,,"Visits occur at 3, 6, 9, and 12 months during the first year of treatment.",,2013.0
PMID 23358972_Summary_SoE.pdf,Arm A (FOLFIRI + sunitinib),intervention,2.0,5.0,9.0,15.0,22.0,29.0,42.0,"Cycle 1: Days 1, 8, 15, 22, 29. Cycle 2 onwards: Days 1, 15, 29.",,2013.0
PMID 23358972_Summary_SoE.pdf,Arm B (FOLFIRI + Placebo),control,2.0,5.0,9.0,15.0,22.0,29.0,42.0,"Cycle 1: Days 1, 8, 15, 22, 29. Cycle 2 onwards: Days 1, 15, 29.",,2013.0
PMID 23460714 a_Summary_SoE.pdf,Arm A (Docetaxel + Placebo),control,2.0,4.0,10.0,20.0,30.0,40.0,28.0,"Days 1, 8, and 15 of each 28-day cycle.",,2013.0
PMID 23460714 a_Summary_SoE.pdf,Arm B (Docetaxel + ZD1839/Gefitinib),intervention,2.0,4.0,10.0,20.0,30.0,40.0,28.0,"Days 1, 8, and 15 of each 28-day cycle.",,2013.0
PMID 23478059 a_Summary_SoE.pdf,Arm A (Abagovomab),intervention,1.0,3.0,5.0,8.0,12.0,15.0,28.0,"Induction Phase: Weeks 0, 2, 4, 6 (every 2 weeks). Maintenance Phase: Week 10, then every 4 weeks until Week 94.",,2013.0
PMID 23478059 a_Summary_SoE.pdf,Arm B (Placebo),control,1.0,3.0,5.0,8.0,12.0,15.0,28.0,"Induction Phase: Weeks 0, 2, 4, 6 (every 2 weeks). Maintenance Phase: Week 10, then every 4 weeks until Week 94.",,2013.0
PMID 23509322 a_Summary_SoE.pdf,Arm A (Lapatinib + Paclitaxel),intervention,1.0,4.0,10.0,19.0,20.0,22.0,28.0,"Weekly (Days 1, 8, 15) for the first 6 cycles while on Paclitaxel; then every 8 weeks for Lapatinib monotherapy maintenance.",,2013.0
PMID 23509322 a_Summary_SoE.pdf,Arm B (Placebo + Paclitaxel),control,1.0,4.0,10.0,19.0,20.0,22.0,28.0,"Weekly (Days 1, 8, 15) for the first 6 cycles while on Paclitaxel; then every 8 weeks for Placebo monotherapy maintenance.",,2013.0
PMID 23509322 a_Summary_SoE.pdf,Open-label Monotherapy Lapatinib Extension,intervention,0.0,1.0,2.0,4.0,5.0,7.0,56.0,"Day 1 Dose, then every 8 weeks for assessments and drug dispensing.",,2013.0
PMID 23550669 a_Summary_SoE.pdf,,,,,,,,,,,Failed to parse JSON,2013.0
PMID 23569308 a_Summary_SoE.pdf,Arm A (Zibotentan + Docetaxel),intervention,1.0,5.0,9.0,13.0,16.0,20.0,21.0,"3-weekly for 10 cycles (with Day 8 and 15 visits in first 2 cycles), followed by 4-weekly follow-up visits.",,2013.0
PMID 23569308 a_Summary_SoE.pdf,Arm B (Placebo + Docetaxel),control,1.0,5.0,9.0,13.0,16.0,20.0,21.0,"3-weekly for 10 cycles (with Day 8 and 15 visits in first 2 cycles), followed by 4-weekly follow-up visits.",,2013.0
PMID 23690416 a_Summary_SoE.pdf,Arm A (Experimental Arm - Biomarker-based),intervention,2.0,6.0,14.0,24.0,26.0,28.0,28.0,"Days 1, 2, 15, and 16 of each 28-day cycle (based on the most intensive DV regimen).",,2013.0
PMID 23690416 a_Summary_SoE.pdf,Arm B (Standard Arm - Gemcitabine/Carboplatin),control,2.0,4.0,9.0,13.0,15.0,17.0,21.0,Days 1 and 8 of each 21-day cycle.,,2013.0
PMID 23724913 a_Summary_SoE.pdf,Arm A (PF-02341066 / Crizotinib),intervention,1.0,3.0,6.0,10.0,14.0,20.0,21.0,"Cycle 1: Day 1, Day 15; Cycles >= 2: Day 1",,2013.0
PMID 23724913 a_Summary_SoE.pdf,Arm B (Standard of Care Chemotherapy: Pemetrexed or Docetaxel),control,1.0,3.0,6.0,10.0,14.0,20.0,21.0,"Cycle 1: Day 1, Day 15; Cycles >= 2: Day 1",,2013.0
PMID 23733756 a_Summary_SoE.pdf,Arm 1 (Acetyl-L-Carnitine),intervention,1.0,5.0,13.0,14.0,15.0,16.0,7.0,"Weekly taxane infusions for 12 weeks, followed by study-specific follow-up visits at weeks 24, 36, and 1 year.",,2013.0
PMID 23733756 a_Summary_SoE.pdf,Arm 2 (Placebo),control,1.0,5.0,13.0,14.0,15.0,16.0,7.0,"Weekly taxane infusions for 12 weeks, followed by study-specific follow-up visits at weeks 24, 36, and 1 year.",,2013.0
PMID 23733779 a_Summary_SoE.pdf,Arm A (6 cycles of FAC),control,1.0,2.0,5.0,8.0,9.0,10.0,21.0,FAC every 21 days for 6 cycles.,,2013.0
PMID 23733779 a_Summary_SoE.pdf,Arm B (4 cycles of FAC followed by 8 weekly Paclitaxel),intervention,1.0,2.0,5.0,14.0,15.0,16.0,21.0,"FAC every 21 days for 4 cycles, followed by Paclitaxel weekly for 8 weeks.",,2013.0
PMID 23816960 a_Summary_SoE.pdf,Arm A (Afatinib),intervention,2.0,4.0,7.0,11.0,15.0,20.0,21.0,Courses 1-2: Day 1 and Day 8. Course 3 onwards: Day 1 only.,,2013.0
PMID 23816960 a_Summary_SoE.pdf,Arm B (Pemetrexed/Cisplatin),control,2.0,4.0,7.0,11.0,15.0,20.0,21.0,"Courses 1-2: Day 1 and Day 8. Courses 3-6: Day 1 only. Post-treatment: EOT visit 21 days after last dose, then Follow-up every 21 days.",,2013.0
PMID 23835708 a_Summary_SoE.pdf,Arm A (Bevacizumab Maintenance),control,1.0,2.0,5.0,9.0,13.0,18.0,21.0,Induction: Day 1 of each 21-day cycle (4 cycles). Maintenance: Day 1 of each 21-day cycle starting from Day 85.,,2013.0
PMID 23835708 a_Summary_SoE.pdf,Arm B (Bevacizumab + Pemetrexed Maintenance),intervention,1.0,2.0,5.0,9.0,13.0,18.0,21.0,Induction: Day 1 of each 21-day cycle (4 cycles). Maintenance: Day 1 of each 21-day cycle starting from Day 85.,,2013.0
PMID 23857972 a_Summary_SoE.pdf,Arm A (Sunitinib + Capecitabine),intervention,1.0,4.0,7.0,11.0,15.0,20.0,21.0,"Cycle 1: Days 1, 7, 14. Subsequent cycles: Day 1 every 21 days.",,2013.0
PMID 23857972 a_Summary_SoE.pdf,Arm B (Capecitabine monotherapy),control,1.0,4.0,7.0,11.0,15.0,20.0,21.0,"Cycle 1: Days 1, 7, 14. Subsequent cycles: Day 1 every 21 days.",,2013.0
PMID 23863050 a_Summary_SoE.pdf,Arm A (Alpharadin + Best Standard of Care),intervention,2.0,4.0,6.0,9.0,10.0,12.0,28.0,"6 intravenous administrations separated by 4-week intervals (W0, W4, W8, W12, W16, W20), followed by an End of Treatment visit at W24, and follow-up visits every 2 months until 1 year.",,2013.0
PMID 23863050 a_Summary_SoE.pdf,Arm B (Placebo + Best Standard of Care),control,2.0,4.0,6.0,9.0,10.0,12.0,28.0,"6 intravenous administrations of placebo separated by 4-week intervals, followed by an End of Treatment visit at W24, and follow-up visits every 2 months until 1 year.",,2013.0
PMID 23940216 a_Summary_SoE.pdf,Arm A (Cediranib 30 mg monotherapy),intervention,1.0,5.0,9.0,13.0,17.0,22.0,42.0,"Weekly for 6 weeks, then every 3 weeks thereafter.",,2013.0
PMID 23940216 a_Summary_SoE.pdf,Arm B (Cediranib 20 mg + Lomustine),intervention,1.0,5.0,9.0,13.0,17.0,22.0,42.0,"Weekly for 6 weeks, then every 3 weeks thereafter.",,2013.0
PMID 23940216 a_Summary_SoE.pdf,Arm C (Cediranib matched placebo + Lomustine),control,1.0,5.0,9.0,13.0,17.0,22.0,42.0,"Weekly for 6 weeks, then every 3 weeks thereafter.",,2013.0
PMID 23940225 a_Summary_SoE.pdf,Group 1 (TAC),control,3.0,5.0,8.0,10.0,10.0,11.0,21.0,Day 1 of each 21-day cycle for 6 cycles.,,2013.0
PMID 23940225 a_Summary_SoE.pdf,Group 2 (DD AC -> P),intervention,3.0,6.0,10.0,12.0,12.0,13.0,14.0,"Day 1 of each 14-day cycle for 8 cycles (4 AC, 4 Paclitaxel).",,2013.0
PMID 23940225 a_Summary_SoE.pdf,Group 3 (DD AC -> PG),intervention,3.0,6.0,10.0,12.0,12.0,13.0,14.0,"Day 1 of each 14-day cycle for 8 cycles (4 AC, 4 Paclitaxel/Gemcitabine).",,2013.0
PMID 23960180 a_Summary_SoE.pdf,Arm A (Rituximab Maintenance),intervention,2.0,6.0,16.0,26.0,28.0,30.0,28.0,"Induction Phase (Months 1-4): 4 cycles of R-FND (D1-4, plus D8 in Cycle 1) with mid-cycle labs. Consolidation (Months 5-6): 4 weekly Rituximab infusions. Maintenance (Months 9-15): Rituximab every 2 months.",,2013.0
PMID 23960180 a_Summary_SoE.pdf,Arm B (No further therapy),control,2.0,6.0,16.0,26.0,27.0,28.0,28.0,"Induction Phase (Months 1-4): 4 cycles of R-FND (D1-4, plus D8 in Cycle 1) with mid-cycle labs. Consolidation (Months 5-6): 4 weekly Rituximab infusions. No maintenance therapy.",,2013.0
PMID 23980091 a_Summary_SoE.pdf,Arm 1 (ZD1839 / IRESSA),intervention,1.0,1.0,2.0,3.0,4.0,5.0,,"Month 1, Month 3, then every 3 months during treatment.",,2013.0
PMID 23980091 a_Summary_SoE.pdf,Arm 2 (Placebo),control,1.0,1.0,2.0,3.0,4.0,5.0,,"Month 1, Month 3, then every 3 months during treatment.",,2013.0
PMID 24043745 a_Summary_SoE.pdf,Everolimus (RAD001) + Best Supportive Care (BSC),intervention,2.0,3.0,6.0,10.0,14.0,19.0,28.0,"Day 1 (randomization), Day 15 (safety), then every 28 days for safety/labs. Imaging every 6 weeks (42 days).",,2013.0
PMID 24043745 a_Summary_SoE.pdf,Placebo + Best Supportive Care (BSC),control,2.0,3.0,6.0,10.0,14.0,19.0,28.0,"Day 1 (randomization), Day 15 (safety), then every 28 days for safety/labs. Imaging every 6 weeks (42 days).",,2013.0
PMID 24081940 a_Summary_SoE.pdf,Arm A (Soy protein powder + Placebo pill),intervention,1.0,1.0,1.0,1.0,1.0,1.0,0.0,"1 screening visit for consent and physical exam, followed by 1 baseline visit (Day 1) for randomization and labs. All subsequent follow-ups at weeks 2, 4, 8, and 13 are conducted via telephone.",,2013.0
PMID 24081940 a_Summary_SoE.pdf,Arm B (Casein powder + Effexor XR),intervention,1.0,1.0,1.0,1.0,1.0,1.0,0.0,"1 screening visit for consent and physical exam, followed by 1 baseline visit (Day 1) for randomization and labs. All subsequent follow-ups at weeks 2, 4, 8, and 13 are conducted via telephone.",,2013.0
PMID 24081940 a_Summary_SoE.pdf,Arm C (Soy protein powder + Effexor XR),intervention,1.0,1.0,1.0,1.0,1.0,1.0,0.0,"1 screening visit for consent and physical exam, followed by 1 baseline visit (Day 1) for randomization and labs. All subsequent follow-ups at weeks 2, 4, 8, and 13 are conducted via telephone.",,2013.0
PMID 24081940 a_Summary_SoE.pdf,Arm D (Casein protein powder + Placebo pill),control,1.0,1.0,1.0,1.0,1.0,1.0,0.0,"1 screening visit for consent and physical exam, followed by 1 baseline visit (Day 1) for randomization and labs. All subsequent follow-ups at weeks 2, 4, 8, and 13 are conducted via telephone.",,2013.0
PMID 24101040 a_Summary_SoE.pdf,Arm 1 (Standard Arm),control,2.0,20.0,33.0,44.0,55.0,64.0,28.0,"Chemo-RT: 5 days/week for 6 weeks (30 days). Adjuvant: Day 1 (Exam/NCF), Day 14 (NCF in C1/C4), Day 21 (Labs), Day 28 (Labs).",,2013.0
PMID 24101040 a_Summary_SoE.pdf,Arm 2 (Experimental Arm),intervention,2.0,20.0,33.0,46.0,60.0,73.0,28.0,"Chemo-RT: 5 days/week for 6 weeks (30 days). Adjuvant: Day 1 (Exam/NCF), Day 14 (Labs/NCF), Day 21 (Labs), Day 28 (Labs).",,2013.0
PMID 24101054 a_Summary_SoE.pdf,Arm 1 (Bevacizumab + Erlotinib-placebo),control,1.0,2.0,6.0,10.0,14.0,19.0,21.0,Day 1 of each 21-day cycle for both chemotherapy and post-chemotherapy phases.,,2013.0
PMID 24101054 a_Summary_SoE.pdf,Arm 2 (Bevacizumab + Erlotinib),intervention,1.0,2.0,6.0,10.0,14.0,19.0,21.0,Day 1 of each 21-day cycle for both chemotherapy and post-chemotherapy phases.,,2013.0
PMID 24131140 a_Summary_SoE.pdf,Arm A (ABI-007 + Gemcitabine),intervention,2.0,5.0,12.0,22.0,32.0,42.0,28.0,"Weekly for 3 weeks followed by one week of rest. In Cycle 1, clinic visits for labs/assessments are required during rest weeks (Days 22 and 50).",,2013.0
PMID 24131140 a_Summary_SoE.pdf,Arm B (Gemcitabine alone),control,2.0,5.0,12.0,22.0,32.0,42.0,28.0,"Cycle 1 is 8 weeks (7 weeks on, 1 week rest). Cycle 2 onwards is 4 weeks (3 weeks on, 1 week rest). Clinic visit for labs/assessments required during Cycle 1 rest week (Day 50).",,2013.0
PMID 24145346 a_Summary_SoE.pdf,Arm A (Pemetrexed + Carboplatin + Bevacizumab),intervention,1.0,5.0,13.0,17.0,21.0,26.0,21.0,"Induction (Cycles 1-4): Days 1, 8, and 15. Maintenance (Cycles 501+): Day 1 only.",,2013.0
PMID 24145346 a_Summary_SoE.pdf,Arm B (Paclitaxel + Carboplatin + Bevacizumab),control,1.0,5.0,13.0,17.0,21.0,26.0,21.0,"Induction (Cycles 1-4): Days 1, 8, and 15. Maintenance (Cycles 501+): Day 1 only.",,2013.0
PMID 24297945 a_Summary_SoE.pdf,Arm A (Bevacizumab + Temsirolimus),intervention,2.0,5.0,13.0,26.0,39.0,54.0,28.0,"Weekly clinic visits on Days 1, 8, 15, and 22 of each 28-day cycle.",,2014.0
PMID 24297945 a_Summary_SoE.pdf,Arm B (Bevacizumab + Interferon-alfa),control,2.0,5.0,13.0,26.0,39.0,54.0,28.0,"Weekly clinic visits on Days 1, 8, 15, and 22 of each 28-day cycle.",,2014.0
PMID 24297950 a_Summary_SoE.pdf,Temsirolimus (25 mg IV infusion once weekly),intervention,1.0,5.0,13.0,26.0,39.0,53.0,42.0,"Weekly in-person visits for IV infusion (Weeks 1, 2, 3, 4, 5, 6 of every 6-week cycle).",,2014.0
PMID 24297950 a_Summary_SoE.pdf,Sorafenib (400 mg orally twice daily),control,1.0,3.0,7.0,13.0,20.0,27.0,42.0,"In-person visits on Weeks 1, 3, and 5 of every 6-week cycle; Weeks 2, 4, and 6 are conducted via telephone.",,2014.0
PMID 24297951 a_Summary_SoE.pdf,Arm 1 (CaMg immediately before and after FOLFOX),intervention,1.0,3.0,7.0,13.0,15.0,16.0,14.0,"Day 1 of each 14-day cycle for 13 cycles; Follow-up visits at 1, 3, and 6 months post-treatment.",,2014.0
PMID 24297951 a_Summary_SoE.pdf,Arm 2 (Placebo immediately before and after FOLFOX),control,1.0,3.0,7.0,13.0,15.0,16.0,14.0,"Day 1 of each 14-day cycle for 13 cycles; Follow-up visits at 1, 3, and 6 months post-treatment.",,2014.0
PMID 24297951 a_Summary_SoE.pdf,Arm 3 (CaMg immediately before and placebo immediately after FOLFOX),intervention,1.0,3.0,7.0,13.0,15.0,16.0,14.0,"Day 1 of each 14-day cycle for 13 cycles; Follow-up visits at 1, 3, and 6 months post-treatment.",,2014.0
PMID 24323035 a_Summary_SoE.pdf,Arm A (Sunitinib plus Prednisone),intervention,1.0,3.0,5.0,8.0,11.0,15.0,28.0,"Cycle 1: Day 1, Day 15. Subsequent cycles: Day 1 of every 28-day cycle (C2D1, C3D1, etc.).",,2014.0
PMID 24323035 a_Summary_SoE.pdf,Arm B (Placebo plus Prednisone),control,1.0,3.0,5.0,8.0,11.0,15.0,28.0,"Cycle 1: Day 1, Day 15. Subsequent cycles: Day 1 of every 28-day cycle (C2D1, C3D1, etc.).",,2014.0
PMID 24395863 a_Summary_SoE.pdf,Regimen I (Weekly Cisplatin and Radiation Therapy),control,2.0,22.0,41.0,42.0,43.0,44.0,7.0,Radiation therapy is delivered 5 days per week (Monday-Friday) for 8 weeks. Chemotherapy is administered weekly during this period.,,2014.0
PMID 24395863 a_Summary_SoE.pdf,"Regimen II (Cisplatin, Tirapazamine, and Radiation Therapy)",intervention,2.0,22.0,41.0,42.0,43.0,44.0,7.0,"Radiation therapy is delivered 5 days per week (Monday-Friday) for 8 weeks. Chemotherapy (Cisplatin and TPZ) is administered on specific days (1, 8, 10, 12, 15, 22, 24, 26, 29) which coincide with radiation days.",,2014.0
PMID 24401022 a_Summary_SoE.pdf,Arm A (GClb: Obinutuzumab + Chlorambucil),intervention,1.0,5.0,9.0,14.0,16.0,17.0,28.0,"Cycle 1: Days 1, 2, 8, 15; Cycles 2-6: Days 1, 15",,2014.0
PMID 24401022 a_Summary_SoE.pdf,Arm B (RClb: Rituximab + Chlorambucil),intervention,1.0,3.0,7.0,12.0,14.0,15.0,28.0,"Cycles 1-6: Days 1, 15",,2014.0
PMID 24401022 a_Summary_SoE.pdf,Arm C (Clb: Chlorambucil alone),control,1.0,3.0,7.0,12.0,14.0,15.0,28.0,"Cycles 1-6: Days 1, 15",,2014.0
PMID 24439929 CT_Summary_SoE.pdf,Arm A (BIBW 2992 / Afatinib),intervention,2.0,4.0,7.0,11.0,15.0,20.0,21.0,Courses 1-2: Day 1 and Day 8. Course 3+: Day 1 only.,,2014.0
PMID 24439929 CT_Summary_SoE.pdf,Arm B (Gemcitabine/Cisplatin),control,2.0,4.0,9.0,15.0,19.0,24.0,21.0,Courses 1-6: Day 1 and Day 8. Follow-up: Every 21 days after EOT.,,2014.0
PMID 24450857 a_Summary_SoE.pdf,Arm A (Idelalisib + Rituximab),intervention,1.0,3.0,7.0,10.0,12.0,15.0,0.0,"Every 2 weeks for the first 12 weeks, then every 4 weeks between Weeks 12 and 24, then every 6 weeks between Weeks 24 and 48.",,2014.0
PMID 24450857 a_Summary_SoE.pdf,Arm B (Placebo + Rituximab),control,1.0,3.0,7.0,10.0,12.0,15.0,0.0,"Every 2 weeks for the first 12 weeks, then every 4 weeks between Weeks 12 and 24, then every 6 weeks between Weeks 24 and 48.",,2014.0
PMID 24552317 a_Summary_SoE.pdf,Arm 1 (Radiation + Temozolomide + Placebo),control,2.0,22.0,33.0,42.0,52.0,62.0,28.0,"Daily Radiation (5 days/week) for 6 weeks; then 28-day adjuvant cycles with visits on Days 1, 15, and 21.",,2014.0
PMID 24552317 a_Summary_SoE.pdf,Arm 2 (Radiation + Temozolomide + Bevacizumab),intervention,2.0,22.0,33.0,42.0,52.0,62.0,28.0,"Daily Radiation (5 days/week) for 6 weeks; then 28-day adjuvant cycles with visits on Days 1, 15, and 21.",,2014.0
PMID 24552318 a_Summary_SoE.pdf,Arm B (Bevacizumab + Temozolomide + Radiotherapy),intervention,2.0,22.0,37.0,50.0,60.0,65.0,28.0,Daily radiation therapy (5 days/week) for 6 weeks during Concurrent Phase; weekly visits during Maintenance Phase (6 cycles of 28 days); visits every 3 weeks during Monotherapy Phase.,,2014.0
PMID 24552318 a_Summary_SoE.pdf,Arm A (Placebo + Temozolomide + Radiotherapy),control,2.0,22.0,37.0,50.0,60.0,65.0,28.0,Daily radiation therapy (5 days/week) for 6 weeks during Concurrent Phase; weekly visits during Maintenance Phase (6 cycles of 28 days); visits every 3 weeks during Monotherapy Phase.,,2014.0
PMID 24552320 a_Summary_SoE.pdf,Regimen I (Cisplatin + Paclitaxel),control,2.0,7.0,20.0,39.0,58.0,79.0,21.0,"Day 1 (Infusion + Labs), Day 2 (Infusion), Day 8 (Labs), Day 15 (Labs). Imaging every other cycle (C3, C5, etc.) performed on a separate day within one week prior to Day 1.",,2014.0
PMID 24552320 a_Summary_SoE.pdf,Regimen II (Cisplatin + Paclitaxel + Bevacizumab),intervention,2.0,7.0,20.0,39.0,58.0,79.0,21.0,"Day 1 (Infusion + Labs), Day 2 (Infusion + Bevacizumab), Day 8 (Labs), Day 15 (Labs). Imaging every other cycle performed on a separate day.",,2014.0
PMID 24552320 a_Summary_SoE.pdf,Regimen III (Topotecan + Paclitaxel),intervention,2.0,9.0,25.0,48.0,71.0,97.0,21.0,"Day 1 (Infusion + Labs), Day 2 (Infusion), Day 3 (Infusion), Day 8 (Labs), Day 15 (Labs). Imaging every other cycle performed on a separate day.",,2014.0
PMID 24552320 a_Summary_SoE.pdf,Regimen IV (Topotecan + Paclitaxel + Bevacizumab),intervention,2.0,9.0,25.0,48.0,71.0,97.0,21.0,"Day 1 (Infusion + Bevacizumab + Labs), Day 2 (Infusion), Day 3 (Infusion), Day 8 (Labs), Day 15 (Labs). Imaging every other cycle performed on a separate day.",,2014.0
PMID 24590644 a_Summary_SoE.pdf,Arm A (Early Zoledronic Acid),intervention,2.0,2.0,4.0,7.0,10.0,14.0,28.0,Day 1 of every 4-week cycle (28 days).,,2014.0
PMID 24590644 a_Summary_SoE.pdf,Arm B (Placebo / Standard Zoledronic Acid),control,2.0,2.0,4.0,7.0,10.0,14.0,28.0,Day 1 of every 4-week cycle (28 days).,,2014.0
PMID 24637997 a_Summary_SoE.pdf,Arm 1 (Chemotherapy alone),control,2.0,5.0,13.0,26.0,39.0,53.0,28.0,"Days 1, 8, 15, and 22 of each 28-day cycle.",,2014.0
PMID 24637997 a_Summary_SoE.pdf,Arm 2 (Chemotherapy plus bevacizumab),intervention,2.0,5.0,13.0,26.0,39.0,53.0,28.0,"Days 1, 8, 15, and 22 of each 28-day cycle.",,2014.0
PMID 24733799 a_Summary_SoE.pdf,Arm A: Doxepin-Placebo Sequence,intervention,1.0,6.0,10.0,10.0,10.0,10.0,7.0,"1 screening day, 2 treatment days (Dose 1 and Dose 2), followed by weekly visits for up to 8 weeks during the optional continuation phase.",,2014.0
PMID 24733799 a_Summary_SoE.pdf,Arm B: Placebo-Doxepin Sequence,intervention,1.0,6.0,10.0,10.0,10.0,10.0,7.0,"1 screening day, 2 treatment days (Dose 1 and Dose 2), followed by weekly visits for up to 8 weeks during the optional continuation phase.",,2014.0
PMID 24768112 a_Summary_SoE.pdf,Sorafenib,intervention,1.0,1.0,2.0,4.0,5.0,7.0,56.0,"Day 1 (randomization/start), then every 8 weeks (Day 57, 113, 169, 225, 281, 337) for PFS assessment.",,2014.0
PMID 24768112 a_Summary_SoE.pdf,Placebo,control,1.0,1.0,2.0,4.0,5.0,7.0,56.0,"Day 1 (randomization/start), then every 8 weeks (Day 57, 113, 169, 225, 281, 337) for PFS assessment.",,2014.0
PMID 24849084 a_Summary_SoE.pdf,,,,,,,,,,,Failed to parse JSON,2014.0
PMID 24868024 a_Summary_SoE.pdf,Arm A (Lapatinib plus weekly paclitaxel),intervention,1.0,4.0,10.0,20.0,30.0,40.0,28.0,"Days 1, 8, and 15 of every 28-day cycle.",,2014.0
PMID 24868024 a_Summary_SoE.pdf,Arm B (Weekly paclitaxel alone),control,1.0,4.0,10.0,20.0,30.0,40.0,28.0,"Days 1, 8, and 15 of every 28-day cycle.",,2014.0
PMID 24881463 a_Summary_SoE.pdf,SOFT Arm A (Tamoxifen alone),control,1.0,1.0,2.0,3.0,4.0,5.0,,"Day 1 (randomization), then every 3 months for the first year.",,2014.0
PMID 24881463 a_Summary_SoE.pdf,SOFT Arm B (OFS + Tamoxifen) and Arm C (OFS + Exemestane),intervention,1.0,2.0,4.0,7.0,10.0,14.0,28.0,"Day 1, then every 28 days for GnRH analogue injection.",,2014.0
PMID 24881463 a_Summary_SoE.pdf,TEXT Arm A (GnRH analogue + Tamoxifen),control,1.0,2.0,4.0,7.0,10.0,14.0,28.0,"Day 1, then every 28 days for GnRH analogue injection.",,2014.0
PMID 24881463 a_Summary_SoE.pdf,TEXT Arm B (GnRH analogue + Exemestane),intervention,1.0,2.0,4.0,7.0,10.0,14.0,28.0,"Day 1, then every 28 days for GnRH analogue injection.",,2014.0
PMID 24881631 a_Summary_SoE.pdf,Arm A (Ofatumumab),control,2.0,5.0,9.0,13.0,14.0,15.0,7.0,"Weekly for 8 weeks, then every 4 weeks until Week 24. Follow-up every 12 weeks thereafter.",,2014.0
PMID 24881631 a_Summary_SoE.pdf,Arm B (Ibrutinib),intervention,2.0,5.0,9.0,12.0,13.0,14.0,7.0,"Weekly for 8 weeks, then every 4 weeks until Week 24, then every 12 weeks.",,2014.0
PMID 24881730 a_Summary_SoE.pdf,Arm A (Enzalutamide / MDV3100),intervention,1.0,2.0,4.0,7.0,8.0,9.0,28.0,"Day 1, then every 4 weeks through Week 25 (Days 29, 57, 85, 113, 141, 169), then every 12 weeks (Days 253, 337).",,2014.0
PMID 24881730 a_Summary_SoE.pdf,Arm B (Placebo),control,1.0,2.0,4.0,7.0,8.0,9.0,28.0,"Day 1, then every 4 weeks through Week 25 (Days 29, 57, 85, 113, 141, 169), then every 12 weeks (Days 253, 337).",,2014.0
PMID 24888818 a_Summary_SoE.pdf,Arm A (Low Risk - Maintain Current Therapy),control,1.0,1.0,2.0,3.0,4.0,5.0,,"Baseline (Screening), Day 1 (Treatment Start), then Imaging every 12 weeks (Day 85, 169, 253, 337).",,2014.0
PMID 24888818 a_Summary_SoE.pdf,Arm B (Moderate Risk - Maintain Current Therapy),control,1.0,2.0,4.0,5.0,6.0,7.0,,"Baseline, Day 1, Day 22 (CTC), Day 50/57 (CTC), then Imaging/CTC every 12 weeks (Day 85, 169, 253, 337).",,2014.0
PMID 24888818 a_Summary_SoE.pdf,Arm C1 (High Risk - Maintain Current Therapy),control,1.0,3.0,5.0,6.0,7.0,8.0,,"Baseline, Day 1, Day 22 (CTC), Day 29 (Start Randomized Phase), Day 50/57 (CTC), then Imaging/CTC every 12 weeks.",,2014.0
PMID 24888818 a_Summary_SoE.pdf,Arm C2 (High Risk - Switch to Alternative Chemotherapy),intervention,1.0,3.0,5.0,6.0,7.0,8.0,,"Baseline, Day 1, Day 22 (CTC), Day 29 (Start Randomized Phase), Day 50/57 (CTC), then Imaging/CTC every 12 weeks.",,2014.0
PMID 24898665 CT_Summary_SoE.pdf,Arm A (Rituximab),control,1.0,5.0,13.0,14.0,15.0,17.0,7.0,"Weekly infusions for 4 weeks (Days 0, 7, 14, 21), followed by weekly lab visits through Week 12, and then quarterly follow-up visits.",,2015.0
PMID 24898665 CT_Summary_SoE.pdf,Arm B (Iodine I-131 Tositumomab),intervention,2.0,6.0,14.0,15.0,16.0,18.0,14.0,"Two-phase treatment (Dosimetric dose Day 0, Therapeutic dose Day 7-14) with multiple imaging scans in between, followed by weekly lab visits through Week 12, and then quarterly follow-up visits.",,2015.0
PMID 24933332 a_Summary_SoE.pdf,Arm A (Ramucirumab + Docetaxel),intervention,1.0,2.0,5.0,7.0,8.0,9.0,21.0,Day 1 of each 21-day cycle for infusions; follow-up visits every 3 months post-treatment.,,2014.0
PMID 24933332 a_Summary_SoE.pdf,Arm B (Placebo + Docetaxel),control,1.0,2.0,5.0,6.0,7.0,8.0,21.0,Day 1 of each 21-day cycle for infusions; follow-up visits every 3 months post-treatment.,,2014.0
PMID 24934787 a_Summary_SoE.pdf,Arm 1 (CA: Cyclophosphamide and Doxorubicin),control,2.0,3.0,5.0,6.0,6.0,7.0,14.0,"Day 1 of each 14-day cycle for 4 cycles; post-treatment follow-up at 4-6 weeks, then every 6 months.",,2014.0
PMID 24934787 a_Summary_SoE.pdf,Arm 2 (Paclitaxel),intervention,2.0,3.0,5.0,6.0,6.0,7.0,14.0,"Day 1 of each 14-day cycle for 4 cycles; post-treatment follow-up at 4-6 weeks, then every 6 months.",,2014.0
PMID 24982457 a_Summary_SoE.pdf,Arm 1: Sublobar Resection (SR),control,1.0,1.0,2.0,3.0,3.0,4.0,0.0,"Screening visit; Surgery (Day 0); Follow-up visits at M3, M6, and M12.",,2014.0
PMID 24982457 a_Summary_SoE.pdf,Arm 2: Sublobar Resection + Brachytherapy (SR + BX),intervention,1.0,2.0,3.0,4.0,4.0,5.0,0.0,"Screening visit; Surgery (Day 0); Follow-up visits at M1, M3, M6, and M12.",,2014.0
PMID 24982504 CT_Summary_SoE.pdf,Arm A (Sirolimus/Tacrolimus),intervention,2.0,11.0,18.0,22.0,23.0,24.0,0.0,"3x weekly for first 3 weeks (Days 0-21), then weekly through week 10, then bi-weekly through Day 100, then at 6, 9, 12, and 24 months.",,2014.0
PMID 24982504 CT_Summary_SoE.pdf,Arm B (Tacrolimus/Methotrexate),control,2.0,11.0,18.0,22.0,23.0,24.0,0.0,"3x weekly for first 3 weeks (Days 0-21), then weekly through week 10, then bi-weekly through Day 100, then at 6, 9, 12, and 24 months.",,2014.0
PMID 25014687 a_Summary_SoE.pdf,Lanreotide Autogel 120 mg,intervention,3.0,4.0,6.0,11.0,14.0,18.0,28.0,Injections every 28 days. Full assessment visits (V2-V8) every 12 or 24 weeks.,,2014.0
PMID 25014687 a_Summary_SoE.pdf,Placebo,control,3.0,4.0,6.0,11.0,14.0,18.0,28.0,Placebo injections every 28 days. Full assessment visits (V2-V8) every 12 or 24 weeks.,,2014.0
PMID 25092781 a_Summary_SoE.pdf,Arm A (Standard Chemotherapy),control,2.0,30.0,90.0,152.0,155.0,158.0,30.0,"Daily inpatient contact during 5 treatment cycles (Induction I, Induction II, Intensification I, II, III), followed by monthly follow-up visits.",,2014.0
PMID 25092781 a_Summary_SoE.pdf,Arm B (Standard Chemotherapy + GMTZ),intervention,2.0,30.0,90.0,152.0,155.0,158.0,30.0,"Daily inpatient contact during 5 treatment cycles, identical to Arm A. GMTZ administration occurs on days already requiring inpatient contact for standard chemotherapy.",,2014.0
PMID 25154829 a_Summary_SoE.pdf,Arm A (Rituximab Retreatment),control,2.0,4.0,4.0,5.0,6.0,8.0,91.0,"Weekly for 4 weeks (Induction), then Restaging at Week 13, then observation visits every 13 weeks (W26, W39, W52).",,2014.0
PMID 25154829 a_Summary_SoE.pdf,Arm B (Rituximab Scheduled Dosing),intervention,2.0,4.0,4.0,5.0,6.0,8.0,91.0,"Weekly for 4 weeks (Induction), then Restaging at Week 13, then scheduled dosing every 13 weeks (W26, W39, W52).",,2014.0
PMID 25184863 a_Summary_SoE.pdf,Arm A (Rd until PD),intervention,1.0,5.0,11.0,14.0,17.0,21.0,28.0,"Cycle 1 & 2: Days 1, 8, 15, 22; Cycle 3: Days 1, 15; Cycle 4+: Day 1 only.",,2014.0
PMID 25184863 a_Summary_SoE.pdf,Arm B (Rd for 18 cycles),intervention,1.0,5.0,11.0,14.0,17.0,21.0,28.0,"Cycle 1 & 2: Days 1, 8, 15, 22; Cycle 3: Days 1, 15; Cycle 4+: Day 1 only.",,2014.0
PMID 25184863 a_Summary_SoE.pdf,Arm C (MPT),control,1.0,5.0,13.0,18.0,22.0,27.0,42.0,"Cycle 1 & 2: Days 1, 8, 15, 22, 29, 36; Cycle 3: Days 1, 15, 29; Cycle 4+: Day 1 only. Includes extra visits for 28-day pregnancy testing in FCBP.",,2014.0
PMID 25225436 a_Summary_SoE.pdf,Arm A (Pazopanib),intervention,1.0,4.0,7.0,8.0,9.0,10.0,28.0,"Weekly for 4 weeks, then every 3 weeks until week 13, then every 12 weeks thereafter.",,2014.0
PMID 25225436 a_Summary_SoE.pdf,Arm B (Placebo),control,1.0,4.0,7.0,8.0,9.0,10.0,28.0,"Weekly for 4 weeks, then every 3 weeks until week 13, then every 12 weeks thereafter.",,2014.0
PMID 25265494 a_Summary_SoE.pdf,Arm A (Vemurafenib + Placebo),control,1.0,3.0,7.0,11.0,14.0,18.0,28.0,Cycles 1-3: Days 1 and 15; Cycles 4-5: Day 1; Cycle 6: Days 1 and 15; Cycles 7+: Day 1 of each 28-day cycle.,,2014.0
PMID 25265494 a_Summary_SoE.pdf,Arm B (Vemurafenib + Cobimetinib),intervention,1.0,3.0,7.0,11.0,14.0,18.0,28.0,Cycles 1-3: Days 1 and 15; Cycles 4-5: Day 1; Cycle 6: Days 1 and 15; Cycles 7+: Day 1 of each 28-day cycle.,,2014.0
PMID 25267740 a_Summary_SoE.pdf,Arm S1 (GDP +/- Rituximab),intervention,2.0,4.0,6.0,7.0,8.0,9.0,21.0,Day 1 and Day 8 of each 21-day cycle.,,2014.0
PMID 25267740 a_Summary_SoE.pdf,Arm S2 (DHAP +/- Rituximab),control,2.0,4.0,6.0,7.0,8.0,9.0,21.0,"Day 1 and Day 2 of each 21-day cycle (Cisplatin 24h infusion starts Day 1, Cytarabine Day 2).",,2014.0
PMID 25311218 a_Summary_SoE.pdf,"Arm A: RER - Reduced Therapy (4 cycles ABVE-PC, No IFRT)",intervention,2.0,7.0,20.0,21.0,22.0,23.0,21.0,"ABVE-PC cycles: Days 1, 2, 3, 8. Re-evaluations between cycles 2 and 3, and cycles 4 and 5 (if applicable).",,2014.0
PMID 25311218 a_Summary_SoE.pdf,Arm B: RER/SER - Standard Therapy (4 cycles ABVE-PC + IFRT),control,2.0,7.0,20.0,36.0,37.0,38.0,21.0,"4 cycles of ABVE-PC (Days 1, 2, 3, 8) followed by 14 daily sessions of Involved Field Radiation Therapy (IFRT).",,2014.0
PMID 25311218 a_Summary_SoE.pdf,Arm C: SER - Augmented Therapy (2x ABVE-PC + 2x DECA + 2x ABVE-PC + IFRT),intervention,2.0,7.0,16.0,41.0,42.0,43.0,21.0,"2 cycles ABVE-PC (D1, 2, 3, 8), 2 cycles DECA (D1, 2), 2 cycles ABVE-PC (D1, 2, 3, 8), then 14 sessions IFRT.",,2014.0
PMID 25332243 a_Summary_SoE.pdf,Arm 1 (One Year High-Dose Interferon Alpha-2b),intervention,2.0,21.0,47.0,86.0,125.0,164.0,7.0,Induction: 5 days/week for 4 weeks. Maintenance: 3 days/week for 48 weeks.,,2014.0
PMID 25332243 a_Summary_SoE.pdf,"Arm 2 (Biochemotherapy: Cisplatin, Vinblastine, DTIC, IL-2, IFN, G-CSF)",intervention,2.0,24.0,46.0,47.0,48.0,49.0,21.0,3 cycles of 21 days. Days 1-5 inpatient; Days 6-15 outpatient G-CSF/IFN.,,2014.0
PMID 25348000 a_Summary_SoE.pdf,Arm A (Fulvestrant + Lapatinib),intervention,2.0,3.0,5.0,8.0,11.0,15.0,28.0,Cycle 1: Day 1 and Day 15. Subsequent cycles: Day 1 of every 28-day cycle.,,2014.0
PMID 25348000 a_Summary_SoE.pdf,Arm B (Fulvestrant + Placebo),control,2.0,3.0,5.0,8.0,11.0,15.0,28.0,Cycle 1: Day 1 and Day 15. Subsequent cycles: Day 1 of every 28-day cycle.,,2014.0
PMID 25354103 a_Summary_SoE.pdf,Arm A (Single Umbilical Cord Blood Transplantation),control,12.0,13.0,21.0,23.0,23.0,24.0,,"Conditioning (Days -10 to -1), Transplant (Day 0), 3x/week labs (Weeks 1-3), 2x/week labs (Week 4), Weekly labs (Weeks 5-12), then visits at Day 100, 6 months, and 12 months.",,2014.0
PMID 25354103 a_Summary_SoE.pdf,Arm B (Double Umbilical Cord Blood Transplantation),intervention,12.0,13.0,21.0,23.0,23.0,24.0,,"Conditioning (Days -10 to -1), Transplant (Day 0), 3x/week labs (Weeks 1-3), 2x/week labs (Week 4), Weekly labs (Weeks 5-12), then visits at Day 100, 6 months, and 12 months.",,2014.0
PMID 25366680 a_Summary_SoE.pdf,Arm 1 (Standard Fractionation + Cisplatin),control,2.0,22.0,36.0,38.0,39.0,40.0,7.0,5 days per week for 7 weeks (35 total treatment days).,,2014.0
PMID 25366680 a_Summary_SoE.pdf,Arm 2 (Accelerated Fractionation + Cisplatin),intervention,2.0,22.0,32.0,33.0,34.0,35.0,7.0,5 days per week for 6 weeks (30 total treatment days).,,2014.0
PMID 25399551 a_Summary_SoE.pdf,Arm A (Dabrafenib + Trametinib),intervention,1.0,3.0,5.0,8.0,11.0,15.0,28.0,"Screening, Day 1, Day 15, then every 4 weeks (Weeks 4, 8, 12, 16, 20, 24, 28, 32, 36, 40, 44, 48, 52).",,2015.0
PMID 25399551 a_Summary_SoE.pdf,Arm B (Vemurafenib),control,1.0,3.0,5.0,8.0,11.0,15.0,28.0,"Screening, Day 1, Day 15, then every 4 weeks (Weeks 4, 8, 12, 16, 20, 24, 28, 32, 36, 40, 44, 48, 52).",,2015.0
PMID 25399552 a_Summary_SoE.pdf,Arm A (Nivolumab / BMS-936558),intervention,2.0,4.0,9.0,17.0,26.0,36.0,42.0,"Days 1, 15, 22, and 29 of each 6-week cycle.",,2015.0
PMID 25399552 a_Summary_SoE.pdf,Arm B (Dacarbazine),control,2.0,4.0,9.0,17.0,26.0,36.0,42.0,"Days 1, 15, 22, and 29 of each 6-week cycle.",,2015.0
PMID 25422488 a_Summary_SoE.pdf,Arm 5 (AC q2w x4 -> Paclitaxel q2w x6),intervention,2.0,6.0,14.0,21.0,21.0,22.0,14.0,AC Phase: 4 cycles of 14 days (Days 1 and 2 per cycle). Paclitaxel Phase: 6 cycles of 14 days (Days 1 and 2 per cycle).,,2015.0
PMID 25422488 a_Summary_SoE.pdf,Arm 6 (AC q2w x4 -> Paclitaxel weekly x12),intervention,2.0,6.0,13.0,21.0,21.0,22.0,14.0,AC Phase: 4 cycles of 14 days (Days 1 and 2 per cycle). Paclitaxel Phase: 12 weeks of weekly infusions (Day 1 per week).,,2015.0
PMID 25470694 a_Summary_SoE.pdf,Arm A (Crizotinib),intervention,1.0,3.0,6.0,10.0,14.0,19.0,21.0,"Cycle 1 Day 1 and Day 15, then Day 1 of every 21-day cycle.",,2014.0
PMID 25470694 a_Summary_SoE.pdf,Arm B (Chemotherapy),control,1.0,3.0,6.0,9.0,11.0,13.0,21.0,"Cycle 1 Day 1 and Day 15, then Day 1 of cycles 2-6, followed by tumor assessments every 6 weeks.",,2014.0
PMID 25482145 a_Summary_SoE.pdf,"CRd (Carfilzomib, Lenalidomide, Dexamethasone)",intervention,2.0,8.0,20.0,40.0,60.0,77.0,28.0,"Cycles 1-12: 6 visits/cycle (Days 1, 2, 8, 9, 15, 16); Cycles 13-18: 4 visits/cycle (Days 1, 2, 15, 16); Cycles 19+: 1 visit/cycle (Day 1).",,2015.0
PMID 25482145 a_Summary_SoE.pdf,"Rd (Lenalidomide, Dexamethasone)",control,2.0,3.0,7.0,13.0,20.0,26.0,28.0,"Cycles 1-12: 2 visits/cycle (Days 1, 15); Cycles 13+: 1 visit/cycle (Day 1).",,2015.0
PMID 25495490 a_Summary_SoE.pdf,Arm A (Tamoxifen alone),control,1.0,1.0,2.0,3.0,4.0,5.0,90.0,"Quarterly clinic visits at Months 0, 3, 6, 9, and 12.",,2015.0
PMID 25495490 a_Summary_SoE.pdf,Arm B (OFS plus Tamoxifen),intervention,1.0,2.0,4.0,7.0,10.0,14.0,28.0,Monthly triptorelin injections every 28 days plus quarterly clinic visits.,,2015.0
PMID 25495490 a_Summary_SoE.pdf,Arm C (OFS plus Exemestane),intervention,1.0,2.0,4.0,7.0,10.0,14.0,28.0,Monthly triptorelin injections every 28 days plus quarterly clinic visits.,,2015.0
PMID 25547503 a_Summary_SoE.pdf,Sorafenib + Erlotinib,intervention,1.0,2.0,5.0,9.0,13.0,18.0,42.0,Day 1 and Day 22 of every 6-week cycle.,,2015.0
PMID 25547503 a_Summary_SoE.pdf,Sorafenib + Placebo,control,1.0,2.0,5.0,9.0,13.0,18.0,42.0,Day 1 and Day 22 of every 6-week cycle.,,2015.0
PMID 25605862 a_Summary_SoE.pdf,Arm A (E7389 / Eribulin),intervention,1.0,5.0,12.0,23.0,33.0,45.0,21.0,"Days 1 and 8 (Infusion/Labs) every cycle; Day 15 in Cycles 1, 2, and every even cycle (C4, C6, etc.) for tumor assessments or early cycle labs.",,2015.0
PMID 25605862 a_Summary_SoE.pdf,Arm B (Capecitabine),control,1.0,5.0,12.0,23.0,33.0,45.0,21.0,"Day 1 (Dispensing/Labs) and Day 8 (Labs/Vitals) every cycle; Day 15 in Cycles 1, 2, and every even cycle (C4, C6, etc.) for tumor assessments or early cycle labs.",,2015.0
PMID 25629741 a_Summary_SoE.pdf,Arm 1 (INC424/ruxolitinib),intervention,3.0,3.0,7.0,10.0,12.0,14.0,28.0,"Weeks 1, 4, 8, 12, 16, 20, 24, 28, 32, 40, 48 (Treatment visits); Weeks 2, 6, 10 (Lab-only visits)",,2015.0
PMID 25629741 a_Summary_SoE.pdf,Arm 2 (Best Available Therapy - BAT),control,3.0,3.0,7.0,10.0,12.0,14.0,28.0,"Weeks 1, 4, 8, 12, 16, 20, 24, 28, 32, 40, 48 (Treatment visits); Weeks 2, 6, 10 (Lab-only visits)",,2015.0
PMID 25671254 a_Summary_SoE.pdf,Arm A (Lenvatinib),intervention,2.0,3.0,6.0,9.0,12.0,16.0,28.0,"Cycle 1: Day 1, Day 15; Cycle 2: Day 1, Day 15; Cycle 3+: Day 1",,2015.0
PMID 25671254 a_Summary_SoE.pdf,Arm B (Placebo),control,2.0,3.0,6.0,9.0,12.0,16.0,28.0,"Cycle 1: Day 1, Day 15; Cycle 2: Day 1, Day 15; Cycle 3+: Day 1",,2015.0
PMID 25682602 a_Summary_SoE.pdf,Lower-dose prednisone (0.5 mg/kg/day or 1 mg/kg/day),intervention,1.0,4.0,12.0,14.0,14.0,14.0,7.0,"Weekly visits for the first 100 days (Day 0, 7, 14, 21, 28, 35, 42, 49, 56, 63, 70, 77, 84, 91, 98).",,2015.0
PMID 25682602 a_Summary_SoE.pdf,Higher-dose prednisone (1 mg/kg/day or 2 mg/kg/day),control,1.0,4.0,12.0,14.0,14.0,14.0,7.0,"Weekly visits for the first 100 days (Day 0, 7, 14, 21, 28, 35, 42, 49, 56, 63, 70, 77, 84, 91, 98).",,2015.0
PMID 25713428 a_Summary_SoE.pdf,Regimen II (Gemcitabine + Docetaxel + Bevacizumab + G-CSF),intervention,2.0,7.0,16.0,32.0,46.0,63.0,21.0,"Day 1 (Chemo/Bev), Day 8 (Chemo), Day 9 (G-CSF) of each 21-day cycle; CT scan prior to every other cycle; Weekly BP check in Cycle 1.",,2015.0
PMID 25713428 a_Summary_SoE.pdf,Regimen I (Gemcitabine + Docetaxel + Placebo + G-CSF),control,2.0,7.0,16.0,32.0,46.0,63.0,21.0,"Day 1 (Chemo/Placebo), Day 8 (Chemo), Day 9 (G-CSF) of each 21-day cycle; CT scan prior to every other cycle; Weekly BP check in Cycle 1.",,2015.0
PMID 25738668 a_Summary_SoE.pdf,Arm 1 (Standard cyclophosphamide-containing adjuvant chemotherapy),control,1.0,2.0,4.0,7.0,7.0,8.0,28.0,1 visit every 28 days for chemotherapy administration.,,2015.0
PMID 25738668 a_Summary_SoE.pdf,Arm 2 (Goserelin plus standard cyclophosphamide-containing adjuvant chemotherapy),intervention,2.0,2.0,4.0,7.0,7.0,8.0,28.0,1 visit every 28 days for chemotherapy. Includes an additional goserelin administration visit 7 days prior to the start of chemotherapy (Day -7).,,2015.0
PMID 25738670 a_Summary_SoE.pdf,"Arm A (VcR-CAP: Rituximab, Cyclophosphamide, Doxorubicin, VELCADE, Prednisone)",intervention,2.0,7.0,18.0,25.0,27.0,29.0,21.0,"Days 1, 4, 8, and 11 of each 21-day cycle for 6 cycles.",,2015.0
PMID 25738670 a_Summary_SoE.pdf,"Arm B (R-CHOP: Rituximab, Cyclophosphamide, Doxorubicin, Vincristine, Prednisone)",control,2.0,2.0,7.0,10.0,13.0,14.0,21.0,"Day 1 of each 21-day cycle for 6 cycles, plus response evaluations on Days 11-21 of Cycles 2, 4, and 6.",,2015.0
PMID 25779558 a_Summary_SoE.pdf,Arm 1 (Lapatinib + Taxane),intervention,2.0,4.0,10.0,19.0,20.0,21.0,28.0,"Weekly Paclitaxel (Days 1, 8, 15 of 28-day cycle) for 24 weeks, followed by oral Lapatinib maintenance with monitoring every 12 weeks.",,2015.0
PMID 25779558 a_Summary_SoE.pdf,Arm 2 (Trastuzumab + Taxane),control,2.0,4.0,10.0,19.0,23.0,28.0,28.0,"Weekly Paclitaxel (Days 1, 8, 15 of 28-day cycle) for 24 weeks, followed by IV Trastuzumab maintenance every 3 weeks.",,2015.0
PMID 25891173 a_Summary_SoE.pdf,MK-3475 10 mg/kg Q2W,intervention,2.0,4.0,8.0,14.0,21.0,28.0,14.0,Infusions every 2 weeks (Day 1 of each cycle).,,2015.0
PMID 25891173 a_Summary_SoE.pdf,MK-3475 10 mg/kg Q3W,intervention,2.0,3.0,6.0,10.0,14.0,19.0,21.0,Infusions every 3 weeks (Day 1 of each cycle).,,2015.0
PMID 25891173 a_Summary_SoE.pdf,Ipilimumab 3 mg/kg Q3W,control,2.0,2.0,5.0,9.0,13.0,18.0,21.0,"4 doses every 3 weeks, followed by monitoring visits every 3 weeks.",,2015.0
PMID 25897156 a_Summary_SoE.pdf,Donepezil,intervention,2.0,0.0,1.0,2.0,2.0,2.0,0.0,"Baseline (Day 0), Week 12 (Day 84), and Week 24 (Day 168).",,2015.0
PMID 25897156 a_Summary_SoE.pdf,Placebo,control,2.0,0.0,1.0,2.0,2.0,2.0,0.0,"Baseline (Day 0), Week 12 (Day 84), and Week 24 (Day 168).",,2015.0
PMID 25940724 a_Summary_SoE.pdf,Omega-3-Fatty Acid,intervention,1.0,1.0,3.0,4.0,4.0,4.0,0.0,"Prestudy (Screening), Baseline (Day 1), Week 6, Week 12, Week 24",,2015.0
PMID 25940724 a_Summary_SoE.pdf,Placebo,control,1.0,1.0,3.0,4.0,4.0,4.0,0.0,"Prestudy (Screening), Baseline (Day 1), Week 6, Week 12, Week 24",,2015.0
PMID 25970050 a_Summary_SoE.pdf,Arm A (TAS-102 + Best Supportive Care),intervention,2.0,4.0,8.0,14.0,21.0,28.0,28.0,"Cycle 1: Days 1, 12, 15. Subsequent cycles: Days 1, 15.",,2015.0
PMID 25970050 a_Summary_SoE.pdf,Arm B (Placebo + Best Supportive Care),control,2.0,4.0,8.0,14.0,21.0,28.0,28.0,"Cycle 1: Days 1, 12, 15. Subsequent cycles: Days 1, 15.",,2015.0
PMID 26014293 a_Summary_SoE.pdf,Arm A (OncoVEXGM-CSF),intervention,1.0,2.0,6.0,13.0,19.0,26.0,28.0,Cycle 1 is 35 days with injections on Day 1 and Day 22. Subsequent cycles are 28 days with injections on Day 1 and Day 15.,,2015.0
PMID 26014293 a_Summary_SoE.pdf,Arm B (GM-CSF),control,1.0,2.0,7.0,13.0,20.0,27.0,28.0,28-day cycles with clinic visits on Day 1 and Day 15 for assessments and diary review.,,2015.0
PMID 26027431 a_Summary_SoE.pdf,Arm A (Nivolumab monotherapy),intervention,2.0,4.0,10.0,18.0,27.0,36.0,42.0,"Cycles 1-2: Weeks 1, 3, 4, 5 (Treatment) and Week 6 (Imaging in C2). Cycle 3+: Weeks 1, 3, 5 (Treatment) and Week 6 (Imaging).",,2015.0
PMID 26027431 a_Summary_SoE.pdf,Arm B (Nivolumab combined with ipilimumab),intervention,2.0,4.0,10.0,18.0,27.0,36.0,42.0,"Cycles 1-2: Weeks 1, 3, 4, 5 (Treatment) and Week 6 (Imaging in C2). Cycle 3+: Weeks 1, 3, 5 (Treatment) and Week 6 (Imaging).",,2015.0
PMID 26027431 a_Summary_SoE.pdf,Arm C (Ipilimumab monotherapy),control,2.0,4.0,10.0,18.0,27.0,36.0,42.0,"Cycles 1-2: Weeks 1, 3, 4, 5 (Treatment) and Week 6 (Imaging in C2). Cycle 3+: Weeks 1, 3, 5 (Treatment) and Week 6 (Imaging).",,2015.0
PMID 26028407 a_Summary_SoE.pdf,Arm A (Nivolumab),intervention,1.0,4.0,9.0,17.0,26.0,36.0,14.0,"Cycle 1: Day 1 (Infusion), Day 8 (Safety/Labs). Subsequent cycles: Day 1 (Infusion) every 2 weeks. Imaging at Week 9, then every 6 weeks.",,2015.0
PMID 26028407 a_Summary_SoE.pdf,Arm B (Docetaxel),control,1.0,3.0,6.0,10.0,14.0,19.0,21.0,"Cycle 1: Day 1 (Infusion), Day 8 (Safety/Labs). Subsequent cycles: Day 1 (Infusion) every 3 weeks. Imaging at Week 9, then every 6 weeks.",,2015.0
PMID 26030518 a_Summary_SoE.pdf,Arm A (Palbociclib + Fulvestrant),intervention,1.0,3.0,6.0,9.0,12.0,16.0,28.0,"Cycle 1: Days 1, 15; Cycle 2: Days 1, 15; Cycle 3+: Day 1",,2015.0
PMID 26030518 a_Summary_SoE.pdf,Arm B (Placebo + Fulvestrant),control,1.0,3.0,6.0,9.0,12.0,16.0,28.0,"Cycle 1: Days 1, 15; Cycle 2: Days 1, 15; Cycle 3+: Day 1",,2015.0
PMID 26035255 a_Summary_SoE.pdf,Arm A (Elotuzumab + Lenalidomide + Dexamethasone),intervention,1.0,6.0,12.0,18.0,25.0,32.0,28.0,"Weekly (Days 1, 8, 15, 22) for Cycles 1-2; Bi-weekly (Days 1, 15) for Cycles 3 and beyond.",,2015.0
PMID 26035255 a_Summary_SoE.pdf,Arm B (Lenalidomide + Dexamethasone),control,1.0,6.0,12.0,18.0,25.0,32.0,28.0,"Weekly (Days 1, 8, 15, 22) for Cycles 1-2; Bi-weekly (Days 1, 15) for Cycles 3 and beyond.",,2015.0
PMID 26040499 a_Summary_SoE.pdf,Denosumab,intervention,1.0,1.0,1.0,2.0,2.0,3.0,180.0,Screening visit followed by Q6M (every 6 months) treatment visits starting on Day 1.,,2015.0
PMID 26040499 a_Summary_SoE.pdf,Placebo,control,1.0,1.0,1.0,2.0,2.0,3.0,180.0,Screening visit followed by Q6M (every 6 months) treatment visits starting on Day 1.,,2015.0
PMID 26056177 a_Summary_SoE.pdf,VD (VELCADE and Dexamethasone),intervention,2.0,7.0,18.0,34.0,44.0,53.0,21.0,"Induction (Cycles 1-8): 4 visits per 21-day cycle (Days 1, 4, 8, 11). Maintenance (Cycles 9-13): 4 visits per 35-day cycle (Days 1, 8, 15, 22).",,2015.0
PMID 26056177 a_Summary_SoE.pdf,"VTD (VELCADE, Thalidomide, and Dexamethasone)",intervention,2.0,7.0,18.0,34.0,44.0,53.0,21.0,"Induction (Cycles 1-8): 4 visits per 21-day cycle (Days 1, 4, 8, 11). Maintenance (Cycles 9-13): 4 visits per 35-day cycle (Days 1, 8, 15, 22).",,2015.0
PMID 26056177 a_Summary_SoE.pdf,"VMP (VELCADE, Melphalan, and Prednisone)",intervention,2.0,7.0,18.0,34.0,44.0,53.0,21.0,"Induction (Cycles 1-8): 4 visits per 21-day cycle (Days 1, 4, 8, 11). Maintenance (Cycles 9-13): 4 visits per 35-day cycle (Days 1, 8, 15, 22).",,2015.0
PMID 26122726 a_Summary_SoE.pdf,Arm A (Radiosurgery alone),intervention,1.0,1.0,3.0,4.0,5.0,6.0,0.0,"Screening MRI visit; Day 1 SRS; Follow-up visits at Week 6, Week 12, Month 6, Month 9, and Month 12.",,2015.0
PMID 26122726 a_Summary_SoE.pdf,Arm B (Radiosurgery plus Whole Brain Radiation Therapy),control,1.0,13.0,15.0,16.0,17.0,18.0,0.0,"Screening MRI visit; Day 1 SRS; 12 daily fractions of WBRT; Follow-up visits at Week 6, Week 12, Month 6, Month 9, and Month 12.",,2015.0
PMID 26159065 CT_Summary_SoE.pdf,Arm A (Gefitinib + Cisplatin/Pemetrexed),intervention,1.0,2.0,5.0,8.0,10.0,12.0,21.0,"6 cycles of 3-weekly chemotherapy (Weeks 0, 3, 6, 9, 12, 15), followed by 6-weekly maintenance visits (Weeks 18, 24, 30, 36, 42, 48).",,2015.0
PMID 26159065 CT_Summary_SoE.pdf,Arm B (Placebo + Cisplatin/Pemetrexed),control,1.0,2.0,5.0,8.0,10.0,12.0,21.0,"6 cycles of 3-weekly chemotherapy (Weeks 0, 3, 6, 9, 12, 15), followed by 6-weekly maintenance visits (Weeks 18, 24, 30, 36, 42, 48).",,2015.0
PMID 26169611 a_Summary_SoE.pdf,Arm A (Tivantinib + Erlotinib),intervention,1.0,5.0,9.0,14.0,15.0,16.0,28.0,"Cycle 1: Days 1, 8, 15, 22; Cycles 2-6: Days 1, 15. End-of-Treatment (EOT) visit 30 days post-last dose. Follow-up every 12 weeks.",,2015.0
PMID 26169611 a_Summary_SoE.pdf,Arm B (Placebo + Erlotinib),control,1.0,5.0,9.0,14.0,15.0,16.0,28.0,"Cycle 1: Days 1, 8, 15, 22; Cycles 2-6: Days 1, 15. End-of-Treatment (EOT) visit 30 days post-last dose. Follow-up every 12 weeks.",,2015.0
PMID 26206652 CT_Summary_SoE.pdf,Standard fluid management,control,1.0,9.0,9.0,9.0,9.0,9.0,,"1 screening visit, 1 surgery day, 7 days inpatient monitoring, 1 post-operative follow-up visit.",,2015.0
PMID 26206652 CT_Summary_SoE.pdf,Goal-directed fluid therapy (GDT),intervention,1.0,9.0,9.0,9.0,9.0,9.0,,"1 screening visit, 1 surgery day, 7 days inpatient monitoring, 1 post-operative follow-up visit.",,2015.0
PMID 26244877 a_Summary_SoE.pdf,Arm A (Androgen Deprivation Therapy plus Docetaxel),intervention,2.0,2.0,5.0,7.0,8.0,9.0,21.0,"Docetaxel every 21 days for 6 cycles (Day 1, 22, 43, 64, 85, 106). Follow-up every 12 weeks (84, 168, 252, 336).",,2015.0
PMID 26244877 a_Summary_SoE.pdf,Arm B (Androgen Deprivation Therapy alone),control,2.0,1.0,2.0,3.0,4.0,5.0,84.0,"Day 1 visit followed by assessments every 12 weeks (Day 84, 168, 252, 336).",,2015.0
PMID 26351350 a_Summary_SoE.pdf,Arm 1-4: HLA-A2 Positive Arms (GM-CSF +/- Peptide Vaccination/Placebo),intervention,3.0,3.0,5.0,8.0,11.0,15.0,28.0,Cycle 1: Days 1 and 15; Cycles 2-13: Day 1 only. End of Treatment (EOT) visit at Month 12.,,2015.0
PMID 26351350 a_Summary_SoE.pdf,Arm 5-6: HLA-A2 Negative Arms (GM-CSF or GM-CSF Placebo),control,3.0,2.0,4.0,7.0,10.0,14.0,28.0,Cycles 1-13: Day 1 only. End of Treatment (EOT) visit at Month 12.,,2015.0
PMID 26371143 a_Summary_SoE.pdf,Arm A (Trabectedin Group),intervention,2.0,7.0,18.0,35.0,52.0,71.0,21.0,"Day 1 (infusion start), Day 2 (infusion end), Day 8 (labs), Day 15 (labs) of each 21-day cycle.",,2016.0
PMID 26371143 a_Summary_SoE.pdf,Arm B (Dacarbazine Group),control,2.0,5.0,13.0,26.0,39.0,53.0,21.0,"Day 1 (infusion), Day 8 (labs), Day 15 (labs) of each 21-day cycle.",,2016.0
PMID 26377300 CT_Summary_SoE.pdf,Arm A (Ofatumumab Maintenance),intervention,1.0,2.0,3.0,4.0,6.0,7.0,56.0,"Week 1, Week 2, then every 8 weeks for up to 2 years.",,2015.0
PMID 26377300 CT_Summary_SoE.pdf,Arm B (Observation),control,1.0,2.0,3.0,4.0,6.0,7.0,56.0,"Follows the same assessment schedule as Arm A (Week 1, Week 2, then every 8 weeks) but without drug administration.",,2015.0
PMID 26406148 a_Summary_SoE.pdf,Arm A (Nivolumab),intervention,2.0,3.0,7.0,13.0,20.0,27.0,28.0,Nivolumab is administered intravenously on Day 1 and Day 15 of each 28-day cycle.,,2015.0
PMID 26406148 a_Summary_SoE.pdf,Arm B (Everolimus),control,2.0,2.0,4.0,7.0,10.0,14.0,28.0,Everolimus is self-administered daily; clinic visits for dispensing and monitoring occur on Day 1 of each 28-day cycle.,,2015.0
PMID 26406150 a_Summary_SoE.pdf,Arm A (Cabozantinib),intervention,2.0,3.0,6.0,9.0,12.0,16.0,28.0,"Every 2 weeks for the first 8 weeks (W1, W3, W5, W7, W9), then every 4 weeks thereafter (W13, W17, W21, etc.).",,2015.0
PMID 26406150 a_Summary_SoE.pdf,Arm B (Everolimus),control,2.0,3.0,6.0,9.0,12.0,16.0,28.0,"Every 2 weeks for the first 8 weeks (W1, W3, W5, W7, W9), then every 4 weeks thereafter (W13, W17, W21, etc.).",,2015.0
PMID 26412349 a_Summary_SoE.pdf,Arm A/B (Hormonal Therapy alone),control,2.0,0.0,1.0,2.0,2.0,3.0,0.0,"Follow-up visits at 3, 6, and 12 months.",,2015.0
PMID 26412349 a_Summary_SoE.pdf,Arm C/D (Chemotherapy + Hormonal Therapy),intervention,2.0,2.0,5.0,6.0,6.0,7.0,21.0,"Chemotherapy every 21 days for 4 cycles; Follow-up visits at 3, 6, and 12 months.",,2015.0
PMID 26412456 a_Summary_SoE.pdf,Arm A (Nivolumab),intervention,1.0,4.0,9.0,17.0,26.0,36.0,14.0,D1 of every 2-week cycle for infusion; C1D8 safety lab visit; Radiographic tumor assessment every 6 weeks starting at Week 9.,,2015.0
PMID 26412456 a_Summary_SoE.pdf,Arm B (Docetaxel),control,1.0,3.0,6.0,10.0,14.0,19.0,21.0,D1 of every 3-week cycle for infusion; C1D8 safety lab visit; Radiographic tumor assessment every 6 weeks starting at Week 9.,,2015.0
PMID 26416999 a_Summary_SoE.pdf,Arm A (EC-T: Epirubicin/Cyclophosphamide followed by Docetaxel),control,2.0,2.0,5.0,8.0,9.0,10.0,21.0,"Day 1 of each 21-day cycle for 8 cycles, followed by an End of Treatment (EOT) visit and quarterly follow-up.",,2015.0
PMID 26416999 a_Summary_SoE.pdf,Arm B (ET-X: Epirubicin/Docetaxel followed by Capecitabine),intervention,2.0,2.0,5.0,8.0,9.0,10.0,21.0,"Day 1 of each 21-day cycle for 8 cycles (4 ET, 4 Capecitabine), followed by an EOT visit and quarterly follow-up.",,2015.0
PMID 26527790 a_Summary_SoE.pdf,Arm B (Lapatinib + Chemoradiotherapy),intervention,2.0,18.0,34.0,36.0,37.0,39.0,56.0,Daily radiotherapy (5 days/week) for 6.6 weeks during CRT phase; then every 8 weeks during maintenance phase.,,2015.0
PMID 26527790 a_Summary_SoE.pdf,Arm A (Placebo + Chemoradiotherapy),control,2.0,18.0,34.0,36.0,37.0,39.0,56.0,Daily radiotherapy (5 days/week) for 6.6 weeks during CRT phase; then every 8 weeks during maintenance phase.,,2015.0
PMID 26540028 a_Summary_SoE.pdf,Arm A (Erlotinib),intervention,1.0,2.0,3.0,4.0,5.0,6.0,30.0,"Screening (Day -14), Randomization (Day 1), Month 1 (Day 30), Month 3 (Day 90), Month 6 (Day 180), Month 9 (Day 270), Month 12 (Day 365)",,2016.0
PMID 26540028 a_Summary_SoE.pdf,Arm B (Placebo),control,1.0,2.0,3.0,4.0,5.0,6.0,30.0,"Screening (Day -14), Randomization (Day 1), Month 1 (Day 30), Month 3 (Day 90), Month 6 (Day 180), Month 9 (Day 270), Month 12 (Day 365)",,2016.0
PMID 26598744 a_Summary_SoE.pdf,Arm 1 (Trastuzumab alone),control,2.0,4.0,7.0,11.0,15.0,20.0,21.0,"Every 21 days for infusions; assessments at Weeks 1, 7, 13, 19, 25, 37, 52 coincide with infusion days.",,2016.0
PMID 26598744 a_Summary_SoE.pdf,Arm 2 (Lapatinib alone),intervention,2.0,3.0,5.0,7.0,8.0,9.0,91.0,"Daily oral dosing; clinic visits for assessments and drug supply at Weeks 1, 7, 13, 19, 25, 37, 52.",,2016.0
PMID 26598744 a_Summary_SoE.pdf,Arm 3 (Trastuzumab followed by Lapatinib),intervention,2.0,7.0,15.0,17.0,18.0,19.0,7.0,"Weekly infusions for 12 weeks; then assessment visits at Weeks 13, 19, 25, 37, 52.",,2016.0
PMID 26598744 a_Summary_SoE.pdf,Arm 4 (Lapatinib + Trastuzumab),intervention,2.0,4.0,7.0,11.0,15.0,20.0,21.0,Every 21 days for infusions; daily oral dosing; assessments coincide with infusion days.,,2016.0
PMID 26628478 a_Summary_SoE.pdf,Arm A (CapeOx + Lapatinib),intervention,2.0,2.0,5.0,9.0,11.0,13.0,21.0,"Day 1 of each 21-day cycle for 8 cycles (oxaliplatin period), then every 6 weeks thereafter.",,2016.0
PMID 26628478 a_Summary_SoE.pdf,Arm B (CapeOx + Placebo),control,2.0,2.0,5.0,9.0,11.0,13.0,21.0,"Day 1 of each 21-day cycle for 8 cycles (oxaliplatin period), then every 6 weeks thereafter.",,2016.0
PMID 26639149 a_Summary_SoE.pdf,Arm A (Chlorambucil),control,1.0,3.0,7.0,13.0,17.0,20.0,28.0,Days 1 and 15 for Cycles 1-7; Day 1 only for Cycles 8-12.,,2015.0
PMID 26639149 a_Summary_SoE.pdf,Arm B (PCI-32765 / Ibrutinib),intervention,1.0,3.0,7.0,13.0,17.0,20.0,28.0,Days 1 and 15 for Cycles 1-7; Day 1 only for Cycles 8-12; Day 1 of every odd cycle from Cycle 13 onwards.,,2015.0
PMID 26655421 CT_Summary_SoE.pdf,Arm B (Ibrutinib + BR),intervention,1.0,6.0,13.0,21.0,24.0,27.0,28.0,"Cycle 1 (29 days): Days 1, 2, 3, 8, 15. Cycles 2-6: Days 1, 2, 15. Cycles 7-12: Day 1. Cycle 13+: Day 1 every 3 cycles.",,2016.0
PMID 26655421 CT_Summary_SoE.pdf,Arm A (Placebo + BR),control,1.0,6.0,13.0,21.0,24.0,27.0,28.0,"Cycle 1 (29 days): Days 1, 2, 3, 8, 15. Cycles 2-6: Days 1, 2, 15. Cycles 7-12: Day 1. Cycle 13+: Day 1 every 3 cycles.",,2016.0
PMID 26673811 a_Summary_SoE.pdf,Arm A (Ibrutinib),intervention,1.0,2.0,5.0,9.0,13.0,18.0,21.0,Day 1 of each 21-day cycle for the first 15 months; every 42 days thereafter.,,2016.0
PMID 26673811 a_Summary_SoE.pdf,Arm B (Temsirolimus),control,1.0,5.0,13.0,26.0,39.0,53.0,21.0,"Days 1, 8, and 15 of each 21-day cycle for IV administration.",,2016.0
PMID 26703889 a_Summary_SoE.pdf,Everolimus (RAD001) + Best Supportive Care,intervention,1.0,2.0,4.0,7.0,10.0,14.0,28.0,Visits occur every 4 weeks (28 days). Drug dispensing occurs every other visit (every 8 weeks).,,2016.0
PMID 26703889 a_Summary_SoE.pdf,Placebo + Best Supportive Care,control,1.0,2.0,4.0,7.0,10.0,14.0,28.0,Visits occur every 4 weeks (28 days). Drug dispensing occurs every other visit (every 8 weeks).,,2016.0
PMID 26712084b_Summary_SoE.pdf,MK-3475 10 mg/kg Q3W,intervention,1.0,2.0,5.0,9.0,13.0,18.0,21.0,Day 1 of each 3-week cycle (Q3W).,,2016.0
PMID 26712084b_Summary_SoE.pdf,MK-3475 2 mg/kg Q3W,intervention,1.0,2.0,5.0,9.0,13.0,18.0,21.0,Day 1 of each 3-week cycle (Q3W).,,2016.0
PMID 26712084b_Summary_SoE.pdf,Docetaxel 75 mg/m2 Q3W,control,1.0,2.0,5.0,9.0,13.0,18.0,21.0,Day 1 of each 3-week cycle (Q3W).,,2016.0
PMID 26811519 a_Summary_SoE.pdf,Arm A (Pemetrexed + Cisplatin + TRT),intervention,1.0,22.0,38.0,47.0,49.0,50.0,21.0,"Daily visits for 33 fractions of TRT (5 days/week for 6.6 weeks), followed by weekly visits (Day 1, 8, 15) during 21-day consolidation cycles.",,2016.0
PMID 26811519 a_Summary_SoE.pdf,Arm B (Etoposide + Cisplatin + TRT),control,1.0,22.0,38.0,44.0,45.0,46.0,28.0,"Daily visits for 33 fractions of TRT (5 days/week for 6.6 weeks), followed by weekly visits (Day 1, 8, 15, 22) during 28-day consolidation cycles.",,2016.0
PMID 26858335 a_Summary_SoE.pdf,Epoetin Alfa Group,intervention,1.0,5.0,13.0,26.0,39.0,52.0,7.0,Weekly visits for study drug administration (Epoetin Alfa) and safety assessments.,,2016.0
PMID 26858335 a_Summary_SoE.pdf,Control Group (Standard Supportive Care),control,1.0,5.0,13.0,26.0,39.0,52.0,7.0,Weekly visits for Hb monitoring and safety assessments; chemotherapy every 3 weeks.,,2016.0
PMID 26884585 a_Summary_SoE.pdf,Apatinib group (850 mg once daily),intervention,2.0,6.0,12.0,23.0,35.0,50.0,28.0,"Cycle 1 is intensive with weekly visits (Days 1, 8, 15, 22, 28). Subsequent cycles follow a biweekly pattern (every 14 days) for routine monitoring, with intensive weekly monitoring repeated every 3 cycles (e.g., Cycle 4, 7, 10, 13) as indicated in the Schedule of Assessments table.",,2016.0
PMID 26884585 a_Summary_SoE.pdf,Placebo group,control,2.0,6.0,12.0,23.0,35.0,50.0,28.0,"Identical to the Apatinib arm: Cycle 1 intensive weekly visits, followed by biweekly visits with intensive monitoring every 3 cycles.",,2016.0
PMID 26933849 a_Summary_SoE.pdf,Arm A (Every-3-week Paclitaxel + Carboplatin),control,1.0,2.0,5.0,7.0,8.0,9.0,21.0,Day 1 of each 21-day cycle for 6 cycles.,,2016.0
PMID 26933849 a_Summary_SoE.pdf,Arm B (Weekly Paclitaxel + Carboplatin),intervention,1.0,5.0,13.0,19.0,20.0,21.0,21.0,"Days 1, 8, and 15 of each 21-day cycle for 6 cycles.",,2016.0
PMID 26997579 a _Summary_SoE.pdf,APF530 arm,intervention,1.0,2.0,2.0,2.0,2.0,2.0,21.0,"Screening visit (Day -7 to -1), Day 1 (Treatment), and Safety Follow-up visit (Day 8).",,2016.0
PMID 26997579 a _Summary_SoE.pdf,Ondansetron arm,control,1.0,2.0,2.0,2.0,2.0,2.0,21.0,"Screening visit (Day -7 to -1), Day 1 (Treatment), and Safety Follow-up visit (Day 8).",,2016.0
PMID 27044935 a_Summary_SoE.pdf,Arm 1 (Conventionally Fractionated 3D-CRT/IMRT),control,3.0,22.0,42.0,43.0,44.0,45.0,7.0,Daily radiation therapy 5 days per week for 8.2 weeks (41 fractions total).,,2016.0
PMID 27044935 a_Summary_SoE.pdf,Arm 2 (Hypofractionated 3D-CRT/IMRT),intervention,3.0,22.0,29.0,30.0,31.0,32.0,7.0,Daily radiation therapy 5 days per week for 5.6 weeks (28 fractions total).,,2016.0
PMID 27119237 a_Summary_SoE.pdf,Arm A (MLN9708 + Lenalidomide + Dexamethasone),intervention,1.0,5.0,11.0,14.0,17.0,21.0,28.0,"Cycles 1-2: Days 1, 7, 14, 21; Cycle 3: Days 1, 14; Cycle 4+: Day 1",,2016.0
PMID 27119237 a_Summary_SoE.pdf,Arm B (Placebo + Lenalidomide + Dexamethasone),control,1.0,5.0,11.0,14.0,17.0,21.0,28.0,"Cycles 1-2: Days 1, 7, 14, 21; Cycle 3: Days 1, 14; Cycle 4+: Day 1",,2016.0
PMID 27264120 a_Summary_SoE.pdf,Arm 1 (Letrozole),intervention,1.0,0.0,0.0,1.0,1.0,2.0,1.0,"Screening visit (Day -30 to 0), Month 6 visit, and Month 12 visit.",,2016.0
PMID 27264120 a_Summary_SoE.pdf,Arm 2 (Placebo),control,1.0,0.0,0.0,1.0,1.0,2.0,1.0,"Screening visit (Day -30 to 0), Month 6 visit, and Month 12 visit.",,2016.0
PMID 27354480 a_Summary_SoE.pdf,Lenalidomide,intervention,1.0,5.0,11.0,15.0,16.0,16.0,28.0,"Weekly monitoring for the first 8 weeks (Cycles 1-2), every 2 weeks for the next 8 weeks (Cycles 3-4), and every 4 weeks thereafter (Cycles 5-6). End of treatment at Week 24.",,2016.0
PMID 27354480 a_Summary_SoE.pdf,Placebo,control,1.0,5.0,11.0,15.0,16.0,16.0,28.0,"Weekly monitoring for the first 8 weeks (Cycles 1-2), every 2 weeks for the next 8 weeks (Cycles 3-4), and every 4 weeks thereafter (Cycles 5-6). End of treatment at Week 24.",,2016.0
PMID 27458307 a_Summary_SoE.pdf,Arm A (Ipilimumab + Etoposide/Platinum),intervention,1.0,6.0,13.0,16.0,17.0,18.0,21.0,"Induction: Cycles 1-4 (Days 1, 2, 3), Cycles 5-6 (Day 3 only). Standalone assessment at Week 19. Maintenance: Every 12 weeks starting at Week 25.",,2016.0
PMID 27458307 a_Summary_SoE.pdf,Arm B (Placebo + Etoposide/Platinum),control,1.0,6.0,13.0,16.0,17.0,18.0,21.0,"Induction: Cycles 1-4 (Days 1, 2, 3), Cycles 5-6 (Day 3 only). Standalone assessment at Week 19. Maintenance: Every 12 weeks starting at Week 25.",,2016.0
PMID 27458945 a_Summary_SoE.pdf,Arm A (Radiosurgery alone),intervention,2.0,1.0,3.0,4.0,5.0,6.0,,"Single session of SRS on Day 1, followed by observation visits at Week 6, Week 12, Month 6, Month 9, and Month 12.",,2016.0
PMID 27458945 a_Summary_SoE.pdf,Arm B (Radiosurgery + Whole Brain Radiation Therapy),control,2.0,13.0,15.0,16.0,17.0,18.0,,"SRS on Day 1, followed by 12 fractions of WBRT (5 days/week for ~2.5 weeks). Observation visits at Week 6, Week 12, Month 6, Month 9, and Month 12.",,2016.0
PMID 27557302 a_Summary_SoE.pdf,"DVd (Daratumumab, Bortezomib, and Dexamethasone)",intervention,1.0,8.0,21.0,36.0,39.0,43.0,21.0,"Cycles 1-3: Days 1, 4, 8, 11, 15 (5 days); Cycles 4-8: Days 1, 4, 8, 11 (4 days); Cycle 9+: Day 1 (1 day)",,2016.0
PMID 27557302 a_Summary_SoE.pdf,Vd (Bortezomib and Dexamethasone),control,1.0,7.0,18.0,33.0,36.0,40.0,21.0,"Cycles 1-8: Days 1, 4, 8, 11 (4 days); Cycle 9+: Day 1 (1 day)",,2016.0
PMID 27569442 CT_Summary_SoE.pdf,Arm 1 & 3 (MAP - Standard Therapy),control,2.0,4.0,15.0,31.0,38.0,41.0,35.0,"Induction: Weeks 1, 4, 5, 6, 9, 10. Post-Op: Weeks 12, 15, 16, 17, 20, 21, 22, 24, 25, 26, 28, 29.",,2016.0
PMID 27569442 CT_Summary_SoE.pdf,Arm 2 (MAPifn - Pegylated Interferon),intervention,2.0,4.0,15.0,31.0,47.0,61.0,35.0,"Standard MAP for 29 weeks, followed by weekly Peg-IFN injections from Week 30 to 104.",,2016.0
PMID 27569442 CT_Summary_SoE.pdf,Arm 4 (MAPIE - Ifosfamide/Etoposide),intervention,2.0,4.0,15.0,34.0,52.0,56.0,28.0,"Induction MAP followed by MAPIE cycles (Weeks 16, 24, 32 are 5-day infusions; Weeks 20, 36 are 3-day infusions).",,2016.0
PMID 27705267 a_Summary_SoE.pdf,"Arm A (DRd: Daratumumab, Lenalidomide, and Dexamethasone)",intervention,2.0,5.0,11.0,17.0,20.0,24.0,28.0,"Weekly (Days 1, 8, 15, 22) for Cycles 1-2; Bi-weekly (Days 1, 15) for Cycles 3-6; Monthly (Day 1) for Cycle 7+.",,2016.0
PMID 27705267 a_Summary_SoE.pdf,Arm B (Rd: Lenalidomide and Dexamethasone),control,2.0,5.0,11.0,17.0,20.0,24.0,28.0,"Weekly (Days 1, 8, 15, 22) for Cycles 1-2; Bi-weekly (Days 1, 15) for Cycles 3-6; Monthly (Day 1) for Cycle 7+.",,2016.0
PMID 27717299 a_Summary_SoE.pdf,Niraparib (Main Study),intervention,2.0,5.0,7.0,10.0,13.0,17.0,28.0,"Cycle 1: Day 1, 8, 15, 21. Subsequent Cycles: Day 1 only.",,2016.0
PMID 27717299 a_Summary_SoE.pdf,Placebo (Main Study),control,2.0,5.0,7.0,10.0,13.0,17.0,28.0,"Cycle 1: Day 1, 8, 15, 21. Subsequent Cycles: Day 1 only.",,2016.0
PMID 27717299 a_Summary_SoE.pdf,Niraparib (Food Effect Sub-Study),intervention,1.0,14.0,16.0,19.0,23.0,26.0,28.0,"FE Period: Days 1-6, 8-13. Cycle 1: Day 1, 15. Subsequent Cycles: Day 1 only.",,2016.0
PMID 27717303 a_Summary_SoE.pdf,Arm A (Ribociclib + Letrozole),intervention,2.0,3.0,5.0,8.0,11.0,15.0,28.0,Cycle 1: Day 1 and Day 15. Subsequent cycles: Day 1 only.,,2016.0
PMID 27717303 a_Summary_SoE.pdf,Arm B (Placebo + Letrozole),control,2.0,3.0,5.0,8.0,11.0,15.0,28.0,Cycle 1: Day 1 and Day 15. Subsequent cycles: Day 1 only.,,2016.0
PMID 27718781 a_Summary_SoE.pdf,Arm A (Sunitinib 50 mg schedule 4/2),intervention,2.0,2.0,4.0,6.0,8.0,10.0,42.0,Cycle 1: Day 1 and Day 28. Subsequent Cycles (2-9): Day 1 only.,,2016.0
PMID 27718781 a_Summary_SoE.pdf,Arm B (Placebo),control,2.0,2.0,4.0,6.0,8.0,10.0,42.0,Cycle 1: Day 1 and Day 28. Subsequent Cycles (2-9): Day 1 only.,,2016.0
PMID 27718784 a_Summary_SoE.pdf,Arm N (Nivolumab),intervention,1.0,3.0,7.0,13.0,20.0,27.0,14.0,Nivolumab 3 mg/kg IV every 2 weeks (Q2W).,,2016.0
PMID 27718784 a_Summary_SoE.pdf,Arm IC (Investigator's Choice),control,1.0,5.0,13.0,26.0,39.0,53.0,7.0,"Investigator's Choice (Cetuximab, Methotrexate, or Docetaxel) administered weekly.",,2016.0
PMID 27731748 a_Summary_SoE.pdf,Ofatumumab plus fludarabine and cyclophosphamide (OFA+FC),intervention,0.0,0.0,0.0,0.0,0.0,0.0,,Not specified in the provided document.,,2017.0
PMID 27731748 a_Summary_SoE.pdf,Fludarabine and cyclophosphamide (FC),control,0.0,0.0,0.0,0.0,0.0,0.0,,Not specified in the provided document.,,2017.0
PMID 27787547 a_Summary_SoE.pdf,cG250,intervention,1.0,5.0,13.0,24.0,25.0,26.0,7.0,"Weekly infusions for 24 weeks, followed by follow-up visits at Month 9 and Month 12.",,2017.0
PMID 27787547 a_Summary_SoE.pdf,Placebo,control,1.0,5.0,13.0,24.0,25.0,26.0,7.0,"Weekly infusions for 24 weeks, followed by follow-up visits at Month 9 and Month 12.",,2017.0
PMID 27908454 CT_Summary_SoE.pdf,Arm A (Fulvestrant 500 mg),intervention,1.0,3.0,5.0,8.0,11.0,15.0,28.0,"Loading doses on Days 0, 14, 28; maintenance injections every 28 days thereafter. Full study visits (imaging, labs, assessments) occur every 12 weeks.",,2016.0
PMID 27908454 CT_Summary_SoE.pdf,Arm B (Anastrozole 1 mg),control,1.0,3.0,5.0,8.0,11.0,15.0,28.0,"Loading doses of placebo injections on Days 0, 14, 28; maintenance placebo injections every 28 days thereafter. Full study visits occur every 12 weeks. Anastrozole is taken daily at home.",,2016.0
PMID 27914822_Summary_SoE.pdf,STS Arm (Sodium Thiosulfate + Cisplatin),intervention,1.0,4.0,8.0,9.0,10.0,10.0,21.0,"Day 1 (Cisplatin + STS infusion), Day 8 (Post-cisplatin labs) per cycle.",,2017.0
PMID 27914822_Summary_SoE.pdf,Observation Arm (Cisplatin Only),control,1.0,4.0,8.0,9.0,10.0,10.0,21.0,"Day 1 (Cisplatin infusion), Day 8 (Post-cisplatin labs) per cycle.",,2017.0
PMID 27918724 a_Summary_SoE.pdf,Telotristat etiprate 250 mg tid,intervention,1.0,2.0,5.0,9.0,10.0,13.0,0.0,"Screening, Day 1, Week 2, Week 6, Week 8, Week 12, Week 14, Week 18, Week 20, Week 24, Week 32, Week 40, Week 48, Week 50",,2017.0
PMID 27918724 a_Summary_SoE.pdf,Telotristat etiprate 500 mg tid,intervention,1.0,2.0,5.0,9.0,10.0,13.0,0.0,"Screening, Day 1, Week 2, Week 6, Week 8, Week 12, Week 14, Week 18, Week 20, Week 24, Week 32, Week 40, Week 48, Week 50",,2017.0
PMID 27918724 a_Summary_SoE.pdf,Placebo,control,1.0,2.0,5.0,9.0,10.0,13.0,0.0,"Screening, Day 1, Week 2, Week 6, Week 8, Week 12, Week 14, Week 18, Week 20, Week 24, Week 32, Week 40, Week 48, Week 50",,2017.0
PMID 27918780 a_Summary_SoE.pdf,Hercules + Taxane,intervention,1.0,3.0,6.0,10.0,14.0,19.0,21.0,Cycle 1: Day 1 (Trastuzumab loading) and Day 2 (Taxane). Cycles 2-18: Day 1 (Trastuzumab + Taxane).,,2017.0
PMID 27918780 a_Summary_SoE.pdf,Herceptin + Taxane,control,1.0,3.0,6.0,10.0,14.0,19.0,21.0,Cycle 1: Day 1 (Trastuzumab loading) and Day 2 (Taxane). Cycles 2-18: Day 1 (Trastuzumab + Taxane).,,2017.0
PMID 27959613 a_Summary_SoE.pdf,Arm A (PD-0332991 + Letrozole),intervention,1.0,3.0,6.0,9.0,12.0,16.0,28.0,Cycles 1-2: Day 1 and Day 14. Cycles 3+: Day 1 only.,,2016.0
PMID 27959613 a_Summary_SoE.pdf,Arm B (Placebo + Letrozole),control,1.0,3.0,6.0,9.0,12.0,16.0,28.0,Cycles 1-2: Day 1 and Day 14. Cycles 3+: Day 1 only.,,2016.0
PMID 27959700 a_Summary_SoE.pdf,Arm A (AZD9291 / Osimertinib),intervention,1.0,5.0,8.0,11.0,13.0,15.0,21.0,"Cycle 1: Days 1, 8, 15; Cycles 2-7: Day 1; Cycle 8 onwards: Day 1 every 42 days.",,2017.0
PMID 27959700 a_Summary_SoE.pdf,Arm B (Platinum-based doublet chemotherapy),control,1.0,3.0,6.0,10.0,14.0,19.0,21.0,Day 1 of every 21-day cycle.,,2017.0
PMID 27979383 a_Summary_SoE.pdf,Atezolizumab,intervention,0.0,0.0,0.0,0.0,0.0,0.0,,Not available in provided document,,2017.0
PMID 27979383 a_Summary_SoE.pdf,Docetaxel,control,0.0,0.0,0.0,0.0,0.0,0.0,,Not available in provided document,,2017.0
PMID 28029326 a_Summary_SoE.pdf,Arm A (Ofatumumab + DHAP),intervention,2.0,13.0,28.0,50.0,52.0,53.0,21.0,"DHAP chemotherapy on Days 1-4 of each 21-day cycle. Ofatumumab infusions on C1D1, C1D8, C2D1, and C3D1. Twice weekly labs during salvage chemotherapy. Stem cell harvest (~3 days) in Cycle 2 or 3. HDT/ASCT inpatient stay (~21 days).",,2017.0
PMID 28029326 a_Summary_SoE.pdf,Arm B (Rituximab + DHAP),control,2.0,13.0,28.0,50.0,52.0,53.0,21.0,"DHAP chemotherapy on Days 1-4 of each 21-day cycle. Rituximab infusions on C1D1, C1D8, C2D1, and C3D1. Twice weekly labs during salvage chemotherapy. Stem cell harvest (~3 days) in Cycle 2 or 3. HDT/ASCT inpatient stay (~21 days).",,2017.0
PMID 28030702 a_Summary_SoE.pdf,Arm A (Zoledronic acid 4 mg IV every 4 weeks),control,2.0,2.0,4.0,7.0,10.0,14.0,28.0,Visits occur every 4 weeks (28 days). Arm A receives an IV infusion at every visit.,,2017.0
PMID 28030702 a_Summary_SoE.pdf,Arm B (Zoledronic acid 4 mg IV every 12 weeks),intervention,2.0,2.0,4.0,7.0,10.0,14.0,28.0,"Assessments occur every 4 weeks (28 days) for both arms. Arm B receives an IV infusion every 12 weeks (every 3rd visit). Intermediate visits (weeks 4, 8, 16, 20, etc.) are for labs only.",,2017.0
PMID 28034081 a_Summary_SoE.pdf,Arm A (Ipilimumab 10 mg/kg),intervention,1.0,2.0,5.0,7.0,8.0,9.0,21.0,"Induction: Weeks 1, 4, 7, 10 (Dosing); Week 12 (Assessments); Week 18 (Assessments). Maintenance: Every 12 weeks (Weeks 24, 36, 48).",,2017.0
PMID 28034081 a_Summary_SoE.pdf,Arm B (Placebo),control,1.0,2.0,5.0,7.0,8.0,9.0,21.0,"Induction: Weeks 1, 4, 7, 10 (Dosing); Week 12 (Assessments); Week 18 (Assessments). Maintenance: Every 12 weeks (Weeks 24, 36, 48).",,2017.0
PMID 28056202 a_Summary_SoE.pdf,Arm A (Trastuzumab + Taxane),control,1.0,5.0,13.0,26.0,39.0,53.0,21.0,"Weekly (Days 1, 8, 15) for Paclitaxel option; q3w (Day 1) for Docetaxel option.",,2017.0
PMID 28056202 a_Summary_SoE.pdf,Arm B (T-DM1 + Pertuzumab),intervention,1.0,5.0,11.0,15.0,19.0,24.0,21.0,"Days 1, 8, 15 for Cycles 1-3; Day 1 only for subsequent cycles.",,2017.0
PMID 28056202 a_Summary_SoE.pdf,Arm C (T-DM1 + Pertuzumab-placebo),intervention,1.0,5.0,11.0,15.0,19.0,24.0,21.0,"Days 1, 8, 15 for Cycles 1-3; Day 1 only for subsequent cycles.",,2017.0
PMID 28076709 a_Summary_SoE.pdf,Arm A (177Lu-DOTA0-Tyr3-Octreotate + 30 mg Octreotide LAR),intervention,2.0,3.0,7.0,14.0,17.0,21.0,56.0,"Lutathera infusions every 8 weeks (W0, 8, 16, 24) with Octreotide LAR injections the following day. Intermediate lab/ECG visits at W4, 6, 14, 20, 22. Maintenance Octreotide LAR every 4 weeks from W28.",,2017.0
PMID 28076709 a_Summary_SoE.pdf,Arm B (60 mg Octreotide LAR),control,2.0,2.0,4.0,7.0,10.0,14.0,28.0,"Octreotide LAR injections every 4 weeks (W0, 4, 8, 12, 16, 20, 24, 28, 32, 36, 40, 44, 48, 52).",,2017.0
PMID 28125763 a_Summary_SoE.pdf,Arm B (Zometa every 12 weeks),intervention,1.0,2.0,4.0,7.0,10.0,14.0,28.0,Visits occur every 4 weeks (28 days). Both arms receive infusions at every treatment visit (either Zometa or placebo).,,2017.0
PMID 28125763 a_Summary_SoE.pdf,Arm A (Zometa every 4 weeks),control,1.0,2.0,4.0,7.0,10.0,14.0,28.0,Visits occur every 4 weeks (28 days). Both arms receive infusions at every treatment visit.,,2017.0
PMID 28126333 a_Summary_SoE.pdf,Arm 1 (LDK378),intervention,2.0,3.0,6.0,10.0,14.0,20.0,21.0,Cycle 1: Days 1 and 15; Cycles 2-18: Day 1; plus 1 End of Treatment (EOT) visit.,,2017.0
PMID 28126333 a_Summary_SoE.pdf,Arm 2 (Reference Chemotherapy),control,2.0,3.0,6.0,10.0,14.0,20.0,21.0,Cycle 1: Days 1 and 15; Cycles 2-18: Day 1; plus 1 End of Treatment (EOT) visit.,,2017.0
PMID 28135150 a_Summary_SoE.pdf,Arm A (Observation),control,2.0,2.0,3.0,4.0,5.0,6.0,7.0,"Observation arm with clinic visits on Day 22 (QLI) and Day 29 (Vitals/HP), followed by quarterly follow-up visits.",,2017.0
PMID 28135150 a_Summary_SoE.pdf,Arm B (Four Weeks High-dose IFN Alfa-2b),intervention,2.0,21.0,22.0,23.0,24.0,25.0,7.0,20 doses of IFN Alfa-2b administered IV over 4 weeks (5 days per week). Day 29 is a safety/labs visit. Quarterly follow-up thereafter.,,2017.0
PMID 28139405 CT_Summary_SoE.pdf,Arm A (Idelalisib + bendamustine/rituximab),intervention,1.0,5.0,11.0,19.0,21.0,23.0,28.0,"Days 1, 2, and 15 for Cycles 1-6; then Week 24, 30, 36, 42, 48.",,2017.0
PMID 28139405 CT_Summary_SoE.pdf,Arm B (Placebo + bendamustine/rituximab),control,1.0,5.0,11.0,19.0,21.0,23.0,28.0,"Days 1, 2, and 15 for Cycles 1-6; then Week 24, 30, 36, 42, 48.",,2017.0
PMID 28140392 a_Summary_SoE.pdf,Lenalidomide (LEN) Arm,intervention,1.0,2.0,4.0,7.0,10.0,14.0,28.0,1 visit per 28-day cycle (Day 1) for drug dispensing and safety monitoring.,,2017.0
PMID 28140392 a_Summary_SoE.pdf,Chlorambucil (CHB) Arm,control,1.0,3.0,7.0,13.0,20.0,27.0,28.0,2 visits per 28-day cycle (Day 1 and Day 15) for drug administration.,,2017.0
PMID 28146658 a_Summary_SoE.pdf,Arm A (Radiation Therapy + Casodex),intervention,2.0,22.0,37.0,38.0,39.0,40.0,0.0,36 daily radiation fractions (5 days/week) followed by clinic visits at 1 month post-RT and every 3 months thereafter.,,2017.0
PMID 28146658 a_Summary_SoE.pdf,Arm B (Radiation Therapy + Placebo),control,2.0,22.0,37.0,38.0,39.0,40.0,0.0,36 daily radiation fractions (5 days/week) followed by clinic visits at 1 month post-RT and every 3 months thereafter.,,2017.0
PMID 28212060 a_Summary_SoE.pdf,Arm A (Pembrolizumab),intervention,2.0,3.0,6.0,10.0,14.0,19.0,21.0,Day 1 of each 3-week cycle for treatment. One additional mid-cycle PK lab visit required in Cycle 1 (Day 4-8).,,2017.0
PMID 28212060 a_Summary_SoE.pdf,"Arm B (Investigator's Choice: Paclitaxel, Docetaxel, or Vinflunine)",control,2.0,5.0,9.0,13.0,17.0,22.0,21.0,Day 1 of each 3-week cycle for treatment. Additional lab visits (CBC/Chemistry) required on Days 8 and 15 of Cycles 1 and 2.,,2017.0
PMID 28249141 a_Summary_SoE.pdf,Arm 1 (Blinatumomab),intervention,2.0,6.0,15.0,28.0,36.0,42.0,42.0,"D1, D2, D3, D8, D15, D29 per cycle",,2017.0
PMID 28249141 a_Summary_SoE.pdf,Arm 2 (Standard of Care Chemotherapy),control,2.0,6.0,15.0,28.0,36.0,42.0,42.0,"D1, D2, D3, D8, D15, D29 per cycle",,2017.0
PMID 28257752 CT_Summary_SoE.pdf,Arm A (Idelalisib + Ofatumumab),intervention,1.0,5.0,9.0,12.0,14.0,16.0,7.0,"Weekly for Weeks 1-8, then every 4 weeks until Week 24, then every 6 weeks until Week 48.",,2017.0
PMID 28257752 CT_Summary_SoE.pdf,Arm B (Ofatumumab),control,1.0,5.0,9.0,12.0,14.0,16.0,7.0,"Weekly for Weeks 1-8, then every 4 weeks until Week 24, then every 6 weeks until Week 48.",,2017.0
PMID 28296618 a_Summary_SoE.pdf,Arm 1 (Short-course Radiation Therapy Alone),control,2.0,18.0,19.0,20.0,21.0,22.0,21.0,Daily RT for 15 fractions over 3 weeks; formal evaluation 1 week and 4 weeks post-RT; then every 3 months.,,2017.0
PMID 28296618 a_Summary_SoE.pdf,Arm 2 (Short-course RT plus Concurrent and Adjuvant Temozolomide),intervention,2.0,18.0,23.0,29.0,36.0,43.0,28.0,Daily RT for 15 fractions; weekly clinic/labs for 4 weeks post-RT; then 28-day cycles with Day 1 (Clinic/Imaging) and Day 21 (Labs).,,2017.0
PMID 28380315 a_Summary_SoE.pdf,Reduced Intensity Conditioning (RIC),intervention,1.0,10.0,18.0,21.0,21.0,22.0,0.0,"Conditioning (Days -6 to -2), Transplant (Day 0), Weekly follow-up to Day 84, then Day 91, 100, 6 months, and 12 months.",,2017.0
PMID 28380315 a_Summary_SoE.pdf,Myeloablative Conditioning (MAC),control,1.0,11.0,19.0,22.0,22.0,23.0,0.0,"Conditioning (Days -7 to -2), Transplant (Day 0), Weekly follow-up to Day 84, then Day 91, 100, 6 months, and 12 months.",,2017.0
PMID 28384065 a_Summary_SoE.pdf,Arm 1 (Depot Octreotide + Bevacizumab),intervention,1.0,2.0,5.0,9.0,13.0,18.0,21.0,Day 1 of each 21-day cycle.,,2017.0
PMID 28384065 a_Summary_SoE.pdf,Arm 2 (Depot Octreotide + Interferon Alpha-2b),control,1.0,2.0,5.0,9.0,13.0,18.0,21.0,Day 1 of each 21-day cycle.,,2017.0
PMID 28438473 a_Summary_SoE.pdf,Arm I (Carboplatin + Paclitaxel),control,1.0,5.0,13.0,24.0,25.0,26.0,21.0,"Day 1 (Treatment + Labs), Day 8 (Labs), Day 15 (Labs) per 21-day cycle.",,2017.0
PMID 28438473 a_Summary_SoE.pdf,Arm II (Carboplatin + Paclitaxel + Bevacizumab),intervention,1.0,5.0,13.0,25.0,29.0,34.0,21.0,"Chemo phase: Days 1, 8, 15 per cycle. Maintenance phase: Day 1 every 21 days.",,2017.0
PMID 28438473 a_Summary_SoE.pdf,Arm III (Surgery + Carboplatin + Paclitaxel),intervention,1.0,2.0,10.0,23.0,26.0,27.0,21.0,"Surgery (Day 1), Pre-chemo (Day 28), then 21-day chemo cycles (Days 1, 8, 15).",,2017.0
PMID 28438473 a_Summary_SoE.pdf,Arm IV (Surgery + Carboplatin + Paclitaxel + Bevacizumab),intervention,1.0,2.0,10.0,23.0,30.0,34.0,21.0,"Surgery, Pre-chemo, 8 chemo cycles (3 visits each), then maintenance (1 visit each).",,2017.0
PMID 28492898 CT_Summary_SoE.pdf,Arm A (Selumetinib + Docetaxel),intervention,1.0,6.0,12.0,17.0,21.0,26.0,21.0,"Cycle 1: Days 1, 2, 8, 15; Cycles 2-6: Days 1, 2; Cycles 7+: Day 1 every 3 weeks.",,2017.0
PMID 28492898 CT_Summary_SoE.pdf,Arm B (Placebo + Docetaxel),control,1.0,6.0,12.0,17.0,21.0,26.0,21.0,"Cycle 1: Days 1, 2, 8, 15; Cycles 2-6: Days 1, 2; Cycles 7+: Day 1 every 3 weeks.",,2017.0
PMID 28501140 CT_Summary_SoE.pdf,Alectinib,intervention,2.0,2.0,3.0,5.0,6.0,8.0,56.0,"Day 1, Week 4, Week 8, then every 8 weeks thereafter.",,2017.0
PMID 28501140 CT_Summary_SoE.pdf,Crizotinib,control,2.0,2.0,3.0,5.0,6.0,8.0,56.0,"Day 1, Week 4, Week 8, then every 8 weeks thereafter.",,2017.0
PMID 28578601 a_Summary_SoE.pdf,Arm A (Olaparib),intervention,2.0,6.0,9.0,13.0,17.0,22.0,21.0,"Cycle 1: Days 1, 8, 15. Cycles 2+: Day 1 only.",,2017.0
PMID 28578601 a_Summary_SoE.pdf,Arm B (Physician's Choice Chemotherapy),control,2.0,7.0,12.0,21.0,29.0,39.0,21.0,"Cycle 1: Days 1, 8, 15. Cycles 2+: Days 1 and 8 (for IV chemotherapy).",,2017.0
PMID 28578607 a_Summary_SoE.pdf,,,,,,,,,,,Unknown failure,2017.0
PMID 28580882 a_Summary_SoE.pdf,Arm A (Abemaciclib plus fulvestrant),intervention,2.0,3.0,5.0,8.0,11.0,15.0,28.0,Cycle 1: Days 1 and 15. Cycle 2 and beyond: Day 1 of each 28-day cycle.,,2017.0
PMID 28580882 a_Summary_SoE.pdf,Arm B (Placebo plus fulvestrant),control,2.0,3.0,5.0,8.0,11.0,15.0,28.0,Cycle 1: Days 1 and 15. Cycle 2 and beyond: Day 1 of each 28-day cycle.,,2017.0
PMID 28581356 a_Summary_SoE.pdf,Arm 1 (Pertuzumab + Trastuzumab + Chemotherapy),intervention,2.0,2.0,5.0,9.0,13.0,18.0,21.0,Day 1 of each 3-week cycle (q3w),,2017.0
PMID 28581356 a_Summary_SoE.pdf,Arm 2 (Placebo + Trastuzumab + Chemotherapy),control,2.0,2.0,5.0,9.0,13.0,18.0,21.0,Day 1 of each 3-week cycle (q3w),,2017.0
PMID 28600132 CT_Summary_SoE.pdf,Arm 1 (Brentuximab vedotin),intervention,1.0,4.0,9.0,13.0,17.0,21.0,21.0,Day 1 of each 21-day cycle for infusion. Additional PK lab visits on Day 2 and Day 4 of Cycle 1 and Cycle 3.,,2017.0
PMID 28600132 CT_Summary_SoE.pdf,Arm 2 (Physician's Choice: Methotrexate or Bexarotene),control,1.0,2.0,5.0,9.0,13.0,17.0,21.0,"Day 1 of each 21-day cycle for monitoring, labs, and drug dispensing.",,2017.0
PMID 28632865 a_Summary_SoE.pdf,Arm A (Bevacizumab + FOLFOX/FOLFIRI),control,2.0,3.0,8.0,16.0,24.0,33.0,56.0,"Bi-weekly infusions (Day 1, 15, 29, 43) per 56-day cycle. Staging scans every 8 weeks occur within 7 days prior to Day 1 of each cycle (starting Cycle 2).",,2017.0
PMID 28632865 a_Summary_SoE.pdf,Arm B (Cetuximab + FOLFOX/FOLFIRI),intervention,2.0,5.0,13.0,26.0,39.0,53.0,56.0,"Weekly infusions (Day 1, 8, 15, 22, 29, 36, 43, 50) per 56-day cycle.",,2017.0
PMID 28636851 a_Summary_SoE.pdf,Arm A (Nivolumab),intervention,2.0,3.0,7.0,13.0,19.0,26.0,14.0,Day 1 of every 2-week cycle,,2017.0
PMID 28636851 a_Summary_SoE.pdf,Arm B (Investigator's Choice Chemotherapy),control,2.0,4.0,9.0,15.0,18.0,21.0,21.0,Day 1 and Day 8 of every 3-week cycle for up to 6 cycles,,2017.0
PMID 28644114 a_Summary_SoE.pdf,Arm A (Midostaurin + Chemotherapy),intervention,2.0,23.0,42.0,59.0,71.0,80.0,28.0,"Induction: Daily for first 21 days (hospitalized), then twice weekly. Consolidation (4 cycles): Days 1, 3, 5, 8, 10, 15, 21. Continuation (12 cycles): Days 1, 15 (plus Days 3, 14 in even cycles for EKG).",,2017.0
PMID 28644114 a_Summary_SoE.pdf,Arm B (Placebo + Chemotherapy),control,2.0,23.0,42.0,59.0,71.0,80.0,28.0,"Identical to Arm A. Induction: Daily for first 21 days, then twice weekly. Consolidation: Days 1, 3, 5, 8, 10, 15, 21. Continuation: Days 1, 15 (plus Days 3, 14 in even cycles for EKG).",,2017.0
PMID 28687830 a_Summary_SoE.pdf,Arm 1 (Radiation Therapy + Paclitaxel + Cisplatin + Cetuximab),intervention,3.0,22.0,32.0,33.0,34.0,35.0,7.0,Daily radiation (5 days/week) for approximately 6 weeks (30 fractions total). Weekly chemotherapy and cetuximab infusions occur on radiation days.,,2017.0
PMID 28687830 a_Summary_SoE.pdf,Arm 2 (Radiation Therapy + Paclitaxel + Cisplatin),control,3.0,22.0,32.0,33.0,34.0,35.0,7.0,Daily radiation (5 days/week) for approximately 6 weeks (30 fractions total). Weekly chemotherapy infusions occur on radiation days.,,2017.0
PMID 28746153 CT_Summary_SoE.pdf,Thoracic Epidural Analgesia (TEA),intervention,1.0,8.0,8.0,8.0,8.0,8.0,0.0,Daily inpatient assessments from surgery (Day 1) through Postoperative Day 7 (Day 8).,,2017.0
PMID 28746153 CT_Summary_SoE.pdf,Intravenous Patient Controlled Analgesia (IVPCA),control,1.0,8.0,8.0,8.0,8.0,8.0,0.0,Daily inpatient assessments from surgery (Day 1) through Postoperative Day 7 (Day 8).,,2017.0
PMID 28753384 a_Summary_SoE.pdf,Arm A (Cabazitaxel 25 mg/m² + Prednisone),intervention,2.0,5.0,11.0,15.0,19.0,24.0,21.0,Day 1 of each 21-day cycle for treatment; Days 8 and 15 of the first 3 cycles for hematology/biochemistry monitoring.,,2017.0
PMID 28753384 a_Summary_SoE.pdf,Arm B (Cabazitaxel 20 mg/m² + Prednisone),intervention,2.0,5.0,11.0,15.0,19.0,24.0,21.0,Day 1 of each 21-day cycle for treatment; Days 8 and 15 of the first 3 cycles for hematology/biochemistry monitoring.,,2017.0
PMID 28753384 a_Summary_SoE.pdf,Arm C (Docetaxel 75 mg/m² + Prednisone),control,2.0,5.0,11.0,15.0,19.0,24.0,21.0,Day 1 of each 21-day cycle for treatment; Days 8 and 15 of the first 3 cycles for hematology/biochemistry monitoring.,,2017.0
PMID 28754483 CT_Summary_SoE.pdf,Olaparib 300 mg twice daily (bd) tablets,intervention,0.0,0.0,0.0,0.0,0.0,0.0,,Not specified in the provided document,,2017.0
PMID 28754483 CT_Summary_SoE.pdf,Matching placebo,control,0.0,0.0,0.0,0.0,0.0,0.0,,Not specified in the provided document,,2017.0
PMID 28796588 a_Summary_SoE.pdf,G-CHOP (GA101 plus CHOP),intervention,2.0,4.0,7.0,12.0,13.0,14.0,21.0,Day 1 of each 21-day cycle for 8 cycles; additional loading doses on Days 8 and 15 of Cycle 1.,,2017.0
PMID 28796588 a_Summary_SoE.pdf,R-CHOP (Rituximab plus CHOP),control,2.0,2.0,5.0,10.0,11.0,12.0,21.0,Day 1 of each 21-day cycle for 8 cycles.,,2017.0
PMID 28809610 a_Summary_SoE.pdf,Arm A (Cabazitaxel 20 mg/m² + Prednisone),intervention,2.0,5.0,11.0,15.0,18.0,20.0,21.0,Day 1 of each 21-day cycle for treatment. Weekly labs (Day 8 and 15) are performed during the first 3 cycles only. End of Treatment (EOT) occurs 30 days after the last dose. Follow-up visits occur every 6 weeks for the first 6 months post-discontinuation.,,2017.0
PMID 28809610 a_Summary_SoE.pdf,Arm B (Cabazitaxel 25 mg/m² + Prednisone),intervention,2.0,5.0,11.0,15.0,18.0,20.0,21.0,Day 1 of each 21-day cycle for treatment. Weekly labs (Day 8 and 15) are performed during the first 3 cycles only. End of Treatment (EOT) occurs 30 days after the last dose. Follow-up visits occur every 6 weeks for the first 6 months post-discontinuation.,,2017.0
PMID 28854067 a_Summary_SoE.pdf,Arm A (Ipilimumab + Paclitaxel + Carboplatin),intervention,1.0,2.0,5.0,8.0,9.0,10.0,21.0,"Induction Phase: Every 3 weeks for 6 cycles (Days 1, 22, 43, 64, 85, 106), followed by a Week 19 assessment (Day 127). Maintenance Phase: Every 12 weeks starting at Week 25 (Days 169, 253, 337).",,2017.0
PMID 28854067 a_Summary_SoE.pdf,Arm B (Placebo + Paclitaxel + Carboplatin),control,1.0,2.0,5.0,8.0,9.0,10.0,21.0,"Induction Phase: Every 3 weeks for 6 cycles (Days 1, 22, 43, 64, 85, 106), followed by a Week 19 assessment (Day 127). Maintenance Phase: Every 12 weeks starting at Week 25 (Days 169, 253, 337).",,2017.0
PMID 28885881 a_Summary_SoE.pdf,Arm A (MEDI4736 / Durvalumab),intervention,1.0,3.0,7.0,13.0,20.0,26.0,14.0,Every 2 weeks (Q2W) starting from Day 1 (Week 0) through Week 50.,,2017.0
PMID 28885881 a_Summary_SoE.pdf,Arm B (Placebo),control,1.0,3.0,7.0,13.0,20.0,26.0,14.0,Every 2 weeks (Q2W) starting from Day 1 (Week 0) through Week 50.,,2017.0
PMID 28891408 a_Summary_SoE.pdf,Arm 1 (Dabrafenib + Trametinib),intervention,2.0,2.0,4.0,7.0,10.0,13.0,28.0,"Day 1, then every 4 weeks (Months 1-12)",,2017.0
PMID 28891408 a_Summary_SoE.pdf,Arm 2 (Placebos),control,2.0,2.0,4.0,7.0,10.0,13.0,28.0,"Day 1, then every 4 weeks (Months 1-12)",,2017.0
PMID 28891423 a_Summary_SoE.pdf,Arm A (Ipilimumab 10 mg/kg),intervention,1.0,4.0,9.0,16.0,24.0,31.0,14.0,Overlapping q2w (Nivolumab/Placebo) and q3w/q12w (Ipilimumab/Placebo) schedules.,,2017.0
PMID 28891423 a_Summary_SoE.pdf,Arm B (Nivolumab 3 mg/kg),intervention,1.0,4.0,9.0,16.0,24.0,31.0,14.0,Overlapping q2w (Nivolumab/Placebo) and q3w/q12w (Ipilimumab/Placebo) schedules.,,2017.0
PMID 28902533 a_Summary_SoE.pdf,Arm A (Pazopanib),intervention,1.0,3.0,7.0,10.0,12.0,14.0,28.0,"D1, D8, W3, W5, W6.5, W8, W12, W16, W20, W24, W28, W36, W44, W52",,2017.0
PMID 28902533 a_Summary_SoE.pdf,Arm B (Placebo),control,1.0,3.0,7.0,10.0,12.0,14.0,28.0,"D1, D8, W3, W5, W6.5, W8, W12, W16, W20, W24, W28, W36, W44, W52",,2017.0
PMID 28916367 a_Summary_SoE.pdf,Rucaparib,intervention,2.0,2.0,4.0,7.0,10.0,14.0,28.0,Day 1 of every 28-day cycle.,,2017.0
PMID 28916367 a_Summary_SoE.pdf,Placebo,control,2.0,2.0,4.0,7.0,10.0,14.0,28.0,Day 1 of every 28-day cycle.,,2017.0
PMID 28916371 a_Summary_SoE.pdf,Arm A (Ramucirumab plus docetaxel),intervention,2.0,2.0,5.0,9.0,13.0,18.0,21.0,"Visits occur on Day 1 of every 21-day cycle (C1D1, C2D1, etc.).",,2017.0
PMID 28916371 a_Summary_SoE.pdf,Arm B (Placebo plus docetaxel),control,2.0,2.0,5.0,9.0,13.0,18.0,21.0,"Visits occur on Day 1 of every 21-day cycle (C1D1, C2D1, etc.).",,2017.0
PMID 28935843 a_Summary_SoE.pdf,Rituximab SC + CHOP,intervention,1.0,3.0,8.0,10.0,10.0,10.0,14.0,"1 treatment visit per cycle (up to 8 cycles), plus 1 interim staging visit after cycle 4 and 1 final response evaluation visit approximately 30 days after the last cycle.",,2017.0
PMID 28935843 a_Summary_SoE.pdf,Rituximab IV + CHOP,control,1.0,3.0,8.0,10.0,10.0,10.0,14.0,"1 treatment visit per cycle (up to 8 cycles), plus 1 interim staging visit after cycle 4 and 1 final response evaluation visit approximately 30 days after the last cycle.",,2017.0
PMID 28958469a_Summary_SoE.pdf,Lenalidomide maintenance,intervention,2.0,4.0,9.0,13.0,18.0,22.0,28.0,"Days 1, 8, 15 for Cycle 1 and first cycle of each dose escalation; Days 1, 15 for second cycle of each dose level; Day 1 for subsequent cycles.",,2017.0
PMID 28958469a_Summary_SoE.pdf,Placebo maintenance,control,2.0,4.0,9.0,13.0,18.0,22.0,28.0,"Days 1, 8, 15 for Cycle 1 and first cycle of each dose escalation; Days 1, 15 for second cycle of each dose level; Day 1 for subsequent cycles.",,2017.0
PMID 28968163 CT a_Summary_SoE.pdf,Arm A (LY2835219 + NSAI),intervention,1.0,2.0,5.0,10.0,14.0,20.0,28.0,"Day 1 of every cycle (Treatment/Labs/Clinic). Imaging (CT/MRI) occurs between Day 21-28 of every even cycle (C2, C4, C6, etc.).",,2017.0
PMID 28968163 CT a_Summary_SoE.pdf,Arm B (Placebo + NSAI),control,1.0,2.0,5.0,10.0,14.0,20.0,28.0,"Day 1 of every cycle (Treatment/Labs/Clinic). Imaging (CT/MRI) occurs between Day 21-28 of every even cycle (C2, C4, C6, etc.).",,2017.0
PMID 28976863 a_Summary_SoE.pdf,Arm B (Obinutuzumab + Bendamustine),intervention,2.0,7.0,11.0,17.0,19.0,20.0,28.0,"Cycle 1: Days 1, 2, 8, 15, 22 (Labs). Cycles 2-6: Days 1, 2. Maintenance: Every 2 months.",,2017.0
PMID 28976863 a_Summary_SoE.pdf,Arm A (Rituximab + Bendamustine),control,2.0,4.0,8.0,14.0,16.0,17.0,28.0,"Cycles 1-6: Days 1, 2. Maintenance: Every 2 months.",,2017.0
PMID 29091516 a_Summary_SoE.pdf,Bosutinib,intervention,3.0,5.0,9.0,12.0,13.0,14.0,,"Weekly in Month 1 (Days 1, 7, 14, 21, 28), bi-weekly in Months 2-3 (Days 42, 56, 70, 84), then monthly/quarterly (Days 112, 140, 168, 252, 336).",,2018.0
PMID 29091516 a_Summary_SoE.pdf,Imatinib,control,3.0,5.0,9.0,12.0,13.0,14.0,,"Weekly in Month 1 (Days 1, 7, 14, 21, 28), bi-weekly in Months 2-3 (Days 42, 56, 70, 84), then monthly/quarterly (Days 112, 140, 168, 252, 336).",,2018.0
PMID 29103871 CT_Summary_SoE.pdf,Arm A (Olaparib + Paclitaxel),intervention,2.0,5.0,12.0,21.0,24.0,28.0,28.0,"Cycles 1-2: Days 1, 8, 15, 22. Cycles 3-6: Days 1, 8, 15. Cycles 7+: Day 1 only.",,2017.0
PMID 29103871 CT_Summary_SoE.pdf,Arm B (Placebo + Paclitaxel),control,2.0,5.0,12.0,21.0,24.0,28.0,28.0,"Cycles 1-2: Days 1, 8, 15, 22. Cycles 3-6: Days 1, 8, 15. Cycles 7+: Day 1 only.",,2017.0
PMID 29136387 a_Summary_SoE.pdf,Arm A (Duloxetine),intervention,1.0,2.0,4.0,5.0,5.0,5.0,0.0,"Screening (PRE), Day 1, Week 2 (Day 15), Week 6 (Day 43), Week 12 (Day 85), Week 24 (Day 169)",,2018.0
PMID 29136387 a_Summary_SoE.pdf,Arm B (Placebo),control,1.0,2.0,4.0,5.0,5.0,5.0,0.0,"Screening (PRE), Day 1, Week 2 (Day 15), Week 6 (Day 43), Week 12 (Day 85), Week 24 (Day 169)",,2018.0
PMID 29151359 a_Summary_SoE.pdf,Arm A (AZD9291 / Osimertinib),intervention,1.0,4.0,7.0,10.0,12.0,14.0,21.0,"Cycle 1: Days 1, 8, 15; Cycles 2-6: Day 1; Cycle 7 onwards: Day 1 every 6 weeks (every 2 cycles).",,2018.0
PMID 29151359 a_Summary_SoE.pdf,Arm B (Standard of Care EGFR-TKI: Gefitinib or Erlotinib),control,1.0,4.0,7.0,10.0,12.0,14.0,21.0,"Cycle 1: Days 1, 8, 15; Cycles 2-6: Day 1; Cycle 7 onwards: Day 1 every 6 weeks (every 2 cycles).",,2018.0
PMID 29158011 CT_Summary_SoE.pdf,Arm A (Continuous Letrozole),control,1.0,0.0,0.0,1.0,1.0,2.0,0.0,"Visits occur every 6 months (Month 0, 6, 12, etc.)",,2018.0
PMID 29158011 CT_Summary_SoE.pdf,Arm B (Intermittent Letrozole),intervention,1.0,0.0,0.0,1.0,1.0,2.0,0.0,"Visits occur every 6 months (Month 0, 6, 12, etc.)",,2018.0
PMID 29169877 CT_Summary_SoE.pdf,Arm 1a (Carboplatin/Paclitaxel/Bevacizumab),control,2.0,2.0,5.0,9.0,13.0,18.0,21.0,Day 1 of each 21-day cycle for chemotherapy (6 cycles) and maintenance bevacizumab.,,2018.0
PMID 29169877 CT_Summary_SoE.pdf,Arm 1b (Carboplatin/Paclitaxel),control,2.0,2.0,5.0,9.0,12.0,13.0,21.0,"Day 1 of each 21-day cycle for 6 cycles, followed by follow-up visits every 3 months and scans every 6 weeks.",,2018.0
PMID 29169877 CT_Summary_SoE.pdf,Arm 2a (Carboplatin/Paclitaxel/Bevacizumab/Cetuximab),intervention,2.0,5.0,13.0,26.0,39.0,53.0,21.0,"Weekly visits (Day 1, 8, 15) for cetuximab infusions; Day 1 for chemo/bevacizumab.",,2018.0
PMID 29169877 CT_Summary_SoE.pdf,Arm 2b (Carboplatin/Paclitaxel/Cetuximab),intervention,2.0,5.0,13.0,26.0,39.0,53.0,21.0,"Weekly visits (Day 1, 8, 15) for cetuximab infusions; Day 1 for chemo.",,2018.0
PMID 29224502 a_Summary_SoE.pdf,Arm A (Brentuximab vedotin + AVD),intervention,1.0,5.0,12.0,17.0,18.0,19.0,28.0,"Days 1 and 15 of each 28-day cycle; additional PK days (D2, D3) in Cycles 1 and 3; PET scan on Cycle 2 Day 25.",,2018.0
PMID 29224502 a_Summary_SoE.pdf,Arm B (ABVD),control,1.0,3.0,8.0,13.0,14.0,15.0,28.0,Days 1 and 15 of each 28-day cycle; PET scan on Cycle 2 Day 25.,,2018.0
PMID 29231094 a_Summary_SoE.pdf,LMWH/Edoxaban,intervention,1.0,1.0,3.0,4.0,5.0,6.0,0.0,"Screening (Pre-randomization), Day 1, Day 31, then quarterly (Months 3, 6, 9, 12).",,2018.0
PMID 29231094 a_Summary_SoE.pdf,Dalteparin,control,1.0,1.0,3.0,4.0,5.0,6.0,0.0,"Screening (Pre-randomization), Day 1, Day 31, then quarterly (Months 3, 6, 9, 12).",,2018.0
PMID 29238824 a_Summary_SoE.pdf,Gabapentin Arm,intervention,1.0,1.0,1.0,1.0,1.0,1.0,0.0,"1 screening visit (pre-operative clinic), 1 treatment visit (day of surgery).",,2018.0
PMID 29238824 a_Summary_SoE.pdf,Placebo Arm,control,1.0,1.0,1.0,1.0,1.0,1.0,0.0,"1 screening visit (pre-operative clinic), 1 treatment visit (day of surgery).",,2018.0
PMID 29238824 a_Summary_SoE.pdf,Observational Arm,control,1.0,1.0,1.0,1.0,1.0,1.0,0.0,"1 screening visit (pre-operative clinic), 1 contact day (day of surgery for baseline data collection).",,2018.0
PMID 29244528 a_Summary_SoE.pdf,Arm A (Lapatinib + Trastuzumab + AI),intervention,2.0,2.0,5.0,9.0,13.0,18.0,21.0,Every 3 weeks for the entire duration for drug administration (Trastuzumab infusions).,,2018.0
PMID 29244528 a_Summary_SoE.pdf,Arm B (Trastuzumab + AI),control,2.0,2.0,5.0,9.0,13.0,18.0,21.0,Every 3 weeks for the entire duration for drug administration (Trastuzumab infusions).,,2018.0
PMID 29244528 a_Summary_SoE.pdf,Arm C (Lapatinib + AI),intervention,2.0,2.0,5.0,9.0,11.0,13.0,21.0,Every 3 weeks for the first 6 months; every 6 weeks thereafter for assessments and dispensing.,,2018.0
PMID 29268948 a_Summary_SoE.pdf,Arm A (Atezolizumab),intervention,2.0,2.0,6.0,11.0,17.0,23.0,21.0,Day 1 of each 21-day cycle for infusions; Tumor assessments every 9 weeks.,,2018.0
PMID 29268948 a_Summary_SoE.pdf,"Arm B (Chemotherapy: Vinflunine, Paclitaxel, or Docetaxel)",control,2.0,2.0,6.0,11.0,17.0,23.0,21.0,Day 1 of each 21-day cycle for infusions; Tumor assessments every 9 weeks.,,2018.0
PMID 29373094 a_Summary_SoE.pdf,Arm A (SB3 - proposed trastuzumab biosimilar),intervention,2.0,3.0,6.0,11.0,14.0,19.0,21.0,"Day 1 of every 21-day cycle, plus Day 8 of Cycle 1, plus surgery and end-of-study visits.",,2018.0
PMID 29373094 a_Summary_SoE.pdf,Arm B (Herceptin - trastuzumab),control,2.0,3.0,6.0,11.0,14.0,19.0,21.0,"Day 1 of every 21-day cycle, plus Day 8 of Cycle 1, plus surgery and end-of-study visits.",,2018.0
PMID 29420164 a_Summary_SoE.pdf,Arm A (Apalutamide),intervention,1.0,2.0,4.0,7.0,8.0,10.0,28.0,C1-C6 every 28 days; C7-C13 every 56 days; C17+ every 112 days. Imaging every 112 days (16 weeks).,,2018.0
PMID 29420164 a_Summary_SoE.pdf,Arm B (Placebo),control,1.0,2.0,4.0,7.0,8.0,10.0,28.0,C1-C6 every 28 days; C7-C13 every 56 days; C17+ every 112 days. Imaging every 112 days (16 weeks).,,2018.0
PMID 29477665 CT_Summary_SoE.pdf,Arm B (Vemurafenib),intervention,3.0,5.0,8.0,11.0,14.0,17.0,28.0,"Cycle 1: Days 1, 8, 15, 22; Cycle 2: Days 1, 15; Cycles 3-13: Day 1 only.",,2018.0
PMID 29477665 CT_Summary_SoE.pdf,Arm A (Placebo),control,3.0,5.0,8.0,11.0,14.0,17.0,28.0,"Cycle 1: Days 1, 8, 15, 22; Cycle 2: Days 1, 15; Cycles 3-13: Day 1 only.",,2018.0
PMID 29522138 a_Summary_SoE.pdf,Pacritinib 400 mg QD,intervention,3.0,4.0,6.0,9.0,10.0,11.0,28.0,"Screening (3 visits), then Day 1, Week 2, Week 3, Week 4, Week 8, Week 12, Week 16, Week 20, Week 24, then every 12 weeks thereafter.",,2018.0
PMID 29522138 a_Summary_SoE.pdf,Pacritinib 200 mg BID,intervention,3.0,4.0,6.0,9.0,10.0,11.0,28.0,"Screening (3 visits), then Day 1, Week 2, Week 3, Week 4, Week 8, Week 12, Week 16, Week 20, Week 24, then every 12 weeks thereafter.",,2018.0
PMID 29522138 a_Summary_SoE.pdf,Best Available Therapy (BAT),control,3.0,4.0,6.0,9.0,10.0,11.0,28.0,"Screening (3 visits), then Day 1, Week 2, Week 3, Week 4, Week 8, Week 12, Week 16, Week 20, Week 24, then every 12 weeks thereafter.",,2018.0
PMID 29528792 a_Summary_SoE.pdf,Arm A (Selumetinib + Dacarbazine),intervention,1.0,4.0,7.0,11.0,15.0,20.0,21.0,"Cycle 1: Days 1, 8, 15. Subsequent cycles: Day 1 only (Q3W).",,2018.0
PMID 29528792 a_Summary_SoE.pdf,Arm B (Placebo + Dacarbazine),control,1.0,4.0,7.0,11.0,15.0,20.0,21.0,"Cycle 1: Days 1, 8, 15. Subsequent cycles: Day 1 only (Q3W).",,2018.0
PMID 29543933 a_Summary_SoE.pdf,Arm 1: Standard-dose (70.2 Gy in 39 fractions) 3D-CRT/IMRT,control,2.0,22.0,40.0,41.0,42.0,43.0,,"Daily radiation therapy (5 days/week) for 39 fractions (~8 weeks), followed by quarterly follow-up visits.",,2018.0
PMID 29543933 a_Summary_SoE.pdf,Arm 2: High-dose (79.2 Gy in 44 fractions) 3D-CRT/IMRT,intervention,2.0,22.0,45.0,46.0,47.0,48.0,,"Daily radiation therapy (5 days/week) for 44 fractions (~9 weeks), followed by quarterly follow-up visits.",,2018.0
PMID 29562145 a_Summary_SoE.pdf,Arm A (Nivolumab + Ipilimumab),intervention,2.0,2.0,5.0,11.0,18.0,25.0,42.0,"Cycles 1-2: Day 1 of Weeks 1 and 4 (2 visits/cycle). Cycle 3+: Day 1 of Weeks 1, 3, and 5 (3 visits/cycle).",,2018.0
PMID 29562145 a_Summary_SoE.pdf,Arm B (Sunitinib),control,2.0,2.0,5.0,9.0,13.0,18.0,42.0,Cycles 1-2: Day 1 of Weeks 1 and 4 (2 visits/cycle). Cycle 3+: Day 1 of Weeks 1 and 5 (2 visits/cycle).,,2018.0
PMID 29562156 a_Summary_SoE.pdf,Arm A (Venetoclax + Rituximab),intervention,1.0,6.0,13.0,20.0,22.0,23.0,28.0,"5-week ramp-up (D1, 2, 8, 15, 22, 29), then 6 cycles of combination therapy (C1: D1, 2, 8, 15; C2-3: D1, 8, 15; C4-6: D1).",,2018.0
PMID 29562156 a_Summary_SoE.pdf,Arm B (Bendamustine + Rituximab),control,1.0,6.0,15.0,20.0,21.0,22.0,28.0,"6 cycles of combination therapy (C1-3: D1, 2, 8, 15; C4-6: D1, 2).",,2018.0
PMID 29573941 a_Summary_SoE.pdf,Combo 450 (Encorafenib 450mg QD + Binimetinib 45mg BID),intervention,2.0,2.0,4.0,7.0,10.0,14.0,28.0,Day 1 of each 28-day cycle.,,2018.0
PMID 29573941 a_Summary_SoE.pdf,LGX818 (Encorafenib 300mg QD monotherapy),control,2.0,2.0,4.0,7.0,10.0,14.0,28.0,Day 1 of each 28-day cycle.,,2018.0
PMID 29573941 a_Summary_SoE.pdf,Vemurafenib (960mg BID),control,2.0,2.0,4.0,7.0,10.0,14.0,28.0,Day 1 of each 28-day cycle.,,2018.0
PMID 29573941 a_Summary_SoE.pdf,Combo 300 (Encorafenib 300mg QD + Binimetinib 45mg BID),intervention,2.0,2.0,4.0,7.0,10.0,14.0,28.0,Day 1 of each 28-day cycle.,,2018.0
PMID 29624463 a_Summary_SoE.pdf,Arm 1 (Adjuvant Hormonal Therapy),control,1.0,1.0,1.0,2.0,3.0,5.0,91.0,One visit every 13 weeks (3 months) for Zoladex injection and labs.,,2018.0
PMID 29624463 a_Summary_SoE.pdf,Arm 2 (Adjuvant Chemohormonal Therapy),intervention,1.0,3.0,9.0,12.0,13.0,15.0,21.0,Chemotherapy every 21 days for 6 cycles with mid-cycle lab checks; followed by hormonal therapy every 13 weeks.,,2018.0
PMID 29625879 CT_Summary_SoE.pdf,Tivantinib (ARQ 197),intervention,2.0,8.0,14.0,20.0,27.0,34.0,28.0,"Cycle 1: Days 1, 5, 9, 13, 17, 21, 25; Cycle 2: Days 1, 8, 15, 22; Cycle 3+: Days 1, 15",,2018.0
PMID 29625879 CT_Summary_SoE.pdf,Placebo,control,2.0,8.0,14.0,20.0,27.0,34.0,28.0,"Cycle 1: Days 1, 5, 9, 13, 17, 21, 25; Cycle 2: Days 1, 8, 15, 22; Cycle 3+: Days 1, 15",,2018.0
PMID 29658430 a_Summary_SoE.pdf,Arm A (Pembrolizumab),intervention,3.0,2.0,5.0,9.0,13.0,18.0,21.0,"Infusions every 3 weeks (Day 1 of each 21-day cycle). Assessments (labs, imaging, QoL) are synchronized with infusion days.",,2018.0
PMID 29658430 a_Summary_SoE.pdf,Arm B (Placebo),control,3.0,2.0,5.0,9.0,13.0,18.0,21.0,Placebo infusions every 3 weeks (Day 1 of each 21-day cycle). Assessments are identical to the intervention arm.,,2018.0
PMID 29658856 a_Summary_SoE.pdf,Arm 1 (Pembrolizumab + Pemetrexed + Platinum),intervention,2.0,5.0,8.0,12.0,16.0,21.0,21.0,"Day 1 of each 21-day cycle. Cycle 1 includes 3 additional PK/antibody collection days (Days 2, 5, 15).",,2018.0
PMID 29658856 a_Summary_SoE.pdf,Arm 2 (Saline Placebo + Pemetrexed + Platinum),control,2.0,5.0,8.0,12.0,16.0,21.0,21.0,"Day 1 of each 21-day cycle. Cycle 1 includes 3 additional PK/antibody collection days (Days 2, 5, 15).",,2018.0
PMID 29668860 a_Summary_SoE.pdf,Alectinib,intervention,0.0,0.0,0.0,0.0,0.0,0.0,,Not specified in the provided document.,,2018.0
PMID 29668860 a_Summary_SoE.pdf,Chemotherapy (Pemetrexed or Docetaxel),control,0.0,0.0,0.0,0.0,0.0,0.0,,Not specified in the provided document.,,2018.0
PMID 29726361 CT_Summary_SoE.pdf,Arm 1 (Eucerin),control,2.0,22.0,26.0,26.0,26.0,26.0,0.0,Daily (Monday-Friday) radiation therapy for 5 weeks (25 fractions total).,,2018.0
PMID 29726361 CT_Summary_SoE.pdf,Arm 2 (Mometasone furoate 0.1% cream),intervention,2.0,22.0,26.0,26.0,26.0,26.0,0.0,Daily (Monday-Friday) radiation therapy for 5 weeks (25 fractions total).,,2018.0
PMID 29801011 CT_Summary_SoE.pdf,Arm 1 (TURBT + Gemcitabine),intervention,1.0,4.0,5.0,6.0,7.0,8.0,0.0,"Single treatment on Day 1; follow-up visits at Week 1, 2, 4, and then every 3 months.",,2018.0
PMID 29801011 CT_Summary_SoE.pdf,Arm 2 (TURBT + Saline),control,1.0,4.0,5.0,6.0,7.0,8.0,0.0,"Single treatment on Day 1; follow-up visits at Week 1, 2, 4, and then every 3 months.",,2018.0
PMID 29804902 CT_Summary_SoE.pdf,Arm A (LEE011 + Tamoxifen/NSAI + Goserelin),intervention,2.0,3.0,6.0,9.0,12.0,16.0,28.0,Day 1 of every 28-day cycle for goserelin injection and drug dispensing; Day 15 of Cycle 1 and Cycle 3 for safety monitoring (ECG/Labs).,,2018.0
PMID 29804902 CT_Summary_SoE.pdf,Arm B (Placebo + Tamoxifen/NSAI + Goserelin),control,2.0,3.0,6.0,9.0,12.0,16.0,28.0,Day 1 of every 28-day cycle for goserelin injection and drug dispensing; Day 15 of Cycle 1 and Cycle 3 for safety monitoring (ECG/Labs).,,2018.0
PMID 29856685 a_Summary_SoE.pdf,Arm A (Ibrutinib + Rituximab),intervention,1.0,5.0,7.0,13.0,14.0,16.0,7.0,Weekly for Weeks 1-4 and 17-20; Week 5; every 4 weeks for Weeks 9-13; every 8 weeks from Week 25 onwards.,,2018.0
PMID 29856685 a_Summary_SoE.pdf,Arm B (Placebo + Rituximab),control,1.0,5.0,7.0,13.0,14.0,16.0,7.0,Weekly for Weeks 1-4 and 17-20; Week 5; every 4 weeks for Weeks 9-13; every 8 weeks from Week 25 onwards.,,2018.0
PMID 29860922 CT_Summary_SoE.pdf,Arm A (Ribociclib + Fulvestrant),intervention,2.0,3.0,6.0,9.0,12.0,16.0,28.0,"Cycle 1: Days 1, 15; Cycle 2: Days 1, 15; Cycle 3+: Day 1 only.",,2018.0
PMID 29860922 CT_Summary_SoE.pdf,Arm B (Placebo + Fulvestrant),control,2.0,3.0,6.0,9.0,12.0,16.0,28.0,"Cycle 1: Days 1, 15; Cycle 2: Days 1, 15; Cycle 3+: Day 1 only.",,2018.0
PMID 29863955 a_Summary_SoE.pdf,Arm A (Atezolizumab + Carboplatin + Paclitaxel),intervention,1.0,2.0,5.0,9.0,13.0,18.0,21.0,Day 1 of each 21-day cycle.,,2018.0
PMID 29863955 a_Summary_SoE.pdf,Arm B (Atezolizumab + Carboplatin + Paclitaxel + Bevacizumab),intervention,1.0,2.0,5.0,9.0,13.0,18.0,21.0,Day 1 of each 21-day cycle.,,2018.0
PMID 29863955 a_Summary_SoE.pdf,Arm C (Carboplatin + Paclitaxel + Bevacizumab),control,1.0,2.0,5.0,9.0,13.0,18.0,21.0,Day 1 of each 21-day cycle.,,2018.0
PMID 29866475 CT_Summary_SoE.pdf,Arm A (Once-weekly Carfilzomib with Dexamethasone),intervention,2.0,4.0,10.0,20.0,30.0,40.0,28.0,"Days 1, 8, and 15 of each 28-day cycle.",,2018.0
PMID 29866475 CT_Summary_SoE.pdf,Arm B (Twice-weekly Carfilzomib with Dexamethasone),control,2.0,8.0,20.0,40.0,60.0,79.0,28.0,"Days 1, 2, 8, 9, 15, and 16 of each 28-day cycle.",,2018.0
PMID 29880231 a_Summary_SoE.pdf,Arm 1 (Pembrolizumab),intervention,1.0,2.0,5.0,9.0,13.0,18.0,21.0,1 visit every 21 days (Day 1 of each cycle),,2018.0
PMID 29880231 a_Summary_SoE.pdf,Arm 2 (Paclitaxel),control,1.0,4.0,10.0,20.0,30.0,40.0,28.0,"3 visits every 28 days (Days 1, 8, and 15 of each cycle)",,2018.0
PMID 29949494 a_Summary_SoE.pdf,Enzalutamide,intervention,2.0,2.0,2.0,3.0,4.0,5.0,112.0,"Day 1, Week 5 (Day 29), then every 16 weeks (Week 17, 33, 49, etc.)",,2018.0
PMID 29949494 a_Summary_SoE.pdf,Placebo,control,2.0,2.0,2.0,3.0,4.0,5.0,112.0,"Day 1, Week 5 (Day 29), then every 16 weeks (Week 17, 33, 49, etc.)",,2018.0
PMID 29972759 a_Summary_SoE.pdf,Arm A (Cabozantinib 60 mg qd),intervention,2.0,3.0,6.0,9.0,12.0,16.0,28.0,"Every 2 weeks through Week 9, then every 4 weeks thereafter (W13, W17, W21, W25, W29, W33, W37, W41, W45, W49, W53).",,2018.0
PMID 29972759 a_Summary_SoE.pdf,Arm B (Placebo qd),control,2.0,3.0,6.0,9.0,12.0,16.0,28.0,"Every 2 weeks through Week 9, then every 4 weeks thereafter (W13, W17, W21, W25, W29, W33, W37, W41, W45, W49, W53).",,2018.0
PMID 29989857 a_Summary_SoE.pdf,Arm 1 (IMRT pelvic radiation treatment),intervention,4.0,22.0,31.0,32.0,32.0,33.0,7.0,"Daily radiation (5 days/week) for 6 weeks; weekly cisplatin for 5 weeks; follow-up visits at 4-6 weeks post-RT, 6 months, and 12 months.",,2018.0
PMID 29989857 a_Summary_SoE.pdf,Arm 2 (4-field pelvic radiation treatment),control,4.0,22.0,31.0,32.0,32.0,33.0,7.0,"Daily radiation (5 days/week) for 6 weeks; weekly cisplatin for 5 weeks; follow-up visits at 4-6 weeks post-RT, 6 months, and 12 months.",,2018.0
PMID 30010751 a_Summary_SoE.pdf,Arm A (Nintedanib + BSC),intervention,1.0,3.0,6.0,10.0,14.0,19.0,21.0,"Course 1: Day 1, Day 8; Course 2 onwards: Day 1 of each 21-day cycle.",,2018.0
PMID 30010751 a_Summary_SoE.pdf,Arm B (Placebo + BSC),control,1.0,3.0,6.0,10.0,14.0,19.0,21.0,"Course 1: Day 1, Day 8; Course 2 onwards: Day 1 of each 21-day cycle.",,2018.0
PMID 30024784 a_Summary_SoE.pdf,Arm A (CPX-351 Liposome Injection),intervention,1.0,8.0,23.0,33.0,36.0,39.0,42.0,"Induction 1: Days 1, 3, 5 (Treatment), Days 7, 10, 14, 21, 28, 35, 42 (Labs/Exams). Consolidation: Days 1, 3 (Treatment), Days 5, 7, 10, 14, 21, 28, 35, 42 (Labs/Exams).",,2018.0
PMID 30024784 a_Summary_SoE.pdf,Arm B (Conventional 7+3 Regimen),control,1.0,11.0,30.0,40.0,43.0,46.0,42.0,"Induction 1: Days 1-7 (Treatment), Days 10, 14, 21, 28, 35, 42 (Labs/Exams). Consolidation: Days 1-5 (Treatment), Days 7, 10, 14, 21, 28, 35, 42 (Labs/Exams).",,2018.0
PMID 30040523 a_Summary_SoE.pdf,Arm A (Placebo + Chemotherapy),control,1.0,4.0,10.0,19.0,20.0,21.0,14.0,"AC Phase: Day 1 of 14-day cycles (4 visits). Paclitaxel Phase: Days 1, 8, 15 of 21-day cycles (12 visits).",,2018.0
PMID 30040523 a_Summary_SoE.pdf,Arm B (Bevacizumab + Chemotherapy),intervention,1.0,4.0,10.0,19.0,20.0,21.0,14.0,"AC Phase: Day 1 of 14-day cycles (4 visits). Paclitaxel Phase: Days 1, 8, 15 of 21-day cycles (12 visits).",,2018.0
PMID 30040523 a_Summary_SoE.pdf,Arm C/D (Bevacizumab + Chemotherapy + Maintenance),intervention,1.0,4.0,10.0,19.0,24.0,29.0,14.0,Step 1: 16 visits (4 AC + 12 Paclitaxel). Step 2 (Maintenance): Day 1 of 21-day cycles (10 visits).,,2018.0
PMID 30052729 CT_Summary_SoE.pdf,Arm A (Avelumab + BSC),intervention,1.0,3.0,7.0,13.0,20.0,27.0,14.0,Avelumab administered every 2 weeks (Days 1 and 15 of a 28-day cycle).,,2018.0
PMID 30052729 CT_Summary_SoE.pdf,Arm B (Physician's Choice: Irinotecan + BSC),control,1.0,3.0,7.0,13.0,20.0,27.0,28.0,Irinotecan administered on Days 1 and 15 of a 4-week cycle.,,2018.0
PMID 30052729 CT_Summary_SoE.pdf,Arm C (Physician's Choice: Paclitaxel + BSC),control,1.0,4.0,10.0,20.0,30.0,40.0,28.0,"Paclitaxel administered on Days 1, 8, and 15 of a 4-week cycle.",,2018.0
PMID 30052729 CT_Summary_SoE.pdf,Arm D (Physician's Choice: BSC Alone),control,1.0,2.0,5.0,9.0,13.0,18.0,21.0,Clinic visits for assessments occur every 3 weeks.,,2018.0
PMID 30072745 a_Summary_SoE.pdf,Arm A (S-1 + Cisplatin),intervention,2.0,6.0,12.0,20.0,29.0,38.0,21.0,"Cycle 1: Days 1, 8, 15; Subsequent cycles: Days 1, 15; Tumor imaging every 2 cycles (6 weeks) starting Cycle 2.",,2018.0
PMID 30072745 a_Summary_SoE.pdf,Arm B (Single-agent Cisplatin),control,2.0,6.0,12.0,20.0,29.0,38.0,21.0,"Cycle 1: Days 1, 8, 15; Subsequent cycles: Days 1, 15; Tumor imaging every 2 cycles (6 weeks) starting Cycle 2.",,2018.0
PMID 30100375 CT_Summary_SoE.pdf,KW-0761 (mogamulizumab),intervention,1.0,5.0,12.0,21.0,31.0,42.0,28.0,"Cycle 1: Days 1, 8, 15, 22, 26-28; Subsequent Cycles: Days 1, 15, 26-28.",,2018.0
PMID 30100375 CT_Summary_SoE.pdf,Vorinostat (ZOLINZA),control,1.0,5.0,12.0,21.0,31.0,42.0,28.0,"Cycle 1: Days 1, 8, 15, 22, 26-28; Subsequent Cycles: Days 1, 15, 26-28.",,2018.0
PMID 30105668 a_Summary_SoE.pdf,"Arm A (VMP - Bortezomib, Melphalan, Prednisone)",control,2.0,10.0,17.0,26.0,34.0,44.0,42.0,"Cycle 1 (6 weeks): 10 visits (D1, 4, 8, 11, 15, 22, 25, 29, 32, 36). Cycles 2-9 (6 weeks): 4 visits (D1, 8, 22, 29).",,2019.0
PMID 30105668 a_Summary_SoE.pdf,"Arm B (D-VMP - Daratumumab, Bortezomib, Melphalan, Prednisone)",intervention,2.0,10.0,17.0,26.0,34.0,44.0,42.0,"Cycle 1 (6 weeks): 10 visits (D1, 4, 8, 11, 15, 22, 25, 29, 32, 36). Cycles 2-9 (6 weeks): 4 visits (D1, 8, 22, 29).",,2019.0
PMID 30110579 a_Summary_SoE.pdf,Arm A (Talazoparib),intervention,2.0,5.0,11.0,20.0,29.0,38.0,21.0,"3 visits per cycle for Cycles 1-2 (Days 1, 8, 15); 2 visits per cycle for Cycles 3+ (Day 1 and one mid-cycle lab visit).",,2018.0
PMID 30110579 a_Summary_SoE.pdf,Arm B (Physician's Choice - Vinorelbine),control,2.0,5.0,13.0,26.0,39.0,52.0,21.0,"3 visits per cycle (Days 1, 8, 15) for infusion administration.",,2018.0
PMID 30177994 a_Summary_SoE.pdf,Arm A (Bevacizumab + Platinum-doublet/SOC),intervention,2.0,2.0,5.0,9.0,13.0,18.0,21.0,Day 1 of each 21-day cycle.,,2018.0
PMID 30177994 a_Summary_SoE.pdf,Arm B (Standard of Care),control,2.0,2.0,5.0,9.0,13.0,18.0,21.0,Day 1 of each 21-day cycle.,,2018.0
PMID 30262187 CT _Summary_SoE.pdf,Avelumab Arm,intervention,1.0,3.0,7.0,13.0,20.0,27.0,14.0,Avelumab 10 mg/kg IV every 2 weeks (Q2W). Visits occur on Day 1 of each 14-day cycle.,,2018.0
PMID 30262187 CT _Summary_SoE.pdf,Docetaxel Arm,control,1.0,2.0,5.0,9.0,13.0,18.0,21.0,Docetaxel 75 mg/m2 IV every 3 weeks (Q3W). Visits occur on Day 1 of each 21-day cycle.,,2018.0
PMID 30280635 a_Summary_SoE.pdf,Arm 1 (Pembrolizumab + Carboplatin + Paclitaxel/nab-paclitaxel),intervention,1.0,5.0,13.0,17.0,21.0,26.0,21.0,"Cycles 1-4: Days 1, 8, 15 (assuming nab-paclitaxel); Cycles 5-35: Day 1 only.",,2018.0
PMID 30280635 a_Summary_SoE.pdf,Arm 2 (Placebo + Carboplatin + Paclitaxel/nab-paclitaxel),control,1.0,5.0,13.0,17.0,21.0,26.0,21.0,"Cycles 1-4: Days 1, 8, 15 (assuming nab-paclitaxel); Cycles 5-35: Day 1 only.",,2018.0
PMID 30280641 a_Summary_SoE.pdf,Arm A (Atezolizumab + Carboplatin + Etoposide),intervention,1.0,6.0,13.0,17.0,21.0,26.0,21.0,"Induction (Cycles 1-4): Days 1, 2, and 3 of each 21-day cycle. Maintenance (Cycle 5+): Day 1 of each 21-day cycle.",,2018.0
PMID 30280641 a_Summary_SoE.pdf,Arm B (Placebo + Carboplatin + Etoposide),control,1.0,6.0,13.0,17.0,21.0,26.0,21.0,"Induction (Cycles 1-4): Days 1, 2, and 3 of each 21-day cycle. Maintenance (Cycle 5+): Day 1 of each 21-day cycle.",,2018.0
PMID 30280657 a_Summary_SoE.pdf,Arm A (Brigatinib),intervention,1.0,4.0,8.0,13.0,17.0,23.0,28.0,"Cycle 1: Days 1, 8, 15; Cycle 2: Days 1, 15, 28; Subsequent Cycles: Day 1 (all) and Day 28 (even cycles only).",,2018.0
PMID 30280657 a_Summary_SoE.pdf,Arm B (Crizotinib),control,1.0,4.0,8.0,13.0,17.0,23.0,28.0,"Cycle 1: Days 1, 8, 15; Cycle 2: Days 1, 15, 28; Subsequent Cycles: Day 1 (all) and Day 28 (even cycles only).",,2018.0
PMID 30287523 CT_Summary_SoE.pdf,Arm 1: Duvelisib 25 mg BID,intervention,1.0,3.0,6.0,9.0,10.0,12.0,28.0,"Cycle 1 (21 days): D1, D8; Cycle 2 (28 days): D1, D15; Cycles 3-7: D1; Cycles 9-19: D1 every odd cycle.",,2018.0
PMID 30287523 CT_Summary_SoE.pdf,Arm 2: Ofatumumab,control,1.0,5.0,9.0,12.0,13.0,15.0,28.0,"Cycle 1 (21 days): D1, D8, D15; Cycle 2 (28 days): D1, D8, D15, D22; Cycles 3-7: D1; Cycles 9-19: D1 every odd cycle (Clinical Assessment Period).",,2018.0
PMID 30345884 a_Summary_SoE.pdf,Arm A (Olaparib),intervention,3.0,5.0,7.0,10.0,13.0,17.0,28.0,"Days 1, 8, 15, 22, 29, then every 4 weeks thereafter.",,2018.0
PMID 30345884 a_Summary_SoE.pdf,Arm B (Placebo),control,3.0,5.0,7.0,10.0,13.0,17.0,28.0,"Days 1, 8, 15, 22, 29, then every 4 weeks thereafter.",,2018.0
PMID 30345906 a_Summary_SoE.pdf,Arm A (Atezolizumab + nab-paclitaxel),intervention,2.0,4.0,10.0,20.0,30.0,40.0,28.0,"Days 1, 8, and 15 of each 28-day cycle.",,2018.0
PMID 30345906 a_Summary_SoE.pdf,Arm B (Placebo + nab-paclitaxel),control,2.0,4.0,10.0,20.0,30.0,40.0,28.0,"Days 1, 8, and 15 of each 28-day cycle.",,2018.0
PMID 30346481 CT_Summary_SoE.pdf,Arm A (Axitinib),intervention,3.0,3.0,5.0,7.0,8.0,10.0,28.0,"C1D1, C1D15, then Day 1 of every 4-week cycle until Cycle 5, then Day 1 of every 8 weeks thereafter (C7, C9, C11, C13).",,2018.0
PMID 30346481 CT_Summary_SoE.pdf,Arm B (Placebo),control,3.0,3.0,5.0,7.0,8.0,10.0,28.0,"C1D1, C1D15, then Day 1 of every 4-week cycle until Cycle 5, then Day 1 of every 8 weeks thereafter (C7, C9, C11, C13).",,2018.0
PMID 30355453 CT_Summary_SoE.pdf,TAS-102 plus Best Supportive Care (BSC),intervention,2.0,3.0,5.0,8.0,11.0,15.0,28.0,Cycle 1: Days 1 and 15. Subsequent cycles: Day 1 only.,,2018.0
PMID 30355453 CT_Summary_SoE.pdf,Placebo plus Best Supportive Care (BSC),control,2.0,3.0,5.0,8.0,11.0,15.0,28.0,Cycle 1: Days 1 and 15. Subsequent cycles: Day 1 only.,,2018.0
PMID 30389036 CT_Summary_SoE.pdf,CT-P10 (375 mg/m² IV),intervention,1.0,4.0,5.0,6.0,8.0,10.0,7.0,Induction: Weekly infusions for 4 weeks. Maintenance: Infusions every 8 weeks starting at Month 3.,,2018.0
PMID 30389036 CT_Summary_SoE.pdf,US-licensed Rituxan (375 mg/m² IV),control,1.0,4.0,5.0,6.0,8.0,10.0,7.0,Induction: Weekly infusions for 4 weeks. Maintenance: Infusions every 8 weeks starting at Month 3.,,2018.0
PMID 30415629 a_Summary_SoE.pdf,Arm 1: Vitamin D3 (2000 IU/d) and Fish Oil (Omacor 840 mg EPA+DHA),intervention,1.0,0.0,0.0,0.0,0.0,0.0,0.0,Mail-based follow-up. One optional baseline blood draw during the 3-month run-in period.,,2019.0
PMID 30415629 a_Summary_SoE.pdf,Arm 2: Vitamin D3 (2000 IU/d) and Fish Oil Placebo,intervention,1.0,0.0,0.0,0.0,0.0,0.0,0.0,Mail-based follow-up. One optional baseline blood draw during the 3-month run-in period.,,2019.0
PMID 30415629 a_Summary_SoE.pdf,Arm 3: Placebo Vitamin D3 and Omacor Fish Oil,intervention,1.0,0.0,0.0,0.0,0.0,0.0,0.0,Mail-based follow-up. One optional baseline blood draw during the 3-month run-in period.,,2019.0
PMID 30415629 a_Summary_SoE.pdf,Arm 4: Placebo Vitamin D3 and Placebo Fish Oil,control,1.0,0.0,0.0,0.0,0.0,0.0,0.0,Mail-based follow-up. One optional baseline blood draw during the 3-month run-in period.,,2019.0
PMID 30449625 CT_Summary_SoE.pdf,Arm 1 (Accelerated IMRT + Cisplatin),control,2.0,22.0,32.0,33.0,34.0,35.0,42.0,Radiation 5 days/week for 6 weeks (30 days total). Cisplatin on Days 1 and 22.,,2019.0
PMID 30449625 CT_Summary_SoE.pdf,Arm 2 (Accelerated IMRT + Cetuximab),intervention,2.0,18.0,34.0,35.0,36.0,37.0,56.0,"Cetuximab loading dose (Day 1), then RT starts Day 8. RT 5 days/week for 6 weeks. Final Cetuximab dose 1 week after RT.",,2019.0
PMID 30501481 a_Summary_SoE.pdf,Arm 1 (Bendamustine plus Rituximab),control,2.0,5.0,9.0,13.0,14.0,15.0,28.0,"Cycle 1: Day 0, 1, 2. Cycles 2-6: Day 1, 2. Post-treatment: Every 3 cycles (Day 1).",,2018.0
PMID 30501481 a_Summary_SoE.pdf,Arm 2 (Ibrutinib Alone),intervention,2.0,2.0,4.0,6.0,7.0,8.0,28.0,Cycles 1-6: Day 1. Cycles 7+: Every 3 cycles (Day 1).,,2018.0
PMID 30501481 a_Summary_SoE.pdf,Arm 3 (Ibrutinib plus Rituximab),intervention,2.0,2.0,7.0,9.0,10.0,11.0,28.0,"Cycle 1: Day 1. Cycle 2: Day 1, 8, 15, 22. Cycles 3-6: Day 1. Cycles 7+: Every 3 cycles (Day 1).",,2018.0
PMID 30509740 a_Summary_SoE.pdf,Pembrolizumab (MK-3475),intervention,1.0,2.0,5.0,9.0,13.0,18.0,21.0,Day 1 of every 3-week cycle.,,2019.0
PMID 30509740 a_Summary_SoE.pdf,"Standard Treatment (Methotrexate, Docetaxel, or Cetuximab)",control,1.0,5.0,13.0,26.0,39.0,53.0,21.0,"Days 1, 8, and 15 of every 3-week cycle (for Methotrexate and Cetuximab).",,2019.0
PMID 30516102 a_Summary_SoE.pdf,Arm A (Trastuzumab emtansine),intervention,2.0,2.0,6.0,11.0,16.0,19.0,21.0,"Day 1 of each 21-day cycle for drug administration; Days 14-21 of Cycles 2, 6, 10, and 14 for cardiac monitoring (ECHO/MUGA).",,2019.0
PMID 30516102 a_Summary_SoE.pdf,Arm B (Trastuzumab),control,2.0,2.0,6.0,11.0,16.0,19.0,21.0,"Day 1 of each 21-day cycle for drug administration; Days 14-21 of Cycles 2, 6, 10, and 14 for cardiac monitoring (ECHO/MUGA).",,2019.0
PMID 30522922 CT_Summary_SoE.pdf,Experimental Arm (Brentuximab vedotin + CHP),intervention,2.0,4.0,8.0,13.0,14.0,15.0,21.0,Day 1 of each 21-day cycle (8 cycles total); Day 3 of Cycles 1 and 2; Day 15-21 of Cycle 4 and the last planned cycle; End of Treatment (EOT) visit; Follow-up visits at Months 9 and 12.,,2019.0
PMID 30522922 CT_Summary_SoE.pdf,Standard-of-care Arm (CHOP),control,2.0,4.0,8.0,13.0,14.0,15.0,21.0,Day 1 of each 21-day cycle (8 cycles total); Day 3 of Cycles 1 and 2; Day 15-21 of Cycle 4 and the last planned cycle; End of Treatment (EOT) visit; Follow-up visits at Months 9 and 12.,,2019.0
PMID 30522969 CT_Summary_SoE.pdf,Arm A (Ibrutinib + Obinutuzumab),intervention,2.0,5.0,9.0,15.0,18.0,22.0,28.0,"Cycle 1: Days 1, 2, 8, 15; Cycles 2-6: Days 1, 15; Cycles 7-33: Day 1 of every cycle.",,2019.0
PMID 30522969 CT_Summary_SoE.pdf,Arm B (Chlorambucil + Obinutuzumab),control,2.0,5.0,9.0,15.0,16.0,17.0,28.0,"Cycle 1: Days 1, 2, 8, 15; Cycles 2-6: Days 1, 15; Post-treatment: Every 4 cycles (C9, C13, etc.).",,2019.0
PMID 30545780 CT_Summary_SoE.pdf,Ixazomib,intervention,1.0,4.0,7.0,10.0,13.0,17.0,28.0,"Cycle 1: Days 1, 8, 15; Cycle 2: Days 1, 8; Cycle 3 and beyond: Day 1 only.",,2019.0
PMID 30545780 CT_Summary_SoE.pdf,Placebo,control,1.0,4.0,7.0,10.0,13.0,17.0,28.0,"Cycle 1: Days 1, 8, 15; Cycle 2: Days 1, 8; Cycle 3 and beyond: Day 1 only.",,2019.0
PMID 30575484 a_Summary_SoE.pdf,Arm A (Sorafenib),intervention,2.0,4.0,6.0,9.0,12.0,16.0,28.0,"Cycle 1: Days 1, 8, and 15. Cycle 2 onwards: Day 1 of every cycle. Staging (Imaging) every 2 cycles.",,2018.0
PMID 30575484 a_Summary_SoE.pdf,Arm B (Placebo),control,2.0,4.0,6.0,9.0,12.0,16.0,28.0,"Cycle 1: Days 1, 8, and 15. Cycle 2 onwards: Day 1 of every cycle. Staging (Imaging) every 2 cycles.",,2018.0
PMID 30653422 a_Summary_SoE.pdf,Arm A (Tandem Autologous Transplant - Auto/Auto),intervention,2.0,22.0,30.0,60.0,63.0,64.0,28.0,"Intensive inpatient transplant phases followed by monthly maintenance for 3 months, then quarterly.",,2019.0
PMID 30653422 a_Summary_SoE.pdf,Arm B (Single Autologous Transplant - Auto/Maint),control,2.0,22.0,31.0,34.0,35.0,36.0,28.0,"Single intensive inpatient transplant phase followed by monthly maintenance for 3 months, then quarterly.",,2019.0
PMID 30653422 a_Summary_SoE.pdf,Arm C (Single Autologous Transplant + RVD Consolidation - Auto/RVD),intervention,2.0,22.0,30.0,47.0,50.0,51.0,21.0,"Single inpatient transplant phase, followed by 4 cycles of RVD (4 visits/cycle), then maintenance.",,2019.0
PMID 30659987 CT_Summary_SoE.pdf,Arm A (Nivolumab),intervention,1.0,3.0,7.0,13.0,20.0,27.0,14.0,Day 1 of each 14-day cycle (Q2W).,,2019.0
PMID 30659987 CT_Summary_SoE.pdf,Arm B (Docetaxel),control,1.0,2.0,5.0,9.0,13.0,18.0,21.0,Day 1 of each 21-day cycle (Q3W).,,2019.0
PMID 30665869 CT_Summary_SoE.pdf,Arm A (Ramucirumab + Best Supportive Care),intervention,3.0,3.0,7.0,13.0,21.0,29.0,14.0,Day 1 of each 14-day cycle (q2w).,,2019.0
PMID 30665869 CT_Summary_SoE.pdf,Arm B (Placebo + Best Supportive Care),control,3.0,3.0,7.0,13.0,21.0,29.0,14.0,Day 1 of each 14-day cycle (q2w).,,2019.0
PMID 30707661 a_Summary_SoE.pdf,Arm A (Alisertib),intervention,2.0,6.0,14.0,27.0,40.0,54.0,21.0,"Cycle 1: Days 1, 7, 8, 15; Cycles 2+: Days 1, 8, 15",,2019.0
PMID 30707661 a_Summary_SoE.pdf,Arm B (Investigator's Choice - Pralatrexate),control,2.0,5.0,12.0,23.0,34.0,46.0,49.0,"Days 1, 8, 15, 22, 29, 36 of a 7-week cycle",,2019.0
PMID 30763142 a_Summary_SoE.pdf,Arm A (Darolutamide),intervention,1.0,3.0,3.0,4.0,5.0,6.0,112.0,"Day 1, Day 15, Day 29, then every 16 weeks (Week 16, 32, 48, etc.)",,2019.0
PMID 30763142 a_Summary_SoE.pdf,Arm B (Placebo),control,1.0,3.0,3.0,4.0,5.0,6.0,112.0,"Day 1, Day 15, Day 29, then every 16 weeks (Week 16, 32, 48, etc.)",,2019.0
PMID 30763730 CT_Summary_SoE.pdf,Group A (AZD9291 Monotherapy),control,2.0,2.0,4.0,7.0,10.0,14.0,28.0,Day 1 of each 28-day cycle for drug dispensing and routine clinical care.,,2019.0
PMID 30763730 CT_Summary_SoE.pdf,Group B (AZD9291 + MEDI4736 Combination),intervention,2.0,3.0,7.0,13.0,20.0,27.0,28.0,Day 1 and Day 15 of each 28-day cycle for MEDI4736 infusions and AZD9291 dispensing.,,2019.0
PMID 30777794 a_Summary_SoE.pdf,Arm A (Thalidomide-prednisolone),control,39.0,3.0,7.0,13.0,19.0,26.0,28.0,Monthly assessments (every 28 days) plus Zoledronic acid infusions every 21 days.,,2019.0
PMID 30777794 a_Summary_SoE.pdf,Arm B (Bortezomib-thalidomide-prednisolone),intervention,39.0,5.0,13.0,26.0,39.0,53.0,28.0,"Weekly subcutaneous bortezomib (Days 1, 8, 15, 22 of a 28-day cycle) plus Zoledronic acid every 21 days.",,2019.0
PMID 30779529 a_Summary_SoE.pdf,Arm 1 (Pembrolizumab + Axitinib),intervention,1.0,3.0,6.0,10.0,14.0,19.0,21.0,Day 1 of each 21-day cycle for treatment; Day 8 of Cycle 1 for safety monitoring.,,2019.0
PMID 30779529 a_Summary_SoE.pdf,Arm 2 (Sunitinib),control,1.0,3.0,6.0,10.0,12.0,14.0,42.0,"Cycle 1: Days 1, 15, 29; Cycles 2-4: Days 1, 29; Cycle 5+: Day 1 only.",,2019.0
PMID 30786186 a_Summary_SoE.pdf,Rivaroxaban,intervention,1.0,1.0,2.0,4.0,4.0,4.0,56.0,"Screening, Day 1, Week 8, Week 16, and Day 180 (End of Treatment).",,2019.0
PMID 30786186 a_Summary_SoE.pdf,Placebo,control,1.0,1.0,2.0,4.0,4.0,4.0,56.0,"Screening, Day 1, Week 8, Week 16, and Day 180 (End of Treatment).",,2019.0
PMID 30811280 a_Summary_SoE.pdf,Arm A (Nivolumab 3 mg/kg + Ipilimumab 1 mg/kg),intervention,2.0,2.0,5.0,9.0,14.0,20.0,21.0,Part 1: Every 3 weeks for 4 doses. Part 2: Every 4 weeks starting 6 weeks after Part 1. Imaging every 8 weeks.,,2019.0
PMID 30811280 a_Summary_SoE.pdf,Arm B (Nivolumab 1 mg/kg + Ipilimumab 3 mg/kg),control,2.0,2.0,5.0,9.0,14.0,20.0,21.0,Part 1: Every 3 weeks for 4 doses. Part 2: Every 4 weeks starting 6 weeks after Part 1. Imaging every 8 weeks.,,2019.0
PMID 30817251 CT_Summary_SoE.pdf,Arm V+G (PROSTVAC-V/F plus GM-CSF),intervention,1.0,3.0,5.0,8.0,8.0,9.0,0.0,"Weeks 1, 3, 5, 9, 13, 17, 21 (Vaccination); Week 25 (End of Treatment); 6 months post-EoT (LTFU)",,2019.0
PMID 30817251 CT_Summary_SoE.pdf,Arm V (PROSTVAC-V/F plus GM-CSF placebo),intervention,1.0,3.0,5.0,8.0,8.0,9.0,0.0,"Weeks 1, 3, 5, 9, 13, 17, 21 (Vaccination); Week 25 (End of Treatment); 6 months post-EoT (LTFU)",,2019.0
PMID 30817251 CT_Summary_SoE.pdf,Arm P (Double placebo),control,1.0,3.0,5.0,8.0,8.0,9.0,0.0,"Weeks 1, 3, 5, 9, 13, 17, 21 (Placebo Vaccination); Week 25 (End of Treatment); 6 months post-EoT (LTFU)",,2019.0
PMID 30819926 a_Summary_SoE.pdf,"Carfilzomib group (KMP: carfilzomib, melphalan, and prednisone)",intervention,2.0,4.0,9.0,18.0,26.0,36.0,42.0,"Days 1, 8, 22, and 29 of each 42-day cycle for 9 cycles.",,2019.0
PMID 30819926 a_Summary_SoE.pdf,"Bortezomib group (VMP: bortezomib, melphalan, and prednisone)",control,2.0,4.0,9.0,17.0,21.0,26.0,42.0,"Days 1, 8, 22, and 29 for Cycles 1-4; Days 1 and 22 for Cycles 5-9.",,2019.0
PMID 30897038 a_Summary_SoE.pdf,Experimental (Rituximab + Lenalidomide),intervention,1.0,5.0,9.0,13.0,16.0,19.0,28.0,"Cycle 1: Days 1, 8, 15, 22; Cycles 2-4: Days 1, 15; Cycles 5-12: Day 1; plus End of Treatment visit.",,2019.0
PMID 30897038 a_Summary_SoE.pdf,Control (Rituximab + Placebo),control,1.0,5.0,9.0,13.0,16.0,19.0,28.0,"Cycle 1: Days 1, 8, 15, 22; Cycles 2-4: Days 1, 15; Cycles 5-12: Day 1; plus End of Treatment visit.",,2019.0
PMID 30901302 a_Summary_SoE.pdf,Arm B (Ibrutinib + R-CHOP),intervention,1.0,5.0,14.0,25.0,27.0,28.0,21.0,"Weekly visits (Day 1, 8, 15) for 8 cycles of 21 days each. Day 1 includes treatment and labs; Day 8 and 15 are labs only. Followed by an End-of-Treatment (EOT) visit at 30 days post-treatment and CT scans every 16 weeks.",,2019.0
PMID 30901302 a_Summary_SoE.pdf,Arm A (Placebo + R-CHOP),control,1.0,5.0,14.0,25.0,27.0,28.0,21.0,"Weekly visits (Day 1, 8, 15) for 8 cycles of 21 days each. Day 1 includes treatment and labs; Day 8 and 15 are labs only. Followed by an End-of-Treatment (EOT) visit at 30 days post-treatment and CT scans every 16 weeks.",,2019.0
PMID 30939090 a_Summary_SoE.pdf,Arm A (R-CHOP),control,2.0,2.0,6.0,9.0,10.0,11.0,21.0,Day 1 of each 21-day cycle for 6 cycles. Restaging after Cycles 4 and 6.,,2019.0
PMID 30939090 a_Summary_SoE.pdf,Arm B (DA-EPOCH-R),intervention,2.0,9.0,27.0,39.0,40.0,41.0,21.0,"Day 1 of each 21-day cycle for 6 cycles, plus twice-weekly lab monitoring (5 additional days per cycle).",,2019.0
PMID 30955977 a_Summary_SoE.pdf,Arm A (Pembrolizumab),intervention,1.0,2.0,5.0,9.0,13.0,18.0,21.0,Day 1 of each 21-day cycle,,2019.0
PMID 30955977 a_Summary_SoE.pdf,Arm B (SOC Platinum-based Chemotherapy),control,1.0,2.0,5.0,9.0,13.0,18.0,21.0,Day 1 of each 21-day cycle,,2019.0
PMID 30990550 a_Summary_SoE.pdf,Arm A (Doxepin mouthwash),intervention,1.0,2.0,2.0,2.0,2.0,2.0,1.0,"1 screening visit, 1 Day 1 treatment visit (in-clinic), and 1 study-specific check-in during the 7-day continuation phase.",,2019.0
PMID 30990550 a_Summary_SoE.pdf,Arm B (DLA mouthwash),intervention,1.0,2.0,2.0,2.0,2.0,2.0,1.0,"1 screening visit, 1 Day 1 treatment visit (in-clinic), and 1 study-specific check-in during the 7-day continuation phase.",,2019.0
PMID 30990550 a_Summary_SoE.pdf,Arm C (Placebo mouthwash),control,1.0,2.0,2.0,2.0,2.0,2.0,1.0,"1 screening visit, 1 Day 1 treatment visit (in-clinic), and 1 study-specific check-in during the 7-day continuation phase.",,2019.0
PMID 30995174 a_Summary_SoE.pdf,Regimen II (Vaginal Cuff Brachytherapy + Paclitaxel/Carboplatin),intervention,2.0,6.0,13.0,14.0,15.0,16.0,21.0,"Vaginal Cuff Brachytherapy (approx. 3 days) followed by 3 cycles of chemotherapy (3 visits per cycle: Day 1 infusion, Day 8 labs, Day 15 labs).",,2019.0
PMID 30995174 a_Summary_SoE.pdf,Regimen I (Pelvic Radiation Therapy),control,2.0,20.0,29.0,30.0,31.0,32.0,7.0,Daily radiation therapy (5 days per week) for 5-6 weeks (total 25-28 fractions).,,2019.0
PMID 30995176 CT a_Summary_SoE.pdf,Arm A (High-dose GS-1101 300 mg BID),intervention,1.0,3.0,7.0,10.0,12.0,14.0,,"Every 2 weeks for the first 12 weeks, then every 4 weeks until Week 24, every 6 weeks until Week 48, and every 12 weeks thereafter.",,2019.0
PMID 30995176 CT a_Summary_SoE.pdf,Arm B (Standard-dose GS-1101 150 mg BID),control,1.0,3.0,7.0,10.0,12.0,14.0,,"Every 2 weeks for the first 12 weeks, then every 4 weeks until Week 24, every 6 weeks until Week 48, and every 12 weeks thereafter.",,2019.0
PMID 31002578 a_Summary_SoE.pdf,"Arm I (TJIV - IV paclitaxel, IV carboplatin, IV bevacizumab)",control,2.0,5.0,13.0,21.0,25.0,30.0,21.0,"Phase A (Cycles 1-6): Days 1, 8, 15. Phase B (Cycles 7-22): Day 1.",,2019.0
PMID 31002578 a_Summary_SoE.pdf,"Arm II (TJIP - IV paclitaxel, IP carboplatin, IV bevacizumab)",intervention,2.0,5.0,13.0,21.0,25.0,30.0,21.0,"Phase A (Cycles 1-6): Days 1, 8, 15. Phase B (Cycles 7-22): Day 1.",,2019.0
PMID 31002578 a_Summary_SoE.pdf,"Arm III (TCTIP - IV paclitaxel, IP cisplatin, IP paclitaxel, IV bevacizumab)",intervention,2.0,7.0,18.0,27.0,31.0,36.0,21.0,"Phase A (Cycles 1-6): Days 1, 2, 8 (Treatment) and Day 15 (Labs). Phase B (Cycles 7-22): Day 1.",,2019.0
PMID 31003911 CT_Summary_SoE.pdf,Arm A (Cobimetinib + Atezolizumab),intervention,2.0,3.0,7.0,13.0,19.0,27.0,28.0,Days 1 and 15 of each 28-day cycle,,2019.0
PMID 31003911 CT_Summary_SoE.pdf,Arm B (Atezolizumab monotherapy),intervention,2.0,3.0,6.0,10.0,14.0,19.0,21.0,Day 1 of each 21-day cycle; additional visit on Cycle 1 Day 15,,2019.0
PMID 31003911 CT_Summary_SoE.pdf,Arm C (Regorafenib),control,2.0,5.0,9.0,12.0,15.0,19.0,28.0,"Cycle 1: Days 1, 8, 15, 22; Cycle 2: Days 1, 8, 15; Cycle 3+: Day 1 of each 28-day cycle",,2019.0
PMID 31070709 CT_Summary_SoE.pdf,Arm A (ASP8273),intervention,1.0,3.0,5.0,8.0,9.0,11.0,28.0,"C1D1, C1D15, then D1 of C2-C7, then D1 of odd-numbered cycles thereafter (C9, C11, C13, etc.).",,2019.0
PMID 31070709 CT_Summary_SoE.pdf,Arm B (Erlotinib or Gefitinib),control,1.0,3.0,5.0,8.0,9.0,11.0,28.0,"C1D1, C1D15, then D1 of C2-C7, then D1 of odd-numbered cycles thereafter (C9, C11, C13, etc.).",,2019.0
PMID 31079938 CT_Summary_SoE.pdf,Arm A (Atezolizumab + Bevacizumab),intervention,2.0,2.0,5.0,9.0,13.0,18.0,42.0,Days 1 and 22 of each 42-day cycle,,2019.0
PMID 31079938 CT_Summary_SoE.pdf,Arm B (Sunitinib),control,2.0,2.0,5.0,9.0,13.0,18.0,42.0,Day 1 (dispensing) and Day 22 (monitoring) of each 42-day cycle for the first year,,2019.0
PMID 31091374 a_Summary_SoE.pdf,Arm B (Fulvestrant + Alpelisib),intervention,2.0,4.0,7.0,10.0,13.0,17.0,28.0,"Cycle 1: Days 1, 8, 15; Cycle 2: Days 1, 15; Cycle 3+: Day 1 only.",,2019.0
PMID 31091374 a_Summary_SoE.pdf,Arm A (Fulvestrant + Alpelisib Placebo),control,2.0,4.0,7.0,10.0,13.0,17.0,28.0,"Cycle 1: Days 1, 8, 15; Cycle 2: Days 1, 15; Cycle 3+: Day 1 only.",,2019.0
PMID 31097405 a_Summary_SoE.pdf,"Arm A (PVd: Pomalidomide, Bortezomib, and low-dose Dexamethasone)",intervention,2.0,7.0,18.0,34.0,42.0,52.0,21.0,"Cycles 1-8: Days 1, 4, 8, 11; Cycles 9+: Days 1, 8.",,2019.0
PMID 31097405 a_Summary_SoE.pdf,Arm B (Vd: Bortezomib and low-dose Dexamethasone),control,2.0,7.0,18.0,34.0,42.0,52.0,21.0,"Cycles 1-8: Days 1, 4, 8, 11; Cycles 9+: Days 1, 8.",,2019.0
PMID 31122901 CT_Summary_SoE.pdf,Arm A (Atezolizumab + Carboplatin + nab-Paclitaxel),intervention,2.0,5.0,13.0,17.0,21.0,26.0,21.0,"Induction (Cycles 1-4): Days 1, 8, 15; Maintenance (Cycle 5+): Day 1.",,2019.0
PMID 31122901 CT_Summary_SoE.pdf,Arm B (Carboplatin + nab-Paclitaxel + Pemetrexed Maintenance),control,2.0,5.0,13.0,17.0,21.0,26.0,21.0,"Induction (Cycles 1-4): Days 1, 8, 15; Maintenance (Cycle 5+): Day 1.",,2019.0
PMID 31141632 a_Summary_SoE.pdf,Arm B (Daratumumab + Lenalidomide + Dexamethasone),intervention,1.0,5.0,11.0,17.0,20.0,24.0,28.0,"Cycles 1-2: Days 1, 8, 15, 22; Cycles 3-6: Days 1, 15; Cycle 7+: Day 1",,2019.0
PMID 31141632 a_Summary_SoE.pdf,Arm A (Lenalidomide + Dexamethasone),control,1.0,5.0,11.0,17.0,20.0,24.0,28.0,"Cycles 1-2: Days 1, 8, 15, 22; Cycles 3-6: Days 1, 15; Cycle 7+: Day 1",,2019.0
PMID 31150574 a_Summary_SoE.pdf,Arm A (Apalutamide + ADT),intervention,2.0,2.0,4.0,7.0,10.0,13.0,28.0,"Day 1 of every 28-day cycle for the first 13 cycles (C1-C13), then Day 1 of every 2 cycles (C15, C17, etc.)",,2019.0
PMID 31150574 a_Summary_SoE.pdf,Arm B (Placebo + ADT),control,2.0,2.0,4.0,7.0,10.0,13.0,28.0,"Day 1 of every 28-day cycle for the first 13 cycles (C1-C13), then Day 1 of every 2 cycles (C15, C17, etc.)",,2019.0
PMID 31157963 a_Summary_SoE.pdf,Olaparib (300 mg twice daily),intervention,2.0,5.0,7.0,10.0,13.0,17.0,28.0,"Cycle 1: Days 1, 8, 15, 22. Cycle 2 and onwards: Day 1 of every 28-day cycle.",,2019.0
PMID 31157963 a_Summary_SoE.pdf,Placebo (twice daily),control,2.0,5.0,7.0,10.0,13.0,17.0,28.0,"Cycle 1: Days 1, 8, 15, 22. Cycle 2 and onwards: Day 1 of every 28-day cycle.",,2019.0
PMID 31166681 a_Summary_SoE.pdf,Arm A (Obinutuzumab + Venetoclax),intervention,2.0,6.0,17.0,23.0,26.0,29.0,28.0,"Cycle 1: Days 1, 2, 8, 15, 22, 23; Cycle 2: Days 1, 2, 8, 9, 15, 16, 22, 23; Cycles 3-6: Days 1, 15; Cycles 7-12: Day 1.",,2019.0
PMID 31166681 a_Summary_SoE.pdf,Arm B (Obinutuzumab + Chlorambucil),control,2.0,4.0,9.0,15.0,21.0,27.0,28.0,"Cycle 1: Days 1, 2, 8, 15; Cycles 2-12: Days 1, 15.",,2019.0
PMID 31175001 CT_Summary_SoE.pdf,Arm A (Quizartinib Monotherapy),intervention,1.0,6.0,9.0,12.0,15.0,19.0,28.0,"Cycle 1: Days 1, 2, 8, 15, 16; Cycle 2: Days 1, 15; Cycle 3+: Day 1",,2019.0
PMID 31175001 CT_Summary_SoE.pdf,Arm B (Salvage Chemotherapy - LoDAC),control,1.0,13.0,35.0,68.0,101.0,133.0,28.0,Days 1-10 of every cycle for drug administration; Day 15 of Cycles 1 and 2 for assessments.,,2019.0
PMID 31189035 a_Summary_SoE.pdf,Regimen I (Cisplatin + Radiation followed by Carboplatin + Paclitaxel),intervention,2.0,22.0,26.0,30.0,31.0,32.0,21.0,Radiation: 5 days/week for 5 weeks (25 days). Chemo: 4 cycles every 21 days.,,2019.0
PMID 31189035 a_Summary_SoE.pdf,Regimen II (Carboplatin + Paclitaxel),control,2.0,2.0,5.0,6.0,7.0,8.0,21.0,6 cycles of chemotherapy every 21 days.,,2019.0
PMID 31194247 a_Summary_SoE.pdf,Arm A (Afatinib),intervention,1.0,4.0,6.0,9.0,12.0,16.0,28.0,"Weekly for the first month (Day 1, 8, 15, 29), then every 4 weeks (Day 57, 85, 113, etc.).",,2019.0
PMID 31194247 a_Summary_SoE.pdf,Arm B (Placebo),control,1.0,4.0,6.0,9.0,12.0,16.0,28.0,"Weekly for the first month (Day 1, 8, 15, 29), then every 4 weeks (Day 57, 85, 113, etc.).",,2019.0
PMID 31221619 a_Summary_SoE.pdf,Arm A (Pembrolizumab + Epacadostat),intervention,1.0,2.0,5.0,9.0,13.0,18.0,21.0,Day 1 of each 21-day cycle,,2019.0
PMID 31221619 a_Summary_SoE.pdf,Arm B (Pembrolizumab + Placebo),control,1.0,2.0,5.0,9.0,13.0,18.0,21.0,Day 1 of each 21-day cycle,,2019.0
PMID 31240472 CT_Summary_SoE.pdf,Arm A (Plitidepsin + Dexamethasone),intervention,2.0,5.0,13.0,26.0,39.0,53.0,28.0,"Days 1, 8, 15, and 22 of every 28-day cycle.",,2019.0
PMID 31240472 CT_Summary_SoE.pdf,Arm B (Dexamethasone Alone),control,2.0,5.0,13.0,26.0,39.0,53.0,28.0,"Days 1, 8, 15, and 22 of every 28-day cycle.",,2019.0
PMID 31246522 CT_Summary_SoE.pdf,Arm A (Conventional Induction Therapy - HD-ADE),control,2.0,8.0,21.0,26.0,27.0,28.0,,"Daily during chemotherapy blocks (5-8 days per course), labs on Day 8 and Day 22 of Induction I, then follow-up every 4 months.",,2019.0
PMID 31246522 CT_Summary_SoE.pdf,Arm B (Clofarabine plus Cytarabine - Clo/AraC),intervention,2.0,7.0,20.0,25.0,26.0,27.0,,"Daily during chemotherapy blocks (5-8 days per course), labs on Day 8 and Day 22 of Induction I, then follow-up every 4 months.",,2019.0
PMID 31248843 CT_Summary_SoE.pdf,Arm 1 (Cyclosporine + Mycophenolate Mofetil),control,2.0,15.0,32.0,45.0,47.0,52.0,0.0,"Conditioning on Days -4, -3, -2; TBI and HCT on Day 0. Post-transplant: Labs and clinic visits 3x/week for the first month, then 2x/week until Day 96, then weekly until Day 180, followed by monthly follow-ups.",,2019.0
PMID 31248843 CT_Summary_SoE.pdf,Arm 2 (Cyclosporine + Mycophenolate Mofetil + Sirolimus),intervention,2.0,15.0,32.0,45.0,47.0,52.0,0.0,"Conditioning on Days -4, -3, -2; TBI and HCT on Day 0. Post-transplant: Labs and clinic visits 3x/week for the first month, then 2x/week until Day 96, then weekly until Day 180, followed by monthly follow-ups.",,2019.0
PMID 31327687 CT_Summary_SoE.pdf,Arm A (Pembrolizumab + Pomalidomide + Low Dose Dexamethasone),intervention,1.0,3.0,7.0,13.0,19.0,27.0,28.0,Pembrolizumab infusion every 3 weeks (Q3W) plus clinic/lab visit on Day 1 of every 28-day cycle.,,2019.0
PMID 31327687 CT_Summary_SoE.pdf,Arm B (Pomalidomide + Low Dose Dexamethasone),control,1.0,2.0,4.0,7.0,10.0,14.0,28.0,Clinic/lab visit on Day 1 of every 28-day cycle.,,2019.0
PMID 31327689 a_Summary_SoE.pdf,Arm A (Pembrolizumab + Lenalidomide + Dexamethasone),intervention,2.0,5.0,13.0,26.0,39.0,53.0,28.0,"4 visits per 28-day cycle (Days 1, 8, 15, 22). Pembrolizumab is administered Q3W (every 21 days), which always aligns with one of the weekly Dexamethasone/clinic visit days.",,2019.0
PMID 31327689 a_Summary_SoE.pdf,Arm B (Lenalidomide + Dexamethasone),control,2.0,2.0,4.0,7.0,10.0,14.0,28.0,1 visit per 28-day cycle (Day 1 only).,,2019.0
PMID 31329516 a_Summary_SoE.pdf,Arm A (Enzalutamide + ADT),intervention,1.0,2.0,3.0,4.0,5.0,6.0,84.0,"Screening, Day 1, Day 29, then every 84 days (12 weeks).",,2019.0
PMID 31329516 a_Summary_SoE.pdf,Arm B (Placebo + ADT),control,1.0,2.0,3.0,4.0,5.0,6.0,84.0,"Screening, Day 1, Day 29, then every 84 days (12 weeks).",,2019.0
PMID 31338773 CT_Summary_SoE.pdf,Arm A (PF-06439535 + Paclitaxel + Carboplatin),intervention,2.0,2.0,5.0,9.0,13.0,18.0,21.0,"Day 1 of each 21-day cycle (C1D1, C2D1, etc.)",,2019.0
PMID 31338773 CT_Summary_SoE.pdf,Arm B (Bevacizumab-EU + Paclitaxel + Carboplatin),control,2.0,2.0,5.0,9.0,13.0,18.0,21.0,"Day 1 of each 21-day cycle (C1D1, C2D1, etc.)",,2019.0
PMID 31345387 CT_Summary_SoE.pdf,Arm A (Reduced Dose Radiation + Carboplatin),intervention,3.0,6.0,26.0,41.0,42.0,43.0,21.0,"Induction: 3 days per cycle (D1, D5, W2); CRT: 5 days per week for 6 weeks; Follow-up: Quarterly.",,2019.0
PMID 31345387 CT_Summary_SoE.pdf,Arm B (Standard Dose Radiation + Carboplatin),control,3.0,6.0,26.0,46.0,47.0,48.0,21.0,Induction: 3 days per cycle; CRT: 5 days per week for 7 weeks; Follow-up: Quarterly.,,2019.0
PMID 31345387 CT_Summary_SoE.pdf,Arm C (Non-responders: Standard CRT + Carboplatin + Erbitux + Paclitaxel),control,3.0,6.0,26.0,46.0,47.0,48.0,21.0,Induction: 3 days per cycle; CRT: 5 days per week for 7 weeks; Follow-up: Quarterly.,,2019.0
PMID 31361535 a_Summary_SoE.pdf,Arm A (Bevacizumab Maintenance),control,2.0,2.0,7.0,12.0,17.0,24.0,21.0,Day 1 of every 21-day cycle for treatment; Imaging every 2 cycles in induction and every 3 cycles in maintenance.,,2019.0
PMID 31361535 a_Summary_SoE.pdf,Arm B (Pemetrexed Maintenance),intervention,2.0,2.0,7.0,13.0,18.0,25.0,21.0,Day 1 of every 21-day cycle; 1-week delay for first maintenance dose; extra visit for Vitamin B12 injection.,,2019.0
PMID 31361535 a_Summary_SoE.pdf,Arm C (Bevacizumab + Pemetrexed Maintenance),intervention,2.0,2.0,7.0,13.0,18.0,25.0,21.0,Day 1 of every 21-day cycle; 1-week delay for first maintenance dose; extra visit for Vitamin B12 injection.,,2019.0
PMID 31365801 a_Summary_SoE.pdf,Arm A (Ibrutinib + Rituximab),intervention,2.0,3.0,5.0,8.0,9.0,10.0,28.0,Cycle 1: Day 1 (Labs). Cycle 2: Day 1 & 2 (Rituximab IV). Cycles 3-7: Day 1 (Rituximab IV). Continuation: Every 90 days.,,2019.0
PMID 31365801 a_Summary_SoE.pdf,"Arm B (FCR - Fludarabine, Cyclophosphamide, Rituximab)",control,2.0,5.0,12.0,19.0,20.0,21.0,28.0,"Cycles 1-6: Days 1, 2, and 3 (IV infusions). End of Cycle 6: Evaluation visit. Follow-up: 90 days post-treatment and 12 months post-registration.",,2019.0
PMID 31371228 CT_Summary_SoE.pdf,Arm A (Control Arm - Standard Adjuvant Systemic Chemotherapy),control,1.0,1.0,5.0,10.0,11.0,12.0,21.0,Day 1 of each 21-day cycle for 8 cycles (CAPOX regimen).,,2019.0
PMID 31371228 CT_Summary_SoE.pdf,Arm B (Experimental Arm - Adjuvant HIPEC + Standard Adjuvant Systemic Chemotherapy),intervention,1.0,3.0,7.0,12.0,12.0,13.0,21.0,Day 1 of each 21-day cycle for 8 cycles (CAPOX regimen).,,2019.0
PMID 31399378 CT_Summary_SoE.pdf,Arm A (V212 Vaccine),intervention,1.0,1.0,3.0,5.0,5.0,5.0,30.0,"Screening (Day -X), Visit 1 (Day 1), Visit 2 (Day 31), Visit 3 (Day 61), Visit 4 (Day 91), Visit 5 (Day 119).",,2019.0
PMID 31399378 CT_Summary_SoE.pdf,Arm B (Placebo),control,1.0,1.0,3.0,5.0,5.0,5.0,30.0,"Screening (Day -X), Visit 1 (Day 1), Visit 2 (Day 31), Visit 3 (Day 61), Visit 4 (Day 91), Visit 5 (Day 119).",,2019.0
PMID 31454045 a_Summary_SoE.pdf,Regimen A (Single Myeloablative Consolidation),intervention,2.0,17.0,43.0,68.0,89.0,93.0,21.0,"Induction (6 cycles of 21 days): 3-5 days treatment + twice-weekly labs. Consolidation: 4 days chemo, 1 day infusion, 14 days daily labs, 12 days XRT. Maintenance (6 cycles of 28 days): 1 visit per cycle.",,2019.0
PMID 31454045 a_Summary_SoE.pdf,Regimen B (Tandem Myeloablative Consolidation),intervention,2.0,17.0,43.0,68.0,87.0,110.0,21.0,"Induction (6 cycles of 21 days): 3-5 days treatment + twice-weekly labs. Tandem Consolidation: HSCT1 (6 days chemo, 1 day infusion, 14 days labs) + HSCT2 (4 days chemo, 1 day infusion, 14 days labs, 12 days XRT). Maintenance: 1 visit per cycle.",,2019.0
PMID 31486832 a_Summary_SoE.pdf,Arm A (Sorafenib plus Doxorubicin),intervention,2.0,2.0,5.0,9.0,13.0,18.0,21.0,Day 1 of every 21-day cycle. Restaging imaging occurs every 2 cycles (6 weeks).,,2019.0
PMID 31486832 a_Summary_SoE.pdf,Arm B (Sorafenib alone),control,2.0,2.0,5.0,9.0,13.0,18.0,21.0,Day 1 of every 21-day cycle. Restaging imaging occurs every 2 cycles (6 weeks).,,2019.0
PMID 31562799 a_Summary_SoE.pdf,Arm A (Niraparib),intervention,2.0,5.0,7.0,10.0,13.0,17.0,28.0,"Cycle 1: Days 1, 8, 15, 22. Cycle 2 and subsequent cycles: Day 1 only.",,2019.0
PMID 31562799 a_Summary_SoE.pdf,Arm B (Placebo),control,2.0,5.0,7.0,10.0,13.0,17.0,28.0,"Cycle 1: Days 1, 8, 15, 22. Cycle 2 and subsequent cycles: Day 1 only.",,2019.0
PMID 31566309 a_Summary_SoE.pdf,Triplet Arm (Encorafenib + Binimetinib + Cetuximab),intervention,2.0,5.0,13.0,26.0,39.0,53.0,28.0,"Weekly visits on Days 1, 8, 15, and 22 of each 28-day cycle.",,2019.0
PMID 31566309 a_Summary_SoE.pdf,Doublet Arm (Encorafenib + Cetuximab),intervention,2.0,5.0,13.0,26.0,39.0,53.0,28.0,"Weekly visits on Days 1, 8, 15, and 22 of each 28-day cycle.",,2019.0
PMID 31566309 a_Summary_SoE.pdf,Control Arm (Irinotecan/Cetuximab or FOLFIRI/Cetuximab),control,2.0,5.0,13.0,26.0,39.0,53.0,28.0,"Weekly visits on Days 1, 8, 15, and 22 of each 28-day cycle.",,2019.0
PMID 31582355 a_Summary_SoE.pdf,ONO-4538 (Nivolumab),intervention,1.0,4.0,8.0,14.0,21.0,28.0,42.0,"D1, D15, D29 (Dosing); D43 (End of Cycle/Next D1); D8 (C1 only)",,2019.0
PMID 31582355 a_Summary_SoE.pdf,Docetaxel,control,1.0,3.0,6.0,10.0,14.0,19.0,21.0,D1 (Dosing); D22 (End of Cycle/Next D1); D8 (C1 only),,2019.0
PMID 31582355 a_Summary_SoE.pdf,Paclitaxel,control,1.0,5.0,13.0,26.0,39.0,53.0,56.0,"D1, 8, 15, 22, 29, 36 (Dosing); D43 (Clinic); D50 (Imaging/Labs)",,2019.0
PMID 31590988 a_Summary_SoE.pdf,Durvalumab + platinum-etoposide (EP),intervention,1.0,2.0,5.0,8.0,11.0,15.0,21.0,"Induction: q3w for 4 cycles (Days 1, 22, 43, 64). Maintenance: Durvalumab q4w starting at Day 85 (Days 85, 113, 141, 169, 197, 225, 253, 281, 309, 337, 365).",,2019.0
PMID 31590988 a_Summary_SoE.pdf,Durvalumab + tremelimumab + EP,intervention,1.0,2.0,5.0,8.0,11.0,15.0,21.0,"Induction: q3w for 4 cycles (Days 1, 22, 43, 64). Maintenance: Durvalumab q4w starting at Day 85. Tremelimumab additional dose is given post-EP, assumed to coincide with the first maintenance visit.",,2019.0
PMID 31590988 a_Summary_SoE.pdf,EP alone,control,1.0,2.0,5.0,7.0,8.0,10.0,21.0,"Treatment: q3w for 6 cycles (Days 1, 22, 43, 64, 85, 106). Follow-up: End of Treatment (EOT) visit at Day 136, followed by survival follow-up every 12 weeks (Days 190, 274, 358).",,2019.0
PMID 31591063 CT a_Summary_SoE.pdf,Arm A (Ramucirumab + Erlotinib),intervention,2.0,3.0,7.0,13.0,20.0,27.0,14.0,"Visits occur on Day 1 of every 14-day cycle for ramucirumab infusions, laboratory tests, and clinical assessments.",,2019.0
PMID 31591063 CT a_Summary_SoE.pdf,Arm B (Placebo + Erlotinib),control,2.0,3.0,7.0,13.0,20.0,27.0,14.0,"Visits occur on Day 1 of every 14-day cycle for placebo infusions, laboratory tests, and clinical assessments.",,2019.0
PMID 31618129 a_Summary_SoE.pdf,Arm A (Platinum-doublet chemotherapy alone),control,2.0,2.0,5.0,9.0,13.0,18.0,21.0,Day 1 of each 21-day cycle.,,2019.0
PMID 31618129 a_Summary_SoE.pdf,Arm B (Platinum-doublet chemotherapy plus Bevacizumab),intervention,2.0,2.0,5.0,9.0,13.0,18.0,21.0,Day 1 of each 21-day cycle.,,2019.0
PMID 31629060 a_Summary_SoE.pdf,Arm A (Darbepoetin alfa 500 µg Q3W),intervention,1.0,2.0,5.0,9.0,13.0,18.0,21.0,"Q3W visits (Day 1 of each 21-day cycle) for subcutaneous IP administration, labs, and clinical assessments. Imaging (CT/MRI/PET-CT) is performed Q9W (every 3rd cycle) during the scheduled Q3W visits.",,2020.0
PMID 31629060 a_Summary_SoE.pdf,Arm B (Placebo Q3W),control,1.0,2.0,5.0,9.0,13.0,18.0,21.0,"Q3W visits (Day 1 of each 21-day cycle) for subcutaneous placebo administration, labs, and clinical assessments. Imaging (CT/MRI/PET-CT) is performed Q9W (every 3rd cycle) during the scheduled Q3W visits.",,2020.0
PMID 31645288 CT_Summary_SoE.pdf,Regional Anesthesia (Paravertebral or Thoracic Epidural + Propofol),intervention,1.0,3.0,3.0,3.0,3.0,4.0,0.0,"Screening/Consent (1 day), Surgery (Day 1), Post-operative Day 1 (Day 2), Post-operative Day 2 (Day 3), 12-month Mammogram (Day 365).",,2019.0
PMID 31645288 CT_Summary_SoE.pdf,General Anesthesia (Sevoflurane + Morphine),control,1.0,3.0,3.0,3.0,3.0,4.0,0.0,"Screening/Consent (1 day), Surgery (Day 1), Post-operative Day 1 (Day 2), Post-operative Day 2 (Day 3), 12-month Mammogram (Day 365).",,2019.0
PMID 31647503 a_Summary_SoE.pdf,Arm A (Pertuzumab + Trastuzumab + Docetaxel),intervention,2.0,2.0,8.0,13.0,18.0,22.0,21.0,Day 1 of each 21-day cycle. Additional imaging visits in neoadjuvant phase (Cycles 2 and 4). Surgery day. Pre-adjuvant imaging visit (Cycle 5).,,2020.0
PMID 31647503 a_Summary_SoE.pdf,Arm B (Placebo + Trastuzumab + Docetaxel),control,2.0,2.0,8.0,13.0,18.0,22.0,21.0,Day 1 of each 21-day cycle. Additional imaging visits in neoadjuvant phase (Cycles 2 and 4). Surgery day. Pre-adjuvant imaging visit (Cycle 5).,,2020.0
PMID 31665578 a_Summary_SoE.pdf,Arm A (ASP2215),intervention,2.0,5.0,8.0,11.0,14.0,18.0,28.0,"Cycle 1: Days 1, 4, 8, 15; Cycle 2: Days 1, 15; Subsequent cycles: Day 1 only.",,2019.0
PMID 31665578 a_Summary_SoE.pdf,Arm B (Salvage Chemotherapy),control,2.0,13.0,38.0,72.0,102.0,132.0,28.0,Cycle 1 & 2: Days 1-10 (dosing) and Day 15 (assessment); Subsequent cycles: Days 1-10 (dosing).,,2019.0
PMID 31679945 a_Summary_SoE.pdf,,,,,,,,,,,Failed to parse JSON,2019.0
PMID 31688884 a_Summary_SoE.pdf,Arm A (Caspofungin),intervention,1.0,22.0,64.0,86.0,87.0,88.0,28.0,"Daily IV infusions during neutropenic periods (~21 days per course). Labs (CBC, Chem, GM/BG) occur twice weekly on infusion days.",,2019.0
PMID 31688884 a_Summary_SoE.pdf,Arm B (Fluconazole),control,1.0,9.0,25.0,34.0,35.0,36.0,28.0,Twice weekly lab visits (Mondays and Thursdays) during neutropenic periods (~8 days per course). Fluconazole is administered orally at home.,,2019.0
PMID 31693129 CT_Summary_SoE.pdf,Arm 1 (Zoledronic Acid),intervention,1.0,1.0,3.0,6.0,7.0,8.0,30.0,"Monthly for the first 6 months, then every 3 months thereafter.",,2020.0
PMID 31693129 CT_Summary_SoE.pdf,Arm 2 (Clodronate),control,1.0,1.0,3.0,6.0,7.0,8.0,30.0,"Monthly for the first 6 months, then every 3 months thereafter.",,2020.0
PMID 31693129 CT_Summary_SoE.pdf,Arm 3 (Ibandronate),intervention,1.0,1.0,3.0,6.0,7.0,8.0,30.0,"Monthly for the first 6 months, then every 3 months thereafter.",,2020.0
PMID 31725692 CT_Summary_SoE.pdf,Intervention Group (Acetaminophen and Carbohydrate Loading),intervention,1.0,2.0,2.0,2.0,2.0,2.0,0.0,"One screening/recruitment visit, one surgery day (Day 1), and one follow-up visit (Day 7).",,2020.0
PMID 31725692 CT_Summary_SoE.pdf,Control Group (Usual Perioperative Care),control,1.0,2.0,2.0,2.0,2.0,2.0,0.0,"One screening/recruitment visit, one surgery day (Day 1), and one follow-up visit (Day 7).",,2020.0
PMID 31735560 CT_Summary_SoE.pdf,IPd (Isatuximab + Pomalidomide + Dexamethasone),intervention,1.0,5.0,9.0,15.0,22.0,29.0,28.0,"Cycle 1: Days 1, 8, 15, 22. Subsequent Cycles: Days 1, 15.",,2019.0
PMID 31735560 CT_Summary_SoE.pdf,Pd (Pomalidomide + Dexamethasone),control,1.0,5.0,9.0,15.0,22.0,29.0,28.0,"Cycle 1: Days 1, 8, 15, 22. Subsequent Cycles: Days 1, 15.",,2019.0
PMID 31800611 a_Summary_SoE.pdf,Ketorolac (30mg ketorolac),intervention,1.0,2.0,2.0,2.0,2.0,3.0,0.0,"Screening visit, Day 0 (Surgery/Treatment), Day 8 (Discharge), Year 1 Follow-up",,2019.0
PMID 31800611 a_Summary_SoE.pdf,Placebo (3mL 0.9% NaCl),control,1.0,2.0,2.0,2.0,2.0,3.0,0.0,"Screening visit, Day 0 (Surgery/Treatment), Day 8 (Discharge), Year 1 Follow-up",,2019.0
PMID 31806543 CT_Summary_SoE.pdf,Arm A (Denosumab 120 mg SC),intervention,2.0,2.0,4.0,7.0,8.0,9.0,28.0,"Q4W (every 4 weeks) for the first 6 months (Visits 1-7), followed by Q3M (every 3 months) thereafter.",,2020.0
PMID 31806543 CT_Summary_SoE.pdf,Arm B (Matching Placebo SC),control,2.0,2.0,4.0,7.0,8.0,9.0,28.0,"Q4W (every 4 weeks) for the first 6 months (Visits 1-7), followed by Q3M (every 3 months) thereafter.",,2020.0
PMID 31810797 CT_Summary_SoE.pdf,Tivozanib Hydrochloride (AV-951),intervention,1.0,3.0,5.0,8.0,11.0,15.0,28.0,"Screening (1 day), Cycle 1 Day 1, Cycle 1 Day 15, then Day 1 of every subsequent 28-day cycle.",,2020.0
PMID 31810797 CT_Summary_SoE.pdf,Sorafenib,control,1.0,3.0,5.0,8.0,11.0,15.0,28.0,"Screening (1 day), Cycle 1 Day 1, Cycle 1 Day 15, then Day 1 of every subsequent 28-day cycle.",,2020.0
PMID 31820339 CT_Summary_SoE.pdf,Arm A (PF-05280586 / rituximab-Pfizer),intervention,1.0,5.0,6.0,7.0,8.0,9.0,7.0,"Weekly doses on Days 1, 8, 15, 22; Follow-up on Day 29 and Weeks 13, 26, 39, 52.",,2020.0
PMID 31820339 CT_Summary_SoE.pdf,Arm B (rituximab-EU / MabThera),control,1.0,5.0,6.0,7.0,8.0,9.0,7.0,"Weekly doses on Days 1, 8, 15, 22; Follow-up on Day 29 and Weeks 13, 26, 39, 52.",,2020.0
PMID 31821109 a_Summary_SoE.pdf,Arm 1 (Chemotherapy Alone),control,2.0,5.0,10.0,19.0,19.0,20.0,14.0,"Dose-dense AC every 2 weeks for 4 cycles, followed by weekly Paclitaxel for 12 doses.",,2020.0
PMID 31821109 a_Summary_SoE.pdf,Arm 2 (Chemotherapy + Trastuzumab),intervention,2.0,5.0,10.0,20.0,24.0,29.0,14.0,"Dose-dense AC every 2 weeks (4 cycles), weekly Paclitaxel + Trastuzumab (12 doses), then Trastuzumab alone every 3 weeks.",,2020.0
PMID 31924332 CT_Summary_SoE.pdf,Arm A (Trabectedin + DOXIL),intervention,1.0,6.0,14.0,27.0,40.0,54.0,21.0,"D1 (Infusion/Labs), D8 (Labs), D15 (Labs). Cycle 1 also includes D2 for PK.",,2020.0
PMID 31924332 CT_Summary_SoE.pdf,Arm B (DOXIL Monotherapy),control,1.0,5.0,13.0,26.0,39.0,53.0,28.0,"D1 (Infusion/Labs), D8 (Labs), D15 (Labs), D22 (Labs).",,2020.0
PMID 31935026 a_Summary_SoE.pdf,Arm A (MEAL Program Intervention),intervention,1.0,0.0,1.0,2.0,3.0,4.0,0.0,PSA labs every 3 months; History and Physical (clinic visit) every 6 months.,,2020.0
PMID 31935026 a_Summary_SoE.pdf,Arm B (Control - PCF Booklet),control,1.0,0.0,1.0,2.0,3.0,4.0,0.0,PSA labs every 3 months; History and Physical (clinic visit) every 6 months.,,2020.0
PMID 32010577 a_Summary_SoE.pdf,Arm A (IBI305 + Paclitaxel/Carboplatin),intervention,1.0,2.0,5.0,9.0,13.0,18.0,21.0,Day 1 of every 21-day cycle.,,2019.0
PMID 32010577 a_Summary_SoE.pdf,Arm B (Bevacizumab + Paclitaxel/Carboplatin),control,1.0,2.0,5.0,9.0,13.0,18.0,21.0,Day 1 of every 21-day cycle.,,2019.0
PMID 32031887 CT_Summary_SoE.pdf,Arm 1 (Early Palliative Care),intervention,1.0,1.0,3.0,6.0,9.0,13.0,28.0,Baseline visit followed by palliative care visits at least every four weeks (28 days) throughout the patient's life.,,2020.0
PMID 32031887 CT_Summary_SoE.pdf,Arm 2 (Standard Oncology Care),control,1.0,0.0,2.0,3.0,3.0,3.0,,"Baseline visit followed by questionnaire completions at weeks 6, 12, and 24 during regularly scheduled oncology clinical visits.",,2020.0
PMID 32058845 a_Summary_SoE.pdf,Arm 1 (WBRT + Memantine),control,2.0,10.0,11.0,13.0,13.0,14.0,0.0,"10 daily visits for radiotherapy in month 1; monitoring visits at months 2, 4, 6, and 12.",,2020.0
PMID 32058845 a_Summary_SoE.pdf,Arm 2 (HA-WBRT + Memantine),intervention,2.0,10.0,11.0,13.0,13.0,14.0,0.0,"10 daily visits for radiotherapy in month 1; monitoring visits at months 2, 4, 6, and 12.",,2020.0
PMID 32073956 a_Summary_SoE.pdf,Olaparib Monotherapy,intervention,1.0,5.0,7.0,10.0,13.0,17.0,28.0,"Weekly for the first month (Day 1, 8, 15, 22, 29), then every 4 weeks thereafter.",,2020.0
PMID 32073956 a_Summary_SoE.pdf,Physician's Choice Chemotherapy (Weekly Paclitaxel),control,1.0,5.0,13.0,26.0,39.0,53.0,28.0,"Weekly (Day 1, 8, 15, 22 of every 28-day cycle).",,2020.0
PMID 32145827 a_Summary_SoE.pdf,Bleomycin and vincristine plus ART,control,1.0,3.0,7.0,13.0,13.0,14.0,14.0,"Every 2 weeks for chemotherapy (Step 1 and Step 2), with major assessments at weeks 0, 12, 24, and 48.",,2020.0
PMID 32145827 a_Summary_SoE.pdf,Etoposide plus ART,intervention,1.0,3.0,7.0,13.0,13.0,14.0,14.0,"Every 2 weeks for chemotherapy (Step 1 and Step 2), with major assessments at weeks 0, 12, 24, and 48.",,2020.0
PMID 32145827 a_Summary_SoE.pdf,Paclitaxel plus ART,intervention,1.0,3.0,7.0,13.0,13.0,14.0,14.0,"Every 2 weeks for chemotherapy (Step 1 and Step 2), with major assessments at weeks 0, 12, 24, and 48.",,2020.0
PMID 32201234 a_Summary_SoE.pdf,Durvalumab monotherapy,intervention,1.0,3.0,7.0,13.0,20.0,26.0,14.0,10 mg/kg i.v. every 2 weeks (q2w),,2020.0
PMID 32201234 a_Summary_SoE.pdf,Durvalumab + Tremelimumab,intervention,1.0,2.0,4.0,10.0,18.0,21.0,28.0,"q4w for 12 weeks (3 doses), then q2w for 34 weeks (17 doses)",,2020.0
PMID 32201234 a_Summary_SoE.pdf,Tremelimumab monotherapy,intervention,1.0,2.0,4.0,7.0,9.0,11.0,28.0,"q4w for 24 weeks (6 doses), then q12w for 24 weeks (3 doses)",,2020.0
PMID 32201234 a_Summary_SoE.pdf,Standard of Care (SoC),control,1.0,5.0,13.0,26.0,39.0,52.0,28.0,"Vinorelbine: Days 1, 8, 15, 22 of a 28-day cycle",,2020.0
PMID 32213342 a_Summary_SoE.pdf,Dara-SC (Subcutaneous Daratumumab),intervention,2.0,6.0,13.0,19.0,22.0,26.0,28.0,"Cycles 1-2: Weekly (D1, D8, D15, D22); Cycles 3-6: Every 2 weeks (D1, D15); Cycles 7+: Every 4 weeks (D1).",,2020.0
PMID 32213342 a_Summary_SoE.pdf,Dara-IV (Intravenous Daratumumab),control,2.0,5.0,11.0,17.0,20.0,24.0,28.0,"Cycles 1-2: Weekly (D1, D8, D15, D22); Cycles 3-6: Every 2 weeks (D1, D15); Cycles 7+: Every 4 weeks (D1).",,2020.0
PMID 32259228 a_Summary_SoE.pdf,Arm A (Doxorubicin + Olaratumab),intervention,2.0,4.0,9.0,18.0,26.0,36.0,21.0,Days 1 and 8 of each 21-day cycle.,,2020.0
PMID 32259228 a_Summary_SoE.pdf,Arm B (Doxorubicin + Placebo),control,2.0,4.0,9.0,18.0,26.0,36.0,21.0,Days 1 and 8 of each 21-day cycle.,,2020.0
PMID 32271377 a_Summary_SoE.pdf,MEDI4736 + tremelimumab Combination Therapy,intervention,1.0,2.0,5.0,9.0,13.0,17.0,28.0,Dosing on Day 1 of each 28-day cycle. Tumor assessments (RECIST 1.1) every 6 weeks.,,2020.0
PMID 32271377 a_Summary_SoE.pdf,MEDI4736 Monotherapy,intervention,1.0,2.0,5.0,9.0,13.0,17.0,28.0,Dosing on Day 1 of each 28-day cycle. Tumor assessments (RECIST 1.1) every 6 weeks.,,2020.0
PMID 32271377 a_Summary_SoE.pdf,Standard of Care (SoC) Platinum-Based Chemotherapy,control,1.0,2.0,5.0,9.0,13.0,18.0,21.0,Dosing on Day 1 of each 21-day cycle. Tumor assessments (RECIST 1.1) every 6 weeks.,,2020.0
PMID 32294530 CT_Summary_SoE.pdf,Arm 1: MEDI4736 monotherapy,intervention,2.0,3.0,7.0,13.0,20.0,27.0,14.0,One visit every 2 weeks (q2w) for drug administration and assessments.,,2020.0
PMID 32294530 CT_Summary_SoE.pdf,Arm 2: MEDI4736 + tremelimumab combination therapy,intervention,2.0,2.0,4.0,9.0,16.0,23.0,28.0,"One visit every 4 weeks (q4w) for the first 4 doses, followed by one visit every 2 weeks (q2w) thereafter.",,2020.0
PMID 32294530 CT_Summary_SoE.pdf,Arm 3: Standard of Care (SoC) therapy,control,2.0,5.0,13.0,26.0,39.0,53.0,7.0,"Weekly visits (q1w) for drug administration (Cetuximab, Taxane, or Methotrexate).",,2020.0
PMID 32302702 CT_Summary_SoE.pdf,Arm A (Atezolizumab + Carboplatin + Paclitaxel),intervention,1.0,2.0,5.0,9.0,13.0,18.0,21.0,Day 1 of every 21-day cycle for both induction and maintenance phases.,,2020.0
PMID 32302702 CT_Summary_SoE.pdf,Arm B (Atezolizumab + Carboplatin + nab-Paclitaxel),intervention,1.0,5.0,13.0,17.0,21.0,26.0,21.0,"Induction: Days 1, 8, 15 of every 21-day cycle. Maintenance: Day 1 of every 21-day cycle.",,2020.0
PMID 32302702 CT_Summary_SoE.pdf,Arm C (Carboplatin + nab-Paclitaxel),control,1.0,5.0,12.0,14.0,16.0,18.0,21.0,"Induction: Days 1, 8, 15 of every 21-day cycle. Maintenance: No cycle visits, only tumor assessments every 6 weeks.",,2020.0
PMID 32305093 a_Summary_SoE.pdf,Acalabrutinib-Obinutuzumab,intervention,0.0,0.0,0.0,0.0,0.0,0.0,28.0,Not specified in the provided document.,,2020.0
PMID 32305093 a_Summary_SoE.pdf,Acalabrutinib Monotherapy,intervention,0.0,0.0,0.0,0.0,0.0,0.0,28.0,Not specified in the provided document.,,2020.0
PMID 32305093 a_Summary_SoE.pdf,Obinutuzumab-Chlorambucil,control,0.0,0.0,0.0,0.0,0.0,0.0,28.0,Not specified in the provided document.,,2020.0
PMID 32343890 a_Summary_SoE.pdf,Arm A (Olaparib),intervention,2.0,2.0,4.0,7.0,8.0,10.0,28.0,"Every 4 weeks for the first 24 weeks, then every 8 weeks thereafter.",,2020.0
PMID 32343890 a_Summary_SoE.pdf,Arm B (Investigator's Choice: Enzalutamide or Abiraterone Acetate),control,2.0,2.0,4.0,7.0,8.0,10.0,28.0,"Every 4 weeks for the first 24 weeks, then every 8 weeks thereafter.",,2020.0
PMID 32372176 CT_Summary_SoE.pdf,Testosterone (Topical Gel),intervention,1.0,1.0,2.0,3.0,3.0,3.0,90.0,"Screening visit (labs/exam), Enrollment visit (Day 1, research blood/supplies), Month 3 visit (exam), Month 6 visit (exam).",,2021.0
PMID 32372176 CT_Summary_SoE.pdf,Placebo (Topical Gel),control,1.0,1.0,2.0,3.0,3.0,3.0,90.0,"Screening visit (labs/exam), Enrollment visit (Day 1, research blood/supplies), Month 3 visit (exam), Month 6 visit (exam).",,2021.0
PMID 32379269 a_Summary_SoE.pdf,Arm 1 (Olanzapine 5.0 mg/day),intervention,1.0,2.0,2.0,2.0,2.0,2.0,0.0,"1 screening visit (Prior to Registration), Day 1 (Registration/Drug Dispensing), and Day 8 (End of Study Assessment).",,2020.0
PMID 32379269 a_Summary_SoE.pdf,Arm 2 (Placebo),control,1.0,2.0,2.0,2.0,2.0,2.0,0.0,"1 screening visit (Prior to Registration), Day 1 (Registration/Drug Dispensing), and Day 8 (End of Study Assessment).",,2020.0
PMID 32402160 a_Summary_SoE.pdf,Arm A (Atezolizumab + Bevacizumab),intervention,2.0,2.0,5.0,9.0,13.0,18.0,21.0,Day 1 of each 21-day cycle,,2020.0
PMID 32402160 a_Summary_SoE.pdf,Arm B (Sorafenib),control,2.0,2.0,5.0,9.0,13.0,18.0,21.0,Day 1 of each 21-day cycle,,2020.0
PMID 32416072 CT a_Summary_SoE.pdf,Arm A (AG-120 / Ivosidenib),intervention,2.0,3.0,7.0,11.0,15.0,20.0,28.0,"Cycles 1-3: Days 1 and 15. Cycle 4+: Day 1. Tumor imaging every 6 weeks (Weeks 6, 12, 18, 24, 30, 36, 42, 48).",,2020.0
PMID 32416072 CT a_Summary_SoE.pdf,Arm B (Placebo),control,2.0,3.0,7.0,11.0,15.0,20.0,28.0,"Cycles 1-3: Days 1 and 15. Cycle 4+: Day 1. Tumor imaging every 6 weeks (Weeks 6, 12, 18, 24, 30, 36, 42, 48).",,2020.0
PMID 32416073 CT_Summary_SoE.pdf,Investigational Arm (SHR-1210),intervention,2.0,3.0,7.0,13.0,20.0,27.0,14.0,Dosing on Day 1 of each 2-week cycle (Q2W).,,2020.0
PMID 32416073 CT_Summary_SoE.pdf,Control Arm (Docetaxel),control,2.0,2.0,5.0,9.0,13.0,18.0,21.0,Dosing on Day 1 of each 3-week cycle (Q3W).,,2020.0
PMID 32416073 CT_Summary_SoE.pdf,Control Arm (Irinotecan),control,2.0,3.0,7.0,13.0,20.0,27.0,14.0,Dosing on Day 1 of each 2-week cycle (Q2W).,,2020.0
PMID 32416780 a_Summary_SoE.pdf,Arm A (Atezolizumab + Platinum-based Chemotherapy),intervention,2.0,5.0,11.0,20.0,28.0,38.0,21.0,"Day 1 (Atezolizumab + Platinum + Gemcitabine), Day 8 (Gemcitabine) every cycle; Day 15 (Hematology) for Cycles 1 and 2 only.",,2020.0
PMID 32416780 a_Summary_SoE.pdf,Arm B (Atezolizumab Monotherapy),intervention,2.0,2.0,5.0,9.0,13.0,18.0,21.0,Day 1 (Atezolizumab) every cycle.,,2020.0
PMID 32416780 a_Summary_SoE.pdf,Arm C (Placebo + Platinum-based Chemotherapy),control,2.0,5.0,11.0,20.0,28.0,38.0,21.0,"Day 1 (Placebo + Platinum + Gemcitabine), Day 8 (Gemcitabine) every cycle; Day 15 (Hematology) for Cycles 1 and 2 only.",,2020.0
PMID 32437507 a_Summary_SoE.pdf,Arm N: Nivolumab Monotherapy (Cohort 2),intervention,2.0,2.0,7.0,13.0,20.0,27.0,14.0,Every 2 weeks (Q2W) drug administration.,,2020.0
PMID 32437507 a_Summary_SoE.pdf,Arm B: Bevacizumab Monotherapy (Cohort 2),control,2.0,2.0,7.0,13.0,20.0,27.0,14.0,Every 2 weeks (Q2W) drug administration.,,2020.0
PMID 32437507 a_Summary_SoE.pdf,Arm N+I: Nivolumab + Ipilimumab (Cohort 1/1b),intervention,2.0,2.0,5.0,11.0,18.0,25.0,21.0,"Every 3 weeks (Q3W) for 4 doses, then every 2 weeks (Q2W) starting at Week 13.",,2020.0
PMID 32459600 a_Summary_SoE.pdf,Arm A (Acalabrutinib Monotherapy),intervention,1.0,4.0,8.0,14.0,15.0,16.0,28.0,"Cycle 1: Days 1, 8, 15; Cycles 2-6: Days 1, 15; Cycle 7: Day 1; Q12W starting at Cycle 10.",,2020.0
PMID 32459600 a_Summary_SoE.pdf,Arm B (Bendamustine + Rituximab),control,1.0,6.0,10.0,14.0,15.0,16.0,28.0,"Cycle 1: Days 1, 2, 8, 15; Cycles 2-6: Days 1, 2; Post-treatment: Q12W.",,2020.0
PMID 32460997 CT_Summary_SoE.pdf,Regimen 1: IV Pulse Actinomycin-D,control,1.0,3.0,7.0,10.0,13.0,17.0,14.0,Day 1 of each 14-day cycle for treatment; every 4 weeks post-treatment for hCG monitoring.,,2020.0
PMID 32460997 CT_Summary_SoE.pdf,Regimen 2: IV Methotrexate (5-day regimen),intervention,1.0,12.0,35.0,38.0,41.0,45.0,14.0,Days 1-5 of each 14-day cycle for treatment; every 4 weeks post-treatment for hCG monitoring.,,2020.0
PMID 32460997 CT_Summary_SoE.pdf,Regimen 2: IM Methotrexate (8-day regimen),intervention,1.0,9.0,27.0,31.0,34.0,38.0,14.0,"Days 1, 3, 5, 7 of each 14-day cycle for treatment; every 4 weeks post-treatment for hCG monitoring.",,2020.0
PMID 32469183 a_Summary_SoE.pdf,Arm A (Oral Relugolix),intervention,1.0,6.0,8.0,11.0,14.0,17.0,28.0,"Day 1, Day 4, then weekly to Week 5, then every 4 weeks to Week 49.",,2020.0
PMID 32469183 a_Summary_SoE.pdf,Arm B (Leuprolide Acetate 3-M Depot),control,1.0,6.0,8.0,11.0,14.0,17.0,28.0,"Day 1, Day 4, then weekly to Week 5, then every 4 weeks to Week 49.",,2020.0
PMID 32469384 a_Summary_SoE.pdf,Savolitinib,intervention,2.0,5.0,13.0,15.0,17.0,19.0,42.0,"Weekly for the first 12 weeks (Cycle 1 and Cycle 2), then every 6 weeks (start of each cycle).",,2020.0
PMID 32469384 a_Summary_SoE.pdf,Sunitinib,control,2.0,5.0,13.0,15.0,17.0,19.0,42.0,"Weekly for the first 12 weeks (Cycle 1 and Cycle 2), then every 6 weeks (start of each cycle).",,2020.0
PMID 32496902 a_Summary_SoE.pdf,Arm A (High Risk B-ALL - IT Methotrexate),control,1.0,6.0,26.0,43.0,62.0,76.0,84.0,"Induction (6 days), Consolidation (21 days), Interim Maintenance (12 days), Delayed Intensification (14 days), Maintenance (12 days per 84-day cycle).",,2020.0
PMID 32496902 a_Summary_SoE.pdf,Arm B (High Risk B-ALL - Triple Intrathecal Therapy),intervention,1.0,6.0,26.0,43.0,62.0,76.0,84.0,Identical to Arm A; IT Methotrexate is replaced by Triple Intrathecal Therapy.,,2020.0
PMID 32496902 a_Summary_SoE.pdf,VHR B-ALL (Control Arm and Experimental Arm 1),intervention,1.0,6.0,26.0,53.0,69.0,83.0,84.0,"Induction (6 days), Consolidation P1 (10 days), Consolidation P2 (11 days), IM I (12 days), DI P1 (4 days), DI P2 (10 days), IM II (7 days), Maintenance (12 days/cycle).",,2020.0
PMID 32496902 a_Summary_SoE.pdf,Dasatinib Arm (Ph-like B-ALL),intervention,1.0,6.0,26.0,53.0,69.0,83.0,84.0,"Induction (6 days), Consolidation (21 days), IM I (12 days), DI (14 days), IM II (7 days), Maintenance (12 days/cycle).",,2020.0
PMID 32496902 a_Summary_SoE.pdf,Down Syndrome HR B-ALL Arm,intervention,1.0,8.0,34.0,51.0,73.0,84.0,84.0,"Induction (10 days), Consolidation (25 days), Interim Maintenance (12 days), Delayed Intensification (14 days), Maintenance (12 days/cycle).",,2020.0
PMID 32534646 CT_Summary_SoE.pdf,Arm B (Atezolizumab + Cobimetinib + Vemurafenib),intervention,2.0,4.0,12.0,18.0,25.0,32.0,28.0,"Run-in (Days 1, 15, 21); Cycles 1-2 (Days 1, 8, 15, 22); Cycles 3+ (Days 1, 15)",,2020.0
PMID 32534646 CT_Summary_SoE.pdf,Arm A (Placebo + Cobimetinib + Vemurafenib),control,2.0,4.0,12.0,18.0,25.0,32.0,28.0,"Run-in (Days 1, 15, 21); Cycles 1-2 (Days 1, 8, 15, 22); Cycles 3+ (Days 1, 15)",,2020.0
PMID 32564260 CT_Summary_SoE.pdf,Arm A (Placebo + Herceptin + Docetaxel),control,2.0,2.0,5.0,9.0,13.0,18.0,21.0,Day 1 of each 21-day cycle,,2020.0
PMID 32564260 CT_Summary_SoE.pdf,Arm B (Pertuzumab + Herceptin + Docetaxel),intervention,2.0,2.0,5.0,9.0,13.0,18.0,21.0,Day 1 of each 21-day cycle,,2020.0
PMID 32678716 CT_Summary_SoE.pdf,Arm A (Neratinib plus Capecitabine),intervention,2.0,4.0,7.0,11.0,15.0,20.0,21.0,"Cycle 1: Days 1, 8, 15. Cycle 2+: Day 1 of each 21-day cycle.",,2020.0
PMID 32678716 CT_Summary_SoE.pdf,Arm B (Lapatinib plus Capecitabine),control,2.0,4.0,7.0,11.0,15.0,20.0,21.0,"Cycle 1: Days 1, 8, 15. Cycle 2+: Day 1 of each 21-day cycle.",,2020.0
PMID 32682457 a_Summary_SoE.pdf,Arm A (TAS-118 plus Oxaliplatin),intervention,3.0,3.0,7.0,13.0,20.0,27.0,14.0,Day 1 of every 14-day cycle.,,2020.0
PMID 32682457 a_Summary_SoE.pdf,Arm B (S-1 plus Cisplatin),control,3.0,3.0,9.0,18.0,26.0,36.0,35.0,"Days 1, 8, and 15 of every 35-day cycle.",,2020.0
PMID 32682484 a_Summary_SoE.pdf,"Arm 1: KdD (Carfilzomib, Dexamethasone, Daratumumab)",intervention,1.0,9.0,22.0,42.0,62.0,81.0,28.0,"Cycles 1-2: Days 1, 2, 8, 9, 15, 16, 22. Cycles 3+: Days 1, 2, 8, 9, 15, 16.",,2020.0
PMID 32682484 a_Summary_SoE.pdf,"Arm 2: Kd (Carfilzomib, Dexamethasone)",control,1.0,8.0,20.0,40.0,60.0,79.0,28.0,"All Cycles: Days 1, 2, 8, 9, 15, 16.",,2020.0
PMID 32706639 a_Summary_SoE.pdf,Arm A (Neo-adjuvant Docetaxel + ADT + Radical Prostatectomy),intervention,2.0,2.0,5.0,7.0,10.0,11.0,21.0,"1 visit per 21-day cycle for 6 cycles of neoadjuvant chemotherapy; followed by a pre-surgery visit, surgery, and post-operative follow-up visits at 1, 3, and 6 months.",,2020.0
PMID 32706639 a_Summary_SoE.pdf,Arm B (Immediate Radical Prostatectomy),control,2.0,2.0,3.0,4.0,5.0,6.0,0.0,"Immediate surgery followed by post-operative follow-up visits at 1, 3, 6, and 9 months.",,2020.0
PMID 32786187 a_Summary_SoE.pdf,Arm A (Venetoclax + Azacitidine),intervention,2.0,13.0,31.0,54.0,76.0,100.0,28.0,"Cycle 1: Day -1 (TLS admission), Days 1-7 (Azacitidine), Days 8, 15, 22 (Labs), Day 28 (Biopsy). Cycles 2-13: Days 1-7 (Azacitidine). Every 3 cycles (C4, C7, C10, C13): Day 28 (Biopsy).",,2020.0
PMID 32786187 a_Summary_SoE.pdf,Arm B (Placebo + Azacitidine),control,2.0,13.0,31.0,54.0,76.0,100.0,28.0,"Cycle 1: Day -1 (TLS admission), Days 1-7 (Azacitidine), Days 8, 15, 22 (Labs), Day 28 (Biopsy). Cycles 2-13: Days 1-7 (Azacitidine). Every 3 cycles (C4, C7, C10, C13): Day 28 (Biopsy).",,2020.0
PMID 32813610 a_Summary_SoE.pdf,Arm A (Capizzi MTX without Nelarabine),control,1.0,5.0,13.0,24.0,32.0,35.0,84.0,"Induction: Weekly (Days 1, 8, 15, 22, 29); Consolidation: Weekly (8 visits); Interim Maintenance: Every 10 days (6 visits); Delayed Intensification: Weekly (10 visits); Maintenance: Every 4 weeks (3 visits per 12-week cycle).",,2020.0
PMID 32813610 a_Summary_SoE.pdf,Arm B (Capizzi MTX with Nelarabine),intervention,1.0,5.0,29.0,43.0,66.0,73.0,84.0,"Induction: Weekly; Consolidation: Intensive (30 visits over 11 weeks); Interim Maintenance: Every 10 days (6 visits); Delayed Intensification: Intensive (19 visits over 9 weeks); Maintenance: 7 visits per 12-week cycle (Days 1, 29-33, 57).",,2020.0
PMID 32813610 a_Summary_SoE.pdf,Arm C (High Dose MTX without Nelarabine),intervention,1.0,5.0,13.0,22.0,30.0,33.0,84.0,Induction: Weekly; Consolidation: Weekly; Interim Maintenance: Every 14 days (4 visits); Delayed Intensification: Weekly; Maintenance: Every 4 weeks.,,2020.0
PMID 32813610 a_Summary_SoE.pdf,Arm D (High Dose MTX with Nelarabine),intervention,1.0,5.0,29.0,41.0,64.0,71.0,84.0,Induction: Weekly; Consolidation: Intensive; Interim Maintenance: Every 14 days (4 visits); Delayed Intensification: Intensive; Maintenance: 7 visits per cycle.,,2020.0
PMID 32822286 a_Summary_SoE.pdf,Arm A (MEK162),intervention,4.0,3.0,6.0,9.0,12.0,16.0,28.0,"Weeks 1, 3, 5, 7, 9, 13, 17, 21, 25, then every 4 weeks",,2020.0
PMID 32822286 a_Summary_SoE.pdf,Arm B (Liposomal Doxorubicin),control,4.0,5.0,9.0,12.0,15.0,19.0,28.0,Day 1 of 28-day cycle; weekly labs in Cycles 1-2,,2020.0
PMID 32822286 a_Summary_SoE.pdf,Arm B (Paclitaxel),control,4.0,5.0,11.0,20.0,29.0,41.0,28.0,"Days 1, 8, 15 of 28-day cycle; Day 22 labs in Cycle 1",,2020.0
PMID 32822286 a_Summary_SoE.pdf,Arm B (Topotecan),control,4.0,13.0,29.0,49.0,69.0,94.0,21.0,"Days 1-5 of 21-day cycle; Days 8, 15 labs in Cycles 1-2",,2020.0
PMID 32861273 CT_Summary_SoE.pdf,Arm A (Veliparib + Carboplatin + Paclitaxel),intervention,2.0,5.0,13.0,26.0,39.0,53.0,21.0,"Days 1, 8, and 15 of each 21-day cycle.",,2020.0
PMID 32861273 CT_Summary_SoE.pdf,Arm B (Placebo + Carboplatin + Paclitaxel),control,2.0,5.0,13.0,26.0,39.0,53.0,21.0,"Days 1, 8, and 15 of each 21-day cycle.",,2020.0
PMID 32880601a_Summary_SoE.pdf,Arm 1 (Pembrolizumab Monotherapy),intervention,2.0,2.0,5.0,9.0,13.0,18.0,21.0,1 day per 21-day cycle (Day 1).,,2020.0
PMID 32880601a_Summary_SoE.pdf,Arm 2 (Pembrolizumab + Chemotherapy),intervention,2.0,4.0,10.0,18.0,26.0,36.0,21.0,2 days per 21-day cycle (Day 1 for start of infusion and Day 5 for disconnect).,,2020.0
PMID 32880601a_Summary_SoE.pdf,Arm 3 (Placebo + Chemotherapy),control,2.0,4.0,10.0,18.0,26.0,36.0,21.0,2 days per 21-day cycle (Day 1 and Day 5).,,2020.0
PMID 32945632 a_Summary_SoE.pdf,Arm A (Avelumab plus BSC),intervention,1.0,3.0,7.0,13.0,20.0,27.0,28.0,Day 1 and Day 15 of each 28-day cycle.,,2020.0
PMID 32945632 a_Summary_SoE.pdf,Arm B (Best Supportive Care Alone),control,1.0,2.0,4.0,7.0,10.0,14.0,28.0,Day 1 of each 28-day cycle.,,2020.0
PMID 32954927a_Summary_SoE.pdf,Arm A (Abemaciclib plus standard adjuvant endocrine therapy),intervention,3.0,3.0,6.0,9.0,10.0,11.0,30.0,Visits 1-5 are every 2 weeks; Visits 6-9 are monthly clinic visits; Visits 10-27 alternate between phone and clinic visits every month.,,2020.0
PMID 32954927a_Summary_SoE.pdf,Arm B (Standard adjuvant endocrine therapy alone),control,3.0,3.0,6.0,9.0,10.0,11.0,30.0,Visits 1-5 are every 2 weeks; Visits 6-9 are monthly clinic visits; Visits 10-27 alternate between phone and clinic visits every month.,,2020.0
PMID 32971005 CT_Summary_SoE.pdf,MEDI4736 Monotherapy,intervention,1.0,2.0,4.0,7.0,10.0,13.0,28.0,Day 1 of every 4-week cycle.,,2020.0
PMID 32971005 CT_Summary_SoE.pdf,MEDI4736 + Tremelimumab Combination Therapy,intervention,1.0,2.0,4.0,7.0,10.0,13.0,28.0,Day 1 of every 4-week cycle.,,2020.0
PMID 32971005 CT_Summary_SoE.pdf,"Standard of Care (Cisplatin + Gemcitabine, 28-day cycle)",control,1.0,6.0,14.0,25.0,28.0,30.0,28.0,"Days 1, 2, 8, and 15 of each 28-day cycle for 6 cycles.",,2020.0
PMID 32971005 CT_Summary_SoE.pdf,"Standard of Care (Cisplatin/Carboplatin + Gemcitabine, 21-day cycle)",control,1.0,4.0,9.0,15.0,17.0,19.0,21.0,Days 1 and 8 of each 21-day cycle for 6 cycles.,,2020.0
PMID 32997907 a_Summary_SoE.pdf,Atezolizumab (Intervention),intervention,1.0,2.0,5.0,9.0,13.0,18.0,21.0,Day 1 of each 21-day cycle.,,2020.0
PMID 32997907 a_Summary_SoE.pdf,Platinum-based Chemotherapy - Non-squamous (Control),control,1.0,2.0,5.0,9.0,13.0,18.0,21.0,Day 1 of each 21-day cycle for induction (4-6 cycles) and maintenance.,,2020.0
PMID 32997907 a_Summary_SoE.pdf,Platinum-based Chemotherapy - Squamous (Control),control,1.0,4.0,9.0,14.0,16.0,18.0,21.0,"Days 1 and 8 of each 21-day cycle for 6 cycles, followed by tumor assessments every 6-9 weeks.",,2020.0
PMID 33010094 CT_Summary_SoE.pdf,Arm 1 (Verum Homeopathic Treatment),intervention,1.0,0.0,1.0,2.0,4.0,6.0,60.0,"Baseline visit, followed by assessments at 9 weeks and 18 weeks, with survival checks every 2 to 3 months.",,2020.0
PMID 33010094 CT_Summary_SoE.pdf,Arm 2 (Placebo Homeopathic Treatment),intervention,1.0,0.0,1.0,2.0,4.0,6.0,60.0,"Baseline visit, followed by assessments at 9 weeks and 18 weeks, with survival checks every 2 to 3 months.",,2020.0
PMID 33010094 CT_Summary_SoE.pdf,Arm 3 (Standard Care),control,1.0,0.0,1.0,2.0,4.0,6.0,60.0,"Baseline enrollment, followed by survival checks every 2 to 3 months.",,2020.0
PMID 33021870 a_Summary_SoE.pdf,Ixazomib,intervention,1.0,4.0,7.0,11.0,14.0,18.0,28.0,"Cycle 1: Days 1, 8, 15; Cycle 2: Days 1, 8; Cycle 5: Days 1, 8; Cycles 3, 4, and 6-26: Day 1 only.",,2020.0
PMID 33021870 a_Summary_SoE.pdf,Placebo,control,1.0,4.0,7.0,11.0,14.0,18.0,28.0,"Cycle 1: Days 1, 8, 15; Cycle 2: Days 1, 8; Cycle 5: Days 1, 8; Cycles 3, 4, and 6-26: Day 1 only.",,2020.0
PMID 33026938 CT_Summary_SoE.pdf,Arm 1 (Pembrolizumab),intervention,1.0,2.0,5.0,9.0,13.0,18.0,21.0,Day 1 of each 21-day cycle,,2020.0
PMID 33026938 CT_Summary_SoE.pdf,Arm 2a (Paclitaxel),control,1.0,4.0,10.0,19.0,28.0,40.0,28.0,"Days 1, 8, and 15 of each 28-day cycle",,2020.0
PMID 33026938 CT_Summary_SoE.pdf,Arm 2b (Docetaxel),control,1.0,2.0,5.0,9.0,13.0,18.0,21.0,Day 1 of each 21-day cycle,,2020.0
PMID 33026938 CT_Summary_SoE.pdf,Arm 2c (Irinotecan),control,1.0,3.0,7.0,13.0,20.0,27.0,14.0,Day 1 of each 14-day cycle,,2020.0
PMID 33044684 CT_Summary_SoE.pdf,Arm A (ABP 798),intervention,1.0,4.0,5.0,6.0,7.0,7.0,7.0,"Weekly infusions for 4 weeks (Days 1, 8, 15, 22), followed by additional doses at Week 12 and Week 20, with an End of Study visit at Week 28.",,2020.0
PMID 33044684 CT_Summary_SoE.pdf,Arm B (Rituximab),control,1.0,4.0,5.0,6.0,7.0,7.0,7.0,"Weekly infusions for 4 weeks (Days 1, 8, 15, 22), followed by additional doses at Week 12 and Week 20, with an End of Study visit at Week 28.",,2020.0
PMID 33078978 a_Summary_SoE.pdf,Regimen I (Doxorubicin/Cisplatin/Paclitaxel/G-CSF),intervention,2.0,9.0,23.0,36.0,37.0,38.0,21.0,"Days 1 and 2 (Infusions), Day 3 (G-CSF administration), Days 8 and 15 (Weekly CBCs)",,2020.0
PMID 33078978 a_Summary_SoE.pdf,Regimen II (Carboplatin/Paclitaxel),control,2.0,5.0,13.0,22.0,23.0,24.0,21.0,"Day 1 (Infusion), Days 8 and 15 (Weekly CBCs)",,2020.0
PMID 33129376 a_Summary_SoE.pdf,Arm 1 (Venetoclax + Bortezomib + Dexamethasone),intervention,1.0,7.0,18.0,34.0,44.0,56.0,21.0,"Cycles 1-8: Days 1, 4, 8, 11 (21-day cycles). Cycles 9+: Days 1, 8, 15, 22 (35-day cycles).",,2020.0
PMID 33129376 a_Summary_SoE.pdf,Arm 2 (Placebo + Bortezomib + Dexamethasone),control,1.0,7.0,18.0,34.0,44.0,56.0,21.0,"Cycles 1-8: Days 1, 4, 8, 11 (21-day cycles). Cycles 9+: Days 1, 8, 15, 22 (35-day cycles).",,2020.0
PMID 33186740 a_Summary_SoE.pdf,Taselisib plus fulvestrant,intervention,0.0,0.0,0.0,0.0,0.0,0.0,,Not available,,2021.0
PMID 33186740 a_Summary_SoE.pdf,Placebo plus fulvestrant,control,0.0,0.0,0.0,0.0,0.0,0.0,,Not available,,2021.0
PMID 33189178 a_Summary_SoE.pdf,SVd (Selinexor + Bortezomib + Dexamethasone),intervention,2.0,6.0,14.0,25.0,36.0,47.0,35.0,"4 visits per cycle (Days 1, 8, 15, 22) with an additional visit on Day 29 in Cycles 2 and 5 for MM assessment.",,2020.0
PMID 33189178 a_Summary_SoE.pdf,Vd (Bortezomib + Dexamethasone),control,2.0,9.0,20.0,36.0,47.0,59.0,21.0,"4 visits per cycle (Days 1, 4, 8, 11) for Cycles 1-8 (21-day cycles); 4 visits per cycle (Days 1, 8, 15, 22) for Cycles 9+ (35-day cycles) with an additional visit on Day 29 in Cycle 10.",,2020.0
PMID 33194700 CT a_Summary_SoE.pdf,Arm A (LY2835219 + Best Supportive Care),intervention,2.0,2.0,4.0,7.0,10.0,14.0,28.0,Day 1 of every 28-day cycle,,2020.0
PMID 33194700 CT a_Summary_SoE.pdf,Arm B (Erlotinib + Best Supportive Care),control,2.0,2.0,4.0,7.0,10.0,14.0,28.0,Day 1 of every 28-day cycle,,2020.0
PMID 33197226 a_Summary_SoE.pdf,Arm A (Avelumab Maintenance),intervention,2.0,3.0,7.0,14.0,20.0,27.0,14.0,Induction Phase: Every 2 weeks for 12 weeks (6 visits). Maintenance Phase: Every 2 weeks (Avelumab 10 mg/kg).,,2021.0
PMID 33197226 a_Summary_SoE.pdf,Arm B (Chemotherapy Continuation),control,2.0,3.0,7.0,14.0,20.0,27.0,14.0,Induction Phase: Every 2 weeks for 12 weeks. Maintenance Phase: Continuation of same chemotherapy (assumed 5-FU regimen every 2 weeks).,,2021.0
PMID 33197226 a_Summary_SoE.pdf,Arm C (Best Supportive Care Only),control,2.0,3.0,7.0,12.0,16.0,20.0,21.0,Induction Phase: Every 2 weeks for 12 weeks. Maintenance Phase: BSC only every 3 weeks.,,2021.0
PMID 33207094 a_Summary_SoE.pdf,Arm A (Lorlatinib),intervention,1.0,4.0,6.0,9.0,12.0,16.0,28.0,"Cycle 1: Days 1, 8, 15; Cycles 2+: Day 1 of each cycle.",,2020.0
PMID 33207094 a_Summary_SoE.pdf,Arm B (Crizotinib),control,1.0,4.0,6.0,9.0,12.0,16.0,28.0,"Cycle 1: Days 1, 8, 15; Cycles 2+: Day 1 of each cycle.",,2020.0
PMID 33231285 a_Summary_SoE.pdf,Arm A (Pembrolizumab),intervention,1.0,2.0,5.0,9.0,13.0,18.0,21.0,Day 1 of each 21-day cycle (Q3W),,2021.0
PMID 33231285 a_Summary_SoE.pdf,Arm B (SOC Platinum-based Chemotherapy),control,1.0,2.0,5.0,9.0,13.0,18.0,21.0,Day 1 of each 21-day cycle (Q3W),,2021.0
PMID 33278935 a_Summary_SoE.pdf,Arm A (Pembrolizumab + Chemotherapy),intervention,2.0,4.0,10.0,21.0,30.0,42.0,21.0,Day 1 and Day 8 of each 21-day cycle for the Gemcitabine/Carboplatin chemotherapy regimen.,,2020.0
PMID 33278935 a_Summary_SoE.pdf,Arm B (Placebo + Chemotherapy),control,2.0,4.0,10.0,21.0,30.0,42.0,21.0,Day 1 and Day 8 of each 21-day cycle for the Gemcitabine/Carboplatin chemotherapy regimen.,,2020.0
PMID 33357420 CT_Summary_SoE.pdf,Arm A (Perjeta IV + Herceptin IV + Chemotherapy),control,2.0,3.0,10.0,21.0,29.0,33.0,21.0,Neoadjuvant: 4 cycles Q2W then 12 weeks QW. Adjuvant: 14 cycles Q3W.,,2021.0
PMID 33357420 CT_Summary_SoE.pdf,Arm B (FDC SC + Chemotherapy),intervention,2.0,3.0,10.0,21.0,29.0,33.0,21.0,Neoadjuvant: 4 cycles Q2W then 12 weeks QW. Adjuvant: 14 cycles Q3W.,,2021.0
PMID 33369355 a_Summary_SoE.pdf,Oral Azacitidine (CC-486),intervention,1.0,5.0,11.0,17.0,23.0,31.0,28.0,"Cycles 1-2: Days 1, 8, 15, 22. Cycle 3 and beyond: Days 1, 15.",,2020.0
PMID 33369355 a_Summary_SoE.pdf,Placebo,control,1.0,5.0,11.0,17.0,23.0,31.0,28.0,"Cycles 1-2: Days 1, 8, 15, 22. Cycle 3 and beyond: Days 1, 15.",,2020.0
PMID 33476593 a_Summary_SoE.pdf,Arm A (Nivolumab + Ipilimumab + Chemotherapy),intervention,2.0,2.0,5.0,9.0,13.0,18.0,21.0,Day 1 of each 3-week cycle,,2021.0
PMID 33476593 a_Summary_SoE.pdf,Arm B (Chemotherapy),control,2.0,2.0,5.0,9.0,13.0,18.0,21.0,Day 1 of each 3-week cycle,,2021.0
PMID 33480963 a_Summary_SoE.pdf,Arm A (Margetuximab plus Chemotherapy),intervention,2.0,4.0,9.0,18.0,26.0,36.0,21.0,Day 1 and Day 8 of each 21-day cycle.,,2021.0
PMID 33480963 a_Summary_SoE.pdf,Arm B (Trastuzumab plus Chemotherapy),control,2.0,4.0,9.0,18.0,26.0,36.0,21.0,Day 1 and Day 8 of each 21-day cycle.,,2021.0
PMID 33485464 a_Summary_SoE.pdf,Arm A (Nivolumab + Ipilimumab),intervention,2.0,3.0,7.0,13.0,20.0,27.0,42.0,"Nivolumab Q2W (Day 1, 15, 29) and Ipilimumab Q6W (Day 1) of a 6-week cycle.",,2021.0
PMID 33485464 a_Summary_SoE.pdf,Arm B (Pemetrexed + Cisplatin/Carboplatin),control,2.0,2.0,5.0,9.0,12.0,15.0,21.0,Day 1 of every 21-day cycle for a maximum of 6 cycles.,,2021.0
PMID 33513313 a_Summary_SoE.pdf,Arm 1 (Pembrolizumab + Ipilimumab),intervention,1.0,2.0,8.0,12.0,16.0,21.0,21.0,"Day 1 of each 21-day cycle for drug administration; Cycle 3 includes 3 additional PK/ADA visit days (Days 2, 5, and 12).",,2021.0
PMID 33513313 a_Summary_SoE.pdf,Arm 2 (Pembrolizumab + Placebo),control,1.0,2.0,8.0,12.0,16.0,21.0,21.0,"Day 1 of each 21-day cycle for drug administration; Cycle 3 includes 3 additional PK/ADA visit days (Days 2, 5, and 12).",,2021.0
PMID 33539945 CT_Summary_SoE.pdf,Arm A (Ibrutinib + nab-paclitaxel + gemcitabine),intervention,1.0,4.0,10.0,20.0,30.0,40.0,28.0,"Days 1, 8, and 15 of each 28-day cycle.",,2021.0
PMID 33539945 CT_Summary_SoE.pdf,Arm B (Placebo + nab-paclitaxel + gemcitabine),control,1.0,4.0,10.0,20.0,30.0,40.0,28.0,"Days 1, 8, and 15 of each 28-day cycle.",,2021.0
PMID 33555926 a_Summary_SoE.pdf,Arm 1 (AM0010 + FOLFOX),intervention,2.0,5.0,10.0,16.0,20.0,24.0,14.0,"Day 1 of every 14-day cycle for 12 cycles; Day 13 visits for Cycles 1, 2, and 4; Maintenance cycles every 28 days thereafter.",,2021.0
PMID 33555926 a_Summary_SoE.pdf,Arm 2 (FOLFOX alone),control,2.0,3.0,7.0,13.0,15.0,17.0,14.0,Day 1 of every 14-day cycle for 12 cycles; Imaging every 8 weeks thereafter.,,2021.0
PMID 33577358 a_Summary_SoE.pdf,Arm A (GS-5745 + mFOLFOX6),intervention,1.0,3.0,7.0,13.0,20.0,27.0,28.0,Days 1 and 15 of each 28-day cycle.,,2021.0
PMID 33577358 a_Summary_SoE.pdf,Arm B (Placebo + mFOLFOX6),control,1.0,3.0,7.0,13.0,20.0,27.0,28.0,Days 1 and 15 of each 28-day cycle.,,2021.0
PMID 33577729 a_Summary_SoE.pdf,Arm A (Enfortumab Vedotin),intervention,2.0,4.0,10.0,20.0,30.0,40.0,28.0,"Days 1, 8, and 15 of each 28-day cycle.",,2021.0
PMID 33577729 a_Summary_SoE.pdf,"Arm B (Chemotherapy: Docetaxel, Paclitaxel, or Vinflunine)",control,2.0,2.0,6.0,10.0,15.0,20.0,21.0,Day 1 of each 21-day cycle.,,2021.0
PMID 33616314 a_Summary_SoE.pdf,Arm A (Lenvatinib + Everolimus),intervention,2.0,3.0,8.0,14.0,19.0,26.0,21.0,Day 1 of each 21-day cycle for treatment and assessments; Day 15 of Cycles 1 and 2 for mandatory safety labs and vitals.,,2021.0
PMID 33616314 a_Summary_SoE.pdf,Arm B (Lenvatinib + Pembrolizumab),intervention,2.0,3.0,8.0,14.0,19.0,26.0,21.0,Day 1 of each 21-day cycle for treatment and assessments; Day 15 of Cycles 1 and 2 for mandatory safety labs and vitals.,,2021.0
PMID 33616314 a_Summary_SoE.pdf,Arm C (Sunitinib),control,2.0,3.0,8.0,14.0,19.0,26.0,21.0,Day 1 of each 21-day cycle for treatment and assessments; Day 15 of Cycles 1 and 2 for mandatory safety labs and vitals.,,2021.0
PMID 33621109 a_Summary_SoE.pdf,Arm A (Lenalidomide + R-CHOP),intervention,2.0,7.0,14.0,17.0,18.0,19.0,21.0,"Day 1 (Treatment), Day 2-4 (Mandatory Prophylaxis), Day 8 (Labs/Clinic - Cycles 1-2), Day 15 (Pregnancy Test - first 28 days)",,2021.0
PMID 33621109 a_Summary_SoE.pdf,Arm B (Placebo + R-CHOP),control,2.0,7.0,14.0,17.0,18.0,19.0,21.0,"Day 1 (Treatment), Day 2-4 (Mandatory Prophylaxis), Day 8 (Labs/Clinic - Cycles 1-2), Day 15 (Pregnancy Test - first 28 days)",,2021.0
PMID 33631112 CT_Summary_SoE.pdf,Arm A (Ublituximab + Ibrutinib),intervention,1.0,5.0,7.0,9.0,10.0,12.0,28.0,"Cycle 1: Days 1, 2, 8, 15. Cycles 2-6: Day 1. After Cycle 6: Day 1 every 3 cycles (C9, C12).",,2021.0
PMID 33631112 CT_Summary_SoE.pdf,Arm B (Ibrutinib alone),control,1.0,2.0,4.0,6.0,7.0,9.0,28.0,"Cycles 1-6: Day 1. After Cycle 6: Day 1 every 3 cycles (C9, C12).",,2021.0
PMID 33651090 a_Summary_SoE.pdf,Arm A (HR/IR Control: Intensive Chemotherapy),control,2.0,8.0,27.0,37.0,38.0,39.0,28.0,"Block 1: 8 days; Block 2: 10 days; Block 3: 9 days; HSCT Prep: 9 days; Post-HSCT: Day 30, 100, 6mo, 1yr.",,2021.0
PMID 33651090 a_Summary_SoE.pdf,Arm B (HR/IR Experimental: Blinatumomab),intervention,2.0,8.0,39.0,53.0,54.0,55.0,35.0,Block 1: 8 days; Blina Cycle 1: 19 days (9 inpatient + 10 outpatient changes); Blina Cycle 2: 16 days; HSCT Prep: 9 days.,,2021.0
PMID 33651090 a_Summary_SoE.pdf,Arm C (LR Control: Chemotherapy),control,2.0,8.0,27.0,52.0,70.0,82.0,28.0,Block 1: 8 days; Block 2: 10 days; Block 3: 9 days; Continuation 1/2: 18 days each; Maintenance: 12 days per 12-week cycle.,,2021.0
PMID 33651090 a_Summary_SoE.pdf,Arm D (LR Experimental: Blinatumomab + Chemotherapy),intervention,2.0,8.0,37.0,71.0,105.0,109.0,35.0,Block 1: 8 days; Block 2: 10 days; Blina Cycle 1: 19 days; Continuation 1: 18 days; Blina Cycle 2: 16 days; Continuation 2: 18 days; Blina Cycle 3: 16 days.,,2021.0
PMID 33651091 a_Summary_SoE.pdf,Arm 1A (Blinatumomab),intervention,1.0,9.0,11.0,12.0,13.0,14.0,28.0,"One 28-day cycle. Bag changes every 4 days (Days 1, 5, 9, 13, 17, 21, 25, 29). Assessments on Days 1, 15, 29.",,2021.0
PMID 33651091 a_Summary_SoE.pdf,Arm 2A (Standard high-risk consolidation 3 [HC3] chemotherapy),control,1.0,8.0,10.0,11.0,12.0,13.0,28.0,"One 28-day cycle. Intensive chemotherapy on Days 1-6. Intrathecal therapy on Days 1, 2, and 29. Assessments on Days 1, 15, 29.",,2021.0
PMID 33657295 a_Summary_SoE.pdf,Arm A (Nivolumab + Cabozantinib),intervention,2.0,3.0,7.0,13.0,20.0,27.0,14.0,Day 1 of every 2-week cycle.,,2021.0
PMID 33657295 a_Summary_SoE.pdf,Arm B (Nivolumab + Ipilimumab + Cabozantinib),intervention,2.0,2.0,5.0,11.0,18.0,25.0,21.0,"Day 1 of every 3-week cycle for 4 cycles, then Day 1 of every 2-week cycle starting at Cycle 5.",,2021.0
PMID 33657295 a_Summary_SoE.pdf,Arm C (Sunitinib),control,2.0,2.0,5.0,9.0,13.0,18.0,42.0,Day 1 and Day 22 of every 6-week cycle.,,2021.0
PMID 33667670 CT_Summary_SoE.pdf,Arm 1 (Mirvetuximab Soravtansine),intervention,2.0,6.0,11.0,15.0,19.0,24.0,21.0,"Cycle 1 & 3: Days 1, 8, 15; All other cycles: Day 1 only.",,2021.0
PMID 33667670 CT_Summary_SoE.pdf,Arm 2 (Investigator's Choice - Topotecan 3-week),control,2.0,12.0,29.0,51.0,73.0,99.0,21.0,Days 1 through 5 of every 3-week cycle.,,2021.0
PMID 33676601 CT_Summary_SoE.pdf,Arm 1 (Pembrolizumab),intervention,2.0,4.0,7.0,11.0,15.0,20.0,21.0,1 visit per 21-day cycle (Day 1),,2021.0
PMID 33676601 CT_Summary_SoE.pdf,Arm 2 (TPC - Vinorelbine),control,2.0,7.0,15.0,28.0,41.0,55.0,21.0,"3 visits per 21-day cycle (Days 1, 8, 15)",,2021.0
PMID 33676601 CT_Summary_SoE.pdf,Arm 3 (TPC - Gemcitabine or Eribulin),control,2.0,6.0,11.0,20.0,28.0,38.0,21.0,"2 visits per 21-day cycle (Days 1, 8)",,2021.0
PMID 33676601 CT_Summary_SoE.pdf,Arm 4 (TPC - Capecitabine),control,2.0,4.0,7.0,11.0,15.0,20.0,21.0,1 visit per 21-day cycle (Day 1),,2021.0
PMID 33683919 a_Summary_SoE.pdf,Arm A (Nivolumab monotherapy),intervention,2.0,5.0,10.0,16.0,23.0,30.0,14.0,"Cycles 1-2 (42-day cycles): Days 1, 8, 15, 22, 29. Cycle 3+ (14-day cycles): Day 1 of each cycle.",,2021.0
PMID 33683919 a_Summary_SoE.pdf,Arm B (Nivolumab + Ipilimumab),intervention,2.0,5.0,10.0,16.0,23.0,30.0,14.0,"Cycles 1-2 (42-day cycles): Days 1, 8, 15, 22, 29. Cycle 3+ (14-day cycles): Day 1 of each cycle.",,2021.0
PMID 33683919 a_Summary_SoE.pdf,Arm C (Placebo),control,2.0,5.0,10.0,16.0,23.0,30.0,14.0,"Cycles 1-2 (42-day cycles): Days 1, 8, 15, 22, 29. Cycle 3+ (14-day cycles): Day 1 of each cycle.",,2021.0
PMID 33721560 CT_Summary_SoE.pdf,Arm A (Atezolizumab),intervention,1.0,2.0,5.0,9.0,13.0,18.0,21.0,Day 1 of each 21-day cycle for 16 cycles.,,2021.0
PMID 33721560 CT_Summary_SoE.pdf,Arm B (Observation),control,1.0,1.0,3.0,5.0,7.0,10.0,21.0,"Formal clinic visits on Day 1 of odd-numbered cycles (1, 3, 5, etc.); telephone contacts on even-numbered cycles.",,2021.0
PMID 33739848 a_Summary_SoE.pdf,Group 1 (Radiation Therapy alone),control,2.0,20.0,26.0,27.0,27.0,28.0,7.0,Daily radiation therapy (5 days/week) for 5-6 weeks.,,2021.0
PMID 33739848 a_Summary_SoE.pdf,Group 2 (Radiation Therapy + Trastuzumab),intervention,2.0,20.0,26.0,27.0,27.0,28.0,7.0,Daily radiation therapy (5 days/week) for 5-6 weeks; Trastuzumab given concurrently at Day 1 and Week 4.,,2021.0
PMID 33764805 a_Summary_SoE.pdf,Arm A (Oral Azacitidine + Best Supportive Care),intervention,2.0,5.0,11.0,17.0,24.0,30.0,28.0,"Cycles 1-2: Days 1, 8, 15, 22; Cycles 3-12: Days 1, 15; Cycles 13+: Day 1.",,2021.0
PMID 33764805 a_Summary_SoE.pdf,Arm B (Placebo + Best Supportive Care),control,2.0,5.0,11.0,17.0,24.0,30.0,28.0,"Cycles 1-2: Days 1, 8, 15, 22; Cycles 3-12: Days 1, 15; Cycles 13+: Day 1.",,2021.0
PMID 33789008 a_Summary_SoE.pdf,Arm A (Nivolumab),intervention,2.0,3.0,7.0,11.0,14.0,17.0,14.0,"Q2W for 16 weeks (8 doses), then Q4W starting at Week 17 for a maximum of 1 year.",,2021.0
PMID 33789008 a_Summary_SoE.pdf,Arm B (Placebo),control,2.0,3.0,7.0,11.0,14.0,17.0,14.0,"Q2W for 16 weeks (8 doses), then Q4W starting at Week 17 for a maximum of 1 year.",,2021.0
PMID 33792623a_Summary_SoE.pdf,Arm A (Tislelizumab + paclitaxel + carboplatin),intervention,1.0,2.0,5.0,9.0,13.0,18.0,21.0,Day 1 of each 21-day cycle.,,2021.0
PMID 33792623a_Summary_SoE.pdf,Arm B (Tislelizumab + nab-paclitaxel + carboplatin),intervention,1.0,5.0,13.0,21.0,25.0,30.0,21.0,"Days 1, 8, and 15 for the first 6 cycles (chemotherapy phase), then Day 1 only for subsequent cycles.",,2021.0
PMID 33792623a_Summary_SoE.pdf,Arm C (Paclitaxel + carboplatin),control,1.0,2.0,5.0,10.0,12.0,14.0,21.0,"Day 1 of each 21-day cycle for 6 cycles, followed by imaging every 6 weeks.",,2021.0
PMID 33793299 a_Summary_SoE.pdf,Arm A (Palbociclib + Endocrine Therapy),intervention,1.0,3.0,6.0,9.0,12.0,15.0,28.0,Cycles 1-2: Day 1 and Day 14; Cycles 3-13: Day 1 only.,,2021.0
PMID 33793299 a_Summary_SoE.pdf,Arm B (Placebo + Endocrine Therapy),control,1.0,3.0,6.0,9.0,12.0,15.0,28.0,Cycles 1-2: Day 1 and Day 14; Cycles 3-13: Day 1 only.,,2021.0
PMID 33794205 CT_Summary_SoE.pdf,Arm A (Avelumab + SOC CRT),intervention,1.0,18.0,38.0,44.0,50.0,57.0,28.0,Lead-in (Day 1); CRT Phase (IMRT 5 days/week for 7 weeks); Maintenance Phase (Q2W on Days 1 and 15 of 28-day cycles).,,2021.0
PMID 33794205 CT_Summary_SoE.pdf,Arm B (Placebo + SOC CRT),control,1.0,18.0,38.0,44.0,50.0,57.0,28.0,Lead-in (Day 1); CRT Phase (IMRT 5 days/week for 7 weeks); Maintenance Phase (Q2W on Days 1 and 15 of 28-day cycles).,,2021.0
PMID 33821899a_Summary_SoE.pdf,Arm A (12 cycles of FOLFOX + placebo daily),control,2.0,2.0,7.0,13.0,14.0,15.0,14.0,FOLFOX infusions every 14 days for 12 cycles; then clinic visits every 3 months.,,2021.0
PMID 33821899a_Summary_SoE.pdf,Arm B (12 cycles of FOLFOX + celecoxib daily),intervention,2.0,2.0,7.0,13.0,14.0,15.0,14.0,FOLFOX infusions every 14 days for 12 cycles; then clinic visits every 3 months.,,2021.0
PMID 33821899a_Summary_SoE.pdf,Arm C (6 cycles of FOLFOX + placebo daily),control,2.0,2.0,7.0,8.0,9.0,10.0,14.0,FOLFOX infusions every 14 days for 6 cycles; then clinic visits every 3 months.,,2021.0
PMID 33821899a_Summary_SoE.pdf,Arm D (6 cycles of FOLFOX + celecoxib daily),intervention,2.0,2.0,7.0,8.0,9.0,10.0,14.0,FOLFOX infusions every 14 days for 6 cycles; then clinic visits every 3 months.,,2021.0
PMID 33848462 CT_Summary_SoE.pdf,Arm A (Copanlisib + Rituximab),intervention,3.0,6.0,12.0,22.0,32.0,42.0,28.0,"Cycle 1: Days 1, 4, 8, 15, 22. Cycle 2+: Days 1, 8, 15.",,2021.0
PMID 33848462 CT_Summary_SoE.pdf,Arm B (Placebo + Rituximab),control,3.0,6.0,12.0,22.0,32.0,42.0,28.0,"Cycle 1: Days 1, 4, 8, 15, 22. Cycle 2+: Days 1, 8, 15.",,2021.0
PMID 33882206 a_Summary_SoE.pdf,Sacituzumab Govitecan (IMMU-132),intervention,2.0,4.0,9.0,18.0,26.0,36.0,21.0,Days 1 and 8 of each 21-day cycle.,,2021.0
PMID 33882206 a_Summary_SoE.pdf,Treatment of Physician's Choice (TPC),control,2.0,4.0,9.0,18.0,26.0,36.0,21.0,Varies by regimen; modeled on Eribulin (Days 1 and 8 of 21-day cycle).,,2021.0
PMID 33891472 a_Summary_SoE.pdf,Arm A (Atezolizumab + Paclitaxel + Carboplatin + Bevacizumab),intervention,2.0,2.0,5.0,9.0,13.0,18.0,21.0,Day 1 of every 21-day cycle.,,2021.0
PMID 33891472 a_Summary_SoE.pdf,Arm B (Placebo + Paclitaxel + Carboplatin + Bevacizumab),control,2.0,2.0,5.0,9.0,13.0,18.0,21.0,Day 1 of every 21-day cycle.,,2021.0
PMID 33914256 CT_Summary_SoE.pdf,Arm A (MB02 + Chemotherapy),intervention,2.0,2.0,5.0,9.0,13.0,19.0,21.0,Day 1 of each 21-day cycle,,2021.0
PMID 33914256 CT_Summary_SoE.pdf,Arm B (Avastin + Chemotherapy),control,2.0,2.0,5.0,9.0,13.0,19.0,21.0,Day 1 of each 21-day cycle,,2021.0
PMID 33971141 CT_Summary_SoE.pdf,Apatinib Mesylate Tablets,intervention,1.0,3.0,6.0,9.0,12.0,16.0,28.0,"Every 2 weeks for the first 2 cycles (V2, V3, V4, V5), then every cycle (28 days) thereafter (V6-V17).",,2021.0
PMID 33971141 CT_Summary_SoE.pdf,Placebo,control,1.0,3.0,6.0,9.0,12.0,16.0,28.0,"Every 2 weeks for the first 2 cycles (V2, V3, V4, V5), then every cycle (28 days) thereafter (V6-V17).",,2021.0
PMID 33989025 a_Summary_SoE.pdf,Arm A (Gemcitabine + Cisplatin + Placebo),control,2.0,4.0,9.0,15.0,19.0,24.0,21.0,Cycles 1-6: Visits on Day 1 and Day 8 of each 21-day cycle. Maintenance (Cycle 7+): Visits on Day 1 only of each 21-day cycle.,,2021.0
PMID 33989025 a_Summary_SoE.pdf,Arm B (Gemcitabine + Cisplatin + Bevacizumab),intervention,2.0,4.0,9.0,15.0,19.0,24.0,21.0,Cycles 1-6: Visits on Day 1 and Day 8 of each 21-day cycle. Maintenance (Cycle 7+): Visits on Day 1 only of each 21-day cycle.,,2021.0
PMID 34048947 a_Summary_SoE.pdf,Arm A (IBI308 + Gemcitabine + Platinum),intervention,1.0,4.0,9.0,15.0,19.0,24.0,21.0,Screening (1 day); Cycles 1-6: Days 1 and 8; Maintenance: Day 1 of each 21-day cycle.,,2021.0
PMID 34048947 a_Summary_SoE.pdf,Arm B (Placebo + Gemcitabine + Platinum),control,1.0,4.0,9.0,15.0,19.0,24.0,21.0,Screening (1 day); Cycles 1-6: Days 1 and 8; Maintenance: Day 1 of each 21-day cycle.,,2021.0
PMID 34051178a_Summary_SoE.pdf,Pembrolizumab Monotherapy,intervention,2.0,2.0,5.0,9.0,13.0,18.0,21.0,Pembrolizumab 200 mg administered on Day 1 of every 21-day cycle.,,2021.0
PMID 34051178a_Summary_SoE.pdf,Pembrolizumab + Chemotherapy,intervention,2.0,4.0,9.0,15.0,19.0,24.0,21.0,Cycles 1-6: Day 1 (Pembro + Chemo) and Day 8 (Chemo). Cycles 7+: Day 1 (Pembro only).,,2021.0
PMID 34051178a_Summary_SoE.pdf,Chemotherapy Alone,control,2.0,4.0,9.0,14.0,16.0,17.0,21.0,6 cycles of chemotherapy on Day 1 and Day 8 of every 21-day cycle.,,2021.0
PMID 34077643 a_Summary_SoE.pdf,Arm A (Nivolumab),intervention,2.0,3.0,7.0,13.0,20.0,27.0,14.0,Day 1 of every 2-week cycle (Q2W).,,2021.0
PMID 34077643 a_Summary_SoE.pdf,Arm B (Placebo),control,2.0,3.0,7.0,13.0,20.0,27.0,14.0,Day 1 of every 2-week cycle (Q2W).,,2021.0
PMID 34087126 a_Summary_SoE.pdf,DaraPomDex (Daratumumab + Pomalidomide + Dexamethasone),intervention,2.0,5.0,11.0,17.0,20.0,24.0,28.0,"Cycles 1-2: Days 1, 8, 15, 22; Cycles 3-6: Days 1, 15; Cycle 7+: Day 1",,2021.0
PMID 34087126 a_Summary_SoE.pdf,PomDex (Pomalidomide + Dexamethasone),control,2.0,5.0,11.0,17.0,20.0,24.0,28.0,"Cycles 1-2: Days 1, 8, 15, 22; Cycles 3-6: Days 1, 15; Cycle 7+: Day 1",,2021.0
PMID 34092112 a_Summary_SoE.pdf,Arm A (Observation),control,2.0,0.0,1.0,2.0,3.0,4.0,21.0,Observation only; follow-up visits every 3 months from randomization.,,2021.0
PMID 34092112 a_Summary_SoE.pdf,Arm B (Platinum-based chemotherapy),intervention,2.0,2.0,5.0,6.0,7.0,8.0,21.0,"Day 1 of each 21-day cycle for 4 cycles, followed by End of Treatment (EOT) and 3-monthly follow-up.",,2021.0
PMID 34092112 a_Summary_SoE.pdf,Arm C (Capecitabine),intervention,2.0,2.0,5.0,8.0,9.0,10.0,21.0,"Day 1 of each 21-day cycle for 6 cycles, followed by EOT and 3-monthly follow-up.",,2021.0
PMID 34102137 a_Summary_SoE.pdf,Nivolumab + FOLFOX,intervention,2.0,6.0,14.0,26.0,40.0,52.0,14.0,2 days per 14-day cycle (Day 1 and Day 2 for continuous 5-FU infusion management).,,2021.0
PMID 34102137 a_Summary_SoE.pdf,Nivolumab + XELOX,intervention,2.0,2.0,5.0,9.0,13.0,18.0,21.0,1 day per 21-day cycle (Day 1).,,2021.0
PMID 34102137 a_Summary_SoE.pdf,FOLFOX alone,control,2.0,6.0,14.0,26.0,40.0,52.0,14.0,2 days per 14-day cycle (Day 1 and Day 2).,,2021.0
PMID 34102137 a_Summary_SoE.pdf,Nivolumab + Ipilimumab,intervention,2.0,2.0,5.0,12.0,18.0,25.0,14.0,"1 day per cycle. Q3W for first 4 doses, then Q2W monotherapy.",,2021.0
PMID 34110925 a_Summary_SoE.pdf,Standard-dose Craniospinal Radiation (23.40 Gy),control,2.0,20.0,34.0,41.0,51.0,57.0,42.0,"Radiation: 5 days/week for 6 weeks. Maintenance: Regimen A (6-week cycles) visits on Days 1, 8, 15; Regimen B (4-week cycles) visits on Days 1, 2, 8, 15.",,2021.0
PMID 34110925 a_Summary_SoE.pdf,Reduced-dose Craniospinal Radiation (18.00 Gy),intervention,2.0,20.0,34.0,41.0,51.0,57.0,42.0,"Radiation: 5 days/week for 6 weeks. Maintenance: Regimen A (6-week cycles) visits on Days 1, 8, 15; Regimen B (4-week cycles) visits on Days 1, 2, 8, 15.",,2021.0
PMID 34133211 a_Summary_SoE.pdf,Chemotherapy + Surgery + Chemotherapy (CSC) Arm,intervention,2.0,2.0,5.0,7.0,9.0,12.0,21.0,Neo-adjuvant: Day 1 of 21-day cycles (3 cycles). Adjuvant: Day 1 of 42-day cycles (8 cycles).,,2021.0
PMID 34133211 a_Summary_SoE.pdf,Surgery + Chemotherapy (SC) Arm,control,2.0,1.0,3.0,5.0,7.0,9.0,42.0,Surgery within 2 weeks of randomization. Adjuvant: Day 1 of 42-day cycles (8 cycles).,,2021.0
PMID 34134469 CT_Summary_SoE.pdf,Arm A (Rituximab SC Maintenance II),intervention,1.0,2.0,6.0,10.0,12.0,13.0,21.0,Induction: 8 cycles every 21-28 days; Maintenance I: 12 cycles every 8 weeks; Maintenance II: every 8 weeks.,,2022.0
PMID 34134469 CT_Summary_SoE.pdf,Arm B (Observation Maintenance II),control,1.0,2.0,6.0,10.0,12.0,13.0,21.0,Induction: 8 cycles every 21-28 days; Maintenance I: 12 cycles every 8 weeks; Maintenance II: every 8 weeks.,,2022.0
PMID 34143970 CT_Summary_SoE.pdf,Arm A (avelumab alone),intervention,1.0,4.0,8.0,14.0,21.0,28.0,28.0,Day 1 and Day 15 of every 28-day cycle.,,2021.0
PMID 34143970 CT_Summary_SoE.pdf,Arm B (avelumab plus PLD),intervention,1.0,4.0,8.0,14.0,21.0,28.0,28.0,Day 1 (Avelumab + PLD) and Day 15 (Avelumab) of every 28-day cycle.,,2021.0
PMID 34143970 CT_Summary_SoE.pdf,Arm C (PLD alone),control,1.0,4.0,8.0,14.0,21.0,28.0,28.0,Day 1 (PLD infusion) and Day 15 (Labs only) of every 28-day cycle.,,2021.0
PMID 34161051 a_Summary_SoE.pdf,177Lu-PSMA-617 plus BSoC,intervention,2.0,5.0,10.0,16.0,22.0,23.0,42.0,"Cycle 1: Days 1, 8, 15, 22, 29, 36. Cycles 2-6: Days 1, 15, 29. Follow-up: Every 3 months.",,2021.0
PMID 34161051 a_Summary_SoE.pdf,Best Supportive/Best Standard of Care (BSoC) alone,control,2.0,5.0,10.0,16.0,22.0,23.0,42.0,"Cycle 1: Days 1, 8, 15, 22, 29, 36. Cycles 2-6: Days 1, 15, 29. Follow-up: Every 3 months.",,2021.0
PMID 34170389 CT_Summary_SoE.pdf,Arm A: Higher Dose PEG-asparaginase (SR/HR),intervention,2.0,18.0,35.0,52.0,69.0,83.0,7.0,Daily in week 1 of induction; 2-3 times/week in induction; weekly in consolidation (4-day HDMTX cycles); weekly in continuation with extra days for reinduction pulses.,,2021.0
PMID 34170389 CT_Summary_SoE.pdf,Arm B: Conventional Dose PEG-asparaginase (SR/HR),control,2.0,18.0,35.0,52.0,69.0,83.0,7.0,Daily in week 1 of induction; 2-3 times/week in induction; weekly in consolidation (4-day HDMTX cycles); weekly in continuation with extra days for reinduction pulses.,,2021.0
PMID 34197181 a_Summary_SoE.pdf,Group 1 (AST + EBRT),control,1.0,2.0,24.0,46.0,46.0,47.0,21.0,"AST injections every 3 weeks (Weeks 1, 4, 7, 10, 13, 16, 19, 22, 25); Daily EBRT (Mon-Fri) for 39 doses starting Week 10.",,2021.0
PMID 34197181 a_Summary_SoE.pdf,Group 2 (AST + EBRT + Docetaxel),intervention,1.0,5.0,30.0,52.0,52.0,53.0,21.0,"Docetaxel q3w (Weeks 1, 4, 7) then weekly (Weeks 10-16); Weekly CBC labs (Weeks 1-17); Daily EBRT (Mon-Fri) for 39 doses starting Week 10.",,2021.0
PMID 34219000 a_Summary_SoE.pdf,Arm A (Atezolizumab + Paclitaxel),intervention,3.0,4.0,10.0,20.0,30.0,40.0,28.0,"Days 1, 8, and 15 of every 28-day cycle.",,2021.0
PMID 34219000 a_Summary_SoE.pdf,Arm B (Placebo + Paclitaxel),control,3.0,4.0,10.0,20.0,30.0,40.0,28.0,"Days 1, 8, and 15 of every 28-day cycle.",,2021.0
PMID 34237250 a_Summary_SoE.pdf,Arm A (Cabozantinib),intervention,2.0,3.0,6.0,9.0,12.0,16.0,28.0,"W1D1, W3D1, W5D1, W7D1, W9D1, then every 4 weeks (W13D1, W17D1, etc.)",,2021.0
PMID 34237250 a_Summary_SoE.pdf,Arm B (Placebo),control,2.0,3.0,6.0,9.0,12.0,16.0,28.0,"W1D1, W3D1, W5D1, W7D1, W9D1, then every 4 weeks (W13D1, W17D1, etc.)",,2021.0
PMID 34246347 CT_Summary_SoE.pdf,Arm 1 (Ipatasertib + Abiraterone + Prednisone/Prednisolone),intervention,2.0,5.0,9.0,12.0,15.0,19.0,28.0,"Cycle 1: Days 1, 4, 8, 15; Cycles 2-3: Days 1, 15; Cycles 4+: Day 1 only.",,2021.0
PMID 34246347 CT_Summary_SoE.pdf,Arm 2 (Placebo + Abiraterone + Prednisone/Prednisolone),control,2.0,5.0,9.0,12.0,15.0,19.0,28.0,"Cycle 1: Days 1, 4, 8, 15; Cycles 2-3: Days 1, 15; Cycles 4+: Day 1 only.",,2021.0
PMID 34264305 a_Summary_SoE.pdf,Celecoxib,intervention,1.0,0.0,1.0,2.0,2.0,3.0,0.0,"Baseline (Month 0), then follow-up visits at Months 3, 6, and 12.",,2021.0
PMID 34264305 a_Summary_SoE.pdf,Placebo,control,1.0,0.0,1.0,2.0,2.0,3.0,0.0,"Baseline (Month 0), then follow-up visits at Months 3, 6, and 12.",,2021.0
PMID 34264316 a_Summary_SoE.pdf,Arm 1 (Nivolumab plus Ipilimumab),intervention,1.0,3.0,7.0,13.0,20.0,27.0,14.0,One visit every 14 days (Day 1 of each cycle) for drug administration.,,2021.0
PMID 34264316 a_Summary_SoE.pdf,Arm 2 (Nivolumab monotherapy),control,1.0,3.0,7.0,13.0,20.0,27.0,14.0,One visit every 14 days (Day 1 of each cycle) for drug administration.,,2021.0
PMID 34264503 CT_Summary_SoE.pdf,Arm A (FKB238),intervention,1.0,4.0,7.0,11.0,15.0,20.0,21.0,"Cycle 1: Days 1, 8, 15. Subsequent cycles: Day 1 only.",,2021.0
PMID 34264503 CT_Summary_SoE.pdf,Arm B (EU-Avastin),control,1.0,4.0,7.0,11.0,15.0,20.0,21.0,"Cycle 1: Days 1, 8, 15. Subsequent cycles: Day 1 only.",,2021.0
PMID 34309665 a_Summary_SoE.pdf,Experimental Arm (Bevacizumab 4 days before chemotherapy),intervention,2.0,9.0,22.0,39.0,43.0,48.0,14.0,"Chemotherapy cycles every 2 weeks for 12 cycles. In each cycle, Bevacizumab is given on Day 1 and Chemotherapy on Day 5. Weekly blood counts on Day 8.",,2021.0
PMID 34309665 a_Summary_SoE.pdf,Standard Arm (Concurrent Bevacizumab and chemotherapy),control,2.0,7.0,15.0,27.0,31.0,36.0,14.0,Chemotherapy cycles every 2 weeks for 12 cycles. Bevacizumab and Chemotherapy both given on Day 1. Weekly blood counts on Day 8.,,2021.0
PMID 34320285 a_Summary_SoE.pdf,Arm A (Anastrozole 2 years),control,1.0,0.0,0.0,1.0,1.0,2.0,,"Visits at 6 months, 12 months, 24 months, etc.",,2021.0
PMID 34320285 a_Summary_SoE.pdf,Arm B (Anastrozole 5 years),intervention,1.0,0.0,0.0,1.0,1.0,2.0,,"Visits at 6 months, 12 months, 24 months, 36 months, 48 months, 60 months.",,2021.0
PMID 34341578 CT_Summary_SoE.pdf,Arm A (Toripalimab + Gemcitabine/Cisplatin),intervention,1.0,4.0,9.0,15.0,19.0,24.0,21.0,During chemotherapy (Cycles 1-6): Days 1 and 8 of each 21-day cycle. Post-chemotherapy (Maintenance): Day 1 of each 21-day cycle.,,2021.0
PMID 34341578 CT_Summary_SoE.pdf,Arm B (Placebo + Gemcitabine/Cisplatin),control,1.0,4.0,9.0,15.0,19.0,24.0,21.0,During chemotherapy (Cycles 1-6): Days 1 and 8 of each 21-day cycle. Post-chemotherapy (Maintenance): Day 1 of each 21-day cycle.,,2021.0
PMID 34343033 a_Summary_SoE.pdf,Arm A (Avapritinib),intervention,1.0,3.0,6.0,8.0,9.0,11.0,28.0,"C1D1, C1D15, C2D1, C2D15, C3D1, C4D1, C5D1, then every odd cycle Day 1 (C7D1, C9D1, etc.)",,2021.0
PMID 34343033 a_Summary_SoE.pdf,Arm B (Regorafenib),control,1.0,3.0,6.0,8.0,9.0,11.0,28.0,"C1D1, C1D15, C2D1, C2D15, C3D1, C4D1, C5D1, then every odd cycle Day 1 (C7D1, C9D1, etc.)",,2021.0
PMID 34357781 a_Summary_SoE.pdf,Arm A (Exemestane + Entinostat),intervention,1.0,3.0,5.0,8.0,11.0,15.0,28.0,"Day 1 of each 28-day cycle, plus a mid-cycle visit on Day 15 of Cycle 1 only.",,2021.0
PMID 34357781 a_Summary_SoE.pdf,Arm B (Exemestane + Placebo),control,1.0,3.0,5.0,8.0,11.0,15.0,28.0,"Day 1 of each 28-day cycle, plus a mid-cycle visit on Day 15 of Cycle 1 only.",,2021.0
PMID 34363762 CT_Summary_SoE.pdf,Arm A (Chemotherapy alone followed by observation),control,1.0,5.0,13.0,19.0,21.0,24.0,21.0,"Chemotherapy Phase: Days 1, 8, 15 of every 21-day cycle (6 cycles). Maintenance Phase: Day 1 of every 42-day cycle.",,2021.0
PMID 34363762 CT_Summary_SoE.pdf,Arm B (Chemotherapy alone followed by avelumab maintenance),intervention,1.0,5.0,13.0,21.0,27.0,34.0,21.0,"Chemotherapy Phase: Days 1, 8, 15 of every 21-day cycle (6 cycles). Maintenance Phase: Days 1, 15, 29 of every 42-day cycle.",,2021.0
PMID 34363762 CT_Summary_SoE.pdf,Arm C (Avelumab in combination with chemotherapy followed by avelumab maintenance),intervention,1.0,5.0,13.0,21.0,27.0,34.0,21.0,"Chemotherapy Phase: Days 1, 8, 15 of every 21-day cycle (6 cycles). Maintenance Phase: Days 1, 15, 29 of every 42-day cycle.",,2021.0
PMID 34383006a_Summary_SoE.pdf,Arm A (Accelerated Hypofractionated IGRT),intervention,2.0,16.0,17.0,18.0,19.0,20.0,21.0,15 fractions over 3 weeks (5 days per week),,2021.0
PMID 34383006a_Summary_SoE.pdf,Arm B (Conventional Radiation),control,2.0,21.0,32.0,33.0,34.0,35.0,42.0,30 fractions over 6 weeks (5 days per week),,2021.0
PMID 34407342 a_Summary_SoE.pdf,Pembrolizumab (MK-3475),intervention,2.0,2.0,5.0,9.0,13.0,17.0,21.0,Day 1 of each 21-day cycle (Q3W) for 17 cycles.,,2021.0
PMID 34407342 a_Summary_SoE.pdf,Placebo,control,2.0,2.0,5.0,9.0,13.0,17.0,21.0,Day 1 of each 21-day cycle (Q3W) for 17 cycles.,,2021.0
PMID 34407542 a_Summary_SoE.pdf,Asciminib 40 mg twice daily,intervention,1.0,3.0,7.0,11.0,14.0,18.0,7.0,"Weekly/Bi-weekly for first 16 weeks, then every 4 weeks until week 96.",,2021.0
PMID 34407542 a_Summary_SoE.pdf,Bosutinib 500 mg once daily,control,1.0,3.0,7.0,11.0,14.0,18.0,7.0,"Weekly/Bi-weekly for first 16 weeks, then every 4 weeks until week 96.",,2021.0
PMID 34418665 CT_Summary_SoE.pdf,Arm A (Cetuximab + Cisplatin + 5-FU),intervention,1.0,13.0,33.0,50.0,63.0,77.0,21.0,"Cycles 1-6: Days 1-5 (inpatient 5-FU), Day 8, Day 15. Cycles 7+: Days 1, 8, 15 (Cetuximab monotherapy).",,2021.0
PMID 34418665 CT_Summary_SoE.pdf,Arm B (Cisplatin + 5-FU),control,1.0,10.0,25.0,33.0,35.0,37.0,21.0,"Cycles 1-6: Days 1-5 (inpatient 5-FU). Post-treatment: EOEA visit, Safety Follow-up, and 6-weekly tumor assessments.",,2021.0
PMID 34454674 a_Summary_SoE.pdf,Arm 1 (Pembrolizumab + Cisplatin + 5-FU),intervention,1.0,2.0,5.0,9.0,13.0,18.0,21.0,"Treatment is administered in 3-week (21-day) cycles. All study drugs (Pembrolizumab, Cisplatin, and 5-FU) are initiated on Day 1 of each cycle.",,2021.0
PMID 34454674 a_Summary_SoE.pdf,Arm 2 (Placebo + Cisplatin + 5-FU),control,1.0,2.0,5.0,9.0,13.0,18.0,21.0,"Treatment is administered in 3-week (21-day) cycles. All study drugs (Placebo, Cisplatin, and 5-FU) are initiated on Day 1 of each cycle.",,2021.0
PMID 34459214 CT_Summary_SoE.pdf,Degarelix (GnRH Receptor Antagonist),intervention,1.0,2.0,4.0,7.0,10.0,13.0,28.0,Monthly visits (Visits 2-14). Degarelix is administered at every visit from Visit 2 through Visit 13.,,2021.0
PMID 34459214 CT_Summary_SoE.pdf,Leuprolide (GnRH Receptor Agonist),control,1.0,2.0,4.0,7.0,10.0,13.0,28.0,"Monthly visits (Visits 2-14). Leuprolide is administered every 3 months (Visits 2, 5, 8, 11).",,2021.0
PMID 34534429 a_Summary_SoE.pdf,Arm 1 (Pembrolizumab + Chemotherapy),intervention,2.0,2.0,5.0,9.0,13.0,18.0,21.0,Day 1 of each 21-day cycle.,,2021.0
PMID 34534429 a_Summary_SoE.pdf,Arm 2 (Placebo + Chemotherapy),control,2.0,2.0,5.0,9.0,13.0,18.0,21.0,Day 1 of each 21-day cycle.,,2021.0
PMID 34600602 a_Summary_SoE.pdf,Arm A (Apalutamide + AAP),intervention,2.0,3.0,7.0,10.0,13.0,17.0,28.0,Cycles 1-3: Day 1 and Day 15. Cycles 4-24: Day 1 of each cycle. After Cycle 24: Day 1 every 3 cycles.,,2021.0
PMID 34600602 a_Summary_SoE.pdf,Arm B (Placebo + AAP),control,2.0,3.0,7.0,10.0,13.0,17.0,28.0,Cycles 1-3: Day 1 and Day 15. Cycles 4-24: Day 1 of each cycle. After Cycle 24: Day 1 every 3 cycles.,,2021.0
PMID 34652968 a_Summary_SoE.pdf,Regimen A (VDC1200/IE),control,2.0,15.0,42.0,73.0,114.0,115.0,14.0,"Induction (6 cycles): VDC cycles (3 treatment days + 2 lab days), IE cycles (5 treatment days + 3 lab days). Consolidation (11 cycles): VDC/VC cycles (2-3 treatment days + 2-3 lab days), IE cycles (5 treatment days + 3 lab days).",,2021.0
PMID 34652968 a_Summary_SoE.pdf,Regimen B (VTC250/IE/VDC1200),intervention,2.0,18.0,45.0,82.0,126.0,127.0,14.0,"Induction (6 cycles): VTC cycles (6 treatment days + 2 lab days), IE cycles (5 treatment days + 3 lab days), VDC cycles (3 treatment days + 2 lab days). Consolidation (11 cycles) follows a similar intensified pattern.",,2021.0
PMID 34661177 CT_Summary_SoE.pdf,Arm 1 (Pembrolizumab + Carboplatin + Paclitaxel/nab-Paclitaxel),intervention,1.0,5.0,13.0,17.0,21.0,26.0,21.0,"Cycles 1-4: Days 1, 8, 15 (for nab-paclitaxel); Cycles 5-35: Day 1 only.",,2021.0
PMID 34661177 CT_Summary_SoE.pdf,Arm 2 (Saline Placebo + Carboplatin + Paclitaxel/nab-Paclitaxel),control,1.0,5.0,13.0,17.0,21.0,26.0,21.0,"Cycles 1-4: Days 1, 8, 15 (for nab-paclitaxel); Cycles 5-35: Day 1 only.",,2021.0
PMID 34808255 CT_Summary_SoE.pdf,Arm 1 (Control),control,2.0,22.0,35.0,36.0,36.0,36.0,7.0,Daily radiation therapy (5 days/week) for 7 weeks; weekly assessments during treatment; one follow-up visit 6 weeks post-treatment.,,2022.0
PMID 34808255 CT_Summary_SoE.pdf,Arm 2 (Gabapentin),intervention,2.0,22.0,35.0,36.0,36.0,36.0,7.0,Daily radiation therapy (5 days/week) for 7 weeks; weekly assessments during treatment; one follow-up visit 6 weeks post-treatment.,,2022.0
PMID 34855460 a_Summary_SoE.pdf,Arm A (CD34 selected T-cell depleted PBSC graft),intervention,2.0,5.0,10.0,13.0,14.0,15.0,0.0,"Day 0 (Transplant), then weekly follow-up visits at Days 7, 14, 21, 28, 35, 42, 49, 56, 63, then Day 100, 150, 180, 270, 365.",,2022.0
PMID 34855460 a_Summary_SoE.pdf,Arm B (Unmanipulated BM graft + PTCy),intervention,2.0,7.0,12.0,15.0,16.0,17.0,0.0,"Day 0 (Transplant), Day 3 & 4 (PTCy), then weekly follow-up visits at Days 7, 14, 21, 28, 35, 42, 49, 56, 63, then Day 100, 150, 180, 270, 365.",,2022.0
PMID 34855460 a_Summary_SoE.pdf,Arm C (Unmanipulated BM graft + Tac/Mtx),control,2.0,9.0,14.0,17.0,18.0,19.0,0.0,"Day 0 (Transplant), Days 1, 3, 6, 11 (Methotrexate), then weekly follow-up visits at Days 7, 14, 21, 28, 35, 42, 49, 56, 63, then Day 100, 150, 180, 270, 365.",,2022.0
PMID 34874182 a_Summary_SoE.pdf,Arm A (Palbociclib + Endocrine Therapy),intervention,1.0,2.0,4.0,7.0,10.0,14.0,28.0,Day 1 of each 28-day cycle,,2022.0
PMID 34874182 a_Summary_SoE.pdf,Arm B (Endocrine Therapy alone),control,1.0,1.0,1.0,1.0,1.0,1.0,,Inferred minimal monitoring for endocrine therapy alone,,2022.0
PMID 34882169 a_Summary_SoE.pdf,Armodafinil 150mg,intervention,2.0,1.0,2.0,2.0,2.0,2.0,28.0,"One screening visit (≤28 days pre-registration), one baseline visit (≤7 days pre-treatment), and two on-study visits at the end of Week 4 and Week 8.",,2022.0
PMID 34882169 a_Summary_SoE.pdf,Armodafinil 250mg,intervention,2.0,1.0,2.0,2.0,2.0,2.0,28.0,"One screening visit (≤28 days pre-registration), one baseline visit (≤7 days pre-treatment), and two on-study visits at the end of Week 4 and Week 8.",,2022.0
PMID 34882169 a_Summary_SoE.pdf,Placebo,control,2.0,1.0,2.0,2.0,2.0,2.0,28.0,"One screening visit (≤28 days pre-registration), one baseline visit (≤7 days pre-treatment), and two on-study visits at the end of Week 4 and Week 8.",,2022.0
PMID 34890060 CT_Summary_SoE.pdf,Arm 1 (Pre- and During-consultation Decision Aids),intervention,1.0,1.0,1.0,1.0,1.0,2.0,,"One screening day for diagnostic workup (biopsy/PSA), one intervention day (consultation), and one 12-month follow-up visit.",,2022.0
PMID 34890060 CT_Summary_SoE.pdf,Arm 2 (Pre-consultation Decision Aid only),intervention,1.0,1.0,1.0,1.0,1.0,2.0,,"One screening day for diagnostic workup (biopsy/PSA), one intervention day (consultation), and one 12-month follow-up visit.",,2022.0
PMID 34890060 CT_Summary_SoE.pdf,Arm 3 (During-consultation Decision Aid only),intervention,1.0,1.0,1.0,1.0,1.0,2.0,,"One screening day for diagnostic workup (biopsy/PSA), one intervention day (consultation), and one 12-month follow-up visit.",,2022.0
PMID 34890060 CT_Summary_SoE.pdf,Arm 4 (Usual Care),control,1.0,1.0,1.0,1.0,1.0,2.0,,"One screening day for diagnostic workup (biopsy/PSA), one intervention day (consultation), and one 12-month follow-up visit.",,2022.0
PMID 34890214 a_Summary_SoE.pdf,Arm 1 (Trastuzumab + Pertuzumab + Taxane),control,1.0,2.0,5.0,17.0,21.0,26.0,21.0,"4 cycles of anthracycline (q3w), followed by a 3-week gap, then 18 cycles of HER2-targeted therapy (q3w). Arm 1 includes weekly taxane (Paclitaxel) during the first 4 HER2 cycles.",,2022.0
PMID 34890214 a_Summary_SoE.pdf,Arm 2 (Trastuzumab Emtansine + Pertuzumab),intervention,1.0,2.0,5.0,9.0,13.0,18.0,21.0,"4 cycles of anthracycline (q3w), followed by a 3-week gap, then 18 cycles of HER2-targeted therapy (q3w).",,2022.0
PMID 34891224 a_Summary_SoE.pdf,Axicabtagene Ciloleucel,intervention,2.0,12.0,13.0,15.0,16.0,17.0,0.0,"Leukapheresis (1 day), Conditioning (3 days), Infusion + Observation (8 days), then follow-up assessments at Day 50, 100, 150, M9, M12.",,2022.0
PMID 34891224 a_Summary_SoE.pdf,Standard of Care (SOC),control,2.0,6.0,37.0,39.0,40.0,41.0,21.0,"2-3 cycles of chemotherapy (3 days/cycle), Stem Cell Collection (~6 days), HDT/ASCT hospitalization (~21 days), then follow-up assessments.",,2022.0
PMID 34914339 a_Summary_SoE.pdf,Arm 1 (Chemotherapy followed by Endocrine Therapy),intervention,3.0,5.0,8.0,11.0,12.0,13.0,21.0,Chemotherapy: Day 1 of each 21-day cycle (assumed 8 cycles). Endocrine: Every 3 months for the first year.,,2021.0
PMID 34914339 a_Summary_SoE.pdf,Arm 2 (Endocrine Therapy Alone),control,3.0,4.0,5.0,6.0,7.0,8.0,90.0,Endocrine therapy: Every 3 months for the first year.,,2021.0
PMID 34914889 a_Summary_SoE.pdf,Arm A (Nivolumab),intervention,2.0,3.0,7.0,13.0,20.0,27.0,14.0,Clinic visit for IV infusion every 14 days (Day 1 of each cycle).,,2022.0
PMID 34914889 a_Summary_SoE.pdf,Arm B (Sorafenib),control,2.0,3.0,7.0,13.0,20.0,27.0,14.0,Clinic visit for drug dispensing and monitoring every 14 days (Day 1 of each cycle).,,2022.0
PMID 34967844 a_Summary_SoE.pdf,Intervention Group (GnRHa + Chemotherapy),intervention,2.0,3.0,8.0,12.0,13.0,14.0,21.0,Chemotherapy every 21 days (6 cycles); GnRHa every 28 days starting 1-2 weeks pre-chemo; Follow-up every 3 months post-chemotherapy.,,2022.0
PMID 34967844 a_Summary_SoE.pdf,Control Group (Conventional Chemotherapy),control,1.0,2.0,5.0,6.0,7.0,8.0,21.0,Chemotherapy every 21 days (6 cycles); Follow-up every 3 months post-chemotherapy.,,2022.0
PMID 34997889 CT_Summary_SoE.pdf,Carboplatin Arm,intervention,2.0,7.0,21.0,32.0,32.0,32.0,28.0,5 consecutive days of chemotherapy every 28 days for 6 cycles.,,2022.0
PMID 34997889 CT_Summary_SoE.pdf,Cyclophosphamide Arm,intervention,2.0,7.0,21.0,32.0,32.0,32.0,28.0,5 consecutive days of chemotherapy every 28 days for 6 cycles.,,2022.0
PMID 35007153 a_Summary_SoE.pdf,Regimen I (Paclitaxel plus Carboplatin),intervention,2.0,2.0,5.0,6.0,7.0,8.0,21.0,Day 1 of each 21-day cycle for chemotherapy infusion.,,2022.0
PMID 35007153 a_Summary_SoE.pdf,"Regimen II (Ifosfamide, Mesna, and Paclitaxel with G-CSF)",control,2.0,8.0,20.0,24.0,25.0,26.0,21.0,"Days 1, 2, and 3 (infusions) and Day 4 (G-CSF administration) of each 21-day cycle.",,2022.0
PMID 35013615 CT_Summary_SoE.pdf,Arm A (Atezolizumab + Enzalutamide),intervention,2.0,2.0,5.0,9.0,13.0,18.0,21.0,Day 1 of each 21-day cycle for IV infusion and assessments.,,2022.0
PMID 35013615 CT_Summary_SoE.pdf,Arm B (Enzalutamide),control,2.0,2.0,5.0,9.0,13.0,18.0,21.0,Day 1 of each 21-day cycle for monitoring assessments (Enzalutamide is oral daily).,,2022.0
PMID 35030011 a_Summary_SoE.pdf,Arm 1 (PDR001 + dabrafenib + trametinib),intervention,2.0,3.0,6.0,9.0,12.0,16.0,28.0,Cycle 1 and 2: Day 1 and Day 15; Cycle 3 onwards: Day 1 only.,,2022.0
PMID 35030011 a_Summary_SoE.pdf,Arm 2 (Placebo + dabrafenib + trametinib),control,2.0,3.0,6.0,9.0,12.0,16.0,28.0,Cycle 1 and 2: Day 1 and Day 15; Cycle 3 onwards: Day 1 only.,,2022.0
PMID 35032434 a_Summary_SoE.pdf,Arm A (Melflufen + Dexamethasone),intervention,2.0,5.0,10.0,13.0,16.0,20.0,28.0,"Weekly visits (Days 1, 8, 15, 22) for Cycles 1 and 2; Monthly visits (Day 1) for Cycle 3 onwards.",,2022.0
PMID 35032434 a_Summary_SoE.pdf,Arm B (Pomalidomide + Dexamethasone),control,2.0,5.0,10.0,13.0,16.0,20.0,28.0,"Weekly visits (Days 1, 8, 15, 22) for Cycles 1 and 2; Monthly visits (Day 1) for Cycle 3 onwards.",,2022.0
PMID 35038433 CT_Summary_SoE.pdf,"Arm 1 (Radiation, Paclitaxel, Carboplatin, Trastuzumab + Maintenance Trastuzumab)",intervention,4.0,20.0,30.0,33.0,38.0,42.0,21.0,Radiation 5 days/week for 5.6 weeks; Maintenance Trastuzumab every 3 weeks for 13 treatments.,,2022.0
PMID 35038433 CT_Summary_SoE.pdf,"Arm 2 (Radiation, Paclitaxel, Carboplatin)",control,4.0,20.0,30.0,30.0,32.0,33.0,0.0,Radiation 5 days/week for 5.6 weeks; Follow-up every 4 months post-surgery.,,2022.0
PMID 35045221 a_Summary_SoE.pdf,Arm A (Lenvatinib + Pembrolizumab),intervention,2.0,3.0,8.0,13.0,18.0,23.0,21.0,"Cycle 1-2: Day 1 (Treatment), Day 15 (Labs). Cycle 3+: Day 1 (Treatment). Imaging Q8W.",,2022.0
PMID 35045221 a_Summary_SoE.pdf,Arm B (TPC - Paclitaxel Option),control,2.0,4.0,11.0,24.0,34.0,46.0,28.0,"Weekly administration (Days 1, 8, 15) of a 28-day cycle. Imaging Q8W.",,2022.0
PMID 35108470 a_Summary_SoE.pdf,Arm A (Nivolumab plus Ipilimumab),intervention,2.0,3.0,7.0,13.0,20.0,27.0,14.0,1 visit per 14-day cycle (Day 1),,2022.0
PMID 35108470 a_Summary_SoE.pdf,Arm B (Nivolumab plus Fluorouracil and Cisplatin),intervention,2.0,8.0,23.0,41.0,60.0,79.0,28.0,"6 visits per 28-day cycle (Days 1, 2, 3, 4, 5, and 15)",,2022.0
PMID 35108470 a_Summary_SoE.pdf,Arm C (Fluorouracil and Cisplatin),control,2.0,7.0,21.0,39.0,56.0,74.0,28.0,"5 visits per 28-day cycle (Days 1, 2, 3, 4, 5) plus imaging every 6 weeks",,2022.0
PMID 35142815 a_Summary_SoE.pdf,Arm A (DCVAC/PCa + Standard of Care),intervention,3.0,2.0,7.0,16.0,20.0,24.0,21.0,Concurrent Treatment Period (CTP): 21-day cycles. Cycles 1-2 have 1 visit (Day 1 SOC). Cycles 3-10 have 2 visits (Day 1 SOC and Day 8 Study Drug). Maintenance Boosting Period (MBP): 28-day cycles with 1 visit (Day 1 Study Drug).,,2022.0
PMID 35142815 a_Summary_SoE.pdf,Arm B (Placebo + Standard of Care),control,3.0,2.0,7.0,16.0,20.0,24.0,21.0,Concurrent Treatment Period (CTP): 21-day cycles. Cycles 1-2 have 1 visit (Day 1 SOC). Cycles 3-10 have 2 visits (Day 1 SOC and Day 8 Placebo). Maintenance Boosting Period (MBP): 28-day cycles with 1 visit (Day 1 Placebo).,,2022.0
PMID 35179323 a_Summary_SoE.pdf,Arm A (Darolutamide + ADT + Docetaxel),intervention,2.0,2.0,6.0,10.0,11.0,12.0,21.0,Docetaxel administered every 21 days for 6 cycles. Study visits and laboratory assessments occur every 12 weeks (84 days).,,2022.0
PMID 35179323 a_Summary_SoE.pdf,Arm B (Placebo + ADT + Docetaxel),control,2.0,2.0,6.0,10.0,11.0,12.0,21.0,Docetaxel administered every 21 days for 6 cycles. Study visits and laboratory assessments occur every 12 weeks (84 days).,,2022.0
PMID 35192411 a_Summary_SoE.pdf,Selumetinib + RAI,intervention,1.0,4.0,8.0,8.0,8.0,9.0,,"Screening (V1); Day 1 (V2), Day 14 (V3), Day 29 (V4), Day 30 (V4), Day 31 (V5), Day 36 (V6), Day 38 (WBS), Day 70 (V7), Day 300 (V9).",,2022.0
PMID 35192411 a_Summary_SoE.pdf,Placebo + RAI,control,1.0,4.0,8.0,8.0,8.0,9.0,,"Screening (V1); Day 1 (V2), Day 14 (V3), Day 29 (V4), Day 30 (V4), Day 31 (V5), Day 36 (V6), Day 38 (WBS), Day 70 (V7), Day 300 (V9).",,2022.0
PMID 35213496 CT_Summary_SoE.pdf,Group DB (Deep Neuromuscular block),intervention,1.0,4.0,4.0,4.0,4.0,4.0,0.0,"Screening (1 day), Surgery (Day 1), Post-operative assessments on Day 2 and Day 3 (up to 48 hours), and a final follow-up at Day 30.",,2022.0
PMID 35213496 CT_Summary_SoE.pdf,Group MB (Moderate Neuromuscular block),control,1.0,4.0,4.0,4.0,4.0,4.0,0.0,"Screening (1 day), Surgery (Day 1), Post-operative assessments on Day 2 and Day 3 (up to 48 hours), and a final follow-up at Day 30.",,2022.0
PMID 35240074a_Summary_SoE.pdf,Arm A (Avatrombopag 60 mg),intervention,1.0,8.0,17.0,30.0,43.0,57.0,28.0,"Cycle X+1: 7 visits (Baseline, Pre-Chemo IP, Chemo Day, Post-Chemo IP, D11, D15, D18); Cycle X+2: 4 visits (Chemo Day, D11, D15, D18); OLE Cycles: 4 visits (Pre-Chemo IP, Chemo Day, Post-Chemo IP, D15).",,2022.0
PMID 35240074a_Summary_SoE.pdf,Arm B (Matching Placebo),control,1.0,8.0,17.0,30.0,43.0,57.0,28.0,"Cycle X+1: 7 visits (Baseline, Pre-Chemo IP, Chemo Day, Post-Chemo IP, D11, D15, D18); Cycle X+2: 4 visits (Chemo Day, D11, D15, D18); OLE Cycles: 4 visits (Pre-Chemo IP, Chemo Day, Post-Chemo IP, D15).",,2022.0
PMID 35245446 CT_Summary_SoE.pdf,Group A (Toripalimab + Paclitaxel + Cisplatin),intervention,2.0,2.0,5.0,9.0,13.0,18.0,21.0,Day 1 of every 3-week cycle (21 days).,,2022.0
PMID 35245446 CT_Summary_SoE.pdf,Group B (Placebo + Paclitaxel + Cisplatin),control,2.0,2.0,5.0,9.0,13.0,18.0,21.0,Day 1 of every 3-week cycle (21 days).,,2022.0
PMID 35271306 a_Summary_SoE.pdf,Arm A (Modified ABFM Backbone),control,1.0,7.0,27.0,40.0,55.0,58.0,28.0,"Induction (Weekly + Day 4/18), Consolidation (Intensive 4-day blocks + weekly), Interim Maintenance (Monthly HD MTX), Delayed Intensification (Weekly + Day 4/18 + intensive 4-day block), Maintenance (Monthly VCR/DEX).",,2022.0
PMID 35271306 a_Summary_SoE.pdf,Arm B (Modified ABFM Backbone + Bortezomib),intervention,1.0,8.0,28.0,42.0,57.0,60.0,28.0,"Induction (Weekly + Day 4/11/18), Consolidation (Intensive 4-day blocks + weekly), Interim Maintenance (Monthly HD MTX), Delayed Intensification (Weekly + Day 4/15/18 + intensive 4-day block), Maintenance (Monthly VCR/DEX).",,2022.0
PMID 35290101 a_Summary_SoE.pdf,Arm I (Standard platinum-based chemotherapy),control,2.0,4.0,9.0,13.0,15.0,16.0,21.0,Days 1 and 8 of each 21-day cycle (based on Regimen II),,2022.0
PMID 35290101 a_Summary_SoE.pdf,Arm II (Single-agent olaparib),intervention,2.0,3.0,7.0,11.0,15.0,20.0,28.0,"Days 1 and 15 for first 8 weeks, then Day 1 of each 28-day cycle thereafter.",,2022.0
PMID 35290101 a_Summary_SoE.pdf,Arm III (Olaparib and cediranib),intervention,2.0,4.0,8.0,12.0,16.0,21.0,28.0,"Days 1 and 15 for first 8 weeks, then Day 1 of each 28-day cycle thereafter. PK on Cycle 1 Day 8.",,2022.0
PMID 35298906 CT_Summary_SoE.pdf,Rucaparib (600 mg BID),intervention,3.0,3.0,6.0,9.0,12.0,16.0,28.0,Day 1 of every cycle; Day 15 of Cycles 1 and 2 only.,,2022.0
PMID 35298906 CT_Summary_SoE.pdf,Chemotherapy (Weekly Paclitaxel or Platinum-based),control,3.0,4.0,10.0,19.0,26.0,27.0,28.0,"Days 1, 8, and 15 of every 28-day cycle for a maximum of 8 cycles.",,2022.0
PMID 35320644 a_Summary_SoE.pdf,Arm A (Trastuzumab deruxtecan [DS-8201a]),intervention,2.0,4.0,7.0,11.0,15.0,20.0,21.0,"Cycle 1: Day 1 (Infusion), Day 8 (Labs), Day 15 (Labs). Subsequent cycles: Day 1 (Infusion) every 21 days.",,2022.0
PMID 35320644 a_Summary_SoE.pdf,Arm B (Ado-trastuzumab emtansine [T-DM1]),control,2.0,4.0,7.0,11.0,15.0,20.0,21.0,"Cycle 1: Day 1 (Infusion), Day 8 (Labs), Day 15 (Labs). Subsequent cycles: Day 1 (Infusion) every 21 days.",,2022.0
PMID 35331641 CT_Summary_SoE.pdf,Arm A (Veliparib + Carboplatin + Paclitaxel),intervention,1.0,4.0,7.0,11.0,15.0,20.0,21.0,"Cycle 1: Days -2, 1, 15. Cycles 2-6: Day 1. Maintenance: Day 1 every 21 days.",,2022.0
PMID 35331641 CT_Summary_SoE.pdf,Arm B (Investigator's Choice of Platinum Doublet Chemotherapy),control,1.0,4.0,7.0,11.0,15.0,20.0,21.0,"Cycle 1: Days -2, 1, 15. Cycles 2-6: Day 1. Maintenance: Day 1 every 21 days.",,2022.0
PMID 35367007a_Summary_SoE.pdf,Pembrolizumab (200 mg IV Q3W),intervention,1.0,2.0,5.0,9.0,13.0,18.0,21.0,"One visit on Day 1 of each 21-day cycle for 17 cycles, plus a screening visit and an end-of-treatment visit.",,2022.0
PMID 35367007a_Summary_SoE.pdf,Placebo (Saline solution IV Q3W),control,1.0,2.0,5.0,9.0,13.0,18.0,21.0,"One visit on Day 1 of each 21-day cycle for 17 cycles, plus a screening visit and an end-of-treatment visit.",,2022.0
PMID 35403841 a_Summary_SoE.pdf,Arm A (Nivolumab + Ipilimumab),intervention,2.0,3.0,5.0,7.0,8.0,9.0,14.0,Nivolumab 3 mg/kg every 2 weeks for 3 doses; Ipilimumab 1 mg/kg on Cycle 1 Day 1 only.,,2022.0
PMID 35403841 a_Summary_SoE.pdf,Arm B (Platinum-Doublet Chemotherapy),control,2.0,4.0,8.0,10.0,11.0,12.0,21.0,Platinum-doublet chemotherapy every 3 weeks for 3 cycles; assumed Day 1 and Day 8 visits per cycle for regimens like Gemcitabine or Vinorelbine.,,2022.0
PMID 35403841 a_Summary_SoE.pdf,Arm C (Nivolumab + Platinum-Doublet Chemotherapy),intervention,2.0,4.0,8.0,10.0,11.0,12.0,21.0,Nivolumab 360 mg flat dose every 3 weeks + platinum-doublet chemotherapy for 3 cycles; assumed Day 1 and Day 8 visits per cycle.,,2022.0
PMID 35419607 CT_Summary_SoE.pdf,Arm RT + Nivolumab,intervention,1.0,20.0,40.0,44.0,50.0,55.0,14.0,"Daily RT for 7 weeks (5 days/week); Nivolumab Q2W for 8 doses, then Q4W (every 28 days).",,2023.0
PMID 35419607 CT_Summary_SoE.pdf,Arm RT + Temozolomide,control,1.0,20.0,38.0,45.0,52.0,56.0,28.0,Daily RT for 7 weeks (5 days/week); Maintenance TMZ 6 cycles (28-day cycles) with clinic visits on Day 1 and Day 22 for labs.,,2023.0
PMID 35427471 CT_Summary_SoE.pdf,Arm 1: Pembrolizumab (MK-3475),intervention,1.0,2.0,5.0,9.0,13.0,18.0,21.0,Day 1 of each 3-week cycle (Q3W).,,2022.0
PMID 35427471 CT_Summary_SoE.pdf,Arm 2: Standard of Care (SOC) Chemotherapy,control,1.0,3.0,8.0,14.0,22.0,30.0,14.0,Day 1 of each 2-week cycle (Q2W).,,2022.0
PMID 35442766 a_Summary_SoE.pdf,Arm A (Tislelizumab),intervention,1.0,5.0,9.0,13.0,17.0,24.0,21.0,"Cycle 1-2: Days 1, 8, 15; Cycle 3+: Day 1 only.",,2022.0
PMID 35442766 a_Summary_SoE.pdf,Arm B (Investigator Chosen Chemotherapy),control,1.0,5.0,13.0,26.0,39.0,55.0,21.0,"Weekly visits (Days 1, 8, 15) throughout treatment based on mandatory weekly lab requirements.",,2022.0
PMID 35443108 a_Summary_SoE.pdf,Arm A (AG-120 [Ivosidenib] + Azacitidine),intervention,1.0,12.0,32.0,55.0,76.0,98.0,28.0,"Days 1-7 (Azacitidine admin), Day 8 (Labs - C1 only), Day 15 (Imaging/Labs - C1-4 only), Day 22 (Labs - C1 only).",,2022.0
PMID 35443108 a_Summary_SoE.pdf,Arm B (Placebo + Azacitidine),control,1.0,12.0,32.0,55.0,76.0,98.0,28.0,"Days 1-7 (Azacitidine admin), Day 8 (Labs - C1 only), Day 15 (Imaging/Labs - C1-4 only), Day 22 (Labs - C1 only).",,2022.0
PMID 35446628 a_Summary_SoE.pdf,Arm 1 (ADT + TAK-700),intervention,2.0,1.0,3.0,4.0,5.0,7.0,30.0,"Monthly for the first 4 months (M1, M2, M3, M4), then every 3 months (M7, M10, M13).",,2022.0
PMID 35446628 a_Summary_SoE.pdf,Arm 2 (ADT + Bicalutamide),control,2.0,1.0,3.0,4.0,5.0,7.0,30.0,"Monthly for the first 4 months (M1, M2, M3, M4), then every 3 months (M7, M10, M13).",,2022.0
PMID 35511454 CT_Summary_SoE.pdf,Arm A (RT + TMZ + Nivolumab),intervention,1.0,22.0,37.0,49.0,57.0,63.0,14.0,Daily RT for 6 weeks (30 days); Nivolumab Q2W for 8 doses then Q4W; Maintenance TMZ 28-day cycles with lab visits on Day 1 and Day 22.,,2022.0
PMID 35511454 CT_Summary_SoE.pdf,Arm B (RT + TMZ + Placebo),control,1.0,22.0,37.0,49.0,57.0,63.0,14.0,Daily RT for 6 weeks (30 days); Placebo Q2W for 8 doses then Q4W; Maintenance TMZ 28-day cycles with lab visits on Day 1 and Day 22.,,2022.0
PMID 35552364 a_Summary_SoE.pdf,Arm A (NKTR-102 / etirinotecan pegol),intervention,2.0,3.0,9.0,17.0,26.0,35.0,21.0,Cycle 1: Day 1 infusion. Cycle 2+: Pre-dose lab visit (<=5 days prior) and Day 1 infusion visit.,,2022.0
PMID 35552364 a_Summary_SoE.pdf,Arm B (Treatment of Physician's Choice),control,2.0,3.0,9.0,17.0,26.0,35.0,21.0,Cycle 1: Day 1 infusion. Cycle 2+: Pre-dose lab visit (<=5 days prior) and Day 1 infusion visit.,,2022.0
PMID 35569466 CT_Summary_SoE.pdf,Arm 1 (Prostate Bed Radiotherapy alone),control,4.0,20.0,37.0,39.0,40.0,41.0,1.0,"Daily Radiotherapy (RT) for 36-39 fractions (assumed 37 for calculation), 5 days per week.",,2022.0
PMID 35569466 CT_Summary_SoE.pdf,Arm 2 (Prostate Bed Radiotherapy + STAD),intervention,4.0,1.0,24.0,40.0,41.0,42.0,1.0,LHRH injection on Day 1; Pre-RT labs at Day 46; Daily RT (5 days/week) starting Day 60 for ~37 fractions.,,2022.0
PMID 35569466 CT_Summary_SoE.pdf,Arm 3 (Pelvic Lymph Node Radiotherapy + Prostate Bed Radiotherapy + STAD),intervention,4.0,1.0,24.0,40.0,41.0,42.0,1.0,Identical visit schedule to Arm 2; PLNRT is delivered concurrently with PBRT.,,2022.0
PMID 35580297 a_Summary_SoE.pdf,Arm A (HS-10296),intervention,1.0,4.0,7.0,10.0,12.0,14.0,21.0,"Cycle 1: Days 1, 8, 15; Cycles 2-6: Day 1; Cycle 7 and thereafter: Day 1 every 6 weeks (every 2 cycles).",,2022.0
PMID 35580297 a_Summary_SoE.pdf,Arm B (Gefitinib),control,1.0,4.0,7.0,10.0,12.0,14.0,21.0,"Cycle 1: Days 1, 8, 15; Cycles 2-6: Day 1; Cycle 7 and thereafter: Day 1 every 6 weeks (every 2 cycles).",,2022.0
PMID 35584336 a_Summary_SoE.pdf,Elacestrant,intervention,2.0,3.0,5.0,8.0,11.0,15.0,28.0,Cycle 1: Day 1 and Day 15. Subsequent cycles: Day 1 of every 28-day cycle.,,2022.0
PMID 35584336 a_Summary_SoE.pdf,Standard of Care (SOC) monotherapy,control,2.0,3.0,5.0,8.0,11.0,15.0,28.0,Cycle 1: Day 1 and Day 15. Subsequent cycles: Day 1 of every 28-day cycle.,,2022.0
PMID 35608580 a_Summary_SoE.pdf,Arm 1 (Metformin),intervention,2.0,0.0,0.0,1.0,1.0,2.0,0.0,Screening visits followed by clinic visits every 6 months for the first year.,,2022.0
PMID 35608580 a_Summary_SoE.pdf,Arm 2 (Placebo),control,2.0,0.0,0.0,1.0,1.0,2.0,0.0,Screening visits followed by clinic visits every 6 months for the first year.,,2022.0
PMID 35657079 a_Summary_SoE.pdf,Arm B (Ibrutinib + BR),intervention,2.0,5.0,11.0,19.0,22.0,26.0,28.0,"Cycles 1-6: Days 1, 2, 15; Cycles 7-12: Day 1; Cycles 13+: Day 1 every 8 weeks.",,2022.0
PMID 35657079 a_Summary_SoE.pdf,Arm A (Placebo + BR),control,2.0,5.0,11.0,19.0,22.0,26.0,28.0,"Cycles 1-6: Days 1, 2, 15; Cycles 7-12: Day 1; Cycles 13+: Day 1 every 8 weeks.",,2022.0
PMID 35660812 a_Summary_SoE.pdf,Arm A (RVD Conventional Dose),intervention,2.0,7.0,17.0,36.0,46.0,50.0,21.0,"Days 1, 4, 8, 11 for RVD cycles (C1-C8); Maintenance visits weekly for 2 months, biweekly for 2 months, then monthly.",,2022.0
PMID 35660812 a_Summary_SoE.pdf,Arm B (RVD + HDT/PBSCT),control,2.0,7.0,22.0,41.0,55.0,59.0,21.0,"Days 1, 4, 8, 11 for RVD cycles (C1-C3, C4-C5); Inpatient stay for PBSCT; Maintenance visits weekly for 2 months, biweekly for 2 months, then monthly.",,2022.0
PMID 35665782 a_Summary_SoE.pdf,Arm A (DS-8201a),intervention,2.0,4.0,7.0,11.0,15.0,20.0,21.0,"Cycle 1: Days 1, 8, 15; Subsequent cycles: Day 1 only.",,2022.0
PMID 35665782 a_Summary_SoE.pdf,"Arm B (Physician's Choice: Capecitabine, Eribulin, Gemcitabine, Paclitaxel, Nab-paclitaxel)",control,2.0,4.0,7.0,11.0,15.0,20.0,21.0,"Cycle 1: Days 1, 8, 15; Subsequent cycles: Day 1 only.",,2022.0
PMID 35704479 a_Summary_SoE.pdf,Active Monitoring Arm,control,1.0,1.0,1.0,2.0,2.0,3.0,180.0,"Screening (Visit 0), Randomization (Visit 1), then every 6 months (Visits 2-11).",,2022.0
PMID 35704479 a_Summary_SoE.pdf,Treatment Arm (Topical Therapy),intervention,1.0,1.0,2.0,4.0,4.0,5.0,180.0,"Screening (Visit 0), Randomization/Treatment Start (Visit 1), interim toxicity checks (Visit 1A at 8 weeks, Visit 1B at 16 weeks), then every 6 months (Visits 2-11).",,2022.0
PMID 35728048 a_Summary_SoE.pdf,Pevonedistat + Azacitidine,intervention,1.0,7.0,16.0,27.0,37.0,48.0,28.0,"D1, D3, D5 dosing each cycle; C1 additionally D8, D15, D21; BMA on D22 of C2, C4, C6, C9, C12.",,2022.0
PMID 35728048 a_Summary_SoE.pdf,Azacitidine alone,control,1.0,7.0,16.0,27.0,37.0,48.0,28.0,"D1, D3, D5 dosing each cycle; C1 additionally D8, D15, D21; BMA on D22 of C2, C4, C6, C9, C12.",,2022.0
PMID 35759733a_Summary_SoE.pdf,Regimen I (CT-2103),intervention,1.0,3.0,7.0,14.0,20.0,24.0,28.0,"Day 1 (Treatment, Labs, PE) and Day 8-12 (Nadir Labs)",,2022.0
PMID 35759733a_Summary_SoE.pdf,Regimen II (Paclitaxel),intervention,1.0,3.0,7.0,14.0,20.0,24.0,28.0,"Day 1 (Treatment, Labs, PE) and Day 8-12 (Nadir Labs)",,2022.0
PMID 35759733a_Summary_SoE.pdf,Regimen III (Surveillance),control,1.0,1.0,3.0,6.0,9.0,12.0,30.0,"Monthly clinic visits for History, Physical Exam, and CA-125",,2022.0
PMID 35763704 a_Summary_SoE.pdf,Arm A (Atezolizumab + ddAC-PacHP),intervention,2.0,3.0,9.0,19.0,23.0,28.0,14.0,"Cycles 1-4: Q2W (Day 1); Cycles 5-8: Q3W (Day 1, 8, 15 for weekly Paclitaxel); Adjuvant Cycles 9-22: Q3W (Day 1).",,2022.0
PMID 35763704 a_Summary_SoE.pdf,Arm B (Placebo + ddAC-PacHP),control,2.0,3.0,9.0,19.0,23.0,28.0,14.0,"Cycles 1-4: Q2W (Day 1); Cycles 5-8: Q3W (Day 1, 8, 15 for weekly Paclitaxel); Adjuvant Cycles 9-22: Q3W (Day 1).",,2022.0
PMID 35810754 CT_Summary_SoE.pdf,Arm A (Zanubrutinib),intervention,2.0,4.0,6.0,9.0,10.0,11.0,28.0,"Day 1 of each cycle for Cycles 1-6, then Day 1 every 3 cycles (C7, C10, C13, etc.)",,2022.0
PMID 35810754 CT_Summary_SoE.pdf,Arm B (Bendamustine + Rituximab),control,2.0,7.0,11.0,16.0,17.0,18.0,28.0,"Cycle 1: Days 0, 1, 2. Cycles 2-6: Days 1, 2. Post-treatment: Day 1 every 3 cycles.",,2022.0
PMID 35810754 CT_Summary_SoE.pdf,Arm D (Venetoclax + Zanubrutinib),intervention,2.0,4.0,7.0,17.0,18.0,19.0,28.0,"Cycles 1-3: Day 1. Cycle 4: Days 1, 2, 8, 9, 15, 16, 22, 23. Cycle 5: Days 1, 2. Cycle 6+: Day 1 every 3 cycles.",,2022.0
PMID 35857290 a_Summary_SoE.pdf,Arm A (SGX301 0.25% synthetic hypericin),intervention,1.0,10.0,23.0,41.0,44.0,47.0,56.0,Cycle 1 Week 1: 4 days (training/treatment); Weeks 2-6: 2 days/week (treatment); Week 8: 1 day (assessment). Cycles 2 & 3: 2 days/week (treatment) for 6 weeks; 1 day (assessment) at end of cycle. Follow-up: 1 day every 4 weeks.,,2022.0
PMID 35857290 a_Summary_SoE.pdf,Arm B (Placebo Ointment),control,1.0,10.0,23.0,41.0,44.0,47.0,56.0,Cycle 1 Week 1: 4 days (training/treatment); Weeks 2-6: 2 days/week (treatment); Week 8: 1 day (assessment). Cycles 2 & 3: 2 days/week (treatment) for 6 weeks; 1 day (assessment) at end of cycle. Follow-up: 1 day every 4 weeks.,,2022.0
PMID 35922251 CT_Summary_SoE.pdf,Arm 1 (Cemiplimab),intervention,1.0,2.0,7.0,13.0,18.0,24.0,42.0,"Treatment on Day 1 and Day 22 of each 42-day cycle. Imaging on Day 42 of cycles 1-4, 6, 8, 10, 12, 14, and 16.",,2022.0
PMID 35922251 CT_Summary_SoE.pdf,Arm 2 (IC Chemotherapy - Topotecan),control,1.0,10.0,27.0,49.0,70.0,96.0,42.0,"Topotecan (most intensive IC option) administered on Days 1-5 and Days 22-26 of each 42-day cycle. Imaging on Day 42 of cycles 1-4, 6, 8, 10, 12, 14, and 16.",,2022.0
PMID 35947817 a_Summary_SoE.pdf,Arm A (DCC-2618),intervention,1.0,3.0,6.0,10.0,14.0,20.0,42.0,"Cycle 1: Days 1, 15, 29. Subsequent cycles: Days 1, 29.",,2022.0
PMID 35947817 a_Summary_SoE.pdf,Arm B (Sunitinib),control,1.0,3.0,6.0,10.0,14.0,20.0,42.0,"Cycle 1: Days 1, 15, 29. Subsequent cycles: Days 1, 29.",,2022.0
PMID 36070540 a_Summary_SoE.pdf,OTL38 + Fluorescent Imaging,intervention,1.0,3.0,3.0,4.0,4.0,4.0,,"Screening (Visit 1), Surgery/Drug Administration (Visit 2), Day 7 Safety (Visit 3), Day 28 Safety (Visit 4), Month 6 Follow-up",,2023.0
PMID 36070540 a_Summary_SoE.pdf,OTL38 + No Fluorescent Imaging,control,1.0,3.0,3.0,4.0,4.0,4.0,,"Screening (Visit 1), Surgery/Drug Administration (Visit 2), Day 7 Safety (Visit 3), Day 28 Safety (Visit 4), Month 6 Follow-up",,2023.0
PMID 36099926 a_Summary_SoE.pdf,Arm A (Atezolizumab),intervention,1.0,2.0,5.0,9.0,13.0,18.0,21.0,Day 1 of each 21-day cycle for 16 cycles.,,2022.0
PMID 36099926 a_Summary_SoE.pdf,Arm B (Placebo),control,1.0,2.0,5.0,9.0,13.0,18.0,21.0,Day 1 of each 21-day cycle for 16 cycles.,,2022.0
PMID 36108662 CT_Summary_SoE.pdf,Experimental Arm (Pembrolizumab),intervention,4.0,2.0,5.0,9.0,13.0,18.0,21.0,Every 3 weeks (Q3W) for a total of 18 infusions.,,2022.0
PMID 36108662 CT_Summary_SoE.pdf,Control Arm (Placebo),control,4.0,2.0,5.0,9.0,13.0,18.0,21.0,Every 3 weeks (Q3W) for a total of 18 infusions.,,2022.0
PMID 36155117 CT_Summary_SoE.pdf,Arm A (Palbociclib + Letrozole),intervention,2.0,4.0,8.0,11.0,14.0,18.0,28.0,"C1-C2: Days 1, 14, 21; C3+: Day 1 only.",,2022.0
PMID 36155117 CT_Summary_SoE.pdf,Arm B (Placebo + Letrozole),control,2.0,4.0,8.0,11.0,14.0,18.0,28.0,"C1-C2: Days 1, 14, 21; C3+: Day 1 only.",,2022.0
PMID 36162037 a_Summary_SoE.pdf,Arm A (Nivolumab + Ipilimumab),intervention,1.0,3.0,7.0,13.0,20.0,25.0,14.0,Every 2 weeks (Q2W),,2023.0
PMID 36162037 a_Summary_SoE.pdf,Arm B (Nivolumab Monotherapy),control,1.0,3.0,7.0,13.0,20.0,25.0,28.0,Every 2 weeks (Q2W) due to blinding,,2023.0
PMID 36265504 a_Summary_SoE.pdf,Arm A (Enzalutamide + Docetaxel + Prednisolone),intervention,1.0,5.0,12.0,21.0,24.0,25.0,21.0,"Every 3 weeks for docetaxel infusions (Cycles 1-10), with additional lab visits at weeks 1 and 2 post-infusion for early cycles. Maintenance phase every 12 weeks.",,2022.0
PMID 36265504 a_Summary_SoE.pdf,Arm B (Placebo + Docetaxel + Prednisolone),control,1.0,5.0,12.0,21.0,24.0,25.0,21.0,"Every 3 weeks for docetaxel infusions (Cycles 1-10), with additional lab visits at weeks 1 and 2 post-infusion for early cycles. Maintenance phase every 12 weeks.",,2022.0
PMID 36308441 a_Summary_SoE.pdf,CaM 5 µmol/kg + mFOLFOX6,intervention,1.0,3.0,7.0,12.0,13.0,14.0,14.0,Day 1 of each 14-day cycle for 12 cycles; follow-up visits at Month 9 and Month 12.,,2022.0
PMID 36308441 a_Summary_SoE.pdf,CaM 2 µmol/kg + mFOLFOX6,intervention,1.0,3.0,7.0,12.0,13.0,14.0,14.0,Day 1 of each 14-day cycle for 12 cycles; follow-up visits at Month 9 and Month 12.,,2022.0
PMID 36308441 a_Summary_SoE.pdf,Placebo + mFOLFOX6,control,1.0,3.0,7.0,12.0,13.0,14.0,14.0,Day 1 of each 14-day cycle for 12 cycles; follow-up visits at Month 9 and Month 12.,,2022.0
PMID 36322844 a_Summary_SoE.pdf,Arm A (ABVE-PC Standard Arm),control,2.0,8.0,20.0,22.0,23.0,24.0,21.0,"Days 1, 2, 3, and 8 of each 21-day cycle.",,2022.0
PMID 36322844 a_Summary_SoE.pdf,Arm B (Bv-AVEPC Experimental Arm),intervention,2.0,8.0,20.0,22.0,23.0,24.0,21.0,"Days 1, 2, 3, and 8 of each 21-day cycle.",,2022.0
PMID 36327426 a_Summary_SoE.pdf,Arm 1 (Durvalumab + Tremelimumab + SoC Chemotherapy),intervention,2.0,4.0,9.0,12.0,15.0,19.0,21.0,Day 1 (Infusion) and Day 8 (Labs) during 21-day chemotherapy cycles (C1-C4); Day 1 only during 28-day post-chemotherapy maintenance cycles (C5-C15).,,2023.0
PMID 36327426 a_Summary_SoE.pdf,Arm 2 (Durvalumab + SoC Chemotherapy),intervention,2.0,4.0,9.0,12.0,15.0,19.0,21.0,Day 1 (Infusion) and Day 8 (Labs) during 21-day chemotherapy cycles (C1-C4); Day 1 only during 28-day post-chemotherapy maintenance cycles (C5-C15).,,2023.0
PMID 36327426 a_Summary_SoE.pdf,Arm 3 (SoC Chemotherapy alone),control,2.0,4.0,9.0,14.0,17.0,21.0,21.0,Day 1 and Day 8 during 21-day chemotherapy cycles (C1-C6); Day 1 only during 28-day maintenance cycles (C7-C15).,,2023.0
PMID 36346687 CT_Summary_SoE.pdf,Arm A (Capecitabine),intervention,1.0,2.0,5.0,8.0,9.0,10.0,21.0,"8 cycles of capecitabine (21-day cycles) with visits on Day 1 of each cycle, followed by follow-up visits every 3 months.",,2023.0
PMID 36346687 CT_Summary_SoE.pdf,Arm B (Observation),control,1.0,0.0,1.0,2.0,3.0,4.0,0.0,Follow-up visits every 3 months for the first 2 years.,,2023.0
PMID 36455168 a_Summary_SoE.pdf,Arm A (Pembrolizumab + BSC),intervention,2.0,2.0,5.0,9.0,13.0,18.0,21.0,Day 1 of every 3-week cycle (Q3W).,,2023.0
PMID 36455168 a_Summary_SoE.pdf,Arm B (Placebo + BSC),control,2.0,2.0,5.0,9.0,13.0,18.0,21.0,Day 1 of every 3-week cycle (Q3W).,,2023.0
PMID 36473143 a_Summary_SoE.pdf,Arm A (Nivolumab + Ipilimumab),intervention,2.0,3.0,7.0,13.0,20.0,27.0,42.0,Nivolumab administered every 2 weeks (Q2W) and Ipilimumab every 6 weeks (Q6W). This results in a clinic visit every 14 days.,,2023.0
PMID 36473143 a_Summary_SoE.pdf,Arm B (EXTREME Regimen: Cetuximab + Cisplatin/Carboplatin + Fluorouracil),control,2.0,5.0,13.0,26.0,39.0,53.0,21.0,"Cetuximab is administered weekly. Cisplatin/Carboplatin and Fluorouracil are administered every 3 weeks for 6 cycles, followed by weekly maintenance Cetuximab. This results in a clinic visit every 7 days.",,2023.0
PMID 36503738 CT_Summary_SoE.pdf,Arm 1 (BBI-608 plus FOLFIRI),intervention,2.0,4.0,8.0,14.0,21.0,28.0,14.0,Run-in Day 1 (start of BBI-608) followed by Day 1 of every 14-day cycle for FOLFIRI infusions.,,2023.0
PMID 36503738 CT_Summary_SoE.pdf,Arm 2 (FOLFIRI alone),control,2.0,3.0,7.0,13.0,20.0,27.0,14.0,Day 1 of every 14-day cycle for FOLFIRI infusions.,,2023.0
PMID 36521097 a_Summary_SoE.pdf,Arm A (nab-paclitaxel + gemcitabine),intervention,1.0,4.0,10.0,19.0,20.0,21.0,28.0,"Days 1, 8, and 15 of each 28-day cycle for 6 cycles.",,2023.0
PMID 36521097 a_Summary_SoE.pdf,Arm B (gemcitabine alone),control,1.0,4.0,10.0,19.0,20.0,21.0,28.0,"Days 1, 8, and 15 of each 28-day cycle for 6 cycles.",,2023.0
PMID 36535566 CT_Summary_SoE.pdf,Arm 1: Pembrolizumab (MK-3475),intervention,1.0,5.0,13.0,17.0,21.0,26.0,21.0,"Day 1 of each 3-week cycle for treatment. Additionally, clinic visits on Days 8 and 15 for the first 4 cycles. Weekly EBV DNA labs in Cycle 1.",,2023.0
PMID 36535566 CT_Summary_SoE.pdf,Arm 2: Standard of Care (Gemcitabine),control,1.0,5.0,13.0,22.0,30.0,40.0,21.0,"Day 1 and Day 8 of each 3-week cycle for treatment. Additionally, clinic visits on Day 15 for the first 4 cycles.",,2023.0
PMID 36541957 a_Summary_SoE.pdf,Arm A (Ibrutinib + CIT),intervention,1.0,3.0,5.0,8.0,9.0,10.0,28.0,"Day 1 of each cycle (C1-C6), Day 14 of Cycle 1, End-of-Monotherapy visit, and periodic follow-up visits.",,2023.0
PMID 36541957 a_Summary_SoE.pdf,Arm B (CIT alone),control,1.0,3.0,5.0,6.0,7.0,8.0,28.0,"Day 1 of each cycle (C1-C3), Day 14 of Cycle 1, End-of-Treatment visit, and periodic follow-up visits.",,2023.0
PMID 36623230 a_Summary_SoE.pdf,Arm A (Standard Thoracic Radiotherapy 45 Gy BID + Chemotherapy),control,2.0,18.0,25.0,36.0,37.0,38.0,21.0,"4 cycles of chemotherapy (Days 1, 2, 3 of each 21-day cycle). Radiotherapy for 3 weeks (5 days/week). Prophylactic cranial irradiation (PCI) for 10 days post-treatment.",,2023.0
PMID 36623230 a_Summary_SoE.pdf,Arm B (High-Dose Thoracic Radiotherapy 70 Gy QD + Chemotherapy),intervention,2.0,22.0,39.0,50.0,51.0,52.0,21.0,"4 cycles of chemotherapy (Days 1, 2, 3 of each 21-day cycle). Radiotherapy for 7 weeks (5 days/week). Prophylactic cranial irradiation (PCI) for 10 days post-treatment.",,2023.0
PMID 36669140 a_Summary_SoE.pdf,,,,,,,,,,,Failed to parse JSON,2023.0
PMID 36693773 CT_Summary_SoE.pdf,Intervention Group (Dexamethasone Mouthwash),intervention,1.0,1.0,2.0,2.0,2.0,2.0,,"Screening visit (prior to registration), Baseline visit (within 7 days of treatment start), and a Week 8 follow-up visit.",,2023.0
PMID 36693773 CT_Summary_SoE.pdf,Control Group (Placebo Mouthwash),control,1.0,1.0,2.0,2.0,2.0,2.0,,"Screening visit (prior to registration), Baseline visit (within 7 days of treatment start), and a Week 8 follow-up visit.",,2023.0
PMID 36709073 CT_Summary_SoE.pdf,Arm A (Momelotinib),intervention,2.0,3.0,5.0,8.0,11.0,14.0,28.0,"Day 1, Week 2, then every 4 weeks through Week 48, then every 12 weeks.",,2023.0
PMID 36709073 CT_Summary_SoE.pdf,Arm B (Danazol),control,2.0,3.0,5.0,8.0,11.0,14.0,28.0,"Day 1, Week 2, then every 4 weeks through Week 48, then every 12 weeks.",,2023.0
PMID 36764316 a_Summary_SoE.pdf,Arm A (Sotorasib / AMG 510),intervention,2.0,5.0,9.0,13.0,17.0,22.0,21.0,"Cycle 1: Days 1, 5, 8; Cycles 2-3: Days 1, 5; Cycle 4: Day 1; Cycles 5+: Day 1",,2023.0
PMID 36764316 a_Summary_SoE.pdf,Arm B (Docetaxel),control,2.0,4.0,8.0,12.0,16.0,21.0,21.0,"Cycles 1-3: Days 1, 5; Cycles 4+: Day 1",,2023.0
PMID 36795891 a_Summary_SoE.pdf,Arm A (Rucaparib),intervention,4.0,3.0,6.0,9.0,12.0,16.0,28.0,"Day 1, Day 15, Day 29, Day 43, then every 28 days thereafter (Day 57, 85, 113, etc.)",,2023.0
PMID 36795891 a_Summary_SoE.pdf,Arm B (Physician's Choice - Abiraterone or Enzalutamide),control,4.0,3.0,6.0,9.0,12.0,16.0,28.0,"Day 1, Day 15, Day 29, Day 43, then every 28 days thereafter (Day 57, 85, 113, etc.)",,2023.0
PMID 36795891 a_Summary_SoE.pdf,Arm C (Physician's Choice - Docetaxel),control,4.0,2.0,6.0,11.0,13.0,14.0,21.0,"Every 21 days for 10 cycles (Day 1 to Day 190). Tumor scans at Week 9, 17, 25, then every 12 weeks.",,2023.0
PMID 36952634 a_Summary_SoE.pdf,Arm A (Niraparib + AAP),intervention,2.0,5.0,9.0,12.0,15.0,18.0,28.0,"Cycle 1: Days 1, 8, 15, 22. Cycles 2-3: Days 1, 15. Cycles 4-12: Day 1. Cycle 13+: Every 2 cycles (Day 1).",,2023.0
PMID 36952634 a_Summary_SoE.pdf,Arm B (Placebo + AAP),control,2.0,5.0,9.0,12.0,15.0,18.0,28.0,Identical to Arm A.,,2023.0
PMID 36952634 a_Summary_SoE.pdf,Arm C (Cohort 3: FDC Niraparib/AA + Prednisone),intervention,2.0,5.0,9.0,12.0,15.0,18.0,28.0,Identical to Arm A.,,2023.0
PMID 36969338 a_Summary_SoE.pdf,Arm 1 (BBI-608 + nab-Paclitaxel + Gemcitabine),intervention,2.0,4.0,11.0,21.0,31.0,40.0,28.0,"3 visits per cycle (Days 1, 8, 15) plus a Run-In visit for BBI-608 start.",,2023.0
PMID 36969338 a_Summary_SoE.pdf,Arm 2 (nab-Paclitaxel + Gemcitabine),control,2.0,4.0,10.0,20.0,30.0,40.0,28.0,"3 visits per cycle (Days 1, 8, 15).",,2023.0
PMID 36996380 a_Summary_SoE.pdf,Arm A (Enzalutamide),control,2.0,1.0,4.0,7.0,10.0,14.0,28.0,Day 1 of each 28-day cycle.,,2023.0
PMID 36996380 a_Summary_SoE.pdf,Arm B (Enzalutamide + Abiraterone + Prednisone),intervention,2.0,3.0,7.0,10.0,13.0,17.0,28.0,"Day 1 and Day 15 for the first 3 cycles (first 3 months), then Day 1 of each cycle thereafter.",,2023.0
PMID 37069359 a_Summary_SoE.pdf,BL-8040 + G-CSF,intervention,2.0,17.0,41.0,42.0,43.0,44.0,,"Daily for 8 days (mobilization), then conditioning (1 day), transplant (1 day), then daily for 29 days (engraftment monitoring), then visits at Day 30, 60, 100, 180, 270, 360 post-transplant.",,2023.0
PMID 37069359 a_Summary_SoE.pdf,Placebo + G-CSF,control,2.0,17.0,41.0,42.0,43.0,44.0,,"Daily for 8 days (mobilization), then conditioning (1 day), transplant (1 day), then daily for 29 days (engraftment monitoring), then visits at Day 30, 60, 100, 180, 270, 360 post-transplant.",,2023.0
PMID 37071094 a_Summary_SoE.pdf,mFOLFOX6 + panitumumab,intervention,2.0,3.0,7.0,13.0,20.0,27.0,14.0,Day 1 of every 14-day cycle,,2023.0
PMID 37071094 a_Summary_SoE.pdf,mFOLFOX6 + bevacizumab,control,2.0,3.0,7.0,13.0,20.0,27.0,14.0,Day 1 of every 14-day cycle,,2023.0
PMID 37075781 a_Summary_SoE.pdf,Arm A (Pembrolizumab + Gemcitabine/Cisplatin),intervention,2.0,4.0,9.0,18.0,26.0,36.0,21.0,Day 1 and Day 8 of each 21-day cycle.,,2023.0
PMID 37075781 a_Summary_SoE.pdf,Arm B (Placebo + Gemcitabine/Cisplatin),control,2.0,4.0,9.0,18.0,26.0,36.0,21.0,Day 1 and Day 8 of each 21-day cycle.,,2023.0
PMID 37080222 a_Summary_SoE.pdf,Arm A (Tislelizumab + Chemotherapy),intervention,2.0,13.0,33.0,55.0,77.0,104.0,21.0,Days 1-5 of every cycle for 5-FU infusion; Days 8 and 15 for labs in Cycles 1-3; Day 1 for dosing and labs in all cycles; Tumor imaging every 6 weeks.,,2023.0
PMID 37080222 a_Summary_SoE.pdf,Arm B (Placebo + Chemotherapy),control,2.0,13.0,33.0,55.0,77.0,104.0,21.0,Days 1-5 of every cycle for 5-FU infusion; Days 8 and 15 for labs in Cycles 1-3; Day 1 for dosing and labs in all cycles; Tumor imaging every 6 weeks.,,2023.0
PMID 37080223 CT_Summary_SoE.pdf,Arm A (Standard Cisplatin-based Chemoradiation),control,2.0,22.0,34.0,35.0,36.0,37.0,7.0,Radiotherapy: 5 days/week for 28 fractions + 5 brachytherapy fractions. Follow-up: 1 day every 3 months.,,2023.0
PMID 37080223 CT_Summary_SoE.pdf,Arm B (Standard Chemoradiation followed by Adjuvant Carboplatin/Paclitaxel),intervention,2.0,22.0,34.0,38.0,39.0,40.0,7.0,RT: 5 days/week for 28 fractions + 5 BT fractions. Adjuvant: 1 day every 21 days for 4 cycles. FU: 1 day every 3 months.,,2023.0
PMID 37086745 a_Summary_SoE.pdf,Arm A (Trastuzumab deruxtecan),intervention,3.0,4.0,7.0,11.0,15.0,20.0,21.0,Day 1 of every 21-day cycle; plus Day 8 and Day 15 of Cycle 1 only.,,2023.0
PMID 37086745 a_Summary_SoE.pdf,Arm B (Investigator's Choice),control,3.0,4.0,7.0,11.0,15.0,20.0,21.0,Day 1 of every 21-day cycle; plus Day 8 and Day 15 of Cycle 1 only.,,2023.0
PMID 37104748 a_Summary_SoE.pdf,Arm 1 (Dose-escalated RT alone),control,2.0,22.0,44.0,45.0,46.0,47.0,7.0,5 days per week for approximately 9 weeks (44 fractions total),,2023.0
PMID 37104748 a_Summary_SoE.pdf,Arm 2 (Dose-escalated RT + 6 months ADT),intervention,2.0,2.0,27.0,48.0,49.0,50.0,30.0,ADT starts 8 weeks prior to RT; RT is 5 days per week for 9 weeks; monthly LFT labs for 6 months.,,2023.0
PMID 37116523 a_Summary_SoE.pdf,Arm A (Quizartinib + Chemotherapy),intervention,2.0,15.0,36.0,58.0,63.0,67.0,28.0,"Induction (D1-9, 15, 21, 22, 28); Consolidation (D1, 3, 5, 6, 13, 19, 21, 28); Continuation (C1: D1, 8, 15; C2: D1, 15; C3+: D1).",,2023.0
PMID 37116523 a_Summary_SoE.pdf,Arm B (Placebo + Chemotherapy),control,2.0,15.0,36.0,58.0,63.0,67.0,28.0,"Induction (D1-9, 15, 21, 22, 28); Consolidation (D1, 3, 5, 6, 13, 19, 21, 28); Continuation (C1: D1, 8, 15; C2: D1, 15; C3+: D1).",,2023.0
PMID 37133585 a_Summary_SoE.pdf,Arm A (Trifluridine/tipiracil + bevacizumab),intervention,2.0,3.0,7.0,10.0,11.0,13.0,28.0,2 visits per cycle (Day 1 and Day 15) for bevacizumab infusions and assessments.,,2023.0
PMID 37133585 a_Summary_SoE.pdf,Arm B (Trifluridine/tipiracil monotherapy),control,2.0,3.0,5.0,7.0,8.0,10.0,28.0,"2 visits in Cycle 1 (Day 1, Day 15), then 1 visit per cycle (Day 1) for labs and checkups.",,2023.0
PMID 37141294 CT_Summary_SoE.pdf,Pembrolizumab (MK-3475),intervention,1.0,2.0,5.0,9.0,13.0,18.0,21.0,Day 1 of each 3-week cycle (Q3W),,2023.0
PMID 37141294 CT_Summary_SoE.pdf,Docetaxel,control,1.0,2.0,5.0,9.0,13.0,18.0,21.0,Day 1 of each 3-week cycle (Q3W),,2023.0
PMID 37257422 CT_Summary_SoE.pdf,Arm A (Standard Steroids),control,2.0,22.0,33.0,39.0,46.0,53.0,28.0,Daily RT (5 days/week) for 6 weeks; one assessment visit at Week 7; Q2W infusions in Adjuvant Phase starting ~4 weeks after RT completion.,,2023.0
PMID 37257422 CT_Summary_SoE.pdf,Arm B (Standard Steroids + Vasoconstrictor + Cold Compress),intervention,2.0,22.0,33.0,39.0,46.0,53.0,28.0,Daily RT (5 days/week) for 6 weeks; one assessment visit at Week 7; Q2W infusions in Adjuvant Phase starting ~4 weeks after RT completion.,,2023.0
PMID 37257422 CT_Summary_SoE.pdf,Arm C (Enhanced Steroids + Vasoconstrictor + Cold Compress),intervention,2.0,22.0,33.0,39.0,46.0,53.0,28.0,Daily RT (5 days/week) for 6 weeks; one assessment visit at Week 7; Q2W infusions in Adjuvant Phase starting ~4 weeks after RT completion.,,2023.0
PMID 37272516 a_Summary_SoE.pdf,Arm A (Vorasidenib),intervention,2.0,3.0,6.0,9.0,12.0,16.0,28.0,Cycles 1 and 2 have visits on Day 1 and Day 15. Cycle 3 and beyond have visits on Day 1 only.,,2023.0
PMID 37272516 a_Summary_SoE.pdf,Arm B (Placebo),control,2.0,3.0,6.0,9.0,12.0,16.0,28.0,Cycles 1 and 2 have visits on Day 1 and Day 15. Cycle 3 and beyond have visits on Day 1 only.,,2023.0
PMID 37276510 CT_Summary_SoE.pdf,SGI-110 (Guadecitabine),intervention,1.0,10.0,27.0,45.0,60.0,76.0,28.0,"Days 1-5 (Treatment), Days 8, 15, 22 (Cycles 1-2), Day 15 (Cycles 3-6). After Cycle 6, only treatment days (D1-5) are required.",,2023.0
PMID 37276510 CT_Summary_SoE.pdf,Treatment Choice (TC) - Cytarabine Regimen,control,1.0,14.0,41.0,78.0,108.0,139.0,28.0,"Days 1-10 (Treatment), Days 15, 22 (Cycles 1-2), Day 15 (Cycles 3-6). After Cycle 6, only treatment days (D1-10) are required.",,2023.0
PMID 37284847 CT_Summary_SoE.pdf,Group 1 (Olanzapine + Fosaprepitant/Aprepitant),intervention,1.0,4.0,4.0,4.0,4.0,4.0,6.0,"Day 1 of each 6-day cycle (Days 1, 7, 13, 19).",,2023.0
PMID 37284847 CT_Summary_SoE.pdf,Group 2 (Olanzapine + Placebo),control,1.0,4.0,4.0,4.0,4.0,4.0,6.0,"Day 1 of each 6-day cycle (Days 1, 7, 13, 19).",,2023.0
PMID 37285865 a_Summary_SoE.pdf,Arm A (Talazoparib + Enzalutamide),intervention,2.0,3.0,7.0,11.0,14.0,18.0,14.0,"Every 2 weeks through Week 17, then every 4 weeks through Week 53.",,2023.0
PMID 37285865 a_Summary_SoE.pdf,Arm B (Placebo + Enzalutamide),control,2.0,3.0,7.0,11.0,14.0,18.0,14.0,"Every 2 weeks through Week 17, then every 4 weeks through Week 53.",,2023.0
PMID 37290035 a_Summary_SoE.pdf,Arm 1 (Pembrolizumab + Olaparib),intervention,1.0,2.0,5.0,9.0,13.0,18.0,21.0,1 visit per 21-day cycle (Day 1 of each cycle).,,2023.0
PMID 37290035 a_Summary_SoE.pdf,Arm 2 (Abiraterone Acetate or Enzalutamide),control,1.0,2.0,5.0,9.0,13.0,18.0,21.0,1 visit per 21-day cycle (Day 1 of each cycle).,,2023.0
PMID 37290461 a_Summary_SoE.pdf,Experimental Arm (Atezolizumab + Cabozantinib),intervention,2.0,2.0,5.0,9.0,13.0,18.0,21.0,Day 1 of each 21-day cycle,,2023.0
PMID 37290461 a_Summary_SoE.pdf,Control Arm (Cabozantinib),control,2.0,2.0,5.0,9.0,13.0,18.0,21.0,Day 1 of each 21-day cycle,,2023.0
PMID 37315297 a_Summary_SoE.pdf,Arm 1 (EBRT + Brachytherapy),intervention,2.0,20.0,26.0,29.0,30.0,31.0,7.0,"Daily EBRT (M-F) for 5 weeks, followed by a single brachytherapy procedure 2-4 weeks later.",,2023.0
PMID 37315297 a_Summary_SoE.pdf,Arm 2 (Brachytherapy Alone),control,2.0,1.0,2.0,4.0,5.0,6.0,0.0,Single brachytherapy procedure 2-4 weeks after enrollment.,,2023.0
PMID 37342922 a_Summary_SoE.pdf,Arm A (Tacrolimus/Methotrexate - Tac/MTX),control,2.0,9.0,17.0,19.0,20.0,21.0,0.0,"Weekly for 12 weeks (Days 7, 14, 21, 28, 35, 42, 49, 56, 63, 70, 77, 84), then at Day 98, 180, 270, and 365.",,2023.0
PMID 37342922 a_Summary_SoE.pdf,Arm B (Post-Transplant Cyclophosphamide/Tacrolimus/Mycophenolate Mofetil - PTCy/Tac/MMF),intervention,2.0,8.0,16.0,18.0,19.0,20.0,0.0,"Weekly for 12 weeks (Days 7, 14, 21, 28, 35, 42, 49, 56, 63, 70, 77, 84), then at Day 98, 180, 270, and 365.",,2023.0
PMID 37379502 a_Summary_SoE.pdf,Lazertinib 240 mg,intervention,1.0,4.0,7.0,9.0,11.0,13.0,21.0,"Cycle 1: Days 1, 8, 15. Cycles 2-4: Day 1. Cycle 5 onwards: Day 1 of every other cycle (every 42 days).",,2023.0
PMID 37379502 a_Summary_SoE.pdf,Gefitinib 250 mg,control,1.0,4.0,7.0,9.0,11.0,13.0,21.0,"Cycle 1: Days 1, 8, 15. Cycles 2-4: Day 1. Cycle 5 onwards: Day 1 of every other cycle (every 42 days).",,2023.0
PMID 37379502 a_Summary_SoE.pdf,Open-label Lazertinib 240 mg (Cross-over),intervention,1.0,4.0,7.0,9.0,11.0,13.0,21.0,"Cycle 1: Days 1, 8, 15. Cycles 2-4: Day 1. Cycle 5 onwards: Day 1 of every other cycle (every 42 days).",,2023.0
PMID 37423228 a_Summary_SoE.pdf,Arm A (Atezolizumab),intervention,2.0,2.0,5.0,9.0,13.0,18.0,21.0,Atezolizumab 1200 mg IV administered on Day 1 of every 21-day cycle.,,2023.0
PMID 37423228 a_Summary_SoE.pdf,Arm B (Single-agent Chemotherapy),control,2.0,4.0,9.0,18.0,26.0,36.0,21.0,Chemotherapy (Vinorelbine or Gemcitabine) administered on Days 1 and 8 of every 21-day cycle.,,2023.0
PMID 37478390 a_Summary_SoE.pdf,Arm A (Zanubrutinib),intervention,2.0,4.0,6.0,9.0,12.0,16.0,28.0,Day 1 of every 28-day cycle.,,2023.0
PMID 37478390 a_Summary_SoE.pdf,Arm B (Ibrutinib),control,2.0,4.0,6.0,9.0,12.0,16.0,28.0,Day 1 of every 28-day cycle.,,2023.0
PMID 37499670 a_Summary_SoE.pdf,Experimental Arm (SHR-1210 + Rivoceranib),intervention,3.0,3.0,7.0,13.0,20.0,27.0,28.0,Day 1 and Day 15 of every 28-day cycle.,,2023.0
PMID 37499670 a_Summary_SoE.pdf,Control Arm (Sorafenib),control,3.0,3.0,7.0,10.0,13.0,17.0,28.0,Day 1 and Day 15 for Cycles 1-3; Day 1 only from Cycle 4 onwards.,,2023.0
PMID 37524096 a_Summary_SoE.pdf,Everolimus,intervention,1.0,1.0,3.0,5.0,7.0,9.0,42.0,Visits occur on Day 1 of each 6-week cycle (9 cycles total).,,2023.0
PMID 37524096 a_Summary_SoE.pdf,Placebo,control,1.0,1.0,3.0,5.0,7.0,9.0,42.0,Visits occur on Day 1 of each 6-week cycle (9 cycles total).,,2023.0
PMID 37604981 CT_Summary_SoE.pdf,Intensive Study Arm A (Glasdegib + Intensive Chemo),intervention,2.0,11.0,21.0,32.0,35.0,38.0,28.0,"Induction: Days 1-7 (Drug), 8, 15, 22 (Labs), 29 (Assessment). Consolidation: Days 1, 3, 5 (Drug), 10 (ECG), 21 (BM). Maintenance: Day 1 (Drug).",,2023.0
PMID 37604981 CT_Summary_SoE.pdf,Intensive Study Arm B (Placebo + Intensive Chemo),control,2.0,11.0,21.0,32.0,35.0,38.0,28.0,"Induction: Days 1-7 (Drug), 8, 15, 22 (Labs), 29 (Assessment). Consolidation: Days 1, 3, 5 (Drug), 10 (ECG), 21 (BM). Maintenance: Day 1 (Drug).",,2023.0
PMID 37604981 CT_Summary_SoE.pdf,Non-Intensive Study Arm A (Glasdegib + Azacitidine),intervention,2.0,8.0,22.0,43.0,64.0,85.0,28.0,"Cycle 1: Days 1-7 (Drug), Day 15 (ECG/Labs). Subsequent Cycles: Days 1-7 (Drug).",,2023.0
PMID 37604981 CT_Summary_SoE.pdf,Non-Intensive Study Arm B (Placebo + Azacitidine),control,2.0,8.0,22.0,43.0,64.0,85.0,28.0,"Cycle 1: Days 1-7 (Drug), Day 15 (ECG/Labs). Subsequent Cycles: Days 1-7 (Drug).",,2023.0
PMID 37646660 CT_Summary_SoE.pdf,Arm A (Melflufen + Daratumumab + Dexamethasone),intervention,1.0,6.0,15.0,28.0,41.0,55.0,28.0,"Weekly (Days 1, 8, 15, 22) for all cycles. Additional PK visit on Day 4 of Cycles 1 and 3.",,2024.0
PMID 37646660 CT_Summary_SoE.pdf,Arm B (Daratumumab),control,1.0,6.0,13.0,19.0,22.0,26.0,28.0,"Weekly (Days 1, 8, 15, 22) for Cycles 1-2; Days 1 and 15 for Cycles 3-6; Day 1 only for Cycle 7+. Additional PK visit on Day 4 of Cycles 1 and 3.",,2024.0
PMID 37647576 a_Summary_SoE.pdf,Nimotuzumab + Gemcitabine,intervention,2.0,5.0,13.0,26.0,39.0,53.0,28.0,"Weekly visits on Days 1, 8, 15, and 22 of each 28-day cycle.",,2023.0
PMID 37647576 a_Summary_SoE.pdf,Placebo + Gemcitabine,control,2.0,5.0,13.0,26.0,39.0,53.0,28.0,"Weekly visits on Days 1, 8, 15, and 22 of each 28-day cycle.",,2023.0
PMID 37704166 CT_Summary_SoE.pdf,Arm A (OSE2101),intervention,2.0,3.0,6.0,9.0,13.0,15.0,21.0,"Day 1 of 21-day cycles for 6 cycles, then every 8 weeks for remainder of year 1, then every 12 weeks. Cycle 1 includes an additional Day 15 lab visit. Imaging occurs every 6 weeks.",,2023.0
PMID 37704166 CT_Summary_SoE.pdf,Arm B (Docetaxel or Pemetrexed),control,2.0,3.0,6.0,10.0,14.0,19.0,21.0,Day 1 of 21-day cycles. Cycle 1 includes an additional Day 15 lab visit. Imaging occurs every 6 weeks.,,2023.0
PMID 37708904 a_Summary_SoE.pdf,"NALIRIFOX (liposomal irinotecan, 5-fluorouracil, leucovorin, and oxaliplatin)",intervention,0.0,0.0,0.0,0.0,0.0,0.0,,Not specified in the provided document,,2023.0
PMID 37708904 a_Summary_SoE.pdf,nab-paclitaxel and gemcitabine,control,0.0,0.0,0.0,0.0,0.0,0.0,,Not specified in the provided document,,2023.0
PMID 37722354 CT_Summary_SoE.pdf,Arm B (Background Chemotherapy + Ibrutinib),intervention,2.0,4.0,8.0,13.0,14.0,16.0,28.0,Cycles 1-6 (Chemotherapy Period): 2 days per 28-day cycle. Post-Chemotherapy Period: Every 8 weeks starting at Cycle 7.,,2023.0
PMID 37722354 CT_Summary_SoE.pdf,Arm A (Background Chemotherapy + Placebo),control,2.0,4.0,8.0,13.0,14.0,16.0,28.0,Cycles 1-6 (Chemotherapy Period): 2 days per 28-day cycle. Post-Chemotherapy Period: Every 8 weeks starting at Cycle 7.,,2023.0
PMID 37748693 CT_Summary_SoE.pdf,Arm A (Avelumab 10 mg/kg IV Q2W),intervention,1.0,3.0,7.0,13.0,20.0,27.0,14.0,"Avelumab infusion once every 2 weeks (Day 1, 15, 29, etc.)",,2024.0
PMID 37748693 CT_Summary_SoE.pdf,Arm B (Platinum-based doublet chemotherapy),control,1.0,4.0,9.0,13.0,13.0,13.0,21.0,Gemcitabine schedule used as representative high-frequency control: Day 1 and Day 8 of 21-day cycles for 6 cycles.,,2024.0
PMID 37748693 CT_Summary_SoE.pdf,Arm C (Avelumab 10 mg/kg IV Q1W then Q2W),intervention,1.0,5.0,13.0,19.0,26.0,33.0,7.0,"Weekly infusions for 12 weeks (Day 1, 8, 15, 22, 29, 36, 43, 50, 57, 64, 71, 78), followed by Q2W infusions starting Week 13 (Day 85, 99, etc.).",,2024.0
PMID 37788412 a_Summary_SoE.pdf,Canakinumab 200 mg,intervention,1.0,4.0,7.0,11.0,15.0,20.0,21.0,"Cycle 1: Days 1, 8, 15. Cycles 2-18: Day 1 only.",,2024.0
PMID 37788412 a_Summary_SoE.pdf,Matching Placebo,control,1.0,4.0,7.0,11.0,15.0,20.0,21.0,"Cycle 1: Days 1, 8, 15. Cycles 2-18: Day 1 only.",,2024.0
PMID 37792130 CT_Summary_SoE.pdf,MYL-1402O + Carboplatin + Paclitaxel,intervention,2.0,4.0,7.0,11.0,15.0,17.0,21.0,"Day 1 of each 21-day cycle for 14 cycles (6 combination, 8 monotherapy). Plus 2 additional PK lab visits in Period 1.",,2023.0
PMID 37792130 CT_Summary_SoE.pdf,Avastin + Carboplatin + Paclitaxel,control,2.0,4.0,7.0,11.0,15.0,17.0,21.0,"Day 1 of each 21-day cycle for 14 cycles (6 combination, 8 monotherapy). Plus 2 additional PK lab visits in Period 1.",,2023.0
PMID 37793771 CT_Summary_SoE.pdf,Arm 1 (Belantamab Mafodotin),intervention,2.0,2.0,5.0,9.0,13.0,18.0,21.0,Day 1 of every 21-day cycle (Q3W).,,2023.0
PMID 37793771 CT_Summary_SoE.pdf,Arm 2 (Pomalidomide plus Low-dose Dexamethasone),control,2.0,5.0,10.0,13.0,16.0,20.0,28.0,"Day 1 of every 28-day cycle (Q4W), plus weekly hematology monitoring (Days 8, 15, 22) for the first 8 weeks (Cycles 1 and 2).",,2023.0
PMID 37845511 a_Summary_SoE.pdf,Arm A (Nivolumab 480 mg Q4W),intervention,1.0,2.0,4.0,7.0,10.0,13.0,28.0,Day 1 of each 4-week cycle (Q4W),,2023.0
PMID 37845511 a_Summary_SoE.pdf,Arm B (Placebo Q4W),control,1.0,2.0,4.0,7.0,10.0,13.0,28.0,Day 1 of each 4-week cycle (Q4W),,2023.0
PMID 37870976 a_Summary_SoE.pdf,Arm A (Amivantamab plus Chemotherapy),intervention,2.0,5.0,8.0,12.0,16.0,21.0,21.0,"Cycle 1: Days 1, 2, 8, 15; Cycles 2+: Day 1",,2023.0
PMID 37870976 a_Summary_SoE.pdf,Arm B (Chemotherapy alone),control,2.0,4.0,7.0,11.0,15.0,20.0,21.0,"Cycle 1: Days 1, 8, 15; Cycles 2+: Day 1",,2023.0
PMID 37875143 a_Summary_SoE.pdf,Arm A (Pembrolizumab + Chemotherapy),intervention,2.0,2.0,5.0,9.0,13.0,18.0,21.0,Day 1 of each 3-week cycle,,2023.0
PMID 37875143 a_Summary_SoE.pdf,Arm B (Placebo + Chemotherapy),control,2.0,2.0,5.0,9.0,13.0,18.0,21.0,Day 1 of each 3-week cycle,,2023.0
PMID 37935977 a_Summary_SoE.pdf,Arm 1 (7+3: Daunorubicin + AraC),control,1.0,10.0,22.0,34.0,35.0,36.0,28.0,"Induction: Days 1-7 (treatment), Day 14, Day 28 (marrow/labs). Consolidation: Days 1, 3, 5 (treatment), Weeks 2, 3, 4 (labs).",,2024.0
PMID 37935977 a_Summary_SoE.pdf,Arm 2 (IA: Idarubicin + AraC),intervention,1.0,6.0,18.0,30.0,31.0,32.0,28.0,"Induction: Days 1-4 (treatment), Day 28 (marrow/labs). Consolidation: Days 1, 2, 3 (treatment), Weeks 2, 3, 4 (labs).",,2024.0
PMID 37935977 a_Summary_SoE.pdf,Arm 3 (IA+V: IA + Vorinostat),intervention,1.0,9.0,27.0,45.0,46.0,47.0,28.0,"Induction: Days 1-7 (treatment), Day 29 (marrow/labs). Consolidation: Days 1-6 (treatment), Weeks 2, 3, 4 (labs).",,2024.0
PMID 37980924 a_Summary_SoE.pdf,Apixaban,intervention,1.0,6.0,7.0,7.0,7.0,7.0,28.0,"Screening, Day 1, Day 7, Day 8, Day 15, Day 22, Day 29, Day 35",,2024.0
PMID 37980924 a_Summary_SoE.pdf,No systemic anticoagulant prophylaxis (Standard of Care),control,1.0,6.0,7.0,7.0,7.0,7.0,28.0,"Screening, Day 1, Day 7, Day 8, Day 15, Day 22, Day 29, Day 35",,2024.0
PMID 38039991 CT_Summary_SoE.pdf,Arm A (Durvalumab + SoC CCRT),intervention,2.0,22.0,38.0,41.0,44.0,48.0,28.0,"Daily EBRT (5 days/week) for 5-6 weeks, weekly cisplatin, and q4w durvalumab infusions.",,2023.0
PMID 38039991 CT_Summary_SoE.pdf,Arm B (Placebo + SoC CCRT),control,2.0,22.0,38.0,41.0,44.0,48.0,28.0,"Daily EBRT (5 days/week) for 5-6 weeks, weekly cisplatin, and q4w placebo infusions.",,2023.0
PMID 38039993 a_Summary_SoE.pdf,Arm A (Lenvatinib + Pembrolizumab),intervention,2.0,6.0,10.0,14.0,18.0,23.0,21.0,"Cycle 1: Days 1, 8, 15; Cycle 2: Days 1, 15; Cycle 3+: Day 1 only.",,2023.0
PMID 38039993 a_Summary_SoE.pdf,Arm B (Lenvatinib + Placebo),control,2.0,6.0,10.0,14.0,18.0,23.0,21.0,"Cycle 1: Days 1, 8, 15; Cycle 2: Days 1, 15; Cycle 3+: Day 1 only.",,2023.0
PMID 38059497 CT_Summary_SoE.pdf,Arm A (Arfolitixorin + 5-FU + Oxaliplatin + Bevacizumab),intervention,1.0,3.0,7.0,13.0,20.0,27.0,14.0,One visit every 14 days (Day 1 of each cycle).,,2024.0
PMID 38059497 CT_Summary_SoE.pdf,Arm B (Leucovorin + 5-FU + Oxaliplatin + Bevacizumab),control,1.0,3.0,7.0,13.0,20.0,27.0,14.0,One visit every 14 days (Day 1 of each cycle).,,2024.0
PMID 38060199 CT_Summary_SoE.pdf,Arm A (Ipatasertib + Atezolizumab + Paclitaxel),intervention,2.0,4.0,10.0,20.0,30.0,40.0,28.0,"Days 1, 8, and 15 of every 28-day cycle.",,2024.0
PMID 38060199 CT_Summary_SoE.pdf,Arm C (Paclitaxel + Placebos),control,2.0,4.0,10.0,20.0,30.0,40.0,28.0,"Days 1, 8, and 15 of every 28-day cycle.",,2024.0
PMID 38103088 CT_Summary_SoE.pdf,Arm 1 (F-627 20 mg),intervention,1.0,22.0,51.0,51.0,51.0,51.0,21.0,"Day 1 (Chemo), Day 2 (Study Drug), then monitoring (daily in C1, every other day in C2-4) until ANC recovery + 3 days.",,2023.0
PMID 38103088 CT_Summary_SoE.pdf,Arm 2 (Placebo / F-627 20 mg),control,1.0,22.0,51.0,51.0,51.0,51.0,21.0,"Day 1 (Chemo), Day 2 (Placebo in C1, F-627 in C2-4), then monitoring (daily in C1, every other day in C2-4) until ANC recovery + 3 days.",,2023.0
PMID 38159809 CT_Summary_SoE.pdf,Arm A (Pembrolizumab + Lenvatinib),intervention,2.0,2.0,5.0,9.0,13.0,18.0,21.0,Day 1 of each 21-day cycle for pembrolizumab infusion and associated assessments.,,2024.0
PMID 38159809 CT_Summary_SoE.pdf,Arm B (Pembrolizumab + Placebo),control,2.0,2.0,5.0,9.0,13.0,18.0,21.0,Day 1 of each 21-day cycle for pembrolizumab infusion and associated assessments.,,2024.0
PMID 38231126 a_Summary_SoE.pdf,Guadecitabine (SGI-110),intervention,1.0,14.0,37.0,51.0,54.0,57.0,28.0,"Cycle 1-2: 12 days (10 treatment, 2 labs); Cycle 3: 8 days (5 treatment, 3 labs); Cycle 4-6: 6 days (5 treatment, 1 lab); Cycle 7+: 1 day (treatment).",,2024.0
PMID 38231126 a_Summary_SoE.pdf,Treatment Choice (LDAC),control,1.0,14.0,42.0,70.0,73.0,76.0,28.0,"Cycle 1-3: 12 days (10 treatment, 2 labs); Cycle 4-6: 11 days (10 treatment, 1 lab); Cycle 7+: 1 day (treatment).",,2024.0
PMID 38252907 a_Summary_SoE.pdf,Arm A (Nivolumab + Pemetrexed/Platinum),intervention,2.0,2.0,5.0,9.0,13.0,18.0,21.0,Day 1 of each 21-day cycle,,2024.0
PMID 38252907 a_Summary_SoE.pdf,Arm B (Nivolumab + Ipilimumab),intervention,2.0,3.0,7.0,13.0,20.0,27.0,14.0,"Day 1 of each 14-day cycle (Nivolumab every 2 weeks, Ipilimumab every 6 weeks)",,2024.0
PMID 38252907 a_Summary_SoE.pdf,Arm C (Pemetrexed + Platinum),control,2.0,2.0,5.0,9.0,13.0,18.0,21.0,Day 1 of each 21-day cycle,,2024.0
PMID 38319255 a_Summary_SoE.pdf,Arm A (Ibrutinib + Venetoclax),intervention,1.0,2.0,5.0,11.0,14.0,18.0,28.0,"Monthly visits on Day 1 of each cycle, with additional weekly visits in Cycle 4 for Venetoclax ramp-up and a pre-ramp-up assessment in Cycle 3.",,2022.0
PMID 38319255 a_Summary_SoE.pdf,Arm B (Obinutuzumab + Chlorambucil),control,1.0,5.0,9.0,15.0,16.0,17.0,28.0,"Twice monthly visits (Day 1 and Day 15) for 6 cycles, with extra visits in Cycle 1 (Day 2 and Day 8) for infusions.",,2022.0
PMID 38319800 a_Summary_SoE.pdf,Olaparib + Abiraterone,intervention,1.0,3.0,7.0,10.0,13.0,17.0,28.0,"Days 1, 15, 29, 43, 57, 71, 85, then every 28 days thereafter.",,2022.0
PMID 38319800 a_Summary_SoE.pdf,Placebo + Abiraterone,control,1.0,3.0,7.0,10.0,13.0,17.0,28.0,"Days 1, 15, 29, 43, 57, 71, 85, then every 28 days thereafter.",,2022.0
PMID 38319892 a_Summary_SoE.pdf,Arm A (Durvalumab 1500 mg monotherapy),intervention,2.0,4.0,6.0,9.0,12.0,16.0,28.0,Day 1 of every 28-day cycle (Q4W) for drug infusion.,,2022.0
PMID 38319892 a_Summary_SoE.pdf,Arm B (Durvalumab 1500 mg + Tremelimumab 75 mg x 4 doses),intervention,2.0,4.0,6.0,9.0,12.0,16.0,28.0,Day 1 of every 28-day cycle (Q4W) for drug infusion.,,2022.0
PMID 38319892 a_Summary_SoE.pdf,Arm C (Durvalumab 1500 mg + Tremelimumab 300 mg x 1 dose),intervention,2.0,4.0,6.0,9.0,12.0,16.0,28.0,Day 1 of every 28-day cycle (Q4W) for drug infusion.,,2022.0
PMID 38319892 a_Summary_SoE.pdf,Arm D (Sorafenib 400 mg BID),control,2.0,4.0,6.0,9.0,12.0,16.0,28.0,Day 1 of every 28-day cycle (Q4W) for clinic assessments and labs.,,2022.0
PMID 38319896 a_Summary_SoE.pdf,Arm A (Durvalumab + Gemcitabine + Cisplatin),intervention,1.0,4.0,9.0,17.0,20.0,24.0,21.0,Combination phase (Cycles 1-8): Days 1 and 8 of every 21-day cycle. Maintenance phase (Cycle 9 onwards): Day 1 of every 28-day cycle.,,2022.0
PMID 38319896 a_Summary_SoE.pdf,Arm B (Placebo + Gemcitabine + Cisplatin),control,1.0,4.0,9.0,17.0,20.0,24.0,21.0,Combination phase (Cycles 1-8): Days 1 and 8 of every 21-day cycle. Maintenance phase (Cycle 9 onwards): Day 1 of every 28-day cycle.,,2022.0
PMID 38320161 a_Summary_SoE.pdf,Treatment Arm (LUM Imaging System),intervention,1.0,2.0,2.0,2.0,2.0,2.0,0.0,"1 screening visit, 1 surgery visit (Day 1), and 1 routine post-operative follow-up visit (approx. 2-3 weeks post-surgery).",,2023.0
PMID 38320161 a_Summary_SoE.pdf,Control Arm (Standard of Care),control,1.0,2.0,2.0,2.0,2.0,2.0,0.0,"1 screening visit, 1 surgery visit (Day 1), and 1 routine post-operative follow-up visit (approx. 2-3 weeks post-surgery).",,2023.0
PMID 38483412 a_Summary_SoE.pdf,Arm I (COPORT),control,3.0,22.0,37.0,38.0,38.0,39.0,,Daily radiation therapy (5 fractions per week) for 37 fractions total over approximately 7.4 weeks.,,2024.0
PMID 38483412 a_Summary_SoE.pdf,Arm II (HYPORT),intervention,3.0,22.0,25.0,26.0,26.0,27.0,,Daily radiation therapy (5 fractions per week) for 25 fractions total over 5 weeks.,,2024.0
PMID 38499457 CT_Summary_SoE.pdf,Arm A (Pracinostat + Azacitidine),intervention,2.0,10.0,30.0,55.0,79.0,105.0,28.0,Days 1-7 of every cycle for AZA administration; Day 15 of Cycle 1 for PK/ECG; Day 21-26 of every cycle for Labs (plus Bone Marrow in even cycles).,,2024.0
PMID 38499457 CT_Summary_SoE.pdf,Arm B (Placebo + Azacitidine),control,2.0,10.0,30.0,55.0,79.0,105.0,28.0,Days 1-7 of every cycle for AZA administration; Day 15 of Cycle 1 for PK/ECG; Day 21-26 of every cycle for Labs (plus Bone Marrow in even cycles).,,2024.0
PMID 38531002 a_Summary_SoE.pdf,Arm A (Pazopanib),intervention,2.0,5.0,8.0,11.0,14.0,18.0,28.0,"Cycle 1: Days 1, 8, 15, 22; Cycle 2: Days 1, 15; Cycles 3-13: Day 1 only. Imaging every 3 months (Cycles 4, 7, 10, 13).",,2024.0
PMID 38531002 a_Summary_SoE.pdf,Arm B (Placebo),control,2.0,5.0,8.0,11.0,14.0,18.0,28.0,"Cycle 1: Days 1, 8, 15, 22; Cycle 2: Days 1, 15; Cycles 3-13: Day 1 only. Imaging every 3 months (Cycles 4, 7, 10, 13).",,2024.0
PMID 38552197 a_Summary_SoE.pdf,Experimental Arm (Atezolizumab + Cabozantinib),intervention,1.0,2.0,5.0,9.0,13.0,18.0,21.0,Day 1 of each 21-day cycle for infusions and assessments.,,2024.0
PMID 38552197 a_Summary_SoE.pdf,Control Arm (Docetaxel),control,1.0,2.0,5.0,9.0,13.0,18.0,21.0,Day 1 of each 21-day cycle for infusions and assessments.,,2024.0
PMID 38561010 a_Summary_SoE.pdf,Arm 1 (Pembrolizumab + CRT),intervention,2.0,18.0,38.0,42.0,47.0,50.0,21.0,Daily radiotherapy (5 days/week) for 7 weeks starting Cycle 1 Day 8; Q3W infusions for 1 year (17 total doses).,,2024.0
PMID 38561010 a_Summary_SoE.pdf,Arm 2 (Placebo + CRT),control,2.0,18.0,38.0,42.0,47.0,50.0,21.0,Daily radiotherapy (5 days/week) for 7 weeks starting Cycle 1 Day 8; Q3W infusions for 1 year (17 total doses).,,2024.0
PMID 38648575 a_Summary_SoE.pdf,Arm A (Irinotecan Liposome Injection),intervention,1.0,5.0,11.0,19.0,28.0,38.0,42.0,"Cycle 1: D1, D8, D15, D22, D29, D36. Cycle 2+: D1, D15, D22, D29. Treatment (Onivyde) administered Q2W (D1, D15, D29).",,2024.0
PMID 38648575 a_Summary_SoE.pdf,Arm B (IV Topotecan),control,1.0,13.0,31.0,55.0,80.0,110.0,42.0,"Cycle 1: D1-5, D8, D15, D22-26, D29, D36. Cycle 2+: D1-5, D15, D22-26, D29. Treatment (Topotecan) administered daily for 5 consecutive days every 3 weeks.",,2024.0
PMID 38683596 a_Summary_SoE.pdf,Arm 1 (Aspirin 300 mg daily),intervention,1.0,0.0,0.0,1.0,1.0,2.0,180.0,Baseline visit followed by clinic visits every 6 months.,,2024.0
PMID 38683596 a_Summary_SoE.pdf,Arm 2 (Placebo daily),control,1.0,0.0,0.0,1.0,1.0,2.0,180.0,Baseline visit followed by clinic visits every 6 months.,,2024.0
PMID 38833643 a_Summary_SoE.pdf,Arm A (Everolimus + Endocrine Therapy),intervention,1.0,1.0,3.0,4.0,5.0,6.0,42.0,"Visits occur at the start of each Reporting Period: Weeks 1, 7, 13, 25, 37, and 49.",,2024.0
PMID 38833643 a_Summary_SoE.pdf,Arm B (Placebo + Endocrine Therapy),control,1.0,1.0,3.0,4.0,5.0,6.0,42.0,"Visits occur at the start of each Reporting Period: Weeks 1, 7, 13, 25, 37, and 49.",,2024.0
PMID 38833658 a_Summary_SoE.pdf,Arm A (Lenvatinib + Pembrolizumab),intervention,1.0,3.0,7.0,13.0,20.0,27.0,28.0,Day 1 and Day 15 of every 28-day cycle.,,2024.0
PMID 38833658 a_Summary_SoE.pdf,Arm B (Investigator's Choice of SOC: Regorafenib or TAS-102),control,1.0,4.0,8.0,14.0,21.0,28.0,28.0,"Cycle 1: Days 1, 8, and 15. Subsequent cycles: Day 1 and Day 15 of every 28-day cycle.",,2024.0
PMID 38838287a_Summary_SoE.pdf,Arm A (NKTR-214 + Nivolumab),intervention,3.0,5.0,8.0,12.0,16.0,21.0,42.0,"Cycle 1: Days 1, 3, 5, 8, 22; Subsequent cycles: Days 1 and 22",,2024.0
PMID 38838287a_Summary_SoE.pdf,Arm B (Sunitinib or Cabozantinib),control,3.0,3.0,6.0,10.0,14.0,19.0,42.0,"Cycle 1: Days 1, 8, 22; Subsequent cycles: Days 1 and 22",,2024.0
PMID 38849283 CT_Summary_SoE.pdf,Arm A (N-Pd: Nivolumab + Pomalidomide + Dexamethasone),intervention,2.0,2.0,7.0,11.0,14.0,17.0,28.0,Cycles 1-4: Day 1 and Day 15. Cycle 5 and beyond: Day 1 only.,,2024.0
PMID 38849283 CT_Summary_SoE.pdf,Arm B (Pd: Pomalidomide + Dexamethasone),control,2.0,2.0,7.0,11.0,14.0,17.0,28.0,Cycles 1-4: Day 1 and Day 15. Cycle 5 and beyond: Day 1 only.,,2024.0
PMID 38849283 CT_Summary_SoE.pdf,Arm C (NE-Pd: Nivolumab + Elotuzumab + Pomalidomide + Dexamethasone),intervention,2.0,4.0,11.0,15.0,18.0,21.0,28.0,"Cycles 1-2: Days 1, 8, 15, 22. Cycles 3-4: Days 1, 15. Cycle 5+: Day 1.",,2024.0
PMID 38872480 a_Summary_SoE.pdf,Bevacizumab Arm,intervention,0.0,0.0,0.0,0.0,0.0,0.0,,Not specified in provided text,,2024.0
PMID 38872480 a_Summary_SoE.pdf,Placebo Arm,control,0.0,0.0,0.0,0.0,0.0,0.0,,Not specified in provided text,,2024.0
PMID 38889373 a_Summary_SoE.pdf,Arm A (Amcenestrant + Palbociclib),intervention,2.0,3.0,6.0,9.0,12.0,16.0,28.0,Day 1 of every 28-day cycle; Day 15 of Cycles 1 and 2 only.,,2024.0
PMID 38889373 a_Summary_SoE.pdf,Arm B (Letrozole + Palbociclib),control,2.0,3.0,6.0,9.0,12.0,16.0,28.0,Day 1 of every 28-day cycle; Day 15 of Cycles 1 and 2 only.,,2024.0
PMID 38942046 a_Summary_SoE.pdf,Arm A (Perioperative Nivolumab + Surgery),intervention,2.0,2.0,4.0,7.0,11.0,12.0,28.0,"1 pre-operative nivolumab dose, 1 surgery day, and 9 post-operative nivolumab doses every 4 weeks.",,2024.0
PMID 38942046 a_Summary_SoE.pdf,Arm B (Surgery + Observation),control,1.0,1.0,2.0,3.0,4.0,5.0,0.0,1 surgery day followed by observation visits every 3 months.,,2024.0
PMId 32955177 a_Summary_SoE.pdf,Arm A (AZD9291 / Osimertinib),intervention,2.0,3.0,4.0,5.0,6.0,7.0,84.0,"Day 1, Week 2, Week 4, then every 12 weeks (Weeks 12, 24, 36, 48, etc.)",,2020.0
PMId 32955177 a_Summary_SoE.pdf,Arm B (Placebo),control,2.0,3.0,4.0,5.0,6.0,7.0,84.0,"Day 1, Week 2, Week 4, then every 12 weeks (Weeks 12, 24, 36, 48, etc.)",,2020.0
PMId 32966830 a_Summary_SoE.pdf,Arm A (Atezolizumab + nab-paclitaxel + AC),intervention,2.0,5.0,13.0,19.0,23.0,28.0,28.0,"Weekly for 12 weeks (nab-paclitaxel), then Q2W for 8 weeks (AC), then Q3W for 11 cycles (Adjuvant Atezolizumab).",,2020.0
PMId 32966830 a_Summary_SoE.pdf,Arm B (Placebo + nab-paclitaxel + AC),control,2.0,5.0,13.0,19.0,23.0,28.0,28.0,"Weekly for 12 weeks, then Q2W for 8 weeks (Neoadjuvant), then Q3W monitoring visits post-surgery.",,2020.0
PMId 36395435 a_Summary_SoE.pdf,Arm A (Zanubrutinib),intervention,2.0,2.0,4.0,7.0,8.0,9.0,28.0,"C1D1, C2D1, C3D1, C4D1, C5D1, C6D1, then every 3 cycles (C7D1, C10D1, C13D1, etc.)",,2023.0
PMId 36395435 a_Summary_SoE.pdf,Arm B (Ibrutinib),control,2.0,2.0,4.0,7.0,8.0,9.0,28.0,"C1D1, C2D1, C3D1, C4D1, C5D1, C6D1, then every 3 cycles (C7D1, C10D1, C13D1, etc.)",,2023.0
PMId 37331369 a_Summary_SoE.pdf,Arm A (Fruquintinib + BSC),intervention,2.0,3.0,7.0,10.0,13.0,17.0,28.0,"Day 1 of every 28-day cycle; Day 21 of Cycles 1, 2, and 3 only.",,2023.0
PMId 37331369 a_Summary_SoE.pdf,Arm B (Placebo + BSC),control,2.0,3.0,7.0,10.0,13.0,17.0,28.0,"Day 1 of every 28-day cycle; Day 21 of Cycles 1, 2, and 3 only.",,2023.0
PMID 21121833 a_Summary_SoE.pdf,"TAC (Docetaxel, Doxorubicin, Cyclophosphamide)",intervention,2.0,2.0,5.0,7.0,8.0,9.0,21.0,Day 1 of each cycle for infusion and labs. End of Treatment (EOT) visit 3-4 weeks after last cycle. Follow-up every 12 weeks for physical exam and every 6 months for labs.,,2010.0
PMID 21121833 a_Summary_SoE.pdf,"FAC (5-Fluorouracil, Doxorubicin, Cyclophosphamide)",control,2.0,2.0,5.0,7.0,8.0,9.0,21.0,Day 1 of each cycle for infusion and labs. End of Treatment (EOT) visit 3-4 weeks after last cycle. Follow-up every 12 weeks for physical exam and every 6 months for labs.,,2010.0
PMID 23550669 a_Summary_SoE.pdf,,,,,,,,,,,Failed to parse JSON,2013.0
PMID 24849084 a_Summary_SoE.pdf,,,,,,,,,,,Failed to parse JSON,2014.0
PMID 28578607 a_Summary_SoE.pdf,Active Group (Abiraterone Acetate + Prednisone + ADT),intervention,1.0,3.0,7.0,10.0,13.0,17.0,28.0,Cycles 1-3: Day 1 and Day 15. Cycles 4-13: Day 1 monthly. Cycle 14+: Day 1 every 2 months.,,2017.0
PMID 28578607 a_Summary_SoE.pdf,Control Group (Placebo + ADT),control,1.0,3.0,7.0,10.0,13.0,17.0,28.0,Cycles 1-3: Day 1 and Day 15. Cycles 4-13: Day 1 monthly. Cycle 14+: Day 1 every 2 months.,,2017.0
PMID 31679945 a_Summary_SoE.pdf,Pembrolizumab Monotherapy,intervention,1.0,2.0,5.0,9.0,13.0,18.0,21.0,1 visit per 3-week cycle (Day 1),,2019.0
PMID 31679945 a_Summary_SoE.pdf,Pembrolizumab plus Chemotherapy (Platinum + 5-FU),intervention,1.0,2.0,5.0,9.0,13.0,18.0,21.0,1 visit per 3-week cycle (Day 1),,2019.0
PMID 31679945 a_Summary_SoE.pdf,Cetuximab plus Chemotherapy (Standard of Care),control,1.0,5.0,13.0,26.0,39.0,53.0,21.0,"Weekly visits (Days 1, 8, and 15 of each 3-week cycle)",,2019.0
PMID 36669140 a_Summary_SoE.pdf,Regimen A (VDC/IE Chemotherapy),control,2.0,11.0,31.0,57.0,78.0,79.0,14.0,"Induction (12 wks): 2-5 days treatment per cycle, labs on D1, D8. Consolidation (16 wks): 1-5 days treatment per cycle, labs on D1, D8. Local Control (3 wks): Surgery/XRT. Metastatic Site Radiation: SBRT (5 days).",,2023.0
PMID 36669140 a_Summary_SoE.pdf,Regimen B (VDC/IE + Ganitumab),intervention,2.0,11.0,31.0,57.0,80.0,84.0,14.0,Same as Regimen A plus Ganitumab on Day 1 of cycles. Maintenance phase: Ganitumab every 3 weeks for 24 weeks.,,2023.0
