filename,arm_name,intervention_type,screening,1_month,3_months,6_months,9_months,12_months,cycle_length,visit_pattern,error,publication_year
30738780 CT_Summary_SoE.pdf,Arm A (Radium-223 dichloride + abiraterone acetate + prednisone/prednisolone),intervention,2.0,3.0,7.0,10.0,13.0,17.0,28.0,"Cycles 1-3: Day 1 and Day 15; Cycles 4-6: Day 1 only; Cycle 7 onwards: Day 1 every 4 weeks. Imaging (CT/Bone Scan) occurs at C3D1, C5D1, C7D1, and then every 12 weeks.",,
30738780 CT_Summary_SoE.pdf,Arm B (Placebo + abiraterone acetate + prednisone/prednisolone),control,2.0,3.0,7.0,10.0,13.0,17.0,28.0,"Cycles 1-3: Day 1 and Day 15; Cycles 4-6: Day 1 only; Cycle 7 onwards: Day 1 every 4 weeks. Imaging (CT/Bone Scan) occurs at C3D1, C5D1, C7D1, and then every 12 weeks.",,
PIMD 27718847 a_Summary_SoE.pdf,Arm A (Pembrolizumab Monotherapy),intervention,2.0,4.0,7.0,11.0,15.0,20.0,21.0,Day 1 of each 21-day cycle.,,
PIMD 27718847 a_Summary_SoE.pdf,Arm B (Standard of Care Platinum-based Chemotherapy),control,2.0,6.0,11.0,16.0,20.0,25.0,21.0,Day 1 and Day 8 of each 21-day cycle (based on Gemcitabine/Cisplatin as the high-contact SOC regimen).,,
PMID 19213681 a_Summary_SoE.pdf,Arm A (Nolvadex alone),control,1.0,0.0,0.0,1.0,1.0,2.0,,"Oral daily medication; BMD scans at screening, 6 months, and 12 months.",,2009.0
PMID 19213681 a_Summary_SoE.pdf,Arm B (Nolvadex plus zoledronate),intervention,1.0,2.0,4.0,7.0,10.0,14.0,28.0,"Zoledronate i.v. injection every 4 weeks (q4w); BMD scans at screening, 6 months, and 12 months.",,2009.0
PMID 19213681 a_Summary_SoE.pdf,Arm C (Arimidex alone),intervention,1.0,0.0,0.0,1.0,1.0,2.0,,"Oral daily medication; BMD scans at screening, 6 months, and 12 months.",,2009.0
PMID 19213681 a_Summary_SoE.pdf,Arm D (Arimidex plus zoledronate),intervention,1.0,2.0,4.0,7.0,10.0,14.0,28.0,"Zoledronate i.v. injection every 4 weeks (q4w); BMD scans at screening, 6 months, and 12 months.",,2009.0
PMID 20525992 a_Summary_SoE.pdf,Arm A (Melanoma Peptide Vaccine Monotherapy),control,2.0,2.0,5.0,8.0,10.0,11.0,21.0,"Doses at Days 1, 22, 43, 64 (Induction); Restaging at Weeks 12, 16, 20, 24, 28, and then every 3 months thereafter.",,2010.0
PMID 20525992 a_Summary_SoE.pdf,Arm B (MDX-010 + Melanoma Peptide Vaccine),intervention,2.0,2.0,5.0,8.0,10.0,11.0,21.0,"Doses at Days 1, 22, 43, 64 (Induction); Restaging at Weeks 12, 16, 20, 24, 28, and then every 3 months thereafter.",,2010.0
PMID 20525992 a_Summary_SoE.pdf,Arm C (MDX-010 Monotherapy),intervention,2.0,2.0,5.0,8.0,10.0,11.0,21.0,"Doses at Days 1, 22, 43, 64 (Induction); Restaging at Weeks 12, 16, 20, 24, 28, and then every 3 months thereafter.",,2010.0
PMID 20525993 a_Summary_SoE.pdf,Arm A (Nilotinib 300 mg BID),intervention,1.0,4.0,6.0,9.0,10.0,11.0,28.0,"Cycle 1: Days 1, 8, 15, 28. Cycles 2-6: End of cycle (every 28 days). Cycles 9-60: Every 3 cycles (every 84 days).",,2010.0
PMID 20525993 a_Summary_SoE.pdf,Arm B (Nilotinib 400 mg BID),intervention,1.0,4.0,6.0,9.0,10.0,11.0,28.0,"Cycle 1: Days 1, 8, 15, 28. Cycles 2-6: End of cycle (every 28 days). Cycles 9-60: Every 3 cycles (every 84 days).",,2010.0
PMID 20525993 a_Summary_SoE.pdf,Arm C (Imatinib 400 mg QD),control,1.0,4.0,6.0,9.0,10.0,11.0,28.0,"Cycle 1: Days 1, 8, 15, 28. Cycles 2-6: End of cycle (every 28 days). Cycles 9-60: Every 3 cycles (every 84 days).",,2010.0
PMID 20525995 a_Summary_SoE.pdf,Dasatinib (100 mg daily),intervention,2.0,3.0,5.0,6.0,7.0,8.0,0.0,"Day 1, Weeks 2, 4, 6, then Months 3, 6, 9, 12",,2010.0
PMID 20525995 a_Summary_SoE.pdf,Imatinib (400 mg daily),control,2.0,3.0,5.0,6.0,7.0,8.0,0.0,"Day 1, Weeks 2, 4, 6, then Months 3, 6, 9, 12",,2010.0
PMID 20570559 CT a_Summary_SoE.pdf,Vandetanib + Docetaxel,intervention,1.0,1.0,5.0,9.0,13.0,18.0,21.0,Day 1 of each 21-day cycle.,,2010.0
PMID 20570559 CT a_Summary_SoE.pdf,Placebo + Docetaxel,control,1.0,1.0,5.0,9.0,13.0,18.0,21.0,Day 1 of each 21-day cycle.,,2010.0
PMID 20818862 a_Summary_SoE.pdf,Arm A (Sipuleucel-T),intervention,3.0,5.0,7.0,9.0,11.0,12.0,14.0,"Leukapheresis followed by infusion 2-3 days later at Weeks 0, 2, and 4. Follow-up visits for immune monitoring at Weeks 6, 14, and 26, plus serial imaging.",,2010.0
PMID 20818862 a_Summary_SoE.pdf,Arm B (Placebo),control,3.0,5.0,7.0,9.0,11.0,12.0,14.0,"Identical to treatment arm; placebo subjects undergo the same leukapheresis and infusion schedule at Weeks 0, 2, and 4.",,2010.0
PMID 20826719 a_Summary_SoE.pdf,Voriconazole,intervention,2.0,1.0,1.0,3.0,3.0,4.0,,"Screening (2 days), Day 0 (Transplant/Start), Day 100 (End of Prophylaxis), Day 180 (Follow-up), Day 365 (Follow-up).",,2010.0
PMID 20826719 a_Summary_SoE.pdf,Fluconazole,control,2.0,1.0,1.0,3.0,3.0,4.0,,"Screening (2 days), Day 0 (Transplant/Start), Day 100 (End of Prophylaxis), Day 180 (Follow-up), Day 365 (Follow-up).",,2010.0
PMID 21121833 a_Summary_SoE.pdf,Arm A (TAC),intervention,2.0,2.0,5.0,7.0,8.0,9.0,21.0,Day 1 of each 21-day cycle for 6 cycles; End of Treatment (EOT) visit 3-4 weeks after last dose; Follow-up visits every 12 weeks thereafter.,,2010.0
PMID 21121833 a_Summary_SoE.pdf,Arm B (FAC),control,2.0,2.0,5.0,7.0,8.0,9.0,21.0,Day 1 of each 21-day cycle for 6 cycles; End of Treatment (EOT) visit 3-4 weeks after last dose; Follow-up visits every 12 weeks thereafter.,,2010.0
PMID 21282542 CT_Summary_SoE.pdf,Arm A (ZD6474 / ZACTIMA),intervention,1.0,4.0,6.0,9.0,12.0,16.0,28.0,"Day 1, Day 8, Day 15, Day 29, then every 28 days (4 weeks) thereafter.",,2011.0
PMID 21282542 CT_Summary_SoE.pdf,Arm B (Erlotinib / TARCEVA),control,1.0,4.0,6.0,9.0,12.0,16.0,28.0,"Day 1, Day 8, Day 15, Day 29, then every 28 days (4 weeks) thereafter.",,2011.0
PMID 21306237 a_Summary_SoE.pdf,Arm A (Sunitinib),intervention,1.0,3.0,5.0,8.0,11.0,15.0,28.0,Screening (1 day); Month 1: Day 1 and Day 15; Subsequent Months: Day 1 every 28 days.,,2011.0
PMID 21306237 a_Summary_SoE.pdf,Arm B (Placebo),control,1.0,3.0,5.0,8.0,11.0,15.0,28.0,Screening (1 day); Month 1: Day 1 and Day 15; Subsequent Months: Day 1 every 28 days.,,2011.0
PMID 21306238 a_Summary_SoE.pdf,Arm A (RAD001 10 mg/d plus best supportive care),intervention,1.0,3.0,5.0,8.0,11.0,15.0,28.0,Cycle 1: Day 1 and Day 15. Subsequent Cycles: Day 1 of each 28-day cycle.,,2011.0
PMID 21306238 a_Summary_SoE.pdf,Arm B (Placebo plus best supportive care),control,1.0,3.0,5.0,8.0,11.0,15.0,28.0,Cycle 1: Day 1 and Day 15. Subsequent Cycles: Day 1 of each 28-day cycle.,,2011.0
PMID 21410393 a_Summary_SoE.pdf,Sirolimus (Rapamycin),intervention,2.0,1.0,1.0,2.0,3.0,5.0,0.0,"Screening (Visit 0, Visit 1), Week 3 (Visit 2), Week 13 (Visit 3), Week 26 (Visit 4), Week 39 (Visit 5), Week 52 (Visit 6)",,2011.0
PMID 21410393 a_Summary_SoE.pdf,Placebo,control,2.0,1.0,1.0,2.0,3.0,5.0,0.0,"Screening (Visit 0, Visit 1), Week 3 (Visit 2), Week 13 (Visit 3), Week 26 (Visit 4), Week 39 (Visit 5), Week 52 (Visit 6)",,2011.0
PMID 21612468 a_Summary_SoE.pdf,Arm A (Abiraterone Acetate + Prednisone),intervention,1.0,3.0,7.0,10.0,13.0,17.0,28.0,"Day 1 of every 28-day cycle; Day 15 of Cycles 1, 2, and 3. Imaging (CT/MRI/Bone Scan) every 3 cycles starting at Cycle 4.",,2011.0
PMID 21612468 a_Summary_SoE.pdf,Arm B (Placebo + Prednisone),control,1.0,3.0,7.0,10.0,13.0,17.0,28.0,"Day 1 of every 28-day cycle; Day 15 of Cycles 1, 2, and 3. Imaging (CT/MRI/Bone Scan) every 3 cycles starting at Cycle 4.",,2011.0
PMID 21621716 CT_Summary_SoE.pdf,Arm 2 (Tarceva + bevacizumab),intervention,2.0,2.0,5.0,9.0,13.0,18.0,21.0,Day 1 of each 21-day cycle,,2011.0
PMID 21621716 CT_Summary_SoE.pdf,Arm 1 (Tarceva + placebo),control,2.0,2.0,5.0,9.0,13.0,18.0,21.0,Day 1 of each 21-day cycle,,2011.0
PMID 21631324 a_Summary_SoE.pdf,Arm 1: gp100:209-217(210M) peptide vaccine + high-dose IL-2,intervention,2.0,16.0,32.0,51.0,76.0,103.0,21.0,"Each 3-week cycle involves 8 contact days (Day 0/21 clinic/vaccine, Days 1-4/22-25 inpatient IL-2, Days 5-7/26-28 inpatient monitoring). Courses consist of 2 cycles followed by a 3-week rest/evaluation period (total 63 days per course).",,2011.0
PMID 21631324 a_Summary_SoE.pdf,Arm 2: High-dose IL-2 alone,control,2.0,16.0,32.0,51.0,76.0,103.0,21.0,"Identical to Arm 1, but Day 0 and Day 21 are categorized as clinic visits rather than treatment days as no vaccine is administered.",,2011.0
PMID 21639808 a_Summary_SoE.pdf,Arm A (RO5185426),intervention,2.0,3.0,6.0,10.0,14.0,19.0,21.0,Day 1 of each 21-day cycle; additional lab visit on Day 8 of Cycle 1.,,2011.0
PMID 21639808 a_Summary_SoE.pdf,Arm B (Dacarbazine),control,2.0,3.0,6.0,10.0,14.0,19.0,21.0,Day 1 of each 21-day cycle; additional lab visit on Day 8 of Cycle 1.,,2011.0
PMID 21639810 a_Summary_SoE.pdf,Arm A (Ipilimumab + Dacarbazine),intervention,2.0,2.0,8.0,13.0,15.0,17.0,21.0,"Induction Phase: Weeks 1, 4, 7, 10, 12, 13, 16, 19, 20, 22, 24. Maintenance Phase: Every 6 weeks for tumor assessments, every 12 weeks for dosing.",,2011.0
PMID 21639810 a_Summary_SoE.pdf,Arm B (Placebo + Dacarbazine),control,2.0,2.0,8.0,13.0,15.0,17.0,21.0,"Induction Phase: Weeks 1, 4, 7, 10, 12, 13, 16, 19, 20, 22, 24. Maintenance Phase: Every 6 weeks for tumor assessments, every 12 weeks for dosing.",,2011.0
PMID 21751904 a_Summary_SoE.pdf,Arm 1 (Neoadjuvant TAS + Radiation Therapy),intervention,2.0,1.0,24.0,40.0,41.0,42.0,30.0,TAS injections monthly for 4 months; RT daily (5 days/week) for ~7.5 weeks starting at Month 3; Follow-up every 3 months post-RT.,,2011.0
PMID 21751904 a_Summary_SoE.pdf,Arm 2 (Radiation Therapy Alone),control,2.0,21.0,37.0,38.0,39.0,40.0,7.0,RT daily (5 days/week) for ~7.5 weeks; Follow-up every 3 months post-RT.,,2011.0
PMID 21962393 CT_Summary_SoE.pdf,Arm A (Auto-Allo: ASCT followed by NMSCT),intervention,2.0,23.0,24.0,35.0,46.0,49.0,28.0,"Phase 1: ASCT (22-day stay) + Day 28. Phase 2: NMSCT (3-day procedure) + 2 visits/week for 4 weeks, then 1 visit/week for 8 weeks, then monthly/quarterly follow-up.",,2011.0
PMID 21962393 CT_Summary_SoE.pdf,Arm B1 (Auto-Auto + Maintenance),intervention,2.0,23.0,24.0,54.0,64.0,75.0,28.0,Tandem ASCT (2 x 22-day stays). Maintenance phase includes 15 specific monitoring visits over 12 months.,,2011.0
PMID 21962393 CT_Summary_SoE.pdf,Arm B2 (Auto-Auto + Observation),control,2.0,23.0,24.0,54.0,57.0,60.0,28.0,"Tandem ASCT (2 x 22-day stays) followed by standard post-transplant follow-up at Day 100, 6 months, 9 months, and 12 months.",,2011.0
PMID 21990397 a_Summary_SoE.pdf,Arm A (Chemotherapy + Bevacizumab),intervention,2.0,2.0,7.0,13.0,19.0,26.0,21.0,Day 1 of each 21-day cycle for treatment; Tumor assessments (imaging) every 6 weeks.,,2011.0
PMID 21990397 a_Summary_SoE.pdf,Arm B (Chemotherapy + Placebo),control,2.0,2.0,7.0,13.0,19.0,26.0,21.0,Day 1 of each 21-day cycle for treatment; Tumor assessments (imaging) every 6 weeks.,,2011.0
PMID 21991949 a_Summary_SoE.pdf,AC→T (Doxorubicin and Cyclophosphamide followed by Docetaxel),control,2.0,2.0,5.0,8.0,10.0,11.0,21.0,Day 1 of each 21-day cycle for 8 cycles.,,2011.0
PMID 21991949 a_Summary_SoE.pdf,AC→TH (Doxorubicin and Cyclophosphamide followed by Docetaxel and Trastuzumab),intervention,2.0,2.0,7.0,18.0,22.0,26.0,21.0,"Cycles 1-4: Day 1. Cycle 5: Days 1, 2, 8, 15. Cycles 6-8: Days 1, 8, 15. Maintenance: Every 3 weeks.",,2011.0
PMID 21991949 a_Summary_SoE.pdf,"TCH (Docetaxel, Carboplatin and Trastuzumab)",intervention,2.0,6.0,14.0,23.0,27.0,31.0,21.0,"Cycle 1: Days 1, 2, 8, 15. Cycles 2-6: Days 1, 8, 15. Maintenance: Every 3 weeks.",,2011.0
PMID 22025146 CT_Summary_SoE.pdf,Vandetanib 300 mg,intervention,1.0,3.0,5.0,8.0,11.0,15.0,28.0,"Day 1 (Start), Day 15 (Safety/ECG), then every 28 days (Cycle 2 Day 1, etc.). Radiologic imaging every 12 weeks (84 days).",,2012.0
PMID 22025146 CT_Summary_SoE.pdf,Placebo,control,1.0,3.0,5.0,8.0,11.0,15.0,28.0,Identical to the intervention arm to maintain study blinding.,,2012.0
PMID 22119496 a_Summary_SoE.pdf,Arm A (Everolimus 10 mg/d + Sandostatin LAR Depot),intervention,1.0,3.0,5.0,8.0,11.0,15.0,28.0,Cycle 1: Day 1 and Day 15. Subsequent cycles: Day 1 of each 28-day cycle.,,2011.0
PMID 22119496 a_Summary_SoE.pdf,Arm B (Placebo + Sandostatin LAR Depot),control,1.0,3.0,5.0,8.0,11.0,15.0,28.0,Cycle 1: Day 1 and Day 15. Subsequent cycles: Day 1 of each 28-day cycle.,,2011.0
PMID 22149875 a_Summary_SoE.pdf,Arm B (Pertuzumab + Trastuzumab + Docetaxel),intervention,2.0,5.0,10.0,16.0,20.0,25.0,21.0,"Cycle 1: Days 1, 2, 8. Cycles 2-6: Days 1, 8. Cycles 7+: Day 1 only.",,2012.0
PMID 22149875 a_Summary_SoE.pdf,Arm A (Placebo + Trastuzumab + Docetaxel),control,2.0,5.0,10.0,16.0,20.0,25.0,21.0,"Cycle 1: Days 1, 2, 8. Cycles 2-6: Days 1, 8. Cycles 7+: Day 1 only.",,2012.0
PMID 22149876 a_Summary_SoE.pdf,Arm A (Everolimus + Exemestane),intervention,1.0,3.0,5.0,7.0,9.0,11.0,42.0,"Day 1, Day 15, Week 4 (Day 28), then every 6 weeks (Weeks 6, 12, 18, 24, 30, 36, 42, 48).",,2012.0
PMID 22149876 a_Summary_SoE.pdf,Arm B (Placebo + Exemestane),control,1.0,3.0,5.0,7.0,9.0,11.0,42.0,"Day 1, Day 15, Week 4 (Day 28), then every 6 weeks (Weeks 6, 12, 18, 24, 30, 36, 42, 48).",,2012.0
PMID 22204724 a_Summary_SoE.pdf,Arm I (Standard Chemotherapy + Placebo),control,2.0,5.0,13.0,21.0,25.0,30.0,21.0,Day 1 of each 21-day cycle for treatment. Weekly lab visits (Days 8 and 15) during the first 6 cycles (Phase A).,,2011.0
PMID 22204724 a_Summary_SoE.pdf,Arm II (Concurrent Bevacizumab + Placebo Maintenance),intervention,2.0,5.0,13.0,21.0,25.0,30.0,21.0,Day 1 of each 21-day cycle for treatment. Weekly lab visits (Days 8 and 15) during the first 6 cycles (Phase A).,,2011.0
PMID 22204724 a_Summary_SoE.pdf,Arm III (Extended Bevacizumab),intervention,2.0,5.0,13.0,21.0,25.0,30.0,21.0,Day 1 of each 21-day cycle for treatment. Weekly lab visits (Days 8 and 15) during the first 6 cycles (Phase A).,,2011.0
PMID 22257673 a_Summary_SoE.pdf,Lapatinib alone,intervention,1.0,2.0,8.0,13.0,16.0,20.0,21.0,"Pre-surgery (12 weeks): Weeks 1, 4, 7, 8, 9, 10, 11, 12. Post-surgery: 3 cycles of FEC (q3w), then 34 weeks of Lapatinib (q4w monitoring).",,2012.0
PMID 22257673 a_Summary_SoE.pdf,Trastuzumab alone,intervention,1.0,2.0,8.0,13.0,18.0,22.0,21.0,"Pre-surgery (12 weeks): Weeks 1, 4, 7, 8, 9, 10, 11, 12. Post-surgery: 3 cycles of FEC (q3w), then 34 weeks of Trastuzumab (q3w).",,2012.0
PMID 22257673 a_Summary_SoE.pdf,Lapatinib + Trastuzumab,intervention,1.0,2.0,8.0,13.0,18.0,22.0,21.0,"Pre-surgery (12 weeks): Weeks 1, 4, 7, 8, 9, 10, 11, 12. Post-surgery: 3 cycles of FEC (q3w), then 34 weeks of anti-HER2 therapy (q3w).",,2012.0
PMID 22271472 a_Summary_SoE.pdf,Arm A (Standard Treatment: Induction Chemo + Concurrent Chemoradiotherapy),control,1.0,2.0,33.0,36.0,36.0,36.0,21.0,"Induction (Day 1, 22), Concurrent (Daily x 30 days over 6 weeks), Post-RT Follow-up (Weekly x 3 weeks)",,2012.0
PMID 22271472 a_Summary_SoE.pdf,Arm B (Induction Chemo + Concurrent Chemoradiotherapy + Thalidomide),intervention,1.0,5.0,36.0,42.0,45.0,48.0,21.0,"Induction (Day 1, 22), Concurrent (Daily x 30), Maintenance (Monthly visits for refills and pregnancy tests)",,2012.0
PMID 22375970 a_Summary_SoE.pdf,INC424 (Ruxolitinib),intervention,2.0,4.0,7.0,10.0,12.0,14.0,,"Day 1, Week 2 (Interim), Week 4 (Pre-visit lab), Week 4 (Study Visit), Week 6 (Interim), Week 8, Week 12, Week 16, Week 20 (Interim), Week 24, Week 30 (Interim), Week 36, Week 42 (Interim), Week 48",,2012.0
PMID 22375970 a_Summary_SoE.pdf,Best-available therapy (BAT),control,2.0,3.0,6.0,9.0,11.0,13.0,,"Day 1, Week 2 (Interim), Week 4, Week 6 (Interim), Week 8, Week 12, Week 16, Week 20 (Interim), Week 24, Week 30 (Interim), Week 36, Week 42 (Interim), Week 48",,2012.0
PMID 22375971 a_Summary_SoE.pdf,INCB018424,intervention,2.0,4.0,7.0,10.0,12.0,14.0,28.0,"Weekly/Bi-weekly in Month 1, then every 4 weeks until Week 24, then every 6 weeks (alternating Study and Lab-only visits).",,2012.0
PMID 22375971 a_Summary_SoE.pdf,Placebo,control,2.0,4.0,7.0,10.0,12.0,14.0,28.0,"Weekly/Bi-weekly in Month 1, then every 4 weeks until Week 24, then every 6 weeks (alternating Study and Lab-only visits).",,2012.0
PMID 22454414 a_Summary_SoE.pdf,Arm A (Docetaxel + Prednisone + Placebo),control,3.0,2.0,5.0,9.0,13.0,18.0,21.0,"Day 1 of each 21-day cycle for infusions, labs, and physical exams. Imaging occurs every 3 cycles (C4, C7, etc.) on Day 1.",,2012.0
PMID 22454414 a_Summary_SoE.pdf,Arm B (Docetaxel + Prednisone + Bevacizumab),intervention,3.0,2.0,5.0,9.0,13.0,18.0,21.0,"Day 1 of each 21-day cycle for infusions, labs, and physical exams. Imaging occurs every 3 cycles (C4, C7, etc.) on Day 1.",,2012.0
PMID 22508813 a_Summary_SoE.pdf,Naproxen 500mg twice daily,intervention,1.0,2.0,2.0,2.0,2.0,2.0,21.0,1 screening visit for consent and labs; 1 treatment visit for pegfilgrastim administration and study drug dispensing; 1 follow-up visit at the start of the next chemotherapy cycle to return medication bottles.,,2012.0
PMID 22508813 a_Summary_SoE.pdf,Matching Placebo,control,1.0,2.0,2.0,2.0,2.0,2.0,21.0,1 screening visit for consent and labs; 1 treatment visit for pegfilgrastim administration and study drug dispensing; 1 follow-up visit at the start of the next chemotherapy cycle to return medication bottles.,,2012.0
PMID 22529265 a_Summary_SoE.pdf,Arm A (Bevacizumab + Carboplatin + Gemcitabine),intervention,1.0,5.0,10.0,16.0,20.0,25.0,21.0,Chemotherapy Phase (Cycles 1-6): Day 1 and Day 8 of each 21-day cycle. Maintenance Phase (Cycle 7+): Day 1 of each 21-day cycle.,,2012.0
PMID 22529265 a_Summary_SoE.pdf,Arm B (Placebo + Carboplatin + Gemcitabine),control,1.0,5.0,10.0,16.0,20.0,25.0,21.0,Chemotherapy Phase (Cycles 1-6): Day 1 and Day 8 of each 21-day cycle. Maintenance Phase (Cycle 7+): Day 1 of each 21-day cycle.,,2012.0
PMID 22551107 a_Summary_SoE.pdf,"Arm A (EDP/M: Etoposide, Doxorubicin, Cisplatin, Mitotane)",intervention,2.0,8.0,23.0,43.0,64.0,84.0,28.0,"Days 1, 2, 3, 4 (chemo) and Days 12, 14 (labs) of every 28-day cycle.",,2012.0
PMID 22551107 a_Summary_SoE.pdf,"Arm B (Sz/M: Streptozotocin, Mitotane)",control,2.0,7.0,13.0,22.0,29.0,36.0,21.0,"Induction Days 1-5, then Day 1 of every 21-day cycle. Mitotane levels checked every 4 weeks for 6 months, then every 8 weeks.",,2012.0
PMID 22564989 a_Summary_SoE.pdf,Sunitinib + Erlotinib,intervention,1.0,5.0,9.0,12.0,15.0,19.0,28.0,"Cycles 1-3: Day 1 and Day 15. Cycle 4+: Day 1 only. Imaging (CT/MRI) every 8 weeks (C3D1, C5D1, etc.).",,2012.0
PMID 22564989 a_Summary_SoE.pdf,Placebo + Erlotinib,control,1.0,5.0,9.0,12.0,15.0,19.0,28.0,"Cycles 1-3: Day 1 and Day 15. Cycle 4+: Day 1 only. Imaging (CT/MRI) every 8 weeks (C3D1, C5D1, etc.).",,2012.0
PMID 22571200 a_Summary_SoE.pdf,Arm A (MPR induction followed by lenalidomide maintenance),intervention,1.0,5.0,9.0,15.0,21.0,25.0,28.0,"Cycle 1: Days 1, 8, 15, 22; Cycles 2-9: Days 1, 15; Cycle 10 onwards: Day 1",,2012.0
PMID 22571200 a_Summary_SoE.pdf,Arm B (MPR induction followed by placebo maintenance),intervention,1.0,5.0,9.0,15.0,21.0,25.0,28.0,"Cycle 1: Days 1, 8, 15, 22; Cycles 2-9: Days 1, 15; Cycle 10 onwards: Day 1",,2012.0
PMID 22571200 a_Summary_SoE.pdf,Arm C (MP plus placebo induction followed by placebo maintenance),control,1.0,5.0,9.0,15.0,21.0,25.0,28.0,"Cycle 1: Days 1, 8, 15, 22; Cycles 2-9: Days 1, 15; Cycle 10 onwards: Day 1",,2012.0
PMID 22571201 a_Summary_SoE.pdf,Arm A (CC-5013 / Lenalidomide),intervention,2.0,30.0,31.0,38.0,45.0,49.0,28.0,"Hospitalization for 30 days during ASCT phase. Restaging at Day 90 and 100. Maintenance cycles are 28 days: Cycle 1 (weekly visits), Cycle 2 (bi-weekly), Cycle 3 (monthly), Cycle 4 (weekly after dose escalation), then monthly.",,2012.0
PMID 22571201 a_Summary_SoE.pdf,Arm B (Placebo),control,2.0,30.0,31.0,38.0,45.0,49.0,28.0,"Identical to Arm A. Hospitalization for 30 days during ASCT phase. Restaging at Day 90 and 100. Maintenance cycles are 28 days: Cycle 1 (weekly visits), Cycle 2 (bi-weekly), Cycle 3 (monthly), Cycle 4 (weekly after dose escalation), then monthly.",,2012.0
PMID 22585697 a_Summary_SoE.pdf,Arm A (Placebo + Intermediate Dose cytarabine [IDAC]),control,1.0,8.0,23.0,25.0,28.0,31.0,28.0,Induction/Re-induction: 5 days treatment + 3 weekly visits. Consolidation: 4 days treatment + 3 weekly visits.,,2012.0
PMID 22585697 a_Summary_SoE.pdf,Arm B (Clofarabine + Intermediate Dose cytarabine [IDAC]),intervention,1.0,8.0,23.0,25.0,28.0,31.0,28.0,Induction/Re-induction: 5 days treatment + 3 weekly visits. Consolidation: 4 days treatment + 3 weekly visits.,,2012.0
PMID 22663011 a_Summary_SoE.pdf,Arm A (GSK1120212 / Trametinib),intervention,1.0,2.0,5.0,9.0,13.0,19.0,21.0,Day 1 of every 21-day cycle.,,2012.0
PMID 22663011 a_Summary_SoE.pdf,Arm B (Chemotherapy - Dacarbazine or Paclitaxel),control,1.0,2.0,5.0,9.0,13.0,19.0,21.0,Day 1 of every 21-day cycle for IV administration.,,2012.0
PMID 22663011 a_Summary_SoE.pdf,Arm C (Extension Arm - Crossover to GSK1120212),intervention,1.0,3.0,6.0,10.0,14.0,20.0,21.0,Registration visit followed by Day 1 of every 21-day cycle.,,2012.0
PMID 22689805 a_Summary_SoE.pdf,Arm B (Decitabine),intervention,1.0,6.0,23.0,41.0,60.0,79.0,28.0,"Days 1-5 (Treatment), Day 15 (Labs/Clinic) per 28-day cycle.",,2012.0
PMID 22689805 a_Summary_SoE.pdf,Arm A (Supportive Care or Low-dose Cytarabine),control,1.0,11.0,39.0,76.0,110.0,144.0,28.0,"Days 1-10 (Treatment), Day 15 (Labs/Clinic) per 28-day cycle.",,2012.0
PMID 22735384 a_Summary_SoE.pdf,Arm A (GSK2118436),intervention,1.0,3.0,6.0,10.0,14.0,20.0,21.0,"Day 1, Day 8, then every 3 weeks (Week 3, 6, 9, etc.)",,2012.0
PMID 22735384 a_Summary_SoE.pdf,Arm B (DTIC),control,1.0,3.0,6.0,10.0,14.0,20.0,21.0,"Day 1, Day 8, then every 3 weeks (Week 3, 6, 9, etc.)",,2012.0
PMID 22808955 a_Summary_SoE.pdf,Radical Prostatectomy,intervention,1.0,1.0,3.0,4.0,5.0,6.0,0.0,"Day 1 (Surgery), 6 weeks, 3 months, 6 months, 9 months, 12 months",,2012.0
PMID 22808955 a_Summary_SoE.pdf,Expectant Management (Watchful Waiting),control,1.0,1.0,3.0,4.0,5.0,6.0,0.0,"Day 1 (Randomization), 6 weeks, 3 months, 6 months, 9 months, 12 months",,2012.0
PMID 22851564 a_Summary_SoE.pdf,Sorafenib + Gemcitabine + Cisplatin,intervention,2.0,5.0,13.0,21.0,25.0,30.0,21.0,"Chemotherapy Phase (Cycles 1-6): Days 1, 8, 15. Maintenance Phase (Cycles 7+): Day 1 only.",,2012.0
PMID 22851564 a_Summary_SoE.pdf,Placebo + Gemcitabine + Cisplatin,control,2.0,5.0,13.0,21.0,25.0,30.0,21.0,"Chemotherapy Phase (Cycles 1-6): Days 1, 8, 15. Maintenance Phase (Cycles 7+): Day 1 only.",,2012.0
PMID 22853014 a_Summary_SoE.pdf,Arm 1 (Anastrozole alone),control,1.0,2.0,4.0,7.0,10.0,14.0,28.0,"1 visit per cycle (Day 1) for physical exam, labs, and PK samples.",,2012.0
PMID 22853014 a_Summary_SoE.pdf,Arm 2 (Anastrozole and Fulvestrant),intervention,1.0,3.0,5.0,8.0,11.0,15.0,28.0,"Cycle 1: Days 1, 14, 28. Subsequent cycles: Day 28 (aligned with IM injection).",,2012.0
PMID 22894553 a_Summary_SoE.pdf,Arm A (MDV3100),intervention,1.0,3.0,5.0,8.0,9.0,10.0,28.0,"Weekly for 2 weeks (Day 1, 8), then every 4 weeks until Week 25 (Day 29, 57, 85, 113, 141, 169), then every 12 weeks thereafter (Day 253, 337).",,2012.0
PMID 22894553 a_Summary_SoE.pdf,Arm B (Placebo),control,1.0,3.0,5.0,8.0,9.0,10.0,28.0,"Weekly for 2 weeks (Day 1, 8), then every 4 weeks until Week 25 (Day 29, 57, 85, 113, 141, 169), then every 12 weeks thereafter (Day 253, 337).",,2012.0
PMID 22915657 a_Summary_SoE.pdf,Arm 1 (Palonosetron + Dexamethasone + Compazine),intervention,1.0,2.0,2.0,2.0,2.0,2.0,21.0,"Screening visit (Day -14 to -1), Day 1 Treatment visit, and a visit at the start of the next chemotherapy cycle (approx. Day 21-28) for medication pack return/pill count.",,2012.0
PMID 22915657 a_Summary_SoE.pdf,Arm 2 (Granisetron + Dexamethasone + Compazine),intervention,1.0,2.0,2.0,2.0,2.0,2.0,21.0,"Screening visit (Day -14 to -1), Day 1 Treatment visit, and a visit at the start of the next chemotherapy cycle (approx. Day 21-28) for medication pack return/pill count.",,2012.0
PMID 22915657 a_Summary_SoE.pdf,Arm 3 (Aprepitant + Palonosetron + Dexamethasone),control,1.0,2.0,2.0,2.0,2.0,2.0,21.0,"Screening visit (Day -14 to -1), Day 1 Treatment visit, and a visit at the start of the next chemotherapy cycle (approx. Day 21-28) for medication pack return/pill count.",,2012.0
PMID 22915657 a_Summary_SoE.pdf,Arm 4 (Palonosetron + Dexamethasone + Compazine + Dexamethasone),intervention,1.0,2.0,2.0,2.0,2.0,2.0,21.0,"Screening visit (Day -14 to -1), Day 1 Treatment visit, and a visit at the start of the next chemotherapy cycle (approx. Day 21-28) for medication pack return/pill count.",,2012.0
PMID 22949154 a_Summary_SoE.pdf,Arm 1 (Bosutinib 500mg daily),intervention,1.0,2.0,4.0,7.0,8.0,9.0,28.0,"Day 1, then every 4 weeks for 6 months (Days 28, 56, 84, 112, 140, 168), then every 3 months (Days 252, 336).",,2012.0
PMID 22949154 a_Summary_SoE.pdf,Arm 2 (Imatinib 400mg daily),control,1.0,2.0,4.0,7.0,8.0,9.0,28.0,"Day 1, then every 4 weeks for 6 months (Days 28, 56, 84, 112, 140, 168), then every 3 months (Days 252, 336).",,2012.0
PMID 22965961 a_Summary_SoE.pdf,Cediranib + FOLFOX (Arm A/B),intervention,1.0,4.0,8.0,14.0,21.0,28.0,14.0,"Dosing occurs every 2 weeks (Q2W) starting on Day 1. An additional safety/labs visit occurs at Week 1 (Day 8). Imaging (RECIST) occurs at Weeks 8, 16, 24, and then every 12 weeks, coinciding with dosing days.",,2012.0
PMID 22965961 a_Summary_SoE.pdf,Bevacizumab + FOLFOX (Arm C),control,1.0,4.0,8.0,14.0,21.0,28.0,14.0,"Dosing occurs every 2 weeks (Q2W) starting on Day 1. An additional safety/labs visit occurs at Week 1 (Day 8). Imaging (RECIST) occurs at Weeks 8, 16, 24, and then every 12 weeks, coinciding with dosing days.",,2012.0
PMID 22965962 a_Summary_SoE.pdf,Arm A (Aflibercept + Docetaxel),intervention,2.0,4.0,9.0,18.0,26.0,36.0,21.0,Two visits per 21-day cycle: Day 1 for treatment/infusion and a Week 2 visit for blood pressure monitoring.,,2012.0
PMID 22965962 a_Summary_SoE.pdf,Arm B (Placebo + Docetaxel),control,2.0,4.0,9.0,18.0,26.0,36.0,21.0,Two visits per 21-day cycle: Day 1 for treatment/infusion and a Week 2 visit for blood pressure monitoring.,,2012.0
PMID 22965965 a_Summary_SoE.pdf,"Cediranib + FOLFOX (Arms A, B, D)",intervention,1.0,4.0,8.0,14.0,21.0,28.0,14.0,"Day 1, Week 1, then every 2 weeks (Day 15, 29, 43, etc.)",,2012.0
PMID 22965965 a_Summary_SoE.pdf,"Placebo + FOLFOX (Arms C, E)",control,1.0,4.0,8.0,14.0,21.0,28.0,14.0,"Day 1, Week 1, then every 2 weeks (Day 15, 29, 43, etc.)",,2012.0
PMID 22965965 a_Summary_SoE.pdf,"Cediranib + XELOX (Arms A, B, D)",intervention,1.0,4.0,7.0,11.0,15.0,20.0,21.0,"Day 1, Week 1, Week 2, then every 3 weeks (Day 22, 43, 64, etc.)",,2012.0
PMID 22965965 a_Summary_SoE.pdf,"Placebo + XELOX (Arms C, E)",control,1.0,4.0,7.0,11.0,15.0,20.0,21.0,"Day 1, Week 1, Week 2, then every 3 weeks (Day 22, 43, 64, etc.)",,2012.0
PMID 22987089 a_Summary_SoE.pdf,Arm A (Levocarnitine),intervention,1.0,1.0,2.0,2.0,2.0,2.0,28.0,"Baseline, Week 4 (Day 29), and Week 8 (Day 56).",,2012.0
PMID 22987089 a_Summary_SoE.pdf,Arm B (Placebo),control,1.0,1.0,2.0,2.0,2.0,2.0,28.0,"Baseline, Week 4 (Day 29), and Week 8 (Day 56).",,2012.0
PMID 23075175 a_Summary_SoE.pdf,Arm A (PBSC Transplantation),intervention,1.0,11.0,20.0,25.0,27.0,29.0,0.0,"Baseline screening; Day 0 transplant; Month 1 includes frequent labs (3x/week for 2 weeks, then 2x/week for 2 weeks); Month 2-3 includes weekly visits and a Day 60 visit; Month 4-12 includes visits at Day 100, 4 months, 6 months, 7 months, 9 months, 11 months, and 12 months.",,2012.0
PMID 23075175 a_Summary_SoE.pdf,Arm B (Marrow Transplantation),control,1.0,11.0,20.0,25.0,27.0,29.0,0.0,"Baseline screening; Day 0 transplant; Month 1 includes frequent labs (3x/week for 2 weeks, then 2x/week for 2 weeks); Month 2-3 includes weekly visits and a Day 60 visit; Month 4-12 includes visits at Day 100, 4 months, 6 months, 7 months, 9 months, 11 months, and 12 months.",,2012.0
PMID 23177515 a_Summary_SoE.pdf,Regorafenib,intervention,1.0,0.0,0.0,0.0,0.0,0.0,,The standard visit schedule is not explicitly detailed in the provided document.,,2013.0
PMID 23177515 a_Summary_SoE.pdf,Placebo,control,1.0,0.0,0.0,0.0,0.0,0.0,,The standard visit schedule is not explicitly detailed in the provided document.,,2013.0
PMID 23228172 a_Summary_SoE.pdf,Arm A (Abiraterone Acetate + Prednisone),intervention,2.0,3.0,7.0,10.0,13.0,17.0,28.0,Cycles 1-3: Day 1 and Day 15. Cycles 4 and onwards: Day 1 only.,,2013.0
PMID 23228172 a_Summary_SoE.pdf,Arm B (Placebo + Prednisone),control,2.0,3.0,7.0,10.0,13.0,17.0,28.0,Cycles 1-3: Day 1 and Day 15. Cycles 4 and onwards: Day 1 only.,,2013.0
PMID 23234763 a_Summary_SoE.pdf,Lapatinib,intervention,1.0,0.0,0.0,0.0,0.0,1.0,,Annual assessments for disease-free survival (DFS) as indicated in the supplementary data table.,,2013.0
PMID 23234763 a_Summary_SoE.pdf,Placebo,control,1.0,0.0,0.0,0.0,0.0,1.0,,Annual assessments for disease-free survival (DFS) as indicated in the supplementary data table.,,2013.0
PMID 23248256 a_Summary_SoE.pdf,Arm 1 (Carboplatin and Paclitaxel plus Placebo),control,2.0,4.0,7.0,11.0,15.0,20.0,21.0,Day 1 of each 21-day cycle for infusions/assessments. Weekly blood pressure checks in Cycle 1 only (Days 8 and 15). Imaging every 2 cycles (approx. every 6 weeks).,,2013.0
PMID 23248256 a_Summary_SoE.pdf,Arm 2 (Carboplatin and Paclitaxel plus Sorafenib),intervention,2.0,4.0,7.0,11.0,15.0,20.0,21.0,Day 1 of each 21-day cycle for infusions/assessments. Weekly blood pressure checks in Cycle 1 only (Days 8 and 15). Imaging every 2 cycles (approx. every 6 weeks).,,2013.0
PMID 23295789 a_Summary_SoE.pdf,Arm A (Chlorambucil alone),control,2.0,5.0,9.0,16.0,16.0,17.0,28.0,"Weekly clinic visits for labs during the first 6 weeks, followed by bi-weekly visits (Day 1 and Day 8/15) during four 28-day maintenance cycles.",,2013.0
PMID 23295789 a_Summary_SoE.pdf,Arm B (Chlorambucil plus Rituximab),intervention,2.0,7.0,11.0,18.0,18.0,19.0,28.0,"Weekly infusions/labs for 4 weeks, then weekly labs for 2 weeks, followed by bi-weekly visits (Day 1 infusion/labs and Day 8/15 labs) during maintenance.",,2013.0
PMID 23295789 a_Summary_SoE.pdf,Arm C (Rituximab alone),intervention,2.0,7.0,11.0,18.0,18.0,19.0,28.0,Identical to Arm B infusion and monitoring schedule.,,2013.0
PMID 23295793 a_Summary_SoE.pdf,Arm A (Toremifene Citrate 20 mg),intervention,1.0,1.0,2.0,3.0,3.0,4.0,90.0,"Screening, Randomization (Day 1), then visits at Month 3, Month 6, and Month 12.",,2013.0
PMID 23295793 a_Summary_SoE.pdf,Arm B (Placebo),control,1.0,1.0,2.0,3.0,3.0,4.0,90.0,"Screening, Randomization (Day 1), then visits at Month 3, Month 6, and Month 12.",,2013.0
PMID 23358971 a_Summary_SoE.pdf,Arm 1: Exemestane + Celecoxib,intervention,1.0,1.0,2.0,3.0,4.0,5.0,1.0,"Baseline (Day 1), then visits every 3 months (Month 3, 6, 9, 12) during the first year.",,2013.0
PMID 23358971 a_Summary_SoE.pdf,Arm 2: Exemestane + Placebo,control,1.0,1.0,2.0,3.0,4.0,5.0,1.0,"Baseline (Day 1), then visits every 3 months (Month 3, 6, 9, 12) during the first year.",,2013.0
PMID 23358971 a_Summary_SoE.pdf,Arm 3: Anastrozole + Celecoxib,intervention,1.0,1.0,2.0,3.0,4.0,5.0,1.0,"Baseline (Day 1), then visits every 3 months (Month 3, 6, 9, 12) during the first year.",,2013.0
PMID 23358971 a_Summary_SoE.pdf,Arm 4: Anastrozole + Placebo,control,1.0,1.0,2.0,3.0,4.0,5.0,1.0,"Baseline (Day 1), then visits every 3 months (Month 3, 6, 9, 12) during the first year.",,2013.0
PMID 23358972_Summary_SoE.pdf,Arm A (FOLFIRI + sunitinib),intervention,2.0,5.0,9.0,15.0,22.0,29.0,42.0,"Cycle 1: Days 1, 8, 15, 22, 29. Subsequent cycles: Days 1, 15, 29.",,2013.0
PMID 23358972_Summary_SoE.pdf,Arm B (FOLFIRI + Placebo),control,2.0,5.0,9.0,15.0,22.0,29.0,42.0,"Cycle 1: Days 1, 8, 15, 22, 29. Subsequent cycles: Days 1, 15, 29.",,2013.0
PMID 23460714 a_Summary_SoE.pdf,Arm A (Docetaxel + Placebo),control,2.0,4.0,10.0,19.0,30.0,40.0,28.0,"Days 1, 8, and 15 of each 28-day cycle.",,2013.0
PMID 23460714 a_Summary_SoE.pdf,Arm B (Docetaxel + ZD1839),intervention,2.0,4.0,10.0,19.0,30.0,40.0,28.0,"Days 1, 8, and 15 of each 28-day cycle.",,2013.0
PMID 23478059 a_Summary_SoE.pdf,Arm A (Abagovomab),intervention,1.0,3.0,5.0,8.0,12.0,15.0,28.0,"Induction phase: Weeks 0, 2, 4, 6 (4 doses). Maintenance phase: Week 10, then every 4 weeks until recurrence or 94 weeks.",,2013.0
PMID 23478059 a_Summary_SoE.pdf,Arm B (Placebo),control,1.0,3.0,5.0,8.0,12.0,15.0,28.0,"Induction phase: Weeks 0, 2, 4, 6 (4 doses). Maintenance phase: Week 10, then every 4 weeks until recurrence or 94 weeks.",,2013.0
PMID 23509322 a_Summary_SoE.pdf,Paclitaxel + Lapatinib,intervention,1.0,4.0,10.0,19.0,20.0,22.0,28.0,"Days 1, 8, and 15 of each 28-day cycle while on paclitaxel (first 6 months); then every 8 weeks (Day 1 of every second cycle) while on lapatinib monotherapy.",,2013.0
PMID 23509322 a_Summary_SoE.pdf,Paclitaxel + Placebo,control,1.0,4.0,10.0,19.0,20.0,22.0,28.0,"Days 1, 8, and 15 of each 28-day cycle while on paclitaxel (first 6 months); then every 8 weeks (Day 1 of every second cycle) while on placebo monotherapy.",,2013.0
PMID 23550669 a_Summary_SoE.pdf,,,,,,,,,,,Failed to parse JSON,2013.0
PMID 23569308 a_Summary_SoE.pdf,Arm A (Zibotentan + Docetaxel),intervention,1.0,5.0,9.0,13.0,16.0,21.0,21.0,"Cycles 1-2: Days 1, 8, 15; Cycles 3-10: Day 1; Post-docetaxel: every 4 weeks (28 days).",,2013.0
PMID 23569308 a_Summary_SoE.pdf,Arm B (Placebo + Docetaxel),control,1.0,5.0,9.0,13.0,16.0,21.0,21.0,"Cycles 1-2: Days 1, 8, 15; Cycles 3-10: Day 1; Post-docetaxel: every 4 weeks (28 days).",,2013.0
PMID 23690416 a_Summary_SoE.pdf,Arm A (Personalized Chemotherapy based on RRM1/ERCC1),intervention,2.0,4.0,11.0,17.0,19.0,21.0,21.0,Days 1 and 8 of each 21-day cycle for 6 cycles; imaging every 2 cycles; follow-up every 6 weeks.,,2013.0
PMID 23690416 a_Summary_SoE.pdf,Arm B (Standard Gemcitabine/Carboplatin),control,2.0,4.0,11.0,17.0,19.0,21.0,21.0,Days 1 and 8 of each 21-day cycle for 6 cycles; imaging every 2 cycles; follow-up every 6 weeks.,,2013.0
PMID 23724913 a_Summary_SoE.pdf,Arm A (PF-02341066),intervention,1.0,3.0,6.0,10.0,14.0,19.0,21.0,Day 1 of every 21-day cycle; Day 15 of Cycle 1 only.,,2013.0
PMID 23724913 a_Summary_SoE.pdf,Arm B (Standard of Care Chemotherapy),control,1.0,3.0,6.0,10.0,14.0,19.0,21.0,Day 1 of every 21-day cycle; Day 15 of Cycle 1 only.,,2013.0
PMID 23733756 a_Summary_SoE.pdf,Acetyl-L-Carnitine + Taxane,intervention,2.0,5.0,12.0,13.0,14.0,15.0,7.0,"Weekly taxane infusions for 12 weeks; study assessments at Weeks 3, 12, 24, 36, and Year 1.",,2013.0
PMID 23733756 a_Summary_SoE.pdf,Placebo + Taxane,control,2.0,5.0,12.0,13.0,14.0,15.0,7.0,"Weekly taxane infusions for 12 weeks; study assessments at Weeks 3, 12, 24, 36, and Year 1.",,2013.0
PMID 23733779 a_Summary_SoE.pdf,Arm A (6 cycles of FAC),control,2.0,2.0,5.0,7.0,8.0,9.0,21.0,FAC cycles every 21 days (Day 1 of each cycle).,,2013.0
PMID 23733779 a_Summary_SoE.pdf,Arm B (4 cycles of FAC followed by 8 weekly Taxol),intervention,2.0,2.0,5.0,13.0,14.0,15.0,21.0,"4 FAC cycles every 21 days, followed by 8 weekly Taxol infusions.",,2013.0
PMID 23816960 a_Summary_SoE.pdf,Arm A (Afatinib),intervention,2.0,4.0,9.0,15.0,21.0,28.0,21.0,Day 1 and Day 8 for Courses 1-2; Day 1 only for Course 3 onwards. Tumour assessments every 6 weeks until week 48.,,2013.0
PMID 23816960 a_Summary_SoE.pdf,Arm B (Pemetrexed/Cisplatin),control,2.0,4.0,9.0,15.0,21.0,28.0,21.0,Day 1 and Day 8 for Courses 1-2; Day 1 only for Courses 3-6. Follow-up visits every 21 days after EOT.,,2013.0
PMID 23835708 a_Summary_SoE.pdf,Arm A (Bevacizumab Maintenance),control,1.0,2.0,5.0,9.0,13.0,18.0,21.0,Visits occur every 21 days (q3w) for both induction and maintenance phases. All assessments and drug administrations are performed on Day 1 of each cycle.,,2013.0
PMID 23835708 a_Summary_SoE.pdf,Arm B (Bevacizumab + Pemetrexed Maintenance),intervention,1.0,2.0,5.0,9.0,13.0,18.0,21.0,Visits occur every 21 days (q3w) for both induction and maintenance phases. All assessments and drug administrations are performed on Day 1 of each cycle.,,2013.0
PMID 23857972 a_Summary_SoE.pdf,Arm A (Sunitinib + Capecitabine),intervention,1.0,4.0,7.0,11.0,15.0,20.0,21.0,"Cycle 1: Days 1, 7, 14. Subsequent Cycles: Day 1 only.",,2013.0
PMID 23857972 a_Summary_SoE.pdf,Arm B (Capecitabine Monotherapy),control,1.0,4.0,7.0,11.0,15.0,20.0,21.0,"Cycle 1: Days 1, 7, 14. Subsequent Cycles: Day 1 only.",,2013.0
PMID 23863050 a_Summary_SoE.pdf,Alpharadin (Radium-223 chloride) + Best Standard of Care,intervention,2.0,3.0,5.0,8.0,9.0,11.0,28.0,"1 visit every 4 weeks for 6 injections, followed by an end-of-treatment visit at week 24, then follow-up visits every 2 months.",,2013.0
PMID 23863050 a_Summary_SoE.pdf,Placebo + Best Standard of Care,control,2.0,3.0,5.0,8.0,9.0,11.0,28.0,"1 visit every 4 weeks for 6 injections, followed by an end-of-treatment visit at week 24, then follow-up visits every 2 months.",,2013.0
PMID 23940216 a_Summary_SoE.pdf,Arm A (Cediranib 30 mg Monotherapy),intervention,1.0,5.0,8.0,10.0,12.0,14.0,42.0,"Weekly for the first 6 weeks (Visits 2-8), then every 6 weeks (Visit 10 onward).",,2013.0
PMID 23940216 a_Summary_SoE.pdf,Arm B (Cediranib 20 mg + Lomustine),intervention,1.0,5.0,9.0,13.0,17.0,22.0,42.0,"Weekly for the first 6 weeks (Visits 2-8), then every 3 weeks (alternating Main/Dose visits and Mid-cycle CBC visits).",,2013.0
PMID 23940216 a_Summary_SoE.pdf,Arm C (Lomustine + Placebo),control,1.0,5.0,9.0,13.0,17.0,22.0,42.0,"Weekly for the first 6 weeks (Visits 2-8), then every 3 weeks (alternating Main/Dose visits and Mid-cycle CBC visits).",,2013.0
PMID 23940225 a_Summary_SoE.pdf,Group 1 (TAC),control,3.0,4.0,10.0,13.0,13.0,14.0,21.0,"2 days per 21-day cycle (Day 1 infusion, Day 2 pegfilgrastim injection)",,2013.0
PMID 23940225 a_Summary_SoE.pdf,Group 2 (DD AC -> P),intervention,3.0,6.0,14.0,17.0,17.0,18.0,14.0,"2 days per 14-day cycle (Day 1 infusion, Day 2 pegfilgrastim injection)",,2013.0
PMID 23940225 a_Summary_SoE.pdf,Group 3 (DD AC -> PG),intervention,3.0,6.0,14.0,17.0,17.0,18.0,14.0,"2 days per 14-day cycle (Day 1 infusion, Day 2 pegfilgrastim injection)",,2013.0
PMID 23960180 a_Summary_SoE.pdf,Arm A (Maintenance Rituximab),intervention,2.0,7.0,19.0,24.0,26.0,28.0,28.0,"Induction (C1-C4): 4 days for treatment (D1-4, except C1 D1,2,3,8) + 1 day for labs (D15). Post-induction: 4 weekly rituximab infusions. Maintenance: Every 2 months (Months 9, 11, 13, 15).",,2013.0
PMID 23960180 a_Summary_SoE.pdf,Arm B (No further therapy/Observation),control,2.0,7.0,19.0,24.0,25.0,26.0,28.0,"Induction (C1-C4): 4 days for treatment (D1-4, except C1 D1,2,3,8) + 1 day for labs (D15). Post-induction: 4 weekly rituximab infusions. No further treatment after Month 8.",,2013.0
PMID 23980091 a_Summary_SoE.pdf,Arm 1 - ZD1839 (IRESSA),intervention,1.0,1.0,2.0,3.0,4.0,5.0,,Screening visit within 14 days of randomization; Month 1 visit; Month 3 visit; then every 3 months thereafter.,,2013.0
PMID 23980091 a_Summary_SoE.pdf,Arm 2 - Placebo,control,1.0,1.0,2.0,3.0,4.0,5.0,,Screening visit within 14 days of randomization; Month 1 visit; Month 3 visit; then every 3 months thereafter.,,2013.0
PMID 24043745 a_Summary_SoE.pdf,Arm A (Everolimus (RAD001) + Best Supportive Care),intervention,2.0,2.0,5.0,9.0,13.0,17.0,28.0,"Day 1 (Randomization), then monthly safety visits (every 28 days) and tumor assessments every 6 weeks (42 days). PK visit at Week 5 Day 1 (Day 29).",,2013.0
PMID 24043745 a_Summary_SoE.pdf,Arm B (Placebo + Best Supportive Care),control,2.0,2.0,5.0,9.0,13.0,17.0,28.0,"Day 1 (Randomization), then monthly safety visits (every 28 days) and tumor assessments every 6 weeks (42 days). PK visit at Week 5 Day 1 (Day 29).",,2013.0
PMID 24081940 a_Summary_SoE.pdf,Arm A (Soy protein powder + Placebo pill),intervention,1.0,1.0,1.0,1.0,1.0,1.0,0.0,"One screening visit for consent and diary instruction, followed by one baseline visit for labs and randomization. All subsequent follow-ups (Weeks 2, 4, 8, 13) are conducted via telephone.",,2013.0
PMID 24081940 a_Summary_SoE.pdf,Arm B (Casein protein powder + Effexor XR),intervention,1.0,1.0,1.0,1.0,1.0,1.0,0.0,"One screening visit for consent and diary instruction, followed by one baseline visit for labs and randomization. All subsequent follow-ups (Weeks 2, 4, 8, 13) are conducted via telephone.",,2013.0
PMID 24081940 a_Summary_SoE.pdf,Arm C (Soy protein powder + Effexor XR),intervention,1.0,1.0,1.0,1.0,1.0,1.0,0.0,"One screening visit for consent and diary instruction, followed by one baseline visit for labs and randomization. All subsequent follow-ups (Weeks 2, 4, 8, 13) are conducted via telephone.",,2013.0
PMID 24081940 a_Summary_SoE.pdf,Arm D (Casein protein powder + Placebo pill),control,1.0,1.0,1.0,1.0,1.0,1.0,0.0,"One screening visit for consent and diary instruction, followed by one baseline visit for labs and randomization. All subsequent follow-ups (Weeks 2, 4, 8, 13) are conducted via telephone.",,2013.0
PMID 24101040 a_Summary_SoE.pdf,Arm 1 (Standard Arm: RT + TMZ 5/28),control,2.0,22.0,34.0,45.0,52.0,54.0,28.0,"Concurrent Phase: Daily RT (Mon-Fri) for 6 weeks. Adjuvant Phase: 28-day cycles with visits on Day 1 (Clinic), Day 14 (Clinic - Cycles 1 & 4 only), Day 21 (Labs), and Day 28 (Labs).",,2013.0
PMID 24101040 a_Summary_SoE.pdf,Arm 2 (Experimental Arm: RT + TMZ 21/28),intervention,2.0,22.0,34.0,47.0,56.0,58.0,28.0,"Concurrent Phase: Daily RT (Mon-Fri) for 6 weeks. Adjuvant Phase: 28-day cycles with visits on Day 1 (Clinic), Day 14 (Clinic in C1/C4, Labs in others), Day 21 (Labs), and Day 28 (Labs).",,2013.0
PMID 24101054 a_Summary_SoE.pdf,Arm 2 (Bevacizumab + Erlotinib),intervention,1.0,5.0,14.0,18.0,22.0,27.0,21.0,"Chemotherapy phase: Days 1, 8, and 15 of each 21-day cycle. Post-chemotherapy phase: Day 1 of each 21-day cycle. One pre-randomization evaluation visit between phases.",,2013.0
PMID 24101054 a_Summary_SoE.pdf,Arm 1 (Bevacizumab + Erlotinib-placebo),control,1.0,5.0,14.0,18.0,22.0,27.0,21.0,"Chemotherapy phase: Days 1, 8, and 15 of each 21-day cycle. Post-chemotherapy phase: Day 1 of each 21-day cycle. One pre-randomization evaluation visit between phases.",,2013.0
PMID 24131140 a_Summary_SoE.pdf,Arm A (ABI-007 plus Gemcitabine),intervention,1.0,5.0,11.0,21.0,31.0,45.0,28.0,"Days 1, 8, 15 of every 28-day cycle. Cycle 1 is comprised of two 4-week cycles (total 8 weeks).",,2013.0
PMID 24131140 a_Summary_SoE.pdf,Arm B (Gemcitabine Alone),control,1.0,6.0,12.0,22.0,32.0,46.0,28.0,"Cycle 1 (8 weeks): Days 1, 8, 15, 22, 29, 36, 43. Cycle 2 onwards (4 weeks): Days 1, 8, 15.",,2013.0
PMID 24145346 a_Summary_SoE.pdf,Arm A (Pemetrexed + Carboplatin + Bevacizumab),intervention,1.0,5.0,13.0,17.0,21.0,26.0,21.0,"Induction (Cycles 1-4): Days 1, 8, 15. Maintenance (Cycles 501+): Day 1 only.",,2013.0
PMID 24145346 a_Summary_SoE.pdf,Arm B (Paclitaxel + Carboplatin + Bevacizumab),control,1.0,5.0,13.0,17.0,21.0,26.0,21.0,"Induction (Cycles 1-4): Days 1, 8, 15. Maintenance (Cycles 501+): Day 1 only.",,2013.0
PMID 24297945 a_Summary_SoE.pdf,Arm A (bevacizumab + temsirolimus),intervention,2.0,5.0,13.0,26.0,39.0,53.0,28.0,"Weekly clinic visits with weekly infusions (Temsirolimus weekly, Bevacizumab every 2 weeks).",,2014.0
PMID 24297945 a_Summary_SoE.pdf,Arm B (bevacizumab + interferon-alfa),control,2.0,5.0,13.0,26.0,39.0,53.0,28.0,Weekly clinic visits. Bevacizumab infusions occur every 2 weeks (core_treatment). Off-weeks involve clinic visits and labs (labs).,,2014.0
PMID 24297950 a_Summary_SoE.pdf,Arm A (Temsirolimus),intervention,1.0,5.0,13.0,26.0,39.0,53.0,42.0,Weekly in-person visits (Weeks 1-6 of each 6-week cycle) for IV infusion and clinical assessments.,,2014.0
PMID 24297950 a_Summary_SoE.pdf,Arm B (Sorafenib),control,1.0,3.0,7.0,13.0,20.0,27.0,42.0,"In-person visits on Weeks 1, 3, and 5 of each 6-week cycle for assessments and drug dispensing; Weeks 2, 4, and 6 are telephone-based.",,2014.0
PMID 24297951 a_Summary_SoE.pdf,Arm 1: CaMg before and after FOLFOX,intervention,1.0,3.0,7.0,13.0,14.0,15.0,14.0,"Day 1 of each 14-day cycle for 12 cycles. Follow-up visits at 1, 3, and 6 months post-chemotherapy.",,2014.0
PMID 24297951 a_Summary_SoE.pdf,Arm 2: Placebo before and after FOLFOX,control,1.0,3.0,7.0,13.0,14.0,15.0,14.0,"Day 1 of each 14-day cycle for 12 cycles. Follow-up visits at 1, 3, and 6 months post-chemotherapy.",,2014.0
PMID 24297951 a_Summary_SoE.pdf,Arm 3: CaMg before and placebo after FOLFOX,intervention,1.0,3.0,7.0,13.0,14.0,15.0,14.0,"Day 1 of each 14-day cycle for 12 cycles. Follow-up visits at 1, 3, and 6 months post-chemotherapy.",,2014.0
PMID 24323035 a_Summary_SoE.pdf,Arm A (Sunitinib plus Prednisone),intervention,1.0,3.0,5.0,8.0,11.0,15.0,28.0,"Screening visit, Cycle 1 Day 1 and Day 15, then Day 1 of every 28-day cycle thereafter.",,2014.0
PMID 24323035 a_Summary_SoE.pdf,Arm B (Placebo plus Prednisone),control,1.0,3.0,5.0,8.0,11.0,15.0,28.0,"Screening visit, Cycle 1 Day 1 and Day 15, then Day 1 of every 28-day cycle thereafter.",,2014.0
PMID 24395863 a_Summary_SoE.pdf,Regimen I (Weekly Cisplatin and Radiation Therapy),control,2.0,22.0,34.0,35.0,36.0,37.0,7.0,"Daily RT (5 days/week) for 5 weeks, followed by 3 weeks of brachytherapy and boost procedures.",,2014.0
PMID 24395863 a_Summary_SoE.pdf,"Regimen II (Cisplatin, Tirapazamine (TPZ), and Radiation Therapy)",intervention,2.0,22.0,34.0,35.0,36.0,37.0,7.0,"Daily RT (5 days/week) for 5 weeks, followed by 3 weeks of brachytherapy and boost procedures.",,2014.0
PMID 24401022 a_Summary_SoE.pdf,Arm A (GClb: Obinutuzumab + Chlorambucil),intervention,1.0,4.0,8.0,13.0,15.0,16.0,28.0,"Cycle 1: Days 1, 8, 15; Cycles 2-6: Days 1, 15",,2014.0
PMID 24401022 a_Summary_SoE.pdf,Arm B (RClb: Rituximab + Chlorambucil),intervention,1.0,3.0,7.0,12.0,14.0,15.0,28.0,"Cycles 1-6: Days 1, 15",,2014.0
PMID 24401022 a_Summary_SoE.pdf,Arm C (Clb: Chlorambucil alone),control,1.0,3.0,7.0,12.0,14.0,15.0,28.0,"Cycles 1-6: Days 1, 15",,2014.0
PMID 24439929 CT_Summary_SoE.pdf,Arm A (BIBW 2992 / Afatinib),intervention,2.0,4.0,7.0,11.0,15.0,20.0,21.0,Courses 1-2: Day 1 and Day 8; Course 3+: Day 1 only,,2014.0
PMID 24439929 CT_Summary_SoE.pdf,Arm B (Gemcitabine / Cisplatin),control,2.0,4.0,9.0,15.0,19.0,24.0,21.0,Day 1 and Day 8 of each 21-day course for 6 courses; Follow-up every 21 days thereafter.,,2014.0
PMID 24450857 a_Summary_SoE.pdf,Arm A (Idelalisib + Rituximab),intervention,1.0,3.0,7.0,10.0,12.0,14.0,14.0,"Visits occur at Weeks 0, 2, 4, 6, 8, 10, 12, 16, 20, 24, 30, 36, 42, 48.",,2014.0
PMID 24450857 a_Summary_SoE.pdf,Arm B (Placebo + Rituximab),control,1.0,3.0,7.0,10.0,12.0,14.0,14.0,"Visits occur at Weeks 0, 2, 4, 6, 8, 10, 12, 16, 20, 24, 30, 36, 42, 48.",,2014.0
PMID 24552317 a_Summary_SoE.pdf,Arm 2 (Conventional Chemoradiation + Bevacizumab),intervention,2.0,24.0,34.0,44.0,54.0,64.0,28.0,"Concurrent Phase: Daily (5 days/week) for 6 weeks. Adjuvant Phase: Days 1, 15, and 21 of each 28-day cycle.",,2014.0
PMID 24552317 a_Summary_SoE.pdf,Arm 1 (Conventional Chemoradiation + Placebo),control,2.0,24.0,34.0,44.0,54.0,64.0,28.0,"Concurrent Phase: Daily (5 days/week) for 6 weeks. Adjuvant Phase: Days 1, 15, and 21 of each 28-day cycle.",,2014.0
PMID 24552318 a_Summary_SoE.pdf,Arm B (Bevacizumab + Radiotherapy + Temozolomide),intervention,2.0,20.0,33.0,39.0,45.0,50.0,28.0,Concurrent Phase: 5 days/week RT for 6 weeks. Maintenance: Days 1 and 15 of 28-day cycles. Monotherapy: Day 1 of 21-day cycles.,,2014.0
PMID 24552318 a_Summary_SoE.pdf,Arm A (Placebo + Radiotherapy + Temozolomide),control,2.0,20.0,33.0,39.0,45.0,50.0,28.0,Concurrent Phase: 5 days/week RT for 6 weeks. Maintenance: Days 1 and 15 of 28-day cycles. Monotherapy: Day 1 of 21-day cycles.,,2014.0
PMID 24552320 a_Summary_SoE.pdf,Regimen I (Cisplatin + Paclitaxel),control,2.0,7.0,18.0,35.0,52.0,71.0,21.0,"Days 1, 2, 8, and 15 of each 21-day cycle.",,2014.0
PMID 24552320 a_Summary_SoE.pdf,Regimen II (Cisplatin + Paclitaxel + Bevacizumab),intervention,2.0,7.0,18.0,35.0,52.0,71.0,21.0,"Days 1, 2, 8, and 15 of each 21-day cycle.",,2014.0
PMID 24552320 a_Summary_SoE.pdf,Regimen III (Topotecan + Paclitaxel),intervention,2.0,9.0,23.0,44.0,65.0,89.0,21.0,"Days 1, 2, 3, 8, and 15 of each 21-day cycle.",,2014.0
PMID 24552320 a_Summary_SoE.pdf,Regimen IV (Topotecan + Paclitaxel + Bevacizumab),intervention,2.0,9.0,23.0,44.0,65.0,89.0,21.0,"Days 1, 2, 3, 8, and 15 of each 21-day cycle.",,2014.0
PMID 24590644 a_Summary_SoE.pdf,Arm A (Early Zoledronic Acid),intervention,2.0,2.0,4.0,7.0,10.0,14.0,28.0,Day 1 of each 28-day cycle,,2014.0
PMID 24590644 a_Summary_SoE.pdf,Arm B (Placebo),control,2.0,2.0,4.0,7.0,10.0,14.0,28.0,Day 1 of each 28-day cycle,,2014.0
PMID 24637997 a_Summary_SoE.pdf,Arm 1 (Chemotherapy alone),control,2.0,5.0,13.0,26.0,39.0,53.0,28.0,"Weekly visits (Days 1, 8, 15, 22) per 28-day cycle for paclitaxel-based treatment.",,2014.0
PMID 24637997 a_Summary_SoE.pdf,Arm 2 (Chemotherapy plus bevacizumab),intervention,2.0,5.0,13.0,26.0,39.0,53.0,28.0,"Weekly visits (Days 1, 8, 15, 22) per 28-day cycle for paclitaxel-based treatment. Bevacizumab is administered on Days 1 and 15, which coincide with chemotherapy visits.",,2014.0
PMID 24733799 a_Summary_SoE.pdf,Doxepin then Placebo Crossover,intervention,1.0,6.0,11.0,11.0,11.0,11.0,7.0,1 screening day; 2 consecutive days for crossover doses (Day 1 and Day 2); followed by 8 weekly visits during the optional continuation phase; 1 end-of-study visit.,,2014.0
PMID 24733799 a_Summary_SoE.pdf,Placebo then Doxepin Crossover,intervention,1.0,6.0,11.0,11.0,11.0,11.0,7.0,1 screening day; 2 consecutive days for crossover doses (Day 1 and Day 2); followed by 8 weekly visits during the optional continuation phase; 1 end-of-study visit.,,2014.0
PMID 24768112 a_Summary_SoE.pdf,Sorafenib,intervention,1.0,1.0,2.0,4.0,5.0,7.0,56.0,"Baseline screening, Day 1 treatment start, then every 8 weeks (56 days) for assessment.",,2014.0
PMID 24768112 a_Summary_SoE.pdf,Placebo,control,1.0,1.0,2.0,4.0,5.0,7.0,56.0,"Baseline screening, Day 1 treatment start, then every 8 weeks (56 days) for assessment.",,2014.0
PMID 24849084 a_Summary_SoE.pdf,,,,,,,,,,,Failed to parse JSON,2014.0
PMID 24868024 a_Summary_SoE.pdf,Arm A (Lapatinib plus Paclitaxel),intervention,1.0,4.0,10.0,20.0,30.0,40.0,28.0,"Days 1, 8, and 15 of every 28-day cycle.",,2014.0
PMID 24868024 a_Summary_SoE.pdf,Arm B (Paclitaxel alone),control,1.0,4.0,10.0,20.0,30.0,40.0,28.0,"Days 1, 8, and 15 of every 28-day cycle.",,2014.0
PMID 24881463 a_Summary_SoE.pdf,SOFT Arm A (Tamoxifen alone),control,1.0,1.0,2.0,3.0,4.0,5.0,0.0,Follow-up visits every 3 months for the first year.,,2014.0
PMID 24881463 a_Summary_SoE.pdf,SOFT Arm B & C (OFS + Tamoxifen/Exemestane),intervention,1.0,2.0,4.0,7.0,10.0,14.0,28.0,GnRH analogue (Triptorelin) injection every 28 days; Follow-up visits every 3 months.,,2014.0
PMID 24881463 a_Summary_SoE.pdf,TEXT Arm A & B (GnRH analogue + Tamoxifen/Exemestane),intervention,1.0,2.0,4.0,7.0,10.0,14.0,28.0,GnRH analogue (Triptorelin) injection every 28 days; Follow-up visits every 3 months.,,2014.0
PMID 24881631 a_Summary_SoE.pdf,Arm A (Ofatumumab IV),control,2.0,7.0,11.0,15.0,16.0,17.0,7.0,"Weekly for 8 weeks, then every 4 weeks until week 24, then every 12 weeks for follow-up.",,2014.0
PMID 24881631 a_Summary_SoE.pdf,Arm B (Ibrutinib PO),intervention,2.0,7.0,11.0,14.0,15.0,16.0,7.0,"Weekly for 8 weeks, then every 4 weeks until week 24, then every 12 weeks.",,2014.0
PMID 24881730 a_Summary_SoE.pdf,Arm A (Enzalutamide / MDV3100),intervention,1.0,2.0,4.0,7.0,8.0,9.0,28.0,"Weeks 1, 5, 9, 13, 17, 21, 25, 37, 49 (in-person); Weeks 29, 33, 41, 45 (telephone)",,2014.0
PMID 24881730 a_Summary_SoE.pdf,Arm B (Placebo),control,1.0,2.0,4.0,7.0,8.0,9.0,28.0,"Weeks 1, 5, 9, 13, 17, 21, 25, 37, 49 (in-person); Weeks 29, 33, 41, 45 (telephone)",,2014.0
PMID 24888818 a_Summary_SoE.pdf,Arm A (Low Risk Group - Regular Treatment),control,1.0,2.0,5.0,9.0,13.0,18.0,21.0,"Treatment every 21 days (C1D1, C2D1, etc.). Imaging every 12 weeks (approx. every 84 days) coinciding with treatment days.",,2014.0
PMID 24888818 a_Summary_SoE.pdf,Arm B (Moderate Risk Group - Maintain Current Therapy),control,1.0,3.0,6.0,12.0,17.0,23.0,21.0,"Cycle 1 Day 1; Day 22 (CTC draw); Cycle 2 Day 29 (delayed 1 week); subsequent cycles every 21 days. Extra study visits for CTC/Imaging at Day 85, 169, 253, 337.",,2014.0
PMID 24888818 a_Summary_SoE.pdf,Arm C1 (High Risk Group - Maintain Current Therapy),control,1.0,3.0,6.0,12.0,17.0,23.0,21.0,Identical to Arm B schedule.,,2014.0
PMID 24888818 a_Summary_SoE.pdf,Arm C2 (High Risk Group - Switch Therapy),intervention,1.0,3.0,6.0,12.0,17.0,23.0,21.0,"Identical to Arm B/C1 schedule, but with a switch to a new chemotherapy regimen starting Day 29.",,2014.0
PMID 24898665 CT_Summary_SoE.pdf,Arm A (Rituximab),control,1.0,5.0,13.0,14.0,15.0,17.0,7.0,"Weekly infusions for 4 weeks (Days 0, 7, 14, 21), followed by weekly labs through Week 12, then evaluations at Weeks 13, 26, 39, and 52.",,2015.0
PMID 24898665 CT_Summary_SoE.pdf,Arm B (Iodine I 131 Tositumomab),intervention,1.0,7.0,15.0,16.0,17.0,19.0,,"Dosimetric dose (Day 0), therapeutic dose (Day 7), with scans on Days 0, 3, and 7. Weekly labs through Week 12, then evaluations at Weeks 13, 26, 39, and 52.",,2015.0
PMID 24933332 a_Summary_SoE.pdf,Arm A (Ramucirumab + Docetaxel),intervention,2.0,2.0,5.0,9.0,13.0,18.0,21.0,"Day 1 of each 21-day cycle for infusions, labs, and clinic assessments.",,2014.0
PMID 24933332 a_Summary_SoE.pdf,Arm B (Placebo + Docetaxel),control,2.0,2.0,5.0,9.0,13.0,18.0,21.0,"Day 1 of each 21-day cycle for infusions, labs, and clinic assessments.",,2014.0
PMID 24934787 a_Summary_SoE.pdf,Arm 1: Cyclophosphamide and Doxorubicin (CA),control,2.0,3.0,5.0,6.0,6.0,7.0,14.0,"Day 1 of each 14-day cycle for 4 cycles, followed by a 4-6 week follow-up visit and then 6-monthly visits.",,2014.0
PMID 24934787 a_Summary_SoE.pdf,Arm 2: Paclitaxel (T),intervention,2.0,3.0,5.0,6.0,6.0,7.0,14.0,"Day 1 of each 14-day cycle for 4 cycles, followed by a 4-6 week follow-up visit and then 6-monthly visits.",,2014.0
PMID 24982457 a_Summary_SoE.pdf,Arm 1: Sublobar Resection (SR),control,2.0,1.0,2.0,3.0,3.0,4.0,,"Screening assessments, Randomization, Surgery (Day 0), then follow-up visits at Months 3, 6, and 12.",,2014.0
PMID 24982457 a_Summary_SoE.pdf,Arm 2: Sublobar Resection + Brachytherapy (SR + BX),intervention,2.0,2.0,3.0,4.0,4.0,5.0,,"Screening assessments, Randomization, Surgery (Day 0), Month 1 Dosimetry CT, then follow-up visits at Months 3, 6, and 12.",,2014.0
PMID 24982504 CT_Summary_SoE.pdf,Arm A (Sirolimus/Tacrolimus),intervention,2.0,30.0,37.0,43.0,46.0,49.0,,"Daily during initial 30-day hospitalization (conditioning and transplant recovery), then weekly through week 8, bi-weekly through Day 100, and monthly thereafter.",,2014.0
PMID 24982504 CT_Summary_SoE.pdf,Arm B (Tacrolimus/Methotrexate),control,2.0,30.0,37.0,43.0,46.0,49.0,,"Daily during initial 30-day hospitalization (conditioning and transplant recovery), then weekly through week 8, bi-weekly through Day 100, and monthly thereafter.",,2014.0
PMID 25014687 a_Summary_SoE.pdf,Arm A (Lanreotide Autogel 120 mg),intervention,5.0,4.0,6.0,11.0,14.0,18.0,28.0,"Injections every 28 days; PK sampling on Days 4, 15, 144, 155; CT-scans every 12 weeks (on injection days).",,2014.0
PMID 25014687 a_Summary_SoE.pdf,Arm B (Placebo),control,5.0,4.0,6.0,11.0,14.0,18.0,28.0,"Placebo injections every 28 days; PK sampling on Days 4, 15, 144, 155; CT-scans every 12 weeks (on injection days).",,2014.0
PMID 25092781 a_Summary_SoE.pdf,Arm A (Standard chemotherapy),control,2.0,11.0,25.0,38.0,41.0,44.0,28.0,Induction I: 10 days chemo; Induction II: 8 days chemo; Intensification I-III: 4-5 days chemo each. Bone marrow evaluations after each cycle.,,2014.0
PMID 25092781 a_Summary_SoE.pdf,Arm B (Standard chemotherapy + GMTZ),intervention,2.0,11.0,25.0,39.0,42.0,45.0,28.0,"Same as Arm A, with additional GMTZ administration on Day 6 of Induction I and Intensification II.",,2014.0
PMID 25154829 a_Summary_SoE.pdf,Arm A (Rituximab Retreatment),control,2.0,4.0,4.0,5.0,6.0,8.0,91.0,"Induction: Weekly for 4 weeks (Days 1, 8, 15, 22). Maintenance/Observation: Every 13 weeks (Weeks 13, 26, 39, 52).",,2014.0
PMID 25154829 a_Summary_SoE.pdf,Arm B (Rituximab Scheduled Dosing),intervention,2.0,4.0,4.0,5.0,6.0,8.0,91.0,"Induction: Weekly for 4 weeks (Days 1, 8, 15, 22). Scheduled Dosing: Every 13 weeks (Weeks 13, 26, 39, 52).",,2014.0
PMID 25184863 a_Summary_SoE.pdf,Arm A (Rd until PD),intervention,1.0,5.0,11.0,14.0,17.0,21.0,28.0,"Cycle 1-2: Days 1, 8, 15, 22; Cycle 3: Days 1, 15; Cycle 4+: Day 1",,2014.0
PMID 25184863 a_Summary_SoE.pdf,Arm B (Rd for 18 cycles),intervention,1.0,5.0,11.0,14.0,17.0,21.0,28.0,"Cycle 1-2: Days 1, 8, 15, 22; Cycle 3: Days 1, 15; Cycle 4+: Day 1",,2014.0
PMID 25184863 a_Summary_SoE.pdf,Arm C (MPT for 12 cycles),control,1.0,5.0,13.0,17.0,19.0,21.0,42.0,"Cycle 1-2: Days 1, 8, 15, 22, 29, 36; Cycle 3: Days 1, 15, 29; Cycle 4+: Day 1",,2014.0
PMID 25225436 a_Summary_SoE.pdf,Arm A (Pazopanib),intervention,1.0,4.0,7.0,7.0,8.0,10.0,,"Screening (1 day), then Day 1, 8, 15, 22, 43, 64, 85, 181, 271, 361 for the first 12 months.",,2014.0
PMID 25225436 a_Summary_SoE.pdf,Arm B (Placebo),control,1.0,4.0,7.0,7.0,8.0,10.0,,"Screening (1 day), then Day 1, 8, 15, 22, 43, 64, 85, 181, 271, 361 for the first 12 months.",,2014.0
PMID 25265494 a_Summary_SoE.pdf,Arm B (Vemurafenib + Cobimetinib),intervention,2.0,3.0,7.0,11.0,15.0,20.0,28.0,Cycles 1-3: Days 1 and 15; Cycles 4-5: Day 1; Cycle 6: Days 1 and 15; Cycles 7-8: Day 1; Cycle 9: Days 1 and 15; Cycles 10-11: Day 1; Cycle 12: Days 1 and 15; Cycles 13-14: Day 1.,,2014.0
PMID 25265494 a_Summary_SoE.pdf,Arm A (Vemurafenib + Placebo),control,2.0,3.0,7.0,11.0,15.0,20.0,28.0,Cycles 1-3: Days 1 and 15; Cycles 4-5: Day 1; Cycle 6: Days 1 and 15; Cycles 7-8: Day 1; Cycle 9: Days 1 and 15; Cycles 10-11: Day 1; Cycle 12: Days 1 and 15; Cycles 13-14: Day 1.,,2014.0
PMID 25267740 a_Summary_SoE.pdf,Arm S1 (GDP),intervention,3.0,4.0,23.0,29.0,30.0,31.0,21.0,"2 days per cycle (Day 1 and Day 8) for 3 cycles, followed by ASCT.",,2014.0
PMID 25267740 a_Summary_SoE.pdf,Arm S2 (DHAP),intervention,3.0,6.0,26.0,32.0,33.0,34.0,21.0,"3 days per cycle (Days 1-3) for 3 cycles, followed by ASCT.",,2014.0
PMID 25311218 a_Summary_SoE.pdf,RER Standard (ABVE-PC x4 + IFRT),control,2.0,10.0,20.0,34.0,35.0,36.0,21.0,"ABVE-PC: Days 1, 2, 3, 8; IFRT: 14 daily sessions; Re-evaluations: Day 15-18 of Cycle 2 and Day 21 of Cycle 4.",,2014.0
PMID 25311218 a_Summary_SoE.pdf,RER Reduced (ABVE-PC x4),intervention,2.0,10.0,21.0,22.0,23.0,24.0,21.0,"ABVE-PC: Days 1, 2, 3, 8; Re-evaluations: Day 15-18 of Cycle 2 and Day 21 of Cycle 4.",,2014.0
PMID 25311218 a_Summary_SoE.pdf,SER Standard (ABVE-PC x4 + IFRT),control,2.0,10.0,20.0,34.0,35.0,36.0,21.0,Identical to RER Standard arm in terms of visit frequency and timing.,,2014.0
PMID 25311218 a_Summary_SoE.pdf,SER Augmented (ABVE-PC x2 + DECA x2 + ABVE-PC x2 + IFRT),intervention,2.0,10.0,18.0,38.0,40.0,41.0,21.0,"ABVE-PC: Days 1, 2, 3, 8; DECA: Days 1, 2; IFRT: 14 daily sessions; Re-evaluations: Day 15-18 of Cycle 2 and Day 21 of Cycle 6.",,2014.0
PMID 25332243 a_Summary_SoE.pdf,Arm 1 (High-Dose Interferon Alpha-2b),control,1.0,21.0,25.0,26.0,27.0,29.0,28.0,"Induction: 5 days/week for 4 weeks (IV). Maintenance: Clinic visits at Weeks 5, 6, 7, 8, 9, 13, 26, 39, 52.",,2014.0
PMID 25332243 a_Summary_SoE.pdf,Arm 2 (Biochemotherapy: CVD + IL-2 + IFN + G-CSF),intervention,1.0,15.0,25.0,26.0,27.0,28.0,21.0,"Days 1, 2, 3, 4, 5, 6, 9, 12 of each 21-day cycle (3 cycles total). Follow-up every 3 months.",,2014.0
PMID 25348000 a_Summary_SoE.pdf,Arm A (Fulvestrant + Lapatinib),intervention,2.0,2.0,5.0,8.0,11.0,15.0,28.0,Cycle 1: Days 1 and 15; Cycles 2-14: Day 1 only.,,2014.0
PMID 25348000 a_Summary_SoE.pdf,Arm B (Fulvestrant + Placebo),control,2.0,2.0,5.0,8.0,11.0,15.0,28.0,Cycle 1: Days 1 and 15; Cycles 2-14: Day 1 only.,,2014.0
PMID 25354103 a_Summary_SoE.pdf,Arm A (Single Umbilical Cord Blood Transplantation),control,2.0,30.0,45.0,49.0,50.0,51.0,,"Daily contact during conditioning (Days -10 to -1) and post-transplant until engraftment (approx. Day 25), followed by weekly visits until Day 100, then monthly/quarterly.",,2014.0
PMID 25354103 a_Summary_SoE.pdf,Arm B (Double Umbilical Cord Blood Transplantation),intervention,2.0,30.0,45.0,49.0,50.0,51.0,,"Daily contact during conditioning (Days -10 to -1) and post-transplant until engraftment (approx. Day 25), followed by weekly visits until Day 100, then monthly/quarterly.",,2014.0
PMID 25366680 a_Summary_SoE.pdf,Arm 1 (Standard Fractionation + Cisplatin),control,2.0,20.0,36.0,38.0,39.0,40.0,7.0,"Daily radiation (5 days/week) for 7 weeks; Cisplatin on Days 1, 22, 43; Follow-up visits at 6-8 weeks post-treatment, then every 3 months.",,2014.0
PMID 25366680 a_Summary_SoE.pdf,Arm 2 (Accelerated Fractionation + Cisplatin),intervention,2.0,20.0,32.0,33.0,34.0,35.0,7.0,"Daily radiation (5 days/week) for 6 weeks; Cisplatin on Days 1, 22; Follow-up visits at 6-8 weeks post-treatment, then every 3 months.",,2014.0
PMID 25399551 a_Summary_SoE.pdf,Arm A (Dabrafenib + Trametinib),intervention,1.0,3.0,5.0,8.0,11.0,15.0,28.0,"Screening, Day 1, Day 15, then every 4 weeks (Day 29, 57, 85, etc.)",,2015.0
PMID 25399551 a_Summary_SoE.pdf,Arm B (Vemurafenib),control,1.0,3.0,5.0,8.0,11.0,15.0,28.0,"Screening, Day 1, Day 15, then every 4 weeks (Day 29, 57, 85, etc.)",,2015.0
PMID 25399552 a_Summary_SoE.pdf,Arm A (Nivolumab),intervention,2.0,4.0,9.0,17.0,26.0,36.0,42.0,"Days 1, 15, 22, and 29 of each 42-day (6-week) cycle.",,2015.0
PMID 25399552 a_Summary_SoE.pdf,Arm B (Dacarbazine),control,2.0,4.0,9.0,17.0,26.0,36.0,42.0,"Days 1, 15, 22, and 29 of each 42-day (6-week) cycle.",,2015.0
PMID 25422488 a_Summary_SoE.pdf,Arm 5 (AC q2w x 4 -> Paclitaxel q2w x 6),intervention,2.0,6.0,14.0,22.0,22.0,23.0,14.0,"AC Phase: 2 days per 14-day cycle (Day 1 infusion, Day 2 pegfilgrastim) for 4 cycles. Paclitaxel Phase: 2 days per 14-day cycle (Day 1 infusion, Day 2 pegfilgrastim) for 6 cycles.",,2015.0
PMID 25422488 a_Summary_SoE.pdf,Arm 6 (AC q2w x 4 -> Paclitaxel weekly x 12),intervention,2.0,6.0,13.0,22.0,22.0,23.0,14.0,"AC Phase: 2 days per 14-day cycle (Day 1 infusion, Day 2 pegfilgrastim) for 4 cycles. Paclitaxel Phase: 1 day per week for 12 weeks.",,2015.0
PMID 25470694 a_Summary_SoE.pdf,Arm A (Crizotinib),intervention,2.0,3.0,6.0,10.0,14.0,19.0,21.0,Day 1 of each 21-day cycle; Day 15 of Cycle 1 only.,,2014.0
PMID 25470694 a_Summary_SoE.pdf,Arm B (Chemotherapy - Pemetrexed/Cisplatin or Pemetrexed/Carboplatin),control,2.0,3.0,6.0,8.0,8.0,8.0,21.0,Day 1 of each 21-day cycle for 6 cycles; Day 15 of Cycle 1 only; End of Treatment (EOT) visit.,,2014.0
PMID 25482145 a_Summary_SoE.pdf,"CRd Arm (Carfilzomib, Lenalidomide, and Dexamethasone)",intervention,2.0,9.0,21.0,41.0,61.0,78.0,28.0,"Cycle 1: Days 1, 2, 8, 9, 15, 16, 22 (7 days); Cycles 2-12: Days 1, 2, 8, 9, 15, 16 (6 days); Cycles 13-18: Days 1, 2, 15, 16 (4 days); Cycles 19+: Day 1 (1 day).",,2015.0
PMID 25482145 a_Summary_SoE.pdf,Rd Arm (Lenalidomide and Dexamethasone),control,2.0,3.0,7.0,13.0,20.0,26.0,28.0,Cycles 1-12: Days 1 and 15 (2 days); Cycles 13+: Day 1 (1 day).,,2015.0
PMID 25495490 a_Summary_SoE.pdf,Arm A (Tamoxifen alone),control,1.0,1.0,2.0,3.0,4.0,5.0,90.0,"Visits occur at Month 0 (Day 1), Month 3, Month 6, Month 9, and Month 12 in the first year.",,2015.0
PMID 25495490 a_Summary_SoE.pdf,Arm B (OFS plus Tamoxifen),intervention,1.0,2.0,4.0,7.0,10.0,14.0,28.0,Intramuscular injections of Triptorelin every 28 days; study visits every 3 months.,,2015.0
PMID 25495490 a_Summary_SoE.pdf,Arm C (OFS plus Exemestane),intervention,1.0,2.0,4.0,7.0,10.0,14.0,28.0,Intramuscular injections of Triptorelin every 28 days; study visits every 3 months.,,2015.0
PMID 25547503 a_Summary_SoE.pdf,Arm A (Sorafenib + Erlotinib),intervention,2.0,2.0,5.0,9.0,13.0,18.0,42.0,Day 1 and Day 22 of every 42-day cycle.,,2015.0
PMID 25547503 a_Summary_SoE.pdf,Arm B (Sorafenib + Placebo),control,2.0,2.0,5.0,9.0,13.0,18.0,42.0,Day 1 and Day 22 of every 42-day cycle.,,2015.0
PMID 25605862 a_Summary_SoE.pdf,Arm A (E7389 / Eribulin),intervention,2.0,5.0,12.0,23.0,33.0,45.0,21.0,Days 1 and 8 of every 21-day cycle for IV infusion. Day 15 visit for labs in Cycle 1 and Cycle 2. Tumor assessments (imaging) every 2 cycles starting Cycle 2 between Days 15-21.,,2015.0
PMID 25605862 a_Summary_SoE.pdf,Arm B (Capecitabine),control,2.0,5.0,12.0,23.0,33.0,45.0,21.0,Day 1 of every 21-day cycle for drug dispensing. Day 8 of every cycle for physical exam and vitals. Day 15 visit for labs in Cycle 1 and Cycle 2. Tumor assessments (imaging) every 2 cycles starting Cycle 2 between Days 15-21.,,2015.0
PMID 25629741 a_Summary_SoE.pdf,Arm 1 (INC424/ruxolitinib),intervention,3.0,3.0,7.0,10.0,12.0,14.0,28.0,"Weeks 1, 4, 8, 12, 16, 20, 24, 28, 32, 40, 48, 56, 64, 72, 80. Lab-only visits at Weeks 2, 6, 10.",,2015.0
PMID 25629741 a_Summary_SoE.pdf,Arm 2 (Best Available Therapy),control,3.0,3.0,7.0,10.0,12.0,14.0,28.0,"Weeks 1, 4, 8, 12, 16, 20, 24, 28, 32, 40, 48, 56, 64, 72, 80. Lab-only visits at Weeks 2, 6, 10.",,2015.0
PMID 25671254 a_Summary_SoE.pdf,Arm A (Lenvatinib),intervention,2.0,3.0,6.0,9.0,12.0,16.0,28.0,Cycles 1-2: Day 1 and Day 15; Cycles 3-14: Day 1 only.,,2015.0
PMID 25671254 a_Summary_SoE.pdf,Arm B (Placebo),control,2.0,3.0,6.0,9.0,12.0,16.0,28.0,Cycles 1-2: Day 1 and Day 15; Cycles 3-14: Day 1 only.,,2015.0
PMID 25682602 a_Summary_SoE.pdf,Lower-dose prednisone (0.5 or 1 mg/kg/day),intervention,1.0,4.0,12.0,14.0,14.0,15.0,7.0,"Weekly visits for the first 100 days (Days 7, 14, 21, 28, 35, 42, 49, 56, 63, 70, 77, 84, 91, 98) plus a baseline screening day and a 1-year follow-up visit.",,2015.0
PMID 25682602 a_Summary_SoE.pdf,Higher-dose prednisone (1 or 2 mg/kg/day),control,1.0,4.0,12.0,14.0,14.0,15.0,7.0,"Weekly visits for the first 100 days (Days 7, 14, 21, 28, 35, 42, 49, 56, 63, 70, 77, 84, 91, 98) plus a baseline screening day and a 1-year follow-up visit.",,2015.0
PMID 25713428 a_Summary_SoE.pdf,Regimen II (Gemcitabine + Docetaxel + Bevacizumab + G-CSF),intervention,2.0,7.0,16.0,32.0,46.0,62.0,21.0,"Day 1 (Infusion), Day 8 (Infusion), Day 9 (G-CSF) every cycle. Cycle 1 includes an additional Day 15 visit for blood pressure monitoring. Imaging occurs prior to every other cycle (starting with Cycle 3).",,2015.0
PMID 25713428 a_Summary_SoE.pdf,Regimen I (Gemcitabine + Docetaxel + Placebo + G-CSF),control,2.0,7.0,16.0,32.0,46.0,62.0,21.0,"Day 1 (Infusion), Day 8 (Infusion), Day 9 (G-CSF) every cycle. Cycle 1 includes an additional Day 15 visit for blood pressure monitoring. Imaging occurs prior to every other cycle (starting with Cycle 3).",,2015.0
PMID 25738668 a_Summary_SoE.pdf,Arm 1 (Standard cyclophosphamide-containing adjuvant chemotherapy),control,1.0,2.0,5.0,7.0,7.0,8.0,21.0,"Chemotherapy visits every 3 weeks (Day 1, 22, 43, 64, 85, 106, 127).",,2015.0
PMID 25738668 a_Summary_SoE.pdf,Arm 2 (Goserelin + Standard cyclophosphamide-containing adjuvant chemotherapy),intervention,2.0,3.0,8.0,13.0,13.0,14.0,21.0,Chemotherapy every 3 weeks; Goserelin every 4 weeks starting 1 week prior to chemotherapy.,,2015.0
PMID 25738670 a_Summary_SoE.pdf,Arm A (VcR-CAP),intervention,1.0,7.0,20.0,28.0,30.0,32.0,21.0,"Days 1, 4, 8, 11 of each 21-day cycle.",,2015.0
PMID 25738670 a_Summary_SoE.pdf,Arm B (R-CHOP),control,1.0,3.0,9.0,13.0,15.0,17.0,21.0,Day 1 (Treatment) and Day 11 (Labs) of each 21-day cycle.,,2015.0
PMID 25779558 a_Summary_SoE.pdf,Arm 1 (Lapatinib + Taxane),intervention,2.0,6.0,12.0,21.0,22.0,23.0,28.0,"Combined phase (24 weeks): 3 visits per 28-day cycle (Days 1, 8, 15). Maintenance phase: Clinic visits every 12 weeks.",,2015.0
PMID 25779558 a_Summary_SoE.pdf,Arm 2 (Trastuzumab + Taxane),control,2.0,7.0,15.0,27.0,31.0,36.0,28.0,"Combined phase (24 weeks): 4 visits per 28-day cycle (Days 1, 8, 15, 22). Maintenance phase: Trastuzumab infusions every 3 weeks.",,2015.0
PMID 25891173 a_Summary_SoE.pdf,MK-3475 Q2W (10 mg/kg every 2 weeks),intervention,1.0,3.0,7.0,13.0,20.0,27.0,14.0,Day 1 of each 14-day cycle for infusion.,,2015.0
PMID 25891173 a_Summary_SoE.pdf,MK-3475 Q3W (10 mg/kg every 3 weeks),intervention,1.0,2.0,5.0,9.0,13.0,18.0,21.0,Day 1 of each 21-day cycle for infusion.,,2015.0
PMID 25891173 a_Summary_SoE.pdf,Ipilimumab Q3W (3 mg/kg every 3 weeks for 4 doses),control,1.0,2.0,5.0,9.0,13.0,18.0,21.0,"Infusions at Cycles 1-4 (Weeks 0, 3, 6, 9). Follow-up visits every 3 weeks thereafter.",,2015.0
PMID 25897156 a_Summary_SoE.pdf,Donepezil,intervention,2.0,0.0,1.0,2.0,2.0,2.0,0.0,"Baseline (Day 0), Week 12 (Day 84), Week 24 (Day 168)",,2015.0
PMID 25897156 a_Summary_SoE.pdf,Placebo,control,2.0,0.0,1.0,2.0,2.0,2.0,0.0,"Baseline (Day 0), Week 12 (Day 84), Week 24 (Day 168)",,2015.0
PMID 25940724 a_Summary_SoE.pdf,Arm A (Omega-3-Fatty Acid),intervention,1.0,1.0,3.0,4.0,4.0,4.0,,"Visits occur at Prestudy (Screening), Baseline (Day 1), Week 6, Week 12, and Week 24.",,2015.0
PMID 25940724 a_Summary_SoE.pdf,Arm B (Placebo),control,1.0,1.0,3.0,4.0,4.0,4.0,,"Visits occur at Prestudy (Screening), Baseline (Day 1), Week 6, Week 12, and Week 24.",,2015.0
PMID 25970050 a_Summary_SoE.pdf,Arm A (TAS-102 + Best Supportive Care),intervention,2.0,4.0,8.0,14.0,21.0,28.0,28.0,"Cycle 1: Days 1, 12, 15. Subsequent cycles: Days 1, 15.",,2015.0
PMID 25970050 a_Summary_SoE.pdf,Arm B (Placebo + Best Supportive Care),control,2.0,4.0,8.0,14.0,21.0,28.0,28.0,"Cycle 1: Days 1, 12, 15. Subsequent cycles: Days 1, 15.",,2015.0
PMID 26014293 a_Summary_SoE.pdf,Arm A (OncoVEXGM-CSF),intervention,1.0,2.0,6.0,13.0,19.0,26.0,28.0,Cycle 1 is 35 days with injections on Day 1 and Day 22. Subsequent cycles are 28 days with injections on Day 1 and Day 15.,,2015.0
PMID 26014293 a_Summary_SoE.pdf,Arm B (GM-CSF),control,1.0,3.0,7.0,13.0,20.0,27.0,28.0,28-day cycles with clinic visits on Day 1 and Day 15.,,2015.0
PMID 26027431 a_Summary_SoE.pdf,Arm A (Nivolumab monotherapy),intervention,2.0,4.0,10.0,18.0,27.0,36.0,42.0,"Cycles 1-2: Weeks 1, 3, 4, 5 (Treatment) and Week 6 (Imaging in C2). Cycle 3+: Weeks 1, 3, 5 (Treatment) and Week 6 (Imaging every 6 weeks).",,2015.0
PMID 26027431 a_Summary_SoE.pdf,Arm B (Nivolumab + Ipilimumab),intervention,2.0,4.0,10.0,18.0,27.0,36.0,42.0,"Cycles 1-2: Weeks 1, 3, 4, 5 (Treatment) and Week 6 (Imaging in C2). Cycle 3+: Weeks 1, 3, 5 (Treatment) and Week 6 (Imaging every 6 weeks).",,2015.0
PMID 26027431 a_Summary_SoE.pdf,Arm C (Ipilimumab monotherapy),control,2.0,4.0,10.0,18.0,27.0,36.0,42.0,"Cycles 1-2: Weeks 1, 3, 4, 5 (Treatment) and Week 6 (Imaging in C2). Cycle 3+: Weeks 1, 3, 5 (Treatment) and Week 6 (Imaging every 6 weeks).",,2015.0
PMID 26028407 a_Summary_SoE.pdf,Arm A (Nivolumab),intervention,2.0,4.0,9.0,17.0,26.0,36.0,14.0,"Cycle 1: Day 1 (Treatment), Day 8 (Safety/Labs). Subsequent cycles: Day 1 (Treatment) every 2 weeks.",,2015.0
PMID 26028407 a_Summary_SoE.pdf,Arm B (Docetaxel),control,2.0,3.0,7.0,13.0,19.0,27.0,21.0,"Cycle 1: Day 1 (Treatment), Day 8 (Safety/Labs). Subsequent cycles: Day 1 (Treatment) every 3 weeks.",,2015.0
PMID 26030518 a_Summary_SoE.pdf,Arm A (Palbociclib + Fulvestrant),intervention,1.0,3.0,6.0,9.0,12.0,16.0,28.0,Cycles 1 & 2: Days 1 and 15; Cycles 3+: Day 1.,,2015.0
PMID 26030518 a_Summary_SoE.pdf,Arm B (Placebo + Fulvestrant),control,1.0,3.0,6.0,9.0,12.0,16.0,28.0,Cycles 1 & 2: Days 1 and 15; Cycles 3+: Day 1.,,2015.0
PMID 26035255 a_Summary_SoE.pdf,Arm A (Elotuzumab + Lenalidomide + Dexamethasone),intervention,2.0,5.0,11.0,17.0,24.0,31.0,28.0,"Cycles 1-2: Weekly (Days 1, 8, 15, 22). Cycles 3+: Fortnightly (Days 1, 15).",,2015.0
PMID 26035255 a_Summary_SoE.pdf,Arm B (Lenalidomide + Dexamethasone),control,2.0,5.0,11.0,17.0,24.0,31.0,28.0,"Cycles 1-2: Weekly (Days 1, 8, 15, 22). Cycles 3+: Fortnightly (Days 1, 15).",,2015.0
PMID 26040499 a_Summary_SoE.pdf,Denosumab (60mg Q6M),intervention,1.0,1.0,1.0,2.0,2.0,3.0,180.0,"Screening visit, Study Day 1 (treatment start), then visits every 6 months (Month 6, 12, 18, 24, etc.)",,2015.0
PMID 26040499 a_Summary_SoE.pdf,Placebo (Q6M),control,1.0,1.0,1.0,2.0,2.0,3.0,180.0,"Screening visit, Study Day 1 (treatment start), then visits every 6 months (Month 6, 12, 18, 24, etc.)",,2015.0
PMID 26056177 a_Summary_SoE.pdf,VD (VELCADE and Dexamethasone),intervention,1.0,7.0,18.0,34.0,44.0,53.0,21.0,"Induction (Cycles 1-8): 4 visits per 21-day cycle (Days 1, 4, 8, 11). Maintenance (Cycles 9-13): 4 visits per 35-day cycle (Days 1, 8, 15, 22).",,2015.0
PMID 26056177 a_Summary_SoE.pdf,"VTD (VELCADE, Thalidomide, and Dexamethasone)",intervention,2.0,7.0,18.0,34.0,44.0,53.0,21.0,"Induction (Cycles 1-8): 4 visits per 21-day cycle (Days 1, 4, 8, 11). Maintenance (Cycles 9-13): 4 visits per 35-day cycle (Days 1, 8, 15, 22).",,2015.0
PMID 26056177 a_Summary_SoE.pdf,"VMP (VELCADE, Melphalan, and Prednisone)",intervention,1.0,7.0,18.0,34.0,44.0,53.0,21.0,"Induction (Cycles 1-8): 4 visits per 21-day cycle (Days 1, 4, 8, 11). Maintenance (Cycles 9-13): 4 visits per 35-day cycle (Days 1, 8, 15, 22).",,2015.0
PMID 26122726 a_Summary_SoE.pdf,Arm A (Radiosurgery alone),intervention,1.0,1.0,3.0,4.0,5.0,6.0,0.0,"Pre-registration (1 day), Day 1 (SRS treatment), Follow-up visits at Week 6, Week 12, Month 6, Month 9, and Month 12.",,2015.0
PMID 26122726 a_Summary_SoE.pdf,Arm B (Radiosurgery + WBRT),control,1.0,13.0,15.0,16.0,17.0,18.0,0.0,"Pre-registration (1 day), Day 1 (SRS treatment), WBRT (12 daily fractions), Follow-up visits at Week 6, Week 12, Month 6, Month 9, and Month 12.",,2015.0
PMID 26159065 CT_Summary_SoE.pdf,Arm A (Gefitinib + Cisplatin/Pemetrexed),intervention,1.0,2.0,5.0,9.0,13.0,18.0,21.0,"Every 3 weeks (21 days). Chemotherapy for max 6 cycles (Weeks 0, 3, 6, 9, 12, 15). Maintenance gefitinib/placebo continues every 3 weeks thereafter.",,2015.0
PMID 26159065 CT_Summary_SoE.pdf,Arm B (Placebo + Cisplatin/Pemetrexed),control,1.0,2.0,5.0,9.0,13.0,18.0,21.0,"Every 3 weeks (21 days). Chemotherapy for max 6 cycles (Weeks 0, 3, 6, 9, 12, 15). Maintenance gefitinib/placebo continues every 3 weeks thereafter.",,2015.0
PMID 26169611 a_Summary_SoE.pdf,Arm 1: Tivantinib (ARQ 197) plus Erlotinib,intervention,1.0,5.0,9.0,15.0,16.0,17.0,28.0,"Cycle 1: Days 1, 8, 15, 22; Cycle 2-6: Days 1, 15; Follow-up: Every 12 weeks",,2015.0
PMID 26169611 a_Summary_SoE.pdf,Arm 2: Placebo plus Erlotinib,control,1.0,5.0,9.0,15.0,16.0,17.0,28.0,"Cycle 1: Days 1, 8, 15, 22; Cycle 2-6: Days 1, 15; Follow-up: Every 12 weeks",,2015.0
PMID 26206652 CT_Summary_SoE.pdf,Group 1 (Standard fluid management),control,1.0,9.0,9.0,9.0,9.0,9.0,,"1 screening day, 1 surgery day (Day 0), 7 consecutive inpatient days (POD 1-7), and 1 post-operative clinic visit within 30 days.",,2015.0
PMID 26206652 CT_Summary_SoE.pdf,Group 2 (Goal-directed fluid therapy - GDT),intervention,1.0,9.0,9.0,9.0,9.0,9.0,,"1 screening day, 1 surgery day (Day 0), 7 consecutive inpatient days (POD 1-7), and 1 post-operative clinic visit within 30 days.",,2015.0
PMID 26244877 a_Summary_SoE.pdf,Arm A (Androgen Deprivation Therapy + Docetaxel),intervention,2.0,2.0,5.0,7.0,8.0,9.0,21.0,Docetaxel administered on Day 1 of each 21-day cycle for 6 cycles. Follow-up visits occur every 12 weeks (approx. 3 months).,,2015.0
PMID 26244877 a_Summary_SoE.pdf,Arm B (Androgen Deprivation Therapy alone),control,2.0,1.0,2.0,3.0,4.0,5.0,21.0,"Day 1 of Cycle 1, followed by monitoring and ADT administration every 12 weeks.",,2015.0
PMID 26351350 a_Summary_SoE.pdf,Arm A: GM-CSF + Peptide Vaccination (HLA-A2+),intervention,2.0,3.0,5.0,8.0,11.0,14.0,28.0,Cycle 1: Days 1 and 15; Cycles 2-13: Day 1 only.,,2015.0
PMID 26351350 a_Summary_SoE.pdf,Arm B: GM-CSF Placebo + Peptide Vaccination (HLA-A2+),intervention,2.0,3.0,5.0,8.0,11.0,14.0,28.0,Cycle 1: Days 1 and 15; Cycles 2-13: Day 1 only.,,2015.0
PMID 26351350 a_Summary_SoE.pdf,Arm C: GM-CSF + Peptide Placebo (HLA-A2+),intervention,2.0,3.0,5.0,8.0,11.0,14.0,28.0,Cycle 1: Days 1 and 15; Cycles 2-13: Day 1 only.,,2015.0
PMID 26351350 a_Summary_SoE.pdf,Arm D: GM-CSF Placebo + Peptide Placebo (HLA-A2+),control,2.0,3.0,5.0,8.0,11.0,14.0,28.0,Cycle 1: Days 1 and 15; Cycles 2-13: Day 1 only.,,2015.0
PMID 26351350 a_Summary_SoE.pdf,Arm E: GM-CSF (HLA-A2-),intervention,2.0,2.0,4.0,7.0,10.0,13.0,28.0,Day 1 of each 28-day cycle (13 cycles total).,,2015.0
PMID 26351350 a_Summary_SoE.pdf,Arm F: GM-CSF Placebo (HLA-A2-),control,2.0,2.0,4.0,7.0,10.0,13.0,28.0,Day 1 of each 28-day cycle (13 cycles total).,,2015.0
PMID 26371143 a_Summary_SoE.pdf,Trabectedin (YONDELIS),intervention,1.0,7.0,18.0,35.0,52.0,71.0,21.0,"Day 1 (infusion start), Day 2 (infusion end/disconnect), Day 8 (labs), and Day 15 (labs) of each 21-day cycle.",,2016.0
PMID 26371143 a_Summary_SoE.pdf,Dacarbazine (DTIC),control,1.0,5.0,13.0,26.0,39.0,53.0,21.0,"Day 1 (infusion), Day 8 (labs), and Day 15 (labs) of each 21-day cycle.",,2016.0
PMID 26377300 CT_Summary_SoE.pdf,Arm A (Ofatumumab maintenance),intervention,1.0,2.0,3.0,5.0,6.0,8.0,56.0,"Week 1, Week 2, then every 8 weeks for up to 2 years",,2015.0
PMID 26377300 CT_Summary_SoE.pdf,Arm B (Observation only),control,1.0,2.0,3.0,5.0,6.0,8.0,56.0,"Week 1, Week 2, then every 8 weeks for up to 2 years",,2015.0
PMID 26406148 a_Summary_SoE.pdf,Arm A (Nivolumab),intervention,1.0,3.0,7.0,13.0,20.0,27.0,28.0,Day 1 and Day 15 of each 28-day cycle.,,2015.0
PMID 26406148 a_Summary_SoE.pdf,Arm B (Everolimus),control,1.0,2.0,4.0,7.0,10.0,14.0,28.0,Day 1 of each 28-day cycle.,,2015.0
PMID 26406150 a_Summary_SoE.pdf,Cabozantinib (XL184),intervention,1.0,3.0,6.0,9.0,12.0,16.0,,"W1D1, W3D1, W5D1, W7D1, W9D1, then every 4 weeks (W13D1, W17D1, etc.)",,2015.0
PMID 26406150 a_Summary_SoE.pdf,Everolimus (Afinitor),control,1.0,3.0,6.0,9.0,12.0,16.0,,"W1D1, W3D1, W5D1, W7D1, W9D1, then every 4 weeks (W13D1, W17D1, etc.)",,2015.0
PMID 26412349 a_Summary_SoE.pdf,Arm B (Hormonal Therapy Alone),control,2.0,0.0,1.0,2.0,3.0,4.0,0.0,H&P and QOL assessments every 3 months.,,2015.0
PMID 26412349 a_Summary_SoE.pdf,Arm C (Chemotherapy + Hormonal Therapy),intervention,2.0,2.0,5.0,6.0,7.0,8.0,21.0,Chemotherapy administration on Day 1 of each 21-day cycle for 4 cycles. H&P and QOL assessments every 3 months.,,2015.0
PMID 26412456 a_Summary_SoE.pdf,Arm A (BMS-936558 / Nivolumab),intervention,1.0,4.0,8.0,14.0,21.0,28.0,14.0,Day 1 of every 2-week cycle for treatment; Cycle 1 Day 8 for safety labs.,,2015.0
PMID 26412456 a_Summary_SoE.pdf,Arm B (Docetaxel),control,1.0,3.0,6.0,10.0,14.0,19.0,21.0,Day 1 of every 3-week cycle for treatment; Cycle 1 Day 8 for safety labs.,,2015.0
PMID 26416999 a_Summary_SoE.pdf,Arm A (EC-T: Epirubicin/Cyclophosphamide followed by Docetaxel),control,2.0,2.0,5.0,8.0,9.0,10.0,21.0,Day 1 of each 21-day cycle for 8 cycles.,,2015.0
PMID 26416999 a_Summary_SoE.pdf,Arm B (ET-X: Epirubicin/Docetaxel followed by Capecitabine),intervention,2.0,2.0,5.0,8.0,9.0,10.0,21.0,Day 1 of each 21-day cycle for 8 cycles.,,2015.0
PMID 26527790 a_Summary_SoE.pdf,Arm B (Lapatinib + Chemoradiotherapy followed by Lapatinib Maintenance),intervention,1.0,18.0,36.0,38.0,39.0,41.0,56.0,"Daily radiotherapy (5 days/week) for 7 weeks during the CRT phase, then clinic visits every 8 weeks during the 1-year maintenance phase.",,2015.0
PMID 26527790 a_Summary_SoE.pdf,Arm A (Placebo + Chemoradiotherapy followed by Placebo Maintenance),control,1.0,18.0,36.0,38.0,39.0,41.0,56.0,"Daily radiotherapy (5 days/week) for 7 weeks during the CRT phase, then clinic visits every 8 weeks during the 1-year maintenance phase.",,2015.0
PMID 26540028 a_Summary_SoE.pdf,Arm A (Erlotinib 150 mg po QD),intervention,1.0,3.0,4.0,5.0,6.0,7.0,0.0,"Baseline (Scr), Randomization (Day 1), Month 1, Month 3, Month 6, Month 9, Month 12.",,2016.0
PMID 26540028 a_Summary_SoE.pdf,Arm B (Placebo po QD),control,1.0,3.0,4.0,5.0,6.0,7.0,0.0,"Baseline (Scr), Randomization (Day 1), Month 1, Month 3, Month 6, Month 9, Month 12.",,2016.0
PMID 26598744 a_Summary_SoE.pdf,Arm 1 (Trastuzumab alone),control,2.0,4.0,7.0,11.0,15.0,20.0,21.0,Every 21 days for 52 weeks (18 doses total).,,2016.0
PMID 26598744 a_Summary_SoE.pdf,Arm 2 (Lapatinib alone),intervention,2.0,3.0,5.0,7.0,8.0,9.0,1.0,"Daily oral administration at home. Clinic visits for assessments at Weeks 1, 7, 13, 19, 25, 37, 52.",,2016.0
PMID 26598744 a_Summary_SoE.pdf,Arm 3 (Sequence: Trastuzumab then Lapatinib),intervention,2.0,6.0,14.0,16.0,17.0,18.0,7.0,"Weekly Trastuzumab for 12 weeks, followed by 6-week washout, then daily oral Lapatinib for 34 weeks.",,2016.0
PMID 26598744 a_Summary_SoE.pdf,Arm 4 (Combination: Lapatinib and Trastuzumab),intervention,2.0,4.0,7.0,11.0,15.0,20.0,21.0,Trastuzumab every 21 days for 52 weeks (18 doses) plus daily oral Lapatinib.,,2016.0
PMID 26628478 a_Summary_SoE.pdf,Arm A (CapeOx + Lapatinib),intervention,2.0,2.0,5.0,8.0,10.0,13.0,21.0,"Day 1 of every 21-day cycle for 8 cycles (oxaliplatin infusions), then every 6 weeks for safety and disease assessments.",,2016.0
PMID 26628478 a_Summary_SoE.pdf,Arm B (CapeOx + Placebo),control,2.0,2.0,5.0,8.0,10.0,13.0,21.0,"Day 1 of every 21-day cycle for 8 cycles (oxaliplatin infusions), then every 6 weeks for safety and disease assessments.",,2016.0
PMID 26639149 a_Summary_SoE.pdf,Arm A (Chlorambucil),control,1.0,3.0,6.0,9.0,12.0,15.0,28.0,Cycles 1-2: Day 1 and Day 15; Cycles 3-12: Day 1 only.,,2015.0
PMID 26639149 a_Summary_SoE.pdf,Arm B (PCI-32765 / Ibrutinib),intervention,1.0,3.0,7.0,13.0,17.0,20.0,28.0,Cycles 1-7: Day 1 and Day 15; Cycles 8-12: Day 1 only; Cycle 13+: Day 1 of odd cycles only.,,2015.0
PMID 26655421 CT_Summary_SoE.pdf,Arm A (Placebo + Bendamustine and Rituximab),control,2.0,6.0,12.0,21.0,24.0,27.0,28.0,"Cycle 1 (29 days): Days 1, 2, 3, 8, 15. Cycles 2-6: Days 1, 2, 15. Cycles 7-12: Day 1. Cycle 13: Day 1.",,2016.0
PMID 26655421 CT_Summary_SoE.pdf,Arm B (Ibrutinib + Bendamustine and Rituximab),intervention,2.0,6.0,12.0,21.0,24.0,27.0,28.0,"Cycle 1 (29 days): Days 1, 2, 3, 8, 15. Cycles 2-6: Days 1, 2, 15. Cycles 7-12: Day 1. Cycle 13: Day 1.",,2016.0
PMID 26673811 a_Summary_SoE.pdf,Arm A (Ibrutinib),intervention,1.0,2.0,5.0,9.0,13.0,18.0,21.0,Day 1 of each 21-day cycle for the first 15 months; every 42 days thereafter.,,2016.0
PMID 26673811 a_Summary_SoE.pdf,Arm B (Temsirolimus),control,1.0,5.0,13.0,26.0,39.0,53.0,21.0,"Days 1, 8, and 15 of each 21-day cycle.",,2016.0
PMID 26703889 a_Summary_SoE.pdf,Arm A (Everolimus + Best Supportive Care),intervention,1.0,2.0,4.0,7.0,10.0,14.0,28.0,Every 28 days (4 weeks),,2016.0
PMID 26703889 a_Summary_SoE.pdf,Arm B (Placebo + Best Supportive Care),control,1.0,2.0,4.0,7.0,10.0,14.0,28.0,Every 28 days (4 weeks),,2016.0
PMID 26712084b_Summary_SoE.pdf,MK-3475 10 mg/kg Q3W,intervention,1.0,2.0,5.0,9.0,13.0,18.0,21.0,Day 1 of each 3-week (21-day) cycle.,,2016.0
PMID 26712084b_Summary_SoE.pdf,MK-3475 2 mg/kg Q3W,intervention,1.0,2.0,5.0,9.0,13.0,18.0,21.0,Day 1 of each 3-week (21-day) cycle.,,2016.0
PMID 26712084b_Summary_SoE.pdf,Docetaxel 75 mg/m2 Q3W,control,1.0,2.0,5.0,9.0,13.0,18.0,21.0,Day 1 of each 3-week (21-day) cycle.,,2016.0
PMID 26811519 a_Summary_SoE.pdf,Arm A (Pemetrexed + Cisplatin + TRT followed by Pemetrexed consolidation),intervention,1.0,22.0,40.0,50.0,51.0,52.0,21.0,"Concurrent Phase: Days 1, 8, 15 of 21-day cycles (3 cycles). Consolidation Phase: Days 1, 8, 15 of 21-day cycles (4 cycles). Daily TRT for 33 fractions.",,2016.0
PMID 26811519 a_Summary_SoE.pdf,Arm B (Etoposide + Cisplatin + TRT followed by Platinum-doublet consolidation),control,1.0,22.0,39.0,45.0,46.0,47.0,28.0,"Concurrent Phase: Days 1, 8, 15, 22 of 28-day cycles (2 cycles). Consolidation Phase: Days 1, 8, 15, 22 of 28-day cycles (2 cycles). Daily TRT for 33 fractions.",,2016.0
PMID 26858335 a_Summary_SoE.pdf,Arm A (Epoetin Alfa plus Standard Supportive Care),intervention,1.0,5.0,13.0,26.0,39.0,53.0,7.0,Weekly visits for study drug administration (Epoetin Alfa) and hemoglobin monitoring.,,2016.0
PMID 26858335 a_Summary_SoE.pdf,Arm B (Standard Supportive Care alone),control,1.0,5.0,13.0,26.0,39.0,53.0,7.0,Weekly visits for hemoglobin monitoring as mandated by the protocol for all subjects.,,2016.0
PMID 26884585 a_Summary_SoE.pdf,Apatinib (850 mg once daily),intervention,2.0,5.0,13.0,19.0,26.0,33.0,28.0,"Weekly visits in Cycles 1-3 (Days 1, 8, 15, 22); biweekly visits from Cycle 4 onwards (Days 1 and 15 of each cycle).",,2016.0
PMID 26884585 a_Summary_SoE.pdf,Placebo,control,2.0,5.0,13.0,19.0,26.0,33.0,28.0,"Weekly visits in Cycles 1-3 (Days 1, 8, 15, 22); biweekly visits from Cycle 4 onwards (Days 1 and 15 of each cycle).",,2016.0
PMID 26933849 a_Summary_SoE.pdf,Weekly Paclitaxel + Carboplatin,intervention,1.0,5.0,13.0,19.0,20.0,21.0,21.0,"Weekly paclitaxel on Days 1, 8, and 15 of each 21-day cycle; Carboplatin on Day 1 of each cycle. Total 6 cycles.",,2016.0
PMID 26933849 a_Summary_SoE.pdf,Every-3-week Paclitaxel + Carboplatin,control,1.0,2.0,5.0,7.0,8.0,9.0,21.0,Paclitaxel and Carboplatin on Day 1 of each 21-day cycle. Total 6 cycles.,,2016.0
PMID 26997579 a _Summary_SoE.pdf,APF530 (granisetron extended-release) + fosaprepitant + dexamethasone,intervention,1.0,2.0,2.0,2.0,2.0,2.0,0.0,"Screening (Day -X), Treatment (Day 1), Follow-up/Safety (Day 6)",,2016.0
PMID 26997579 a _Summary_SoE.pdf,Ondansetron + fosaprepitant + dexamethasone,control,1.0,2.0,2.0,2.0,2.0,2.0,0.0,"Screening (Day -X), Treatment (Day 1), Follow-up/Safety (Day 6)",,2016.0
PMID 27044935 a_Summary_SoE.pdf,Arm 1 (Conventionally Fractionated 3D-CRT/IMRT),control,3.0,22.0,42.0,43.0,44.0,45.0,1.0,Daily (Mon-Fri) for 8.2 weeks (41 fractions); quarterly follow-up visits thereafter.,,2016.0
PMID 27044935 a_Summary_SoE.pdf,Arm 2 (Hypofractionated 3D-CRT/IMRT),intervention,3.0,22.0,29.0,30.0,31.0,32.0,1.0,Daily (Mon-Fri) for 5.6 weeks (28 fractions); quarterly follow-up visits thereafter.,,2016.0
PMID 27119237 a_Summary_SoE.pdf,MLN9708 + Lenalidomide + Dexamethasone,intervention,1.0,5.0,11.0,14.0,17.0,21.0,28.0,"Cycles 1-2: Days 1, 7, 14, 21; Cycle 3: Days 1, 14; Cycles 4+: Day 1",,2016.0
PMID 27119237 a_Summary_SoE.pdf,Placebo + Lenalidomide + Dexamethasone,control,1.0,5.0,11.0,14.0,17.0,21.0,28.0,"Cycles 1-2: Days 1, 7, 14, 21; Cycle 3: Days 1, 14; Cycles 4+: Day 1",,2016.0
PMID 27264120 a_Summary_SoE.pdf,Arm 1 (Letrozole),intervention,1.0,0.0,0.0,1.0,1.0,2.0,1.0,"Screening visit (Day -30 to 0), Month 6 visit, and Month 12 visit.",,2016.0
PMID 27264120 a_Summary_SoE.pdf,Arm 2 (Placebo),control,1.0,0.0,0.0,1.0,1.0,2.0,1.0,"Screening visit (Day -30 to 0), Month 6 visit, and Month 12 visit.",,2016.0
PMID 27354480 a_Summary_SoE.pdf,Lenalidomide,intervention,1.0,1.0,4.0,7.0,7.0,7.0,28.0,"Day 1 of each 28-day cycle (C1D1, C2D1, C3D1, C4D1, C5D1, C6D1) plus an End of Treatment visit at Week 24 (Day 168).",,2016.0
PMID 27354480 a_Summary_SoE.pdf,Placebo,control,1.0,1.0,4.0,7.0,7.0,7.0,28.0,"Day 1 of each 28-day cycle (C1D1, C2D1, C3D1, C4D1, C5D1, C6D1) plus an End of Treatment visit at Week 24 (Day 168).",,2016.0
PMID 27458307 a_Summary_SoE.pdf,Arm A (Ipilimumab + Etoposide/Platinum),intervention,1.0,6.0,13.0,16.0,17.0,18.0,21.0,"Induction (Cycles 1-6): Cycles 1-4 are 3 days (Days 1, 2, 3); Cycles 5-6 are 1 day (Day 3). Maintenance: 1 day every 12 weeks.",,2016.0
PMID 27458307 a_Summary_SoE.pdf,Arm B (Placebo + Etoposide/Platinum),control,1.0,6.0,13.0,16.0,17.0,18.0,21.0,"Induction (Cycles 1-6): Cycles 1-4 are 3 days (Days 1, 2, 3); Cycles 5-6 are 1 day (Day 3). Maintenance: 1 day every 12 weeks.",,2016.0
PMID 27458945 a_Summary_SoE.pdf,Arm A (Radiosurgery alone),intervention,1.0,1.0,3.0,4.0,5.0,6.0,0.0,"1 day for SRS treatment, followed by follow-up visits at Week 6, Week 12, Month 6, Month 9, and Month 12.",,2016.0
PMID 27458945 a_Summary_SoE.pdf,Arm B (Radiosurgery + Whole Brain Radiation Therapy),control,1.0,13.0,15.0,16.0,17.0,18.0,0.0,"1 day for SRS treatment followed by 12 daily fractions of WBRT (5 days per week), then follow-up visits at Week 6, Week 12, Month 6, Month 9, and Month 12.",,2016.0
PMID 27557302 a_Summary_SoE.pdf,"DVd (Daratumumab, Bortezomib, and Dexamethasone)",intervention,1.0,8.0,21.0,36.0,39.0,43.0,21.0,"Cycles 1-3: Days 1, 4, 8, 11, 15 (5 days/cycle); Cycles 4-8: Days 1, 4, 8, 11 (4 days/cycle); Cycle 9+: Day 1 (1 day/28-day cycle)",,2016.0
PMID 27557302 a_Summary_SoE.pdf,Vd (Bortezomib and Dexamethasone),control,1.0,7.0,18.0,33.0,36.0,40.0,21.0,"Cycles 1-8: Days 1, 4, 8, 11 (4 days/cycle); Cycle 9+: Day 1 (1 day/28-day cycle) for monitoring only.",,2016.0
PMID 27569442 CT_Summary_SoE.pdf,Arm A & C (MAP - Control),control,2.0,10.0,29.0,56.0,62.0,63.0,35.0,"Induction: Weeks 1, 6 (2 days chemo + 2 days labs); Weeks 4, 5, 9, 10 (1 day chemo + 1 day labs). Post-Op: Weeks 12, 17, 22, 26 (2 days chemo + 2 days labs); Weeks 15, 16, 20, 21, 24, 25, 28, 29 (1 day chemo + 1 day labs).",,2016.0
PMID 27569442 CT_Summary_SoE.pdf,Arm B (MAP + Pegylated Interferon alfa-2b),intervention,2.0,10.0,29.0,56.0,72.0,85.0,35.0,Same as Arm A for first 29 weeks. Starting Week 30: Weekly subcutaneous injections of Pegylated Interferon alfa-2b.,,2016.0
PMID 27569442 CT_Summary_SoE.pdf,Arm D (MAP + Ifosfamide/Etoposide),intervention,2.0,10.0,29.0,59.0,89.0,92.0,28.0,"Induction same as Arm A. Post-Op: Weeks 12, 28 (2 days chemo); Weeks 16, 24, 32 (5 days chemo); Weeks 20, 36 (3 days chemo); Weeks 15, 19, 23, 27, 31, 35, 39, 40 (1 day chemo).",,2016.0
PMID 27705267 a_Summary_SoE.pdf,"Arm A (DRd: Daratumumab, Lenalidomide, and Dexamethasone)",intervention,2.0,5.0,11.0,17.0,20.0,24.0,28.0,"Weekly in Cycles 1-2 (Days 1, 8, 15, 22), biweekly in Cycles 3-6 (Days 1, 15), and monthly in Cycles 7+ (Day 1).",,2016.0
PMID 27705267 a_Summary_SoE.pdf,Arm B (Rd: Lenalidomide and Dexamethasone),control,2.0,5.0,11.0,17.0,20.0,24.0,28.0,"Weekly in Cycles 1-2 (Days 1, 8, 15, 22), biweekly in Cycles 3-6 (Days 1, 15), and monthly in Cycles 7+ (Day 1).",,2016.0
PMID 27717299 a_Summary_SoE.pdf,Niraparib,intervention,1.0,5.0,7.0,10.0,13.0,17.0,28.0,"Cycle 1: Days 1, 8, 15, 21. Subsequent cycles: Day 1 only.",,2016.0
PMID 27717299 a_Summary_SoE.pdf,Placebo,control,1.0,5.0,7.0,10.0,13.0,17.0,28.0,"Cycle 1: Days 1, 8, 15, 21. Subsequent cycles: Day 1 only.",,2016.0
PMID 27717303 a_Summary_SoE.pdf,Arm A (LEE011 + Letrozole),intervention,2.0,3.0,5.0,8.0,11.0,15.0,28.0,"Cycle 1: Day 1, Day 15; Subsequent Cycles: Day 1 only.",,2016.0
PMID 27717303 a_Summary_SoE.pdf,Arm B (Placebo + Letrozole),control,2.0,3.0,5.0,8.0,11.0,15.0,28.0,"Cycle 1: Day 1, Day 15; Subsequent Cycles: Day 1 only.",,2016.0
PMID 27718781 a_Summary_SoE.pdf,Arm A (Sunitinib),intervention,3.0,2.0,4.0,6.0,8.0,10.0,42.0,"Cycle 1: Day 1, Day 28; Cycles 2-9: Day 1 only.",,2016.0
PMID 27718781 a_Summary_SoE.pdf,Arm B (Placebo),control,3.0,2.0,4.0,6.0,8.0,10.0,42.0,"Cycle 1: Day 1, Day 28; Cycles 2-9: Day 1 only.",,2016.0
PMID 27718784 a_Summary_SoE.pdf,Arm N (Nivolumab),intervention,2.0,3.0,7.0,13.0,20.0,27.0,14.0,Nivolumab 3 mg/kg IV every 2 weeks (Q2W).,,2016.0
PMID 27718784 a_Summary_SoE.pdf,Arm IC (Investigator's Choice),control,2.0,5.0,13.0,26.0,39.0,53.0,7.0,"Investigator's Choice (Cetuximab, Methotrexate, or Docetaxel) administered weekly.",,2016.0
PMID 27731748 a_Summary_SoE.pdf,OFA+FC (Ofatumumab plus fludarabine and cyclophosphamide),intervention,1.0,0.0,0.0,0.0,0.0,0.0,,Not specified in the provided document.,,2017.0
PMID 27731748 a_Summary_SoE.pdf,FC (fludarabine and cyclophosphamide),control,1.0,0.0,0.0,0.0,0.0,0.0,,Not specified in the provided document.,,2017.0
PMID 27787547 a_Summary_SoE.pdf,cG250,intervention,2.0,5.0,13.0,24.0,25.0,26.0,7.0,Weekly infusions for 24 consecutive weeks (Day 1 through Week 24).,,2017.0
PMID 27787547 a_Summary_SoE.pdf,Placebo,control,2.0,5.0,13.0,24.0,25.0,26.0,7.0,Weekly infusions for 24 consecutive weeks (Day 1 through Week 24).,,2017.0
PMID 27908454 CT_Summary_SoE.pdf,Arm A (Fulvestrant 500 mg),intervention,1.0,3.0,5.0,8.0,11.0,15.0,28.0,"Days 0, 14, 28, then every 28 days for injections; assessments every 12 weeks.",,2016.0
PMID 27908454 CT_Summary_SoE.pdf,Arm B (Anastrozole 1 mg),control,1.0,3.0,5.0,8.0,11.0,15.0,28.0,"Days 0, 14, 28, then every 28 days for injections; assessments every 12 weeks.",,2016.0
PMID 27914822_Summary_SoE.pdf,STS Arm (Sodium Thiosulfate),intervention,1.0,4.0,8.0,9.0,9.0,9.0,21.0,"Day 1 (Cisplatin/STS infusion + Audiology + Labs), Day 8-10 (Post-course Labs)",,2017.0
PMID 27914822_Summary_SoE.pdf,Observation Arm (Control),control,1.0,4.0,8.0,9.0,9.0,9.0,21.0,"Day 1 (Cisplatin infusion + Audiology + Labs), Day 8-10 (Post-course Labs)",,2017.0
PMID 27918724 a_Summary_SoE.pdf,Arm A (Telotristat etiprate 250 mg or 500 mg tid),intervention,1.0,2.0,5.0,9.0,10.0,13.0,,"Screening, Day 1, then Weeks 2, 6, 8, 12, 14, 18, 20, 24, 32, 40, 48, 50",,2017.0
PMID 27918724 a_Summary_SoE.pdf,Arm B (Placebo),control,1.0,2.0,5.0,9.0,10.0,13.0,,"Screening, Day 1, then Weeks 2, 6, 8, 12, 14, 18, 20, 24, 32, 40, 48, 50",,2017.0
PMID 27918780 a_Summary_SoE.pdf,Arm A (Hercules plus taxane),intervention,1.0,4.0,7.0,11.0,15.0,20.0,21.0,"Cycle 1: Days 1, 2, and 8; Cycles 2-18: Day 1 only (every 21 days).",,2017.0
PMID 27918780 a_Summary_SoE.pdf,Arm B (Herceptin plus taxane),control,1.0,4.0,7.0,11.0,15.0,20.0,21.0,"Cycle 1: Days 1, 2, and 8; Cycles 2-18: Day 1 only (every 21 days).",,2017.0
PMID 27959613 a_Summary_SoE.pdf,Arm A (PD-0332991 + Letrozole),intervention,1.0,3.0,6.0,9.0,12.0,16.0,28.0,Cycles 1-2: Day 1 and Day 14. Cycles 3+: Day 1 only.,,2016.0
PMID 27959613 a_Summary_SoE.pdf,Arm B (Placebo + Letrozole),control,1.0,3.0,6.0,9.0,12.0,16.0,28.0,Cycles 1-2: Day 1 and Day 14. Cycles 3+: Day 1 only.,,2016.0
PMID 27959700 a_Summary_SoE.pdf,Arm A (AZD9291 / Osimertinib),intervention,1.0,4.0,7.0,10.0,12.0,14.0,21.0,"Cycle 1: Days 1, 8, 15. Cycles 2-7: Day 1 of every 21-day cycle. Cycle 7 onwards: Day 1 of every 42-day cycle.",,2017.0
PMID 27959700 a_Summary_SoE.pdf,Arm B (Platinum-based Doublet Chemotherapy),control,1.0,4.0,7.0,10.0,12.0,14.0,21.0,"Cycle 1: Days 1, 8, 15. Cycles 2-7: Day 1 of every 21-day cycle. Cycle 7 onwards: Day 1 of every 42-day cycle (Maintenance Phase).",,2017.0
PMID 27979383 a_Summary_SoE.pdf,Atezolizumab,intervention,0.0,0.0,0.0,0.0,0.0,0.0,,Not available,,2017.0
PMID 27979383 a_Summary_SoE.pdf,Docetaxel,control,0.0,0.0,0.0,0.0,0.0,0.0,,Not available,,2017.0
PMID 28029326 a_Summary_SoE.pdf,Arm A (Ofatumumab + DHAP),intervention,2.0,13.0,27.0,49.0,51.0,52.0,21.0,"Salvage cycles (21 days): Days 1-4 (chemo/infusion), Day 8 (infusion), and twice weekly labs. Stem cell collection (2 days). HDT/ASCT: ~21-day inpatient stay. Follow-up: 3m post-ASCT and periodic post-randomization visits.",,2017.0
PMID 28029326 a_Summary_SoE.pdf,Arm B (Rituximab + DHAP),control,2.0,13.0,27.0,49.0,51.0,52.0,21.0,"Salvage cycles (21 days): Days 1-4 (chemo/infusion), Day 8 (infusion), and twice weekly labs. Stem cell collection (2 days). HDT/ASCT: ~21-day inpatient stay. Follow-up: 3m post-ASCT and periodic post-randomization visits.",,2017.0
PMID 28030702 a_Summary_SoE.pdf,Arm A (Zoledronic acid every 4 weeks),control,2.0,2.0,4.0,7.0,10.0,14.0,28.0,"Clinic visit, infusion, and labs occur every 4 weeks (28 days).",,2017.0
PMID 28030702 a_Summary_SoE.pdf,Arm B (Zoledronic acid every 12 weeks),intervention,2.0,2.0,4.0,7.0,10.0,14.0,84.0,Infusions occur every 12 weeks (84 days). Mandatory lab draws for serum creatinine occur every 4 weeks (28 days) between infusions.,,2017.0
PMID 28034081 a_Summary_SoE.pdf,Arm A (Ipilimumab 10 mg/kg),intervention,1.0,2.0,5.0,7.0,8.0,9.0,21.0,"Induction Phase: Weeks 1, 4, 7, 10 (every 3 weeks). Maintenance Phase: Weeks 24, 36, 48 (every 12 weeks). Assessment-only visits at Weeks 12 and 18.",,2017.0
PMID 28034081 a_Summary_SoE.pdf,Arm B (Placebo),control,1.0,2.0,5.0,7.0,8.0,9.0,21.0,"Induction Phase: Weeks 1, 4, 7, 10 (every 3 weeks). Maintenance Phase: Weeks 24, 36, 48 (every 12 weeks). Assessment-only visits at Weeks 12 and 18.",,2017.0
PMID 28056202 a_Summary_SoE.pdf,Arm A (Trastuzumab + Taxane),control,1.0,5.0,13.0,26.0,39.0,53.0,21.0,"Weekly visits (Day 1, 8, 15) for all cycles.",,2017.0
PMID 28056202 a_Summary_SoE.pdf,Arm B (Trastuzumab emtansine + Pertuzumab),intervention,1.0,6.0,13.0,17.0,21.0,26.0,21.0,"Cycles 1-3: Days 1, 8, 15. Cycle 4+: Day 1 only. Additional PK days in C1 and C4.",,2017.0
PMID 28056202 a_Summary_SoE.pdf,Arm C (Trastuzumab emtansine + Pertuzumab-placebo),intervention,1.0,6.0,13.0,17.0,21.0,26.0,21.0,"Cycles 1-3: Days 1, 8, 15. Cycle 4+: Day 1 only. Additional PK days in C1 and C4.",,2017.0
PMID 28076709 a_Summary_SoE.pdf,Arm A (177Lu-DOTA0-Tyr3-Octreotate + 30 mg Octreotide LAR),intervention,2.0,3.0,7.0,14.0,17.0,21.0,56.0,Lutathera infusion (Day 0) followed by Octreotide LAR injection (Day 1) every 8 weeks for 4 cycles. Octreotide LAR 30mg injections continue every 4 weeks. Safety labs occur 2 weeks before and 4 weeks after each infusion.,,2017.0
PMID 28076709 a_Summary_SoE.pdf,Arm B (60 mg Octreotide LAR),control,2.0,2.0,4.0,7.0,10.0,14.0,28.0,Octreotide LAR 60mg injections every 4 weeks.,,2017.0
PMID 28125763 a_Summary_SoE.pdf,Arm A (Zometa 4 mg every 4 weeks),control,1.0,2.0,4.0,7.0,10.0,14.0,28.0,"One screening visit followed by 13 treatment visits every 4 weeks (Weeks 0, 4, 8, 12, 16, 20, 24, 28, 32, 36, 40, 44, 48) and an End of Study visit at Week 52.",,2017.0
PMID 28125763 a_Summary_SoE.pdf,Arm B (Zometa 4 mg every 12 weeks),intervention,1.0,2.0,4.0,7.0,10.0,14.0,28.0,"Identical to Arm A; patients receive placebo infusions every 4 weeks between the 12-week Zometa doses to maintain the double-blind, resulting in the same healthcare contact frequency.",,2017.0
PMID 28126333 a_Summary_SoE.pdf,Arm 1 (LDK378),intervention,2.0,3.0,6.0,10.0,14.0,20.0,21.0,"Cycle 1: Day 1, Day 15; Subsequent Cycles: Day 1 only.",,2017.0
PMID 28126333 a_Summary_SoE.pdf,Arm 2 (Reference Chemotherapy),control,2.0,3.0,6.0,10.0,14.0,20.0,21.0,"Cycle 1: Day 1 (Infusion), Day 15 (Nadir check); Subsequent Cycles: Day 1 (Infusion/Maintenance) only.",,2017.0
PMID 28135150 a_Summary_SoE.pdf,Arm A (Observation),control,2.0,0.0,1.0,2.0,3.0,4.0,0.0,Observation only. Follow-up visits occur every 3 months for the first 2 years.,,2017.0
PMID 28135150 a_Summary_SoE.pdf,Arm B (Four Weeks High-dose IFN Alfa-2b),intervention,2.0,21.0,22.0,23.0,24.0,25.0,7.0,5 consecutive days of treatment per week for 4 weeks (20 doses). Day 29 is an assessment visit. Follow-up visits occur every 3 months thereafter.,,2017.0
PMID 28139405 CT_Summary_SoE.pdf,Arm A (Idelalisib + Bendamustine/Rituximab),intervention,1.0,5.0,11.0,19.0,21.0,23.0,28.0,"Days 1, 2, and 15 of each 28-day cycle for 6 cycles (24 weeks). After Week 24, visits occur every 6 weeks through Week 48, then every 12 weeks thereafter.",,2017.0
PMID 28139405 CT_Summary_SoE.pdf,Arm B (Placebo + Bendamustine/Rituximab),control,1.0,5.0,11.0,19.0,21.0,23.0,28.0,"Days 1, 2, and 15 of each 28-day cycle for 6 cycles (24 weeks). After Week 24, visits occur every 6 weeks through Week 48, then every 12 weeks thereafter.",,2017.0
PMID 28140392 a_Summary_SoE.pdf,Lenalidomide (LEN) Arm,intervention,2.0,2.0,4.0,7.0,10.0,14.0,28.0,1 visit per 28-day cycle (Day 1) for drug dispensing and laboratory monitoring.,,2017.0
PMID 28140392 a_Summary_SoE.pdf,Chlorambucil (CHB) Arm,control,2.0,3.0,7.0,13.0,19.0,27.0,28.0,2 visits per 28-day cycle (Day 1 and Day 15) for drug administration and laboratory monitoring.,,2017.0
PMID 28146658 a_Summary_SoE.pdf,Arm 1 (Radiation Therapy + Casodex),intervention,2.0,22.0,37.0,38.0,39.0,40.0,,"Daily radiation therapy (5 days/week) for 36 fractions (~7.2 weeks), followed by follow-up visits at 1 month post-RT and then every 3 months.",,2017.0
PMID 28146658 a_Summary_SoE.pdf,Arm 2 (Radiation Therapy + Placebo),control,2.0,22.0,37.0,38.0,39.0,40.0,,"Daily radiation therapy (5 days/week) for 36 fractions (~7.2 weeks), followed by follow-up visits at 1 month post-RT and then every 3 months.",,2017.0
PMID 28212060 a_Summary_SoE.pdf,Arm A (Pembrolizumab),intervention,2.0,2.0,5.0,9.0,13.0,18.0,21.0,Day 1 of each 3-week cycle.,,2017.0
PMID 28212060 a_Summary_SoE.pdf,"Arm B (Investigator's Choice: Paclitaxel, Docetaxel, or Vinflunine)",control,2.0,5.0,9.0,13.0,17.0,22.0,21.0,Day 1 of each 3-week cycle for treatment; additional Lab visits on Days 8 and 15 for the first two cycles.,,2017.0
PMID 28249141 a_Summary_SoE.pdf,Arm 1 (Blinatumomab),intervention,1.0,6.0,15.0,28.0,31.0,32.0,42.0,"D1, D2, D3, D8, D15, D29 per cycle",,2017.0
PMID 28249141 a_Summary_SoE.pdf,Arm 2 (Standard of Care Chemotherapy),control,1.0,7.0,18.0,27.0,28.0,29.0,28.0,"D1, D2, D3, D8, D15, D29 per cycle",,2017.0
PMID 28257752 CT_Summary_SoE.pdf,Arm A (Idelalisib + Ofatumumab),intervention,1.0,5.0,9.0,12.0,14.0,16.0,7.0,"Weekly for Weeks 1-8, then every 4 weeks until Week 24, then every 6 weeks until Week 48.",,2017.0
PMID 28257752 CT_Summary_SoE.pdf,Arm B (Ofatumumab),control,1.0,5.0,9.0,12.0,14.0,16.0,7.0,"Weekly for Weeks 1-8, then every 4 weeks until Week 24, then every 6 weeks until Week 48.",,2017.0
PMID 28296618 a_Summary_SoE.pdf,Arm 1 (Short-course Radiation Therapy alone),control,2.0,16.0,18.0,19.0,20.0,21.0,,15 daily RT fractions over 3 weeks; formal evaluation 1 week post-RT; imaging 4 weeks post-RT and every 3 months thereafter.,,2017.0
PMID 28296618 a_Summary_SoE.pdf,Arm 2 (Short-course Radiation Therapy + Temozolomide),intervention,2.0,16.0,21.0,28.0,34.0,41.0,28.0,15 daily RT fractions; weekly clinic visits for 4 weeks post-RT; then Day 1 and Day 21 of each 28-day adjuvant cycle; imaging every 3 cycles.,,2017.0
PMID 28380315 a_Summary_SoE.pdf,Arm A: Reduced Intensity Conditioning (RIC),intervention,1.0,14.0,23.0,26.0,27.0,28.0,,"Conditioning (Days -6 to -2), Transplant (Day 0), then post-transplant monitoring: 3x/week until engraftment, 2x/week until Day 28, weekly until 12 weeks, then Day 100, 6 months, and 12 months.",,2017.0
PMID 28380315 a_Summary_SoE.pdf,Arm B: Myeloablative Conditioning (MAC),control,1.0,15.0,24.0,27.0,28.0,29.0,,"Conditioning (Days -7 to -2), Transplant (Day 0), then post-transplant monitoring: 3x/week until engraftment, 2x/week until Day 28, weekly until 12 weeks, then Day 100, 6 months, and 12 months.",,2017.0
PMID 28384065 a_Summary_SoE.pdf,Arm 1 (Depot Octreotide Plus Bevacizumab),intervention,2.0,4.0,10.0,19.0,27.0,37.0,21.0,"Day 1 (Treatment, Labs, Physical Exam) and Day 8 (Toxicity Notation) of each 21-day cycle.",,2017.0
PMID 28384065 a_Summary_SoE.pdf,Arm 2 (Depot Octreotide Plus Interferon Alpha-2b),control,2.0,4.0,10.0,19.0,27.0,37.0,21.0,"Day 1 (Treatment, Labs, Physical Exam) and Day 8 (Toxicity Notation) of each 21-day cycle.",,2017.0
PMID 28438473 a_Summary_SoE.pdf,Arm IV/VIII (Surgery + Chemotherapy + Bevacizumab),intervention,7.0,12.0,21.0,35.0,40.0,46.0,21.0,"Weekly visits during 8 cycles of chemotherapy (Day 1, 8, 15), followed by maintenance bevacizumab every 21 days.",,2017.0
PMID 28438473 a_Summary_SoE.pdf,Arm I/V (No Surgery + Chemotherapy),control,2.0,7.0,16.0,29.0,30.0,31.0,21.0,"Weekly visits during 8 cycles of chemotherapy (Day 1, 8, 15), followed by surveillance imaging every 3 months.",,2017.0
PMID 28492898 CT_Summary_SoE.pdf,Arm A (Selumetinib + Docetaxel),intervention,2.0,6.0,12.0,17.0,21.0,26.0,21.0,"Cycle 1: Day 1, 8, 15. Subsequent cycles: Day 1. G-CSF administered 24h after docetaxel (Day 2) for the first 6 cycles.",,2017.0
PMID 28492898 CT_Summary_SoE.pdf,Arm B (Placebo + Docetaxel),control,2.0,6.0,12.0,17.0,21.0,26.0,21.0,"Cycle 1: Day 1, 8, 15. Subsequent cycles: Day 1. G-CSF administered 24h after docetaxel (Day 2) for the first 6 cycles.",,2017.0
PMID 28501140 CT_Summary_SoE.pdf,Arm A (Alectinib),intervention,2.0,2.0,3.0,5.0,6.0,8.0,56.0,"Day 1, Week 4, then every 8 weeks (Week 8, 16, 24, 32, 40, 48).",,2017.0
PMID 28501140 CT_Summary_SoE.pdf,Arm B (Crizotinib),control,2.0,2.0,3.0,5.0,6.0,8.0,56.0,"Day 1, Week 4, then every 8 weeks (Week 8, 16, 24, 32, 40, 48).",,2017.0
PMID 28578601 a_Summary_SoE.pdf,Arm A (Olaparib Monotherapy),intervention,2.0,4.0,7.0,11.0,15.0,20.0,21.0,"Cycle 1: Days 1, 8, 15. Subsequent cycles: Day 1 only.",,2017.0
PMID 28578601 a_Summary_SoE.pdf,Arm B (Physician's Choice Chemotherapy),control,2.0,5.0,10.0,19.0,27.0,37.0,21.0,"Cycle 1: Days 1, 8, 15. Subsequent cycles: Days 1 and 8 (for Vinorelbine/Eribulin).",,2017.0
PMID 28578607 a_Summary_SoE.pdf,Arm A (Abiraterone Acetate + Prednisone + ADT),intervention,2.0,5.0,9.0,12.0,15.0,19.0,28.0,Cycles 1-3: Day 1 and Day 15; Cycles 4-13: Day 1 monthly; Cycle 14 onwards: Day 1 every 2 months.,,2017.0
PMID 28578607 a_Summary_SoE.pdf,Arm B (ADT + Placebos),control,2.0,5.0,9.0,12.0,15.0,19.0,28.0,Cycles 1-3: Day 1 and Day 15; Cycles 4-13: Day 1 monthly; Cycle 14 onwards: Day 1 every 2 months.,,2017.0
PMID 28580882 a_Summary_SoE.pdf,Arm A (Abemaciclib + Fulvestrant),intervention,2.0,3.0,5.0,8.0,11.0,15.0,28.0,Cycle 1: Days 1 and 15. Cycle 2 and beyond: Day 1 of each 28-day cycle.,,2017.0
PMID 28580882 a_Summary_SoE.pdf,Arm B (Placebo + Fulvestrant),control,2.0,3.0,5.0,8.0,11.0,15.0,28.0,Cycle 1: Days 1 and 15. Cycle 2 and beyond: Day 1 of each 28-day cycle.,,2017.0
PMID 28581356 a_Summary_SoE.pdf,Arm 1 (Pertuzumab + Trastuzumab + Chemotherapy),intervention,1.0,2.0,6.0,11.0,16.0,22.0,21.0,Infusions every 21 days (Day 1). LVEF monitoring every 12 weeks (Days 15-21 of the preceding cycle).,,2017.0
PMID 28581356 a_Summary_SoE.pdf,Arm 2 (Placebo + Trastuzumab + Chemotherapy),control,1.0,2.0,6.0,11.0,16.0,22.0,21.0,Infusions every 21 days (Day 1). LVEF monitoring every 12 weeks (Days 15-21 of the preceding cycle).,,2017.0
PMID 28600132 CT_Summary_SoE.pdf,Arm 1: Brentuximab vedotin (SGN-35),intervention,2.0,4.0,9.0,13.0,17.0,21.0,21.0,Day 1 of each 21-day cycle for drug administration; additional PK sampling visits on Days 2 and 4 of Cycles 1 and 3.,,2017.0
PMID 28600132 CT_Summary_SoE.pdf,Arm 2: Physician's Choice (Methotrexate or Bexarotene),control,2.0,2.0,5.0,9.0,13.0,17.0,21.0,Day 1 of each 21-day cycle for clinical assessment and drug administration/prescription.,,2017.0
PMID 28632865 a_Summary_SoE.pdf,Arm A (Bevacizumab + FOLFOX/FOLFIRI),control,2.0,3.0,7.0,13.0,20.0,27.0,56.0,"Visits occur every 2 weeks (Days 1, 15, 29, 43 of each 56-day cycle).",,2017.0
PMID 28632865 a_Summary_SoE.pdf,Arm B (Cetuximab + FOLFOX/FOLFIRI),intervention,2.0,5.0,13.0,26.0,39.0,53.0,56.0,"Visits occur weekly (Days 1, 8, 15, 22, 29, 36, 43, 50 of each 56-day cycle).",,2017.0
PMID 28636851 a_Summary_SoE.pdf,Arm A (Nivolumab),intervention,2.0,3.0,7.0,13.0,20.0,27.0,14.0,"One visit every 14 days (Day 1 of each cycle) for IV infusion, labs, and clinical assessment.",,2017.0
PMID 28636851 a_Summary_SoE.pdf,Arm B (Investigator's Choice Chemotherapy),control,2.0,4.0,9.0,15.0,18.0,21.0,21.0,Two visits per 21-day cycle (Day 1 and Day 8) for up to 6 cycles (approx. 126 days).,,2017.0
PMID 28644114 a_Summary_SoE.pdf,Arm A (Midostaurin + Chemotherapy),intervention,2.0,12.0,28.0,48.0,56.0,66.0,28.0,"Induction: Days 1-7 (Inpatient), then twice weekly labs/exams. Consolidation (4 cycles): Days 1, 3, 5 (Infusions), then weekly labs/exams. Continuation (12 cycles): Monthly clinic visit + bi-weekly labs.",,2017.0
PMID 28644114 a_Summary_SoE.pdf,Arm B (Placebo + Chemotherapy),control,2.0,12.0,28.0,48.0,56.0,66.0,28.0,"Induction: Days 1-7 (Inpatient), then twice weekly labs/exams. Consolidation (4 cycles): Days 1, 3, 5 (Infusions), then weekly labs/exams. Continuation (12 cycles): Monthly clinic visit + bi-weekly labs.",,2017.0
PMID 28687830 a_Summary_SoE.pdf,Arm 1 (Radiation Therapy + Paclitaxel + Cisplatin + Cetuximab),intervention,3.0,22.0,29.0,30.0,31.0,32.0,7.0,"Daily radiation therapy (5 days/week) for 5.6 weeks (28 fractions); weekly chemotherapy, labs, and physical exams for 6 weeks.",,2017.0
PMID 28687830 a_Summary_SoE.pdf,Arm 2 (Radiation Therapy + Paclitaxel + Cisplatin),control,3.0,22.0,29.0,30.0,31.0,32.0,7.0,"Daily radiation therapy (5 days/week) for 5.6 weeks (28 fractions); weekly chemotherapy, labs, and physical exams for 6 weeks.",,2017.0
PMID 28746153 CT_Summary_SoE.pdf,Thoracic Epidural Analgesia (TEA),intervention,1.0,8.0,8.0,8.0,8.0,8.0,0.0,1 screening visit followed by daily inpatient assessments from surgery (Day 1) through discharge (approx. Day 8).,,2017.0
PMID 28746153 CT_Summary_SoE.pdf,Intravenous Patient Controlled Analgesia (IVPCA),control,1.0,8.0,8.0,8.0,8.0,8.0,0.0,1 screening visit followed by daily inpatient assessments from surgery (Day 1) through discharge (approx. Day 8).,,2017.0
PMID 28753384 a_Summary_SoE.pdf,Arm A (Cabazitaxel 25 mg/m² + Prednisone),intervention,2.0,5.0,11.0,15.0,19.0,24.0,21.0,Treatment administered every 21 days (Day 1). Hematology and biochemistry labs are performed weekly during the first 3 cycles (Days 8 and 15). Tumor assessments occur every 12 weeks (approximately every 4 cycles) and coincide with treatment days.,,2017.0
PMID 28753384 a_Summary_SoE.pdf,Arm B (Cabazitaxel 20 mg/m² + Prednisone),intervention,2.0,5.0,11.0,15.0,19.0,24.0,21.0,Treatment administered every 21 days (Day 1). Hematology and biochemistry labs are performed weekly during the first 3 cycles (Days 8 and 15). Tumor assessments occur every 12 weeks and coincide with treatment days.,,2017.0
PMID 28753384 a_Summary_SoE.pdf,Arm C (Docetaxel 75 mg/m² + Prednisone),control,2.0,5.0,11.0,15.0,19.0,24.0,21.0,Treatment administered every 21 days (Day 1). Hematology and biochemistry labs are performed weekly during the first 3 cycles (Days 8 and 15). Tumor assessments occur every 12 weeks and coincide with treatment days.,,2017.0
PMID 28754483 CT_Summary_SoE.pdf,Olaparib 300 mg bd tablets,intervention,0.0,0.0,0.0,0.0,0.0,0.0,,Not specified in the provided document.,,2017.0
PMID 28754483 CT_Summary_SoE.pdf,Matching Placebo,control,0.0,0.0,0.0,0.0,0.0,0.0,,Not specified in the provided document.,,2017.0
PMID 28796588 a_Summary_SoE.pdf,G-CHOP (GA101 plus CHOP),intervention,2.0,4.0,8.0,11.0,12.0,14.0,21.0,"Cycle 1: Days 1, 8, 15; Cycles 2-8: Day 1. Additional imaging visit in Cycle 4.",,2017.0
PMID 28796588 a_Summary_SoE.pdf,R-CHOP (Rituximab plus CHOP),control,2.0,2.0,6.0,9.0,10.0,12.0,21.0,Cycles 1-8: Day 1. Additional imaging visit in Cycle 4.,,2017.0
PMID 28809610 a_Summary_SoE.pdf,Arm A (Cabazitaxel 20 mg/m²),intervention,2.0,5.0,11.0,15.0,18.0,20.0,21.0,"Day 1, 8, 15 for Cycles 1-3; Day 1 only for Cycles 4-10.",,2017.0
PMID 28809610 a_Summary_SoE.pdf,Arm B (Cabazitaxel 25 mg/m²),control,2.0,5.0,11.0,15.0,18.0,20.0,21.0,"Day 1, 8, 15 for Cycles 1-3; Day 1 only for Cycles 4-10.",,2017.0
PMID 28854067 a_Summary_SoE.pdf,Arm A (Ipilimumab + Paclitaxel + Carboplatin),intervention,1.0,2.0,5.0,8.0,9.0,10.0,21.0,"Induction Phase: Cycles 1-6 every 3 weeks (Days 1, 22, 43, 64, 85, 106). Assessment visit at Week 19 (Day 127). Maintenance Phase: Every 12 weeks starting at Week 25 (Days 169, 253, 337).",,2017.0
PMID 28854067 a_Summary_SoE.pdf,Arm B (Placebo + Paclitaxel + Carboplatin),control,1.0,2.0,5.0,8.0,9.0,10.0,21.0,"Induction Phase: Cycles 1-6 every 3 weeks (Days 1, 22, 43, 64, 85, 106). Assessment visit at Week 19 (Day 127). Maintenance Phase: Every 12 weeks starting at Week 25 (Days 169, 253, 337).",,2017.0
PMID 28885881 a_Summary_SoE.pdf,Arm A (MEDI4736 / Durvalumab),intervention,1.0,3.0,7.0,13.0,20.0,26.0,14.0,Q2W infusions starting on Day 1 through Week 50 (maximum 26 doses).,,2017.0
PMID 28885881 a_Summary_SoE.pdf,Arm B (Placebo),control,1.0,3.0,7.0,13.0,20.0,26.0,14.0,Q2W infusions starting on Day 1 through Week 50 (maximum 26 doses).,,2017.0
PMID 28891408 a_Summary_SoE.pdf,Arm A (Dabrafenib + Trametinib),intervention,1.0,2.0,4.0,7.0,10.0,13.0,28.0,"Monthly visits (Day 1, then every 4 weeks through Month 12).",,2017.0
PMID 28891408 a_Summary_SoE.pdf,Arm B (Placebo),control,1.0,2.0,4.0,7.0,10.0,13.0,28.0,"Monthly visits (Day 1, then every 4 weeks through Month 12).",,2017.0
PMID 28891423 a_Summary_SoE.pdf,Arm B (Nivolumab 3 mg/kg + Ipilimumab Placebo),intervention,2.0,4.0,9.0,16.0,24.0,31.0,14.0,"Induction: Weeks 1, 3, 4, 5, 7, 9, 10, 11; Maintenance: Nivolumab q2w (Weeks 13-51) and Ipilimumab q12w (Weeks 24, 36, 48).",,2017.0
PMID 28891423 a_Summary_SoE.pdf,Arm A (Ipilimumab 10 mg/kg + Nivolumab Placebo),control,2.0,4.0,9.0,16.0,24.0,31.0,14.0,"Induction: Weeks 1, 3, 4, 5, 7, 9, 10, 11; Maintenance: Nivolumab q2w (Weeks 13-51) and Ipilimumab q12w (Weeks 24, 36, 48).",,2017.0
PMID 28902533 a_Summary_SoE.pdf,Pazopanib (600 mg or 800 mg daily),intervention,1.0,3.0,7.0,10.0,12.0,14.0,0.0,"Visits at Day 1, Day 8, Week 3, Week 5, Week 6.5, Week 8, Week 12, Week 16, Week 20, Week 24, Week 28, Week 36, Week 44, Week 52.",,2017.0
PMID 28902533 a_Summary_SoE.pdf,Matching Placebo,control,1.0,3.0,7.0,10.0,12.0,14.0,0.0,"Visits at Day 1, Day 8, Week 3, Week 5, Week 6.5, Week 8, Week 12, Week 16, Week 20, Week 24, Week 28, Week 36, Week 44, Week 52.",,2017.0
PMID 28916367 a_Summary_SoE.pdf,Rucaparib,intervention,2.0,2.0,4.0,7.0,10.0,14.0,28.0,Day 1 of every 28-day cycle; Imaging every 12 weeks (approx. every 3 cycles).,,2017.0
PMID 28916367 a_Summary_SoE.pdf,Placebo,control,2.0,2.0,4.0,7.0,10.0,14.0,28.0,Day 1 of every 28-day cycle; Imaging every 12 weeks (approx. every 3 cycles).,,2017.0
PMID 28916371 a_Summary_SoE.pdf,Arm A (Ramucirumab plus Docetaxel),intervention,2.0,2.0,5.0,9.0,13.0,18.0,21.0,Day 1 of each 21-day cycle.,,2017.0
PMID 28916371 a_Summary_SoE.pdf,Arm B (Placebo plus Docetaxel),control,2.0,2.0,5.0,9.0,13.0,18.0,21.0,Day 1 of each 21-day cycle.,,2017.0
PMID 28935843 a_Summary_SoE.pdf,Rituximab SC plus CHOP,intervention,1.0,3.0,8.0,10.0,10.0,10.0,14.0,1 visit per 14-day cycle for treatment (Day 1). Interim staging after cycle 4. Final response evaluation 30 days after the last treatment cycle.,,2017.0
PMID 28935843 a_Summary_SoE.pdf,Rituximab IV plus CHOP,control,1.0,3.0,8.0,10.0,10.0,10.0,14.0,1 visit per 14-day cycle for treatment (Day 1). Interim staging after cycle 4. Final response evaluation 30 days after the last treatment cycle.,,2017.0
PMID 28958469a_Summary_SoE.pdf,Lenalidomide,intervention,2.0,4.0,9.0,13.0,18.0,22.0,28.0,"Cycle 1 & 1st cycle of dose escalation: Days 1, 8, 15; 2nd cycle of dose level: Days 1, 15; Subsequent cycles: Day 1.",,2017.0
PMID 28958469a_Summary_SoE.pdf,Placebo,control,2.0,4.0,9.0,13.0,18.0,22.0,28.0,Identical to intervention arm to maintain blinding.,,2017.0
PMID 28968163 CT a_Summary_SoE.pdf,Experimental Arm A (LY2835219 + NSAI),intervention,1.0,2.0,5.0,10.0,14.0,20.0,28.0,"Day 1 of every 28-day cycle for treatment, labs, and monitoring; Days 21-28 of every second cycle for radiologic imaging.",,2017.0
PMID 28968163 CT a_Summary_SoE.pdf,Control Arm B (Placebo + NSAI),control,1.0,2.0,5.0,10.0,14.0,20.0,28.0,"Day 1 of every 28-day cycle for treatment, labs, and monitoring; Days 21-28 of every second cycle for radiologic imaging.",,2017.0
PMID 28976863 a_Summary_SoE.pdf,Arm B (Obinutuzumab + Chemotherapy),intervention,2.0,4.0,7.0,12.0,15.0,16.0,21.0,"Induction: Cycle 1 Days 1, 8, 15; Cycles 2-8 Day 1. Maintenance: Every 2 months.",,2017.0
PMID 28976863 a_Summary_SoE.pdf,Arm A (Rituximab + Chemotherapy),control,2.0,2.0,5.0,10.0,13.0,14.0,21.0,Induction: Cycles 1-8 Day 1. Maintenance: Every 2 months.,,2017.0
PMID 29091516 a_Summary_SoE.pdf,Bosutinib,intervention,3.0,5.0,9.0,12.0,13.0,14.0,,"Weekly for the first 4 weeks (Days 1, 7, 14, 21, 28), then bi-weekly for Months 2 and 3 (Days 42, 56, 70, 84), then monthly for Months 4-6 (Days 112, 140, 168), then quarterly (Days 252, 336).",,2018.0
PMID 29091516 a_Summary_SoE.pdf,Imatinib,control,3.0,5.0,9.0,12.0,13.0,14.0,,"Weekly for the first 4 weeks (Days 1, 7, 14, 21, 28), then bi-weekly for Months 2 and 3 (Days 42, 56, 70, 84), then monthly for Months 4-6 (Days 112, 140, 168), then quarterly (Days 252, 336).",,2018.0
PMID 29103871 CT_Summary_SoE.pdf,Arm A (Olaparib + Paclitaxel),intervention,2.0,5.0,12.0,21.0,24.0,28.0,28.0,"Cycles 1-2: Days 1, 8, 15, 22. Cycles 3-6: Days 1, 8, 15. Cycles 7+: Day 1.",,2017.0
PMID 29103871 CT_Summary_SoE.pdf,Arm B (Placebo + Paclitaxel),control,2.0,5.0,12.0,21.0,24.0,28.0,28.0,"Cycles 1-2: Days 1, 8, 15, 22. Cycles 3-6: Days 1, 8, 15. Cycles 7+: Day 1.",,2017.0
PMID 29136387 a_Summary_SoE.pdf,Duloxetine,intervention,1.0,2.0,4.0,5.0,5.0,5.0,,"Screening, Day 1, Day 15, Day 43, Day 85, and Day 169.",,2018.0
PMID 29136387 a_Summary_SoE.pdf,Placebo,control,1.0,2.0,4.0,5.0,5.0,5.0,,"Screening, Day 1, Day 15, Day 43, Day 85, and Day 169.",,2018.0
PMID 29151359 a_Summary_SoE.pdf,Arm A (AZD9291/osimertinib),intervention,1.0,4.0,7.0,10.0,12.0,14.0,21.0,"Cycle 1: Days 1, 8, 15; Cycles 2-6: Day 1 of every cycle; Cycle 7 onwards: Day 1 of every 2nd cycle (every 42 days).",,2018.0
PMID 29151359 a_Summary_SoE.pdf,Arm B (Standard of Care EGFR-TKI: gefitinib or erlotinib),control,1.0,4.0,7.0,10.0,12.0,14.0,21.0,"Cycle 1: Days 1, 8, 15; Cycles 2-6: Day 1 of every cycle; Cycle 7 onwards: Day 1 of every 2nd cycle (every 42 days).",,2018.0
PMID 29158011 CT_Summary_SoE.pdf,Arm A (Continuous letrozole),intervention,1.0,0.0,0.0,1.0,1.0,2.0,0.0,"Visits at Month 0, 6, 12, 18, 24, 30, 36, 42, 48, 54, 60.",,2018.0
PMID 29158011 CT_Summary_SoE.pdf,Arm B (Intermittent letrozole),intervention,1.0,0.0,0.0,1.0,1.0,2.0,0.0,"Visits at Month 0, 6, 12, 18, 24, 30, 36, 42, 48, 54, 60.",,2018.0
PMID 29169877 CT_Summary_SoE.pdf,Arm 1a (Carboplatin/Paclitaxel/Bevacizumab),intervention,1.0,2.0,5.0,9.0,13.0,18.0,21.0,"Every 21 days (q 3 weeks) for 6 cycles of chemotherapy, followed by Bevacizumab maintenance every 21 days until progression.",,2018.0
PMID 29169877 CT_Summary_SoE.pdf,Arm 1b (Carboplatin/Paclitaxel),control,1.0,2.0,5.0,7.0,8.0,9.0,21.0,"Every 21 days for 6 cycles of chemotherapy, followed by follow-up visits every 3 months.",,2018.0
PMID 29169877 CT_Summary_SoE.pdf,Arm 2a (Carboplatin/Paclitaxel/Bevacizumab/Cetuximab),intervention,1.0,5.0,13.0,26.0,39.0,52.0,21.0,Weekly visits for Cetuximab administration. Chemotherapy and Bevacizumab are administered every 3 weeks on the same day as a Cetuximab visit.,,2018.0
PMID 29169877 CT_Summary_SoE.pdf,Arm 2b (Carboplatin/Paclitaxel/Cetuximab),intervention,1.0,5.0,13.0,26.0,39.0,52.0,21.0,Weekly visits for Cetuximab administration. Chemotherapy is administered every 3 weeks for 6 cycles on the same day as a Cetuximab visit.,,2018.0
PMID 29224502 a_Summary_SoE.pdf,"Arm A (A+AVD: Brentuximab vedotin plus doxorubicin, vinblastine, and dacarbazine)",intervention,1.0,5.0,12.0,17.0,19.0,20.0,28.0,Infusions on D1 and D15 of each 28-day cycle. Extra PK lab days on D2 and D3 of Cycles 1 and 3. PET/CT scan on Cycle 2 Day 25.,,2018.0
PMID 29224502 a_Summary_SoE.pdf,"Arm B (ABVD: doxorubicin, bleomycin, vinblastine, and dacarbazine)",control,1.0,3.0,8.0,13.0,15.0,16.0,28.0,Infusions on D1 and D15 of each 28-day cycle. PET/CT scan on Cycle 2 Day 25.,,2018.0
PMID 29231094 a_Summary_SoE.pdf,LMWH/Edoxaban,intervention,1.0,1.0,2.0,3.0,4.0,6.0,0.0,"Screening (Pre-randomization), Day 1, Day 31, Month 3, Month 6, Month 9, Month 12",,2018.0
PMID 29231094 a_Summary_SoE.pdf,Dalteparin,control,1.0,1.0,2.0,3.0,4.0,6.0,0.0,"Screening (Pre-randomization), Day 1, Day 31, Month 3, Month 6, Month 9, Month 12",,2018.0
PMID 29238824 a_Summary_SoE.pdf,Gabapentin Arm,intervention,1.0,5.0,5.0,5.0,5.0,5.0,0.0,"1 pre-operative screening/consent visit, followed by surgery (Day 0) and a 3-day post-operative hospital stay (Days 1-3).",,2018.0
PMID 29238824 a_Summary_SoE.pdf,Placebo Arm,control,1.0,5.0,5.0,5.0,5.0,5.0,0.0,"Identical to the intervention arm: 1 pre-operative visit, surgery day, and 3 post-operative hospital days.",,2018.0
PMID 29238824 a_Summary_SoE.pdf,Observational Arm,control,1.0,5.0,5.0,5.0,5.0,5.0,0.0,"1 pre-operative visit, surgery day, and standard post-operative hospital stay.",,2018.0
PMID 29244528 a_Summary_SoE.pdf,Arm A (Lapatinib + Trastuzumab + AI),intervention,1.0,2.0,5.0,9.0,13.0,18.0,21.0,"Every 3 weeks for the first 6 months, then every 3 weeks thereafter for Trastuzumab administration.",,2018.0
PMID 29244528 a_Summary_SoE.pdf,Arm B (Trastuzumab + AI),control,1.0,2.0,5.0,9.0,13.0,18.0,21.0,"Every 3 weeks for the first 6 months, then every 3 weeks thereafter for Trastuzumab administration.",,2018.0
PMID 29244528 a_Summary_SoE.pdf,Arm C (Lapatinib + AI),intervention,1.0,2.0,5.0,9.0,11.0,13.0,21.0,"Every 3 weeks for the first 6 months, then every 6 weeks thereafter.",,2018.0
PMID 29268948 a_Summary_SoE.pdf,Arm A (Atezolizumab),intervention,2.0,4.0,7.0,11.0,15.0,20.0,21.0,Day 1 of each 21-day cycle.,,2018.0
PMID 29268948 a_Summary_SoE.pdf,"Arm B (Chemotherapy: Vinflunine, Paclitaxel, or Docetaxel)",control,2.0,4.0,7.0,11.0,15.0,20.0,21.0,Day 1 of each 21-day cycle.,,2018.0
PMID 29373094 a_Summary_SoE.pdf,SB3 (proposed trastuzumab biosimilar),intervention,2.0,5.0,8.0,14.0,18.0,22.0,21.0,"Day 1 of every 21-day cycle. Cycle 1 includes an additional Day 8 visit. Surgery period includes 3 distinct contact days (Pre-surgery evaluation, Surgery, and Post-surgery evaluation).",,2018.0
PMID 29373094 a_Summary_SoE.pdf,Herceptin (trastuzumab),control,2.0,5.0,8.0,14.0,18.0,22.0,21.0,"Day 1 of every 21-day cycle. Cycle 1 includes an additional Day 8 visit. Surgery period includes 3 distinct contact days (Pre-surgery evaluation, Surgery, and Post-surgery evaluation).",,2018.0
PMID 29420164 a_Summary_SoE.pdf,Arm A (Apalutamide/ARN-509),intervention,1.0,2.0,4.0,7.0,8.0,10.0,28.0,"Day 1 of every cycle for Cycles 1-6, then Day 1 of every 2 cycles for Cycles 7-13.",,2018.0
PMID 29420164 a_Summary_SoE.pdf,Arm B (Placebo),control,1.0,2.0,4.0,7.0,8.0,10.0,28.0,"Day 1 of every cycle for Cycles 1-6, then Day 1 of every 2 cycles for Cycles 7-13.",,2018.0
PMID 29477665 CT_Summary_SoE.pdf,Arm A (Placebo),control,3.0,5.0,8.0,11.0,14.0,18.0,28.0,"Cycle 1: Days 1, 8, 15, 22; Cycle 2: Days 1, 15; Cycles 3-13: Day 1; End of Treatment (EOT) visit.",,2018.0
PMID 29477665 CT_Summary_SoE.pdf,Arm B (Vemurafenib),intervention,3.0,5.0,8.0,11.0,14.0,18.0,28.0,"Cycle 1: Days 1, 8, 15, 22; Cycle 2: Days 1, 15; Cycles 3-13: Day 1; End of Treatment (EOT) visit.",,2018.0
PMID 29522138 a_Summary_SoE.pdf,Arm A (Pacritinib 400 mg QD),intervention,3.0,4.0,6.0,9.0,10.0,11.0,28.0,"Weekly for the first month (Days 1, 8, 15, 28), then every 4 weeks until Week 24 (Days 56, 84, 112, 140, 168), then every 12 weeks thereafter (Days 252, 336).",,2018.0
PMID 29522138 a_Summary_SoE.pdf,Arm B (Pacritinib 200 mg BID),intervention,3.0,4.0,6.0,9.0,10.0,11.0,28.0,"Weekly for the first month (Days 1, 8, 15, 28), then every 4 weeks until Week 24 (Days 56, 84, 112, 140, 168), then every 12 weeks thereafter (Days 252, 336).",,2018.0
PMID 29522138 a_Summary_SoE.pdf,Arm C (Best Available Therapy [BAT]),control,3.0,4.0,6.0,9.0,10.0,11.0,28.0,"Weekly for the first month (Days 1, 8, 15, 28), then every 4 weeks until Week 24 (Days 56, 84, 112, 140, 168), then every 12 weeks thereafter (Days 252, 336).",,2018.0
PMID 29528792 a_Summary_SoE.pdf,Arm A (Selumetinib + Dacarbazine),intervention,1.0,4.0,7.0,11.0,15.0,20.0,21.0,"Cycle 1: Days 1, 8, 15. Subsequent cycles: Day 1 only (Q3W).",,2018.0
PMID 29528792 a_Summary_SoE.pdf,Arm B (Placebo + Dacarbazine),control,1.0,4.0,7.0,11.0,15.0,20.0,21.0,"Cycle 1: Days 1, 8, 15. Subsequent cycles: Day 1 only (Q3W).",,2018.0
PMID 29543933 a_Summary_SoE.pdf,Arm 1 (Standard-dose 3D-CRT/IMRT: 70.2 Gy in 39 fractions),control,2.0,22.0,40.0,41.0,42.0,43.0,0.0,"Daily radiation therapy (5 fractions per week) for 39 fractions, followed by quarterly follow-up visits.",,2018.0
PMID 29543933 a_Summary_SoE.pdf,Arm 2 (High-dose 3D-CRT/IMRT: 79.2 Gy in 44 fractions),intervention,2.0,22.0,45.0,46.0,47.0,48.0,0.0,"Daily radiation therapy (5 fractions per week) for 44 fractions, followed by quarterly follow-up visits.",,2018.0
PMID 29562145 a_Summary_SoE.pdf,Arm A (Nivolumab + Ipilimumab),intervention,2.0,2.0,5.0,11.0,18.0,25.0,42.0,"Cycles 1-2: Days 1 and 22. Cycle 3+: Days 1, 15, and 29.",,2018.0
PMID 29562145 a_Summary_SoE.pdf,Arm B (Sunitinib),control,2.0,1.0,3.0,5.0,7.0,9.0,42.0,Day 1 of each 42-day cycle for drug dispensing and assessments.,,2018.0
PMID 29562156 a_Summary_SoE.pdf,Arm A (Venetoclax + Rituximab),intervention,1.0,6.0,13.0,18.0,21.0,22.0,28.0,"5-week ramp-up (Days 1, 2, 8, 15, 22, 29), then Cycle 1 (Days 1, 2, 8, 15), Cycles 2-3 (Days 1, 8, 15), Cycles 4-6 (Day 1).",,2018.0
PMID 29562156 a_Summary_SoE.pdf,Arm B (Bendamustine + Rituximab),control,1.0,6.0,14.0,18.0,21.0,22.0,28.0,"Cycles 1-3 (Days 1, 2, 8, 15), Cycles 4-6 (Days 1, 2).",,2018.0
PMID 29573941 a_Summary_SoE.pdf,Combo 450 (Encorafenib 450mg QD + Binimetinib 45mg BID),intervention,2.0,2.0,4.0,7.0,10.0,14.0,28.0,Day 1 of each 28-day cycle.,,2018.0
PMID 29573941 a_Summary_SoE.pdf,LGX818 (Encorafenib 300mg QD),intervention,2.0,2.0,4.0,7.0,10.0,14.0,28.0,Day 1 of each 28-day cycle.,,2018.0
PMID 29573941 a_Summary_SoE.pdf,Vemurafenib (960mg BID),control,2.0,2.0,4.0,7.0,10.0,14.0,28.0,Day 1 of each 28-day cycle.,,2018.0
PMID 29573941 a_Summary_SoE.pdf,Combo 300 (Encorafenib 300mg QD + Binimetinib 45mg BID),intervention,2.0,2.0,4.0,7.0,10.0,14.0,28.0,Day 1 of each 28-day cycle.,,2018.0
PMID 29624463 a_Summary_SoE.pdf,Arm 1: Adjuvant Hormonal Therapy (Casodex and Zoladex),control,1.0,1.0,1.0,2.0,3.0,4.0,90.0,Visits occur every 3 months (approx. 90 days) for Zoladex injections and assessments.,,2018.0
PMID 29624463 a_Summary_SoE.pdf,"Arm 2: Adjuvant Chemohormonal Therapy (Mitoxantrone, Prednisone, Casodex, Zoladex)",intervention,1.0,3.0,9.0,11.0,12.0,14.0,21.0,"Chemotherapy cycles are 21 days with mid-cycle labs. After 6 cycles, visits occur every 3 months.",,2018.0
PMID 29625879 CT_Summary_SoE.pdf,Tivantinib (ARQ 197),intervention,2.0,8.0,14.0,20.0,27.0,34.0,28.0,"Cycle 1: D1, 5, 9, 13, 17, 21, 25; Cycle 2: D1, 8, 15, 22; Cycle 3+: D1, 15.",,2018.0
PMID 29625879 CT_Summary_SoE.pdf,Placebo,control,2.0,8.0,14.0,20.0,27.0,34.0,28.0,"Cycle 1: D1, 5, 9, 13, 17, 21, 25; Cycle 2: D1, 8, 15, 22; Cycle 3+: D1, 15.",,2018.0
PMID 29658430 a_Summary_SoE.pdf,Arm A (Pembrolizumab),intervention,3.0,2.0,6.0,11.0,16.0,22.0,21.0,Dosing every 3 weeks (Q3W) for 1 year (total 18 doses). Imaging (CT/MRI) every 12 weeks (Q12W).,,2018.0
PMID 29658430 a_Summary_SoE.pdf,Arm B (Placebo),control,3.0,2.0,6.0,11.0,16.0,22.0,21.0,Placebo IV every 3 weeks (Q3W) for 1 year (total 18 doses). Imaging (CT/MRI) every 12 weeks (Q12W).,,2018.0
PMID 29658856 a_Summary_SoE.pdf,Arm 1 (Pembrolizumab + Pemetrexed + Platinum),intervention,1.0,2.0,5.0,9.0,13.0,18.0,21.0,Day 1 of each 21-day cycle,,2018.0
PMID 29658856 a_Summary_SoE.pdf,Arm 2 (Saline Placebo + Pemetrexed + Platinum),control,1.0,2.0,5.0,9.0,13.0,18.0,21.0,Day 1 of each 21-day cycle,,2018.0
PMID 29668860 a_Summary_SoE.pdf,Alectinib,intervention,0.0,0.0,0.0,0.0,0.0,0.0,,Not specified in the provided document,,2018.0
PMID 29668860 a_Summary_SoE.pdf,Chemotherapy,control,0.0,0.0,0.0,0.0,0.0,0.0,,Not specified in the provided document,,2018.0
PMID 29726361 CT_Summary_SoE.pdf,Arm 1 (Standard emollient skin care - Eucerin),control,2.0,22.0,26.0,26.0,26.0,26.0,0.0,Daily radiation therapy (5 days/week) for 5 weeks; one follow-up visit 10-14 days post-RT.,,2018.0
PMID 29726361 CT_Summary_SoE.pdf,Arm 2 (Mometasone furoate 0.1% cream - MF),intervention,2.0,22.0,26.0,26.0,26.0,26.0,0.0,Daily radiation therapy (5 days/week) for 5 weeks; one follow-up visit 10-14 days post-RT.,,2018.0
PMID 29801011 CT_Summary_SoE.pdf,Arm 1 (Gemcitabine),intervention,3.0,4.0,5.0,6.0,7.0,8.0,90.0,"Screening (2 days pre-study, 1 day pre-treatment), Treatment (Wk 1), Weekly follow-up for 1 month (Wk 2, 3, 4), then Quarterly (Mo 3, 6, 9, 12)",,2018.0
PMID 29801011 CT_Summary_SoE.pdf,Arm 2 (Saline),control,3.0,4.0,5.0,6.0,7.0,8.0,90.0,"Screening (2 days pre-study, 1 day pre-treatment), Treatment (Wk 1), Weekly follow-up for 1 month (Wk 2, 3, 4), then Quarterly (Mo 3, 6, 9, 12)",,2018.0
PMID 29804902 CT_Summary_SoE.pdf,Arm A (LEE011 + Tamoxifen/NSAI + Goserelin),intervention,2.0,3.0,6.0,9.0,12.0,16.0,28.0,"Cycle 1: Days 1, 15; Cycle 2: Day 1; Cycle 3: Days 1, 15; Subsequent cycles: Day 1",,2018.0
PMID 29804902 CT_Summary_SoE.pdf,Arm B (Placebo + Tamoxifen/NSAI + Goserelin),control,2.0,3.0,6.0,9.0,12.0,16.0,28.0,"Cycle 1: Days 1, 15; Cycle 2: Day 1; Cycle 3: Days 1, 15; Subsequent cycles: Day 1",,2018.0
PMID 29856685 a_Summary_SoE.pdf,Arm A (Ibrutinib + Rituximab),intervention,1.0,4.0,6.0,13.0,14.0,16.0,28.0,"Weekly for 4 weeks (Weeks 1-4 and 17-20), then q4 weeks (Weeks 5-16), then q8 weeks (Weeks 25+).",,2018.0
PMID 29856685 a_Summary_SoE.pdf,Arm B (Placebo + Rituximab),control,1.0,4.0,6.0,13.0,14.0,16.0,28.0,"Weekly for 4 weeks (Weeks 1-4 and 17-20), then q4 weeks (Weeks 5-16), then q8 weeks (Weeks 25+).",,2018.0
PMID 29860922 CT_Summary_SoE.pdf,Arm A (Ribociclib + Fulvestrant),intervention,2.0,3.0,6.0,9.0,12.0,16.0,28.0,"Cycle 1: Days 1, 15; Cycle 2: Days 1, 15; Cycle 3 onwards: Day 1 only.",,2018.0
PMID 29860922 CT_Summary_SoE.pdf,Arm B (Placebo + Fulvestrant),control,2.0,3.0,6.0,9.0,12.0,16.0,28.0,"Cycle 1: Days 1, 15; Cycle 2: Days 1, 15; Cycle 3 onwards: Day 1 only.",,2018.0
PMID 29863955 a_Summary_SoE.pdf,Arm A (Atezolizumab + Carboplatin + Paclitaxel),intervention,1.0,2.0,5.0,9.0,13.0,18.0,21.0,Day 1 of every 21-day cycle,,2018.0
PMID 29863955 a_Summary_SoE.pdf,Arm B (Atezolizumab + Carboplatin + Paclitaxel + Bevacizumab),intervention,1.0,2.0,5.0,9.0,13.0,18.0,21.0,Day 1 of every 21-day cycle,,2018.0
PMID 29863955 a_Summary_SoE.pdf,Arm C (Carboplatin + Paclitaxel + Bevacizumab),control,1.0,2.0,5.0,9.0,13.0,18.0,21.0,Day 1 of every 21-day cycle,,2018.0
PMID 29866475 CT_Summary_SoE.pdf,Arm A (Once-weekly Carfilzomib with Dexamethasone),intervention,1.0,4.0,10.0,19.0,28.0,40.0,28.0,"Days 1, 8, and 15 of each 28-day cycle.",,2018.0
PMID 29866475 CT_Summary_SoE.pdf,Arm B (Twice-weekly Carfilzomib with Dexamethasone),control,1.0,8.0,20.0,38.0,56.0,79.0,28.0,"Days 1, 2, 8, 9, 15, and 16 of each 28-day cycle.",,2018.0
PMID 29880231 a_Summary_SoE.pdf,Arm 1: Pembrolizumab (MK-3475),intervention,1.0,2.0,5.0,9.0,13.0,18.0,21.0,Day 1 of every 3-week cycle (Q3W),,2018.0
PMID 29880231 a_Summary_SoE.pdf,Arm 2: Paclitaxel,control,1.0,4.0,10.0,20.0,30.0,40.0,28.0,"Days 1, 8, and 15 of every 28-day cycle",,2018.0
PMID 29949494 a_Summary_SoE.pdf,Enzalutamide,intervention,1.0,2.0,2.0,3.0,4.0,5.0,112.0,"Day 1, Week 5, Week 17, then every 16 weeks thereafter.",,2018.0
PMID 29949494 a_Summary_SoE.pdf,Placebo,control,1.0,2.0,2.0,3.0,4.0,5.0,112.0,"Day 1, Week 5, Week 17, then every 16 weeks thereafter.",,2018.0
PMID 29972759 a_Summary_SoE.pdf,Arm A (Cabozantinib),intervention,1.0,3.0,6.0,9.0,12.0,16.0,28.0,"W1D1, W3D1, W5D1, W7D1, W9D1, then every 4 weeks (W13D1, W17D1, etc.)",,2018.0
PMID 29972759 a_Summary_SoE.pdf,Arm B (Placebo),control,1.0,3.0,6.0,9.0,12.0,16.0,28.0,"W1D1, W3D1, W5D1, W7D1, W9D1, then every 4 weeks (W13D1, W17D1, etc.)",,2018.0
PMID 29989857 a_Summary_SoE.pdf,Arm 1 (IMRT pelvic radiation treatment),intervention,3.0,22.0,33.0,34.0,34.0,35.0,7.0,Daily radiation therapy (5 days/week) for 5-6 weeks; weekly chemotherapy for 5 cycles coincides with radiation days.,,2018.0
PMID 29989857 a_Summary_SoE.pdf,Arm 2 (4-field pelvic radiation treatment),control,3.0,22.0,33.0,34.0,34.0,35.0,7.0,Daily radiation therapy (5 days/week) for 5-6 weeks; weekly chemotherapy for 5 cycles coincides with radiation days.,,2018.0
PMID 30010751 a_Summary_SoE.pdf,Arm A (Nintedanib + Best Supportive Care),intervention,1.0,3.0,6.0,10.0,14.0,19.0,21.0,"Course 1: Day 1, Day 8. Course 2 onwards: Day 1 of every 21-day cycle.",,2018.0
PMID 30010751 a_Summary_SoE.pdf,Arm B (Placebo + Best Supportive Care),control,1.0,3.0,6.0,10.0,14.0,19.0,21.0,"Course 1: Day 1, Day 8. Course 2 onwards: Day 1 of every 21-day cycle.",,2018.0
PMID 30024784 a_Summary_SoE.pdf,Arm A (CPX-351 Liposome Injection),intervention,1.0,8.0,18.0,31.0,34.0,37.0,42.0,"Induction/Consolidation visits on Days 1, 3, 5, 7, 10, 14, 21, 28, 35, 42. Follow-up is monthly.",,2018.0
PMID 30024784 a_Summary_SoE.pdf,Arm B (Conventional 7+3 Regimen),control,1.0,11.0,22.0,40.0,43.0,46.0,42.0,"Induction visits on Days 1-7, 10, 14, 21, 28, 35, 42. Consolidation visits on Days 1-5, 10, 14, 21, 28, 35, 42. Follow-up is monthly.",,2018.0
PMID 30040523 a_Summary_SoE.pdf,Arm A (Placebo + AC -> Placebo + Paclitaxel),control,2.0,2.0,5.0,16.0,17.0,18.0,21.0,"Cycles 1-4: Day 1 of 21-day cycles. Cycles 5-8: Days 1, 8, 15 of 21-day cycles.",,2018.0
PMID 30040523 a_Summary_SoE.pdf,Arm B (Bevacizumab + AC -> Bevacizumab + Paclitaxel),intervention,2.0,2.0,5.0,16.0,17.0,18.0,21.0,"Cycles 1-4: Day 1 of 21-day cycles. Cycles 5-8: Days 1, 8, 15 of 21-day cycles.",,2018.0
PMID 30040523 a_Summary_SoE.pdf,Arm C/D (Bevacizumab + AC -> Bevacizumab + Paclitaxel -> Bevacizumab Monotherapy),intervention,2.0,2.0,5.0,17.0,21.0,26.0,21.0,"Cycles 1-4: Day 1 of 21-day cycles. Cycles 5-8: Days 1, 8, 15 of 21-day cycles. Cycles 9-18: Day 1 of 21-day cycles.",,2018.0
PMID 30052729 CT_Summary_SoE.pdf,Arm A (Avelumab + Best Supportive Care),intervention,1.0,3.0,7.0,13.0,20.0,27.0,14.0,Once every 2 weeks (Day 1 of each 14-day cycle),,2018.0
PMID 30052729 CT_Summary_SoE.pdf,Arm B (Physician's Choice - Paclitaxel + BSC),control,1.0,4.0,10.0,20.0,30.0,40.0,28.0,"Days 1, 8, and 15 of a 4-week (28-day) cycle",,2018.0
PMID 30052729 CT_Summary_SoE.pdf,Arm C (Physician's Choice - Irinotecan + BSC),control,1.0,3.0,7.0,13.0,20.0,27.0,28.0,Days 1 and 15 of a 4-week (28-day) cycle,,2018.0
PMID 30052729 CT_Summary_SoE.pdf,Arm D (Physician's Choice - BSC Only),control,1.0,2.0,5.0,9.0,13.0,18.0,21.0,Once every 3 weeks (Day 1 of each 21-day cycle),,2018.0
PMID 30072745 a_Summary_SoE.pdf,Arm A (S-1 + Cisplatin),intervention,2.0,4.0,10.0,18.0,27.0,36.0,21.0,"Cycle 1: Days 1, 8, 15. Subsequent cycles: Days 1, 15.",,2018.0
PMID 30072745 a_Summary_SoE.pdf,Arm B (single-agent Cisplatin),control,2.0,4.0,10.0,18.0,27.0,36.0,21.0,"Cycle 1: Days 1, 8, 15. Subsequent cycles: Days 1, 15.",,2018.0
PMID 30100375 CT_Summary_SoE.pdf,Arm A (KW-0761 / mogamulizumab),intervention,1.0,6.0,12.0,21.0,31.0,42.0,28.0,"Cycle 1: Days 1, 8, 15, 22, 26-28. Subsequent cycles: Days 1, 15, 26-28.",,2018.0
PMID 30100375 CT_Summary_SoE.pdf,Arm B (Vorinostat / ZOLINZA),control,1.0,6.0,12.0,21.0,31.0,42.0,28.0,"Cycle 1: Days 1, 8, 15, 22, 26-28. Subsequent cycles: Days 1, 15, 26-28.",,2018.0
PMID 30105668 a_Summary_SoE.pdf,Arm A (VMP),control,2.0,8.0,15.0,24.0,32.0,42.0,42.0,"Cycle 1: 10 visits (Days 1, 4, 8, 11, 15, 22, 25, 29, 32, 36). Cycles 2-9: 4 visits (Days 1, 8, 22, 29).",,2019.0
PMID 30105668 a_Summary_SoE.pdf,Arm B (D-VMP),intervention,2.0,8.0,15.0,24.0,32.0,42.0,42.0,"Cycle 1: 10 visits (Days 1, 4, 8, 11, 15, 22, 25, 29, 32, 36). Cycles 2-9: 4 visits (Days 1, 8, 22, 29).",,2019.0
PMID 30110579 a_Summary_SoE.pdf,Arm A (Talazoparib),intervention,2.0,5.0,11.0,20.0,28.0,39.0,21.0,"Cycles 1-2: Days 1, 8, 15. Cycles 3+: Day 1 and one lab visit (Day 8 or 15).",,2018.0
PMID 30110579 a_Summary_SoE.pdf,Arm B (Physician's Choice),control,2.0,5.0,11.0,20.0,28.0,39.0,21.0,"Cycles 1-2: Days 1, 8, 15. Cycles 3+: Day 1 and Day 8 (representative of infusion schedule).",,2018.0
PMID 30177994 a_Summary_SoE.pdf,Arm A (Bevacizumab + Platinum Doublet / Bevacizumab monotherapy),intervention,2.0,2.0,5.0,9.0,13.0,18.0,21.0,Q3W (Every 21 days) on Day 1 of each cycle.,,2018.0
PMID 30177994 a_Summary_SoE.pdf,"Arm B (Standard of Care - Erlotinib, Docetaxel, or Pemetrexed)",control,2.0,2.0,5.0,9.0,13.0,18.0,21.0,"Q3W (Every 21 days) on Day 1 of each cycle, aligned with Arm A scheduling.",,2018.0
PMID 30262187 CT _Summary_SoE.pdf,Avelumab Arm,intervention,1.0,3.0,7.0,13.0,20.0,27.0,14.0,"Avelumab is administered every 2 weeks (Q2W). Visits occur on Day 1, 15, 29, etc.",,2018.0
PMID 30262187 CT _Summary_SoE.pdf,Docetaxel Arm,control,1.0,2.0,5.0,9.0,13.0,18.0,21.0,"Docetaxel is administered every 3 weeks (Q3W). Visits occur on Day 1, 22, 43, etc.",,2018.0
PMID 30280635 a_Summary_SoE.pdf,Arm 1 (Pembrolizumab + Carboplatin + Paclitaxel/Nab-paclitaxel),intervention,1.0,5.0,13.0,17.0,21.0,26.0,21.0,"Cycles 1-4: Days 1, 8, 15 (for nab-paclitaxel); Cycles 5+: Day 1 only.",,2018.0
PMID 30280635 a_Summary_SoE.pdf,Arm 2 (Placebo + Carboplatin + Paclitaxel/Nab-paclitaxel),control,1.0,5.0,13.0,17.0,21.0,26.0,21.0,"Cycles 1-4: Days 1, 8, 15 (for nab-paclitaxel); Cycles 5+: Day 1 only.",,2018.0
PMID 30280641 a_Summary_SoE.pdf,Arm A (Atezolizumab + Carboplatin + Etoposide),intervention,2.0,6.0,13.0,17.0,21.0,26.0,21.0,"Induction (Cycles 1-4): Days 1, 2, 3 of each 21-day cycle. Maintenance (Cycle 5+): Day 1 of each 21-day cycle.",,2018.0
PMID 30280641 a_Summary_SoE.pdf,Arm B (Placebo + Carboplatin + Etoposide),control,2.0,6.0,13.0,17.0,21.0,26.0,21.0,"Induction (Cycles 1-4): Days 1, 2, 3 of each 21-day cycle. Maintenance (Cycle 5+): Day 1 of each 21-day cycle.",,2018.0
PMID 30280657 a_Summary_SoE.pdf,Arm A (Brigatinib),intervention,1.0,4.0,8.0,13.0,17.0,23.0,28.0,"Cycle 1: Days 1, 8, 15; Cycle 2: Days 1, 15, 28; Cycle 3+: Day 1 of every cycle and Day 28 of every even cycle.",,2018.0
PMID 30280657 a_Summary_SoE.pdf,Arm B (Crizotinib),control,1.0,4.0,8.0,13.0,17.0,23.0,28.0,"Cycle 1: Days 1, 8, 15; Cycle 2: Days 1, 15, 28; Cycle 3+: Day 1 of every cycle and Day 28 of every even cycle.",,2018.0
PMID 30287523 CT_Summary_SoE.pdf,Arm A (Duvelisib),intervention,1.0,3.0,6.0,9.0,10.0,12.0,28.0,"Cycle 1 (21 days): D1, D8. Cycle 2 (28 days): D1, D15. Cycles 3-7: D1. Cycles 9-19: D1 every odd cycle.",,2018.0
PMID 30287523 CT_Summary_SoE.pdf,Arm B (Ofatumumab),control,1.0,5.0,9.0,12.0,13.0,15.0,28.0,"Cycle 1: D1, D8, D15. Cycle 2: D1, D8, D15, D22. Cycles 3-7: D1. Clinical Assessment Period (C9-19): D1 every odd cycle.",,2018.0
PMID 30345884 a_Summary_SoE.pdf,Olaparib Maintenance Monotherapy,intervention,3.0,5.0,7.0,10.0,13.0,17.0,28.0,"Days 1, 8, 15, 22, 29 in Month 1; then every 4 weeks (Day 1 of each 28-day period).",,2018.0
PMID 30345884 a_Summary_SoE.pdf,Matching Placebo,control,3.0,5.0,7.0,10.0,13.0,17.0,28.0,"Days 1, 8, 15, 22, 29 in Month 1; then every 4 weeks (Day 1 of each 28-day period).",,2018.0
PMID 30345906 a_Summary_SoE.pdf,Arm A (Atezolizumab + nab-paclitaxel),intervention,1.0,4.0,10.0,20.0,30.0,40.0,28.0,"Days 1, 8, and 15 of each 28-day cycle.",,2018.0
PMID 30345906 a_Summary_SoE.pdf,Arm B (Placebo + nab-paclitaxel),control,1.0,4.0,10.0,20.0,30.0,40.0,28.0,"Days 1, 8, and 15 of each 28-day cycle.",,2018.0
PMID 30346481 CT_Summary_SoE.pdf,Arm A (axitinib),intervention,2.0,3.0,5.0,7.0,8.0,10.0,28.0,"Cycle 1: Day 1, Day 15. Cycles 2-5: Day 1. Cycle 7 onwards: Day 1 every 8 weeks. Tumor imaging every 16 weeks.",,2018.0
PMID 30346481 CT_Summary_SoE.pdf,Arm B (placebo),control,2.0,3.0,5.0,7.0,8.0,10.0,28.0,"Cycle 1: Day 1, Day 15. Cycles 2-5: Day 1. Cycle 7 onwards: Day 1 every 8 weeks. Tumor imaging every 16 weeks.",,2018.0
PMID 30355453 CT_Summary_SoE.pdf,TAS-102 + Best Supportive Care (BSC),intervention,2.0,3.0,5.0,8.0,11.0,17.0,28.0,Cycle 1: Day 1 and Day 15. Subsequent Cycles: Day 1 only.,,2018.0
PMID 30355453 CT_Summary_SoE.pdf,Placebo + Best Supportive Care (BSC),control,2.0,3.0,5.0,8.0,11.0,17.0,28.0,Cycle 1: Day 1 and Day 15. Subsequent Cycles: Day 1 only.,,2018.0
PMID 30389036 CT_Summary_SoE.pdf,CT-P10 (375 mg/m² IV),intervention,1.0,4.0,5.0,7.0,8.0,10.0,56.0,"Induction: Weekly infusions for 4 weeks (Days 1, 8, 15, 22). Maintenance: Infusions every 8 weeks starting at Month 3 (approx. Day 57).",,2018.0
PMID 30389036 CT_Summary_SoE.pdf,US-licensed Rituxan (375 mg/m² IV),control,1.0,4.0,5.0,7.0,8.0,10.0,56.0,"Induction: Weekly infusions for 4 weeks (Days 1, 8, 15, 22). Maintenance: Infusions every 8 weeks starting at Month 3 (approx. Day 57).",,2018.0
PMID 30415629 a_Summary_SoE.pdf,Arm 1: Vitamin D3 (2000 IU/d) + Omacor® Fish Oil (840 mg EPA+DHA),intervention,1.0,0.0,0.0,0.0,0.0,0.0,0.0,The VITAL trial is conducted primarily via mail. Participants receive annual supplies of pills and complete follow-up questionnaires at home. The only in-person healthcare contact in the first year is an optional baseline blood draw (lab) during the 3-month run-in period.,,2019.0
PMID 30415629 a_Summary_SoE.pdf,Arm 2: Vitamin D3 (2000 IU/d) + Fish Oil Placebo,intervention,1.0,0.0,0.0,0.0,0.0,0.0,0.0,The VITAL trial is conducted primarily via mail. Participants receive annual supplies of pills and complete follow-up questionnaires at home. The only in-person healthcare contact in the first year is an optional baseline blood draw (lab) during the 3-month run-in period.,,2019.0
PMID 30415629 a_Summary_SoE.pdf,Arm 3: Placebo Vitamin D3 + Omacor® Fish Oil (840 mg EPA+DHA),intervention,1.0,0.0,0.0,0.0,0.0,0.0,0.0,The VITAL trial is conducted primarily via mail. Participants receive annual supplies of pills and complete follow-up questionnaires at home. The only in-person healthcare contact in the first year is an optional baseline blood draw (lab) during the 3-month run-in period.,,2019.0
PMID 30415629 a_Summary_SoE.pdf,Arm 4: Placebo Vitamin D3 + Placebo Fish Oil,control,1.0,0.0,0.0,0.0,0.0,0.0,0.0,The VITAL trial is conducted primarily via mail. Participants receive annual supplies of pills and complete follow-up questionnaires at home. The only in-person healthcare contact in the first year is an optional baseline blood draw (lab) during the 3-month run-in period.,,2019.0
PMID 30449625 CT_Summary_SoE.pdf,Arm 1 (Accelerated IMRT + Cisplatin),control,2.0,22.0,31.0,32.0,33.0,34.0,21.0,5 days per week for 6 weeks of radiotherapy; Cisplatin on Days 1 and 22.,,2019.0
PMID 30449625 CT_Summary_SoE.pdf,Arm 2 (Accelerated IMRT + Cetuximab),intervention,2.0,18.0,33.0,34.0,35.0,36.0,7.0,1 loading dose 1 week pre-RT; 5 days per week for 6 weeks of RT; 1 dose 1 week post-RT.,,2019.0
PMID 30501481 a_Summary_SoE.pdf,Arm 1 (Bendamustine plus Rituximab),control,2.0,3.0,9.0,13.0,14.0,15.0,28.0,"Cycle 1: Day 0, 1, 2; Cycles 2-6: Day 1, 2; Follow-up: Every 3 cycles (Day 1).",,2018.0
PMID 30501481 a_Summary_SoE.pdf,Arm 2 (Ibrutinib Alone),intervention,2.0,1.0,4.0,6.0,7.0,8.0,28.0,Day 1 of every cycle for labs/assessments; CT scans at C4 and C9.,,2018.0
PMID 30501481 a_Summary_SoE.pdf,Arm 3 (Ibrutinib plus Rituximab),intervention,2.0,1.0,7.0,9.0,10.0,11.0,28.0,"Cycle 1: Day 1; Cycle 2: Day 1, 8, 15, 22; Cycles 3-6: Day 1; Follow-up: Every 3 cycles (Day 1).",,2018.0
PMID 30509740 a_Summary_SoE.pdf,Pembrolizumab (MK-3475),intervention,1.0,2.0,5.0,9.0,13.0,18.0,21.0,1 visit per 3-week cycle (Day 1),,2019.0
PMID 30509740 a_Summary_SoE.pdf,"Standard Treatment (Methotrexate, Docetaxel, or Cetuximab)",control,1.0,5.0,13.0,26.0,39.0,53.0,21.0,"3 visits per 3-week cycle (Days 1, 8, 15) for Methotrexate/Cetuximab; 1 visit (Day 1) for Docetaxel.",,2019.0
PMID 30516102 a_Summary_SoE.pdf,Arm A (Trastuzumab emtansine),intervention,2.0,3.0,7.0,12.0,17.0,20.0,21.0,"Day 1 (Infusion), Day 8 (Biomarker labs - Cycle 1 only), Days 14-21 (ECHO every 4 cycles)",,2019.0
PMID 30516102 a_Summary_SoE.pdf,Arm B (Trastuzumab),control,2.0,3.0,7.0,12.0,17.0,20.0,21.0,"Day 1 (Infusion), Day 8 (Biomarker labs - Cycle 1 only), Days 14-21 (ECHO every 4 cycles)",,2019.0
PMID 30522922 CT_Summary_SoE.pdf,Experimental Arm (Brentuximab vedotin + CHP),intervention,2.0,4.0,8.0,13.0,14.0,15.0,21.0,Day 1 of each 21-day cycle for treatment (8 cycles total). Day 3 of Cycles 1 and 2 for PK labs. Restaging imaging (CT/PET) after Cycle 4 and at the end of treatment. End-of-treatment (EOT) visit approximately 30 days after the last dose. Long-term follow-up visits every 3 months starting at Month 9.,,2019.0
PMID 30522922 CT_Summary_SoE.pdf,Standard-of-care Arm (CHOP),control,2.0,4.0,8.0,13.0,14.0,15.0,21.0,Day 1 of each 21-day cycle for treatment (8 cycles total). Day 3 of Cycles 1 and 2 for PK labs. Restaging imaging (CT/PET) after Cycle 4 and at the end of treatment. End-of-treatment (EOT) visit approximately 30 days after the last dose. Long-term follow-up visits every 3 months starting at Month 9.,,2019.0
PMID 30522969 CT_Summary_SoE.pdf,Arm A (Ibrutinib + Obinutuzumab),intervention,2.0,5.0,7.0,10.0,13.0,17.0,28.0,"Cycle 1: Days 1, 2, 8, 15; Cycles 2-6: Day 1; Cycles 7+: Day 1 every cycle.",,2019.0
PMID 30522969 CT_Summary_SoE.pdf,Arm B (Chlorambucil + Obinutuzumab),control,2.0,5.0,9.0,14.0,15.0,16.0,28.0,"Cycle 1: Days 1, 2, 8, 15; Cycles 2-6: Days 1 and 15; Post-treatment: Every 12 weeks (q3 months).",,2019.0
PMID 30545780 CT_Summary_SoE.pdf,Ixazomib,intervention,1.0,4.0,7.0,10.0,13.0,17.0,28.0,"Cycle 1: Days 1, 8, 15; Cycle 2: Days 1, 8; Cycles 3-26: Day 1",,2019.0
PMID 30545780 CT_Summary_SoE.pdf,Placebo,control,1.0,4.0,7.0,10.0,13.0,17.0,28.0,"Cycle 1: Days 1, 8, 15; Cycle 2: Days 1, 8; Cycles 3-26: Day 1",,2019.0
PMID 30575484 a_Summary_SoE.pdf,Arm 1 (Sorafenib),intervention,1.0,3.0,5.0,8.0,11.0,15.0,28.0,Cycle 1: Day 1 and Day 15. Cycle 2 onwards: Day 1 of each cycle. Imaging every 2 cycles starting from Cycle 3.,,2018.0
PMID 30575484 a_Summary_SoE.pdf,Arm 2 (Placebo),control,1.0,3.0,5.0,8.0,11.0,15.0,28.0,Cycle 1: Day 1 and Day 15. Cycle 2 onwards: Day 1 of each cycle. Imaging every 2 cycles starting from Cycle 3.,,2018.0
PMID 30653422 a_Summary_SoE.pdf,Arm A (Tandem Autologous Transplants followed by Lenalidomide Maintenance),intervention,2.0,3.0,6.0,9.0,12.0,13.0,28.0,"Transplant milestones followed by monthly maintenance for 3 months, then every 3 months.",,2019.0
PMID 30653422 a_Summary_SoE.pdf,Arm B (Single Autologous Transplant followed by Lenalidomide Maintenance),control,2.0,3.0,5.0,8.0,9.0,10.0,28.0,"Transplant milestones followed by monthly maintenance for 3 months, then every 3 months.",,2019.0
PMID 30653422 a_Summary_SoE.pdf,Arm C (Single Autologous Transplant plus RVD Consolidation followed by Lenalidomide Maintenance),intervention,2.0,3.0,5.0,12.0,18.0,19.0,21.0,"Transplant milestones followed by 4 cycles of RVD consolidation (21-day cycles), then maintenance.",,2019.0
PMID 30659987 CT_Summary_SoE.pdf,Arm A (Nivolumab),intervention,2.0,3.0,7.0,13.0,20.0,27.0,14.0,Day 1 of every 2-week cycle (Q2W).,,2019.0
PMID 30659987 CT_Summary_SoE.pdf,Arm B (Docetaxel),control,2.0,2.0,5.0,9.0,13.0,18.0,21.0,Day 1 of every 3-week cycle (Q3W).,,2019.0
PMID 30665869 CT_Summary_SoE.pdf,Arm A (Ramucirumab + Best Supportive Care),intervention,3.0,3.0,7.0,13.0,20.0,27.0,14.0,"Intravenous infusion on Day 1 of every 14-day cycle. Screening involves three distinct windows (<=21, <=14, and <=7 days).",,2019.0
PMID 30665869 CT_Summary_SoE.pdf,Arm B (Placebo + Best Supportive Care),control,3.0,3.0,7.0,13.0,20.0,27.0,14.0,"Intravenous infusion on Day 1 of every 14-day cycle. Screening involves three distinct windows (<=21, <=14, and <=7 days).",,2019.0
PMID 30707661 a_Summary_SoE.pdf,Arm A (Alisertib),intervention,1.0,6.0,14.0,27.0,40.0,54.0,21.0,"Days 1, 8, and 15 of every 21-day cycle. Cycle 1 includes an additional PK visit on Day 7.",,2019.0
PMID 30707661 a_Summary_SoE.pdf,Arm B (Pralatrexate),control,1.0,5.0,13.0,26.0,39.0,52.0,49.0,"Weekly dosing for 6 weeks (Days 1, 8, 15, 22, 29, 36) in a 7-week cycle.",,2019.0
PMID 30763142 a_Summary_SoE.pdf,Arm A (Darolutamide),intervention,1.0,3.0,3.0,4.0,5.0,6.0,112.0,"Day 1, Day 15, Day 29, then every 16 weeks (Week 16, 32, 48, etc.)",,2019.0
PMID 30763142 a_Summary_SoE.pdf,Arm B (Placebo),control,1.0,3.0,3.0,4.0,5.0,6.0,112.0,"Day 1, Day 15, Day 29, then every 16 weeks (Week 16, 32, 48, etc.)",,2019.0
PMID 30763730 CT_Summary_SoE.pdf,Arm A (AZD9291 Monotherapy),control,2.0,0.0,0.0,0.0,0.0,0.0,28.0,No scheduled in-person visits during treatment; remote drug dispensing via IxRS call/web every 28 days.,,2019.0
PMID 30763730 CT_Summary_SoE.pdf,Arm B (AZD9291 + MEDI4736 Combination),intervention,2.0,3.0,7.0,13.0,20.0,27.0,28.0,Visits occur on Day 1 and Day 15 of every 28-day cycle for MEDI4736 IV infusions.,,2019.0
PMID 30777794 a_Summary_SoE.pdf,Arm A (Thalidomide-Prednisolone),control,16.0,2.0,5.0,9.0,13.0,18.0,21.0,1 visit every 21 days for Zoledronic acid and monthly assessments.,,2019.0
PMID 30777794 a_Summary_SoE.pdf,Arm B (Bortezomib-Thalidomide-Prednisolone),intervention,16.0,4.0,11.0,21.0,32.0,37.0,35.0,"4 visits per 35-day cycle (Days 1, 8, 15, 22) for 8 cycles, followed by 21-day Zoledronic acid visits.",,2019.0
PMID 30779529 a_Summary_SoE.pdf,Arm 1 (Pembrolizumab + Axitinib),intervention,2.0,3.0,6.0,10.0,14.0,19.0,21.0,"Cycle 1: Day 1, Day 8; Cycles 2-18: Day 1 only",,2019.0
PMID 30779529 a_Summary_SoE.pdf,Arm 2 (Sunitinib),control,2.0,3.0,6.0,10.0,12.0,14.0,42.0,"Cycle 1: Day 1, Day 15, Day 29; Cycles 2-4: Day 1, Day 29; Cycles 5-9: Day 1 only",,2019.0
PMID 30786186 a_Summary_SoE.pdf,Arm A (Rivaroxaban),intervention,1.0,1.0,2.0,4.0,4.0,4.0,56.0,"Day 1, Week 8 (Day 56), Week 16 (Day 112), Day 180 (EOT)",,2019.0
PMID 30786186 a_Summary_SoE.pdf,Arm B (Placebo),control,1.0,1.0,2.0,4.0,4.0,4.0,56.0,"Day 1, Week 8 (Day 56), Week 16 (Day 112), Day 180 (EOT)",,2019.0
PMID 30811280 a_Summary_SoE.pdf,Arm A (N3I1: Nivolumab 3 mg/kg + Ipilimumab 1 mg/kg),intervention,1.0,2.0,5.0,9.0,14.0,20.0,21.0,"Part 1: Every 3 weeks for 4 doses (Days 1, 22, 43, 64). Part 2: Every 4 weeks starting 6 weeks after last combo dose (Days 106, 134, 162, 190, 218, 246, 274, 302, 330, 358). Imaging every 8 weeks (Weeks 12, 20, 28, 36, 44, 52).",,2019.0
PMID 30811280 a_Summary_SoE.pdf,Arm B (N1I3: Nivolumab 1 mg/kg + Ipilimumab 3 mg/kg),control,1.0,2.0,5.0,9.0,14.0,20.0,21.0,"Part 1: Every 3 weeks for 4 doses (Days 1, 22, 43, 64). Part 2: Every 4 weeks starting 6 weeks after last combo dose (Days 106, 134, 162, 190, 218, 246, 274, 302, 330, 358). Imaging every 8 weeks (Weeks 12, 20, 28, 36, 44, 52).",,2019.0
PMID 30817251 CT_Summary_SoE.pdf,Arm V+G (PROSTVAC-V/F plus GM-CSF),intervention,2.0,3.0,5.0,8.0,8.0,9.0,0.0,"Weeks 1, 3, 5, 9, 13, 17, 21 (Vaccinations); Week 25 (End of Treatment); Month 6 post-EoT (Follow-up)",,2019.0
PMID 30817251 CT_Summary_SoE.pdf,Arm V (PROSTVAC-V/F plus GM-CSF placebo),intervention,2.0,3.0,5.0,8.0,8.0,9.0,0.0,"Weeks 1, 3, 5, 9, 13, 17, 21 (Vaccinations); Week 25 (End of Treatment); Month 6 post-EoT (Follow-up)",,2019.0
PMID 30817251 CT_Summary_SoE.pdf,Arm P (Double placebo),control,2.0,3.0,5.0,8.0,8.0,9.0,0.0,"Weeks 1, 3, 5, 9, 13, 17, 21 (Placebo Vaccinations); Week 25 (End of Treatment); Month 6 post-EoT (Follow-up)",,2019.0
PMID 30819926 a_Summary_SoE.pdf,Carfilzomib group (KMP),intervention,2.0,4.0,9.0,18.0,26.0,36.0,42.0,"Days 1, 8, 22, and 29 of cycles 1 to 9.",,2019.0
PMID 30819926 a_Summary_SoE.pdf,Bortezomib group (VMP),control,2.0,4.0,9.0,17.0,21.0,26.0,42.0,"Days 1, 8, 22, and 29 of cycles 1 to 4; Days 1 and 22 of cycles 5 to 9.",,2019.0
PMID 30897038 a_Summary_SoE.pdf,Experimental: Rituximab plus Lenalidomide (CC-5013),intervention,2.0,4.0,9.0,13.0,16.0,19.0,28.0,"Cycle 1: Days 1, 8, 15, 22; Cycles 2-4: Days 1, 15; Cycles 5-12: Day 1; plus an End of Treatment (EOT) visit.",,2019.0
PMID 30897038 a_Summary_SoE.pdf,Control: Rituximab plus Placebo,control,2.0,4.0,9.0,13.0,16.0,19.0,28.0,"Cycle 1: Days 1, 8, 15, 22; Cycles 2-4: Days 1, 15; Cycles 5-12: Day 1; plus an End of Treatment (EOT) visit.",,2019.0
PMID 30901302 a_Summary_SoE.pdf,Arm A (Placebo + R-CHOP),control,3.0,5.0,13.0,26.0,26.0,27.0,21.0,Day 1 of each cycle for treatment; weekly labs (every 7 days) throughout the active treatment phase.,,2019.0
PMID 30901302 a_Summary_SoE.pdf,Arm B (Ibrutinib + R-CHOP),intervention,3.0,5.0,13.0,26.0,26.0,27.0,21.0,Day 1 of each cycle for treatment; weekly labs (every 7 days) throughout the active treatment phase.,,2019.0
PMID 30939090 a_Summary_SoE.pdf,Arm A (R-CHOP),intervention,2.0,2.0,6.0,8.0,9.0,10.0,21.0,Day 1 of each 21-day cycle for 6 cycles.,,2019.0
PMID 30939090 a_Summary_SoE.pdf,Arm B (DA-EPOCH-R),intervention,2.0,9.0,27.0,38.0,39.0,40.0,21.0,Day 1 of each 21-day cycle plus twice-weekly monitoring visits for 6 cycles.,,2019.0
PMID 30955977 a_Summary_SoE.pdf,Arm A (Pembrolizumab),intervention,1.0,2.0,5.0,9.0,13.0,18.0,21.0,Day 1 of each 21-day cycle.,,2019.0
PMID 30955977 a_Summary_SoE.pdf,Arm B (Standard of Care Platinum-based Chemotherapy),control,1.0,2.0,5.0,9.0,13.0,18.0,21.0,Day 1 of each 21-day cycle.,,2019.0
PMID 30990550 a_Summary_SoE.pdf,Arm A (Doxepin mouthwash),intervention,1.0,6.0,6.0,6.0,6.0,6.0,1.0,1 screening visit; 1 Day 1 clinic visit for initial dose and assessments; 5 days of radiotherapy visits during the 7-day optional continuation phase.,,2019.0
PMID 30990550 a_Summary_SoE.pdf,Arm B (DLA mouthwash),intervention,1.0,6.0,6.0,6.0,6.0,6.0,1.0,1 screening visit; 1 Day 1 clinic visit for initial dose and assessments; 5 days of radiotherapy visits during the 7-day optional continuation phase.,,2019.0
PMID 30990550 a_Summary_SoE.pdf,Arm C (Placebo mouthwash),control,1.0,6.0,6.0,6.0,6.0,6.0,1.0,1 screening visit; 1 Day 1 clinic visit for initial dose and assessments; 5 days of radiotherapy visits during the 7-day optional continuation phase.,,2019.0
PMID 30995174 a_Summary_SoE.pdf,Regimen I (Pelvic Radiation Therapy),control,2.0,22.0,29.0,30.0,31.0,32.0,1.0,Daily fractions (5 days per week) for 5-6 weeks (total 25-28 treatments).,,2019.0
PMID 30995174 a_Summary_SoE.pdf,Regimen II (Vaginal Cuff Brachytherapy + Chemotherapy),intervention,2.0,6.0,13.0,14.0,15.0,16.0,21.0,"Brachytherapy (approx. 3 fractions) followed by 3 cycles of chemotherapy every 21 days, with weekly toxicity/lab checks.",,2019.0
PMID 30995176 CT a_Summary_SoE.pdf,Arm A (High-dose GS-1101),intervention,1.0,3.0,7.0,10.0,12.0,14.0,0.0,"Every 2 weeks for the first 12 weeks, then every 4 weeks until Week 24, then every 6 weeks until Week 48, and every 12 weeks thereafter.",,2019.0
PMID 30995176 CT a_Summary_SoE.pdf,Arm B (Standard-dose GS-1101),control,1.0,3.0,7.0,10.0,12.0,14.0,0.0,"Every 2 weeks for the first 12 weeks, then every 4 weeks until Week 24, then every 6 weeks until Week 48, and every 12 weeks thereafter.",,2019.0
PMID 31002578 a_Summary_SoE.pdf,"Arm I (TJIV: IV paclitaxel, IV carboplatin, IV bevacizumab)",control,2.0,5.0,13.0,21.0,25.0,30.0,21.0,"Phase A (Cycles 1-6): Days 1, 8, 15 of each 21-day cycle. Phase B (Cycles 7-22): Day 1 of each 21-day cycle.",,2019.0
PMID 31002578 a_Summary_SoE.pdf,"Arm II (TJIP: IV paclitaxel, IP carboplatin, IV bevacizumab)",intervention,2.0,5.0,13.0,21.0,25.0,30.0,21.0,"Phase A (Cycles 1-6): Days 1, 8, 15 of each 21-day cycle. Phase B (Cycles 7-22): Day 1 of each 21-day cycle.",,2019.0
PMID 31002578 a_Summary_SoE.pdf,"Arm III (TCTIP: IV paclitaxel, IP cisplatin, IP paclitaxel, IV bevacizumab)",intervention,2.0,6.0,14.0,21.0,25.0,30.0,21.0,"Phase A (Cycles 1-6): Days 1, 2, 8 of each 21-day cycle. Phase B (Cycles 7-22): Day 1 of each 21-day cycle.",,2019.0
PMID 31003911 CT_Summary_SoE.pdf,Arm A (Cobimetinib + Atezolizumab),intervention,1.0,3.0,7.0,13.0,20.0,27.0,28.0,Days 1 and 15 of each 28-day cycle.,,2019.0
PMID 31003911 CT_Summary_SoE.pdf,Arm B (Atezolizumab Monotherapy),intervention,1.0,3.0,6.0,10.0,14.0,19.0,21.0,"Day 1 of each 21-day cycle, plus Day 15 of Cycle 1 only.",,2019.0
PMID 31003911 CT_Summary_SoE.pdf,Arm C (Regorafenib),control,1.0,5.0,9.0,12.0,15.0,19.0,28.0,"Cycle 1: Days 1, 8, 15, 22; Cycle 2: Days 1, 8, 15; Cycle 3+: Day 1 of each 28-day cycle.",,2019.0
PMID 31070709 CT_Summary_SoE.pdf,Arm A (ASP8273),intervention,1.0,3.0,5.0,8.0,9.0,11.0,28.0,"Cycle 1: Day 1 and Day 15; Cycles 2-7: Day 1; Cycles 9, 11, 13 (odd cycles thereafter): Day 1.",,2019.0
PMID 31070709 CT_Summary_SoE.pdf,Arm B (Erlotinib or Gefitinib),control,1.0,3.0,5.0,8.0,9.0,11.0,28.0,"Cycle 1: Day 1 and Day 15; Cycles 2-7: Day 1; Cycles 9, 11, 13 (odd cycles thereafter): Day 1.",,2019.0
PMID 31079938 CT_Summary_SoE.pdf,Arm A (Atezolizumab + Bevacizumab),intervention,2.0,2.0,5.0,9.0,13.0,18.0,42.0,Days 1 and 22 of each 42-day cycle.,,2019.0
PMID 31079938 CT_Summary_SoE.pdf,Arm B (Sunitinib),control,2.0,2.0,5.0,9.0,13.0,18.0,42.0,Day 1 of each 42-day cycle; Day 22 visits are required for the first year only.,,2019.0
PMID 31091374 a_Summary_SoE.pdf,Arm B (Alpelisib + Fulvestrant),intervention,2.0,4.0,7.0,10.0,13.0,17.0,28.0,"Cycle 1: Days 1, 8, 15; Cycle 2: Days 1, 15; Subsequent cycles: Day 1 only.",,2019.0
PMID 31091374 a_Summary_SoE.pdf,Arm A (Placebo + Fulvestrant),control,2.0,4.0,7.0,10.0,13.0,17.0,28.0,"Cycle 1: Days 1, 8, 15; Cycle 2: Days 1, 15; Subsequent cycles: Day 1 only.",,2019.0
PMID 31097405 a_Summary_SoE.pdf,"Arm A (Pomalidomide, Bortezomib, and low-dose Dexamethasone)",intervention,2.0,7.0,18.0,34.0,42.0,52.0,21.0,"Cycles 1-8: Days 1, 4, 8, 11; Cycles 9+: Days 1, 8",,2019.0
PMID 31097405 a_Summary_SoE.pdf,Arm B (Bortezomib and low-dose Dexamethasone),control,2.0,7.0,18.0,34.0,42.0,52.0,21.0,"Cycles 1-8: Days 1, 4, 8, 11; Cycles 9+: Days 1, 8",,2019.0
PMID 31122901 CT_Summary_SoE.pdf,Arm A (Atezolizumab + Carboplatin + nab-Paclitaxel),intervention,2.0,5.0,13.0,21.0,25.0,30.0,21.0,"Induction (Cycles 1-6): Days 1, 8, 15. Maintenance (Cycle 7+): Day 1 only.",,2019.0
PMID 31122901 CT_Summary_SoE.pdf,Arm B (Carboplatin + nab-Paclitaxel),control,2.0,5.0,13.0,21.0,25.0,30.0,21.0,"Induction (Cycles 1-6): Days 1, 8, 15. Maintenance (Cycle 7+): Day 1 only.",,2019.0
PMID 31141632 a_Summary_SoE.pdf,Arm A (Rd: Lenalidomide and Dexamethasone),control,1.0,5.0,11.0,17.0,20.0,24.0,28.0,"Cycles 1-2: Days 1, 8, 15, 22; Cycles 3-6: Days 1, 15; Cycle 7+: Day 1",,2019.0
PMID 31141632 a_Summary_SoE.pdf,"Arm B (DRd: Daratumumab, Lenalidomide, and Dexamethasone)",intervention,1.0,5.0,11.0,17.0,20.0,24.0,28.0,"Cycles 1-2: Days 1, 8, 15, 22; Cycles 3-6: Days 1, 15; Cycle 7+: Day 1",,2019.0
PMID 31150574 a_Summary_SoE.pdf,Arm A (Apalutamide + ADT),intervention,2.0,2.0,4.0,7.0,10.0,13.0,28.0,"Day 1 of every 28-day cycle for the first 13 cycles (C1-C13), then every 2 cycles (q2 cycles) until Cycle 25.",,2019.0
PMID 31150574 a_Summary_SoE.pdf,Arm B (Placebo + ADT),control,2.0,2.0,4.0,7.0,10.0,13.0,28.0,"Day 1 of every 28-day cycle for the first 13 cycles (C1-C13), then every 2 cycles (q2 cycles) until Cycle 25.",,2019.0
PMID 31157963 a_Summary_SoE.pdf,Arm A (Olaparib),intervention,2.0,5.0,7.0,10.0,13.0,17.0,28.0,"Cycle 1: Days 1, 8, 15, 22. Cycle 2 and onwards: Day 1 of every 28-day cycle.",,2019.0
PMID 31157963 a_Summary_SoE.pdf,Arm B (Placebo),control,2.0,5.0,7.0,10.0,13.0,17.0,28.0,"Cycle 1: Days 1, 8, 15, 22. Cycle 2 and onwards: Day 1 of every 28-day cycle.",,2019.0
PMID 31166681 a_Summary_SoE.pdf,Arm A (Obinutuzumab + Venetoclax),intervention,1.0,5.0,10.0,13.0,16.0,20.0,28.0,"Cycle 1: Days 1, 2, 8, 15, 22; Cycle 2: Days 1, 8, 15, 22; Cycles 3-12: Day 1 only.",,2019.0
PMID 31166681 a_Summary_SoE.pdf,Arm B (Obinutuzumab + Chlorambucil),control,1.0,4.0,8.0,14.0,20.0,27.0,28.0,"Cycle 1: Days 1, 2, 8, 15; Cycles 2-12: Days 1 and 15.",,2019.0
PMID 31175001 CT_Summary_SoE.pdf,Arm A (Quizartinib Monotherapy),intervention,1.0,6.0,9.0,12.0,15.0,19.0,28.0,"Cycle 1: Days 1, 2, 8, 15, 16; Cycle 2: Days 1, 15; Cycle 3: Day 1; Cycle 4+: Day 1.",,2019.0
PMID 31175001 CT_Summary_SoE.pdf,Arm B (Salvage Chemotherapy - LoDAC),control,1.0,12.0,38.0,72.0,102.0,133.0,28.0,Days 1-10 of every cycle for drug administration; Day 15 of Cycles 1 and 2 for ECG/Labs.,,2019.0
PMID 31189035 a_Summary_SoE.pdf,Regimen I (Cisplatin + RT followed by Carboplatin + Paclitaxel),intervention,1.0,20.0,26.0,31.0,32.0,33.0,21.0,Radiation phase: 5 days/week for 5 weeks (25 days). Chemo phase: 4 cycles of 21 days with Day 1 visits.,,2019.0
PMID 31189035 a_Summary_SoE.pdf,Regimen II (Carboplatin + Paclitaxel),control,1.0,2.0,5.0,7.0,8.0,9.0,21.0,6 cycles of 21 days with Day 1 visits.,,2019.0
PMID 31194247 a_Summary_SoE.pdf,Arm A (Afatinib),intervention,1.0,4.0,6.0,9.0,12.0,16.0,28.0,"Weekly for the first month (Visits 2-5), then every 4 weeks (Visits 6-23).",,2019.0
PMID 31194247 a_Summary_SoE.pdf,Arm B (Placebo),control,1.0,4.0,6.0,9.0,12.0,16.0,28.0,"Weekly for the first month (Visits 2-5), then every 4 weeks (Visits 6-23).",,2019.0
PMID 31221619 a_Summary_SoE.pdf,Arm A (Pembrolizumab + Epacadostat),intervention,1.0,2.0,5.0,9.0,13.0,18.0,21.0,Day 1 of each 21-day cycle,,2019.0
PMID 31221619 a_Summary_SoE.pdf,Arm B (Pembrolizumab + Placebo),control,1.0,2.0,5.0,9.0,13.0,18.0,21.0,Day 1 of each 21-day cycle,,2019.0
PMID 31240472 CT_Summary_SoE.pdf,Arm A (Plitidepsin + Dexamethasone),intervention,3.0,5.0,13.0,26.0,39.0,53.0,28.0,"Days 1, 8, 15, and 22 of every 28-day cycle.",,2019.0
PMID 31240472 CT_Summary_SoE.pdf,Arm B (Dexamethasone Alone),control,3.0,5.0,13.0,26.0,39.0,53.0,28.0,"Days 1, 8, 15, and 22 of every 28-day cycle.",,2019.0
PMID 31246522 CT_Summary_SoE.pdf,Arm A: Conventional Induction (HD-ADE),control,1.0,10.0,23.0,42.0,43.0,43.0,28.0,"Induction I (6 days), Induction II (8 days), Consolidation I (5 days), Consolidation II (4 days), NK Therapy (13 days treatment + 3 days monitoring)",,2019.0
PMID 31246522 CT_Summary_SoE.pdf,Arm B: Experimental Induction (Clo/AraC),intervention,1.0,9.0,22.0,41.0,42.0,42.0,28.0,"Induction I (5 days), Induction II (8 days), Consolidation I (5 days), Consolidation II (4 days), NK Therapy (13 days treatment + 3 days monitoring)",,2019.0
PMID 31248843 CT_Summary_SoE.pdf,Arm 1 (Cyclosporine + Mycophenolate Mofetil),control,2.0,18.0,44.0,57.0,60.0,63.0,0.0,"3x per week for first 3 months, then weekly until Day 150/180, then monthly.",,2019.0
PMID 31248843 CT_Summary_SoE.pdf,Arm 2 (Cyclosporine + Mycophenolate Mofetil + Sirolimus),intervention,2.0,18.0,44.0,57.0,60.0,63.0,0.0,"3x per week for first 3 months, then weekly until Day 150/180, then monthly.",,2019.0
PMID 31327687 CT_Summary_SoE.pdf,Arm A (Pembrolizumab + Pomalidomide + Low Dose Dexamethasone),intervention,1.0,3.0,7.0,13.0,19.0,27.0,28.0,"Day 1 of every 28-day cycle plus every 21 days for Pembrolizumab infusion. This results in 2 unique visit days per cycle (e.g., C1D1, C1D22; C2D1, C2D15; C3D1, C3D8).",,2019.0
PMID 31327687 CT_Summary_SoE.pdf,Arm B (Pomalidomide + Low Dose Dexamethasone),control,1.0,2.0,4.0,7.0,10.0,14.0,28.0,"Day 1 of every 28-day cycle only. Doses on Days 8, 15, and 22 are administered at home as per protocol note 2 on page 47.",,2019.0
PMID 31327689 a_Summary_SoE.pdf,Arm A (Pembrolizumab + Lenalidomide + Dexamethasone),intervention,2.0,3.0,7.0,13.0,19.0,27.0,28.0,"Pembrolizumab IV every 21 days (C1D1, C1D22, C2D15, C3D8, etc.) plus a mandatory clinic visit on Day 1 of every 28-day cycle for labs and assessments.",,2019.0
PMID 31327689 a_Summary_SoE.pdf,Arm B (Lenalidomide + Dexamethasone),control,2.0,2.0,4.0,7.0,10.0,14.0,28.0,"One clinic visit per 28-day cycle on Day 1 for labs, physical exams, and safety monitoring.",,2019.0
PMID 31329516 a_Summary_SoE.pdf,Arm A (Enzalutamide + ADT),intervention,1.0,2.0,3.0,4.0,5.0,6.0,84.0,"Screening visit, Day 1 (randomization and first dose), Day 29 (Week 5), and then every 84 days (Weeks 13, 25, 37, 49) thereafter.",,2019.0
PMID 31329516 a_Summary_SoE.pdf,Arm B (Placebo + ADT),control,1.0,2.0,3.0,4.0,5.0,6.0,84.0,"Screening visit, Day 1 (randomization and first dose), Day 29 (Week 5), and then every 84 days (Weeks 13, 25, 37, 49) thereafter.",,2019.0
PMID 31338773 CT_Summary_SoE.pdf,Arm A (bevacizumab-Pfizer + paclitaxel + carboplatin),intervention,1.0,2.0,5.0,9.0,13.0,18.0,21.0,Day 1 of each 21-day cycle,,2019.0
PMID 31338773 CT_Summary_SoE.pdf,Arm B (bevacizumab-EU + paclitaxel + carboplatin),control,1.0,2.0,5.0,9.0,13.0,18.0,21.0,Day 1 of each 21-day cycle,,2019.0
PMID 31345387 CT_Summary_SoE.pdf,Arm A (Reduced Dose Radiation + Carboplatin),intervention,2.0,12.0,29.0,50.0,53.0,54.0,21.0,"Induction: 6 days/cycle (D1-4 infusions, D5 chemistry, D8 hematology). CRT: 5 days/week (daily radiation, weekly carboplatin). Follow-up: Monthly in Year 1.",,2019.0
PMID 31345387 CT_Summary_SoE.pdf,Arm B (Standard Dose Radiation + Carboplatin),control,2.0,12.0,29.0,55.0,58.0,59.0,21.0,Induction: 6 days/cycle. CRT: 5 days/week. Follow-up: Monthly in Year 1.,,2019.0
PMID 31361535 a_Summary_SoE.pdf,Arm A (Bevacizumab Maintenance),control,2.0,2.0,6.0,10.0,14.0,19.0,21.0,Day 1 of every 21-day cycle for treatment. One additional day for randomization/baseline assessments between induction and maintenance phases.,,2019.0
PMID 31361535 a_Summary_SoE.pdf,Arm B (Pemetrexed Maintenance),intervention,2.0,2.0,6.0,10.0,14.0,19.0,21.0,Day 1 of every 21-day cycle for treatment. One additional day for randomization/baseline assessments between induction and maintenance phases.,,2019.0
PMID 31361535 a_Summary_SoE.pdf,Arm C (Bevacizumab + Pemetrexed Maintenance),intervention,2.0,2.0,6.0,10.0,14.0,19.0,21.0,Day 1 of every 21-day cycle for treatment. One additional day for randomization/baseline assessments between induction and maintenance phases.,,2019.0
PMID 31365801 a_Summary_SoE.pdf,Arm A (Ibrutinib + Rituximab),intervention,1.0,3.0,5.0,8.0,9.0,10.0,28.0,Cycle 1 Day 1 (Labs/Exam); Cycle 2 Days 1-2 (Rituximab); Cycles 3-7 Day 1 (Rituximab); then every 90 days for follow-up/continuation.,,2019.0
PMID 31365801 a_Summary_SoE.pdf,Arm B (FCR),control,1.0,5.0,12.0,19.0,20.0,21.0,28.0,"Cycles 1-6 Days 1, 2, and 3 (FCR infusions); follow-up visits at end of Cycle 6, 3 months post-treatment, and 12 months post-registration.",,2019.0
PMID 31371228 CT_Summary_SoE.pdf,Group B (Adjuvant HIPEC + Standard Adjuvant Systemic Chemotherapy),intervention,1.0,2.0,6.0,11.0,12.0,13.0,21.0,"1 visit for simultaneous HIPEC/Resection; 1 lab visit at Day 14 post-HIPEC; 8 cycles of CAPOX chemotherapy (1 visit per 21-day cycle); Follow-up visits at 3, 6, and 12 months.",,2019.0
PMID 31371228 CT_Summary_SoE.pdf,Group A (Standard Adjuvant Systemic Chemotherapy),control,1.0,1.0,5.0,10.0,11.0,12.0,21.0,"1 visit for primary resection; 8 cycles of CAPOX chemotherapy (1 visit per 21-day cycle); Follow-up visits at 3, 6, and 12 months.",,2019.0
PMID 31399378 CT_Summary_SoE.pdf,V212 (Inactivated Varicella-Zoster Virus Vaccine),intervention,1.0,1.0,3.0,5.0,5.0,5.0,30.0,"Day 1 (V1), Day 31 (V2), Day 61 (V3), Day 91 (V4), Day 119 (V5)",,2019.0
PMID 31399378 CT_Summary_SoE.pdf,Placebo,control,1.0,1.0,3.0,5.0,5.0,5.0,30.0,"Day 1 (V1), Day 31 (V2), Day 61 (V3), Day 91 (V4), Day 119 (V5)",,2019.0
PMID 31454045 a_Summary_SoE.pdf,Regimen A (Single Myeloablative Consolidation),intervention,3.0,18.0,45.0,81.0,105.0,110.0,21.0,"Induction: 6 cycles of 21 days (chemo Days 1-5, G-CSF labs 2x weekly). Consolidation: 36-day cycle (inpatient stay ~25 days). XRT: 20 daily fractions. Maintenance: 6 cycles of 28 days (Day 1 clinic).",,2019.0
PMID 31454045 a_Summary_SoE.pdf,Regimen B (Tandem Myeloablative Consolidation),intervention,3.0,18.0,45.0,81.0,126.0,130.0,21.0,"Induction: Same as Arm A. Consolidation: Two tandem transplants (HSCT1 ~25 days, HSCT2 ~25 days). XRT: 20 daily fractions. Maintenance: Starts later due to tandem transplant duration.",,2019.0
PMID 31486832 a_Summary_SoE.pdf,Arm A (Sorafenib plus Doxorubicin),intervention,2.0,2.0,7.0,13.0,19.0,26.0,21.0,Day 1 of every 21-day cycle for treatment and labs; Restaging imaging every 2 cycles (6 weeks) performed on a separate day.,,2019.0
PMID 31486832 a_Summary_SoE.pdf,Arm B (Sorafenib alone),control,2.0,2.0,7.0,13.0,19.0,26.0,21.0,Day 1 of every 21-day cycle for clinic assessments and drug supply; Restaging imaging every 2 cycles (6 weeks) performed on a separate day.,,2019.0
PMID 31562799 a_Summary_SoE.pdf,Arm A (Niraparib),intervention,1.0,5.0,7.0,10.0,13.0,17.0,28.0,"Cycle 1: Days 1, 8, 15, 22. Subsequent cycles: Day 1 only. RECIST imaging every 12 weeks.",,2019.0
PMID 31562799 a_Summary_SoE.pdf,Arm B (Placebo),control,1.0,5.0,7.0,10.0,13.0,17.0,28.0,"Cycle 1: Days 1, 8, 15, 22. Subsequent cycles: Day 1 only. RECIST imaging every 12 weeks.",,2019.0
PMID 31566309 a_Summary_SoE.pdf,Triplet Arm (Encorafenib + Binimetinib + Cetuximab),intervention,2.0,5.0,13.0,26.0,39.0,53.0,28.0,"Weekly visits (Days 1, 8, 15, 22) for Cetuximab infusions.",,2019.0
PMID 31566309 a_Summary_SoE.pdf,Doublet Arm (Encorafenib + Cetuximab),intervention,2.0,5.0,13.0,26.0,39.0,53.0,28.0,"Weekly visits (Days 1, 8, 15, 22) for Cetuximab infusions.",,2019.0
PMID 31566309 a_Summary_SoE.pdf,Control Arm (Irinotecan/Cetuximab or FOLFIRI/Cetuximab),control,2.0,5.0,13.0,26.0,39.0,53.0,28.0,"Weekly visits (Days 1, 8, 15, 22) for Cetuximab infusions.",,2019.0
PMID 31582355 a_Summary_SoE.pdf,Arm A (ONO-4538 / Nivolumab),intervention,1.0,4.0,8.0,14.0,20.0,28.0,42.0,"D1, D15, D29 infusions; D8 labs (Cycle 1 only); D43 assessment/imaging every cycle.",,2019.0
PMID 31582355 a_Summary_SoE.pdf,Arm B (Control - Paclitaxel),control,1.0,5.0,13.0,26.0,39.0,53.0,56.0,Weekly infusions for 6 weeks followed by 2 weeks off; Labs on D43 and D50 of each cycle.,,2019.0
PMID 31590988 a_Summary_SoE.pdf,Durvalumab + platinum-etoposide (EP),intervention,1.0,2.0,5.0,8.0,11.0,15.0,21.0,"q3w for 4 cycles (Days 1, 22, 43, 64), then q4w maintenance (Days 85, 113, 141, 169, 197, 225, 253, 281, 309, 337, 365)",,2019.0
PMID 31590988 a_Summary_SoE.pdf,Durvalumab + tremelimumab + EP,intervention,1.0,2.0,5.0,8.0,11.0,15.0,21.0,"q3w for 4 cycles (Days 1, 22, 43, 64), then q4w maintenance (Days 85, 113, 141, 169, 197, 225, 253, 281, 309, 337, 365)",,2019.0
PMID 31590988 a_Summary_SoE.pdf,EP alone,control,1.0,2.0,5.0,7.0,8.0,8.0,21.0,"q3w for 6 cycles (Days 1, 22, 43, 64, 85, 106), followed by EOT and Safety Follow-up.",,2019.0
PMID 31591063 CT a_Summary_SoE.pdf,Arm A (Erlotinib + Ramucirumab),intervention,2.0,3.0,7.0,13.0,20.0,27.0,14.0,Day 1 of each 14-day cycle,,2019.0
PMID 31591063 CT a_Summary_SoE.pdf,Arm B (Erlotinib + Placebo),control,2.0,3.0,7.0,13.0,20.0,27.0,14.0,Day 1 of each 14-day cycle,,2019.0
PMID 31618129 a_Summary_SoE.pdf,Arm A (Platinum-doublet chemotherapy alone),control,2.0,2.0,5.0,7.0,9.0,10.0,21.0,"Day 1 of each 21-day cycle for 6 cycles, followed by follow-up visits every 6-9 weeks.",,2019.0
PMID 31618129 a_Summary_SoE.pdf,Arm B (Platinum-doublet chemotherapy plus Bevacizumab),intervention,2.0,2.0,5.0,9.0,13.0,18.0,21.0,Day 1 of each 21-day cycle.,,2019.0
PMID 31629060 a_Summary_SoE.pdf,Group A (Darbepoetin alfa),intervention,1.0,2.0,5.0,9.0,13.0,18.0,21.0,Once-every-3-weeks (Q3W) visits for drug administration and assessments.,,2020.0
PMID 31629060 a_Summary_SoE.pdf,Group B (Placebo),control,1.0,2.0,5.0,9.0,13.0,18.0,21.0,Once-every-3-weeks (Q3W) visits for placebo administration and assessments.,,2020.0
PMID 31645288 CT_Summary_SoE.pdf,Regional Anesthesia and Analgesia,intervention,1.0,2.0,2.0,2.0,2.0,3.0,0.0,"1 screening visit, 1 surgery day (Day 0), 1 post-operative day (Day 1), and 1 yearly mammogram (Day ~365).",,2019.0
PMID 31645288 CT_Summary_SoE.pdf,General Anesthesia and Opioid Analgesia,control,1.0,2.0,2.0,2.0,2.0,3.0,0.0,"1 screening visit, 1 surgery day (Day 0), 1 post-operative day (Day 1), and 1 yearly mammogram (Day ~365).",,2019.0
PMID 31647503 a_Summary_SoE.pdf,Arm A (Pertuzumab + Trastuzumab + Docetaxel),intervention,2.0,3.0,8.0,13.0,17.0,22.0,21.0,Day 1 of each 21-day cycle for treatment. Additional ECHO/MUGA visits in Cycles 1 and 3 (Days 15-21). Pre-surgery visit at Cycle 4 Day 22. Surgery occurs after Cycle 4.,,2020.0
PMID 31647503 a_Summary_SoE.pdf,Arm B (Placebo + Trastuzumab + Docetaxel),control,2.0,3.0,8.0,13.0,17.0,22.0,21.0,Day 1 of each 21-day cycle for treatment. Additional ECHO/MUGA visits in Cycles 1 and 3 (Days 15-21). Pre-surgery visit at Cycle 4 Day 22. Surgery occurs after Cycle 4.,,2020.0
PMID 31665578 a_Summary_SoE.pdf,Arm 1 (ASP2215 / Gilteritinib),intervention,1.0,6.0,9.0,12.0,15.0,19.0,28.0,"Cycle 1: Days 1, 4, 8, 9, 15; Cycle 2: Days 1, 15; Subsequent Cycles: Day 1.",,2019.0
PMID 31665578 a_Summary_SoE.pdf,Arm 2 (Salvage Chemotherapy),control,1.0,13.0,38.0,72.0,102.0,133.0,28.0,"Cycle 1: Days 1-10 (treatment), Day 15 (assessment); Cycle 2: Days 1-10 (treatment), Day 15 (assessment); Subsequent Cycles: Days 1-10 (treatment).",,2019.0
PMID 31679945 a_Summary_SoE.pdf,Pembrolizumab Monotherapy,intervention,1.0,2.0,5.0,9.0,13.0,18.0,21.0,Day 1 of each 3-week cycle.,,2019.0
PMID 31679945 a_Summary_SoE.pdf,Pembrolizumab + Platinum + 5-FU,intervention,1.0,2.0,5.0,9.0,13.0,18.0,21.0,Day 1 of each 3-week cycle.,,2019.0
PMID 31679945 a_Summary_SoE.pdf,Cetuximab + Platinum + 5-FU (Standard Treatment),control,1.0,5.0,13.0,26.0,39.0,53.0,21.0,"Days 1, 8, and 15 of each 3-week cycle (Weekly Cetuximab).",,2019.0
PMID 31688884 a_Summary_SoE.pdf,Caspofungin Arm (Experimental),intervention,1.0,21.0,63.0,106.0,106.0,106.0,28.0,Daily IV infusions during the neutropenic period of each chemotherapy course (approx. 21 days per course).,,2019.0
PMID 31688884 a_Summary_SoE.pdf,Fluconazole Arm (Standard),control,1.0,6.0,18.0,31.0,31.0,31.0,28.0,Twice-weekly lab visits during the neutropenic period of each chemotherapy course.,,2019.0
PMID 31693129 CT_Summary_SoE.pdf,Arm 1 (Zoledronic Acid),intervention,1.0,1.0,3.0,6.0,7.0,8.0,30.0,"Monthly for the first 6 months, then every 3 months (Months 9, 12, 15, 18, 21, 24, 27, 30, 33, 36).",,2020.0
PMID 31693129 CT_Summary_SoE.pdf,Arm 2 (Clodronate),control,1.0,1.0,3.0,6.0,7.0,8.0,30.0,"Monthly for the first 6 months, then every 3 months (Months 9, 12, 15, 18, 21, 24, 27, 30, 33, 36).",,2020.0
PMID 31693129 CT_Summary_SoE.pdf,Arm 3 (Ibandronate),intervention,1.0,1.0,3.0,6.0,7.0,8.0,30.0,"Monthly for the first 6 months, then every 3 months (Months 9, 12, 15, 18, 21, 24, 27, 30, 33, 36).",,2020.0
PMID 31725692 CT_Summary_SoE.pdf,Intervention Group (Acetaminophen and Carbohydrate Loading),intervention,1.0,2.0,2.0,2.0,2.0,2.0,0.0,"Screening/Enrollment visit, Surgery Day (Day 1), and a One-week follow-up visit.",,2020.0
PMID 31725692 CT_Summary_SoE.pdf,Control Group (Usual Perioperative Care),control,1.0,2.0,2.0,2.0,2.0,2.0,0.0,"Screening/Enrollment visit, Surgery Day (Day 1), and a One-week follow-up visit.",,2020.0
PMID 31735560 CT_Summary_SoE.pdf,Arm A: IPd (Isatuximab + Pomalidomide + Dexamethasone),intervention,2.0,5.0,9.0,15.0,21.0,29.0,28.0,"Cycle 1: Days 1, 8, 15, 22. Subsequent cycles: Days 1 and 15.",,2019.0
PMID 31735560 CT_Summary_SoE.pdf,Arm B: Pd (Pomalidomide + Dexamethasone),control,2.0,5.0,9.0,12.0,15.0,19.0,28.0,"Cycle 1: Days 1, 8, 15, 22. Cycles 2-3: Days 1 and 15. Cycle 4+: Day 1 only.",,2019.0
PMID 31800611 a_Summary_SoE.pdf,Arm A (Ketorolac),intervention,1.0,2.0,2.0,2.0,2.0,3.0,0.0,"Screening visit, Day 0 (Surgery/Infusion), Day 8 (Discharge), Year 1 Follow-up",,2019.0
PMID 31800611 a_Summary_SoE.pdf,Arm B (Placebo),control,1.0,2.0,2.0,2.0,2.0,3.0,0.0,"Screening visit, Day 0 (Surgery/Infusion), Day 8 (Discharge), Year 1 Follow-up",,2019.0
PMID 31806543 CT_Summary_SoE.pdf,Denosumab 120 mg,intervention,3.0,2.0,4.0,7.0,8.0,9.0,28.0,"Q4W (every 4 weeks) for the first 6 months, followed by Q3M (every 3 months) for 54 months.",,2020.0
PMID 31806543 CT_Summary_SoE.pdf,Matching Placebo,control,3.0,2.0,4.0,7.0,8.0,9.0,28.0,"Q4W (every 4 weeks) for the first 6 months, followed by Q3M (every 3 months) for 54 months.",,2020.0
PMID 31810797 CT_Summary_SoE.pdf,Tivozanib Hydrochloride (tivozanib),intervention,1.0,3.0,5.0,8.0,11.0,15.0,28.0,"C1D1, C1D15, then D1 of every subsequent 28-day cycle.",,2020.0
PMID 31810797 CT_Summary_SoE.pdf,Sorafenib,control,1.0,3.0,5.0,8.0,11.0,15.0,28.0,"C1D1, C1D15, then D1 of every subsequent 28-day cycle.",,2020.0
PMID 31820339 CT_Summary_SoE.pdf,Arm A (PF-05280586 / rituximab-Pfizer),intervention,1.0,5.0,5.0,6.0,7.0,9.0,7.0,"4 weekly doses (Days 1, 8, 15, 22), followed by visits at Week 5, 13, 26, 39, and 52.",,2020.0
PMID 31820339 CT_Summary_SoE.pdf,Arm B (rituximab-EU / MabThera),control,1.0,5.0,5.0,6.0,7.0,9.0,7.0,"4 weekly doses (Days 1, 8, 15, 22), followed by visits at Week 5, 13, 26, 39, and 52.",,2020.0
PMID 31821109 a_Summary_SoE.pdf,Arm 1 (Chemotherapy Alone - AC→WP),control,3.0,3.0,8.0,17.0,17.0,18.0,14.0,"AC q2w x 4 cycles, then WP weekly x 12 doses.",,2020.0
PMID 31821109 a_Summary_SoE.pdf,Arm 2 (Chemotherapy + Trastuzumab - AC→WP+H→H),intervention,3.0,3.0,8.0,18.0,22.0,28.0,21.0,"AC q2w x 4, then WP+H weekly x 12, then H q3w x 13 doses.",,2020.0
PMID 31924332 CT_Summary_SoE.pdf,Arm A (Trabectedin + DOXIL),intervention,1.0,5.0,13.0,26.0,39.0,53.0,21.0,"Day 1 (Treatment/Labs), Day 8 (Labs), Day 15 (Labs) of each 21-day cycle.",,2020.0
PMID 31924332 CT_Summary_SoE.pdf,Arm B (DOXIL Monotherapy),control,1.0,5.0,13.0,26.0,39.0,53.0,28.0,"Day 1 (Treatment/Labs), Day 8 (Labs), Day 15 (Labs), Day 22 (Labs) of each 28-day cycle.",,2020.0
PMID 31935026 a_Summary_SoE.pdf,Arm A (MEAL Program Intervention),intervention,1.0,1.0,2.0,3.0,4.0,5.0,0.0,Preregistration visit followed by PSA blood draws every 3 months and clinic visits every 6 months.,,2020.0
PMID 31935026 a_Summary_SoE.pdf,Arm B (Control Group),control,1.0,1.0,2.0,3.0,4.0,5.0,0.0,Preregistration visit followed by PSA blood draws every 3 months and clinic visits every 6 months.,,2020.0
PMID 32010577 a_Summary_SoE.pdf,IBI305 + Paclitaxel/Carboplatin,intervention,1.0,2.0,5.0,9.0,13.0,18.0,21.0,One visit per 21-day cycle (Day 1).,,2019.0
PMID 32010577 a_Summary_SoE.pdf,Bevacizumab + Paclitaxel/Carboplatin,control,1.0,2.0,5.0,9.0,13.0,18.0,21.0,One visit per 21-day cycle (Day 1).,,2019.0
PMID 32031887 CT_Summary_SoE.pdf,Arm 1 (Early Palliative Care),intervention,1.0,1.0,4.0,7.0,10.0,14.0,28.0,"Baseline visit at Day 0; Palliative Care (PC) visits every 4 weeks (28 days); Questionnaire assessments at weeks 6, 12, and 24.",,2020.0
PMID 32031887 CT_Summary_SoE.pdf,Arm 2 (Standard Oncology Care),control,1.0,0.0,2.0,3.0,3.0,3.0,0.0,"Baseline visit at Day 0; Questionnaire assessments at weeks 6, 12, and 24.",,2020.0
PMID 32058845 a_Summary_SoE.pdf,Arm 1 (WBRT + Memantine),control,2.0,10.0,11.0,13.0,13.0,14.0,,"10 daily radiation fractions in month 1; assessment visits at months 2, 4, 6, and 12.",,2020.0
PMID 32058845 a_Summary_SoE.pdf,Arm 2 (HA-WBRT + Memantine),intervention,2.0,10.0,11.0,13.0,13.0,14.0,,"10 daily radiation fractions in month 1; assessment visits at months 2, 4, 6, and 12.",,2020.0
PMID 32073956 a_Summary_SoE.pdf,Arm A (Olaparib Monotherapy),intervention,2.0,5.0,7.0,10.0,13.0,17.0,28.0,"Weekly for the first month (Day 1, 8, 15, 22, 29), then every 4 weeks thereafter.",,2020.0
PMID 32073956 a_Summary_SoE.pdf,Arm B (Physician’s Choice Single Agent Chemotherapy),control,2.0,5.0,13.0,26.0,39.0,53.0,28.0,"Weekly infusions (Day 1, 8, 15, 22) in 28-day cycles.",,2020.0
PMID 32145827 a_Summary_SoE.pdf,Arm 1A (Etoposide plus ART),intervention,1.0,3.0,7.0,13.0,13.0,14.0,14.0,"Every 2 weeks during treatment steps (Weeks 0-24), with a follow-up assessment at Week 48.",,2020.0
PMID 32145827 a_Summary_SoE.pdf,Arm 1B (Bleomycin and vincristine plus ART),intervention,1.0,3.0,7.0,13.0,13.0,14.0,14.0,"Every 2 weeks during treatment steps (Weeks 0-24), with a follow-up assessment at Week 48.",,2020.0
PMID 32145827 a_Summary_SoE.pdf,Arm 1C (Paclitaxel plus ART),control,1.0,3.0,7.0,13.0,13.0,14.0,14.0,"Every 2 weeks during treatment steps (Weeks 0-24), with a follow-up assessment at Week 48.",,2020.0
PMID 32201234 a_Summary_SoE.pdf,Arm 1: Durvalumab Monotherapy,intervention,2.0,3.0,7.0,13.0,20.0,27.0,14.0,Every 2 weeks (q2w) for 12 months.,,2020.0
PMID 32201234 a_Summary_SoE.pdf,Arm 2: Durvalumab + Tremelimumab,intervention,2.0,2.0,4.0,10.0,17.0,24.0,28.0,"q4w for 12 weeks (4 doses), then q2w for 34 weeks.",,2020.0
PMID 32201234 a_Summary_SoE.pdf,Arm 3: Tremelimumab Monotherapy,intervention,2.0,2.0,4.0,7.0,9.0,11.0,28.0,"q4w for 24 weeks, then q12w for 24 weeks.",,2020.0
PMID 32201234 a_Summary_SoE.pdf,Arm 4: Standard of Care (SoC),control,2.0,5.0,13.0,26.0,39.0,53.0,28.0,"Vinorelbine regimen: Days 1, 8, 15, 22 of a 28-day cycle.",,2020.0
PMID 32213342 a_Summary_SoE.pdf,Arm A (Dara-SC),intervention,2.0,6.0,13.0,19.0,22.0,26.0,28.0,"Cycles 1-2: Weekly (D1, D8, D15, D22); Cycles 3-6: Every 2 weeks (D1, D15); Cycles 7+: Every 4 weeks (D1). Dara-SC arm includes additional PK/Immunogenicity visits on Cycle 1 Day 4 and Cycle 3 Day 4.",,2020.0
PMID 32213342 a_Summary_SoE.pdf,Arm B (Dara-IV),control,2.0,5.0,11.0,17.0,20.0,24.0,28.0,"Cycles 1-2: Weekly (D1, D8, D15, D22); Cycles 3-6: Every 2 weeks (D1, D15); Cycles 7+: Every 4 weeks (D1).",,2020.0
PMID 32259228 a_Summary_SoE.pdf,Arm A (Doxorubicin plus Olaratumab),intervention,2.0,4.0,9.0,18.0,26.0,36.0,21.0,Days 1 and 8 of every 21-day cycle.,,2020.0
PMID 32259228 a_Summary_SoE.pdf,Arm B (Doxorubicin plus Placebo),control,2.0,4.0,9.0,18.0,26.0,36.0,21.0,Days 1 and 8 of every 21-day cycle.,,2020.0
PMID 32271377 a_Summary_SoE.pdf,MEDI4736 + tremelimumab combination therapy,intervention,1.0,2.0,5.0,9.0,13.0,17.0,28.0,Infusions every 4 weeks (Q4W) on Day 1 of each cycle. Tumor assessments (imaging) every 6 weeks.,,2020.0
PMID 32271377 a_Summary_SoE.pdf,MEDI4736 monotherapy,intervention,1.0,2.0,5.0,9.0,13.0,17.0,28.0,Infusions every 4 weeks (Q4W) on Day 1 of each cycle. Tumor assessments (imaging) every 6 weeks.,,2020.0
PMID 32271377 a_Summary_SoE.pdf,Standard of Care (SoC) Platinum-Based Chemotherapy,control,1.0,4.0,9.0,18.0,26.0,35.0,21.0,Chemotherapy cycles every 3 weeks. Gemcitabine regimens require Day 1 and Day 8 visits per cycle.,,2020.0
PMID 32294530 CT_Summary_SoE.pdf,MEDI4736 Monotherapy (Durvalumab),intervention,2.0,3.0,7.0,13.0,20.0,27.0,14.0,"Infusions every 2 weeks (q2w) starting on Day 0. All assessments (labs, exams) occur on infusion days.",,2020.0
PMID 32294530 CT_Summary_SoE.pdf,MEDI4736 + Tremelimumab Combination,intervention,2.0,3.0,7.0,13.0,20.0,27.0,28.0,"Visits every 2 weeks. Infusions occur every 4 weeks for the first 4 doses, then every 2 weeks. Intermediate visits (Weeks 2, 6, 10, 14) are for labs/assessments only.",,2020.0
PMID 32294530 CT_Summary_SoE.pdf,Standard of Care (SoC),control,2.0,5.0,13.0,26.0,39.0,53.0,7.0,"Weekly infusions (Day 0, 7, 14, 21, 28, etc.) based on standard Cetuximab or Taxane regimens described in the protocol.",,2020.0
PMID 32302702 CT_Summary_SoE.pdf,Arm A (Atezolizumab + Carboplatin + Paclitaxel),intervention,2.0,2.0,5.0,9.0,13.0,18.0,21.0,Day 1 of every 21-day cycle for both induction and maintenance phases.,,2020.0
PMID 32302702 CT_Summary_SoE.pdf,Arm B (Atezolizumab + Carboplatin + nab-Paclitaxel),intervention,2.0,5.0,13.0,17.0,21.0,26.0,21.0,"Induction (C1-C4): Days 1, 8, 15 of every 21-day cycle. Maintenance (C5+): Day 1 of every 21-day cycle.",,2020.0
PMID 32302702 CT_Summary_SoE.pdf,Arm C (Carboplatin + nab-Paclitaxel),control,2.0,5.0,14.0,16.0,18.0,20.0,21.0,"Induction (C1-C4): Days 1, 8, 15 of every 21-day cycle. Maintenance (BSC): Tumor assessments only every 6 weeks.",,2020.0
PMID 32305093 a_Summary_SoE.pdf,acalabrutinib-obinutuzumab,intervention,0.0,0.0,0.0,0.0,0.0,0.0,,Not available in the provided document,,2020.0
PMID 32305093 a_Summary_SoE.pdf,acalabrutinib monotherapy,intervention,0.0,0.0,0.0,0.0,0.0,0.0,,Not available in the provided document,,2020.0
PMID 32305093 a_Summary_SoE.pdf,obinutuzumab-chlorambucil,control,0.0,0.0,0.0,0.0,0.0,0.0,,Not available in the provided document,,2020.0
PMID 32343890 a_Summary_SoE.pdf,Arm A (Olaparib),intervention,2.0,2.0,4.0,7.0,8.0,10.0,28.0,"Visits occur every 4 weeks (Weeks 0, 4, 8, 12, 16, 20, 24) for the first 6 months, then every 8 weeks thereafter (Weeks 32, 40, 48).",,2020.0
PMID 32343890 a_Summary_SoE.pdf,Arm B (Investigator's Choice: Enzalutamide or Abiraterone),control,2.0,2.0,4.0,7.0,8.0,10.0,28.0,"Visits occur every 4 weeks (Weeks 0, 4, 8, 12, 16, 20, 24) for the first 6 months, then every 8 weeks thereafter (Weeks 32, 40, 48).",,2020.0
PMID 32372176 CT_Summary_SoE.pdf,Arm A (Testosterone Topical Gel),intervention,2.0,1.0,2.0,3.0,3.0,3.0,90.0,"Screening (Day -30 to -1), Baseline Start (Day 1), Treatment Start (Day 8), Month 3 (Day 90), Month 6 (Day 180).",,2021.0
PMID 32372176 CT_Summary_SoE.pdf,Arm B (Placebo Topical Gel),control,2.0,1.0,2.0,3.0,3.0,3.0,90.0,"Screening (Day -30 to -1), Baseline Start (Day 1), Treatment Start (Day 8), Month 3 (Day 90), Month 6 (Day 180).",,2021.0
PMID 32372176 CT_Summary_SoE.pdf,Arm C (Testosterone Subcutaneous Pellet),intervention,2.0,1.0,2.0,3.0,3.0,3.0,90.0,"Screening (Day -30 to -1), Baseline Start (Day 1), First Insertion (Day 8), Second Insertion (Day 90), Month 6 Visit (Day 180).",,2021.0
PMID 32372176 CT_Summary_SoE.pdf,Arm D (Placebo Subcutaneous Pellet),control,2.0,1.0,2.0,3.0,3.0,3.0,90.0,"Screening (Day -30 to -1), Baseline Start (Day 1), First Insertion (Day 8), Second Insertion (Day 90), Month 6 Visit (Day 180).",,2021.0
PMID 32379269 a_Summary_SoE.pdf,Olanzapine,intervention,1.0,2.0,2.0,2.0,2.0,2.0,0.0,"Screening visit (Prior to Registration), Day 1 (Randomization and Drug Dispensing), and Day 8 (End of Study Assessments).",,2020.0
PMID 32379269 a_Summary_SoE.pdf,Placebo,control,1.0,2.0,2.0,2.0,2.0,2.0,0.0,"Screening visit (Prior to Registration), Day 1 (Randomization and Drug Dispensing), and Day 8 (End of Study Assessments).",,2020.0
PMID 32402160 a_Summary_SoE.pdf,Arm A (Atezolizumab + Bevacizumab),intervention,2.0,2.0,5.0,9.0,13.0,18.0,21.0,Day 1 of each 21-day cycle,,2020.0
PMID 32402160 a_Summary_SoE.pdf,Arm B (Sorafenib),control,2.0,2.0,5.0,9.0,13.0,18.0,21.0,Day 1 of each 21-day cycle,,2020.0
PMID 32416072 CT a_Summary_SoE.pdf,Arm A (AG-120 / Ivosidenib),intervention,2.0,3.0,7.0,11.0,15.0,20.0,28.0,Cycles 1-3: Days 1 and 15; Cycle 4+: Day 1 only.,,2020.0
PMID 32416072 CT a_Summary_SoE.pdf,Arm B (Placebo),control,2.0,3.0,7.0,11.0,15.0,20.0,28.0,Cycles 1-3: Days 1 and 15; Cycle 4+: Day 1 only.,,2020.0
PMID 32416073 CT_Summary_SoE.pdf,Investigational Arm (SHR-1210),intervention,2.0,3.0,7.0,13.0,20.0,27.0,14.0,Day 1 of each 2-week cycle,,2020.0
PMID 32416073 CT_Summary_SoE.pdf,Control Arm (Docetaxel),control,2.0,2.0,5.0,9.0,13.0,18.0,21.0,Day 1 of each 3-week cycle,,2020.0
PMID 32416073 CT_Summary_SoE.pdf,Control Arm (Irinotecan),control,2.0,3.0,7.0,13.0,20.0,27.0,14.0,Day 1 of each 2-week cycle,,2020.0
PMID 32416780 a_Summary_SoE.pdf,Arm A (Atezolizumab + Platinum/Gemcitabine),intervention,2.0,5.0,11.0,20.0,28.0,38.0,21.0,"Day 1 (Atezolizumab + Platinum + Gemcitabine), Day 8 (Gemcitabine) every cycle. Day 15 (Labs only) in Cycles 1 and 2 only.",,2020.0
PMID 32416780 a_Summary_SoE.pdf,Arm B (Atezolizumab Monotherapy),intervention,2.0,2.0,5.0,9.0,13.0,18.0,21.0,Day 1 (Atezolizumab) every cycle.,,2020.0
PMID 32416780 a_Summary_SoE.pdf,Arm C (Placebo + Platinum/Gemcitabine),control,2.0,5.0,11.0,20.0,28.0,38.0,21.0,"Day 1 (Placebo + Platinum + Gemcitabine), Day 8 (Gemcitabine) every cycle. Day 15 (Labs only) in Cycles 1 and 2 only.",,2020.0
PMID 32437507 a_Summary_SoE.pdf,Arm A (Nivolumab Monotherapy),intervention,2.0,3.0,7.0,13.0,20.0,27.0,14.0,Nivolumab 3 mg/kg IV every 2 weeks (q2w).,,2020.0
PMID 32437507 a_Summary_SoE.pdf,Arm B (Bevacizumab Monotherapy),control,2.0,3.0,7.0,13.0,20.0,27.0,14.0,Bevacizumab 10 mg/kg IV every 2 weeks (q2w).,,2020.0
PMID 32437507 a_Summary_SoE.pdf,Arm C (Nivolumab + Ipilimumab Combination),intervention,2.0,2.0,5.0,11.0,18.0,25.0,21.0,"Combination phase: every 3 weeks for 4 doses (Weeks 1, 4, 7, 10). Maintenance phase: Nivolumab monotherapy every 2 weeks starting at Week 13.",,2020.0
PMID 32459600 a_Summary_SoE.pdf,Arm A (Acalabrutinib monotherapy),intervention,1.0,4.0,8.0,14.0,15.0,16.0,28.0,"C1: D1, 8, 15; C2-6: D1, 15; C7: D1; Q12W thereafter: D1.",,2020.0
PMID 32459600 a_Summary_SoE.pdf,Arm B (Idelalisib plus Rituximab),control,1.0,4.0,8.0,14.0,15.0,16.0,28.0,"C1: D1, 8, 15; C2-6: D1, 15; C7: D1; Q12W thereafter: D1.",,2020.0
PMID 32459600 a_Summary_SoE.pdf,Arm B (Bendamustine plus Rituximab),control,1.0,6.0,10.0,15.0,16.0,17.0,28.0,"C1: D1, 2, 8, 15; C2-6: D1, 2; Q12W follow-up thereafter: D1.",,2020.0
PMID 32460997 CT_Summary_SoE.pdf,Regimen 1 (IV pulse actinomycin-D),control,1.0,3.0,7.0,13.0,16.0,19.0,14.0,Day 1 of each 14-day cycle for drug administration and assessments.,,2020.0
PMID 32460997 CT_Summary_SoE.pdf,Regimen 2 (IV methotrexate 5-day),intervention,1.0,12.0,35.0,65.0,68.0,71.0,14.0,"Days 1, 2, 3, 4, and 5 of each 14-day cycle for drug administration.",,2020.0
PMID 32469183 a_Summary_SoE.pdf,Arm A (Relugolix),intervention,1.0,5.0,7.0,10.0,13.0,16.0,28.0,"Weekly for the first month (Day 1, 4, 15, 22, 29), then every 4 weeks thereafter.",,2020.0
PMID 32469183 a_Summary_SoE.pdf,Arm B (Leuprolide Acetate),control,1.0,5.0,7.0,10.0,13.0,16.0,84.0,"Weekly for the first month (Day 1, 4, 15, 22, 29), then every 4 weeks thereafter for monitoring, with injections every 12 weeks.",,2020.0
PMID 32469384 a_Summary_SoE.pdf,Arm A (Savolitinib),intervention,2.0,5.0,13.0,15.0,17.0,19.0,42.0,"Weekly for first 12 weeks (Cycles 1 & 2), then every 6 weeks (D1 of each cycle).",,2020.0
PMID 32469384 a_Summary_SoE.pdf,Arm B (Sunitinib),control,2.0,5.0,13.0,15.0,17.0,19.0,42.0,"Weekly for first 12 weeks (Cycles 1 & 2), then every 6 weeks (D1 of each cycle).",,2020.0
PMID 32496902 a_Summary_SoE.pdf,High Risk (HR) B-ALL (Arm A/B),intervention,1.0,7.0,15.0,25.0,43.0,56.0,84.0,"Induction (Days 1, 4, 8, 11, 15, 22, 29); Consolidation (Days 1, 8, 15, 22, 29, 36, 43, 50, 56); Interim Maintenance (Days 1, 15, 29, 43, 56, 64); Delayed Intensification (Days 1, 8, 15, 29, 36, 43, 50, 57); Maintenance (Days 1, 8, 15, 22, 29, 36, 43, 50, 57, 64, 71, 78, 84)",,2020.0
PMID 32496902 a_Summary_SoE.pdf,Very High Risk (VHR) B-ALL (Control Arm),control,1.0,7.0,18.0,35.0,53.0,69.0,84.0,Induction (7 days); Consolidation Part 1 & 2 (11 days); IM I (6 days); DI Part 1 & 2 (11 days); IM II (8 days); Maintenance (13 days per cycle),,2020.0
PMID 32496902 a_Summary_SoE.pdf,Ph-like Dasatinib Arm,intervention,1.0,7.0,17.0,31.0,49.0,65.0,84.0,Induction (7 days); Consolidation (10 days); IM I (6 days); DI (8 days); IM II (8 days); Maintenance (13 days per cycle),,2020.0
PMID 32496902 a_Summary_SoE.pdf,Down Syndrome (DS) HR B-ALL,intervention,1.0,13.0,35.0,57.0,70.0,83.0,84.0,Induction (16 days); Consolidation (19 days); IM (10 days); DI (12 days); Maintenance (13 days per cycle),,2020.0
PMID 32534646 CT_Summary_SoE.pdf,Arm B (Atezolizumab + Cobimetinib + Vemurafenib),intervention,2.0,4.0,12.0,18.0,25.0,32.0,28.0,"Run-In (Days 1, 15, 21); Cycle 1-2 (Days 1, 8, 15, 22); Cycle 3+ (Days 1, 15)",,2020.0
PMID 32534646 CT_Summary_SoE.pdf,Arm A (Placebo + Cobimetinib + Vemurafenib),control,2.0,4.0,12.0,18.0,25.0,32.0,28.0,"Run-In (Days 1, 15, 21); Cycle 1-2 (Days 1, 8, 15, 22); Cycle 3+ (Days 1, 15)",,2020.0
PMID 32564260 CT_Summary_SoE.pdf,Arm A (Placebo + Herceptin + Docetaxel),control,2.0,2.0,5.0,9.0,13.0,18.0,21.0,Day 1 of each 21-day cycle.,,2020.0
PMID 32564260 CT_Summary_SoE.pdf,Arm B (Pertuzumab + Herceptin + Docetaxel),intervention,2.0,2.0,5.0,9.0,13.0,18.0,21.0,Day 1 of each 21-day cycle.,,2020.0
PMID 32678716 CT_Summary_SoE.pdf,Arm A (Neratinib + Capecitabine),intervention,2.0,4.0,7.0,11.0,15.0,20.0,21.0,"Cycle 1: Days 1, 8, 15; Subsequent cycles: Day 1 only.",,2020.0
PMID 32678716 CT_Summary_SoE.pdf,Arm B (Lapatinib + Capecitabine),control,2.0,4.0,7.0,11.0,15.0,20.0,21.0,"Cycle 1: Days 1, 8, 15; Subsequent cycles: Day 1 only.",,2020.0
PMID 32682457 a_Summary_SoE.pdf,Arm A (TAS-118 plus Oxaliplatin),intervention,3.0,6.0,10.0,16.0,23.0,30.0,14.0,Day 1 of every 14-day cycle.,,2020.0
PMID 32682457 a_Summary_SoE.pdf,Arm B (S-1 plus Cisplatin),control,3.0,6.0,12.0,19.0,27.0,36.0,35.0,"Days 1, 8, and 15 of every 35-day cycle (based on Japan schedule).",,2020.0
PMID 32682484 a_Summary_SoE.pdf,"Arm 1: KdD (Carfilzomib, Dexamethasone, and Daratumumab)",intervention,2.0,9.0,22.0,42.0,62.0,81.0,28.0,"Cycles 1-2: Days 1, 2, 8, 9, 15, 16, 22; Cycles 3+: Days 1, 2, 8, 9, 15, 16",,2020.0
PMID 32682484 a_Summary_SoE.pdf,Arm 2: Kd (Carfilzomib and Dexamethasone),control,2.0,8.0,20.0,40.0,60.0,79.0,28.0,"All Cycles: Days 1, 2, 8, 9, 15, 16",,2020.0
PMID 32706639 a_Summary_SoE.pdf,Arm A (Neo-adjuvant Docetaxel + LHRH Agonist + Radical Prostatectomy),intervention,2.0,2.0,5.0,9.0,10.0,11.0,21.0,"6 cycles of docetaxel every 21 days, followed by a pre-surgery visit, surgery, and follow-up visits at 1, 3, and 6 months post-surgery within the first year.",,2020.0
PMID 32706639 a_Summary_SoE.pdf,Arm B (Immediate Radical Prostatectomy),control,3.0,2.0,3.0,4.0,5.0,6.0,0.0,"Immediate surgery followed by follow-up visits at 1, 3, 6, 9, and 12 months post-surgery.",,2020.0
PMID 32786187 a_Summary_SoE.pdf,Arm A (Venetoclax plus Azacitidine),intervention,1.0,13.0,31.0,54.0,76.0,100.0,28.0,"Cycle 1: Days 1-7 (Treatment), 8, 15, 22 (Labs), 28 (Assessment). Subsequent Cycles: Days 1-7 (Treatment) every 28 days, with Disease Assessments on Day 28 every 3 cycles (C4, C7, C10, C13).",,2020.0
PMID 32786187 a_Summary_SoE.pdf,Arm B (Placebo plus Azacitidine),control,1.0,13.0,31.0,54.0,76.0,100.0,28.0,"Cycle 1: Days 1-7 (Treatment), 8, 15, 22 (Labs), 28 (Assessment). Subsequent Cycles: Days 1-7 (Treatment) every 28 days, with Disease Assessments on Day 28 every 3 cycles (C4, C7, C10, C13).",,2020.0
PMID 32813610 a_Summary_SoE.pdf,Arm A (Capizzi MTX - Control),control,1.0,5.0,25.0,39.0,48.0,51.0,84.0,"Induction: Days 1, 8, 15, 22, 29; Consolidation: 20 days over 8 weeks; Interim Maintenance: 7 days over 8 weeks; Delayed Intensification: 13 days over 9 weeks; Maintenance: Days 1, 29, 57 of 12-week cycles.",,2020.0
PMID 32813610 a_Summary_SoE.pdf,Arm B (Capizzi MTX + Nelarabine),intervention,1.0,5.0,29.0,44.0,66.0,73.0,84.0,Induction: 5 days; Consolidation: 30 days over 11 weeks (includes 2x 5-day Nelarabine blocks); Interim Maintenance: 7 days; Delayed Intensification: 18 days (includes 5-day Nelarabine block); Maintenance: 7 days per cycle (includes 5-day Nelarabine block).,,2020.0
PMID 32813610 a_Summary_SoE.pdf,Arm C (High Dose MTX),intervention,1.0,5.0,25.0,40.0,49.0,52.0,84.0,Induction: 5 days; Consolidation: 20 days; Interim Maintenance: 8 days (4x 2-day HDMTX/Leucovorin visits); Delayed Intensification: 13 days; Maintenance: 3 days per cycle.,,2020.0
PMID 32813610 a_Summary_SoE.pdf,Arm D (High Dose MTX + Nelarabine),intervention,1.0,5.0,29.0,45.0,67.0,74.0,84.0,Induction: 5 days; Consolidation: 30 days; Interim Maintenance: 8 days; Delayed Intensification: 18 days; Maintenance: 7 days per cycle.,,2020.0
PMID 32822286 a_Summary_SoE.pdf,MEK162 (Binimetinib),intervention,3.0,3.0,6.0,9.0,12.0,16.0,28.0,"Weekly/Bi-weekly for first 9 weeks, then every 4 weeks. Dispensing occurs every 4 weeks.",,2020.0
PMID 32822286 a_Summary_SoE.pdf,Physician's Choice: Liposomal Doxorubicin,control,3.0,5.0,9.0,12.0,15.0,19.0,28.0,"Day 1 infusion. Cycle 1-2 include lab visits on Days 8, 15, and 22.",,2020.0
PMID 32822286 a_Summary_SoE.pdf,Physician's Choice: Paclitaxel,control,3.0,5.0,11.0,21.0,31.0,41.0,28.0,"Days 1, 8, 15 infusions. Cycle 1 includes a lab visit on Day 22.",,2020.0
PMID 32822286 a_Summary_SoE.pdf,Physician's Choice: Topotecan,control,3.0,13.0,29.0,49.0,69.0,94.0,21.0,Days 1-5 infusions. Cycle 1-2 include lab visits on Days 8 and 15.,,2020.0
PMID 32861273 CT_Summary_SoE.pdf,Arm A (Veliparib + Carboplatin + Paclitaxel),intervention,2.0,5.0,13.0,26.0,39.0,53.0,21.0,"3 visits per cycle (Day 1, Day 8, Day 15) for chemotherapy infusions.",,2020.0
PMID 32861273 CT_Summary_SoE.pdf,Arm B (Placebo + Carboplatin + Paclitaxel),control,2.0,5.0,13.0,26.0,39.0,53.0,21.0,"3 visits per cycle (Day 1, Day 8, Day 15) for chemotherapy infusions.",,2020.0
PMID 32880601a_Summary_SoE.pdf,Arm 1 (Pembrolizumab Monotherapy),intervention,2.0,2.0,5.0,9.0,13.0,18.0,21.0,1 visit per 21-day cycle (Day 1) for drug administration and assessments.,,2020.0
PMID 32880601a_Summary_SoE.pdf,Arm 2 (Pembrolizumab + Chemotherapy),intervention,2.0,4.0,10.0,18.0,26.0,36.0,21.0,2 visits per 21-day cycle: Day 1 to start infusions and Day 5/6 to disconnect the continuous 5-FU pump.,,2020.0
PMID 32880601a_Summary_SoE.pdf,Arm 3 (Placebo + Chemotherapy),control,2.0,4.0,10.0,18.0,26.0,36.0,21.0,2 visits per 21-day cycle: Day 1 to start infusions and Day 5/6 to disconnect the continuous 5-FU pump.,,2020.0
PMID 32945632 a_Summary_SoE.pdf,Arm A (Avelumab + Best Supportive Care),intervention,2.0,3.0,7.0,13.0,19.0,27.0,28.0,Day 1 and Day 15 of each 28-day cycle.,,2020.0
PMID 32945632 a_Summary_SoE.pdf,Arm B (Best Supportive Care Alone),control,2.0,2.0,4.0,7.0,10.0,14.0,28.0,Day 1 of each 28-day cycle.,,2020.0
PMID 32954927a_Summary_SoE.pdf,Arm A (Abemaciclib plus standard adjuvant endocrine therapy),intervention,3.0,3.0,6.0,9.0,10.0,11.0,30.0,"Q2W for first 2 months, then Monthly clinic visits through Month 6, then clinic visits every 3 months (Months 9, 12, etc.) with intervening phone visits.",,2020.0
PMID 32954927a_Summary_SoE.pdf,Arm B (Standard adjuvant endocrine therapy alone),control,3.0,3.0,6.0,9.0,10.0,11.0,30.0,"Identical clinic visit schedule to Arm A (Visits 1-9, 12, 15).",,2020.0
PMID 32971005 CT_Summary_SoE.pdf,MEDI4736 + tremelimumab combination therapy,intervention,1.0,2.0,4.0,7.0,10.0,13.0,28.0,Day 1 of each 28-day cycle.,,2020.0
PMID 32971005 CT_Summary_SoE.pdf,MEDI4736 monotherapy,intervention,1.0,2.0,4.0,7.0,10.0,13.0,28.0,Day 1 of each 28-day cycle.,,2020.0
PMID 32971005 CT_Summary_SoE.pdf,Standard of Care (SoC) - Cisplatin + Gemcitabine,control,1.0,6.0,14.0,24.0,29.0,33.0,28.0,"Days 1, 2, 8, 15 of each 28-day cycle for 6 cycles.",,2020.0
PMID 32997907 a_Summary_SoE.pdf,Arm A (Atezolizumab),intervention,2.0,4.0,7.0,11.0,15.0,20.0,21.0,Day 1 of each 21-day cycle.,,2020.0
PMID 32997907 a_Summary_SoE.pdf,Arm B (Platinum-based Chemotherapy),control,2.0,6.0,11.0,17.0,21.0,26.0,21.0,"Days 1 and 8 for the first 6 cycles (induction), then Day 1 for subsequent cycles (maintenance).",,2020.0
PMID 33010094 CT_Summary_SoE.pdf,Arm 1 (Verum Homeopathic Treatment),intervention,1.0,0.0,1.0,3.0,4.0,5.0,,"Baseline (Day 0), then follow-up at 9 weeks, 18 weeks, and survival checks every 2-3 months.",,2020.0
PMID 33010094 CT_Summary_SoE.pdf,Arm 2 (Placebo Homeopathic Treatment),placebo,1.0,0.0,1.0,3.0,4.0,5.0,,"Baseline (Day 0), then follow-up at 9 weeks, 18 weeks, and survival checks every 2-3 months.",,2020.0
PMID 33010094 CT_Summary_SoE.pdf,Arm 3 (Standard Care Control),control,1.0,0.0,1.0,3.0,4.0,5.0,,"Baseline (Day 0), then survival checks every 2-3 months.",,2020.0
PMID 33021870 a_Summary_SoE.pdf,Ixazomib,intervention,1.0,4.0,7.0,11.0,14.0,18.0,28.0,"Cycle 1: Days 1, 8, 15; Cycle 2: Days 1, 8; Cycles 3-4: Day 1; Cycle 5: Days 1, 8; Cycles 6-26: Day 1.",,2020.0
PMID 33021870 a_Summary_SoE.pdf,Placebo,control,1.0,4.0,7.0,11.0,14.0,18.0,28.0,"Cycle 1: Days 1, 8, 15; Cycle 2: Days 1, 8; Cycles 3-4: Day 1; Cycle 5: Days 1, 8; Cycles 6-26: Day 1.",,2020.0
PMID 33026938 CT_Summary_SoE.pdf,Pembrolizumab (MK-3475),intervention,1.0,2.0,5.0,9.0,13.0,18.0,21.0,1 visit per 3-week cycle (Day 1),,2020.0
PMID 33026938 CT_Summary_SoE.pdf,Paclitaxel,control,1.0,4.0,10.0,19.0,30.0,40.0,28.0,"3 visits per 4-week cycle (Days 1, 8, 15)",,2020.0
PMID 33026938 CT_Summary_SoE.pdf,Docetaxel,control,1.0,2.0,5.0,9.0,13.0,18.0,21.0,1 visit per 3-week cycle (Day 1),,2020.0
PMID 33026938 CT_Summary_SoE.pdf,Irinotecan,control,1.0,3.0,7.0,13.0,20.0,27.0,14.0,1 visit per 2-week cycle (Day 1),,2020.0
PMID 33044684 CT_Summary_SoE.pdf,ABP 798,intervention,1.0,5.0,6.0,7.0,8.0,8.0,0.0,"Screening (1 day); Weekly dosing for 4 weeks (Day 1, Weeks 2, 3, 4); Optional PK visit (Week 5); Dosing at Weeks 12 and 20; End of Study visit at Week 28.",,2020.0
PMID 33044684 CT_Summary_SoE.pdf,Rituximab,control,1.0,5.0,6.0,7.0,8.0,8.0,0.0,"Screening (1 day); Weekly dosing for 4 weeks (Day 1, Weeks 2, 3, 4); Optional PK visit (Week 5); Dosing at Weeks 12 and 20; End of Study visit at Week 28.",,2020.0
PMID 33078978 a_Summary_SoE.pdf,Regimen I (Doxorubicin/Cisplatin/Paclitaxel + G-CSF),intervention,2.0,7.0,17.0,28.0,30.0,31.0,21.0,"Day 1 (Infusion 1), Day 2 (Infusion 2), Day 8 (Labs), Day 15 (Labs) per 21-day cycle.",,2020.0
PMID 33078978 a_Summary_SoE.pdf,Regimen II (Carboplatin/Paclitaxel),active_comparator,2.0,5.0,13.0,21.0,23.0,24.0,21.0,"Day 1 (Infusion), Day 8 (Labs), Day 15 (Labs) per 21-day cycle.",,2020.0
PMID 33129376 a_Summary_SoE.pdf,Arm 1 (Venetoclax plus Bd),intervention,2.0,7.0,18.0,34.0,44.0,56.0,21.0,"Cycles 1-8 (21-day cycles): Visits on Days 1, 4, 8, 11. Cycles 9+ (35-day cycles): Visits on Days 1, 8, 15, 22.",,2020.0
PMID 33129376 a_Summary_SoE.pdf,Arm 2 (Placebo plus Bd),control,2.0,7.0,18.0,34.0,44.0,56.0,21.0,"Cycles 1-8 (21-day cycles): Visits on Days 1, 4, 8, 11. Cycles 9+ (35-day cycles): Visits on Days 1, 8, 15, 22.",,2020.0
PMID 33186740 a_Summary_SoE.pdf,Taselisib plus fulvestrant,intervention,0.0,0.0,0.0,0.0,0.0,0.0,,Not specified in the provided document.,,2021.0
PMID 33186740 a_Summary_SoE.pdf,Placebo plus fulvestrant,control,0.0,0.0,0.0,0.0,0.0,0.0,,Not specified in the provided document.,,2021.0
PMID 33189178 a_Summary_SoE.pdf,SVd (Selinexor + Bortezomib + Dexamethasone),intervention,2.0,6.0,14.0,25.0,36.0,47.0,35.0,"4-5 visits per 35-day cycle. Days 1, 8, 15, 22 are standard in-clinic dosing days. Cycle 2 and Cycle 5 include an additional in-clinic visit on Day 29 for MM assessment and dosing.",,2020.0
PMID 33189178 a_Summary_SoE.pdf,Vd (Bortezomib + Dexamethasone),control,2.0,9.0,20.0,36.0,47.0,59.0,21.0,"Cycles 1-8 are 21 days with 4 visits (Days 1, 4, 8, 11). Cycles 9+ are 35 days with 4-5 visits (Days 1, 8, 15, 22, and Day 29 in Cycle 10).",,2020.0
PMID 33194700 CT a_Summary_SoE.pdf,Arm A (LY2835219 + Best Supportive Care),intervention,2.0,2.0,4.0,7.0,10.0,14.0,28.0,"1 visit on Day 1 of each 28-day cycle (C1D1, C2D1, C3D1, etc.).",,2020.0
PMID 33194700 CT a_Summary_SoE.pdf,Arm B (Erlotinib + Best Supportive Care),control,2.0,2.0,4.0,7.0,10.0,14.0,28.0,"1 visit on Day 1 of each 28-day cycle (C1D1, C2D1, C3D1, etc.).",,2020.0
PMID 33197226 a_Summary_SoE.pdf,Avelumab Maintenance,intervention,2.0,2.0,8.0,14.0,21.0,28.0,14.0,Induction: Q2W (6 visits); Re-baseline: 1 visit; Maintenance: Q2W (infusions every 14 days).,,2021.0
PMID 33197226 a_Summary_SoE.pdf,Chemotherapy Maintenance (Oxaliplatin + 5-FU),control,2.0,2.0,8.0,14.0,21.0,28.0,14.0,Induction: Q2W (6 visits); Re-baseline: 1 visit; Maintenance: Q2W (infusions every 14 days).,,2021.0
PMID 33197226 a_Summary_SoE.pdf,Best Supportive Care (BSC) Only,control,2.0,2.0,8.0,12.0,16.0,21.0,21.0,Induction: Q2W (6 visits); Re-baseline: 1 visit; Maintenance: Q3W (clinic visits every 21 days).,,2021.0
PMID 33207094 a_Summary_SoE.pdf,Arm A (Lorlatinib),intervention,1.0,4.0,6.0,9.0,12.0,16.0,28.0,"Cycle 1: Days 1, 8, 15. Cycle 2+: Day 1 of each cycle.",,2020.0
PMID 33207094 a_Summary_SoE.pdf,Arm B (Crizotinib),control,1.0,4.0,6.0,9.0,12.0,16.0,28.0,"Cycle 1: Days 1, 8, 15. Cycle 2+: Day 1 of each cycle.",,2020.0
PMID 33231285 a_Summary_SoE.pdf,Pembrolizumab (MK-3475),intervention,2.0,2.0,5.0,9.0,13.0,18.0,21.0,Day 1 of each 21-day cycle (Q3W).,,2021.0
PMID 33231285 a_Summary_SoE.pdf,Standard of Care (SOC) Platinum-based Chemotherapy,control,2.0,2.0,5.0,9.0,13.0,18.0,21.0,Day 1 of each 21-day cycle (Q3W).,,2021.0
PMID 33278935 a_Summary_SoE.pdf,Arm A (Pembrolizumab + Chemotherapy),intervention,2.0,4.0,10.0,20.0,30.0,40.0,28.0,"Days 1, 8, and 15 of each 28-day cycle for Taxane regimens.",,2020.0
PMID 33278935 a_Summary_SoE.pdf,Arm B (Placebo + Chemotherapy),control,2.0,4.0,10.0,20.0,30.0,40.0,28.0,"Days 1, 8, and 15 of each 28-day cycle for Taxane regimens.",,2020.0
PMID 33357420 CT_Summary_SoE.pdf,Arm A (Perjeta IV + Herceptin IV + Chemotherapy),control,2.0,2.0,6.0,15.0,23.0,28.0,21.0,"Day 1 of each 21-day cycle, plus intensive PK sampling days (D2, D4, D8, D15) in Cycles 5, 7, and 12.",,2021.0
PMID 33357420 CT_Summary_SoE.pdf,Arm B (FDC SC + Chemotherapy),intervention,2.0,2.0,6.0,15.0,23.0,28.0,21.0,"Day 1 of each 21-day cycle, plus intensive PK sampling days (D2, D4, D8, D15) in Cycles 5, 7, and 12.",,2021.0
PMID 33369355 a_Summary_SoE.pdf,Arm A (Oral Azacitidine + BSC),intervention,2.0,5.0,11.0,17.0,24.0,31.0,28.0,"Cycles 1-2: Days 1, 8, 15, 22; Cycles 3+: Days 1, 15.",,2020.0
PMID 33369355 a_Summary_SoE.pdf,Arm B (Placebo + BSC),control,2.0,5.0,11.0,17.0,24.0,31.0,28.0,"Cycles 1-2: Days 1, 8, 15, 22; Cycles 3+: Days 1, 15.",,2020.0
PMID 33476593 a_Summary_SoE.pdf,Arm A (Nivolumab + Ipilimumab + Platinum Doublet Chemotherapy),intervention,2.0,2.0,5.0,9.0,13.0,18.0,21.0,Day 1 of every 3-week cycle,,2021.0
PMID 33476593 a_Summary_SoE.pdf,Arm B (Platinum Doublet Chemotherapy),control,2.0,2.0,5.0,9.0,13.0,18.0,21.0,Day 1 of every 3-week cycle,,2021.0
PMID 33480963 a_Summary_SoE.pdf,Arm A (Margetuximab plus Chemotherapy),intervention,2.0,4.0,9.0,18.0,26.0,36.0,21.0,Days 1 and 8 of each 21-day cycle,,2021.0
PMID 33480963 a_Summary_SoE.pdf,Arm B (Trastuzumab plus Chemotherapy),control,2.0,4.0,9.0,18.0,26.0,36.0,21.0,Days 1 and 8 of each 21-day cycle,,2021.0
PMID 33485464 a_Summary_SoE.pdf,Arm A (Nivolumab + Ipilimumab),intervention,1.0,3.0,7.0,13.0,20.0,27.0,42.0,"Visits occur every 2 weeks (Days 1, 15, 29 of each 6-week cycle).",,2021.0
PMID 33485464 a_Summary_SoE.pdf,Arm B (Pemetrexed + Cisplatin/Carboplatin),control,1.0,2.0,5.0,9.0,12.0,15.0,21.0,Visits occur on Day 1 of each 3-week cycle for 6 cycles.,,2021.0
PMID 33513313 a_Summary_SoE.pdf,Arm 1 (Pembrolizumab + Ipilimumab),intervention,1.0,2.0,7.0,11.0,15.0,20.0,21.0,Day 1 of every 3-week cycle for infusions and assessments. Additional PK sampling days in Cycle 3.,,2021.0
PMID 33513313 a_Summary_SoE.pdf,Arm 2 (Pembrolizumab + Placebo),control,1.0,2.0,7.0,11.0,15.0,20.0,21.0,Day 1 of every 3-week cycle for infusions and assessments. Additional PK sampling days in Cycle 3.,,2021.0
PMID 33539945 CT_Summary_SoE.pdf,Arm A (Ibrutinib in combination with nab-paclitaxel and gemcitabine),intervention,1.0,4.0,10.0,20.0,30.0,40.0,28.0,"Days 1, 8, and 15 of each 28-day cycle.",,2021.0
PMID 33539945 CT_Summary_SoE.pdf,Arm B (Placebo in combination with nab-paclitaxel and gemcitabine),control,1.0,4.0,10.0,20.0,30.0,40.0,28.0,"Days 1, 8, and 15 of each 28-day cycle.",,2021.0
PMID 33555926 a_Summary_SoE.pdf,Arm 1 (AM0010 + FOLFOX),intervention,1.0,5.0,9.0,15.0,19.0,23.0,14.0,"Day 1 of every 14-day cycle (FOLFOX phase); Day 13 of Cycles 1, 2, and 4; Day 1 of every 28-day cycle (Maintenance phase).",,2021.0
PMID 33555926 a_Summary_SoE.pdf,Arm 2 (FOLFOX alone),control,1.0,5.0,9.0,15.0,17.0,17.0,14.0,"Day 1 of every 14-day cycle for 12 cycles; Day 13 of Cycles 1, 2, and 4.",,2021.0
PMID 33577358 a_Summary_SoE.pdf,Arm A (GS-5745 + mFOLFOX6),intervention,1.0,4.0,9.0,15.0,22.0,29.0,28.0,Visits occur on Days 1 and 15 of each 28-day cycle. Additional PK/Biomarker visits occur on Cycle 2 Day 2 and Day 8.,,2021.0
PMID 33577358 a_Summary_SoE.pdf,Arm B (Placebo + mFOLFOX6),control,1.0,4.0,9.0,15.0,22.0,29.0,28.0,Visits occur on Days 1 and 15 of each 28-day cycle. Additional PK/Biomarker visits occur on Cycle 2 Day 2 and Day 8.,,2021.0
PMID 33577729 a_Summary_SoE.pdf,Arm A (Enfortumab Vedotin),intervention,2.0,4.0,10.0,20.0,30.0,40.0,28.0,"Days 1, 8, and 15 of each 28-day cycle.",,2021.0
PMID 33577729 a_Summary_SoE.pdf,"Arm B (Chemotherapy: Docetaxel, Paclitaxel, or Vinflunine)",control,2.0,2.0,6.0,11.0,16.0,22.0,21.0,Day 1 of each 21-day cycle.,,2021.0
PMID 33616314 a_Summary_SoE.pdf,Arm A (Lenvatinib + Everolimus),intervention,2.0,3.0,9.0,17.0,26.0,35.0,21.0,Day 1 and Day 15 of each 21-day cycle.,,2021.0
PMID 33616314 a_Summary_SoE.pdf,Arm B (Lenvatinib + Pembrolizumab),intervention,2.0,3.0,9.0,17.0,26.0,35.0,21.0,Day 1 and Day 15 of each 21-day cycle.,,2021.0
PMID 33616314 a_Summary_SoE.pdf,Arm C (Sunitinib),control,2.0,3.0,9.0,17.0,26.0,35.0,21.0,Day 1 and Day 15 of each 21-day cycle.,,2021.0
PMID 33621109 a_Summary_SoE.pdf,R2-CHOP (Lenalidomide + R-CHOP),intervention,2.0,5.0,12.0,16.0,17.0,18.0,21.0,"Day 1 (Treatment), Day 8 (Cycles 1-2 only), Day 15 (Pregnancy testing for FCBP), Midcycle CT (once), End of Treatment (EOT) Visit, and Follow-up every 12 weeks.",,2021.0
PMID 33621109 a_Summary_SoE.pdf,Placebo-R-CHOP (Placebo + R-CHOP),control,2.0,5.0,12.0,16.0,17.0,18.0,21.0,"Day 1 (Treatment), Day 8 (Cycles 1-2 only), Day 15 (Pregnancy testing for FCBP), Midcycle CT (once), End of Treatment (EOT) Visit, and Follow-up every 12 weeks.",,2021.0
PMID 33631112 CT_Summary_SoE.pdf,Arm A (Ublituximab + Ibrutinib),intervention,1.0,5.0,7.0,9.0,10.0,11.0,28.0,"Cycle 1: Days 1, 2, 8, 15; Cycles 2-6: Day 1; Beyond Cycle 6: Every 3 cycles (C9, C12) Day 1.",,2021.0
PMID 33631112 CT_Summary_SoE.pdf,Arm B (Ibrutinib),control,1.0,4.0,6.0,8.0,9.0,10.0,28.0,"Cycle 1: Days 1, 8, 15; Cycles 2-6: Day 1; Beyond Cycle 6: Every 3 cycles (C9, C12) Day 1.",,2021.0
PMID 33651090 a_Summary_SoE.pdf,Arm A (HR/IR Control - Chemotherapy),control,2.0,8.0,29.0,32.0,33.0,35.0,28.0,"Block 1 (8 days), Block 2 (10 days), Block 3 (11 days), followed by HSCT evaluations.",,2021.0
PMID 33651090 a_Summary_SoE.pdf,Arm B (HR/IR Experimental - Blinatumomab),intervention,2.0,8.0,21.0,24.0,25.0,27.0,35.0,"Block 1 (8 days), Blinatumomab Cycle 1 (7 days), Blinatumomab Cycle 2 (6 days), followed by HSCT evaluations.",,2021.0
PMID 33651090 a_Summary_SoE.pdf,Arm C (LR Control - Chemotherapy),control,2.0,8.0,37.0,77.0,117.0,141.0,84.0,"Block 1-3 (29 days), Continuation 1-2 (20 days each), Maintenance (24 days per cycle).",,2021.0
PMID 33651090 a_Summary_SoE.pdf,Arm D (LR Experimental - Blinatumomab),intervention,2.0,8.0,33.0,71.0,123.0,147.0,35.0,"Block 1-2 (18 days), Blinatumomab Cycles (5-7 days each), Continuation (20 days each), Maintenance (24 days per cycle).",,2021.0
PMID 33651091 a_Summary_SoE.pdf,Arm 1A (Blinatumomab),intervention,1.0,3.0,5.0,6.0,7.0,8.0,28.0,"D1, D15, D29 per cycle; Safety FU visit pre-alloHSCT; Short-term FU visits at +45d, +90d, +6m, +9m, +12m post-alloHSCT.",,2021.0
PMID 33651091 a_Summary_SoE.pdf,Arm 2A (HC3 Chemotherapy),control,1.0,3.0,5.0,6.0,7.0,8.0,28.0,"D1, D15, D29 per cycle; Safety FU visit pre-alloHSCT; Short-term FU visits at +45d, +90d, +6m, +9m, +12m post-alloHSCT.",,2021.0
PMID 33657295 a_Summary_SoE.pdf,Arm A (Nivolumab + Cabozantinib),intervention,2.0,5.0,9.0,15.0,22.0,29.0,14.0,Day 1 of every 2-week cycle.,,2021.0
PMID 33657295 a_Summary_SoE.pdf,Arm B (Nivolumab + Ipilimumab + Cabozantinib),intervention,2.0,4.0,7.0,13.0,20.0,27.0,14.0,"Day 1 of 3-week cycles (C1-C4), then Day 1 of 2-week cycles (C5+).",,2021.0
PMID 33657295 a_Summary_SoE.pdf,Arm C (Sunitinib),control,2.0,4.0,7.0,11.0,15.0,20.0,42.0,Day 1 and Day 22 of every 6-week cycle.,,2021.0
PMID 33667670 CT_Summary_SoE.pdf,Arm 1 (Mirvetuximab Soravtansine),intervention,1.0,6.0,13.0,22.0,30.0,42.0,21.0,"Cycles 1-3: Days 1, 8, 15; Cycles 4+: Days 1, 8",,2021.0
PMID 33667670 CT_Summary_SoE.pdf,Arm 2 (Investigator's Choice - Paclitaxel),control,1.0,6.0,14.0,27.0,40.0,56.0,28.0,"Weekly visits: Days 1, 8, 15, 22 of a 28-day cycle",,2021.0
PMID 33676601 CT_Summary_SoE.pdf,Pembrolizumab Arm,intervention,2.0,2.0,5.0,9.0,13.0,18.0,21.0,1 visit per cycle (Day 1),,2021.0
PMID 33676601 CT_Summary_SoE.pdf,TPC Arm (Vinorelbine),control,2.0,5.0,13.0,26.0,39.0,53.0,21.0,"3 visits per cycle (Day 1, 8, 15)",,2021.0
PMID 33676601 CT_Summary_SoE.pdf,TPC Arm (Gemcitabine or Eribulin),control,2.0,4.0,9.0,17.0,26.0,36.0,21.0,"2 visits per cycle (Day 1, 8)",,2021.0
PMID 33676601 CT_Summary_SoE.pdf,TPC Arm (Capecitabine),control,2.0,2.0,5.0,9.0,13.0,18.0,21.0,1 visit per cycle (Day 1),,2021.0
PMID 33683919 a_Summary_SoE.pdf,Arm A (Nivolumab monotherapy),intervention,2.0,5.0,10.0,16.0,23.0,30.0,14.0,"Cycles 1-2 (42 days): Days 1, 8, 15, 22, 29. Cycle 3+ (14 days): Day 1.",,2021.0
PMID 33683919 a_Summary_SoE.pdf,Arm B (Nivolumab + Ipilimumab),intervention,2.0,4.0,7.0,13.0,20.0,27.0,14.0,"Cycles 1-2 (42 days): Days 1, 8, 22, 29. Cycle 3+ (14 days): Day 1.",,2021.0
PMID 33683919 a_Summary_SoE.pdf,Arm C (Placebo),control,2.0,5.0,10.0,16.0,23.0,30.0,14.0,"Cycles 1-2 (42 days): Days 1, 8, 15, 22, 29. Cycle 3+ (14 days): Day 1.",,2021.0
PMID 33721560 CT_Summary_SoE.pdf,Arm A (Atezolizumab),intervention,1.0,2.0,5.0,9.0,13.0,17.0,21.0,Day 1 of every 21-day cycle for 16 cycles.,,2021.0
PMID 33721560 CT_Summary_SoE.pdf,Arm B (Observation),control,1.0,1.0,3.0,5.0,7.0,9.0,21.0,"In-person clinic visits on Day 1 of odd-numbered cycles (C1, 3, 5, 7, 9, 11, 13, 15). Even-numbered cycles are telephone contacts.",,2021.0
PMID 33739848 a_Summary_SoE.pdf,Group 2 (Radiation Therapy + Trastuzumab),intervention,2.0,24.0,28.0,29.0,29.0,30.0,0.0,Daily radiation therapy (RT) for 25 fractions (5 weeks). Trastuzumab given on Day 1 and Day 22 of RT. Post-RT follow-up at 30 days. Long-term follow-up every 6 months.,,2021.0
PMID 33739848 a_Summary_SoE.pdf,Group 1 (Radiation Therapy alone),control,2.0,24.0,28.0,29.0,29.0,30.0,0.0,Daily radiation therapy (RT) for 25 fractions (5 weeks). Post-RT follow-up at 30 days. Long-term follow-up every 6 months.,,2021.0
PMID 33764805 a_Summary_SoE.pdf,Arm A (Oral Azacitidine + Best Supportive Care),intervention,2.0,5.0,11.0,17.0,24.0,30.0,28.0,"Cycles 1-2: Days 1, 8, 15, 22; Cycles 3-12: Days 1, 15; Cycles 13+: Day 1",,2021.0
PMID 33764805 a_Summary_SoE.pdf,Arm B (Placebo + Best Supportive Care),control,2.0,5.0,11.0,17.0,24.0,30.0,28.0,"Cycles 1-2: Days 1, 8, 15, 22; Cycles 3-12: Days 1, 15; Cycles 13+: Day 1",,2021.0
PMID 33789008 a_Summary_SoE.pdf,Arm A (Nivolumab),intervention,1.0,4.0,8.0,12.0,15.0,19.0,14.0,"Q2W for 16 weeks (8 doses), then Q4W starting at Week 17 through Week 53.",,2021.0
PMID 33789008 a_Summary_SoE.pdf,Arm B (Placebo),control,1.0,4.0,8.0,12.0,15.0,19.0,14.0,"Q2W for 16 weeks (8 doses), then Q4W starting at Week 17 through Week 53.",,2021.0
PMID 33792623a_Summary_SoE.pdf,Arm A (Tislelizumab + Paclitaxel + Carboplatin),intervention,1.0,5.0,13.0,21.0,25.0,30.0,21.0,"Weekly (Day 1, 8, 15) during chemotherapy (first 6 cycles), then every 3 weeks (Day 1) for Tislelizumab maintenance.",,2021.0
PMID 33792623a_Summary_SoE.pdf,Arm B (Tislelizumab + nab-paclitaxel + Carboplatin),intervention,1.0,5.0,13.0,21.0,25.0,30.0,21.0,"Weekly (Day 1, 8, 15) during chemotherapy (first 6 cycles), then every 3 weeks (Day 1) for Tislelizumab maintenance.",,2021.0
PMID 33792623a_Summary_SoE.pdf,Arm C (Paclitaxel + Carboplatin),control,1.0,5.0,13.0,20.0,21.0,22.0,21.0,"Weekly (Day 1, 8, 15) during chemotherapy (6 cycles), followed by End of Treatment, Safety Follow-up, and Survival Follow-up visits.",,2021.0
PMID 33793299 a_Summary_SoE.pdf,Arm A (Palbociclib + Endocrine Therapy),intervention,1.0,3.0,6.0,8.0,9.0,12.0,28.0,"Cycles 1 and 2: Day 1 and Day 14. Cycles 3, 4, 5, 7, 9, 11, 13: Day 1 only. End of Treatment (EOT) visit occurs after Cycle 13.",,2021.0
PMID 33793299 a_Summary_SoE.pdf,Arm B (Placebo + Endocrine Therapy),control,1.0,3.0,6.0,8.0,9.0,12.0,28.0,"Cycles 1 and 2: Day 1 and Day 14. Cycles 3, 4, 5, 7, 9, 11, 13: Day 1 only. End of Treatment (EOT) visit occurs after Cycle 13.",,2021.0
PMID 33794205 CT_Summary_SoE.pdf,Arm A (Avelumab + SOC CRT),intervention,1.0,21.0,37.0,44.0,50.0,57.0,28.0,"Lead-in (1 day), CRT Phase (5 days/week IMRT for 7 weeks), Maintenance Phase (Q2W for 12 months)",,2021.0
PMID 33794205 CT_Summary_SoE.pdf,Arm B (Placebo + SOC CRT),control,1.0,21.0,37.0,44.0,50.0,57.0,28.0,"Lead-in (1 day), CRT Phase (5 days/week IMRT for 7 weeks), Maintenance Phase (Q2W for 12 months)",,2021.0
PMID 33821899a_Summary_SoE.pdf,Arm A (12 cycles FOLFOX + Placebo),control,1.0,3.0,7.0,12.0,13.0,14.0,14.0,"Day 1 of each 14-day cycle for 12 cycles, then every 3 months for maintenance.",,2021.0
PMID 33821899a_Summary_SoE.pdf,Arm B (12 cycles FOLFOX + Celecoxib),intervention,1.0,3.0,7.0,12.0,13.0,14.0,14.0,"Day 1 of each 14-day cycle for 12 cycles, then every 3 months for maintenance.",,2021.0
PMID 33821899a_Summary_SoE.pdf,Arm C (6 cycles FOLFOX + Placebo),intervention,1.0,3.0,6.0,7.0,8.0,9.0,14.0,"Day 1 of each 14-day cycle for 6 cycles, then every 3 months for maintenance.",,2021.0
PMID 33821899a_Summary_SoE.pdf,Arm D (6 cycles FOLFOX + Celecoxib),intervention,1.0,3.0,6.0,7.0,8.0,9.0,14.0,"Day 1 of each 14-day cycle for 6 cycles, then every 3 months for maintenance.",,2021.0
PMID 33848462 CT_Summary_SoE.pdf,Arm A (Copanlisib + Rituximab),intervention,3.0,6.0,12.0,22.0,32.0,42.0,28.0,"Cycle 1: Days 1, 4, 8, 15, 22. Subsequent cycles: Days 1, 8, 15.",,2021.0
PMID 33848462 CT_Summary_SoE.pdf,Arm B (Placebo + Rituximab),control,3.0,6.0,12.0,22.0,32.0,42.0,28.0,"Cycle 1: Days 1, 4, 8, 15, 22. Subsequent cycles: Days 1, 8, 15.",,2021.0
PMID 33882206 a_Summary_SoE.pdf,Arm A (Sacituzumab Govitecan),intervention,1.0,4.0,9.0,18.0,26.0,36.0,21.0,Days 1 and 8 of each 21-day cycle.,,2021.0
PMID 33882206 a_Summary_SoE.pdf,Arm B (Treatment of Physician's Choice - TPC),control,1.0,4.0,9.0,18.0,26.0,36.0,21.0,"Varies by TPC choice; Eribulin (Days 1, 8 of 21-day cycle) used as representative for calculation.",,2021.0
PMID 33891472 a_Summary_SoE.pdf,Arm A (Atezolizumab + Paclitaxel + Carboplatin + Bevacizumab),intervention,2.0,2.0,5.0,9.0,13.0,18.0,21.0,Day 1 of each 21-day cycle,,2021.0
PMID 33891472 a_Summary_SoE.pdf,Arm B (Placebo + Paclitaxel + Carboplatin + Bevacizumab),control,2.0,2.0,5.0,9.0,13.0,18.0,21.0,Day 1 of each 21-day cycle,,2021.0
PMID 33914256 CT_Summary_SoE.pdf,Arm A (MB02 + Chemotherapy),intervention,2.0,2.0,5.0,9.0,13.0,19.0,21.0,"Day 1 of each 21-day cycle for 18 cycles, plus a Week 52 End-of-Study visit.",,2021.0
PMID 33914256 CT_Summary_SoE.pdf,Arm B (Avastin + Chemotherapy),control,2.0,2.0,5.0,9.0,13.0,19.0,21.0,"Day 1 of each 21-day cycle for 18 cycles, plus a Week 52 End-of-Study visit.",,2021.0
PMID 33971141 CT_Summary_SoE.pdf,Arm A (Apatinib Mesylate Tablets),intervention,1.0,3.0,6.0,9.0,12.0,16.0,28.0,"2 visits per cycle for the first 2 cycles (Day 1 and Day 15), followed by 1 visit per cycle (Day 1) from Cycle 3 onwards.",,2021.0
PMID 33971141 CT_Summary_SoE.pdf,Arm B (Placebo),control,1.0,3.0,6.0,9.0,12.0,16.0,28.0,"2 visits per cycle for the first 2 cycles (Day 1 and Day 15), followed by 1 visit per cycle (Day 1) from Cycle 3 onwards.",,2021.0
PMID 33989025 a_Summary_SoE.pdf,"Arm A (Gemcitabine, Cisplatin, and Placebo)",control,2.0,4.0,9.0,15.0,19.0,24.0,21.0,Cycles 1-6: Days 1 and 8. Cycle 7 onwards (Maintenance): Day 1 only.,,2021.0
PMID 33989025 a_Summary_SoE.pdf,"Arm B (Gemcitabine, Cisplatin, and Bevacizumab)",intervention,2.0,4.0,9.0,15.0,19.0,24.0,21.0,Cycles 1-6: Days 1 and 8. Cycle 7 onwards (Maintenance): Day 1 only.,,2021.0
PMID 34048947 a_Summary_SoE.pdf,Test Group (IBI308 + Gemcitabine + Platinum),intervention,1.0,4.0,9.0,15.0,19.0,24.0,21.0,"2 visits per cycle (Day 1 and Day 8) for the first 6 cycles of combination therapy, followed by 1 visit per cycle (Day 1) for maintenance therapy every 21 days.",,2021.0
PMID 34048947 a_Summary_SoE.pdf,Control Group (Placebo + Gemcitabine + Platinum),control,1.0,4.0,9.0,15.0,19.0,24.0,21.0,"2 visits per cycle (Day 1 and Day 8) for the first 6 cycles of combination therapy, followed by 1 visit per cycle (Day 1) for maintenance therapy every 21 days.",,2021.0
PMID 34051178a_Summary_SoE.pdf,Pembrolizumab Monotherapy,intervention,2.0,4.0,7.0,11.0,15.0,20.0,21.0,Day 1 of each 3-week cycle for pembrolizumab administration.,,2021.0
PMID 34051178a_Summary_SoE.pdf,Pembrolizumab plus Chemotherapy,intervention,2.0,6.0,11.0,17.0,21.0,26.0,21.0,"Day 1 and Day 8 for the first 6 cycles (chemotherapy phase), then Day 1 only for pembrolizumab monotherapy phase.",,2021.0
PMID 34051178a_Summary_SoE.pdf,Chemotherapy Alone,control,2.0,6.0,11.0,15.0,17.0,18.0,21.0,"Day 1 and Day 8 for 6 cycles, followed by post-treatment follow-up.",,2021.0
PMID 34077643 a_Summary_SoE.pdf,Arm A (Nivolumab),intervention,2.0,3.0,7.0,13.0,20.0,27.0,14.0,Day 1 of each 14-day cycle,,2021.0
PMID 34077643 a_Summary_SoE.pdf,Arm B (Placebo),control,2.0,3.0,7.0,13.0,20.0,27.0,14.0,Day 1 of each 14-day cycle,,2021.0
PMID 34087126 a_Summary_SoE.pdf,DaraPomDex (Daratumumab + Pomalidomide + Dexamethasone),intervention,1.0,5.0,11.0,17.0,20.0,24.0,28.0,"Weekly for Cycles 1-2 (Days 1, 8, 15, 22), every 2 weeks for Cycles 3-6 (Days 1, 15), then every 4 weeks thereafter (Day 1).",,2021.0
PMID 34087126 a_Summary_SoE.pdf,PomDex (Pomalidomide + Dexamethasone),control,1.0,5.0,11.0,17.0,20.0,24.0,28.0,"Weekly for Cycles 1-2 (Days 1, 8, 15, 22), every 2 weeks for Cycles 3-6 (Days 1, 15), then every 4 weeks thereafter (Day 1).",,2021.0
PMID 34092112 a_Summary_SoE.pdf,Arm A (Observation),control,2.0,0.0,1.0,2.0,3.0,4.0,21.0,Follow-up visits every 3 months from randomization.,,2021.0
PMID 34092112 a_Summary_SoE.pdf,Arm B (Platinum-based chemotherapy),intervention,2.0,2.0,5.0,7.0,8.0,9.0,21.0,"Day 1 of each 21-day cycle for 4 cycles, plus an End of Treatment (EOT) visit and 3-monthly follow-ups.",,2021.0
PMID 34092112 a_Summary_SoE.pdf,Arm C (Capecitabine),intervention,2.0,2.0,6.0,9.0,10.0,11.0,21.0,"Day 1 of each 21-day cycle for 6 cycles, plus an EOT visit and 3-monthly follow-ups.",,2021.0
PMID 34102137 a_Summary_SoE.pdf,Nivolumab + FOLFOX,intervention,1.0,5.0,13.0,26.0,40.0,52.0,14.0,Day 1 (Infusion start) and Day 3 (Infusion disconnect) of each 14-day cycle.,,2021.0
PMID 34102137 a_Summary_SoE.pdf,FOLFOX alone,control,1.0,5.0,13.0,26.0,40.0,52.0,14.0,Day 1 (Infusion start) and Day 3 (Infusion disconnect) of each 14-day cycle.,,2021.0
PMID 34102137 a_Summary_SoE.pdf,Nivolumab + XELOX,intervention,1.0,2.0,5.0,9.0,13.0,18.0,21.0,Day 1 of each 21-day cycle.,,2021.0
PMID 34102137 a_Summary_SoE.pdf,XELOX alone,control,1.0,2.0,5.0,9.0,13.0,18.0,21.0,Day 1 of each 21-day cycle.,,2021.0
PMID 34110925 a_Summary_SoE.pdf,Arm A (Standard-dose CSRT 23.40 Gy + Standard Volume Boost),control,2.0,24.0,36.0,43.0,53.0,62.0,42.0,"Radiation phase: 5 days/week for 6 weeks (30 days total). Maintenance Regimen A (6 weeks): Days 1, 8, 15. Maintenance Regimen B (4 weeks): Days 1, 2, 8.",,2021.0
PMID 34110925 a_Summary_SoE.pdf,Arm B (Reduced-dose CSRT 18.00 Gy + Limited Target Volume Boost),intervention,2.0,24.0,36.0,43.0,53.0,62.0,42.0,"Radiation phase: 5 days/week for 6 weeks (30 days total). Maintenance Regimen A (6 weeks): Days 1, 8, 15. Maintenance Regimen B (4 weeks): Days 1, 2, 8.",,2021.0
PMID 34133211 a_Summary_SoE.pdf,Arm 1 (CSC Arm: Chemotherapy + Surgery + Chemotherapy),intervention,2.0,2.0,6.0,8.0,11.0,14.0,21.0,"3-week cycles (Neo-adjuvant), then surgery, then 6-week cycles (Adjuvant). Visits occur on Day 1 of each cycle.",,2021.0
PMID 34133211 a_Summary_SoE.pdf,Arm 2 (SC Arm: Surgery + Chemotherapy),control,2.0,2.0,4.0,6.0,9.0,11.0,42.0,"Surgery within 2 weeks of randomization, followed by 6-week adjuvant cycles. Visits occur on Day 1 of each cycle.",,2021.0
PMID 34134469 CT_Summary_SoE.pdf,Arm A (Prolonged SC Rituximab Maintenance),intervention,1.0,2.0,5.0,8.0,11.0,13.0,28.0,Induction: Day 1 of 28-day cycles; Maintenance: Day 1 of 56-day cycles; plus separate staging visits.,,2022.0
PMID 34134469 CT_Summary_SoE.pdf,Arm B (Observation),control,1.0,2.0,5.0,8.0,11.0,13.0,28.0,Induction: Day 1 of 28-day cycles; Maintenance: Day 1 of 56-day cycles; plus separate staging visits.,,2022.0
PMID 34143970 CT_Summary_SoE.pdf,Arm A (avelumab alone),intervention,1.0,3.0,7.0,13.0,20.0,27.0,28.0,Day 1 and Day 15 of every 4-week cycle.,,2021.0
PMID 34143970 CT_Summary_SoE.pdf,Arm B (avelumab plus PLD),intervention,1.0,3.0,7.0,13.0,20.0,27.0,28.0,Day 1 and Day 15 of every 4-week cycle.,,2021.0
PMID 34143970 CT_Summary_SoE.pdf,Arm C (PLD alone),control,1.0,3.0,7.0,13.0,20.0,27.0,28.0,Day 1 (Infusion) and Day 15 (Labs) of every 4-week cycle.,,2021.0
PMID 34161051 a_Summary_SoE.pdf,Investigational Arm (177Lu-PSMA-617 + BSoC),intervention,2.0,5.0,10.0,16.0,23.0,24.0,42.0,"Cycle 1: Days 1, 8, 15, 22, 29, 36. Cycles 2-6: Days 1, 15, 29. Treatment administered on Day 1 of each cycle.",,2021.0
PMID 34161051 a_Summary_SoE.pdf,Control Arm (Best Supportive Care Alone),control,2.0,5.0,10.0,16.0,23.0,24.0,42.0,"Cycle 1: Days 1, 8, 15, 22, 29, 36. Cycles 2-6: Days 1, 15, 29.",,2021.0
PMID 34170389 CT_Summary_SoE.pdf,"Arm A (Higher Dose PEG-asparaginase, Standard/High-Risk)",intervention,2.0,13.0,30.0,47.0,63.0,76.0,7.0,"Intensive Induction (multiple visits/week), Consolidation (bi-weekly HDMTX 3-day visits + weekly CBC), Continuation (weekly MTX/Pulse visits).",,2021.0
PMID 34170389 CT_Summary_SoE.pdf,"Arm B (Conventional Dose PEG-asparaginase, Standard/High-Risk)",control,2.0,13.0,30.0,47.0,63.0,76.0,7.0,"Intensive Induction (multiple visits/week), Consolidation (bi-weekly HDMTX 3-day visits + weekly CBC), Continuation (weekly MTX/Pulse visits).",,2021.0
PMID 34197181 a_Summary_SoE.pdf,Group 1 (AST + EBRT),control,2.0,3.0,25.0,49.0,49.0,50.0,28.0,AST injections every 4 weeks; EBRT daily (M-F) for 8 weeks starting at Week 10; Labs every 3 weeks.,,2021.0
PMID 34197181 a_Summary_SoE.pdf,Group 2 (AST + EBRT + Docetaxel),intervention,2.0,5.0,29.0,53.0,53.0,54.0,7.0,AST injections every 4 weeks; Docetaxel q3w for 3 cycles then weekly for 7 weeks; EBRT daily (M-F) for 8 weeks; Weekly labs during Docetaxel phase.,,2021.0
PMID 34219000 a_Summary_SoE.pdf,Arm A (Atezolizumab + Paclitaxel),intervention,2.0,4.0,10.0,20.0,30.0,40.0,28.0,"Days 1, 8, and 15 of every 28-day cycle.",,2021.0
PMID 34219000 a_Summary_SoE.pdf,Arm B (Placebo + Paclitaxel),control,2.0,4.0,10.0,20.0,30.0,40.0,28.0,"Days 1, 8, and 15 of every 28-day cycle.",,2021.0
PMID 34237250 a_Summary_SoE.pdf,Cabozantinib,intervention,2.0,3.0,6.0,9.0,12.0,16.0,28.0,"Day 1, 15, 29, 43, 57, then every 28 days (W13D1, W17D1, etc.)",,2021.0
PMID 34237250 a_Summary_SoE.pdf,Placebo,control,2.0,3.0,6.0,9.0,12.0,16.0,28.0,"Day 1, 15, 29, 43, 57, then every 28 days (W13D1, W17D1, etc.)",,2021.0
PMID 34246347 CT_Summary_SoE.pdf,Arm 1 (Ipatasertib + Abiraterone + Prednisone/Prednisolone),intervention,1.0,5.0,9.0,12.0,15.0,19.0,28.0,"Cycle 1: Days 1, 4, 8, 15; Cycles 2-3: Days 1, 15; Cycles 4+: Day 1 only.",,2021.0
PMID 34246347 CT_Summary_SoE.pdf,Arm 2 (Placebo + Abiraterone + Prednisone/Prednisolone),control,1.0,5.0,9.0,12.0,15.0,19.0,28.0,"Cycle 1: Days 1, 4, 8, 15; Cycles 2-3: Days 1, 15; Cycles 4+: Day 1 only.",,2021.0
PMID 34264305 a_Summary_SoE.pdf,Celecoxib,intervention,1.0,1.0,2.0,3.0,3.0,4.0,0.0,"Baseline (Day 1), Month 3, Month 6, Month 12",,2021.0
PMID 34264305 a_Summary_SoE.pdf,Placebo,control,1.0,1.0,2.0,3.0,3.0,4.0,0.0,"Baseline (Day 1), Month 3, Month 6, Month 12",,2021.0
PMID 34264316 a_Summary_SoE.pdf,Arm 1: Nivolumab plus Ipilimumab,intervention,1.0,3.0,7.0,13.0,20.0,27.0,14.0,Day 1 of every 14-day cycle. Ipilimumab is administered every 3 cycles (42 days).,,2021.0
PMID 34264316 a_Summary_SoE.pdf,Arm 2: Nivolumab monotherapy,control,1.0,3.0,7.0,13.0,20.0,27.0,14.0,Day 1 of every 14-day cycle.,,2021.0
PMID 34264503 CT_Summary_SoE.pdf,Arm A (FKB238 group),intervention,1.0,4.0,7.0,11.0,15.0,20.0,21.0,"Cycle 1: Days 1, 8, 15. Subsequent cycles: Day 1 only.",,2021.0
PMID 34264503 CT_Summary_SoE.pdf,Arm B (Avastin group),control,1.0,4.0,7.0,11.0,15.0,20.0,21.0,"Cycle 1: Days 1, 8, 15. Subsequent cycles: Day 1 only.",,2021.0
PMID 34309665 a_Summary_SoE.pdf,Standard Arm (Bevacizumab + FOLFOX/OXXEL),control,2.0,7.0,16.0,28.0,34.0,40.0,14.0,Day 1 (Bevacizumab + Chemotherapy) and Day 8 (Weekly blood count) per 14-day cycle. Maintenance: Day 1 (Bevacizumab) every 21 days.,,2021.0
PMID 34309665 a_Summary_SoE.pdf,Experimental Arm (Sequential Bevacizumab + FOLFOX/OXXEL),intervention,2.0,8.0,21.0,39.0,45.0,51.0,14.0,"Day 1 (Bevacizumab), Day 5 (Chemotherapy), and Day 8 (Weekly blood count) per 14-day cycle. Maintenance: Day 1 (Bevacizumab) every 21 days.",,2021.0
PMID 34320285 a_Summary_SoE.pdf,Arm A (Anastrozole 2 years),intervention,1.0,0.0,0.0,1.0,1.0,2.0,,Screening visit followed by visits at 6 months and 12 months within the first year.,,2021.0
PMID 34320285 a_Summary_SoE.pdf,Arm B (Anastrozole 5 years),control,1.0,0.0,0.0,1.0,1.0,2.0,,Screening visit followed by visits at 6 months and 12 months within the first year.,,2021.0
PMID 34341578 CT_Summary_SoE.pdf,Arm A (Toripalimab + Chemotherapy),intervention,2.0,4.0,9.0,15.0,19.0,24.0,21.0,During chemotherapy (Cycles 1-6): Days 1 and 8 of each 21-day cycle. During maintenance (Cycle 7+): Day 1 of each 21-day cycle.,,2021.0
PMID 34341578 CT_Summary_SoE.pdf,Arm B (Placebo + Chemotherapy),control,2.0,4.0,9.0,15.0,19.0,24.0,21.0,During chemotherapy (Cycles 1-6): Days 1 and 8 of each 21-day cycle. During maintenance (Cycle 7+): Day 1 of each 21-day cycle.,,2021.0
PMID 34343033 a_Summary_SoE.pdf,Arm A (Avapritinib),intervention,1.0,3.0,6.0,8.0,9.0,11.0,28.0,"C1D1, C1D15, C2D1, C2D15, C3D1, C4D1, C5D1, then odd cycles (C7, C9, C11, C13) Day 1.",,2021.0
PMID 34343033 a_Summary_SoE.pdf,Arm B (Regorafenib),control,1.0,3.0,6.0,8.0,9.0,11.0,28.0,"C1D1, C1D15, C2D1, C2D15, C3D1, C4D1, C5D1, then odd cycles (C7, C9, C11, C13) Day 1.",,2021.0
PMID 34357781 a_Summary_SoE.pdf,Arm A (Exemestane + Entinostat),intervention,1.0,3.0,5.0,8.0,11.0,15.0,28.0,"Screening (Baseline), Cycle 1 Day 1, Cycle 1 Day 15, then Day 1 of every subsequent 28-day cycle.",,2021.0
PMID 34357781 a_Summary_SoE.pdf,Arm B (Exemestane + Placebo),control,1.0,3.0,5.0,8.0,11.0,15.0,28.0,"Screening (Baseline), Cycle 1 Day 1, Cycle 1 Day 15, then Day 1 of every subsequent 28-day cycle.",,2021.0
PMID 34363762 CT_Summary_SoE.pdf,Arm A (Chemotherapy alone followed by observation),control,1.0,5.0,13.0,20.0,22.0,24.0,21.0,"Weekly visits (Days 1, 8, 15) during 6 cycles of chemotherapy; followed by observation visits every 6 weeks (Day 1 of maintenance cycles).",,2021.0
PMID 34363762 CT_Summary_SoE.pdf,Arm B (Chemotherapy alone followed by avelumab maintenance),intervention,1.0,5.0,13.0,22.0,29.0,36.0,21.0,"Weekly visits (Days 1, 8, 15) during 6 cycles of chemotherapy; followed by maintenance visits every 2 weeks (Days 1, 15, 29 of 6-week maintenance cycles).",,2021.0
PMID 34363762 CT_Summary_SoE.pdf,Arm C (Avelumab in combination with chemotherapy followed by avelumab maintenance),intervention,1.0,5.0,13.0,22.0,29.0,36.0,21.0,"Weekly visits (Days 1, 8, 15) during 6 cycles of chemotherapy; followed by maintenance visits every 2 weeks (Days 1, 15, 29 of 6-week maintenance cycles).",,2021.0
PMID 34383006a_Summary_SoE.pdf,Arm A (Accelerated hypofractionated IGRT),intervention,3.0,15.0,16.0,17.0,18.0,19.0,0.0,Daily fractions (5 days/week) for 3 weeks (15 fractions total).,,2021.0
PMID 34383006a_Summary_SoE.pdf,Arm B (Conventional radiation),control,3.0,20.0,31.0,32.0,33.0,34.0,0.0,Daily fractions (5 days/week) for 6 weeks (30 fractions total).,,2021.0
PMID 34407342 a_Summary_SoE.pdf,Arm A (Pembrolizumab),intervention,2.0,2.0,5.0,9.0,13.0,18.0,21.0,One visit every 3 weeks (21 days) for drug administration and assessments.,,2021.0
PMID 34407342 a_Summary_SoE.pdf,Arm B (Placebo),control,2.0,2.0,5.0,9.0,13.0,18.0,21.0,One visit every 3 weeks (21 days) for placebo administration and assessments.,,2021.0
PMID 34407542 a_Summary_SoE.pdf,Asciminib 40 mg twice daily,intervention,1.0,3.0,7.0,11.0,14.0,18.0,28.0,"W1D1, W2D1, then every 2 weeks to W16, then every 4 weeks to W96",,2021.0
PMID 34407542 a_Summary_SoE.pdf,Bosutinib 500 mg once daily,control,1.0,3.0,7.0,11.0,14.0,18.0,28.0,"W1D1, W2D1, then every 2 weeks to W16, then every 4 weeks to W96",,2021.0
PMID 34418665 CT_Summary_SoE.pdf,Arm A (Cetuximab + Cisplatin + 5-FU),intervention,1.0,13.0,33.0,50.0,63.0,78.0,21.0,"Chemotherapy phase (Cycles 1-6): Days 1-5 (inpatient), Day 8, Day 15. Monotherapy phase (>6 cycles): Days 1, 8, 15.",,2021.0
PMID 34418665 CT_Summary_SoE.pdf,Arm B (Cisplatin + 5-FU),control,1.0,10.0,25.0,31.0,33.0,36.0,21.0,Chemotherapy phase (Cycles 1-6): Days 1-5 (inpatient). Post-treatment: Tumor assessments every 6 weeks.,,2021.0
PMID 34454674 a_Summary_SoE.pdf,Arm 1 (Pembrolizumab + Cisplatin + 5-FU),intervention,1.0,4.0,10.0,18.0,26.0,36.0,21.0,2 days per cycle (Day 1 for infusions/labs/clinic and Day 5 for 5-FU pump disconnection),,2021.0
PMID 34454674 a_Summary_SoE.pdf,Arm 2 (Placebo + Cisplatin + 5-FU),control,1.0,4.0,10.0,18.0,26.0,36.0,21.0,2 days per cycle (Day 1 for infusions/labs/clinic and Day 5 for 5-FU pump disconnection),,2021.0
PMID 34459214 CT_Summary_SoE.pdf,Degarelix (GnRH Receptor Antagonist),intervention,1.0,2.0,4.0,7.0,10.0,13.0,28.0,Monthly visits (every 28 days) for 12 months.,,2021.0
PMID 34459214 CT_Summary_SoE.pdf,Leuprolide (GnRH Receptor Agonist),control,1.0,2.0,4.0,7.0,10.0,13.0,84.0,"Monthly clinic visits for assessments, with drug administration every 3 months (Visits 2, 5, 8, 11).",,2021.0
PMID 34534429 a_Summary_SoE.pdf,Arm 1 (Pembrolizumab + Chemotherapy),intervention,2.0,2.0,5.0,9.0,13.0,18.0,21.0,Visits occur on Day 1 of every 21-day cycle (Q3W).,,2021.0
PMID 34534429 a_Summary_SoE.pdf,Arm 2 (Placebo + Chemotherapy),control,2.0,2.0,5.0,9.0,13.0,18.0,21.0,Visits occur on Day 1 of every 21-day cycle (Q3W).,,2021.0
PMID 34600602 a_Summary_SoE.pdf,Arm A (Apalutamide + Abiraterone Acetate + Prednisone),intervention,2.0,3.0,7.0,10.0,13.0,17.0,28.0,Cycles 1-3: Day 1 and Day 15. Cycle 4 onwards: Day 1 only.,,2021.0
PMID 34600602 a_Summary_SoE.pdf,Arm B (Placebo + Abiraterone Acetate + Prednisone),control,2.0,3.0,7.0,10.0,13.0,17.0,28.0,Cycles 1-3: Day 1 and Day 15. Cycle 4 onwards: Day 1 only.,,2021.0
PMID 34652968 a_Summary_SoE.pdf,Regimen A (VDC1200/IE),control,3.0,10.0,26.0,50.0,66.0,67.0,14.0,"Induction (6 cycles of 2 weeks), Local Control (2 weeks), Consolidation (11 cycles of 2 weeks).",,2021.0
PMID 34652968 a_Summary_SoE.pdf,Regimen B (VTC250/IE/VDC1200),intervention,3.0,13.0,30.0,61.0,83.0,84.0,14.0,"Induction (6 cycles of 2 weeks), Local Control (2 weeks), Consolidation (11 cycles of 2 weeks). Regimen B adds vincristine-topotecan-cyclophosphamide (VTC) cycles.",,2021.0
PMID 34661177 CT_Summary_SoE.pdf,Arm 1 (Pembrolizumab + Carboplatin + Paclitaxel/nab-paclitaxel),intervention,1.0,5.0,13.0,17.0,21.0,26.0,21.0,"Cycles 1-4: Days 1, 8, and 15; Cycles 5 and beyond: Day 1 only.",,2021.0
PMID 34661177 CT_Summary_SoE.pdf,Arm 2 (Saline Placebo + Carboplatin + Paclitaxel/nab-paclitaxel),control,1.0,5.0,13.0,17.0,21.0,26.0,21.0,"Cycles 1-4: Days 1, 8, and 15; Cycles 5 and beyond: Day 1 only.",,2021.0
PMID 34808255 CT_Summary_SoE.pdf,Arm 2 (Gabapentin),intervention,1.0,22.0,36.0,36.0,36.0,36.0,1.0,Daily radiation therapy (5 days/week) for 7 weeks (35 fractions total). Weekly assessments occur on treatment days. One screening visit and one 6-week post-treatment follow-up visit.,,2022.0
PMID 34808255 CT_Summary_SoE.pdf,Arm 1 (Placebo Control),control,1.0,22.0,36.0,36.0,36.0,36.0,1.0,Daily radiation therapy (5 days/week) for 7 weeks (35 fractions total). Weekly assessments occur on treatment days. One screening visit and one 6-week post-treatment follow-up visit.,,2022.0
PMID 34855460 a_Summary_SoE.pdf,Arm A (CD34 Selected PBSC),intervention,2.0,11.0,18.0,20.0,21.0,22.0,,"Conditioning (Days -9 to -2), Transplant (Day 0), then weekly through Day 63, then Days 100, 150, 180, 270, 365.",,2022.0
PMID 34855460 a_Summary_SoE.pdf,Arm B (BM/PTCy),intervention,2.0,12.0,18.0,20.0,21.0,22.0,,"Conditioning (Days -7 to -2), Transplant (Day 0), Post-transplant Cy (Days 3, 4), then weekly through Day 63, then Days 100, 150, 180, 270, 365.",,2022.0
PMID 34855460 a_Summary_SoE.pdf,Arm C (Control - BM/Tac/Mtx),control,2.0,14.0,20.0,22.0,23.0,24.0,,"Conditioning (Days -7 to -2), Transplant (Day 0), Post-transplant Mtx (Days 1, 3, 6, 11), then weekly through Day 63, then Days 100, 150, 180, 270, 365.",,2022.0
PMID 34874182 a_Summary_SoE.pdf,Arm A (Palbociclib + Endocrine Therapy),intervention,0.0,0.0,0.0,0.0,0.0,0.0,28.0,Not specified in the provided document.,,2022.0
PMID 34874182 a_Summary_SoE.pdf,Arm B (Endocrine Therapy alone),control,0.0,0.0,0.0,0.0,0.0,0.0,,Not specified in the provided document.,,2022.0
PMID 34882169 a_Summary_SoE.pdf,Armodafinil 150mg,intervention,2.0,1.0,2.0,2.0,2.0,2.0,28.0,"Screening visit (eligibility), Baseline visit (pre-treatment), Week 4 visit, Week 8 visit",,2022.0
PMID 34882169 a_Summary_SoE.pdf,Armodafinil 250mg,intervention,2.0,1.0,2.0,2.0,2.0,2.0,28.0,"Screening visit (eligibility), Baseline visit (pre-treatment), Week 4 visit, Week 8 visit",,2022.0
PMID 34882169 a_Summary_SoE.pdf,Placebo,control,2.0,1.0,2.0,2.0,2.0,2.0,28.0,"Screening visit (eligibility), Baseline visit (pre-treatment), Week 4 visit, Week 8 visit",,2022.0
PMID 34890060 CT_Summary_SoE.pdf,Arm A (Pre- and During-consultation Decision Aids),intervention,3.0,1.0,1.0,1.0,1.0,2.0,0.0,"Screening (H&P, PSA, Biopsy), Day 1 (Consultation/Intervention), Month 12 (Follow-up visit)",,2022.0
PMID 34890060 CT_Summary_SoE.pdf,Arm B (Pre-consultation Decision Aid only),intervention,3.0,1.0,1.0,1.0,1.0,2.0,0.0,"Screening (H&P, PSA, Biopsy), Day 1 (Consultation/Intervention), Month 12 (Follow-up visit)",,2022.0
PMID 34890060 CT_Summary_SoE.pdf,Arm C (During-consultation Decision Aid only),intervention,3.0,1.0,1.0,1.0,1.0,2.0,0.0,"Screening (H&P, PSA, Biopsy), Day 1 (Consultation/Intervention), Month 12 (Follow-up visit)",,2022.0
PMID 34890060 CT_Summary_SoE.pdf,Arm D (Usual Care),control,3.0,1.0,1.0,1.0,1.0,2.0,0.0,"Screening (H&P, PSA, Biopsy), Day 1 (Consultation), Month 12 (Follow-up visit)",,2022.0
PMID 34890214 a_Summary_SoE.pdf,Arm 1 (Trastuzumab + Pertuzumab + Taxane),control,2.0,2.0,6.0,18.0,22.0,27.0,21.0,"Anthracycline phase: Day 1 of 4 cycles (q3w). HER2 phase: Cycles 1-4 involve weekly visits (Day 1, 8, 15) for taxane administration; Cycles 5-18 involve Day 1 visits only (q3w).",,2022.0
PMID 34890214 a_Summary_SoE.pdf,Arm 2 (Trastuzumab Emtansine + Pertuzumab),intervention,2.0,2.0,6.0,10.0,14.0,19.0,21.0,Anthracycline phase: Day 1 of 4 cycles (q3w). HER2 phase: Day 1 of 18 cycles (q3w).,,2022.0
PMID 34891224 a_Summary_SoE.pdf,Axicabtagene Ciloleucel,intervention,2.0,12.0,13.0,15.0,16.0,17.0,0.0,"Leukapheresis (1 day), Conditioning Chemotherapy (3 days), Single Infusion (1 day), followed by a minimum 7-day observation period.",,2022.0
PMID 34891224 a_Summary_SoE.pdf,"Standard of Care (SOC) therapy (R-ICE, R-DHAP, R-ESHAP, or R-GDP)",control,2.0,6.0,33.0,35.0,36.0,37.0,21.0,"2-3 cycles of combination chemotherapy (3-5 days per cycle), stem cell collection (~2 days), and HDT/ASCT (~21 days hospitalization).",,2022.0
PMID 34914339 a_Summary_SoE.pdf,Arm 1 (Chemotherapy plus Endocrine Therapy),intervention,3.0,2.0,5.0,7.0,8.0,9.0,21.0,Chemotherapy cycles (q3 weeks) followed by clinic visits every 3 months for the first year.,,2021.0
PMID 34914339 a_Summary_SoE.pdf,Arm 2 (Endocrine Therapy alone),control,3.0,1.0,2.0,3.0,4.0,5.0,,Clinic visits every 3 months for the first year.,,2021.0
PMID 34914889 a_Summary_SoE.pdf,Nivolumab (240 mg IV every 2 weeks),intervention,2.0,3.0,7.0,13.0,20.0,27.0,14.0,Visits occur every 2 weeks (Day 1 of each 14-day cycle) for IV infusion and safety assessments.,,2022.0
PMID 34914889 a_Summary_SoE.pdf,Sorafenib (400 mg PO BID),control,2.0,3.0,7.0,13.0,20.0,27.0,14.0,Visits occur every 2 weeks for safety monitoring and drug dispensing. Imaging occurs every 8 weeks.,,2022.0
PMID 34967844 a_Summary_SoE.pdf,Intervention Group (GnRHa + Chemotherapy),intervention,2.0,3.0,9.0,14.0,15.0,16.0,21.0,Chemotherapy every 21 days (6 cycles); GnRHa every 28 days starting 1-2 weeks pre-chemo; Follow-up every 3 months.,,2022.0
PMID 34967844 a_Summary_SoE.pdf,Control Group (Conventional Chemotherapy),control,1.0,2.0,6.0,8.0,9.0,10.0,21.0,Chemotherapy every 21 days (6 cycles); Follow-up every 3 months.,,2022.0
PMID 34997889 CT_Summary_SoE.pdf,"Carboplatin Arm (Carboplatin, Etoposide, Vincristine)",intervention,3.0,5.0,21.0,32.0,33.0,33.0,28.0,"5 consecutive days of treatment every 28 days for 6 cycles, plus response evaluations at Week 8 and Week 24.",,2022.0
PMID 34997889 CT_Summary_SoE.pdf,"Cyclophosphamide Arm (Cyclophosphamide, Etoposide, Vincristine)",intervention,3.0,5.0,21.0,32.0,33.0,33.0,28.0,"5 consecutive days of treatment every 28 days for 6 cycles, plus response evaluations at Week 8 and Week 24.",,2022.0
PMID 35007153 a_Summary_SoE.pdf,Regimen I (Paclitaxel plus Carboplatin),intervention,2.0,5.0,13.0,19.0,20.0,21.0,21.0,"Day 1 (Treatment), Day 8 (Weekly Lab), Day 15 (Weekly Lab)",,2022.0
PMID 35007153 a_Summary_SoE.pdf,"Regimen II (Ifosfamide, Mesna, and Paclitaxel)",control,2.0,9.0,23.0,31.0,32.0,33.0,21.0,"Days 1, 2, 3 (Treatment), Day 8 (Weekly Lab), Day 15 (Weekly Lab)",,2022.0
PMID 35013615 CT_Summary_SoE.pdf,Arm A (Atezolizumab + Enzalutamide),intervention,2.0,2.0,5.0,9.0,13.0,18.0,21.0,One visit every 21 days (Day 1 of each cycle).,,2022.0
PMID 35013615 CT_Summary_SoE.pdf,Arm B (Enzalutamide Alone),control,2.0,2.0,5.0,9.0,13.0,18.0,21.0,One visit every 21 days (Day 1 of each cycle) for drug dispensing and safety monitoring.,,2022.0
PMID 35030011 a_Summary_SoE.pdf,Arm 1 (PDR001 + Dabrafenib + Trametinib),intervention,1.0,3.0,6.0,9.0,12.0,16.0,28.0,Cycles 1 and 2: Day 1 and Day 15 visits. Cycle 3 onwards: Day 1 visits only.,,2022.0
PMID 35030011 a_Summary_SoE.pdf,Arm 2 (Placebo + Dabrafenib + Trametinib),control,1.0,3.0,6.0,9.0,12.0,16.0,28.0,Cycles 1 and 2: Day 1 and Day 15 visits. Cycle 3 onwards: Day 1 visits only.,,2022.0
PMID 35032434 a_Summary_SoE.pdf,Arm A (Melflufen + Dexamethasone),intervention,1.0,5.0,13.0,26.0,39.0,53.0,28.0,"Days 1, 8, 15, and 22 of each 28-day cycle.",,2022.0
PMID 35032434 a_Summary_SoE.pdf,Arm B (Pomalidomide + Dexamethasone),control,1.0,5.0,13.0,26.0,39.0,53.0,28.0,"Days 1, 8, 15, and 22 of each 28-day cycle.",,2022.0
PMID 35038433 CT_Summary_SoE.pdf,Arm 1 (Trastuzumab + Chemoradiation + Surgery + Maintenance Trastuzumab),intervention,3.0,22.0,31.0,35.0,41.0,46.0,21.0,Daily radiation (5 days/week) for 28 fractions; weekly chemotherapy/trastuzumab during radiation; surgery 5-8 weeks post-radiation; maintenance trastuzumab every 3 weeks for 13 treatments.,,2022.0
PMID 35038433 CT_Summary_SoE.pdf,Arm 2 (Chemoradiation + Surgery),control,3.0,22.0,31.0,31.0,32.0,33.0,7.0,Daily radiation (5 days/week) for 28 fractions; weekly chemotherapy during radiation; surgery 5-8 weeks post-radiation.,,2022.0
PMID 35045221 a_Summary_SoE.pdf,Arm A (Lenvatinib + Pembrolizumab),intervention,1.0,3.0,8.0,14.0,19.0,26.0,21.0,Day 1 of each 21-day cycle for treatment; Day 15 of Cycles 1 and 2 for mandatory clinic visits/labs.,,2022.0
PMID 35045221 a_Summary_SoE.pdf,Arm B (TPC - Paclitaxel),control,1.0,4.0,11.0,23.0,34.0,46.0,28.0,"Days 1, 8, and 15 of each 28-day cycle for treatment infusions.",,2022.0
PMID 35108470 a_Summary_SoE.pdf,Arm A (Nivolumab + Ipilimumab),intervention,2.0,3.0,7.0,13.0,20.0,27.0,14.0,Nivolumab Q2W (Day 1 of each 14-day cycle) and Ipilimumab Q6W (coincides with Nivolumab visits).,,2022.0
PMID 35108470 a_Summary_SoE.pdf,Arm B (Nivolumab + Fluorouracil + Cisplatin),intervention,2.0,8.0,23.0,41.0,60.0,79.0,28.0,FP Chemotherapy Days 1-5 and Nivolumab Day 1 and Day 15 of each 28-day cycle.,,2022.0
PMID 35108470 a_Summary_SoE.pdf,Arm C (Fluorouracil + Cisplatin),control,2.0,7.0,20.0,35.0,50.0,66.0,28.0,FP Chemotherapy Days 1-5 of each 28-day cycle.,,2022.0
PMID 35142815 a_Summary_SoE.pdf,Arm A (DCVAC/PCa + Standard of Care),intervention,4.0,3.0,8.0,17.0,21.0,24.0,21.0,"Concurrent Treatment Period (CTP): 3-week cycles. Cycle 1 has 1 visit (Week 1). Cycles 2-10 have 2 visits (Week 1 for SOC, Week 2 for Study Drug). Maintenance Boosting Period (MBP): 4-week cycles with 1 visit per cycle.",,2022.0
PMID 35142815 a_Summary_SoE.pdf,Arm B (Placebo + Standard of Care),control,4.0,3.0,8.0,17.0,21.0,24.0,21.0,"Concurrent Treatment Period (CTP): 3-week cycles. Cycle 1 has 1 visit (Week 1). Cycles 2-10 have 2 visits (Week 1 for SOC, Week 2 for Placebo). Maintenance Boosting Period (MBP): 4-week cycles with 1 visit per cycle.",,2022.0
PMID 35179323 a_Summary_SoE.pdf,Darolutamide + ADT + Docetaxel,intervention,3.0,2.0,5.0,7.0,8.0,9.0,21.0,Docetaxel infusions every 21 days for 6 cycles; Maintenance visits every 12 weeks thereafter.,,2022.0
PMID 35179323 a_Summary_SoE.pdf,Placebo + ADT + Docetaxel,control,3.0,2.0,5.0,7.0,8.0,9.0,21.0,Docetaxel infusions every 21 days for 6 cycles; Maintenance visits every 12 weeks thereafter.,,2022.0
PMID 35192411 a_Summary_SoE.pdf,Arm A (Selumetinib + RAI),intervention,1.0,4.0,8.0,9.0,9.0,10.0,,"Screening (Visit 1), Day 1 (Visit 2), Day 14 (Visit 3), Day 29 (Visit 4), Day 30 (Visit 4), Day 31 (Visit 5), Day 36 (Visit 6), Day 38 (WBS), Week 10 (Visit 7), 4 Months post-RAI (Visit 8), 9 Months post-RAI (Visit 9).",,2022.0
PMID 35192411 a_Summary_SoE.pdf,Arm B (Placebo + RAI),control,1.0,4.0,8.0,9.0,9.0,10.0,,"Screening (Visit 1), Day 1 (Visit 2), Day 14 (Visit 3), Day 29 (Visit 4), Day 30 (Visit 4), Day 31 (Visit 5), Day 36 (Visit 6), Day 38 (WBS), Week 10 (Visit 7), 4 Months post-RAI (Visit 8), 9 Months post-RAI (Visit 9).",,2022.0
PMID 35213496 CT_Summary_SoE.pdf,Group DB (Deep Neuromuscular block),intervention,1.0,4.0,4.0,4.0,4.0,4.0,0.0,"Screening visit, Surgery (Day 1), Post-operative Day 2 (24h VAS), Post-operative Day 3 (48h VAS), and Follow-up visit at POD 30.",,2022.0
PMID 35213496 CT_Summary_SoE.pdf,Group MB (Moderate Neuromuscular block),control,1.0,4.0,4.0,4.0,4.0,4.0,0.0,"Screening visit, Surgery (Day 1), Post-operative Day 2 (24h VAS), Post-operative Day 3 (48h VAS), and Follow-up visit at POD 30.",,2022.0
PMID 35240074a_Summary_SoE.pdf,Avatrombopag,intervention,1.0,7.0,17.0,30.0,42.0,57.0,28.0,"Cycle X+1: 7 visits (Baseline, Pre-chemo IP, Chemo Day, Post-chemo IP, D11, D15, D18); Cycle X+2: 4 visits (Chemo Day, D11, D15, D18); OLE Cycles: 4 visits (Pre-chemo IP, Chemo Day, Post-chemo IP, D15).",,2022.0
PMID 35240074a_Summary_SoE.pdf,Placebo,control,1.0,7.0,17.0,30.0,42.0,57.0,28.0,"Cycle X+1: 7 visits (Baseline, Pre-chemo IP, Chemo Day, Post-chemo IP, D11, D15, D18); Cycle X+2: 4 visits (Chemo Day, D11, D15, D18); OLE Cycles: 4 visits (Pre-chemo IP, Chemo Day, Post-chemo IP, D15).",,2022.0
PMID 35245446 CT_Summary_SoE.pdf,Group A (Toripalimab + Paclitaxel + Cisplatin),intervention,2.0,2.0,5.0,9.0,13.0,18.0,21.0,Day 1 of every 3-week cycle (Q3W).,,2022.0
PMID 35245446 CT_Summary_SoE.pdf,Group B (Placebo + Paclitaxel + Cisplatin),control,2.0,2.0,5.0,9.0,13.0,18.0,21.0,Day 1 of every 3-week cycle (Q3W).,,2022.0
PMID 35271306 a_Summary_SoE.pdf,Arm A (Modified ABFM Backbone),control,2.0,9.0,29.0,47.0,63.0,79.0,84.0,"Induction (weekly), Consolidation (intensive blocks), Interim Maintenance (approx. every 10 days), Delayed Intensification (intensive blocks), Maintenance (weekly).",,2022.0
PMID 35271306 a_Summary_SoE.pdf,Arm B (ABFM + Bortezomib),intervention,2.0,10.0,30.0,48.0,64.0,80.0,84.0,Same as Arm A with one additional visit day in Induction (Day 11) for Bortezomib administration.,,2022.0
PMID 35290101 a_Summary_SoE.pdf,Arm I (Standard platinum-based chemotherapy),control,2.0,2.0,5.0,9.0,10.0,12.0,21.0,"Day 1 of each cycle for 6 cycles, followed by active surveillance.",,2022.0
PMID 35290101 a_Summary_SoE.pdf,Arm II (Single-agent olaparib),intervention,2.0,3.0,7.0,12.0,15.0,20.0,28.0,"Day 1 of each cycle, plus Day 15 for the first 8 weeks.",,2022.0
PMID 35290101 a_Summary_SoE.pdf,Arm III (Combination of olaparib and cediranib),intervention,2.0,5.0,12.0,17.0,20.0,25.0,28.0,"Day 1 of each cycle, plus weekly visits for the first 8 weeks.",,2022.0
PMID 35298906 CT_Summary_SoE.pdf,Arm A (Rucaparib),intervention,3.0,3.0,6.0,9.0,12.0,16.0,28.0,Day 1 of every 28-day cycle; Day 15 of Cycles 1 and 2 only.,,2022.0
PMID 35298906 CT_Summary_SoE.pdf,Arm B (Chemotherapy),control,3.0,4.0,10.0,20.0,26.0,27.0,28.0,"Days 1, 8, and 15 of every 28-day cycle for a maximum of 8 cycles.",,2022.0
PMID 35320644 a_Summary_SoE.pdf,Arm A (DS-8201a / Trastuzumab deruxtecan),intervention,2.0,4.0,7.0,11.0,15.0,20.0,21.0,"Cycle 1: Days 1, 8, 15; Cycles 2+: Day 1 only",,2022.0
PMID 35320644 a_Summary_SoE.pdf,Arm B (T-DM1 / Ado-trastuzumab emtansine),control,2.0,4.0,7.0,11.0,15.0,20.0,21.0,"Cycle 1: Days 1, 8, 15; Cycles 2+: Day 1 only",,2022.0
PMID 35331641 CT_Summary_SoE.pdf,Arm A (Veliparib + Carboplatin + Paclitaxel),intervention,1.0,4.0,7.0,11.0,15.0,20.0,21.0,"Cycle 1: Days -2, 1, 15. Cycles 2-6: Day 1. Maintenance Phase: Day 1 every 21 days.",,2022.0
PMID 35331641 CT_Summary_SoE.pdf,Arm B (Investigator's Choice Platinum Doublet),control,1.0,4.0,7.0,11.0,15.0,20.0,21.0,"Cycle 1: Days -2, 1, 15. Cycles 2-6: Day 1. Maintenance Phase: Day 1 every 21 days.",,2022.0
PMID 35367007a_Summary_SoE.pdf,Arm A (Pembrolizumab),intervention,2.0,2.0,5.0,9.0,13.0,17.0,21.0,One visit on Day 1 of each 21-day cycle.,,2022.0
PMID 35367007a_Summary_SoE.pdf,Arm B (Placebo),control,2.0,2.0,5.0,9.0,13.0,17.0,21.0,One visit on Day 1 of each 21-day cycle.,,2022.0
PMID 35403841 a_Summary_SoE.pdf,Arm A (Nivolumab plus Ipilimumab),intervention,2.0,3.0,6.0,8.0,10.0,12.0,14.0,"Nivolumab 3 mg/kg Q2W for 3 doses (Day 1, 15, 29); Ipilimumab 1 mg/kg C1D1 only.",,2022.0
PMID 35403841 a_Summary_SoE.pdf,Arm B (Platinum-Doublet Chemotherapy),control,2.0,4.0,9.0,11.0,13.0,15.0,21.0,Platinum-doublet chemotherapy Q3W for 3 cycles. Counted based on Regimen 1/3 (Day 1 and Day 8) as the maximum contact scenario.,,2022.0
PMID 35403841 a_Summary_SoE.pdf,Arm C (Nivolumab plus Platinum-Doublet Chemotherapy),intervention,2.0,4.0,9.0,11.0,13.0,15.0,21.0,Nivolumab 360 mg flat dose Q3W + Platinum-doublet chemotherapy Q3W for 3 cycles. Counted based on Regimen 1/3 (Day 1 and Day 8) as the maximum contact scenario.,,2022.0
PMID 35419607 CT_Summary_SoE.pdf,RT + Nivolumab,intervention,1.0,20.0,35.0,41.0,45.0,51.0,14.0,RT 5 days/week for 6 weeks; Nivolumab Q2W for 8 doses then Q4W; MRI every 8 weeks post-RT.,,2023.0
PMID 35419607 CT_Summary_SoE.pdf,RT + Temozolomide,control,1.0,20.0,33.0,41.0,46.0,48.0,28.0,RT 5 days/week for 6 weeks; Maintenance TMZ 6 cycles (Days 1 and 22 lab visits); MRI every 8 weeks post-RT.,,2023.0
PMID 35427471 CT_Summary_SoE.pdf,Arm 1: Pembrolizumab (MK-3475),intervention,2.0,2.0,5.0,9.0,13.0,18.0,21.0,Pembrolizumab 200 mg IV every 3 weeks (Q3W).,,2022.0
PMID 35427471 CT_Summary_SoE.pdf,Arm 2: Standard of Care (SOC) Chemotherapy,control,2.0,3.0,7.0,13.0,20.0,27.0,14.0,Standard of Care chemotherapy (mFOLFOX6 or FOLFIRI) every 2 weeks (Q2W).,,2022.0
PMID 35442766 a_Summary_SoE.pdf,Arm A (Tislelizumab),intervention,1.0,5.0,9.0,13.0,17.0,22.0,21.0,"Cycles 1-2: Days 1, 8, 15; Cycle 3 and subsequent cycles: Day 1 only.",,2022.0
PMID 35442766 a_Summary_SoE.pdf,Arm B (Investigator-Chosen Chemotherapy),control,1.0,5.0,9.0,13.0,17.0,22.0,21.0,"Cycles 1-2: Days 1, 8, 15; Cycle 3 and subsequent cycles: Day 1 only.",,2022.0
PMID 35443108 a_Summary_SoE.pdf,,,,,,,,,,,Unknown failure,2022.0
PMID 35446628 a_Summary_SoE.pdf,Arm 1 (ADT + TAK-700),intervention,2.0,1.0,3.0,4.0,5.0,7.0,30.0,"Monthly visits for the first 4 months (M1, M2, M3, M4), followed by visits every 3 months (M7, M10, M13).",,2022.0
PMID 35446628 a_Summary_SoE.pdf,Arm 2 (ADT + Bicalutamide),control,2.0,1.0,3.0,4.0,5.0,7.0,30.0,"Monthly visits for the first 4 months (M1, M2, M3, M4), followed by visits every 3 months (M7, M10, M13).",,2022.0
PMID 35511454 CT_Summary_SoE.pdf,Arm A (RT + TMZ + Nivolumab),intervention,2.0,20.0,39.0,46.0,54.0,61.0,14.0,"Initial phase: Daily Radiation Therapy (RT) for 7 weeks (5 days/week) with Nivolumab every 2 weeks. Maintenance phase: Nivolumab every 4 weeks, Temozolomide (TMZ) Days 1-5 of 28-day cycles, CBC labs on Day 22 of TMZ cycles, and MRI every 8 weeks.",,2022.0
PMID 35511454 CT_Summary_SoE.pdf,Arm B (RT + TMZ + Placebo),control,2.0,20.0,39.0,46.0,54.0,61.0,14.0,"Initial phase: Daily Radiation Therapy (RT) for 7 weeks (5 days/week) with Placebo every 2 weeks. Maintenance phase: Placebo every 4 weeks, Temozolomide (TMZ) Days 1-5 of 28-day cycles, CBC labs on Day 22 of TMZ cycles, and MRI every 8 weeks.",,2022.0
PMID 35552364 a_Summary_SoE.pdf,Arm A (NKTR-102 [etirinotecan pegol]),intervention,2.0,3.0,9.0,17.0,26.0,35.0,21.0,Cycle 1: Day 1 infusion. Cycle 2 onwards: Pre-dose visit (<= 5 days prior) for labs/assessments and Day 1 visit for infusion. Tumor imaging every 8-12 weeks.,,2022.0
PMID 35552364 a_Summary_SoE.pdf,Arm B (Treatment of Physician's Choice [TPC]),control,2.0,3.0,9.0,17.0,26.0,35.0,21.0,Cycle 1: Day 1 infusion. Cycle 2 onwards: Pre-dose visit (<= 5 days prior) for labs/assessments and Day 1 visit for infusion. Tumor imaging every 8-12 weeks.,,2022.0
PMID 35569466 CT_Summary_SoE.pdf,Arm 1 (Prostate Bed Radiotherapy alone),control,5.0,22.0,39.0,41.0,42.0,43.0,0.0,"Daily radiotherapy (Mon-Fri) for approximately 8 weeks (36-39 fractions). Follow-up visits at 1.5, 3, 6, 9, and 12 months post-radiotherapy.",,2022.0
PMID 35569466 CT_Summary_SoE.pdf,Arm 2 (Prostate Bed Radiotherapy + NC-STAD),intervention,5.0,1.0,24.0,42.0,43.0,44.0,0.0,"Initial LHRH injection followed by daily radiotherapy (Mon-Fri) starting 60 days later. Follow-up visits at 1.5, 3, 6, 9, and 12 months post-radiotherapy.",,2022.0
PMID 35569466 CT_Summary_SoE.pdf,Arm 3 (Pelvic Lymph Node Radiotherapy + PBRT + NC-STAD),intervention,5.0,1.0,24.0,42.0,43.0,44.0,0.0,"Initial LHRH injection followed by daily radiotherapy (Mon-Fri) starting 60 days later. Follow-up visits at 1.5, 3, 6, 9, and 12 months post-radiotherapy.",,2022.0
PMID 35580297 a_Summary_SoE.pdf,HS-10296,intervention,1.0,4.0,7.0,10.0,12.0,14.0,21.0,"Cycle 1: Days 1, 8, 15; Cycles 2-6: Day 1 every 3 weeks; Cycle 7+: Day 1 every 6 weeks.",,2022.0
PMID 35580297 a_Summary_SoE.pdf,Gefitinib,control,1.0,4.0,7.0,10.0,12.0,14.0,21.0,"Cycle 1: Days 1, 8, 15; Cycles 2-6: Day 1 every 3 weeks; Cycle 7+: Day 1 every 6 weeks.",,2022.0
PMID 35584336 a_Summary_SoE.pdf,,,,,,,,,,,Unknown failure,2022.0
PMID 35608580 a_Summary_SoE.pdf,Arm 1 (Metformin),intervention,2.0,2.0,2.0,3.0,3.0,4.0,,Screening followed by in-person visits at 6 and 12 months during the first year.,,2022.0
PMID 35608580 a_Summary_SoE.pdf,Arm 2 (Placebo),control,2.0,2.0,2.0,3.0,3.0,4.0,,Screening followed by in-person visits at 6 and 12 months during the first year.,,2022.0
PMID 35657079 a_Summary_SoE.pdf,Arm B (Ibrutinib + BR),intervention,2.0,5.0,11.0,19.0,22.0,26.0,28.0,"Cycles 1-6: Days 1, 2 (treatment) and Day 15 (labs). Cycles 7-12: Day 1 (labs/treatment). After Cycle 12: Day 1 every 2 cycles (treatment). Scans every 12 weeks.",,2022.0
PMID 35657079 a_Summary_SoE.pdf,Arm A (Placebo + BR),control,2.0,5.0,11.0,19.0,22.0,26.0,28.0,"Cycles 1-6: Days 1, 2 (treatment) and Day 15 (labs). Cycles 7-12: Day 1 (labs/treatment). After Cycle 12: Day 1 every 2 cycles (treatment). Scans every 12 weeks.",,2022.0
PMID 35660812 a_Summary_SoE.pdf,Arm A (Conventional Dose RVD),control,2.0,7.0,17.0,35.0,38.0,42.0,21.0,"RVD Cycles (D1, 4, 8, 11); Maintenance Cycles (D1)",,2022.0
PMID 35660812 a_Summary_SoE.pdf,Arm B (RVD plus HDT/PBSCT),intervention,2.0,7.0,14.0,37.0,48.0,51.0,21.0,"RVD Cycles (D1, 4, 8, 11); PBSCT Inpatient (Daily); Maintenance (D1)",,2022.0
PMID 35665782 a_Summary_SoE.pdf,Arm A (DS-8201a),intervention,2.0,6.0,9.0,13.0,17.0,22.0,21.0,"Cycle 1: Days 1, 8, 15. Subsequent cycles: Day 1 only.",,2022.0
PMID 35665782 a_Summary_SoE.pdf,Arm B (Physician's Choice),control,2.0,6.0,9.0,13.0,17.0,22.0,21.0,"Cycle 1: Days 1, 8, 15. Subsequent cycles: Day 1 only.",,2022.0
PMID 35704479 a_Summary_SoE.pdf,Active Monitoring Arm,control,1.0,1.0,1.0,2.0,2.0,3.0,,"Screening (V0), Randomization (V1), then every 6 months (V2, V3, etc.).",,2022.0
PMID 35704479 a_Summary_SoE.pdf,Treatment Arm (Topical/Ablative/Surgery),intervention,1.0,1.0,2.0,4.0,4.0,5.0,,"Screening (V0), Randomization/Treatment (V1), interim follow-up/treatment visits (V1A, V1B), then every 6 months (V2, V3).",,2022.0
PMID 35728048 a_Summary_SoE.pdf,Arm A (Pevonedistat + Azacitidine),intervention,2.0,12.0,31.0,55.0,77.0,100.0,28.0,"Days 1-7 (Azacitidine dosing); Days 1, 3, 5 (Pevonedistat dosing); Cycle 1 additional monitoring on Days 8, 15, 21; Bone Marrow Aspirates (BMA) on Day 22 of Cycles 2, 4, 6, 9, and 12.",,2022.0
PMID 35728048 a_Summary_SoE.pdf,Arm B (Azacitidine alone),control,2.0,12.0,31.0,55.0,77.0,100.0,28.0,"Days 1-7 (Azacitidine dosing); Cycle 1 additional monitoring on Days 8, 15, 21; Bone Marrow Aspirates (BMA) on Day 22 of Cycles 2, 4, 6, 9, and 12.",,2022.0
PMID 35759733a_Summary_SoE.pdf,Regimen I (CT-2103),intervention,1.0,2.0,4.0,7.0,10.0,13.0,28.0,"Day 1 of each 28-day cycle for 12 cycles, plus an End of Treatment (EOT) visit.",,2022.0
PMID 35759733a_Summary_SoE.pdf,Regimen II (Paclitaxel),intervention,1.0,2.0,4.0,7.0,10.0,13.0,28.0,"Day 1 of each 28-day cycle for 12 cycles, plus an End of Treatment (EOT) visit.",,2022.0
PMID 35759733a_Summary_SoE.pdf,Regimen III (No treatment / Surveillance),control,1.0,1.0,3.0,6.0,9.0,12.0,30.0,"Monthly assessments (History, PE, and CA-125) during the first year.",,2022.0
PMID 35763704 a_Summary_SoE.pdf,Arm A (Atezolizumab + ddAC-PacHP),intervention,2.0,3.0,6.0,11.0,16.0,20.0,21.0,Cycles 1-4 (14-day cycles): Day 1; Cycles 5-22 (21-day cycles): Day 1.,,2022.0
PMID 35763704 a_Summary_SoE.pdf,Arm B (Placebo + ddAC-PacHP),control,2.0,3.0,6.0,11.0,16.0,20.0,21.0,Cycles 1-4 (14-day cycles): Day 1; Cycles 5-22 (21-day cycles): Day 1.,,2022.0
PMID 35810754 CT_Summary_SoE.pdf,Arm A/C (Zanubrutinib),intervention,2.0,4.0,6.0,9.0,10.0,11.0,28.0,"Day 1 of each cycle for Cycles 1-6, then Day 1 of every 3rd cycle (C7, C10, C13, etc.)",,2022.0
PMID 35810754 CT_Summary_SoE.pdf,Arm B (Bendamustine + Rituximab),control,2.0,6.0,10.0,15.0,16.0,17.0,28.0,"Days 1 and 2 of each cycle for 6 cycles, then Day 1 of every 3rd cycle for follow-up.",,2022.0
PMID 35810754 CT_Summary_SoE.pdf,Arm D (Venetoclax + Zanubrutinib),intervention,2.0,4.0,6.0,12.0,13.0,14.0,28.0,"Monthly Day 1 visits, with additional weekly visits in Cycle 4 for Venetoclax ramp-up (D8, D15, D22).",,2022.0
PMID 35857290 a_Summary_SoE.pdf,Arm A (SGX301 + Light),intervention,1.0,11.0,25.0,41.0,44.0,47.0,56.0,"Cycle 1: 4 visits in Week 1, 2 visits/week for Weeks 2-6, 1 assessment visit in Week 8. Cycles 2-3: 2 visits/week for 6 weeks, 1 assessment visit in Week 16/24.",,2022.0
PMID 35857290 a_Summary_SoE.pdf,Arm B (Placebo + Light),control,1.0,11.0,25.0,41.0,44.0,47.0,56.0,Identical to Arm A. Arm B receives placebo in Cycle 1 and crosses over to active SGX301 in Cycles 2 and 3.,,2022.0
PMID 35922251 CT_Summary_SoE.pdf,Arm A (Cemiplimab),intervention,1.0,2.0,7.0,13.0,18.0,24.0,42.0,"Day 1 (Treatment), Day 22 (Treatment), Day 42 (Imaging in specific cycles)",,2022.0
PMID 35922251 CT_Summary_SoE.pdf,Arm B (Investigator's Choice Chemotherapy),control,1.0,4.0,11.0,22.0,31.0,42.0,42.0,"Day 1, 8, 22, 29 (Treatment), Day 42 (Imaging in specific cycles)",,2022.0
PMID 35947817 a_Summary_SoE.pdf,Arm A (DCC-2618),intervention,1.0,3.0,6.0,8.0,10.0,12.0,42.0,"Cycle 1: Days 1, 15, 29; Cycle 2: Days 1, 29; Cycles 3+: Day 1 only.",,2022.0
PMID 35947817 a_Summary_SoE.pdf,Arm B (Sunitinib),control,1.0,3.0,6.0,8.0,10.0,12.0,42.0,"Cycle 1: Days 1, 15, 29; Cycle 2: Days 1, 29; Cycles 3+: Day 1 only.",,2022.0
PMID 36070540 a_Summary_SoE.pdf,Arm 1 (OTL38 + Fluorescent Imaging),intervention,1.0,3.0,3.0,4.0,4.0,4.0,0.0,Single dose on Day 1; safety visits on Day 7 and Day 28; long-term follow-up at Month 6.,,2023.0
PMID 36070540 a_Summary_SoE.pdf,Arm 2 (OTL38 + No-Fluorescent Imaging),control,1.0,3.0,3.0,4.0,4.0,4.0,0.0,Single dose on Day 1; safety visits on Day 7 and Day 28; long-term follow-up at Month 6.,,2023.0
PMID 36099926 a_Summary_SoE.pdf,Arm A (Atezolizumab),intervention,1.0,2.0,5.0,9.0,13.0,17.0,21.0,Day 1 of each 21-day cycle for 16 cycles.,,2022.0
PMID 36099926 a_Summary_SoE.pdf,Arm B (Placebo),control,1.0,2.0,5.0,9.0,13.0,17.0,21.0,Day 1 of each 21-day cycle for 16 cycles.,,2022.0
PMID 36108662 CT_Summary_SoE.pdf,Experimental Arm (Pembrolizumab),intervention,3.0,2.0,5.0,9.0,13.0,18.0,21.0,Day 1 of each 3-week cycle for a total of 18 infusions.,,2022.0
PMID 36108662 CT_Summary_SoE.pdf,Control Arm (Placebo),control,3.0,2.0,5.0,9.0,13.0,18.0,21.0,Day 1 of each 3-week cycle for a total of 18 infusions.,,2022.0
PMID 36155117 CT_Summary_SoE.pdf,Arm A (Palbociclib plus letrozole),intervention,1.0,4.0,8.0,11.0,14.0,18.0,28.0,"Cycles 1-2: Days 1, 14, 21; Cycles 3+: Day 1.",,2022.0
PMID 36155117 CT_Summary_SoE.pdf,Arm B (Placebo plus letrozole),control,1.0,4.0,8.0,11.0,14.0,18.0,28.0,"Cycles 1-2: Days 1, 14, 21; Cycles 3+: Day 1.",,2022.0
PMID 36162037 a_Summary_SoE.pdf,Arm A (Nivolumab + Ipilimumab),intervention,1.0,3.0,7.0,13.0,20.0,25.0,14.0,"Every 2 weeks (Q2W) on Day 1 of Weeks 1, 3, 5, 7, 9, 11, 13, 15, 17, 19, 21, 23, 25, 27, 29, 31, 33, 35, 37, 39, 41, 43, 45, 47, and 49.",,2023.0
PMID 36162037 a_Summary_SoE.pdf,Arm B (Nivolumab Monotherapy),control,1.0,3.0,7.0,13.0,20.0,25.0,14.0,Identical to Arm A to maintain the double-blind study design.,,2023.0
PMID 36265504 a_Summary_SoE.pdf,Arm A (Enzalutamide + Docetaxel + Prednisolone),intervention,1.0,2.0,5.0,9.0,11.0,12.0,21.0,"q3wk for 10 cycles, then q12wk",,2022.0
PMID 36265504 a_Summary_SoE.pdf,Arm B (Placebo + Docetaxel + Prednisolone),control,1.0,2.0,5.0,9.0,11.0,12.0,21.0,"q3wk for 10 cycles, then q12wk",,2022.0
PMID 36308441 a_Summary_SoE.pdf,CaM 5 µmol/kg + mFOLFOX6,intervention,1.0,3.0,8.0,13.0,15.0,16.0,14.0,Day 1 of each 14-day cycle for 12 cycles. Extra visit on Cycle 4 Day 2 for cold sensitivity assessment.,,2022.0
PMID 36308441 a_Summary_SoE.pdf,CaM 2 µmol/kg + mFOLFOX6,intervention,1.0,3.0,8.0,13.0,15.0,16.0,14.0,Day 1 of each 14-day cycle for 12 cycles. Extra visit on Cycle 4 Day 2 for cold sensitivity assessment.,,2022.0
PMID 36308441 a_Summary_SoE.pdf,Placebo + mFOLFOX6,control,1.0,3.0,8.0,13.0,15.0,16.0,14.0,Day 1 of each 14-day cycle for 12 cycles. Extra visit on Cycle 4 Day 2 for cold sensitivity assessment.,,2022.0
PMID 36322844 a_Summary_SoE.pdf,Arm A (ABVE-PC),control,2.0,8.0,20.0,23.0,24.0,25.0,21.0,"Days 1, 2, 3, and 8 of each 21-day cycle.",,2022.0
PMID 36322844 a_Summary_SoE.pdf,Arm B (Bv-AVEPC),intervention,2.0,8.0,20.0,23.0,24.0,25.0,21.0,"Days 1, 2, 3, and 8 of each 21-day cycle.",,2022.0
PMID 36327426 a_Summary_SoE.pdf,Arm 1 (Durvalumab + Tremelimumab + SoC Chemotherapy),intervention,2.0,4.0,9.0,12.0,15.0,19.0,21.0,Induction (Cycles 1-4): Day 1 and Day 8 of each 21-day cycle. Maintenance (Cycle 5+): Day 1 of each 28-day cycle.,,2023.0
PMID 36327426 a_Summary_SoE.pdf,Arm 2 (Durvalumab + SoC Chemotherapy),intervention,2.0,4.0,9.0,12.0,15.0,19.0,21.0,Induction (Cycles 1-4): Day 1 and Day 8 of each 21-day cycle. Maintenance (Cycle 5+): Day 1 of each 28-day cycle.,,2023.0
PMID 36327426 a_Summary_SoE.pdf,Arm 3 (SoC Chemotherapy),control,2.0,4.0,9.0,12.0,15.0,19.0,21.0,Induction (Cycles 1-4): Day 1 and Day 8 of each 21-day cycle. Maintenance/Follow-up (Cycle 5+): Day 1 of each 28-day cycle.,,2023.0
PMID 36346687 CT_Summary_SoE.pdf,Arm A (Capecitabine),intervention,8.0,2.0,5.0,9.0,10.0,11.0,21.0,"8 cycles of 21 days with a visit at Day 1 of each cycle for blood tests, followed by follow-up visits every 3 months.",,2023.0
PMID 36346687 CT_Summary_SoE.pdf,Arm B (Observation),control,8.0,1.0,2.0,3.0,4.0,5.0,0.0,Randomization visit (Day 1) followed by follow-up visits every 3 months.,,2023.0
PMID 36455168 a_Summary_SoE.pdf,Arm A (Pembrolizumab + BSC),intervention,1.0,2.0,5.0,9.0,13.0,18.0,21.0,One visit on Day 1 of every 3-week cycle (Q3W).,,2023.0
PMID 36455168 a_Summary_SoE.pdf,Arm B (Placebo + BSC),control,1.0,2.0,5.0,9.0,13.0,18.0,21.0,One visit on Day 1 of every 3-week cycle (Q3W).,,2023.0
PMID 36473143 a_Summary_SoE.pdf,Arm A (Nivolumab + Ipilimumab),intervention,2.0,3.0,7.0,13.0,20.0,27.0,42.0,"Nivolumab administered every 2 weeks (Days 1, 15, 29 of a 42-day cycle). Ipilimumab administered every 6 weeks (Day 1 of each cycle).",,2023.0
PMID 36473143 a_Summary_SoE.pdf,Arm B (EXTREME Regimen),control,2.0,11.0,28.0,44.0,57.0,71.0,21.0,"Cetuximab administered weekly. Cisplatin/Carboplatin + 5-FU administered every 3 weeks for 6 cycles. 5-FU is administered on Days 1, 2, 3, and 4 of each cycle.",,2023.0
PMID 36503738 CT_Summary_SoE.pdf,Arm 1 (BBI-608 + FOLFIRI),intervention,1.0,3.0,8.0,14.0,21.0,27.0,14.0,Day 1 of every 14-day cycle. Arm 1 includes a 2-day run-in period starting 2 days prior to Cycle 1 Day 1.,,2023.0
PMID 36503738 CT_Summary_SoE.pdf,Arm 2 (FOLFIRI),control,1.0,3.0,7.0,13.0,20.0,27.0,14.0,Day 1 of every 14-day cycle.,,2023.0
PMID 36521097 a_Summary_SoE.pdf,Arm A (nab-Paclitaxel + Gemcitabine),intervention,1.0,4.0,10.0,19.0,20.0,21.0,28.0,"Days 1, 8, and 15 of each 28-day cycle for 6 cycles.",,2023.0
PMID 36521097 a_Summary_SoE.pdf,Arm B (Gemcitabine alone),control,1.0,4.0,10.0,19.0,20.0,21.0,28.0,"Days 1, 8, and 15 of each 28-day cycle for 6 cycles.",,2023.0
PMID 36535566 CT_Summary_SoE.pdf,Arm 1 (Pembrolizumab),intervention,1.0,5.0,13.0,17.0,21.0,26.0,21.0,"Days 1, 8, and 15 for Cycles 1-4; Day 1 only for Cycle 5 and beyond.",,2023.0
PMID 36535566 CT_Summary_SoE.pdf,Arm 2 (Standard of Care - Gemcitabine),control,1.0,5.0,13.0,22.0,30.0,40.0,21.0,"Days 1, 8, and 15 for Cycles 1-4; Days 1 and 8 for Cycle 5 and beyond.",,2023.0
PMID 36541957 a_Summary_SoE.pdf,Arm A (Ibrutinib + CIT),intervention,2.0,11.0,22.0,25.0,26.0,27.0,28.0,"Combination phase (3 cycles): CIT infusions on Days 1-5, weekly labs in Cycle 1, mid-cycle labs in Cycles 2-3, imaging on C1D14. Monotherapy phase (3 cycles): Monthly clinic visits for dispensing and assessments.",,2023.0
PMID 36541957 a_Summary_SoE.pdf,Arm B (CIT alone),control,2.0,11.0,22.0,23.0,24.0,25.0,28.0,"Combination phase (3 cycles): CIT infusions on Days 1-5, weekly labs in Cycle 1, mid-cycle labs in Cycles 2-3, imaging on C1D14. Follow-up visits at 6, 9, and 12 months.",,2023.0
PMID 36623230 a_Summary_SoE.pdf,Arm A (Standard Thoracic Radiotherapy),control,2.0,20.0,26.0,27.0,28.0,29.0,21.0,"4 cycles of chemotherapy (Days 1, 2, 3 of each 21-day cycle). Thoracic Radiotherapy (TRT) for 3 weeks (5 days/week, BID).",,2023.0
PMID 36623230 a_Summary_SoE.pdf,Arm B (Higher-dose Thoracic Radiotherapy),intervention,2.0,24.0,40.0,41.0,42.0,43.0,21.0,"4 cycles of chemotherapy (Days 1, 2, 3 of each 21-day cycle). Thoracic Radiotherapy (TRT) for 7 weeks (5 days/week, QD).",,2023.0
PMID 36669140 a_Summary_SoE.pdf,Arm A (Regimen A: VDC/IE Chemotherapy),control,2.0,11.0,28.0,57.0,70.0,72.0,14.0,"Induction: VDC cycles (Days 1, 2, 8), IE cycles (Days 1-5, 8). Consolidation: VDC (Days 1, 2, 8), IE (Days 1-5, 8), VC (Days 1, 8).",,2023.0
PMID 36669140 a_Summary_SoE.pdf,Arm B (Regimen B: VDC/IE + Ganitumab),intervention,2.0,11.0,28.0,57.0,73.0,79.0,14.0,Induction/Consolidation same as Arm A. Maintenance: Ganitumab every 3 weeks for 24 weeks (8 doses).,,2023.0
PMID 36693773 CT_Summary_SoE.pdf,Intervention Group (Dexamethasone mouthwash),intervention,2.0,2.0,3.0,3.0,3.0,3.0,0.0,"Screening, Baseline, Day 1, Week 4, Week 8",,2023.0
PMID 36693773 CT_Summary_SoE.pdf,Control Group (Placebo mouthwash),control,2.0,2.0,3.0,3.0,3.0,3.0,0.0,"Screening, Baseline, Day 1, Week 4, Week 8",,2023.0
PMID 36709073 CT_Summary_SoE.pdf,Arm A (Momelotinib),intervention,2.0,3.0,5.0,8.0,11.0,14.0,28.0,"Day 1, Week 2, Week 4, then every 4 weeks through Week 48, then every 12 weeks.",,2023.0
PMID 36709073 CT_Summary_SoE.pdf,Arm B (Danazol),control,2.0,3.0,5.0,8.0,11.0,14.0,28.0,"Day 1, Week 2, Week 4, then every 4 weeks through Week 48, then every 12 weeks.",,2023.0
PMID 36764316 a_Summary_SoE.pdf,AMG 510 (Sotorasib),intervention,2.0,3.0,6.0,10.0,15.0,21.0,21.0,"Cycle 1: Day 1, Day 8. Cycle 2+: Day 1 only.",,2023.0
PMID 36764316 a_Summary_SoE.pdf,Docetaxel,control,2.0,2.0,5.0,9.0,14.0,20.0,21.0,Day 1 of every 21-day cycle.,,2023.0
PMID 36795891 a_Summary_SoE.pdf,Arm A (Rucaparib),intervention,2.0,3.0,6.0,9.0,12.0,16.0,28.0,"Bi-weekly for the first 8 weeks (Day 1, 15, 29, 43), then every 4 weeks (Day 57, 85, etc.)",,2023.0
PMID 36795891 a_Summary_SoE.pdf,Arm B (AR-directed therapy: Abiraterone Acetate or Enzalutamide),control,2.0,3.0,6.0,9.0,12.0,16.0,28.0,"Identical schedule to Rucaparib arm: bi-weekly for 8 weeks, then every 4 weeks.",,2023.0
PMID 36795891 a_Summary_SoE.pdf,Arm C (Docetaxel),control,2.0,3.0,7.0,13.0,17.0,21.0,21.0,Infusions every 3 weeks (max 10 cycles); PROs/Labs every 4 weeks; Imaging every 8 weeks.,,2023.0
PMID 36952634 a_Summary_SoE.pdf,Niraparib + Abiraterone Acetate + Prednisone (AAP),intervention,2.0,5.0,9.0,12.0,15.0,18.0,28.0,"Cycle 1: Days 1, 8, 15, 22; Cycles 2-3: Days 1, 15; Cycles 4-12: Day 1; Cycles 13-25: Day 1 every 2 cycles.",,2023.0
PMID 36952634 a_Summary_SoE.pdf,Placebo + Abiraterone Acetate + Prednisone (AAP),control,2.0,5.0,9.0,12.0,15.0,18.0,28.0,"Cycle 1: Days 1, 8, 15, 22; Cycles 2-3: Days 1, 15; Cycles 4-12: Day 1; Cycles 13-25: Day 1 every 2 cycles.",,2023.0
PMID 36969338 a_Summary_SoE.pdf,Arm 1 (BBI-608 plus nab-Paclitaxel with Gemcitabine),intervention,3.0,4.0,10.0,20.0,30.0,40.0,28.0,"Days 1, 8, and 15 of every 28-day cycle.",,2023.0
PMID 36969338 a_Summary_SoE.pdf,Arm 2 (nab-Paclitaxel with Gemcitabine alone),control,2.0,4.0,10.0,20.0,30.0,40.0,28.0,"Days 1, 8, and 15 of every 28-day cycle.",,2023.0
PMID 36996380 a_Summary_SoE.pdf,Arm A (Enzalutamide alone),intervention,2.0,2.0,4.0,7.0,10.0,14.0,28.0,"Day 1 of each 28-day cycle. Restaging imaging occurs every 8 weeks for the first 6 cycles, then every 12 weeks.",,2023.0
PMID 36996380 a_Summary_SoE.pdf,"Arm B (Enzalutamide, Abiraterone, and Prednisone)",intervention,2.0,3.0,7.0,10.0,13.0,17.0,28.0,"Day 1 of each 28-day cycle, with additional lab visits every 2 weeks for the first 3 months. Restaging imaging occurs every 8 weeks for the first 6 cycles, then every 12 weeks.",,2023.0
PMID 37069359 a_Summary_SoE.pdf,Arm A (BL-8040 + G-CSF),intervention,2.0,24.0,41.0,42.0,43.0,44.0,,"Daily mobilization (Days 1-8), conditioning (1 day), transplant (1 day), daily post-transplant monitoring (Days 1-29), then follow-up visits at Day 30, 60, 100, 180, 270 post-transplant.",,2023.0
PMID 37069359 a_Summary_SoE.pdf,Arm B (Placebo + G-CSF),control,2.0,24.0,41.0,42.0,43.0,44.0,,"Daily mobilization (Days 1-8), conditioning (1 day), transplant (1 day), daily post-transplant monitoring (Days 1-29), then follow-up visits at Day 30, 60, 100, 180, 270 post-transplant.",,2023.0
PMID 37071094 a_Summary_SoE.pdf,mFOLFOX6 + panitumumab,intervention,2.0,5.0,14.0,26.0,40.0,53.0,14.0,Day 1 and Day 3 of each 14-day cycle.,,2023.0
PMID 37071094 a_Summary_SoE.pdf,mFOLFOX6 + bevacizumab,control,2.0,5.0,14.0,26.0,40.0,53.0,14.0,Day 1 and Day 3 of each 14-day cycle.,,2023.0
PMID 37075781 a_Summary_SoE.pdf,Arm A (Pembrolizumab + Gemcitabine/Cisplatin),intervention,1.0,5.0,10.0,19.0,27.0,37.0,21.0,Day 1 and Day 8 of every 21-day cycle.,,2023.0
PMID 37075781 a_Summary_SoE.pdf,Arm B (Placebo + Gemcitabine/Cisplatin),control,1.0,5.0,10.0,19.0,27.0,37.0,21.0,Day 1 and Day 8 of every 21-day cycle.,,2023.0
PMID 37080222 a_Summary_SoE.pdf,Arm A (Tislelizumab + Chemotherapy Doublet),intervention,2.0,5.0,11.0,15.0,19.0,24.0,21.0,Day 1 of each 21-day cycle for treatment; Days 8 and 15 of Cycles 1-3 for weekly laboratory safety tests.,,2023.0
PMID 37080222 a_Summary_SoE.pdf,Arm B (Placebo + Chemotherapy Doublet),control,2.0,5.0,11.0,15.0,19.0,24.0,21.0,Day 1 of each 21-day cycle for treatment; Days 8 and 15 of Cycles 1-3 for weekly laboratory safety tests.,,2023.0
PMID 37080223 CT_Summary_SoE.pdf,Arm A (Standard Cisplatin-based Chemoradiation),control,2.0,22.0,33.0,34.0,35.0,36.0,7.0,EBRT 5 days/week for ~6 weeks (28 fractions); Brachytherapy (2 insertions); End of Treatment visit at Month 3; Follow-up every 3 months.,,2023.0
PMID 37080223 CT_Summary_SoE.pdf,Arm B (Standard Cisplatin-based Chemoradiation + Adjuvant Carboplatin/Paclitaxel),intervention,2.0,22.0,33.0,37.0,38.0,39.0,21.0,EBRT 5 days/week for ~6 weeks; Brachytherapy (2 insertions); 4 cycles of adjuvant chemotherapy every 3 weeks; Follow-up every 3 months.,,2023.0
PMID 37086745 a_Summary_SoE.pdf,Arm A (Trastuzumab deruxtecan),intervention,2.0,4.0,7.0,11.0,15.0,20.0,21.0,"Cycle 1: Days 1, 8, 15; Subsequent cycles: Day 1 only.",,2023.0
PMID 37086745 a_Summary_SoE.pdf,Arm B (Investigator's Choice),control,2.0,4.0,7.0,11.0,15.0,20.0,21.0,"Cycle 1: Days 1, 8, 15; Subsequent cycles: Day 1 only.",,2023.0
PMID 37104748 a_Summary_SoE.pdf,Arm 1 (Dose-escalated RT alone),control,2.0,22.0,44.0,46.0,47.0,48.0,0.0,Daily radiotherapy (RT) for 44 fractions (approx. 9 weeks).,,2023.0
PMID 37104748 a_Summary_SoE.pdf,Arm 2 (Dose-escalated RT + short-term ADT),intervention,2.0,2.0,27.0,48.0,49.0,50.0,0.0,6 months of ADT (LHRH agonist + antiandrogen) with 44 fractions of RT starting 8 weeks after ADT initiation.,,2023.0
PMID 37116523 a_Summary_SoE.pdf,Arm A (Quizartinib + Chemotherapy),intervention,1.0,24.0,39.0,58.0,62.0,65.0,28.0,"Induction: Daily site contact for chemo (D1-7) and quizartinib/placebo monitoring (D8-21). Consolidation: 8 visits per cycle (D1, 3, 5, 6, 13, 19, 21, 28). Continuation: Site visits on D1, 8, 15 (Cycle 1), D1, 15 (Cycle 2), and D1 (Cycle 3+).",,2023.0
PMID 37116523 a_Summary_SoE.pdf,Arm B (Placebo + Chemotherapy),control,1.0,24.0,39.0,58.0,62.0,65.0,28.0,"Induction: Daily site contact for chemo (D1-7) and quizartinib/placebo monitoring (D8-21). Consolidation: 8 visits per cycle (D1, 3, 5, 6, 13, 19, 21, 28). Continuation: Site visits on D1, 8, 15 (Cycle 1), D1, 15 (Cycle 2), and D1 (Cycle 3+).",,2023.0
PMID 37133585 a_Summary_SoE.pdf,Experimental Arm (Trifluridine/tipiracil + bevacizumab),intervention,2.0,3.0,7.0,10.0,11.0,13.0,28.0,Day 1 and Day 15 of every 28-day cycle.,,2023.0
PMID 37133585 a_Summary_SoE.pdf,Control Arm (Trifluridine/tipiracil monotherapy),control,2.0,3.0,5.0,7.0,8.0,10.0,28.0,Day 1 and Day 15 of Cycle 1; Day 1 only for subsequent cycles.,,2023.0
PMID 37141294 CT_Summary_SoE.pdf,Pembrolizumab (MK-3475),intervention,1.0,2.0,5.0,9.0,13.0,18.0,21.0,One visit on Day 1 of every 3-week (21-day) cycle.,,2023.0
PMID 37141294 CT_Summary_SoE.pdf,Docetaxel,control,1.0,2.0,5.0,9.0,13.0,18.0,21.0,One visit on Day 1 of every 3-week (21-day) cycle.,,2023.0
PMID 37257422 CT_Summary_SoE.pdf,Arm A (Standard Steroids),intervention,1.0,22.0,33.0,39.0,46.0,53.0,28.0,"Daily radiation (5 days/week) for 6 weeks, followed by bi-weekly infusions (Day 1 and Day 15) for 12 cycles.",,2023.0
PMID 37257422 CT_Summary_SoE.pdf,Arm B (Standard Steroids + Vasoconstrictor + Cold Compress),intervention,1.0,22.0,33.0,39.0,46.0,53.0,28.0,"Daily radiation (5 days/week) for 6 weeks, followed by bi-weekly infusions (Day 1 and Day 15) for 12 cycles.",,2023.0
PMID 37257422 CT_Summary_SoE.pdf,Arm C (Enhanced Steroids + Vasoconstrictor + Cold Compress),intervention,1.0,22.0,33.0,39.0,46.0,53.0,28.0,"Daily radiation (5 days/week) for 6 weeks, followed by bi-weekly infusions (Day 1 and Day 15) for 12 cycles.",,2023.0
PMID 37272516 a_Summary_SoE.pdf,Arm A (Vorasidenib),intervention,2.0,3.0,6.0,9.0,12.0,16.0,28.0,Cycles 1-2: Days 1 and 15; Cycles 3-14: Day 1 only.,,2023.0
PMID 37272516 a_Summary_SoE.pdf,Arm B (Placebo),control,2.0,3.0,6.0,9.0,12.0,16.0,28.0,Cycles 1-2: Days 1 and 15; Cycles 3-14: Day 1 only.,,2023.0
PMID 37276510 CT_Summary_SoE.pdf,SGI-110,intervention,1.0,8.0,22.0,40.0,55.0,75.0,28.0,"Cycles 1-2: Days 1-5 (Tx), 8 (Clinic), 15 (Labs), 22 (Clinic); Cycles 3-6: Days 1-5 (Tx), 15 (Labs); Cycles 7+: Days 1-5 (Tx).",,2023.0
PMID 37276510 CT_Summary_SoE.pdf,Treatment Choice (TC) - Cytarabine Regimen,control,1.0,12.0,35.0,68.0,98.0,138.0,28.0,"Cycles 1-2: Days 1-10 (Tx), 15 (Labs), 22 (Clinic); Cycles 3-6: Days 1-10 (Tx), 15 (Labs); Cycles 7+: Days 1-10 (Tx).",,2023.0
PMID 37284847 CT_Summary_SoE.pdf,Group 1 (Olanzapine + Fosaprepitant/Aprepitant),intervention,1.0,4.0,4.0,4.0,4.0,4.0,6.0,Day 1 of each 6-day cycle (4 cycles total),,2023.0
PMID 37284847 CT_Summary_SoE.pdf,Group 2 (Olanzapine + Placebo),control,1.0,4.0,4.0,4.0,4.0,4.0,6.0,Day 1 of each 6-day cycle (4 cycles total),,2023.0
PMID 37285865 a_Summary_SoE.pdf,Arm A (Talazoparib + Enzalutamide),intervention,2.0,3.0,7.0,11.0,14.0,18.0,14.0,"Visits every 2 weeks through Week 17, then every 4 weeks through Week 53.",,2023.0
PMID 37285865 a_Summary_SoE.pdf,Arm B (Placebo + Enzalutamide),control,2.0,3.0,7.0,11.0,14.0,18.0,14.0,"Visits every 2 weeks through Week 17, then every 4 weeks through Week 53.",,2023.0
PMID 37290035 a_Summary_SoE.pdf,Arm 1 (Pembrolizumab + Olaparib),intervention,1.0,3.0,6.0,10.0,14.0,19.0,21.0,Day 1 of each 21-day cycle for infusions and assessments. Cycle 1 includes an additional safety visit on Day 8.,,2023.0
PMID 37290035 a_Summary_SoE.pdf,Arm 2 (Abiraterone Acetate or Enzalutamide),control,1.0,3.0,6.0,10.0,14.0,19.0,21.0,Day 1 of each 21-day cycle for assessments and drug dispensing. Cycle 1 includes an additional safety visit on Day 8.,,2023.0
PMID 37290461 a_Summary_SoE.pdf,Experimental Arm (Atezolizumab + Cabozantinib),intervention,2.0,2.0,5.0,9.0,13.0,18.0,21.0,Day 1 of every 21-day cycle.,,2023.0
PMID 37290461 a_Summary_SoE.pdf,Control Arm (Cabozantinib),control,2.0,2.0,5.0,9.0,13.0,18.0,21.0,Day 1 of every 21-day cycle.,,2023.0
PMID 37315297 a_Summary_SoE.pdf,Arm 1 (EBRT + Brachytherapy),intervention,2.0,22.0,27.0,29.0,30.0,31.0,7.0,"5 days/week EBRT for 5 weeks, followed by 1-day brachytherapy implant 2-4 weeks later.",,2023.0
PMID 37315297 a_Summary_SoE.pdf,Arm 2 (Brachytherapy Alone),control,2.0,2.0,2.0,4.0,5.0,6.0,,Single-day brachytherapy implant procedure.,,2023.0
PMID 37342922 a_Summary_SoE.pdf,Arm A (Tacrolimus/Methotrexate),control,2.0,9.0,17.0,19.0,20.0,21.0,,"Intensive monitoring post-transplant: Day 0, 1, 3, 6, 7, 11, 14, 21, 28, then weekly through Day 84, then Day 98, 180, 270, 365.",,2023.0
PMID 37342922 a_Summary_SoE.pdf,Arm B (PTCy/Tac/MMF),intervention,2.0,7.0,15.0,17.0,18.0,19.0,,"Intensive monitoring post-transplant: Day 0, 3, 4, 7, 14, 21, 28, then weekly through Day 84, then Day 98, 180, 270, 365.",,2023.0
PMID 37379502 a_Summary_SoE.pdf,Lazertinib 240 mg,intervention,1.0,4.0,7.0,9.0,11.0,13.0,21.0,"Weekly in Cycle 1 (D1, D8, D15), then Day 1 of Cycles 2, 3, 4, 5, then Day 1 of every other cycle (C7, C9, C11, etc.)",,2023.0
PMID 37379502 a_Summary_SoE.pdf,Gefitinib 250 mg,control,1.0,4.0,7.0,9.0,11.0,13.0,21.0,"Weekly in Cycle 1 (D1, D8, D15), then Day 1 of Cycles 2, 3, 4, 5, then Day 1 of every other cycle (C7, C9, C11, etc.)",,2023.0
PMID 37423228 a_Summary_SoE.pdf,Arm A (Atezolizumab),intervention,1.0,2.0,5.0,9.0,13.0,18.0,21.0,1 visit per 21-day cycle (Day 1),,2023.0
PMID 37423228 a_Summary_SoE.pdf,Arm B (Single-agent Chemotherapy),control,1.0,4.0,9.0,18.0,26.0,36.0,21.0,2 visits per 21-day cycle (Day 1 and Day 8),,2023.0
PMID 37478390 a_Summary_SoE.pdf,Arm A (Zanubrutinib),intervention,2.0,2.0,4.0,7.0,10.0,13.0,28.0,"Day 1 of every 28-day cycle for the first 48 weeks (12 cycles), then every 3 cycles thereafter.",,2023.0
PMID 37478390 a_Summary_SoE.pdf,Arm B (Ibrutinib),control,2.0,2.0,4.0,7.0,10.0,13.0,28.0,"Day 1 of every 28-day cycle for the first 48 weeks (12 cycles), then every 3 cycles thereafter.",,2023.0
PMID 37478390 a_Summary_SoE.pdf,Arm C (Zanubrutinib - Cohort 2),intervention,2.0,2.0,4.0,7.0,10.0,13.0,28.0,"Day 1 of every 28-day cycle for the first 48 weeks (12 cycles), then every 3 cycles thereafter.",,2023.0
PMID 37499670 a_Summary_SoE.pdf,Arm A (SHR-1210 + Rivoceranib),intervention,3.0,3.0,7.0,13.0,20.0,27.0,28.0,Day 1 and Day 15 of every 28-day cycle.,,2023.0
PMID 37499670 a_Summary_SoE.pdf,Arm B (Sorafenib),control,3.0,3.0,7.0,10.0,13.0,17.0,28.0,Day 1 and Day 15 for Cycles 1-3; Day 1 only from Cycle 4 onwards.,,2023.0
PMID 37524096 a_Summary_SoE.pdf,Everolimus,intervention,1.0,1.0,3.0,6.0,9.0,11.0,42.0,"One clinic visit at the start of each 6-week cycle (Day 1) for safety labs and drug dispensing. Imaging scans are performed every 18 weeks (4 months), specifically in the week prior to the start of Cycles 4 and 7, and at the end of treatment.",,2023.0
PMID 37524096 a_Summary_SoE.pdf,Placebo,control,1.0,1.0,3.0,6.0,9.0,11.0,42.0,"One clinic visit at the start of each 6-week cycle (Day 1) for safety labs and drug dispensing. Imaging scans are performed every 18 weeks (4 months), specifically in the week prior to the start of Cycles 4 and 7, and at the end of treatment.",,2023.0
PMID 37604981 CT_Summary_SoE.pdf,Arm A (Intensive: Glasdegib + Cytarabine/Daunorubicin),intervention,1.0,10.0,20.0,32.0,35.0,39.0,28.0,"Induction: Days 1-7 (treatment), Days 8, 15, 22 (labs). Consolidation: Days 1, 3, 5 (treatment), Days 10, 21 (labs). Post-Consolidation: Day 1 monthly.",,2023.0
PMID 37604981 CT_Summary_SoE.pdf,Arm B (Intensive: Placebo + Cytarabine/Daunorubicin),control,1.0,10.0,20.0,32.0,35.0,39.0,28.0,"Induction: Days 1-7 (treatment), Days 8, 15, 22 (labs). Consolidation: Days 1, 3, 5 (treatment), Days 10, 21 (labs). Post-Consolidation: Day 1 monthly.",,2023.0
PMID 37604981 CT_Summary_SoE.pdf,Arm A (Non-Intensive: Glasdegib + Azacitidine),intervention,1.0,10.0,28.0,50.0,71.0,93.0,28.0,"Cycle 1: Days 1-7 (treatment), Day 15 (imaging). Subsequent Cycles: Days 1-7 (treatment).",,2023.0
PMID 37604981 CT_Summary_SoE.pdf,Arm B (Non-Intensive: Placebo + Azacitidine),control,1.0,10.0,28.0,50.0,71.0,93.0,28.0,"Cycle 1: Days 1-7 (treatment), Day 15 (imaging). Subsequent Cycles: Days 1-7 (treatment).",,2023.0
PMID 37646660 CT_Summary_SoE.pdf,Arm A (Melflufen + Daratumumab + Dexamethasone),intervention,1.0,6.0,15.0,27.0,39.0,55.0,28.0,"Cycle 1: Days 1, 4, 8, 15, 22; Cycle 2: Days 1, 8, 15, 22; Cycle 3: Days 1, 4, 8, 15, 22; Cycle 4-6: Days 1, 8, 15, 22; Cycle 7+: Days 1, 8, 15, 22.",,2024.0
PMID 37646660 CT_Summary_SoE.pdf,Arm B (Daratumumab),control,1.0,6.0,13.0,19.0,22.0,26.0,28.0,"Cycle 1: Days 1, 4, 8, 15, 22; Cycle 2: Days 1, 8, 15, 22; Cycle 3: Days 1, 4, 15; Cycle 4-6: Days 1, 15; Cycle 7+: Day 1.",,2024.0
PMID 37647576 a_Summary_SoE.pdf,Trial Group (Nimotuzumab + Gemcitabine),intervention,2.0,5.0,13.0,26.0,39.0,53.0,28.0,"Weekly visits (Day 1, 8, 15, 22 of each 28-day cycle).",,2023.0
PMID 37647576 a_Summary_SoE.pdf,Control Group (Placebo + Gemcitabine),control,2.0,5.0,13.0,26.0,39.0,53.0,28.0,"Weekly visits (Day 1, 8, 15, 22 of each 28-day cycle).",,2023.0
PMID 37704166 CT_Summary_SoE.pdf,Arm A (OSE2101),intervention,2.0,3.0,6.0,9.0,12.0,15.0,21.0,"Day 1 of 21-day cycles for 6 cycles, then every 8 weeks for the remainder of year one.",,2023.0
PMID 37704166 CT_Summary_SoE.pdf,Arm B (Standard of Care: Docetaxel or Pemetrexed),control,2.0,3.0,6.0,10.0,14.0,19.0,21.0,Day 1 of every 21-day cycle.,,2023.0
PMID 37708904 a_Summary_SoE.pdf,Arm A (NALIRIFOX),intervention,2.0,3.0,7.0,13.0,20.0,27.0,28.0,Days 1 and 15 of each 28-day cycle.,,2023.0
PMID 37708904 a_Summary_SoE.pdf,Arm B (nab-paclitaxel + gemcitabine),control,2.0,4.0,10.0,20.0,30.0,40.0,28.0,"Days 1, 8, and 15 of each 28-day cycle.",,2023.0
PMID 37722354 CT_Summary_SoE.pdf,Arm B (Ibrutinib + Background Chemotherapy),intervention,2.0,4.0,8.0,13.0,14.0,16.0,28.0,Cycles 1-6: Days 1 and 2 (every 28 days); Cycle 7+: Day 1 every 8 weeks.,,2023.0
PMID 37722354 CT_Summary_SoE.pdf,Arm A (Placebo + Background Chemotherapy),control,2.0,4.0,8.0,13.0,14.0,16.0,28.0,Cycles 1-6: Days 1 and 2 (every 28 days); Cycle 7+: Day 1 every 8 weeks.,,2023.0
PMID 37748693 CT_Summary_SoE.pdf,Arm A (Avelumab 10 mg/kg Q2W),intervention,1.0,3.0,7.0,13.0,20.0,27.0,14.0,One visit every 2 weeks (Day 1 of each 14-day cycle).,,2024.0
PMID 37748693 CT_Summary_SoE.pdf,Arm B (SOC Chemotherapy),control,1.0,4.0,9.0,15.0,17.0,19.0,21.0,"Day 1 and Day 8 of each 21-day cycle for 6 cycles, followed by imaging every 6 weeks.",,2024.0
PMID 37748693 CT_Summary_SoE.pdf,Arm C (Avelumab 10 mg/kg Q1W then Q2W),intervention,1.0,5.0,13.0,19.0,26.0,33.0,7.0,"Weekly visits for 12 weeks, then every 2 weeks thereafter.",,2024.0
PMID 37788412 a_Summary_SoE.pdf,Canakinumab 200 mg,intervention,1.0,4.0,7.0,11.0,15.0,20.0,21.0,"Cycle 1: Days 1, 8, 15. Cycles 2-18: Day 1 only.",,2024.0
PMID 37788412 a_Summary_SoE.pdf,Placebo,control,1.0,4.0,7.0,11.0,15.0,20.0,21.0,"Cycle 1: Days 1, 8, 15. Cycles 2-18: Day 1 only.",,2024.0
PMID 37792130 CT_Summary_SoE.pdf,Arm A (MYL-1402O + Carboplatin/Paclitaxel),intervention,2.0,2.0,5.0,11.0,15.0,17.0,21.0,"1 visit every 21 days (Day 0 of each cycle), plus 2 additional PK sampling visits during Period 1.",,2023.0
PMID 37792130 CT_Summary_SoE.pdf,Arm B (Avastin + Carboplatin/Paclitaxel),control,2.0,2.0,5.0,11.0,15.0,17.0,21.0,"1 visit every 21 days (Day 0 of each cycle), plus 2 additional PK sampling visits during Period 1.",,2023.0
PMID 37793771 CT_Summary_SoE.pdf,Arm 1 (Belantamab Mafodotin),intervention,2.0,3.0,7.0,11.0,15.0,20.0,21.0,D1 of each 21-day cycle for infusion. Additional PK/sBCMA lab days on C1D2 and C3D2.,,2023.0
PMID 37793771 CT_Summary_SoE.pdf,Arm 2 (Pomalidomide plus Low-dose Dexamethasone),control,2.0,5.0,11.0,17.0,23.0,31.0,28.0,"Weekly hematology for first 8 weeks, then D1 of each 28-day cycle. Independent Q3W assessments regardless of cycle.",,2023.0
PMID 37845511 a_Summary_SoE.pdf,Arm A (Nivolumab),intervention,2.0,2.0,4.0,7.0,10.0,14.0,28.0,Day 1 of each 4-week cycle (Q4W),,2023.0
PMID 37845511 a_Summary_SoE.pdf,Arm B (Placebo),control,2.0,2.0,4.0,7.0,10.0,14.0,28.0,Day 1 of each 4-week cycle (Q4W),,2023.0
PMID 37870976 a_Summary_SoE.pdf,Arm A (Amivantamab + Carboplatin-Pemetrexed),intervention,2.0,5.0,8.0,12.0,16.0,21.0,21.0,"Cycle 1: Days 1, 2, 8, 15; Cycle 2+: Day 1 only.",,2023.0
PMID 37870976 a_Summary_SoE.pdf,Arm B (Carboplatin-Pemetrexed),control,2.0,4.0,7.0,11.0,15.0,20.0,21.0,"Cycle 1: Days 1, 8 (labs), 15 (labs); Cycle 2+: Day 1 only.",,2023.0
PMID 37875143 a_Summary_SoE.pdf,Arm A (Pembrolizumab + Chemotherapy),intervention,2.0,4.0,10.0,18.0,26.0,36.0,21.0,2 days per cycle (Day 1 and Day 5),,2023.0
PMID 37875143 a_Summary_SoE.pdf,Arm B (Placebo + Chemotherapy),control,2.0,4.0,10.0,18.0,26.0,36.0,21.0,2 days per cycle (Day 1 and Day 5),,2023.0
PMID 37935977 a_Summary_SoE.pdf,Arm 1 (7+3: Daunorubicin + AraC),control,1.0,10.0,23.0,36.0,37.0,38.0,28.0,"Induction: Days 1-7 treatment, then weekly labs (D8, D15, D22). Consolidation: Days 1, 3, 5 treatment, then weekly labs (D8, D15, D22).",,2024.0
PMID 37935977 a_Summary_SoE.pdf,Arm 2 (IA: Idarubicin + AraC),intervention,1.0,10.0,23.0,36.0,37.0,38.0,28.0,"Induction: Days 1-4 treatment, then daily labs (D5-D7) and weekly labs (D8, D15, D22). Consolidation: Days 1-3 treatment, then weekly labs (D8, D15, D22).",,2024.0
PMID 37935977 a_Summary_SoE.pdf,Arm 3 (IA+V: IA + Vorinostat),intervention,1.0,10.0,29.0,48.0,49.0,50.0,28.0,"Induction: Days 1-7 treatment, then weekly labs (D8, D15, D22). Consolidation: Days 1-6 treatment, then weekly labs (D8, D15, D22).",,2024.0
PMID 37980924 a_Summary_SoE.pdf,Apixaban,intervention,1.0,5.0,5.0,5.0,5.0,5.0,28.0,"Screening (Day -7 to 4), Randomization (Day 1), Day 8, Day 15, Day 22, Day 29.",,2024.0
PMID 37980924 a_Summary_SoE.pdf,No systemic anticoagulant prophylaxis,control,1.0,5.0,5.0,5.0,5.0,5.0,28.0,"Screening (Day -7 to 4), Randomization (Day 1), Day 8, Day 15, Day 22, Day 29.",,2024.0
PMID 38039991 CT_Summary_SoE.pdf,Arm A (Durvalumab + SoC CCRT),intervention,1.0,6.0,10.0,13.0,16.0,20.0,28.0,"Durvalumab q4w (Day 1, 29, 57...); Cisplatin weekly for 5 weeks (Day 1, 8, 15, 22, 29); Safety reviews at Day 14 of C1, C2, C3.",,2023.0
PMID 38039991 CT_Summary_SoE.pdf,Arm B (Placebo + SoC CCRT),control,1.0,6.0,10.0,13.0,16.0,20.0,28.0,"Placebo q4w (Day 1, 29, 57...); Cisplatin weekly for 5 weeks (Day 1, 8, 15, 22, 29); Safety reviews at Day 14 of C1, C2, C3.",,2023.0
PMID 38039993 a_Summary_SoE.pdf,Arm A (Lenvatinib + Pembrolizumab),intervention,2.0,4.0,8.0,12.0,16.0,21.0,21.0,"Cycle 1: Days 1, 8, 15; Cycle 2: Days 1, 15; Cycle 3+: Day 1 only.",,2023.0
PMID 38039993 a_Summary_SoE.pdf,Arm B (Lenvatinib + Placebo),control,2.0,4.0,8.0,12.0,16.0,21.0,21.0,"Cycle 1: Days 1, 8, 15; Cycle 2: Days 1, 15; Cycle 3+: Day 1 only.",,2023.0
PMID 38059497 CT_Summary_SoE.pdf,Group A (ARFOX + bevacizumab),intervention,1.0,3.0,7.0,13.0,20.0,27.0,14.0,Treatment visits occur every 14 days (Day 1 of each cycle). Tumor assessments (CT/MRI) occur every 8 weeks (coinciding with treatment visits).,,2024.0
PMID 38059497 CT_Summary_SoE.pdf,Group B (modified FOLFOX-6 + bevacizumab),control,1.0,3.0,7.0,13.0,20.0,27.0,14.0,Treatment visits occur every 14 days (Day 1 of each cycle). Tumor assessments (CT/MRI) occur every 8 weeks (coinciding with treatment visits).,,2024.0
PMID 38060199 CT_Summary_SoE.pdf,Arm A (Ipatasertib + Atezolizumab + Paclitaxel),intervention,1.0,4.0,10.0,21.0,32.0,43.0,28.0,"Days 1, 8, and 15 of each 28-day cycle.",,2024.0
PMID 38060199 CT_Summary_SoE.pdf,Arm B (Ipatasertib + Paclitaxel / Atezolizumab + Paclitaxel),intervention,1.0,4.0,10.0,21.0,32.0,43.0,28.0,"Days 1, 8, and 15 of each 28-day cycle.",,2024.0
PMID 38060199 CT_Summary_SoE.pdf,Arm C (Paclitaxel + Placebo + Placebo),control,1.0,4.0,10.0,21.0,32.0,43.0,28.0,"Days 1, 8, and 15 of each 28-day cycle.",,2024.0
PMID 38103088 CT_Summary_SoE.pdf,Arm 1 (F-627 20 mg),intervention,1.0,26.0,55.0,55.0,55.0,55.0,21.0,"Cycle 1: Daily visits (Days 1-21). Cycles 2-4: Day 1 (Chemo), Day 2 (Drug), and every other day monitoring (Days 4-20). End of Study visit on Day 84.",,2023.0
PMID 38103088 CT_Summary_SoE.pdf,Arm 2 (Placebo / F-627 20 mg),control,1.0,26.0,55.0,55.0,55.0,55.0,21.0,"Cycle 1: Daily visits (Days 1-21). Cycles 2-4: Day 1 (Chemo), Day 2 (Drug), and every other day monitoring (Days 4-20). End of Study visit on Day 84.",,2023.0
PMID 38159809 CT_Summary_SoE.pdf,Arm A (Pembrolizumab + Lenvatinib),intervention,2.0,5.0,9.0,13.0,17.0,22.0,21.0,"Cycle 1: Day 1, Day 15; Cycle 2: Day 1, Day 15; Cycle 3+: Day 1 only (Q3W pattern).",,2024.0
PMID 38159809 CT_Summary_SoE.pdf,Arm B (Pembrolizumab + Placebo),control,2.0,5.0,9.0,13.0,17.0,22.0,21.0,"Cycle 1: Day 1, Day 15; Cycle 2: Day 1, Day 15; Cycle 3+: Day 1 only (Q3W pattern).",,2024.0
PMID 38231126 a_Summary_SoE.pdf,Guadecitabine (SGI-110),intervention,1.0,15.0,43.0,76.0,96.0,112.0,28.0,"Cycle 1-2: 14 days (10 treatment, 4 assessment); Cycle 3: 14 days (5 treatment, 9 assessment); Cycle 4-6: 11 days (5 treatment, 6 assessment); Cycle 7+: 5 days (treatment only).",,2024.0
PMID 38231126 a_Summary_SoE.pdf,Treatment Choice (TC),control,1.0,15.0,43.0,76.0,116.0,147.0,28.0,"Cycle 1-3: 14 days (10 treatment, 4 assessment); Cycle 4-6: 11 days (10 treatment, 1 assessment); Cycle 7+: 10 days (treatment only).",,2024.0
PMID 38252907 a_Summary_SoE.pdf,Arm A (Nivolumab plus Pemetrexed/Platinum),intervention,2.0,2.0,5.0,9.0,13.0,18.0,21.0,Day 1 of every 21-day cycle.,,2024.0
PMID 38252907 a_Summary_SoE.pdf,Arm B (Nivolumab plus Ipilimumab),intervention,2.0,3.0,7.0,13.0,20.0,27.0,14.0,Day 1 of every 14-day cycle (Nivolumab every 2 weeks; Ipilimumab every 6 weeks).,,2024.0
PMID 38252907 a_Summary_SoE.pdf,Arm C (Pemetrexed plus Platinum),control,2.0,2.0,5.0,9.0,13.0,18.0,21.0,Day 1 of every 21-day cycle.,,2024.0
PMID 38319255 a_Summary_SoE.pdf,Arm A (Ibrutinib + Venetoclax),intervention,1.0,2.0,5.0,11.0,14.0,18.0,28.0,"Cycles 1-3: Day 1; Cycle 3: Day 26 (labs); Cycle 4: Days 1, 8, 15, 22; Cycles 5-15: Day 1.",,2022.0
PMID 38319255 a_Summary_SoE.pdf,Arm B (Chlorambucil + Obinutuzumab),control,1.0,5.0,9.0,14.0,15.0,15.0,28.0,"Cycle 1: Days 1, 2, 8, 15; Cycles 2-6: Days 1, 15.",,2022.0
PMID 38319800 a_Summary_SoE.pdf,Arm A (Olaparib + Abiraterone),intervention,1.0,3.0,7.0,10.0,13.0,17.0,28.0,"Every 2 weeks for the first 12 weeks, then every 4 weeks thereafter.",,2022.0
PMID 38319800 a_Summary_SoE.pdf,Arm B (Placebo + Abiraterone),control,1.0,3.0,7.0,10.0,13.0,17.0,28.0,"Every 2 weeks for the first 12 weeks, then every 4 weeks thereafter.",,2022.0
PMID 38319892 a_Summary_SoE.pdf,Arm A (Durvalumab 1500 mg monotherapy),intervention,2.0,2.0,4.0,7.0,10.0,15.0,28.0,Day 1 of each 28-day cycle for infusions and assessments.,,2022.0
PMID 38319892 a_Summary_SoE.pdf,Arm B (Durvalumab 1500 mg + Tremelimumab 75 mg x 4 doses),intervention,2.0,2.0,4.0,7.0,10.0,15.0,28.0,Day 1 of each 28-day cycle for infusions and assessments.,,2022.0
PMID 38319892 a_Summary_SoE.pdf,Arm C (Durvalumab 1500 mg + Tremelimumab 300 mg x 1 dose),intervention,2.0,2.0,4.0,7.0,10.0,15.0,28.0,Day 1 of each 28-day cycle for infusions and assessments.,,2022.0
PMID 38319892 a_Summary_SoE.pdf,Arm D (Sorafenib 400 mg BID),control,2.0,2.0,4.0,7.0,10.0,15.0,28.0,Day 1 of each 28-day cycle for labs and drug dispensing.,,2022.0
PMID 38319896 a_Summary_SoE.pdf,Arm A (Durvalumab plus Gemcitabine and Cisplatin),intervention,1.0,4.0,9.0,17.0,20.0,24.0,21.0,Cycles 1-8 (21-day cycles): Days 1 and 8. Cycle 9 onwards (28-day cycles): Day 1 only.,,2022.0
PMID 38319896 a_Summary_SoE.pdf,Arm B (Placebo plus Gemcitabine and Cisplatin),control,1.0,4.0,9.0,17.0,20.0,24.0,21.0,Cycles 1-8 (21-day cycles): Days 1 and 8. Cycle 9 onwards (28-day cycles): Day 1 only.,,2022.0
PMID 38320161 a_Summary_SoE.pdf,Treatment Arm (LUM Imaging System),intervention,1.0,2.0,2.0,2.0,2.0,2.0,0.0,"1 Screening visit, 1 Surgery day (Day 1), and 1 Routine follow-up visit (approx. 2-3 weeks post-surgery).",,2023.0
PMID 38320161 a_Summary_SoE.pdf,Control Arm (Standard of Care),control,1.0,2.0,2.0,2.0,2.0,2.0,0.0,"1 Screening visit, 1 Surgery day (Day 1), and 1 Routine follow-up visit (approx. 2-3 weeks post-surgery).",,2023.0
PMID 38483412 a_Summary_SoE.pdf,Arm I (COPORT),control,2.0,20.0,37.0,38.0,38.0,39.0,1.0,Daily radiation therapy fractions (5 days per week for 37 fractions).,,2024.0
PMID 38483412 a_Summary_SoE.pdf,Arm II (HYPORT),intervention,2.0,20.0,25.0,26.0,26.0,27.0,1.0,Daily radiation therapy fractions (5 days per week for 25 fractions).,,2024.0
PMID 38499457 CT_Summary_SoE.pdf,Group A (Pracinostat + Azacitidine),intervention,2.0,10.0,30.0,54.0,76.0,100.0,28.0,"Cycle 1: Days 1-7 (AZA), Day 15 (PK/ECG). Cycle 2: Days 1-7 (AZA), Day 15 (ECG), Day 21-26 (Bone Marrow). Subsequent Odd Cycles: Days 1-7 (AZA). Subsequent Even Cycles: Days 1-7 (AZA), Day 21-26 (Bone Marrow).",,2024.0
PMID 38499457 CT_Summary_SoE.pdf,Group B (Placebo + Azacitidine),control,2.0,10.0,30.0,54.0,76.0,100.0,28.0,"Cycle 1: Days 1-7 (AZA), Day 15 (PK/ECG). Cycle 2: Days 1-7 (AZA), Day 15 (ECG), Day 21-26 (Bone Marrow). Subsequent Odd Cycles: Days 1-7 (AZA). Subsequent Even Cycles: Days 1-7 (AZA), Day 21-26 (Bone Marrow).",,2024.0
PMID 38531002 a_Summary_SoE.pdf,Arm A (Pazopanib),intervention,2.0,3.0,6.0,9.0,12.0,16.0,28.0,"Day 1 of every cycle (C1-C13), plus Day 15 of Cycles 1 and 2.",,2024.0
PMID 38531002 a_Summary_SoE.pdf,Arm B (Placebo),control,2.0,3.0,6.0,9.0,12.0,16.0,28.0,"Day 1 of every cycle (C1-C13), plus Day 15 of Cycles 1 and 2.",,2024.0
PMID 38552197 a_Summary_SoE.pdf,Experimental Arm (Atezolizumab + Cabozantinib),intervention,1.0,2.0,5.0,9.0,13.0,18.0,21.0,Day 1 of each 21-day cycle,,2024.0
PMID 38552197 a_Summary_SoE.pdf,Control Arm (Docetaxel),control,1.0,2.0,5.0,9.0,13.0,18.0,21.0,Day 1 of each 21-day cycle,,2024.0
PMID 38561010 a_Summary_SoE.pdf,Arm 1 (Pembrolizumab + CRT),intervention,2.0,18.0,37.0,43.0,48.0,53.0,21.0,"Priming dose at Day 1, followed by daily radiotherapy (5 days/week) for 7 weeks starting Day 8. Maintenance therapy every 3 weeks for 14 doses.",,2024.0
PMID 38561010 a_Summary_SoE.pdf,Arm 2 (Placebo + CRT),control,2.0,18.0,37.0,43.0,48.0,53.0,21.0,"Priming dose at Day 1, followed by daily radiotherapy (5 days/week) for 7 weeks starting Day 8. Maintenance therapy every 3 weeks for 14 doses.",,2024.0
PMID 38648575 a_Summary_SoE.pdf,Arm A (Irinotecan Liposome Injection),intervention,2.0,5.0,11.0,19.0,28.0,39.0,42.0,"Cycle 1: D1, D8, D15, D22, D29, D36. Cycle 2+: D1, D15, D22, D29.",,2024.0
PMID 38648575 a_Summary_SoE.pdf,Arm B (IV Topotecan),control,2.0,13.0,31.0,55.0,80.0,111.0,42.0,"Cycle 1: D1-5, D8, D15, D22-26, D29, D36. Cycle 2+: D1-5, D15, D22-26, D29.",,2024.0
PMID 38683596 a_Summary_SoE.pdf,Arm 1 (Aspirin),intervention,1.0,0.0,0.0,1.0,1.0,2.0,0.0,Screening visit followed by clinical assessment visits every 6 months.,,2024.0
PMID 38683596 a_Summary_SoE.pdf,Arm 2 (Placebo),control,1.0,0.0,0.0,1.0,1.0,2.0,0.0,Screening visit followed by clinical assessment visits every 6 months.,,2024.0
PMID 38833643 a_Summary_SoE.pdf,Arm 1 (Everolimus + Endocrine Therapy),intervention,1.0,1.0,3.0,4.0,5.0,6.0,42.0,"Visits occur at the start of each reporting period (Weeks 1, 7, 13, 25, 37, 49) for drug dispensing, physical exams, and labs.",,2024.0
PMID 38833643 a_Summary_SoE.pdf,Arm 2 (Placebo + Endocrine Therapy),control,1.0,1.0,3.0,4.0,5.0,6.0,42.0,"Visits occur at the start of each reporting period (Weeks 1, 7, 13, 25, 37, 49) for drug dispensing, physical exams, and labs.",,2024.0
PMID 38833658 a_Summary_SoE.pdf,Arm A (Lenvatinib + Pembrolizumab),intervention,2.0,3.0,7.0,13.0,20.0,27.0,28.0,Visits occur on Day 1 and Day 15 of every 28-day cycle.,,2024.0
PMID 38833658 a_Summary_SoE.pdf,Arm B (Investigator's Choice SOC - Regorafenib),control,2.0,5.0,10.0,16.0,23.0,30.0,28.0,"C1: D1, D8, D15, D22; C2: D1, D8, D15; C3+: D1, D15.",,2024.0
PMID 38838287a_Summary_SoE.pdf,Arm A (NKTR-214 + Nivolumab),intervention,2.0,5.0,8.0,12.0,16.0,21.0,42.0,"Cycle 1: Days 1, 3, 5, 8, 22. Subsequent cycles: Days 1 and 22.",,2024.0
PMID 38838287a_Summary_SoE.pdf,Arm B (Sunitinib or Cabozantinib),control,2.0,3.0,6.0,10.0,14.0,19.0,42.0,"Cycle 1: Days 1, 8, 22. Subsequent cycles: Days 1 and 22.",,2024.0
PMID 38849283 CT_Summary_SoE.pdf,Arm A (N-Pd: Nivolumab + Pomalidomide + Dexamethasone),intervention,2.0,3.0,7.0,11.0,14.0,18.0,28.0,Cycles 1-4: Day 1 and Day 15; Cycles 5+: Day 1 only.,,2024.0
PMID 38849283 CT_Summary_SoE.pdf,Arm B (Pd: Pomalidomide + Dexamethasone),control,2.0,3.0,7.0,11.0,14.0,18.0,28.0,Cycles 1-4: Day 1 and Day 15; Cycles 5+: Day 1 only.,,2024.0
PMID 38849283 CT_Summary_SoE.pdf,Arm C (NE-Pd: Nivolumab + Elotuzumab + Pomalidomide + Dexamethasone),intervention,2.0,5.0,11.0,15.0,18.0,22.0,28.0,"Cycles 1-2: Days 1, 8, 15, 22; Cycles 3-4: Days 1, 15; Cycles 5+: Day 1 only.",,2024.0
PMID 38872480 a_Summary_SoE.pdf,Bevacizumab Group,intervention,0.0,0.0,0.0,0.0,0.0,0.0,,Not specified in the provided document.,,2024.0
PMID 38872480 a_Summary_SoE.pdf,Placebo Group,control,0.0,0.0,0.0,0.0,0.0,0.0,,Not specified in the provided document.,,2024.0
PMID 38889373 a_Summary_SoE.pdf,Arm A (Amcenestrant plus Palbociclib),intervention,2.0,3.0,6.0,9.0,12.0,16.0,28.0,Cycles 1 and 2: Day 1 and Day 15. Subsequent cycles: Day 1 only.,,2024.0
PMID 38889373 a_Summary_SoE.pdf,Arm B (Letrozole plus Palbociclib),control,2.0,3.0,6.0,9.0,12.0,16.0,28.0,Cycles 1 and 2: Day 1 and Day 15. Subsequent cycles: Day 1 only.,,2024.0
PMID 38942046 a_Summary_SoE.pdf,Arm A (Perioperative Nivolumab),intervention,2.0,2.0,4.0,7.0,10.0,12.0,28.0,"1 pre-operative dose, surgery at ~3 weeks, followed by 9 adjuvant doses every 4 weeks.",,2024.0
PMID 38942046 a_Summary_SoE.pdf,Arm B (Observation),control,1.0,1.0,2.0,3.0,4.0,5.0,,Nephrectomy followed by observation with follow-up assessments every 12 weeks.,,2024.0
PMId 32955177 a_Summary_SoE.pdf,Arm A (AZD9291),intervention,2.0,3.0,4.0,5.0,6.0,7.0,84.0,"Screening (2 days: Part I for EGFR testing, Part II for baseline assessments); Treatment Period: Day 1 (Randomization), Week 2 (Day 15), Week 4 (Day 29), then every 12 weeks (Week 12, 24, 36, 48, etc.)",,2020.0
PMId 32955177 a_Summary_SoE.pdf,Arm B (Placebo),control,2.0,3.0,4.0,5.0,6.0,7.0,84.0,"Screening (2 days: Part I for EGFR testing, Part II for baseline assessments); Treatment Period: Day 1 (Randomization), Week 2 (Day 15), Week 4 (Day 29), then every 12 weeks (Week 12, 24, 36, 48, etc.)",,2020.0
PMId 32966830 a_Summary_SoE.pdf,Arm A (Atezolizumab + nab-paclitaxel + AC),intervention,2.0,4.0,12.0,19.0,24.0,28.0,28.0,"Neoadjuvant: Weekly for 12 weeks, then every 2 weeks for 8 weeks. Adjuvant: Every 3 weeks for 11 cycles.",,2020.0
PMId 32966830 a_Summary_SoE.pdf,Arm B (Placebo + nab-paclitaxel + AC),control,2.0,4.0,12.0,19.0,24.0,28.0,28.0,"Neoadjuvant: Weekly for 12 weeks, then every 2 weeks for 8 weeks. Monitoring: Every 3 weeks for 1 year.",,2020.0
PMId 36395435 a_Summary_SoE.pdf,Arm A (Zanubrutinib 160 mg orally twice daily),intervention,2.0,2.0,4.0,7.0,10.0,14.0,28.0,"Day 1 of every 28-day cycle (C1D1, C2D1, etc.)",,2023.0
PMId 36395435 a_Summary_SoE.pdf,Arm B (Ibrutinib 420 mg orally once daily),control,2.0,2.0,4.0,7.0,10.0,14.0,28.0,"Day 1 of every 28-day cycle (C1D1, C2D1, etc.)",,2023.0
PMId 37331369 a_Summary_SoE.pdf,Fruquintinib + BSC,intervention,1.0,3.0,7.0,10.0,13.0,17.0,28.0,Cycles 1-3: Day 1 and Day 21. Cycle 4+: Day 1 only.,,2023.0
PMId 37331369 a_Summary_SoE.pdf,Placebo + BSC,control,1.0,3.0,7.0,10.0,13.0,17.0,28.0,Cycles 1-3: Day 1 and Day 21. Cycle 4+: Day 1 only.,,2023.0
PMID 23550669 a_Summary_SoE.pdf,,,,,,,,,,,Failed to parse JSON,2013.0
PMID 24849084 a_Summary_SoE.pdf,,,,,,,,,,,Failed to parse JSON,2014.0
PMID 35443108 a_Summary_SoE.pdf,Arm A (AG-120 + Azacitidine),intervention,2.0,12.0,32.0,55.0,76.0,98.0,28.0,"Cycle 1: Days 1-7 (Aza), Day 8 (Labs), Day 15 (ECG/Labs), Day 22 (Labs). Cycles 2-4: Days 1-7 (Aza), Day 15 (Labs/ECG). Cycles 5+: Days 1-7 (Aza).",,2022.0
PMID 35443108 a_Summary_SoE.pdf,Arm B (Placebo + Azacitidine),control,2.0,12.0,32.0,55.0,76.0,98.0,28.0,"Cycle 1: Days 1-7 (Aza), Day 8 (Labs), Day 15 (ECG/Labs), Day 22 (Labs). Cycles 2-4: Days 1-7 (Aza), Day 15 (Labs/ECG). Cycles 5+: Days 1-7 (Aza).",,2022.0
PMID 35584336 a_Summary_SoE.pdf,Elacestrant,intervention,2.0,3.0,5.0,8.0,11.0,15.0,28.0,"C1D1, C1D15, then Day 1 of every subsequent 28-day cycle (C2D1, C3D1, etc.)",,2022.0
PMID 35584336 a_Summary_SoE.pdf,Standard of Care (Fulvestrant or Aromatase Inhibitor),control,2.0,3.0,5.0,8.0,11.0,15.0,28.0,"C1D1, C1D15, then Day 1 of every subsequent 28-day cycle (C2D1, C3D1, etc.)",,2022.0
