filename,intervention_screening,intervention_1_month,intervention_3_months,intervention_6_months,intervention_9_months,intervention_12_months,intervention_intensity,intervention_cycle_length,control_screening,control_1_month,control_3_months,control_6_months,control_9_months,control_12_months,control_intensity,control_cycle_length,delta_screening,delta_1_month,delta_3_months,delta_6_months,delta_9_months,delta_12_months,delta_intensity,pmid,publication_year,Funder,Industry,Disease Site,Disease Stage,Treatment Type,Condition,intervention,Publication Year,NCT Number,Design,Enrollment,Start Date,Enrollment Year,sponsor_binary,disease_site,treatment_modality,start_year
30738780 CT_Summary_SoE.pdf,2.0,3.0,7.0,10.0,13.0,17.0,1.4166666666666667,28.0,2.0,3.0,7.0,10.0,13.0,17.0,1.4166666666666667,28.0,0.0,0.0,0.0,0.0,0.0,0.0,0.0,30738780,,INDUSTRY,Yes,GU,Metastatic,Systemic Therapy,Prostatic Neoplasms,"DRUG: Radium-223 dichloride (Xofigo, BAY88-8223)|DRUG: Matching placebo (normal saline)|DRUG: Abiraterone|DRUG: Prednisone/Prednisolone",2019,NCT02043678,Superiority,806,3/30/2014,2014,Industry,GU,Endocrine,2014
PIMD 27718847 a_Summary_SoE.pdf,1.0,2.0,5.0,9.0,13.0,18.0,1.5,21.0,1.0,4.0,9.0,15.0,19.0,24.0,2.0,21.0,0.0,-2.0,-4.0,-6.0,-6.0,-6.0,-0.5,27718847,,INDUSTRY,Yes,Thor,Metastatic,Systemic Therapy,Non-Small Cell Lung Carcinoma,DRUG: Pembrolizumab|DRUG: Paclitaxel|DRUG: Carboplatin|DRUG: Pemetrexed|DRUG: Cisplatin|DRUG: Gemcitabine,2016,NCT02142738,Superiority,305,8/25/2014,2014,Industry,Thor,Immunotherapy,2014
PMID 19213681 a_Summary_SoE.pdf,1.0,1.0,1.0,2.0,2.0,3.0,0.25,180.0,1.0,1.0,1.0,2.0,2.0,3.0,0.25,180.0,0.0,0.0,0.0,0.0,0.0,0.0,0.0,19213681,2009.0,INDUSTRY,Yes,Breast,Non-metastatic,Systemic Therapy,Breast Cancer,DRUG: tamoxifen|DRUG: anastrozole|DRUG: zoledronic acid|OTHER: goserelin,2009,NCT00295646,Superiority,1803,1999-06,1999,Industry,Breast,Endocrine,1999
PMID 20525992 a_Summary_SoE.pdf,2.0,2.0,5.0,8.0,10.0,11.0,0.9166666666666666,21.0,2.0,2.0,5.0,8.0,10.0,11.0,0.9166666666666666,21.0,0.0,0.0,0.0,0.0,0.0,0.0,0.0,20525992,2010.0,INDUSTRY,Yes,Skin,Metastatic,Systemic Therapy,Melanoma|Metastases,DRUG: MDX-010 (anti-CTLA4) monoclonal antibody|BIOLOGICAL: MDX-1379 (gp100) Melanoma Peptide Vaccine,2010,NCT00094653,Superiority,1783,2004-09,2004,Industry,Skin,Targeted Therapy,2004
PMID 20525993 a_Summary_SoE.pdf,1.0,4.0,6.0,9.0,10.0,11.0,0.9166666666666666,28.0,1.0,4.0,6.0,9.0,10.0,11.0,0.9166666666666666,28.0,0.0,0.0,0.0,0.0,0.0,0.0,0.0,20525993,2010.0,INDUSTRY,Yes,Heme,Hematologic,Systemic Therapy,"Myelogenous Leukemia, Chronic",DRUG: nilotinib|DRUG: imatinib,2010,NCT00471497,Superiority,846,7/31/2007,2007,Industry,Heme,Other,2007
PMID 20525995 a_Summary_SoE.pdf,2.0,3.0,5.0,6.0,7.0,8.0,0.6666666666666666,0.0,2.0,3.0,5.0,6.0,7.0,8.0,0.6666666666666666,0.0,0.0,0.0,0.0,0.0,0.0,0.0,0.0,20525995,2010.0,INDUSTRY,Yes,Heme,Hematologic,Systemic Therapy,"Myeloid Leukemia, Chronic",DRUG: Dasatinib|DRUG: Imatinib,2010,NCT00481247,Superiority,547,2007-09,2007,Industry,Heme,Other,2007
PMID 20570559 CT a_Summary_SoE.pdf,1.0,2.0,5.0,9.0,13.0,18.0,1.5,21.0,1.0,2.0,5.0,9.0,13.0,18.0,1.5,21.0,0.0,0.0,0.0,0.0,0.0,0.0,0.0,20570559,2010.0,INDUSTRY,Yes,Thor,Metastatic,Systemic Therapy,Non-small Cell Lung Cancer|Lung Cancer,DRUG: Docetaxel|DRUG: Vandetanib,2010,NCT00312377,Superiority,1690,2006-05,2006,Industry,Thor,Targeted Therapy,2006
PMID 20818862 a_Summary_SoE.pdf,3.0,5.0,7.0,9.0,11.0,12.0,1.0,14.0,3.0,5.0,7.0,9.0,11.0,12.0,1.0,14.0,0.0,0.0,0.0,0.0,0.0,0.0,0.0,20818862,2010.0,INDUSTRY,Yes,GU,Metastatic,Systemic Therapy,Prostate Cancer,BIOLOGICAL: Sipuleucel-T|BIOLOGICAL: APC-Placebo,2010,NCT00065442,Superiority,512,2003-07,2003,Industry,GU,Immunotherapy,2003
PMID 20826719 a_Summary_SoE.pdf,2.0,1.0,1.0,3.0,3.0,4.0,0.3333333333333333,0.0,2.0,1.0,1.0,3.0,3.0,4.0,0.3333333333333333,0.0,0.0,0.0,0.0,0.0,0.0,0.0,0.0,20826719,2010.0,OTHER,Yes,Heme,Hematologic,Supportive Care,Lymphoma|Infection|Leukemia,DRUG: Fluconazole|DRUG: Voriconazole,2010,NCT00075803,Superiority,600,2003-11,2003,Industry,Heme,Other,2003
PMID 21121833 a_Summary_SoE.pdf,2.0,2.0,5.0,7.0,8.0,9.0,0.75,21.0,2.0,2.0,5.0,7.0,8.0,9.0,0.75,21.0,0.0,0.0,0.0,0.0,0.0,0.0,0.0,21121833,2010.0,OTHER,No,Breast,Non-metastatic,Systemic Therapy,Breast Neoplasms,DRUG: Docetaxel|DRUG: 5-fluorouracil|DRUG: Doxorubicin|DRUG: Cyclophosphamide,2010,NCT00121992,Superiority,1060,1999-07,1999,Non-Industry,Breast,Chemotherapy,1999
PMID 21282542 CT_Summary_SoE.pdf,2.0,4.0,6.0,9.0,12.0,16.0,1.3333333333333333,28.0,2.0,4.0,6.0,9.0,12.0,16.0,1.3333333333333333,28.0,0.0,0.0,0.0,0.0,0.0,0.0,0.0,21282542,2011.0,INDUSTRY,Yes,Thor,Metastatic,Systemic Therapy,Non Small Cell Lung Cancer,DRUG: Vandetanib|DRUG: Erlotinib,2011,NCT00364351,Superiority,1574,2006-08,2006,Industry,Thor,Targeted Therapy,2006
PMID 21306237 a_Summary_SoE.pdf,1.0,3.0,5.0,8.0,11.0,15.0,1.25,28.0,1.0,3.0,5.0,8.0,11.0,15.0,1.25,28.0,0.0,0.0,0.0,0.0,0.0,0.0,0.0,21306237,2011.0,INDUSTRY,Yes,Other,Metastatic,Systemic Therapy,"Carcinoma, Islet Cell|Carcinoma, Pancreas",DRUG: sunitinib malate|DRUG: Placebo,2011,NCT00428597,Superiority,171,2007-06,2007,Industry,Other,Targeted Therapy,2007
PMID 21306238 a_Summary_SoE.pdf,1.0,3.0,5.0,8.0,11.0,15.0,1.25,28.0,1.0,3.0,5.0,8.0,11.0,15.0,1.25,28.0,0.0,0.0,0.0,0.0,0.0,0.0,0.0,21306238,2011.0,INDUSTRY,Yes,GI,Metastatic,Systemic Therapy,Advanced Neuroendocrine Tumors of Pancreatic Origin,DRUG: Everolimus|DRUG: Everolimus Placebo,2011,NCT00510068,Superiority,410,2007-07,2007,Industry,GI,Targeted Therapy,2007
PMID 21410393 a_Summary_SoE.pdf,2.0,1.0,1.0,2.0,3.0,5.0,0.4166666666666667,45.5,2.0,1.0,1.0,2.0,3.0,5.0,0.4166666666666667,45.5,0.0,0.0,0.0,0.0,0.0,0.0,0.0,21410393,2011.0,OTHER,Yes,Thor,NS,Systemic Therapy,Lymphangioleiomyomatosis,DRUG: Sirolimus|DRUG: Placebo,2011,NCT00414648,Superiority,89,2006-12,2006,Industry,Thor,Other,2006
PMID 21612468 a_Summary_SoE.pdf,1.0,3.0,7.0,10.0,13.0,17.0,1.4166666666666667,28.0,1.0,3.0,7.0,10.0,13.0,17.0,1.4166666666666667,28.0,0.0,0.0,0.0,0.0,0.0,0.0,0.0,21612468,2011.0,INDUSTRY,Yes,GU,Metastatic,Systemic Therapy,Prostatic Neoplasms,DRUG: Placebo|DRUG: Abiraterone acetate|DRUG: Prednisone/prednisolone,2011,NCT00638690,Superiority,1195,2008-05,2008,Industry,GU,Endocrine,2008
PMID 21621716 CT_Summary_SoE.pdf,2.0,2.0,5.0,9.0,13.0,18.0,1.5,21.0,2.0,2.0,5.0,9.0,13.0,18.0,1.5,21.0,0.0,0.0,0.0,0.0,0.0,0.0,0.0,21621716,2011.0,INDUSTRY,Yes,Thor,Metastatic,Systemic Therapy,Non-Small Cell Lung Cancer,DRUG: bevacizumab|DRUG: erlotinib HCl|DRUG: placebo,2011,NCT00130728,Superiority,636,6/8/2005,2005,Industry,Thor,Targeted Therapy,2005
PMID 21631324 a_Summary_SoE.pdf,2.0,16.0,33.0,67.0,97.0,103.0,8.583333333333334,21.0,2.0,16.0,33.0,67.0,97.0,103.0,8.583333333333334,21.0,0.0,0.0,0.0,0.0,0.0,0.0,0.0,21631324,2011.0,NIH,Yes,Skin,Metastatic,Systemic Therapy,Recurrent Melanoma|Stage IIIA Skin Melanoma|Stage IIIB Skin Melanoma|Stage IIIC Skin Melanoma|Stage IV Skin Melanoma,BIOLOGICAL: Aldesleukin|BIOLOGICAL: gp100 Antigen|DRUG: Montanide ISA 51 VG|OTHER: Quality-of-Life Assessment|OTHER: Questionnaire Administration|OTHER: Laboratory Biomarker Analysis,2011,NCT00019682,Superiority,185,1999-12,2012,Industry,Skin,Targeted Therapy,1999
PMID 21639808 a_Summary_SoE.pdf,2.0,3.0,6.0,10.0,14.0,19.0,1.5833333333333333,21.0,2.0,3.0,6.0,10.0,14.0,19.0,1.5833333333333333,21.0,0.0,0.0,0.0,0.0,0.0,0.0,0.0,21639808,2011.0,INDUSTRY,Yes,Skin,Metastatic,Systemic Therapy,Malignant Melanoma,DRUG: Vemurafenib|DRUG: Dacarbazine,2011,NCT01006980,Superiority,675,2010-01,2010,Industry,Skin,Targeted Therapy,2010
PMID 21639810 a_Summary_SoE.pdf,2.0,2.0,8.0,13.0,15.0,17.0,1.4166666666666667,21.0,2.0,2.0,8.0,13.0,15.0,17.0,1.4166666666666667,21.0,0.0,0.0,0.0,0.0,0.0,0.0,0.0,21639810,2011.0,INDUSTRY,Yes,Skin,Metastatic,Systemic Therapy,Melanoma,DRUG: Ipilimumab|DRUG: Placebo|DRUG: Dacarbazine,2011,NCT00324155,Superiority,681,2006-08,2006,Industry,Skin,Immunotherapy,2006
PMID 21751904 a_Summary_SoE.pdf,2.0,1.0,24.0,40.0,41.0,42.0,3.5,28.0,2.0,22.0,38.0,39.0,40.0,41.0,3.4166666666666665,7.0,0.0,-21.0,-14.0,1.0,1.0,1.0,0.0833333333333334,21751904,2011.0,NETWORK,No,GU,Non-metastatic,Systemic Therapy,Prostate Cancer,DRUG: flutamide|DRUG: Zoladex|DRUG: Lupron|RADIATION: radiation therapy,2011,NCT00002597,Superiority,2028,1994-10,1994,Non-Industry,GU,Endocrine,1994
PMID 21962393 CT_Summary_SoE.pdf,3.0,15.0,24.0,35.0,44.0,45.0,3.75,14.0,3.0,15.0,24.0,34.0,35.0,36.0,3.0,14.0,0.0,0.0,0.0,1.0,9.0,9.0,0.75,21962393,2011.0,NIH,No,Heme,Hematologic,Supportive Care,Multiple Myeloma,PROCEDURE: One Autologous Transplant|PROCEDURE: Non-Myeloablative Allogeneic Transplant|PROCEDURE: Second Autologous Transplant|DRUG: Thalidomide|DRUG: Dexamethasone|BEHAVIORAL: Observation,2011,NCT00075829,Superiority,710,2003-12,2003,Non-Industry,Heme,Targeted Therapy,2003
PMID 21990397 a_Summary_SoE.pdf,2.0,2.0,5.0,9.0,13.0,18.0,1.5,21.0,2.0,2.0,5.0,9.0,13.0,18.0,1.5,21.0,0.0,0.0,0.0,0.0,0.0,0.0,0.0,21990397,2011.0,INDUSTRY,Yes,Breast,Metastatic,Systemic Therapy,Metastatic Breast Cancer,DRUG: Bevacizumab|DRUG: Placebo|DRUG: Standard chemotherapy,2011,NCT00281697,Superiority,684,2006-02,2006,Industry,Breast,Targeted Therapy,2006
PMID 21991949 a_Summary_SoE.pdf,2.0,2.0,6.0,18.0,22.0,26.0,2.1666666666666665,21.0,2.0,2.0,5.0,8.0,10.0,11.0,0.9166666666666666,21.0,0.0,0.0,1.0,10.0,12.0,15.0,1.25,21991949,2011.0,INDUSTRY,Yes,Breast,Non-metastatic,Systemic Therapy,Breast Neoplasms,DRUG: Doxorubicin|DRUG: Cyclophosphamide|DRUG: Docetaxel|DRUG: Herceptin|DRUG: Carboplatin,2012,NCT00021255,Superiority,3222,2001-04,2001,Industry,Breast,Chemotherapy,2001
PMID 22025146 CT_Summary_SoE.pdf,1.0,3.0,5.0,6.0,7.0,8.0,0.6666666666666666,84.0,1.0,3.0,5.0,6.0,7.0,8.0,0.6666666666666666,84.0,0.0,0.0,0.0,0.0,0.0,0.0,0.0,22025146,2012.0,INDUSTRY,Yes,HN,Metastatic,Systemic Therapy,Thyroid Cancer,DRUG: ZD6474 (Vandetanib),2012,NCT00410761,Superiority,437,11/30/2006,2006,Industry,HN,Targeted Therapy,2006
PMID 22119496 a_Summary_SoE.pdf,1.0,3.0,5.0,8.0,11.0,15.0,1.25,28.0,1.0,3.0,5.0,8.0,11.0,15.0,1.25,28.0,0.0,0.0,0.0,0.0,0.0,0.0,0.0,22119496,2011.0,INDUSTRY,Yes,Other,Metastatic,Systemic Therapy,Carcinoid Tumor|Malignant Carcinoid Syndrome,DRUG: Octreotide|DRUG: Placebo|DRUG: Everolimus,2011,NCT00412061,Superiority,429,2006-12,2007,Industry,Other,Targeted Therapy,2006
PMID 22149875 a_Summary_SoE.pdf,2.0,5.0,10.0,16.0,20.0,25.0,2.0833333333333335,21.0,2.0,5.0,10.0,16.0,20.0,25.0,2.0833333333333335,21.0,0.0,0.0,0.0,0.0,0.0,0.0,0.0,22149875,2012.0,INDUSTRY,Yes,Breast,Metastatic,Systemic Therapy,Metastatic Breast Cancer,DRUG: Pertuzumab|DRUG: Placebo|DRUG: Trastuzumab|DRUG: Docetaxel,2012,NCT00567190,Superiority,808,2/12/2008,2008,Industry,Breast,Targeted Therapy,2008
PMID 22149876 a_Summary_SoE.pdf,1.0,3.0,5.0,7.0,9.0,11.0,0.9166666666666666,42.0,1.0,3.0,5.0,7.0,9.0,11.0,0.9166666666666666,42.0,0.0,0.0,0.0,0.0,0.0,0.0,0.0,22149876,2012.0,INDUSTRY,Yes,Breast,Metastatic,Systemic Therapy,Breast Cancer,DRUG: Everolimus|DRUG: Exemestane|DRUG: Everolimus Placebo,2012,NCT00863655,Superiority,724,6/3/2009,2009,Industry,Breast,Targeted Therapy,2009
PMID 22204724 a_Summary_SoE.pdf,2.0,5.0,13.0,21.0,25.0,30.0,2.5,21.0,2.0,5.0,13.0,21.0,25.0,30.0,2.5,21.0,0.0,0.0,0.0,0.0,0.0,0.0,0.0,22204724,2011.0,NIH,Yes,GYN,Metastatic,Systemic Therapy,Fallopian Tube Clear Cell Adenocarcinoma|Fallopian Tube Endometrioid Adenocarcinoma|Fallopian Tube Mucinous Adenocarcinoma|Fallopian Tube Serous Adenocarcinoma|Fallopian Tube Transitional Cell Carcinoma|Malignant Ovarian Mixed Epithelial Tumor|Ovarian Brenner Tumor|Ovarian Clear Cell Adenocarcinoma|Ovarian Endometrioid Adenocarcinoma|Ovarian Mucinous Adenocarcinoma|Ovarian Serous Adenocarcinoma|Ovarian Transitional Cell Carcinoma|Primary Peritoneal Serous Adenocarcinoma|Stage IIIA Fallopian Tube Cancer|Stage IIIA Ovarian Cancer|Stage IIIA Primary Peritoneal Cancer|Stage IIIB Fallopian Tube Cancer|Stage IIIB Ovarian Cancer|Stage IIIB Primary Peritoneal Cancer|Stage IIIC Fallopian Tube Cancer|Stage IIIC Ovarian Cancer|Stage IIIC Primary Peritoneal Cancer|Stage IV Fallopian Tube Cancer|Stage IV Ovarian Cancer|Stage IV Primary Peritoneal Cancer|Undifferentiated Fallopian Tube Carcinoma|Undifferentiated Ovarian Carcinoma,BIOLOGICAL: Bevacizumab|DRUG: Carboplatin|OTHER: Laboratory Biomarker Analysis|DRUG: Paclitaxel|OTHER: Placebo|OTHER: Quality-of-Life Assessment,2011,NCT00262847,Superiority,1873,2005-09,2005,Industry,GYN,Targeted Therapy,2005
PMID 22257673 a_Summary_SoE.pdf,1.0,2.0,8.0,13.0,17.0,21.0,1.75,21.0,1.0,2.0,8.0,13.0,18.0,22.0,1.8333333333333333,21.0,0.0,0.0,0.0,0.0,-1.0,-1.0,-0.0833333333333332,22257673,2012.0,INDUSTRY,Yes,Breast,Metastatic,Systemic Therapy,"Neoplasms, Breast",DRUG: Lapatinib|BIOLOGICAL: Trastuzumab|DRUG: Paclitaxel,2012,NCT00553358,Superiority,455,1/5/2008,2008,Industry,Breast,Targeted Therapy,2008
PMID 22271472 a_Summary_SoE.pdf,1.0,5.0,36.0,41.0,44.0,47.0,3.9166666666666665,21.0,1.0,2.0,33.0,34.0,35.0,36.0,3.0,21.0,0.0,3.0,3.0,7.0,9.0,11.0,0.9166666666666664,22271472,2012.0,NIH,No,Thor,Metastatic,Systemic Therapy,Lung Cancer,DRUG: carboplatin|DRUG: paclitaxel|DRUG: thalidomide|RADIATION: radiation therapy,2012,NCT00004859,Superiority,589,2000-01,2000,Non-Industry,Thor,Targeted Therapy,2000
PMID 22375970 a_Summary_SoE.pdf,2.0,4.0,7.0,10.0,12.0,14.0,1.1666666666666667,28.0,2.0,3.0,6.0,9.0,11.0,13.0,1.0833333333333333,28.0,0.0,1.0,1.0,1.0,1.0,1.0,0.0833333333333334,22375970,2012.0,INDUSTRY,Yes,Heme,Hematologic,Systemic Therapy,Myelofibrosis,DRUG: Ruxolitinib|DRUG: Best Available Therapy (BAT),2012,NCT00934544,Superiority,219,7/1/2009,2009,Industry,Heme,Targeted Therapy,2009
PMID 22375971 a_Summary_SoE.pdf,2.0,4.0,7.0,10.0,12.0,14.0,1.1666666666666667,28.0,2.0,4.0,7.0,10.0,12.0,14.0,1.1666666666666667,28.0,0.0,0.0,0.0,0.0,0.0,0.0,0.0,22375971,2012.0,INDUSTRY,Yes,Heme,Hematologic,Systemic Therapy,MPN (Myeloproliferative Neoplasms),DRUG: Ruxolitinib|DRUG: Placebo,2012,NCT00952289,Superiority,309,2009-08,2009,Industry,Heme,Targeted Therapy,2009
PMID 22454414 a_Summary_SoE.pdf,3.0,2.0,5.0,9.0,13.0,18.0,1.5,21.0,3.0,2.0,5.0,9.0,13.0,18.0,1.5,21.0,0.0,0.0,0.0,0.0,0.0,0.0,0.0,22454414,2012.0,NIH,Yes,GU,Metastatic,Systemic Therapy,Adenocarcinoma of the Prostate|Hormone-resistant Prostate Cancer|Recurrent Prostate Cancer|Stage IV Prostate Cancer,DRUG: docetaxel|OTHER: placebo|DRUG: prednisone|BIOLOGICAL: bevacizumab|OTHER: laboratory biomarker analysis,2012,NCT00110214,Superiority,1050,2005-04,2005,Industry,GU,Targeted Therapy,2005
PMID 22508813 a_Summary_SoE.pdf,1.0,2.0,2.0,2.0,2.0,2.0,0.1666666666666666,21.0,1.0,2.0,2.0,2.0,2.0,2.0,0.1666666666666666,21.0,0.0,0.0,0.0,0.0,0.0,0.0,0.0,22508813,2012.0,OTHER,No,Multiple,NS,Supportive Care,"Musculoskeletal Complications|Pain|Unspecified Adult Solid Tumor, Protocol Specific",DRUG: naproxen|OTHER: placebo,2012,NCT00602420,Superiority,510,2008-06,2008,Non-Industry,Multiple,Other,2008
PMID 22529265 a_Summary_SoE.pdf,1.0,4.0,9.0,15.0,19.0,24.0,2.0,21.0,1.0,4.0,9.0,15.0,19.0,24.0,2.0,21.0,0.0,0.0,0.0,0.0,0.0,0.0,0.0,22529265,2012.0,INDUSTRY,Yes,GYN,Non-metastatic,Systemic Therapy,Ovarian Cancer,DRUG: Carboplatin|DRUG: Gemcitabine|DRUG: Bevacizumab|DRUG: Placebo,2012,NCT00434642,Superiority,484,2007-04,2007,Industry,GYN,Targeted Therapy,2007
PMID 22551107 a_Summary_SoE.pdf,1.0,8.0,23.0,42.0,60.0,78.0,6.5,28.0,1.0,7.0,12.0,19.0,25.0,32.0,2.6666666666666665,21.0,0.0,1.0,11.0,23.0,35.0,46.0,3.8333333333333335,22551107,2012.0,OTHER,No,Other,Metastatic,Systemic Therapy,"Carcinoma, Adrenal Cortical",DRUG: Etoposide|DRUG: Doxorubicin|DRUG: Cisplatin|DRUG: Streptozotocin|DRUG: Mitotane,2012,NCT00094497,Superiority,304,2004-06,2004,Non-Industry,Other,Chemotherapy,2004
PMID 22564989 a_Summary_SoE.pdf,1.0,3.0,8.0,12.0,15.0,19.0,1.5833333333333333,28.0,1.0,3.0,8.0,12.0,15.0,19.0,1.5833333333333333,28.0,0.0,0.0,0.0,0.0,0.0,0.0,0.0,22564989,2012.0,INDUSTRY,Yes,Thor,Metastatic,Systemic Therapy,"Carcinoma, Non-Small Cell Lung",DRUG: erlotinib|DRUG: sunitinib|DRUG: erlotinib|DRUG: placebo,2012,NCT00457392,Superiority,960,2007-07,2007,Industry,Thor,Targeted Therapy,2007
PMID 22571200 a_Summary_SoE.pdf,1.0,5.0,9.0,15.0,21.0,25.0,2.0833333333333335,28.0,1.0,5.0,9.0,15.0,21.0,25.0,2.0833333333333335,28.0,0.0,0.0,0.0,0.0,0.0,0.0,0.0,22571200,2012.0,INDUSTRY,Yes,Heme,Hematologic,Systemic Therapy,Newly Diagnosed Multiple Myeloma,DRUG: Lenalidomide: Double-blind Induction|DRUG: Melphalan|DRUG: Prednisone|DRUG: Aspirin|DRUG: Placebo|DRUG: Lenalidomide: Double-blind Maintenance|DRUG: Lenalidomide: Open-label,2012,NCT00405756,Superiority,459,2007-01,2007,Industry,Heme,Targeted Therapy,2007
PMID 22571201 a_Summary_SoE.pdf,24.0,4.0,7.0,13.0,16.0,19.0,1.5833333333333333,28.0,24.0,4.0,7.0,13.0,16.0,19.0,1.5833333333333333,28.0,0.0,0.0,0.0,0.0,0.0,0.0,0.0,22571201,2012.0,NIH,No,Heme,Hematologic,Systemic Therapy,DS Stage I Multiple Myeloma|DS Stage II Multiple Myeloma|DS Stage III Multiple Myeloma|Refractory Multiple Myeloma|Smoldering Multiple Myeloma,PROCEDURE: Autologous Hematopoietic Stem Cell Transplantation|OTHER: Laboratory Biomarker Analysis|DRUG: Lenalidomide|DRUG: Melphalan|PROCEDURE: Peripheral Blood Stem Cell Transplantation|OTHER: Placebo Administration,2012,NCT00114101,Superiority,460,12/15/2004,2005,Non-Industry,Heme,Targeted Therapy,2004
PMID 22585697 a_Summary_SoE.pdf,2.0,11.0,23.0,25.0,28.0,31.0,2.5833333333333335,28.0,2.0,11.0,23.0,25.0,28.0,31.0,2.5833333333333335,28.0,0.0,0.0,0.0,0.0,0.0,0.0,0.0,22585697,2012.0,INDUSTRY,Yes,Heme,Hematologic,Systemic Therapy,Acute Myelogenous Leukemia,DRUG: clofarabine (IV formulation)|DRUG: placebo|DRUG: cytarabine,2012,NCT00317642,Superiority,326,2006-08,2006,Industry,Heme,Chemotherapy,2006
PMID 22663011 a_Summary_SoE.pdf,1.0,2.0,5.0,9.0,13.0,19.0,1.5833333333333333,21.0,1.0,2.0,5.0,9.0,13.0,19.0,1.5833333333333333,21.0,0.0,0.0,0.0,0.0,0.0,0.0,0.0,22663011,2012.0,INDUSTRY,Yes,Skin,Metastatic,Systemic Therapy,Melanoma,DRUG: GSK1120212|DRUG: Chemotherapy,2012,NCT01245062,Superiority,322,11/22/2010,2010,Industry,Skin,Other,2010
PMID 22689805 a_Summary_SoE.pdf,1.0,6.0,23.0,41.0,60.0,79.0,6.583333333333333,28.0,1.0,11.0,39.0,76.0,110.0,144.0,12.0,28.0,0.0,-5.0,-16.0,-35.0,-50.0,-65.0,-5.416666666666667,22689805,2012.0,INDUSTRY,Yes,Heme,Hematologic,Systemic Therapy,Acute Myeloid Leukemia,DRUG: Cytarabine or Supportive Care|DRUG: Dacogen (decitabine) only,2012,NCT00260832,Superiority,485,2005-11,2006,Industry,Heme,Chemotherapy,2005
PMID 22735384 a_Summary_SoE.pdf,1.0,3.0,6.0,10.0,14.0,20.0,1.6666666666666667,21.0,1.0,3.0,6.0,10.0,14.0,20.0,1.6666666666666667,21.0,0.0,0.0,0.0,0.0,0.0,0.0,0.0,22735384,2012.0,INDUSTRY,Yes,Skin,Metastatic,Systemic Therapy,Cancer,DRUG: GSK2118436|DRUG: Dacarbazine (DTIC),2012,NCT01227889,Superiority,251,12/23/2010,2010,Industry,Skin,Chemotherapy,2010
PMID 22808955 a_Summary_SoE.pdf,1.0,1.0,3.0,4.0,5.0,6.0,0.5,0.0,1.0,1.0,3.0,4.0,5.0,6.0,0.5,0.0,0.0,0.0,0.0,0.0,0.0,0.0,0.0,22808955,2012.0,FED,No,GU,Non-metastatic,Local Therapy,Prostate Cancer,PROCEDURE: Radical prostatectomy,2012,NCT00007644,Superiority,731,1994-11,1994,Non-Industry,GU,Procedure,1994
PMID 22851564 a_Summary_SoE.pdf,2.0,5.0,13.0,21.0,25.0,30.0,2.5,21.0,2.0,5.0,13.0,21.0,25.0,30.0,2.5,21.0,0.0,0.0,0.0,0.0,0.0,0.0,0.0,22851564,2012.0,INDUSTRY,Yes,Thor,Metastatic,Systemic Therapy,"Carcinoma, Non-Small-Cell Lung","DRUG: Sorafenib (Nexavar, BAY43-9006)|DRUG: Placebo|DRUG: Gemcitabine|DRUG: Cisplatin",2012,NCT00449033,Superiority,904,2007-02,2007,Industry,Thor,Targeted Therapy,2007
PMID 22853014 a_Summary_SoE.pdf,1.0,3.0,5.0,8.0,11.0,15.0,1.25,28.0,1.0,2.0,4.0,7.0,10.0,14.0,1.1666666666666667,28.0,0.0,1.0,1.0,1.0,1.0,1.0,0.0833333333333332,22853014,2012.0,NETWORK,No,Breast,Metastatic,Systemic Therapy,Breast Cancer,DRUG: anastrozole|DRUG: fulvestrant,2012,NCT00075764,Superiority,695,2004-04,2004,Non-Industry,Breast,Endocrine,2004
PMID 22894553 a_Summary_SoE.pdf,1.0,3.0,5.0,8.0,9.0,10.0,0.8333333333333334,28.0,1.0,3.0,5.0,8.0,9.0,10.0,0.8333333333333334,28.0,0.0,0.0,0.0,0.0,0.0,0.0,0.0,22894553,2012.0,INDUSTRY,Yes,GU,Metastatic,Systemic Therapy,Castration-Resistant Prostate Cancer,DRUG: Enzalutamide|DRUG: Placebo,2012,NCT00974311,Superiority,1199,9/30/2009,2009,Industry,GU,Endocrine,2009
PMID 22915657 a_Summary_SoE.pdf,1.0,1.0,1.0,1.0,1.0,1.0,0.0833333333333333,21.0,1.0,1.0,1.0,1.0,1.0,1.0,0.0833333333333333,21.0,0.0,0.0,0.0,0.0,0.0,0.0,0.0,22915657,2012.0,OTHER,No,All,Metastatic,Supportive Care,Nausea,DRUG: aprepitant|DRUG: dexamethasone|DRUG: granisetron hydrochloride|DRUG: palonosetron hydrochloride|DRUG: prochlorperazine|DRUG: placebo,2012,NCT00475085,Superiority,1021,2006-12,2007,Non-Industry,Other,Other,2006
PMID 22949154 a_Summary_SoE.pdf,2.0,2.0,4.0,7.0,8.0,9.0,0.75,28.0,2.0,2.0,4.0,7.0,8.0,9.0,0.75,28.0,0.0,0.0,0.0,0.0,0.0,0.0,0.0,22949154,2012.0,INDUSTRY,Yes,Heme,Hematologic,Systemic Therapy,Chronic Myeloid Leukemia,DRUG: Bosutinib|DRUG: imatinib,2012,NCT00574873,Superiority,502,2/5/2008,2008,Industry,Heme,Other,2008
PMID 22965961 a_Summary_SoE.pdf,1.0,4.0,8.0,14.0,21.0,28.0,2.3333333333333335,14.0,1.0,4.0,8.0,14.0,21.0,28.0,2.3333333333333335,14.0,0.0,0.0,0.0,0.0,0.0,0.0,0.0,22965961,2012.0,INDUSTRY,Yes,GI,Metastatic,Systemic Therapy,Colorectal Cancer,DRUG: Cediranib|DRUG: Bevacizumab|DRUG: 5-fluorouracil ( in FOLFOX)|DRUG: Leucovorin (in FOLFOX)|DRUG: Oxaliplatin (in FOLFOX),2012,NCT00384176,Superiority,1814,8/30/2006,2006,Industry,GI,Targeted Therapy,2006
PMID 22965962 a_Summary_SoE.pdf,2.0,4.0,9.0,18.0,26.0,36.0,3.0,21.0,2.0,4.0,9.0,18.0,26.0,36.0,3.0,21.0,0.0,0.0,0.0,0.0,0.0,0.0,0.0,22965962,2012.0,INDUSTRY,Yes,Thor,Metastatic,Systemic Therapy,Carcinoma|Non Small Cell Lung,"DRUG: Aflibercept (ziv-aflibercept, AVE0005, VEGF trap, ZALTRAPÂ®)|DRUG: Placebo|DRUG: Docetaxel (TaxotereÂ®)|DRUG: Dexamethasone (pre- and post-medication for docetaxel)",2012,NCT00532155,Superiority,913,2007-09,2007,Industry,Thor,Chemotherapy,2007
PMID 22965965 a_Summary_SoE.pdf,1.0,4.0,7.0,11.0,15.0,20.0,1.6666666666666667,21.0,1.0,4.0,7.0,11.0,15.0,20.0,1.6666666666666667,21.0,0.0,0.0,0.0,0.0,0.0,0.0,0.0,22965965,2012.0,INDUSTRY,Yes,GI,Metastatic,Systemic Therapy,Metastatic Colorectal Cancer,"DRUG: Cediranib|DRUG: FOLFOX (5-fluorouracil, Leucovorin, Oxaliplatin)|DRUG: XELOX (Capecitabine and Oxaliplatin)|DRUG: Cediranib Placebo",2012,NCT00399035,Superiority,1254,2006-11,2006,Industry,GI,Targeted Therapy,2006
PMID 22987089 a_Summary_SoE.pdf,1.0,2.0,3.0,3.0,3.0,3.0,0.25,28.0,1.0,2.0,3.0,3.0,3.0,3.0,0.25,28.0,0.0,0.0,0.0,0.0,0.0,0.0,0.0,22987089,2012.0,NETWORK,No,Multiple,Metastatic,Supportive Care,"Fatigue|Unspecified Adult Solid Tumor, Protocol Specific",DIETARY_SUPPLEMENT: levocarnitine|OTHER: placebo,2012,NCT00091169,Superiority,376,12/16/2005,2005,Non-Industry,Multiple,Other,2005
PMID 23075175 a_Summary_SoE.pdf,1.0,11.0,20.0,25.0,27.0,29.0,2.4166666666666665,0.0,1.0,11.0,20.0,25.0,27.0,29.0,2.4166666666666665,0.0,0.0,0.0,0.0,0.0,0.0,0.0,0.0,23075175,2012.0,OTHER,No,Heme,Hematologic,Supportive Care,Leukemia|Myeloproliferative Disorders|Myelodysplastic-Myeloproliferative Diseases,BIOLOGICAL: Allogeneic bone marrow transplantation|BIOLOGICAL: Peripheral blood stem cell transplantation,2012,NCT00075816,Superiority,551,2004-01,2004,Non-Industry,Heme,Targeted Therapy,2004
PMID 23177515 a_Summary_SoE.pdf,1.0,0.0,0.0,0.0,0.0,0.0,0.0,,1.0,0.0,0.0,0.0,0.0,0.0,0.0,,0.0,0.0,0.0,0.0,0.0,0.0,0.0,23177515,2013.0,INDUSTRY,Yes,GI,Metastatic,Systemic Therapy,Gastrointestinal Stromal Tumors,"DRUG: Regorafenib (Stivarga, BAY73-4506)|DRUG: Placebo|DRUG: Best supportive care",2013,NCT01271712,Superiority,199,1/4/2011,2011,Industry,GI,Targeted Therapy,2011
PMID 23228172 a_Summary_SoE.pdf,1.0,3.0,7.0,10.0,13.0,17.0,1.4166666666666667,28.0,1.0,3.0,7.0,10.0,13.0,17.0,1.4166666666666667,28.0,0.0,0.0,0.0,0.0,0.0,0.0,0.0,23228172,2013.0,INDUSTRY,Yes,GU,Metastatic,Systemic Therapy,Prostate Cancer,DRUG: Abiraterone acetate|DRUG: Placebo|DRUG: Prednisone,2013,NCT00887198,Superiority,1088,4/28/2009,2009,Industry,GU,Endocrine,2009
PMID 23234763 a_Summary_SoE.pdf,1.0,1.0,1.0,1.0,1.0,1.0,0.0833333333333333,90.0,1.0,1.0,1.0,1.0,1.0,1.0,0.0833333333333333,90.0,0.0,0.0,0.0,0.0,0.0,0.0,0.0,23234763,2013.0,INDUSTRY,Yes,Breast,Non-metastatic,Systemic Therapy,"Neoplasms, Breast",DRUG: lapatinib|OTHER: placebo,2013,NCT00374322,Superiority,3166,2006-08,2006,Industry,Breast,Targeted Therapy,2006
PMID 23248256 a_Summary_SoE.pdf,2.0,2.0,5.0,9.0,13.0,18.0,1.5,21.0,2.0,2.0,5.0,9.0,13.0,18.0,1.5,21.0,0.0,0.0,0.0,0.0,0.0,0.0,0.0,23248256,2013.0,NIH,No,Skin,Metastatic,Systemic Therapy,Mucosal Melanoma|Recurrent Melanoma|Stage IIIA Skin Melanoma|Stage IIIB Skin Melanoma|Stage IIIC Skin Melanoma|Stage IV Skin Melanoma,DRUG: Carboplatin|OTHER: Laboratory Biomarker Analysis|DRUG: Paclitaxel|OTHER: Pharmacological Study|OTHER: Placebo|DRUG: Sorafenib Tosylate,2013,NCT00110019,Superiority,823,2005-06,2005,Non-Industry,Skin,Targeted Therapy,2005
PMID 23295789 a_Summary_SoE.pdf,2.0,5.0,10.0,18.0,18.0,19.0,1.5833333333333333,28.0,2.0,5.0,10.0,16.0,17.0,18.0,1.5,28.0,0.0,0.0,0.0,2.0,1.0,1.0,0.0833333333333332,23295789,2013.0,OTHER,No,Heme,Hematologic,Systemic Therapy,"Lymphoma, Mucosa-Associated Lymphoid Tissue",DRUG: chlorambucil (drug)|DRUG: rituximab+chlorambucil|DRUG: rituximab,2013,NCT00210353,Superiority,454,2003-01,2003,Non-Industry,Heme,Targeted Therapy,2003
PMID 23295793 a_Summary_SoE.pdf,1.0,1.0,2.0,3.0,3.0,4.0,0.3333333333333333,1.0,1.0,1.0,2.0,3.0,3.0,4.0,0.3333333333333333,1.0,0.0,0.0,0.0,0.0,0.0,0.0,0.0,23295793,2013.0,INDUSTRY,Yes,GU,Non-metastatic,Systemic Therapy,Preneoplastic Conditions|Prostatic Intraepithelial Neoplasia,DRUG: Toremifene 20 mg|DRUG: Placebo,2013,NCT00106691,Superiority,1589,2005-01,2005,Industry,GU,Other,2005
PMID 23358971 a_Summary_SoE.pdf,1.0,1.0,2.0,3.0,4.0,5.0,0.4166666666666667,1.0,1.0,1.0,2.0,3.0,4.0,5.0,0.4166666666666667,1.0,0.0,0.0,0.0,0.0,0.0,0.0,0.0,23358971,2013.0,NETWORK,Yes,Breast,Non-metastatic,Systemic Therapy,Breast Cancer,DRUG: anastrozole|DRUG: exemestane,2013,NCT00066573,Superiority,7576,6/6/2003,2003,Industry,Breast,Endocrine,2003
PMID 23358972_Summary_SoE.pdf,2.0,5.0,9.0,15.0,22.0,29.0,2.4166666666666665,42.0,2.0,5.0,9.0,15.0,22.0,29.0,2.4166666666666665,42.0,0.0,0.0,0.0,0.0,0.0,0.0,0.0,23358972,2013.0,INDUSTRY,Yes,GI,Metastatic,Systemic Therapy,Metastatic Colorectal Cancer,DRUG: 5 fluorouracil|DRUG: irinotecan|DRUG: levo- leucovorin|DRUG: sunitinib|DRUG: 5 fluorouracil|DRUG: irinotecan|DRUG: levo- leucovorin|DRUG: placebo,2013,NCT00457691,Superiority,768,2007-06,2007,Industry,GI,Targeted Therapy,2007
PMID 23460714 a_Summary_SoE.pdf,2.0,4.0,10.0,20.0,30.0,40.0,3.3333333333333335,28.0,2.0,4.0,10.0,20.0,30.0,40.0,3.3333333333333335,28.0,0.0,0.0,0.0,0.0,0.0,0.0,0.0,23460714,2013.0,NIH,Yes,HN,Metastatic,Systemic Therapy,Recurrent Head and Neck Cancer|Metastatic Head and Neck Cancer,DRUG: docetaxel|OTHER: placebo|DRUG: gefitinib,2013,NCT00088907,Superiority,270,2004-08,2004,Industry,HN,Targeted Therapy,2004
PMID 23478059 a_Summary_SoE.pdf,1.0,3.0,5.0,8.0,12.0,15.0,1.25,28.0,1.0,3.0,5.0,8.0,12.0,15.0,1.25,28.0,0.0,0.0,0.0,0.0,0.0,0.0,0.0,23478059,2013.0,INDUSTRY,Yes,GYN,Metastatic,Systemic Therapy,Ovarian Cancer,BIOLOGICAL: Abagovomab|BIOLOGICAL: Placebo,2013,NCT00418574,Superiority,888,2006-12,2006,Industry,GYN,Targeted Therapy,2006
PMID 23509322 a_Summary_SoE.pdf,1.0,4.0,10.0,19.0,20.0,22.0,1.8333333333333333,28.0,1.0,4.0,10.0,19.0,20.0,22.0,1.8333333333333333,28.0,0.0,0.0,0.0,0.0,0.0,0.0,0.0,23509322,2013.0,INDUSTRY,Yes,Breast,Metastatic,Systemic Therapy,"Neoplasms, Breast",DRUG: Lapatinib (GW572016) oral tablets|DRUG: Paclitaxel infusion|DRUG: Placebo,2013,NCT00281658,Superiority,444,1/2/2006,2006,Industry,Breast,Targeted Therapy,2006
PMID 23569308 a_Summary_SoE.pdf,1.0,5.0,9.0,13.0,16.0,21.0,1.75,21.0,1.0,5.0,9.0,13.0,16.0,21.0,1.75,21.0,0.0,0.0,0.0,0.0,0.0,0.0,0.0,23569308,2013.0,INDUSTRY,Yes,GU,Metastatic,Systemic Therapy,Prostate Cancer,DRUG: Docetaxel|DRUG: ZD4054|DRUG: Placebo,2013,NCT00617669,Superiority,1494,2008-01,2008,Industry,GU,Chemotherapy,2008
PMID 23690416 a_Summary_SoE.pdf,2.0,4.0,11.0,17.0,19.0,21.0,1.75,28.0,2.0,4.0,9.0,13.0,15.0,17.0,1.4166666666666667,21.0,0.0,0.0,2.0,4.0,4.0,4.0,0.3333333333333332,23690416,2013.0,OTHER,Yes,Thor,Metastatic,Systemic Therapy,Non-Small Cell Lung Cancer,DRUG: Docetaxel|DRUG: Vinorelbine|DRUG: Carboplatin|DRUG: Gemcitabine,2013,NCT00499109,Superiority,275,2007-05,2007,Industry,Thor,Chemotherapy,2007
PMID 23724913 a_Summary_SoE.pdf,1.0,3.0,6.0,10.0,14.0,19.0,1.5833333333333333,21.0,1.0,3.0,6.0,10.0,14.0,19.0,1.5833333333333333,21.0,0.0,0.0,0.0,0.0,0.0,0.0,0.0,23724913,2013.0,INDUSTRY,Yes,Thor,Metastatic,Systemic Therapy,"Carcinoma, Non-Small-Cell Lung",DRUG: PF-02341066|DRUG: Pemetrexed|DRUG: Docetaxel,2013,NCT00932893,Superiority,347,2009-09,2010,Industry,Thor,Chemotherapy,2009
PMID 23733756 a_Summary_SoE.pdf,1.0,5.0,12.0,13.0,14.0,15.0,1.25,7.0,1.0,5.0,12.0,13.0,14.0,15.0,1.25,7.0,0.0,0.0,0.0,0.0,0.0,0.0,0.0,23733756,2013.0,NETWORK,No,Breast,Non-metastatic,Supportive Care,Breast Cancer|Chemotherapeutic Agent Toxicity|Fatigue|Neuropathy|Neurotoxicity,DIETARY_SUPPLEMENT: acetyl-L-carnitine hydrochloride|OTHER: placebo,2013,NCT00775645,Superiority,437,2009-09,2009,Non-Industry,Breast,Other,2009
PMID 23733779 a_Summary_SoE.pdf,2.0,2.0,5.0,13.0,14.0,15.0,1.25,21.0,2.0,2.0,5.0,7.0,8.0,9.0,0.75,21.0,0.0,0.0,0.0,6.0,6.0,6.0,0.5,23733779,2013.0,OTHER,No,Breast,Non-metastatic,Systemic Therapy,Breast Cancer,DRUG: Fluorouracil|DRUG: Doxorubicin|DRUG: Cyclophosphamide|DRUG: Paclitaxel,2013,NCT00129389,Superiority,1925,9/19/2003,2003,Non-Industry,Breast,Chemotherapy,2003
PMID 23816960 a_Summary_SoE.pdf,2.0,4.0,7.0,11.0,15.0,20.0,1.6666666666666667,21.0,2.0,4.0,7.0,11.0,15.0,20.0,1.6666666666666667,21.0,0.0,0.0,0.0,0.0,0.0,0.0,0.0,23816960,2013.0,INDUSTRY,Yes,Thor,Metastatic,Systemic Therapy,"Carcinoma, Non-Small-Cell Lung|Adenocarcinoma",DRUG: Pemetrexed|DRUG: BIBW 2992|DRUG: Cisplatin,2013,NCT00949650,Superiority,345,8/14/2009,2009,Industry,Thor,Chemotherapy,2009
PMID 23835708 a_Summary_SoE.pdf,1.0,2.0,5.0,9.0,13.0,18.0,1.5,21.0,1.0,2.0,5.0,9.0,13.0,18.0,1.5,21.0,0.0,0.0,0.0,0.0,0.0,0.0,0.0,23835708,2013.0,INDUSTRY,Yes,Thor,Metastatic,Systemic Therapy,Non-Squamous Non-Small Cell Lung Cancer,DRUG: bevacizumab [Avastin]|DRUG: cisplatin|DRUG: pemetrexed,2013,NCT00961415,Superiority,376,2009-08,2009,Industry,Thor,Targeted Therapy,2009
PMID 23857972 a_Summary_SoE.pdf,1.0,4.0,7.0,11.0,15.0,20.0,1.6666666666666667,21.0,1.0,4.0,7.0,11.0,15.0,20.0,1.6666666666666667,21.0,0.0,0.0,0.0,0.0,0.0,0.0,0.0,23857972,2013.0,INDUSTRY,Yes,Breast,Metastatic,Systemic Therapy,Breast Neoplasms,DRUG: Sunitinib + Capecitabine|DRUG: Capecitabine,2013,NCT00435409,Superiority,442,2007-02,2007,Industry,Breast,Targeted Therapy,2007
PMID 23863050 a_Summary_SoE.pdf,2.0,3.0,5.0,8.0,9.0,11.0,0.9166666666666666,28.0,2.0,3.0,5.0,8.0,9.0,11.0,0.9166666666666666,28.0,0.0,0.0,0.0,0.0,0.0,0.0,0.0,23863050,2013.0,INDUSTRY,Yes,GU,Metastatic,Local Therapy,Hormone Refractory Prostate Cancer|Bone Metastases,"DRUG: Radium-223 dichloride (Xofigo, BAY88-8223)|DRUG: Placebo|DRUG: Best standard of care (BSoC)",2013,NCT00699751,Superiority,921,2008-06,2008,Industry,GU,Radiation,2008
PMID 23940216 a_Summary_SoE.pdf,1.0,5.0,9.0,13.0,17.0,22.0,1.8333333333333333,42.0,1.0,5.0,9.0,13.0,17.0,22.0,1.8333333333333333,42.0,0.0,0.0,0.0,0.0,0.0,0.0,0.0,23940216,2013.0,INDUSTRY,Yes,CNS,Solid M0,Systemic Therapy,Recurrent Glioblastoma,DRUG: Cediranib|DRUG: Cediranib|DRUG: Lomustine Chemotherapy|DRUG: Placebo Cediranib,2013,NCT00777153,Superiority,423,2008-10,2008,Industry,CNS,Targeted Therapy,2008
PMID 23940225 a_Summary_SoE.pdf,3.0,6.0,10.0,12.0,12.0,13.0,1.0833333333333333,14.0,3.0,4.0,8.0,10.0,10.0,11.0,0.9166666666666666,21.0,0.0,2.0,2.0,2.0,2.0,2.0,0.1666666666666666,23940225,2013.0,NETWORK,No,Breast,Non-metastatic,Systemic Therapy,Breast Cancer,DRUG: Cyclophosphamide|DRUG: Docetaxel|DRUG: Gemcitabine|DRUG: Paclitaxel|DRUG: Doxorubicin,2013,NCT00093795,Superiority,4894,2004-10,2004,Non-Industry,Breast,Chemotherapy,2004
PMID 23960180 a_Summary_SoE.pdf,2.0,6.0,18.0,25.0,27.0,29.0,2.4166666666666665,28.0,2.0,6.0,18.0,25.0,26.0,27.0,2.25,28.0,0.0,0.0,0.0,0.0,1.0,2.0,0.1666666666666665,23960180,2013.0,INDUSTRY,Yes,Heme,Hematologic,Systemic Therapy,Non-Hodgkin's Lymphoma,DRUG: rituximab [Mabthera/Rituxan],2013,NCT01144364,Superiority,234,1/19/2004,2004,Industry,Heme,Targeted Therapy,2004
PMID 23980091 a_Summary_SoE.pdf,1.0,1.0,2.0,3.0,4.0,5.0,0.4166666666666667,,1.0,1.0,2.0,3.0,4.0,5.0,0.4166666666666667,,0.0,0.0,0.0,0.0,0.0,0.0,0.0,23980091,2013.0,NIH,No,Thor,Non-metastatic,Systemic Therapy,Adenocarcinoma of the Lung|Adenosquamous Cell Lung Cancer|Bronchoalveolar Cell Lung Cancer|Large Cell Lung Cancer|Squamous Cell Lung Cancer|Stage IB Non-small Cell Lung Cancer|Stage IIA Non-small Cell Lung Cancer|Stage IIB Non-small Cell Lung Cancer|Stage IIIA Non-small Cell Lung Cancer,DRUG: gefitinib|OTHER: placebo|OTHER: laboratory biomarker analysis,2013,NCT00049543,Superiority,503,2002-09,2002,Non-Industry,Thor,Targeted Therapy,2002
PMID 24043745 a_Summary_SoE.pdf,2.0,3.0,6.0,10.0,14.0,19.0,1.5833333333333333,28.0,2.0,3.0,6.0,10.0,14.0,19.0,1.5833333333333333,28.0,0.0,0.0,0.0,0.0,0.0,0.0,0.0,24043745,2013.0,INDUSTRY,Yes,GI,Metastatic,Systemic Therapy,Advanced Gastric Cancer,DRUG: Everolimus|DRUG: Everolimus placebo|DRUG: Best Supportive Care (BSC),2013,NCT00879333,Superiority,656,2009-07,2009,Industry,GI,Targeted Therapy,2009
PMID 24081940 a_Summary_SoE.pdf,1.0,1.0,1.0,1.0,1.0,1.0,0.0833333333333333,0.0,1.0,1.0,1.0,1.0,1.0,1.0,0.0833333333333333,0.0,0.0,0.0,0.0,0.0,0.0,0.0,0.0,24081940,2013.0,OTHER,No,GU,Metastatic,Supportive Care,Hot Flashes|Prostate Cancer,DIETARY_SUPPLEMENT: oral soy protein/isoflavones powder|DRUG: Venlafaxine|DIETARY_SUPPLEMENT: Placebo Powder|DRUG: Placebo Pill,2013,NCT00354432,Superiority,120,2/1/2007,2007,Non-Industry,GU,Other,2007
PMID 24101040 a_Summary_SoE.pdf,2.0,22.0,34.0,46.0,56.0,63.0,5.25,28.0,2.0,22.0,33.0,44.0,52.0,54.0,4.5,28.0,0.0,0.0,1.0,2.0,4.0,9.0,0.75,24101040,2013.0,NETWORK,No,CNS,Non-metastatic,Systemic Therapy,Brain and Central Nervous System Tumors,DRUG: Concurrent temozolomide|RADIATION: Concurrent radiation therapy|DRUG: 100mg/m2 adjuvant temozolomide days 1 to 5 of 28 day cycle|DRUG: 75mg/m2 adjuvant temozolomide days 1-21 of 28 day cycle,2013,NCT00304031,Superiority,1173,2006-01,2006,Non-Industry,CNS,Chemotherapy,2006
PMID 24101054 a_Summary_SoE.pdf,1.0,2.0,6.0,10.0,14.0,19.0,1.5833333333333333,21.0,1.0,2.0,6.0,10.0,14.0,19.0,1.5833333333333333,21.0,0.0,0.0,0.0,0.0,0.0,0.0,0.0,24101054,2013.0,INDUSTRY,Yes,Thor,Metastatic,Systemic Therapy,Non-Small Cell Lung Cancer,DRUG: bevacizumab|DRUG: placebo|DRUG: erlotinib HCl,2013,NCT00257608,Superiority,1145,2006-01,2006,Industry,Thor,Targeted Therapy,2006
PMID 24131140 a_Summary_SoE.pdf,1.0,5.0,11.0,21.0,31.0,42.0,3.5,28.0,1.0,5.0,12.0,22.0,32.0,42.0,3.5,28.0,0.0,0.0,-1.0,-1.0,-1.0,0.0,0.0,24131140,2013.0,INDUSTRY,Yes,GI,Metastatic,Systemic Therapy,Metastatic Pancreatic Cancer,DRUG: Albumin-bound paclitaxel (ABI-007)|DRUG: Gemcitabine,2013,NCT00844649,Superiority,861,3/1/2009,2009,Industry,GI,Chemotherapy,2009
PMID 24145346 a_Summary_SoE.pdf,1.0,5.0,13.0,17.0,21.0,26.0,2.1666666666666665,21.0,1.0,5.0,13.0,17.0,21.0,26.0,2.1666666666666665,21.0,0.0,0.0,0.0,0.0,0.0,0.0,0.0,24145346,2013.0,INDUSTRY,Yes,Thor,Metastatic,Systemic Therapy,Non-small Cell Lung Cancer,DRUG: Pemetrexed|DRUG: Pemetrexed|DRUG: Paclitaxel|DRUG: Carboplatin|BIOLOGICAL: Bevacizumab|BIOLOGICAL: Bevacizumab,2013,NCT00762034,Superiority,939,2008-12,2008,Industry,Thor,Targeted Therapy,2008
PMID 24297945 a_Summary_SoE.pdf,2.0,5.0,13.0,26.0,39.0,53.0,4.416666666666667,28.0,2.0,5.0,13.0,26.0,39.0,53.0,4.416666666666667,28.0,0.0,0.0,0.0,0.0,0.0,0.0,0.0,24297945,2014.0,INDUSTRY,Yes,GU,Metastatic,Systemic Therapy,Renal Cell Carcinoma,DRUG: Bevacizumab|DRUG: Temsirolimus|DRUG: Bevacizumab|DRUG: Interferon-Alfa 9MU,2014,NCT00631371,Superiority,791,2008-04,2008,Industry,GU,Immunotherapy,2008
PMID 24297950 a_Summary_SoE.pdf,1.0,5.0,13.0,26.0,39.0,53.0,4.416666666666667,42.0,1.0,3.0,7.0,13.0,20.0,27.0,2.25,42.0,0.0,2.0,6.0,13.0,19.0,26.0,2.166666666666667,24297950,2014.0,INDUSTRY,Yes,GU,Metastatic,Systemic Therapy,Renal Cell Carcinoma,DRUG: Sorafenib|DRUG: temsirolimus (Torisel),2014,NCT00474786,Superiority,512,2007-09,2007,Industry,GU,Targeted Therapy,2007
PMID 24297951 a_Summary_SoE.pdf,1.0,3.0,7.0,13.0,14.0,15.0,1.25,14.0,1.0,3.0,7.0,13.0,14.0,15.0,1.25,14.0,0.0,0.0,0.0,0.0,0.0,0.0,0.0,24297951,2014.0,OTHER,No,GI,Non-metastatic,Supportive Care,Chemotherapeutic Agent Toxicity|Colorectal Cancer|Neuropathy|Neurotoxicity,DRUG: calcium gluconate|DRUG: magnesium sulfate|OTHER: placebo|DRUG: oxaliplatin,2014,NCT01099449,Other,362,2010-06,2010,Non-Industry,GI,Chemotherapy,2010
PMID 24323035 a_Summary_SoE.pdf,1.0,3.0,5.0,8.0,11.0,15.0,1.25,28.0,1.0,3.0,5.0,8.0,11.0,15.0,1.25,28.0,0.0,0.0,0.0,0.0,0.0,0.0,0.0,24323035,2014.0,INDUSTRY,Yes,GU,Metastatic,Systemic Therapy,Prostatic Neoplasms,DRUG: Prednisone|DRUG: sunitinib|DRUG: Placebo|DRUG: Prednisone,2014,NCT00676650,Superiority,873,2008-07,2008,Industry,GU,Targeted Therapy,2008
PMID 24395863 a_Summary_SoE.pdf,2.0,22.0,41.0,42.0,43.0,44.0,3.6666666666666665,7.0,2.0,22.0,41.0,42.0,43.0,44.0,3.6666666666666665,7.0,0.0,0.0,0.0,0.0,0.0,0.0,0.0,24395863,2014.0,NIH,No,GYN,Non-metastatic,Systemic Therapy,Cervical Adenocarcinoma|Cervical Adenosquamous Cell Carcinoma|Cervical Squamous Cell Carcinoma|Stage IB Cervical Cancer|Stage IIA Cervical Cancer|Stage IIB Cervical Cancer|Stage III Cervical Cancer|Stage IVA Cervical Cancer,DRUG: cisplatin|DRUG: tirapazamine,2016,NCT00262821,Superiority,402,2006-02,2006,Non-Industry,GYN,Chemotherapy,2006
PMID 24401022 a_Summary_SoE.pdf,1.0,5.0,9.0,14.0,16.0,17.0,1.4166666666666667,28.0,1.0,3.0,7.0,12.0,14.0,15.0,1.25,28.0,0.0,2.0,2.0,2.0,2.0,2.0,0.1666666666666667,24401022,2014.0,INDUSTRY,Yes,Heme,Hematologic,Systemic Therapy,"Lymphocytic Leukemia, Chronic",DRUG: obinutuzumab|DRUG: rituximab|DRUG: chlorambucil,2014,NCT01998880,Superiority,787,12/22/2009,2010,Industry,Heme,Targeted Therapy,2009
PMID 24439929 CT_Summary_SoE.pdf,2.0,4.0,7.0,11.0,15.0,20.0,1.6666666666666667,21.0,2.0,4.0,9.0,15.0,19.0,24.0,2.0,21.0,0.0,0.0,-2.0,-4.0,-4.0,-4.0,-0.3333333333333332,24439929,2014.0,INDUSTRY,Yes,Thor,Non-metastatic,Systemic Therapy,"Carcinoma, Non-Small-Cell Lung|Adenocarcinoma",DRUG: Gemcitabine+Cisplatin|DRUG: BIBW 2992,2014,NCT01121393,Superiority,364,4/19/2010,2010,Industry,Thor,Chemotherapy,2010
PMID 24450857 a_Summary_SoE.pdf,1.0,3.0,7.0,10.0,12.0,14.0,1.1666666666666667,0.0,1.0,3.0,7.0,10.0,12.0,14.0,1.1666666666666667,0.0,0.0,0.0,0.0,0.0,0.0,0.0,0.0,24450857,2014.0,INDUSTRY,Yes,Heme,Hematologic,Systemic Therapy,Chronic Lymphocytic Leukemia,DRUG: Idelalisib|DRUG: Rituximab|DRUG: Placebo to match idelalisib,2014,NCT01539512,Superiority,220,2012-04,2012,Industry,Heme,Targeted Therapy,2012
PMID 24552317 a_Summary_SoE.pdf,2.0,22.0,33.0,44.0,54.0,64.0,5.333333333333333,28.0,2.0,22.0,33.0,44.0,54.0,64.0,5.333333333333333,28.0,0.0,0.0,0.0,0.0,0.0,0.0,0.0,24552317,2014.0,NIH,No,CNS,Solid M0,Systemic Therapy,Glioblastoma|Gliosarcoma|Supratentorial Glioblastoma,RADIATION: 3-Dimensional Conformal Radiation Therapy|BIOLOGICAL: Bevacizumab|RADIATION: Intensity-Modulated Radiation Therapy|OTHER: Laboratory Biomarker Analysis|OTHER: Placebo|OTHER: Quality-of-Life Assessment|DRUG: Temozolomide,2014,NCT00884741,Superiority,637,4/15/2009,2009,Non-Industry,CNS,Targeted Therapy,2009
PMID 24552318 a_Summary_SoE.pdf,2.0,22.0,33.0,39.0,45.0,50.0,4.166666666666667,28.0,2.0,22.0,33.0,39.0,45.0,50.0,4.166666666666667,28.0,0.0,0.0,0.0,0.0,0.0,0.0,0.0,24552318,2014.0,INDUSTRY,Yes,CNS,Solid M0,Systemic Therapy,Glioblastoma,DRUG: Bevacizumab|DRUG: Temozolomide|RADIATION: Radiation therapy|DRUG: Placebo,2014,NCT00943826,Superiority,921,6/29/2009,2009,Industry,CNS,Targeted Therapy,2009
PMID 24552320 a_Summary_SoE.pdf,2.0,7.0,20.0,39.0,58.0,79.0,6.583333333333333,21.0,2.0,7.0,18.0,35.0,52.0,71.0,5.916666666666667,21.0,0.0,0.0,2.0,4.0,6.0,8.0,0.6666666666666661,24552320,2014.0,NIH,No,GYN,Metastatic,Systemic Therapy,Cervical Adenocarcinoma|Cervical Adenosquamous Carcinoma|Cervical Squamous Cell Carcinoma|Recurrent Cervical Carcinoma|Stage IVB Cervical Cancer,BIOLOGICAL: Bevacizumab|DRUG: Cisplatin|OTHER: Laboratory Biomarker Analysis|DRUG: Paclitaxel|OTHER: Quality-of-Life Assessment|OTHER: Questionnaire Administration|DRUG: Topotecan Hydrochloride,2014,NCT00803062,Superiority,452,2009-04,2009,Non-Industry,GYN,Targeted Therapy,2009
PMID 24590644 a_Summary_SoE.pdf,2.0,2.0,4.0,7.0,10.0,14.0,1.1666666666666667,28.0,2.0,2.0,4.0,7.0,10.0,14.0,1.1666666666666667,28.0,0.0,0.0,0.0,0.0,0.0,0.0,0.0,24590644,2014.0,OTHER,No,GU,Metastatic,Supportive Care,Metastatic Cancer|Prostate Cancer,DRUG: zoledronic acid|OTHER: placebo|DRUG: androgen deprivation therapy|DRUG: GnRH agonist|DIETARY_SUPPLEMENT: Calcium supplement|DIETARY_SUPPLEMENT: Vitamin D,2014,NCT00079001,Superiority,645,2004-01,2004,Non-Industry,GU,Other,2004
PMID 24637997 a_Summary_SoE.pdf,2.0,5.0,13.0,26.0,39.0,53.0,4.416666666666667,28.0,2.0,5.0,13.0,26.0,39.0,53.0,4.416666666666667,28.0,0.0,0.0,0.0,0.0,0.0,0.0,0.0,24637997,2014.0,INDUSTRY,Yes,GYN,Metastatic,Systemic Therapy,Ovarian Cancer,DRUG: Bevacizumab|DRUG: liposomal doxorubicin|DRUG: paclitaxel|DRUG: topotecan,2014,NCT00976911,Superiority,361,10/29/2009,2009,Industry,GYN,Targeted Therapy,2009
PMID 24733799 a_Summary_SoE.pdf,1.0,6.0,11.0,11.0,11.0,11.0,0.9166666666666666,7.0,1.0,6.0,11.0,11.0,11.0,11.0,0.9166666666666666,7.0,0.0,0.0,0.0,0.0,0.0,0.0,0.0,24733799,2014.0,OTHER,No,HN,NS,Supportive Care,Head and Neck Cancer|Mucositis|Oral Complications of Radiation Therapy|Pain,DRUG: doxepin hydrochloride|OTHER: placebo,2014,NCT01156142,Superiority,155,2010-12,2010,Non-Industry,HN,Other,2010
PMID 24768112 a_Summary_SoE.pdf,1.0,1.0,2.0,4.0,5.0,7.0,0.5833333333333334,56.0,1.0,1.0,2.0,4.0,5.0,7.0,0.5833333333333334,56.0,0.0,0.0,0.0,0.0,0.0,0.0,0.0,24768112,2014.0,INDUSTRY,Yes,HN,Metastatic,Systemic Therapy,Thyroid Neoplasms,"DRUG: Sorafenib (Nexavar, BAY43-9006)|DRUG: Placebo",2014,NCT00984282,Superiority,417,10/15/2009,2009,Industry,HN,Targeted Therapy,2009
PMID 24868024 a_Summary_SoE.pdf,1.0,4.0,10.0,20.0,30.0,40.0,3.3333333333333335,28.0,1.0,4.0,10.0,20.0,30.0,40.0,3.3333333333333335,28.0,0.0,0.0,0.0,0.0,0.0,0.0,0.0,24868024,2014.0,INDUSTRY,Yes,GI,Metastatic,Systemic Therapy,"Neoplasms, Gastrointestinal Tract",DRUG: Lapatinib|DRUG: Paclitaxel,2014,NCT00486954,Superiority,273,2007-07,2008,Industry,GI,Targeted Therapy,2007
PMID 24881463 a_Summary_SoE.pdf,1.0,2.0,4.0,7.0,10.0,14.0,1.1666666666666667,28.0,1.0,1.0,2.0,3.0,4.0,5.0,0.4166666666666667,45.0,0.0,1.0,2.0,4.0,6.0,9.0,0.75,24881463,2014.0,NETWORK,Yes,Breast,Non-metastatic,Systemic Therapy,Breast Cancer,DRUG: exemestane|DRUG: tamoxifen|DRUG: triptorelin,2014,NCT00066703,Superiority,2672,11/3/2003,2003,Industry,Breast,Endocrine,2003
PMID 24881631 a_Summary_SoE.pdf,2.0,5.0,9.0,12.0,13.0,14.0,1.1666666666666667,7.0,2.0,5.0,9.0,13.0,14.0,15.0,1.25,7.0,0.0,0.0,0.0,-1.0,-1.0,-1.0,-0.0833333333333332,24881631,2014.0,INDUSTRY,Yes,Heme,Hematologic,Systemic Therapy,Relapsed or Refractory Chronic Lymphocytic Leukemia|Small Lymphocytic Lymphoma,DRUG: ofatumumab|DRUG: ibrutinib,2014,NCT01578707,Superiority,391,2012-06,2012,Industry,Heme,Targeted Therapy,2012
PMID 24881730 a_Summary_SoE.pdf,1.0,2.0,4.0,7.0,8.0,9.0,0.75,28.0,1.0,2.0,4.0,7.0,8.0,9.0,0.75,28.0,0.0,0.0,0.0,0.0,0.0,0.0,0.0,24881730,2014.0,INDUSTRY,Yes,GU,Metastatic,Systemic Therapy,Prostate Cancer,DRUG: Enzalutamide|DRUG: Placebo,2014,NCT01212991,Superiority,1717,9/16/2010,2010,Industry,GU,Endocrine,2010
PMID 24888818 a_Summary_SoE.pdf,1.0,3.0,5.0,6.0,7.0,8.0,0.6666666666666666,21.0,1.0,1.0,2.0,3.0,4.0,5.0,0.4166666666666667,21.0,0.0,2.0,3.0,3.0,3.0,3.0,0.2499999999999999,24888818,2014.0,NETWORK,No,Breast,Metastatic,Systemic Therapy,Breast Cancer,DRUG: chemotherapy,2014,NCT00382018,Superiority,624,2006-10,2006,Non-Industry,Breast,Other,2006
PMID 24898665 CT_Summary_SoE.pdf,2.0,7.0,15.0,16.0,17.0,19.0,1.5833333333333333,14.0,1.0,5.0,13.0,14.0,15.0,17.0,1.4166666666666667,7.0,1.0,2.0,2.0,2.0,2.0,2.0,0.1666666666666665,24898665,2015.0,INDUSTRY,Yes,Heme,Hematologic,Systemic Therapy,"Lymphoma, Non-Hodgkin",BIOLOGICAL: Tositumomab and Iodine I 131 Tositumomab|BIOLOGICAL: Rituximab,2014,NCT00268983,Superiority,14,2004-10,2004,Industry,Heme,Targeted Therapy,2004
PMID 24933332 a_Summary_SoE.pdf,2.0,2.0,5.0,9.0,13.0,18.0,1.5,21.0,2.0,2.0,5.0,9.0,13.0,18.0,1.5,21.0,0.0,0.0,0.0,0.0,0.0,0.0,0.0,24933332,2014.0,INDUSTRY,Yes,Thor,Metastatic,Systemic Therapy,Non-Small Cell Lung Cancer,BIOLOGICAL: Ramucirumab|DRUG: Placebo (for Ramucirumab)|DRUG: Docetaxel,2014,NCT01168973,Superiority,1253,2010-12,2010,Industry,Thor,Targeted Therapy,2010
PMID 24934787 a_Summary_SoE.pdf,2.0,3.0,5.0,6.0,6.0,7.0,0.5833333333333334,14.0,2.0,3.0,5.0,6.0,6.0,7.0,0.5833333333333334,14.0,0.0,0.0,0.0,0.0,0.0,0.0,0.0,24934787,2014.0,OTHER,No,Breast,Non-metastatic,Systemic Therapy,Breast Cancer,DRUG: AC regimen|DRUG: cyclophosphamide|DRUG: doxorubicin hydrochloride|DRUG: paclitaxel,2014,NCT00041119,Other,3871,2002-05,2002,Non-Industry,Breast,Chemotherapy,2002
PMID 24982457 a_Summary_SoE.pdf,1.0,2.0,3.0,4.0,4.0,5.0,0.4166666666666667,0.0,1.0,1.0,2.0,3.0,3.0,4.0,0.3333333333333333,0.0,0.0,1.0,1.0,1.0,1.0,1.0,0.0833333333333333,24982457,2014.0,OTHER,No,Thor,Non-metastatic,Local Therapy,Lung Cancer,PROCEDURE: surgery|RADIATION: brachytherapy,2014,NCT00107172,Superiority,224,2005-07,2005,Non-Industry,Thor,Radiation,2005
PMID 24982504 CT_Summary_SoE.pdf,2.0,20.0,28.0,32.0,33.0,34.0,2.8333333333333335,0.0,2.0,20.0,28.0,32.0,33.0,34.0,2.8333333333333335,0.0,0.0,0.0,0.0,0.0,0.0,0.0,0.0,24982504,2014.0,OTHER,No,Heme,Hematologic,Supportive Care,"Leukemia, Myelocytic, Acute|Leukemia, Lymphocytic, Acute|Leukemia, Myeloid, Chronic|Myelodysplastic Syndromes",DRUG: Tacrolimus|DRUG: Methotrexate|DRUG: Sirolimus,2014,NCT00406393,Superiority,304,2006-11,2006,Non-Industry,Heme,Chemotherapy,2006
PMID 25014687 a_Summary_SoE.pdf,3.0,4.0,6.0,11.0,14.0,18.0,1.5,28.0,3.0,4.0,6.0,11.0,14.0,18.0,1.5,28.0,0.0,0.0,0.0,0.0,0.0,0.0,0.0,25014687,2014.0,INDUSTRY,Yes,GI,Metastatic,Systemic Therapy,Endocrine Tumors,DRUG: lanreotide (Autogel formulation)|DRUG: Placebo,2014,NCT00353496,Superiority,264,2006-06,2006,Industry,GI,Endocrine,2006
PMID 25092781 a_Summary_SoE.pdf,2.0,12.0,26.0,41.0,44.0,47.0,3.9166666666666665,30.0,2.0,12.0,26.0,40.0,43.0,46.0,3.8333333333333335,30.0,0.0,0.0,0.0,1.0,1.0,1.0,0.083333333333333,25092781,2014.0,NETWORK,No,Peds,NS,Systemic Therapy,Leukemia,DRUG: asparaginase|DRUG: cytarabine|DRUG: daunorubicin hydrochloride|DRUG: etoposide|DRUG: gemtuzumab ozogamicin|DRUG: mitoxantrone hydrochloride,2014,NCT00372593,Superiority,1070,2006-08,2006,Non-Industry,Other,Targeted Therapy,2006
PMID 25154829 a_Summary_SoE.pdf,2.0,4.0,4.0,5.0,6.0,8.0,0.6666666666666666,91.0,2.0,4.0,4.0,5.0,6.0,8.0,0.6666666666666666,91.0,0.0,0.0,0.0,0.0,0.0,0.0,0.0,25154829,2014.0,NETWORK,No,Heme,Hematologic,Systemic Therapy,Lymphoma,BIOLOGICAL: rituximab,2014,NCT00075946,Superiority,545,1/23/2004,2003,Non-Industry,Heme,Targeted Therapy,2004
PMID 25184863 a_Summary_SoE.pdf,1.0,5.0,11.0,14.0,17.0,21.0,1.75,28.0,1.0,5.0,13.0,17.0,19.0,21.0,1.75,42.0,0.0,0.0,-2.0,-3.0,-2.0,0.0,0.0,25184863,2014.0,INDUSTRY,Yes,Heme,Hematologic,Systemic Therapy,Multiple Myeloma,"DRUG: Lenalidomide and low-dose dexamethasone|DRUG: Lenalidomide plus low-dose dexamethasone given for 18 four-week cycles|DRUG: Melphalan, Prednisone and Thalidomide",2014,NCT00689936,Superiority,1623,,2008,Industry,Heme,Targeted Therapy,2008
PMID 25225436 a_Summary_SoE.pdf,1.0,4.0,7.0,7.0,8.0,10.0,0.8333333333333334,28.0,1.0,4.0,7.0,7.0,8.0,10.0,0.8333333333333334,28.0,0.0,0.0,0.0,0.0,0.0,0.0,0.0,25225436,2014.0,INDUSTRY,Yes,GYN,Metastatic,Systemic Therapy,Ovarian Cancer,DRUG: Pazopanib|DRUG: Placebo,2014,NCT00866697,Superiority,940,5/26/2009,2009,Industry,GYN,Targeted Therapy,2009
PMID 25265494 a_Summary_SoE.pdf,2.0,3.0,7.0,11.0,15.0,20.0,1.6666666666666667,28.0,2.0,3.0,7.0,11.0,15.0,20.0,1.6666666666666667,28.0,0.0,0.0,0.0,0.0,0.0,0.0,0.0,25265494,2014.0,INDUSTRY,Yes,Skin,Metastatic,Systemic Therapy,Malignant Melanoma,DRUG: Placebo|DRUG: Vemurafenib|DRUG: Cobimetinib,2014,NCT01689519,Superiority,495,1/8/2013,2013,Industry,Skin,Targeted Therapy,2013
PMID 25267740 a_Summary_SoE.pdf,2.0,4.0,7.0,7.0,8.0,9.0,0.75,21.0,2.0,4.0,6.0,7.0,8.0,9.0,0.75,21.0,0.0,0.0,1.0,0.0,0.0,0.0,0.0,25267740,2014.0,NETWORK,Yes,Heme,Hematologic,Systemic Therapy,Lymphoma,BIOLOGICAL: rituximab|DRUG: cisplatin|DRUG: cytarabine|DRUG: dexamethasone|DRUG: gemcitabine hydrochloride,2014,NCT00078949,Other,849,8/27/2003,2003,Industry,Heme,Targeted Therapy,2003
PMID 25311218 a_Summary_SoE.pdf,2.0,8.0,20.0,22.0,23.0,24.0,2.0,21.0,2.0,9.0,20.0,34.5,35.5,36.5,3.0416666666666665,21.0,0.0,-1.0,0.0,-12.5,-12.5,-12.5,-1.0416666666666663,25311218,2014.0,NETWORK,No,Peds,NS,Local Therapy,Childhood Lymphocyte-Depleted Classical Hodgkin Lymphoma|Childhood Mixed Cellularity Classical Hodgkin Lymphoma|Childhood Nodular Lymphocyte Predominant Hodgkin Lymphoma|Childhood Nodular Sclerosis Classical Hodgkin Lymphoma|Stage I Childhood Hodgkin Lymphoma|Stage II Childhood Hodgkin Lymphoma|Stage III Childhood Hodgkin Lymphoma|Stage IV Childhood Hodgkin Lymphoma,BIOLOGICAL: Bleomycin Sulfate|DRUG: Cisplatin|DRUG: Cyclophosphamide|DRUG: Cytarabine|DRUG: Dexamethasone|DRUG: Doxorubicin Hydrochloride|DRUG: Etoposide|BIOLOGICAL: Filgrastim|RADIATION: Involved-Field Radiation Therapy|DRUG: Prednisone|DRUG: Vincristine Sulfate Liposome,2014,NCT00025259,Other,1734,2002-09,2002,Non-Industry,Other,Chemotherapy,2002
PMID 25332243 a_Summary_SoE.pdf,2.0,24.0,46.0,47.0,48.0,49.0,4.083333333333333,21.0,1.0,21.0,25.0,26.0,27.0,29.0,2.4166666666666665,28.0,1.0,3.0,21.0,21.0,21.0,20.0,1.6666666666666663,25332243,2014.0,NETWORK,No,Skin,Non-metastatic,Systemic Therapy,Melanoma (Skin),BIOLOGICAL: interleukin-2|BIOLOGICAL: filgrastim|BIOLOGICAL: interferon alfa|DRUG: cisplatin|DRUG: dacarbazine|DRUG: vinblastine,2014,NCT00006237,Superiority,432,2000-08,2000,Non-Industry,Skin,Immunotherapy,2000
PMID 25348000 a_Summary_SoE.pdf,2.0,3.0,5.0,8.0,11.0,15.0,1.25,28.0,2.0,3.0,5.0,8.0,11.0,15.0,1.25,28.0,0.0,0.0,0.0,0.0,0.0,0.0,0.0,25348000,2014.0,NIH,No,Breast,Metastatic,Systemic Therapy,Estrogen Receptor Positive|HER2 Positive Breast Carcinoma|HER2/Neu Negative|Progesterone Receptor Positive|Recurrent Breast Carcinoma|Stage IIIB Breast Cancer AJCC v7|Stage IIIC Breast Cancer AJCC v7|Stage IV Breast Cancer AJCC v6 and v7,DRUG: Fulvestrant|OTHER: Laboratory Biomarker Analysis|DRUG: Lapatinib Ditosylate|OTHER: Placebo Administration,2014,NCT00390455,Other,295,9/15/2006,2006,Non-Industry,Breast,Targeted Therapy,2006
PMID 25354103 a_Summary_SoE.pdf,2.0,30.0,45.0,48.0,49.0,49.0,4.083333333333333,,2.0,30.0,45.0,48.0,49.0,49.0,4.083333333333333,,0.0,0.0,0.0,0.0,0.0,0.0,0.0,25354103,2014.0,OTHER,No,Heme,Hematologic,Supportive Care,Acute Myelogenous Leukemia|Acute Lymphocytic Leukemia|Chronic Myelogenous Leukemia|Myelodysplastic Syndrome|Natural Killer Cell Lymphoblastic Leukemia/Lymphoma,BIOLOGICAL: Single Umbilical Cord Blood Unit Transplant|BIOLOGICAL: Double Umbilical Cord Blood Unit Transplant|RADIATION: Total Body Irradiation|DRUG: Cyclophosphamide|DRUG: Fludarabine|DRUG: Cyclosporine A|DRUG: Mycophenolate Mofetil,2014,NCT00412360,Other,224,2006-12,2006,Non-Industry,Heme,Targeted Therapy,2006
PMID 25366680 a_Summary_SoE.pdf,2.0,22.0,32.0,33.0,34.0,35.0,2.9166666666666665,7.0,2.0,22.0,36.0,38.0,39.0,40.0,3.3333333333333335,7.0,0.0,0.0,-4.0,-5.0,-5.0,-5.0,-0.4166666666666669,25366680,2014.0,NETWORK,No,HN,Non-metastatic,Local Therapy,Head and Neck Cancer,DRUG: cisplatin|RADIATION: Standard fractionation RT|RADIATION: Accelerated fractionation radiation therapy|PROCEDURE: Conventional surgery for select patients,2014,NCT00047008,Superiority,743,2002-07,2002,Non-Industry,HN,Chemotherapy,2002
PMID 25399551 a_Summary_SoE.pdf,1.0,3.0,5.0,8.0,11.0,15.0,1.25,28.0,1.0,3.0,5.0,8.0,11.0,15.0,1.25,28.0,0.0,0.0,0.0,0.0,0.0,0.0,0.0,25399551,2015.0,INDUSTRY,Yes,Skin,Metastatic,Systemic Therapy,Melanoma,DRUG: Dabrafenib|DRUG: Vemurafenib|DRUG: Trametinib,2015,NCT01597908,Superiority,704,6/4/2012,2012,Industry,Skin,Targeted Therapy,2012
PMID 25399552 a_Summary_SoE.pdf,2.0,4.0,9.0,17.0,26.0,36.0,3.0,42.0,2.0,4.0,9.0,17.0,26.0,36.0,3.0,42.0,0.0,0.0,0.0,0.0,0.0,0.0,0.0,25399552,2015.0,INDUSTRY,Yes,Skin,Metastatic,Systemic Therapy,Melanoma,BIOLOGICAL: BMS-936558 (Nivolumab)|BIOLOGICAL: Placebo matching BMS-936558 (Nivolumab)|DRUG: Dacarbazine|DRUG: Placebo matching Dacarbazine,2015,NCT01721772,Superiority,418,1/18/2013,2013,Industry,Skin,Immunotherapy,2013
PMID 25422488 a_Summary_SoE.pdf,2.0,6.0,13.0,21.0,21.0,22.0,1.8333333333333333,14.0,2.0,6.0,14.0,21.0,21.0,22.0,1.8333333333333333,14.0,0.0,0.0,-1.0,0.0,0.0,0.0,0.0,25422488,2015.0,NETWORK,No,Breast,Non-metastatic,Systemic Therapy,Breast Cancer,BIOLOGICAL: pegfilgrastim|DRUG: AC regimen|DRUG: cyclophosphamide|DRUG: doxorubicin hydrochloride|DRUG: paclitaxel,2015,NCT00070564,Superiority,3294,2003-11,2003,Non-Industry,Breast,Chemotherapy,2003
PMID 25470694 a_Summary_SoE.pdf,1.0,3.0,6.0,10.0,14.0,19.0,1.5833333333333333,21.0,1.0,3.0,6.0,9.0,11.0,13.0,1.0833333333333333,21.0,0.0,0.0,0.0,1.0,3.0,6.0,0.5,25470694,2014.0,INDUSTRY,Yes,Thor,Metastatic,Systemic Therapy,Non Squamous Lung Cancer,DRUG: treatment|DRUG: treatment,2014,NCT01154140,Superiority,343,1/13/2011,2011,Industry,Thor,Other,2011
PMID 25482145 a_Summary_SoE.pdf,2.0,8.0,20.0,40.0,60.0,77.0,6.416666666666667,28.0,2.0,3.0,7.0,13.0,20.0,26.0,2.1666666666666665,28.0,0.0,5.0,13.0,27.0,40.0,51.0,4.25,25482145,2015.0,INDUSTRY,Yes,Heme,Hematologic,Systemic Therapy,Relapsed Multiple Myeloma,DRUG: Dexamethasone|DRUG: Lenalidomide|DRUG: Carfilzomib,2015,NCT01080391,Superiority,792,7/14/2010,2010,Industry,Heme,Targeted Therapy,2010
PMID 25495490 a_Summary_SoE.pdf,1.0,2.0,4.0,7.0,10.0,14.0,1.1666666666666667,28.0,1.0,1.0,2.0,3.0,4.0,5.0,0.4166666666666667,90.0,0.0,1.0,2.0,4.0,6.0,9.0,0.75,25495490,2015.0,NETWORK,Yes,Breast,Non-metastatic,Systemic Therapy,Estrogen Receptor Positive Breast Cancer|Progesterone Receptor Positive Tumor|Recurrent Breast Carcinoma|Stage IA Breast Cancer|Stage IB Breast Cancer|Stage IIA Breast Cancer|Stage IIB Breast Cancer|Stage IIIA Breast Cancer,DRUG: Exemestane|OTHER: Laboratory Biomarker Analysis|PROCEDURE: Oophorectomy|OTHER: Quality-of-Life Assessment|RADIATION: Radiation Therapy|DRUG: Tamoxifen|DRUG: Triptorelin,2015,NCT00066690,Superiority,3066,12/17/2003,2003,Industry,Breast,Endocrine,2003
PMID 25547503 a_Summary_SoE.pdf,1.0,2.0,5.0,9.0,13.0,18.0,1.5,42.0,1.0,2.0,5.0,9.0,13.0,18.0,1.5,42.0,0.0,0.0,0.0,0.0,0.0,0.0,0.0,25547503,2015.0,INDUSTRY,Yes,GI,Metastatic,Systemic Therapy,"Carcinoma, Hepatocellular","DRUG: Sorafenib (Nexavar, BAY43-9006)|DRUG: Erlotinib (Tarceva)|DRUG: Placebo",2015,NCT00901901,Superiority,732,5/21/2009,2009,Industry,GI,Targeted Therapy,2009
PMID 25605862 a_Summary_SoE.pdf,1.0,5.0,12.0,23.0,33.0,45.0,3.75,21.0,1.0,5.0,12.0,23.0,33.0,45.0,3.75,21.0,0.0,0.0,0.0,0.0,0.0,0.0,0.0,25605862,2015.0,INDUSTRY,Yes,Breast,Metastatic,Systemic Therapy,Metastatic Breast Cancer,DRUG: Eribulin Mesylate|DRUG: Capecitabine,2016,NCT00337103,Superiority,1276,9/20/2006,2006,Industry,Breast,Chemotherapy,2006
PMID 25629741 a_Summary_SoE.pdf,3.0,3.0,7.0,10.0,12.0,14.0,1.1666666666666667,28.0,3.0,3.0,7.0,10.0,12.0,14.0,1.1666666666666667,28.0,0.0,0.0,0.0,0.0,0.0,0.0,0.0,25629741,2015.0,INDUSTRY,Yes,Heme,Hematologic,Systemic Therapy,Polycythemia Vera,DRUG: ruxolitinib tablets|OTHER: Best Available Therapy (BAT),2015,NCT01243944,Superiority,222,10/27/2010,2010,Industry,Heme,Targeted Therapy,2010
PMID 25671254 a_Summary_SoE.pdf,2.0,3.0,6.0,9.0,12.0,16.0,1.3333333333333333,28.0,2.0,3.0,6.0,9.0,12.0,16.0,1.3333333333333333,28.0,0.0,0.0,0.0,0.0,0.0,0.0,0.0,25671254,2015.0,INDUSTRY,Yes,HN,Metastatic,Systemic Therapy,Thyroid Cancer,DRUG: Lenvatinib|DRUG: Placebo|DRUG: Lenvatinib,2015,NCT01321554,Superiority,392,3/17/2011,2011,Industry,HN,Targeted Therapy,2011
PMID 25682602 a_Summary_SoE.pdf,1.0,4.0,12.0,14.0,14.0,15.0,1.25,7.0,1.0,4.0,12.0,14.0,14.0,14.5,1.2083333333333333,7.0,0.0,0.0,0.0,0.0,0.0,0.5,0.0416666666666667,25682602,2015.0,OTHER,No,Multiple,NS,Supportive Care,Graft Versus Host Disease|Recurrent Adult Acute Lymphoblastic Leukemia,DRUG: prednisone|DRUG: methylprednisolone|OTHER: questionnaire administration,2015,NCT00929695,Superiority,164,2009-06,2009,Non-Industry,Multiple,Other,2009
PMID 25713428 a_Summary_SoE.pdf,2.0,7.0,16.0,32.0,46.0,62.0,5.166666666666667,21.0,2.0,7.0,16.0,32.0,46.0,62.0,5.166666666666667,21.0,0.0,0.0,0.0,0.0,0.0,0.0,0.0,25713428,2015.0,NIH,No,GYN,Metastatic,Systemic Therapy,Recurrent Uterine Corpus Sarcoma|Stage IIIA Uterine Sarcoma|Stage IIIB Uterine Sarcoma|Stage IIIC Uterine Sarcoma|Stage IVA Uterine Sarcoma|Stage IVB Uterine Sarcoma|Uterine Corpus Leiomyosarcoma,BIOLOGICAL: Bevacizumab|DRUG: Docetaxel|BIOLOGICAL: Filgrastim|DRUG: Gemcitabine Hydrochloride|BIOLOGICAL: Pegfilgrastim|OTHER: Placebo,2015,NCT01012297,Superiority,107,2009-11,2009,Non-Industry,GYN,Targeted Therapy,2009
PMID 25738668 a_Summary_SoE.pdf,2.0,3.0,7.0,8.0,8.0,9.0,0.75,21.0,1.0,2.0,5.0,7.0,7.0,8.0,0.6666666666666666,21.0,1.0,1.0,2.0,1.0,1.0,1.0,0.0833333333333333,25738668,2015.0,NETWORK,No,Breast,Non-metastatic,Systemic Therapy,Breast Cancer|Infertility|Menopausal Symptoms,DRUG: cyclophosphamide|DRUG: goserelin acetate,2015,NCT00068601,Superiority,257,2003-10,2004,Non-Industry,Breast,Endocrine,2003
PMID 25738670 a_Summary_SoE.pdf,2.0,7.0,20.0,27.0,29.0,31.0,2.5833333333333335,21.0,2.0,3.0,9.0,12.0,14.0,16.0,1.3333333333333333,21.0,0.0,4.0,11.0,15.0,15.0,15.0,1.2500000000000002,25738670,2015.0,INDUSTRY,Yes,Heme,Hematologic,Systemic Therapy,Mantle Cell Lymphoma,DRUG: Rituximab 375 mg/m^2|DRUG: Cyclophosphamide 750 mg/m^2|DRUG: Doxorubicin 50 mg/m^2|DRUG: VELCADE 1.3 mg/m^2|DRUG: Prednisone 100 mg/m^2|DRUG: Vincristine 1.4 mg/m^2,2015,NCT00722137,Superiority,487,5/1/2008,2008,Industry,Heme,Targeted Therapy,2008
PMID 25779558 a_Summary_SoE.pdf,2.0,6.0,12.0,20.0,21.0,22.0,1.8333333333333333,28.0,2.0,7.0,15.0,26.0,30.0,35.0,2.9166666666666665,28.0,0.0,-1.0,-3.0,-6.0,-9.0,-13.0,-1.0833333333333333,25779558,2015.0,INDUSTRY,Yes,Breast,Metastatic,Systemic Therapy,Breast Cancer,BIOLOGICAL: trastuzumab|DRUG: docetaxel|DRUG: lapatinib ditosylate|DRUG: paclitaxel,2015,NCT00667251,Other,652,10/7/2008,2008,Industry,Breast,Targeted Therapy,2008
PMID 25891173 a_Summary_SoE.pdf,1.0,3.0,6.0,10.0,14.0,19.0,1.5833333333333333,21.0,1.0,2.0,5.0,9.0,13.0,18.0,1.5,21.0,0.0,1.0,1.0,1.0,1.0,1.0,0.0833333333333332,25891173,2015.0,INDUSTRY,Yes,Skin,Metastatic,Systemic Therapy,Melanoma,BIOLOGICAL: Pembrolizumab|BIOLOGICAL: Ipilimumab,2015,NCT01866319,Superiority,834,8/28/2013,2013,Industry,Skin,Immunotherapy,2013
PMID 25897156 a_Summary_SoE.pdf,2.0,0.0,1.0,2.0,2.0,2.0,0.1666666666666666,0.0,2.0,0.0,1.0,2.0,2.0,2.0,0.1666666666666666,0.0,0.0,0.0,0.0,0.0,0.0,0.0,0.0,25897156,2015.0,OTHER,No,HN,Metastatic,Supportive Care,Brain Tumors|Metastatic Disease,DRUG: donepezil hydrochloride|DRUG: Placebo,2015,NCT00369785,Superiority,198,2008-02,2008,Non-Industry,HN,Other,2008
PMID 25940724 a_Summary_SoE.pdf,1.0,1.0,3.0,4.0,4.0,4.0,0.3333333333333333,0.0,1.0,1.0,3.0,4.0,4.0,4.0,0.3333333333333333,0.0,0.0,0.0,0.0,0.0,0.0,0.0,0.0,25940724,2015.0,NETWORK,No,Breast,Non-metastatic,Supportive Care,Arthralgia|Breast Cancer|Pain,DIETARY_SUPPLEMENT: omega-3 fatty acid|OTHER: placebo,2015,NCT01385137,Superiority,262,2012-02,2012,Non-Industry,Breast,Other,2012
PMID 25970050 a_Summary_SoE.pdf,2.0,4.0,8.0,14.0,21.0,28.0,2.3333333333333335,28.0,2.0,4.0,8.0,14.0,21.0,28.0,2.3333333333333335,28.0,0.0,0.0,0.0,0.0,0.0,0.0,0.0,25970050,2015.0,INDUSTRY,Yes,GI,Metastatic,Systemic Therapy,Colorectal Cancer,DRUG: TAS-102|DRUG: Placebo,2015,NCT01607957,Superiority,800,6/17/2012,2012,Industry,GI,Other,2012
PMID 26014293 a_Summary_SoE.pdf,1.0,2.0,6.0,13.0,19.0,26.0,2.1666666666666665,28.0,1.0,3.0,7.0,13.0,20.0,27.0,2.25,28.0,0.0,-1.0,-1.0,0.0,-1.0,-1.0,-0.0833333333333334,26014293,2015.0,INDUSTRY,Yes,Skin,Metastatic,Systemic Therapy,Melanoma,BIOLOGICAL: Talimogene laherparepvec|BIOLOGICAL: GM-CSF,2015,NCT00769704,Superiority,437,2009-04,2009,Industry,Skin,Immunotherapy,2009
PMID 26027431 a_Summary_SoE.pdf,2.0,4.0,10.0,18.0,27.0,36.0,3.0,42.0,2.0,4.0,10.0,18.0,27.0,36.0,3.0,42.0,0.0,0.0,0.0,0.0,0.0,0.0,0.0,26027431,2015.0,INDUSTRY,Yes,Skin,Metastatic,Systemic Therapy,Unresectable or Metastatic Melanoma,BIOLOGICAL: Nivolumab|BIOLOGICAL: Ipilimumab|BIOLOGICAL: Placebo for Nivolumab|BIOLOGICAL: Placebo for Ipilimumab,2015,NCT01844505,Superiority,1296,6/11/2013,2013,Industry,Skin,Immunotherapy,2013
PMID 26028407 a_Summary_SoE.pdf,1.0,4.0,9.0,17.0,26.0,36.0,3.0,14.0,1.0,3.0,6.0,10.0,14.0,19.0,1.5833333333333333,21.0,0.0,1.0,3.0,7.0,12.0,17.0,1.4166666666666667,26028407,2015.0,INDUSTRY,Yes,Thor,Metastatic,Systemic Therapy,Squamous Cell Non-small Cell Lung Cancer,BIOLOGICAL: Nivolumab|DRUG: Docetaxel,2015,NCT01642004,Superiority,272,10/16/2012,2012,Industry,Thor,Immunotherapy,2012
PMID 26030518 a_Summary_SoE.pdf,1.0,3.0,6.0,9.0,12.0,16.0,1.3333333333333333,28.0,1.0,3.0,6.0,9.0,12.0,16.0,1.3333333333333333,28.0,0.0,0.0,0.0,0.0,0.0,0.0,0.0,26030518,2015.0,INDUSTRY,Yes,Breast,Metastatic,Systemic Therapy,Metastatic Breast Cancer,DRUG: Palbociclib|DRUG: Fulvestrant|DRUG: Placebo|DRUG: Fulvestrant,2015,NCT01942135,Superiority,521,9/26/2013,2013,Industry,Breast,Targeted Therapy,2013
PMID 26035255 a_Summary_SoE.pdf,2.0,6.0,12.0,18.0,25.0,32.0,2.6666666666666665,28.0,2.0,6.0,12.0,18.0,25.0,32.0,2.6666666666666665,28.0,0.0,0.0,0.0,0.0,0.0,0.0,0.0,26035255,2015.0,INDUSTRY,Yes,Heme,Hematologic,Systemic Therapy,Lymphoma|Multiple Myeloma,DRUG: Lenalidomide|DRUG: Dexamethasone|DRUG: Dexamethasone (Oral)|DRUG: Dexamethasone (IV)|BIOLOGICAL: Elotuzumab (BMS-901608; HuLuc63),2015,NCT01239797,Superiority,646,6/20/2011,2011,Industry,Heme,Targeted Therapy,2011
PMID 26040499 a_Summary_SoE.pdf,1.0,1.0,1.0,2.0,2.0,3.0,0.25,180.0,1.0,1.0,1.0,2.0,2.0,3.0,0.25,180.0,0.0,0.0,0.0,0.0,0.0,0.0,0.0,26040499,2015.0,INDUSTRY,Yes,Breast,Non-metastatic,Supportive Care,Breast Cancer,DRUG: Placebo|BIOLOGICAL: Denosumab|DRUG: Non-steroidal aromatase inhibitor therapy|DRUG: Zoledronic Acid|OTHER: Standard of Care,2015,NCT00556374,Superiority,3420,12/18/2006,2006,Industry,Breast,Targeted Therapy,2006
PMID 26056177 a_Summary_SoE.pdf,2.0,7.0,18.0,34.0,44.0,53.0,4.416666666666667,21.0,1.0,7.0,18.0,34.0,44.0,53.0,4.416666666666667,21.0,1.0,0.0,0.0,0.0,0.0,0.0,0.0,26056177,2015.0,INDUSTRY,Yes,Heme,Hematologic,Systemic Therapy,Multiple Myeloma,DRUG: Bortezomib|DRUG: Dexamethasone|DRUG: Melphalan|DRUG: Prednisone|DRUG: Thalidomide,2015,NCT00507416,Superiority,502,2007-06,2007,Industry,Heme,Targeted Therapy,2007
PMID 26159065 CT_Summary_SoE.pdf,1.0,2.0,5.0,8.0,10.0,12.0,1.0,21.0,1.0,2.0,5.0,8.0,10.0,12.0,1.0,21.0,0.0,0.0,0.0,0.0,0.0,0.0,0.0,26159065,2015.0,INDUSTRY,Yes,Thor,Metastatic,Systemic Therapy,Non-Small Cell Lung Cancer,DRUG: Gefitinib|DRUG: Placebo|DRUG: Pemetrexed|DRUG: Cisplatin,2015,NCT01544179,Superiority,265,3/15/2012,2012,Industry,Thor,Targeted Therapy,2012
PMID 26169611 a_Summary_SoE.pdf,1.0,5.0,9.0,14.0,15.0,16.0,1.3333333333333333,28.0,1.0,5.0,9.0,14.0,15.0,16.0,1.3333333333333333,28.0,0.0,0.0,0.0,0.0,0.0,0.0,0.0,26169611,2015.0,INDUSTRY,Yes,Thor,Metastatic,Systemic Therapy,"Non Squamous, Non-small-cell Lung Cancer",DRUG: Tivantinib|DRUG: Placebo|DRUG: Erlotinib,2015,NCT01244191,Superiority,1048,1/11/2011,2011,Industry,Thor,Targeted Therapy,2011
PMID 26206652 CT_Summary_SoE.pdf,1.0,9.0,9.0,9.0,9.0,9.0,0.75,0.0,1.0,9.0,9.0,9.0,9.0,9.0,0.75,0.0,0.0,0.0,0.0,0.0,0.0,0.0,0.0,26206652,2015.0,OTHER,No,GI,Metastatic,Supportive Care,Liver Cancer,PROCEDURE: Standard fluid management|DEVICE: Goal directed fluid therapy with the Edwards EV1000 system,2015,NCT01596283,Superiority,135,2012-04,2012,Non-Industry,GI,Procedure,2012
PMID 26244877 a_Summary_SoE.pdf,2.0,2.0,5.0,7.0,8.0,9.0,0.75,21.0,2.0,1.0,2.0,3.0,4.0,5.0,0.4166666666666667,84.0,0.0,1.0,3.0,4.0,4.0,4.0,0.3333333333333333,26244877,2015.0,NETWORK,Yes,GU,Metastatic,Systemic Therapy,Metastatic Hormone-sensitive Prostate Cancer,DRUG: androgen-deprivation therapy|DRUG: docetaxel,2015,NCT00309985,Superiority,790,9/26/2006,2006,Industry,GU,Chemotherapy,2006
PMID 26351350 a_Summary_SoE.pdf,2.0,2.0,4.0,7.0,10.0,14.0,1.1666666666666667,28.0,2.0,2.0,4.0,7.0,10.0,14.0,1.1666666666666667,28.0,0.0,0.0,0.0,0.0,0.0,0.0,0.0,26351350,2015.0,NIH,No,Skin,Metastatic,Systemic Therapy,Iris Melanoma|Medium/Large Size Posterior Uveal Melanoma|Mucosal Melanoma|Ocular Melanoma With Extraocular Extension|Recurrent Melanoma|Recurrent Uveal Melanoma|Small Size Posterior Uveal Melanoma|Stage IIA Cutaneous Melanoma AJCC v6 and v7|Stage IIA Uveal Melanoma AJCC v7|Stage IIB Cutaneous Melanoma AJCC v6 and v7|Stage IIB Uveal Melanoma AJCC v7|Stage IIC Cutaneous Melanoma AJCC v6 and v7|Stage IIIA Cutaneous Melanoma AJCC v7|Stage IIIA Uveal Melanoma AJCC v7|Stage IIIB Cutaneous Melanoma AJCC v7|Stage IIIB Uveal Melanoma AJCC v7|Stage IIIC Cutaneous Melanoma AJCC v7|Stage IIIC Uveal Melanoma AJCC v7|Stage IV Cutaneous Melanoma AJCC v6 and v7|Stage IV Uveal Melanoma AJCC v7,OTHER: Laboratory Biomarker Analysis|OTHER: Placebo|OTHER: Placebo|BIOLOGICAL: Sargramostim|BIOLOGICAL: Tyrosinase Peptide,2015,NCT01989572,Superiority,815,2/23/2000,1999,Non-Industry,Skin,Targeted Therapy,2000
PMID 26371143 a_Summary_SoE.pdf,2.0,7.0,18.0,35.0,52.0,71.0,5.916666666666667,21.0,2.0,5.0,13.0,26.0,39.0,53.0,4.416666666666667,21.0,0.0,2.0,5.0,9.0,13.0,18.0,1.5,26371143,2016.0,INDUSTRY,Yes,Other,Metastatic,Systemic Therapy,Advanced Liposarcoma or Leiomyosarcoma,DRUG: Trabectedin|DRUG: Dacarbazine,2016,NCT01343277,Superiority,579,2011-06,2011,Industry,Other,Chemotherapy,2011
PMID 26377300 CT_Summary_SoE.pdf,1.0,2.0,3.0,5.0,6.0,8.0,0.6666666666666666,56.0,1.0,2.0,3.0,5.0,6.0,8.0,0.6666666666666666,56.0,0.0,0.0,0.0,0.0,0.0,0.0,0.0,26377300,2015.0,INDUSTRY,Yes,Heme,Hematologic,Systemic Therapy,"Leukaemia, Lymphocytic, Chronic",BIOLOGICAL: Ofatumumab|OTHER: Observation,2015,NCT01039376,Superiority,480,5/6/2010,2010,Industry,Heme,Targeted Therapy,2010
PMID 26406148 a_Summary_SoE.pdf,2.0,3.0,7.0,13.0,20.0,27.0,2.25,28.0,2.0,2.0,4.0,7.0,10.0,14.0,1.1666666666666667,28.0,0.0,1.0,3.0,6.0,10.0,13.0,1.0833333333333333,26406148,2015.0,INDUSTRY,Yes,GU,Metastatic,Systemic Therapy,Advanced or Metastatic (Medically or Surgically Unresectable) Clear-cell Renal Cell Carcinoma,BIOLOGICAL: Nivolumab|DRUG: Everolimus,2015,NCT01668784,Superiority,821,10/9/2012,2012,Industry,GU,Immunotherapy,2012
PMID 26406150 a_Summary_SoE.pdf,1.0,3.0,6.0,9.0,12.0,16.0,1.3333333333333333,28.0,1.0,3.0,6.0,9.0,12.0,16.0,1.3333333333333333,28.0,0.0,0.0,0.0,0.0,0.0,0.0,0.0,26406150,2015.0,INDUSTRY,Yes,GU,Metastatic,Systemic Therapy,Renal Cell Carcinoma,DRUG: Cabozantinib tablets|DRUG: Everolimus (Afinitor) tablets,2015,NCT01865747,Superiority,658,2013-06,2013,Industry,GU,Targeted Therapy,2013
PMID 26412349 a_Summary_SoE.pdf,2.0,0.0,1.0,2.0,3.0,4.0,0.3333333333333333,0.0,2.0,2.0,5.0,6.0,7.0,8.0,0.6666666666666666,21.0,0.0,-2.0,-4.0,-4.0,-4.0,-4.0,-0.3333333333333333,26412349,2015.0,NIH,No,Breast,Non-metastatic,Systemic Therapy,Breast Adenocarcinoma|Hormone Receptor Positive|Stage IA Breast Cancer AJCC v7|Stage IB Breast Cancer AJCC v7|Stage IIA Breast Cancer AJCC v6 and v7|Stage IIB Breast Cancer AJCC v6 and v7|Stage IIIB Breast Cancer AJCC v7,DRUG: Anastrozole|DRUG: Exemestane|OTHER: Laboratory Biomarker Analysis|DRUG: Letrozole|OTHER: Quality-of-Life Assessment|RADIATION: Radiation Therapy|DRUG: Tamoxifen Citrate,2015,NCT00310180,Other,10273,4/7/2006,2006,Non-Industry,Breast,Endocrine,2006
PMID 26412456 a_Summary_SoE.pdf,1.0,4.0,8.0,14.0,21.0,28.0,2.3333333333333335,14.0,1.0,3.0,6.0,10.0,14.0,19.0,1.5833333333333333,21.0,0.0,1.0,2.0,4.0,7.0,9.0,0.7500000000000002,26412456,2015.0,INDUSTRY,Yes,Thor,Metastatic,Systemic Therapy,Non-Squamous Cell Non-small Cell Lung Cancer,BIOLOGICAL: Nivolumab|DRUG: Docetaxel,2015,NCT01673867,Superiority,582,11/2/2012,2012,Industry,Thor,Immunotherapy,2012
PMID 26416999 a_Summary_SoE.pdf,2.0,2.0,5.0,8.0,9.0,10.0,0.8333333333333334,21.0,2.0,2.0,5.0,8.0,9.0,10.0,0.8333333333333334,21.0,0.0,0.0,0.0,0.0,0.0,0.0,0.0,26416999,2015.0,OTHER,No,Breast,Non-metastatic,Systemic Therapy,Breast Cancer,DRUG: Docetaxel|DRUG: Capecitabine|DRUG: Epirubicin|DRUG: Cyclophosphamide,2015,NCT00129935,Superiority,1384,2004-02,2004,Non-Industry,Breast,Chemotherapy,2004
PMID 26527790 a_Summary_SoE.pdf,2.0,18.0,36.0,38.0,39.0,41.0,3.4166666666666665,56.0,2.0,18.0,36.0,38.0,39.0,41.0,3.4166666666666665,56.0,0.0,0.0,0.0,0.0,0.0,0.0,0.0,26527790,2015.0,INDUSTRY,Yes,HN,Metastatic,Systemic Therapy,"Neoplasms, Head and Neck",DRUG: Lapatinib|RADIATION: Chemoradiation|OTHER: Placebo,2015,NCT00424255,Superiority,688,2006-12,2006,Industry,HN,Targeted Therapy,2006
PMID 26540028 a_Summary_SoE.pdf,1.0,2.0,3.0,4.0,5.0,6.0,0.5,30.0,1.0,2.0,3.0,4.0,5.0,6.0,0.5,30.0,0.0,0.0,0.0,0.0,0.0,0.0,0.0,26540028,2016.0,OTHER,Yes,HN,NS,Systemic Therapy,Oral Cancer,DRUG: Erlotinib|DRUG: Placebo,2016,NCT00402779,Superiority,303,11/3/2006,2006,Industry,HN,Targeted Therapy,2006
PMID 26598744 a_Summary_SoE.pdf,2.0,3.0,5.0,7.0,8.0,9.0,0.75,46.0,2.0,4.0,7.0,11.0,15.0,20.0,1.6666666666666667,21.0,0.0,-1.0,-2.0,-4.0,-7.0,-11.0,-0.9166666666666669,26598744,2016.0,INDUSTRY,Yes,Breast,Non-metastatic,Systemic Therapy,"Neoplasms, Breast",DRUG: Lapatinib|BIOLOGICAL: Trastuzumab,2016,NCT00490139,"Superiority, Other",8382,5/16/2007,2007,Industry,Breast,Targeted Therapy,2007
PMID 26628478 a_Summary_SoE.pdf,2.0,2.0,5.0,9.0,11.0,13.0,1.0833333333333333,21.0,2.0,2.0,5.0,9.0,11.0,13.0,1.0833333333333333,21.0,0.0,0.0,0.0,0.0,0.0,0.0,0.0,26628478,2016.0,INDUSTRY,Yes,GI,Metastatic,Systemic Therapy,"Neoplasms, Gastrointestinal Tract",DRUG: Lapatinib|DRUG: Placebo|DRUG: Capecitabine|DRUG: Oxaliplatin,2016,NCT00680901,Superiority,545,6/4/2008,2008,Industry,GI,Targeted Therapy,2008
PMID 26639149 a_Summary_SoE.pdf,1.0,3.0,7.0,13.0,17.0,20.0,1.6666666666666667,28.0,1.0,3.0,7.0,13.0,17.0,20.0,1.6666666666666667,28.0,0.0,0.0,0.0,0.0,0.0,0.0,0.0,26639149,2015.0,INDUSTRY,Yes,Heme,Hematologic,Systemic Therapy,Chronic Lymphocytic Leukemia|Small Lymphocytic Lymphoma,DRUG: Ibrutinib|DRUG: Chlorambucil,2015,NCT01722487,Superiority,269,2013-03,2013,Industry,Heme,Targeted Therapy,2013
PMID 26655421 CT_Summary_SoE.pdf,1.0,6.0,13.0,21.0,24.0,27.0,2.25,28.0,1.0,6.0,13.0,21.0,24.0,27.0,2.25,28.0,0.0,0.0,0.0,0.0,0.0,0.0,0.0,26655421,2016.0,INDUSTRY,Yes,Heme,Hematologic,Systemic Therapy,Chronic Lymphocytic Leukemia|Small Lymphocytic Lymphoma,DRUG: Ibrutinib|DRUG: Bendamustine hydrochloride|DRUG: Rituximab|DRUG: Placebo,2015,NCT01611090,Superiority,578,9/19/2012,2012,Industry,Heme,Targeted Therapy,2012
PMID 26673811 a_Summary_SoE.pdf,1.0,2.0,5.0,9.0,13.0,18.0,1.5,21.0,1.0,5.0,13.0,26.0,39.0,53.0,4.416666666666667,21.0,0.0,-3.0,-8.0,-17.0,-26.0,-35.0,-2.916666666666667,26673811,2016.0,INDUSTRY,Yes,Heme,Hematologic,Systemic Therapy,Mantle Cell Lymphoma,DRUG: Ibrutinib|DRUG: Temsirolimus,2016,NCT01646021,Superiority,280,12/10/2012,2012,Industry,Heme,Targeted Therapy,2012
PMID 26703889 a_Summary_SoE.pdf,1.0,2.0,4.0,7.0,10.0,14.0,1.1666666666666667,28.0,1.0,2.0,4.0,7.0,10.0,14.0,1.1666666666666667,28.0,0.0,0.0,0.0,0.0,0.0,0.0,0.0,26703889,2016.0,INDUSTRY,Yes,Other,Metastatic,Systemic Therapy,Advanced NET of GI Origin|Advanced NET of Lung Origin|Neuroendocrine Tumors,DRUG: Everolimus|DRUG: Placebo|OTHER: Best suportive care (BSC),2015,NCT01524783,Superiority,302,3/30/2012,2012,Industry,Other,Targeted Therapy,2012
PMID 26712084b_Summary_SoE.pdf,1.0,2.0,5.0,9.0,13.0,18.0,1.5,21.0,1.0,2.0,5.0,9.0,13.0,18.0,1.5,21.0,0.0,0.0,0.0,0.0,0.0,0.0,0.0,26712084,2016.0,INDUSTRY,Yes,Thor,NS,Systemic Therapy,Non Small Cell Lung Cancer (NSCLC),BIOLOGICAL: Pembrolizumab|DRUG: Docetaxel,2016,NCT01905657,Superiority,1034,8/9/2013,2013,Industry,Thor,Immunotherapy,2013
PMID 26811519 a_Summary_SoE.pdf,1.0,22.0,38.0,47.0,49.0,50.0,4.166666666666667,21.0,1.0,22.0,38.0,44.0,45.0,46.0,3.8333333333333335,28.0,0.0,0.0,0.0,3.0,4.0,4.0,0.3333333333333335,26811519,2016.0,INDUSTRY,Yes,Thor,Non-metastatic,Systemic Therapy,Non Small Cell Lung Cancer,DRUG: Pemetrexed|DRUG: Cisplatin|DRUG: Etoposide|DRUG: Vinorelbine|DRUG: Paclitaxel|DRUG: Carboplatin|RADIATION: Thoracic Radiation Therapy (TRT),2016,NCT00686959,Superiority,598,2008-09,2008,Industry,Thor,Chemotherapy,2008
PMID 26858335 a_Summary_SoE.pdf,1.0,5.0,13.0,26.0,39.0,52.0,4.333333333333333,7.0,1.0,5.0,13.0,26.0,39.0,52.0,4.333333333333333,7.0,0.0,0.0,0.0,0.0,0.0,0.0,0.0,26858335,2016.0,INDUSTRY,Yes,Breast,Metastatic,Supportive Care,Breast Cancer|Neoplasm Metastasis,OTHER: Standard supportive care (packed RBC transfusion)|DRUG: epoetin alfa + packed RBC transfusion,2016,NCT00338286,Other,2098,3/2/2006,2006,Industry,Breast,Other,2006
PMID 26884585 a_Summary_SoE.pdf,2.0,5.0,13.0,21.0,30.0,39.0,3.25,28.0,2.0,5.0,13.0,21.0,30.0,39.0,3.25,28.0,0.0,0.0,0.0,0.0,0.0,0.0,0.0,26884585,2016.0,INDUSTRY,Yes,GI,Metastatic,Systemic Therapy,Advanced or Metastatic Gastric Cancer,DRUG: apatinib|DRUG: placebo,2016,NCT01512745,Superiority,267,2011-01,2011,Industry,GI,Other,2011
PMID 26933849 a_Summary_SoE.pdf,1.0,5.0,13.0,19.0,20.0,21.0,1.75,21.0,1.0,2.0,5.0,7.0,8.0,9.0,0.75,21.0,0.0,3.0,8.0,12.0,12.0,12.0,1.0,26933849,2016.0,NIH,Yes,GYN,Metastatic,Systemic Therapy,Fallopian Tube Endometrioid Adenocarcinoma|Fallopian Tube Mucinous Adenocarcinoma|Fallopian Tube Transitional Cell Carcinoma|Ovarian Brenner Tumor|Ovarian Clear Cell Adenocarcinofibroma|Ovarian Endometrioid Adenocarcinoma|Ovarian Mucinous Adenocarcinoma|Ovarian Seromucinous Carcinoma|Ovarian Serous Adenocarcinoma|Ovarian Transitional Cell Carcinoma|Ovarian Undifferentiated Carcinoma|Primary Peritoneal Serous Adenocarcinoma|Stage IIA Fallopian Tube Cancer AJCC v6 and v7|Stage IIA Ovarian Cancer AJCC V6 and v7|Stage IIB Fallopian Tube Cancer AJCC v6 and v7|Stage IIB Ovarian Cancer AJCC v6 and v7|Stage IIC Fallopian Tube Cancer AJCC v6 and v7|Stage IIC Ovarian Cancer AJCC v6 and v7|Stage IIIA Fallopian Tube Cancer AJCC v7|Stage IIIA Ovarian Cancer AJCC v6 and v7|Stage IIIA Primary Peritoneal Cancer AJCC v7|Stage IIIB Fallopian Tube Cancer AJCC v7|Stage IIIB Ovarian Cancer AJCC v6 and v7|Stage IIIB Primary Peritoneal Cancer AJCC v7|Stage IIIC Fallopian Tube Cancer AJCC v7|Stage IIIC Ovarian Cancer AJCC v6 and v7|Stage IIIC Primary Peritoneal Cancer AJCC v7|Stage IV Fallopian Tube Cancer AJCC v6 and v7|Stage IV Ovarian Cancer AJCC v6 and v7|Stage IV Primary Peritoneal Cancer AJCC v7,BIOLOGICAL: Bevacizumab|DRUG: Carboplatin|PROCEDURE: Computed Tomography|DRUG: Paclitaxel|PROCEDURE: Therapeutic Conventional Surgery,2016,NCT01167712,Superiority,692,9/27/2010,2010,Industry,GYN,Targeted Therapy,2010
PMID 26997579 a _Summary_SoE.pdf,1.0,2.0,2.0,2.0,2.0,2.0,0.1666666666666666,0.0,1.0,2.0,2.0,2.0,2.0,2.0,0.1666666666666666,0.0,0.0,0.0,0.0,0.0,0.0,0.0,0.0,26997579,2016.0,INDUSTRY,Yes,Multiple,Metastatic,Systemic Therapy,Chemotherapy-induced Nausea and Vomiting,DRUG: APF530|DRUG: Ondansetron|DRUG: Ondansetron placebo|DRUG: APF530 placebo|DRUG: Fosaprepitant|DRUG: Dexamethasone,2016,NCT02106494,Superiority,942,2014-03,2014,Industry,Multiple,Other,2014
PMID 27044935 a_Summary_SoE.pdf,3.0,22.0,29.0,30.0,31.0,32.0,2.6666666666666665,7.0,3.0,22.0,42.0,43.0,44.0,45.0,3.75,7.0,0.0,0.0,-13.0,-13.0,-13.0,-13.0,-1.0833333333333337,27044935,2016.0,NETWORK,No,GU,Non-metastatic,Local Therapy,Prostate Cancer,RADIATION: Conventional 3D-CRT or IMRT|RADIATION: Hypofractionated 3D-CRT or IMRT,2016,NCT00331773,Other,1116,2006-04,2006,Non-Industry,GU,Radiation,2006
PMID 27119237 a_Summary_SoE.pdf,1.0,5.0,11.0,14.0,17.0,21.0,1.75,28.0,1.0,5.0,11.0,14.0,17.0,21.0,1.75,28.0,0.0,0.0,0.0,0.0,0.0,0.0,0.0,27119237,2016.0,INDUSTRY,Yes,Heme,Hematologic,Systemic Therapy,Relapsed Multiple Myeloma|Refractory Multiple Myeloma,DRUG: Ixazomib|DRUG: Lenalidomide|DRUG: Dexamethasone|DRUG: Placebo,2016,NCT01564537,Superiority,722,8/1/2012,2012,Industry,Heme,Targeted Therapy,2012
PMID 27264120 a_Summary_SoE.pdf,1.0,0.0,0.0,1.0,1.0,2.0,0.1666666666666666,1.0,1.0,0.0,0.0,1.0,1.0,2.0,0.1666666666666666,1.0,0.0,0.0,0.0,0.0,0.0,0.0,0.0,27264120,2016.0,NETWORK,No,Breast,Non-metastatic,Systemic Therapy,Breast Cancer,DRUG: letrozole|OTHER: placebo,2016,NCT00754845,Superiority,1918,11/23/2004,2004,Non-Industry,Breast,Endocrine,2004
PMID 27354480 a_Summary_SoE.pdf,1.0,1.0,4.0,7.0,7.0,7.0,0.5833333333333334,28.0,1.0,1.0,4.0,7.0,7.0,7.0,0.5833333333333334,28.0,0.0,0.0,0.0,0.0,0.0,0.0,0.0,27354480,2016.0,INDUSTRY,Yes,Heme,Hematologic,Systemic Therapy,Anemia,DRUG: Lenalidomide|OTHER: Placebo,2016,NCT01029262,Superiority,239,1/26/2010,2010,Industry,Heme,Targeted Therapy,2010
PMID 27458307 a_Summary_SoE.pdf,1.0,6.0,13.0,16.0,17.0,18.0,1.5,21.0,1.0,6.0,13.0,16.0,17.0,18.0,1.5,21.0,0.0,0.0,0.0,0.0,0.0,0.0,0.0,27458307,2016.0,INDUSTRY,Yes,Thor,Metastatic,Systemic Therapy,Small Cell Lung Carcinoma,BIOLOGICAL: Ipilimumab|BIOLOGICAL: Placebo matching Ipilimumab|DRUG: Etoposide|DRUG: Cisplatin|DRUG: Carboplatin,2016,NCT01450761,Superiority,1351,12/13/2011,2012,Industry,Thor,Immunotherapy,2011
PMID 27458945 a_Summary_SoE.pdf,2.0,1.0,3.0,4.0,5.0,6.0,0.5,0.0,2.0,13.0,15.0,16.0,17.0,18.0,1.5,0.0,0.0,-12.0,-12.0,-12.0,-12.0,-12.0,-1.0,27458945,2016.0,OTHER,No,Multiple,Metastatic,Local Therapy,Breast Cancer|Cognitive/Functional Effects|Lung Cancer|Metastatic Cancer|Prostate Cancer,RADIATION: radiation therapy|RADIATION: stereotactic radiosurgery,2016,NCT00377156,Superiority,213,2006-07,2002,Non-Industry,Multiple,Radiation,2006
PMID 27557302 a_Summary_SoE.pdf,1.0,8.0,21.0,36.0,39.0,43.0,3.5833333333333335,21.0,1.0,7.0,18.0,33.0,36.0,40.0,3.3333333333333335,21.0,0.0,1.0,3.0,3.0,3.0,3.0,0.25,27557302,2016.0,INDUSTRY,Yes,Heme,Hematologic,Systemic Therapy,Multiple Myeloma,DRUG: Daratumumab|DRUG: VELCADE (Bortezomib)|DRUG: Dexamethasone,2016,NCT02136134,Superiority,498,8/15/2014,2014,Industry,Heme,Targeted Therapy,2014
PMID 27569442 CT_Summary_SoE.pdf,2.0,4.0,15.0,34.0,52.0,56.0,4.666666666666667,28.0,2.0,4.0,15.0,31.0,38.0,41.0,3.4166666666666665,35.0,0.0,0.0,0.0,3.0,14.0,15.0,1.2500000000000004,27569442,2016.0,NETWORK,No,Other,"Metastatic, Non-metastatic",Systemic Therapy,Localized Osteosarcoma|Metastatic Osteosarcoma,DRUG: Cisplatin|DRUG: Doxorubicin Hydrochloride|DRUG: Etoposide|DRUG: Ifosfamide|DRUG: Methotrexate|BIOLOGICAL: Peginterferon Alfa-2b|OTHER: Quality-of-Life Assessment|OTHER: Questionnaire Administration|PROCEDURE: Therapeutic Conventional Surgery,2016,NCT00134030,Superiority,1334,11/14/2005,2005,Non-Industry,Other,Immunotherapy,2005
PMID 27705267 a_Summary_SoE.pdf,2.0,5.0,11.0,17.0,20.0,24.0,2.0,28.0,2.0,5.0,11.0,17.0,20.0,24.0,2.0,28.0,0.0,0.0,0.0,0.0,0.0,0.0,0.0,27705267,2016.0,INDUSTRY,Yes,Heme,Hematologic,Systemic Therapy,Multiple Myeloma,DRUG: Daratumumab|DRUG: Lenalidomide|DRUG: Dexamethasone,2016,NCT02076009,Superiority,569,5/23/2014,2014,Industry,Heme,Targeted Therapy,2014
PMID 27717299 a_Summary_SoE.pdf,1.0,5.0,7.0,10.0,13.0,17.0,1.4166666666666667,28.0,1.0,5.0,7.0,10.0,13.0,17.0,1.4166666666666667,28.0,0.0,0.0,0.0,0.0,0.0,0.0,0.0,27717299,2016.0,INDUSTRY,Yes,GYN,Metastatic,Systemic Therapy,Ovarian Neoplasms|Platinum Sensitive Ovarian Cancer,DRUG: Active comparator: Niraparib|DRUG: placebo,2016,NCT01847274,Superiority,596,2013,2013,Industry,GYN,Targeted Therapy,2013
PMID 27717303 a_Summary_SoE.pdf,2.0,3.0,5.0,8.0,11.0,15.0,1.25,28.0,2.0,3.0,5.0,8.0,11.0,15.0,1.25,28.0,0.0,0.0,0.0,0.0,0.0,0.0,0.0,27717303,2016.0,INDUSTRY,Yes,Breast,Metastatic,Systemic Therapy,"Advanced, Metastatic Breast Cancer",DRUG: LEE011|DRUG: Letrozole|DRUG: LEE011 Placebo,2016,NCT01958021,Superiority,668,12/17/2013,2014,Industry,Breast,Endocrine,2013
PMID 27718781 a_Summary_SoE.pdf,2.0,2.0,4.0,6.0,8.0,10.0,0.8333333333333334,42.0,2.0,2.0,4.0,6.0,8.0,10.0,0.8333333333333334,42.0,0.0,0.0,0.0,0.0,0.0,0.0,0.0,27718781,2016.0,INDUSTRY,Yes,GU,Metastatic,Systemic Therapy,Kidney Neoplasms,DRUG: Sunitinib malate|OTHER: Placebo,2016,NCT00375674,Superiority,674,8/1/2007,2007,Industry,GU,Targeted Therapy,2007
PMID 27718784 a_Summary_SoE.pdf,2.0,3.0,7.0,13.0,20.0,27.0,2.25,14.0,2.0,5.0,13.0,26.0,39.0,53.0,4.416666666666667,7.0,0.0,-2.0,-6.0,-13.0,-19.0,-26.0,-2.166666666666667,27718784,2016.0,INDUSTRY,Yes,HN,Metastatic,Systemic Therapy,Squamous Cell Carcinoma of the Head and Neck,DRUG: Nivolumab|DRUG: Cetuximab|DRUG: Methotrexate|DRUG: Docetaxel,2016,NCT02105636,Superiority,361,5/29/2014,2014,Industry,HN,Immunotherapy,2014
PMID 27731748 a_Summary_SoE.pdf,1.0,0.0,0.0,0.0,0.0,0.0,0.0,28.0,1.0,0.0,0.0,0.0,0.0,0.0,0.0,28.0,0.0,0.0,0.0,0.0,0.0,0.0,0.0,27731748,2017.0,INDUSTRY,Yes,Heme,Hematologic,Systemic Therapy,"Leukaemia, Lymphocytic, Chronic",DRUG: OFC Infusion|DRUG: FC infusion,2017,NCT00824265,Superiority,365,3/12/2009,2008,Industry,Heme,Other,2009
PMID 27787547 a_Summary_SoE.pdf,1.0,5.0,13.0,24.0,25.0,26.0,2.1666666666666665,7.0,1.0,5.0,13.0,24.0,25.0,26.0,2.1666666666666665,7.0,0.0,0.0,0.0,0.0,0.0,0.0,0.0,27787547,2017.0,INDUSTRY,Yes,GU,Non-metastatic,Systemic Therapy,Kidney Cancer,BIOLOGICAL: girentuximab|OTHER: placebo,2017,NCT00087022,Superiority,864,2004-07,2004,Industry,GU,Targeted Therapy,2004
PMID 27908454 CT_Summary_SoE.pdf,1.0,3.0,5.0,8.0,11.0,15.0,1.25,28.0,1.0,3.0,5.0,8.0,11.0,15.0,1.25,28.0,0.0,0.0,0.0,0.0,0.0,0.0,0.0,27908454,2016.0,INDUSTRY,Yes,Breast,Metastatic,Systemic Therapy,Hormone Receptor Positive Breast Cancer,DRUG: faslodex 500mg|DRUG: arimidex 1mg|DRUG: faslodex dummy|DRUG: arimidex dummy,2016,NCT01602380,Superiority,462,10/17/2012,2012,Industry,Breast,Other,2012
PMID 27914822_Summary_SoE.pdf,1.0,4.0,8.0,9.0,10.0,10.0,0.8333333333333334,21.0,1.0,4.0,8.0,9.0,10.0,10.0,0.8333333333333334,21.0,0.0,0.0,0.0,0.0,0.0,0.0,0.0,27914822,2017.0,NETWORK,No,Peds,NS,Supportive Care,Brain Tumor|Central Nervous System Tumor|Childhood Germ Cell Tumor|Extragonadal Germ Cell Tumor|Liver Cancer|Neuroblastoma|Ototoxicity|Ovarian Cancer|Sarcoma,DRUG: sodium thiosulfate|PROCEDURE: examination,2017,NCT00716976,Superiority,131,6/23/2008,2008,Non-Industry,Other,Procedure,2008
PMID 27918724 a_Summary_SoE.pdf,1.0,2.0,5.0,9.0,10.0,13.0,1.0833333333333333,14.0,1.0,2.0,5.0,9.0,10.0,13.0,1.0833333333333333,14.0,0.0,0.0,0.0,0.0,0.0,0.0,0.0,27918724,2017.0,INDUSTRY,Yes,Other,Metastatic,Supportive Care,Carcinoid Syndrome,DRUG: Telotristat etiprate|DRUG: Placebo-matching telotristat etiprate,2017,NCT01677910,Superiority,135,1/8/2013,2013,Industry,Other,Other,2013
PMID 27918780 a_Summary_SoE.pdf,1.0,4.0,7.0,11.0,15.0,20.0,1.6666666666666667,21.0,1.0,4.0,7.0,11.0,15.0,20.0,1.6666666666666667,21.0,0.0,0.0,0.0,0.0,0.0,0.0,0.0,27918780,2017.0,INDUSTRY,Yes,Breast,Metastatic,Systemic Therapy,Breast Cancer,BIOLOGICAL: Trastuzumab|BIOLOGICAL: MYL- 1401O|DRUG: Paclitaxel|DRUG: Docetaxel,2017,NCT02472964,Other,500,2012-07,2012,Industry,Breast,Targeted Therapy,2012
PMID 27959613 a_Summary_SoE.pdf,1.0,3.0,6.0,9.0,12.0,16.0,1.3333333333333333,28.0,1.0,3.0,6.0,9.0,12.0,16.0,1.3333333333333333,28.0,0.0,0.0,0.0,0.0,0.0,0.0,0.0,27959613,2016.0,INDUSTRY,Yes,Breast,Metastatic,Systemic Therapy,Breast Neoplasms,DRUG: PD-0332991|DRUG: Letrozole|DRUG: Placebo|DRUG: Letrozole,2016,NCT01740427,Superiority,666,2/22/2013,2013,Industry,Breast,Endocrine,2013
PMID 27959700 a_Summary_SoE.pdf,1.0,4.0,7.0,10.0,12.0,14.0,1.1666666666666667,21.0,1.0,4.0,7.0,10.0,12.0,14.0,1.1666666666666667,21.0,0.0,0.0,0.0,0.0,0.0,0.0,0.0,27959700,2017.0,INDUSTRY,Yes,Thor,Metastatic,Systemic Therapy,Anticancer Treatment,DRUG: Chemotherapy|DRUG: Cross-over to Osimertinib,2017,NCT02151981,Superiority,419,8/4/2014,2014,Industry,Thor,Targeted Therapy,2014
PMID 27979383 a_Summary_SoE.pdf,0.0,0.0,0.0,0.0,0.0,0.0,0.0,,0.0,0.0,0.0,0.0,0.0,0.0,0.0,,0.0,0.0,0.0,0.0,0.0,0.0,0.0,27979383,2017.0,INDUSTRY,Yes,Thor,Metastatic,Systemic Therapy,Non-Squamous Non-Small Cell Lung Cancer,DRUG: Atezolizumab|DRUG: Docetaxel,2017,NCT02008227,Superiority,1225,3/11/2014,2014,Industry,Thor,Immunotherapy,2014
PMID 28029326 a_Summary_SoE.pdf,2.0,13.0,28.0,50.0,52.0,53.0,4.416666666666667,21.0,2.0,13.0,28.0,50.0,52.0,53.0,4.416666666666667,21.0,0.0,0.0,0.0,0.0,0.0,0.0,0.0,28029326,2017.0,INDUSTRY,Yes,Heme,Hematologic,Systemic Therapy,"Lymphoma, Large-Cell, Diffuse",DRUG: OFATUMUMAB + DHAP|DRUG: RITUXIMAB + DHAP,2016,NCT01014208,Superiority,447,2010-03,2010,Industry,Heme,Targeted Therapy,2010
PMID 28030702 a_Summary_SoE.pdf,2.0,2.0,4.0,7.0,10.0,14.0,1.1666666666666667,28.0,2.0,2.0,4.0,7.0,10.0,14.0,1.1666666666666667,28.0,0.0,0.0,0.0,0.0,0.0,0.0,0.0,28030702,2017.0,OTHER,No,Multiple,Metastatic,Supportive Care,Breast Adenocarcinoma|DS Stage I Plasma Cell Myeloma|DS Stage II Plasma Cell Myeloma|Metastatic Malignant Neoplasm to the Bone|Pain|Musculoskeletal Complication|Urinary Complications,DRUG: zoledronic acid,2017,NCT00869206,Other,1822,2009-03,2009,Non-Industry,Multiple,Other,2009
PMID 28034081 a_Summary_SoE.pdf,1.0,2.0,5.0,7.0,8.0,9.0,0.75,21.0,1.0,2.0,5.0,7.0,8.0,9.0,0.75,21.0,0.0,0.0,0.0,0.0,0.0,0.0,0.0,28034081,2017.0,INDUSTRY,Yes,GU,Metastatic,Systemic Therapy,Prostate Cancer,DRUG: Ipilimumab|DRUG: Placebo,2017,NCT01057810,Superiority,837,2010-07,2010,Industry,GU,Immunotherapy,2010
PMID 28056202 a_Summary_SoE.pdf,1.0,5.0,11.0,15.0,19.0,24.0,2.0,21.0,1.0,5.0,13.0,26.0,39.0,53.0,4.416666666666667,21.0,0.0,0.0,-2.0,-11.0,-20.0,-29.0,-2.416666666666667,28056202,2017.0,INDUSTRY,Yes,Breast,Metastatic,Systemic Therapy,Breast Cancer,DRUG: docetaxel|DRUG: paclitaxel|DRUG: pertuzumab|DRUG: pertuzumab-placebo|DRUG: trastuzumab [Herceptin]|DRUG: trastuzumab emtansine,2017,NCT01120184,"Superiority, Other",1095,7/31/2010,2010,Industry,Breast,Targeted Therapy,2010
PMID 28076709 a_Summary_SoE.pdf,2.0,3.0,7.0,14.0,17.0,21.0,1.75,56.0,2.0,2.0,4.0,7.0,10.0,14.0,1.1666666666666667,28.0,0.0,1.0,3.0,7.0,7.0,7.0,0.5833333333333333,28076709,2017.0,INDUSTRY,Yes,Other,Metastatic,Local Therapy,Carcinoid Tumor of the Small Bowel|Neuroendocrine Tumour,DRUG: Octreotide LAR|DRUG: 177Lu-DOTA0-Tyr3-Octreotate,2017,NCT01578239,Superiority,231,9/6/2012,2012,Industry,Other,Endocrine,2012
PMID 28125763 a_Summary_SoE.pdf,1.0,2.0,4.0,7.0,10.0,14.0,1.1666666666666667,28.0,1.0,2.0,4.0,7.0,10.0,14.0,1.1666666666666667,28.0,0.0,0.0,0.0,0.0,0.0,0.0,0.0,28125763,2017.0,INDUSTRY,Yes,Breast,Metastatic,Supportive Care,Breast Cancer,DRUG: Zoledronic acid|DRUG: Placebo,2017,NCT00320710,Other,416,2006-02,2006,Industry,Breast,Other,2006
PMID 28126333 a_Summary_SoE.pdf,2.0,3.0,6.0,10.0,14.0,20.0,1.6666666666666667,21.0,2.0,3.0,6.0,10.0,14.0,20.0,1.6666666666666667,21.0,0.0,0.0,0.0,0.0,0.0,0.0,0.0,28126333,2017.0,INDUSTRY,Yes,Thor,Metastatic,Systemic Therapy,Non-Small Cell Lung Cancer,DRUG: Ceritinib|DRUG: Pemetrexed|DRUG: Cisplatin|DRUG: Carboplatin,2017,NCT01828099,Superiority,376,7/9/2013,2013,Industry,Thor,Targeted Therapy,2013
PMID 28135150 a_Summary_SoE.pdf,2.0,21.0,22.0,23.0,24.0,25.0,2.0833333333333335,7.0,2.0,1.0,2.0,3.0,4.0,5.0,0.4166666666666667,0.0,0.0,20.0,20.0,20.0,20.0,20.0,1.6666666666666667,28135150,2017.0,NETWORK,No,Skin,Non-metastatic,Systemic Therapy,Melanoma (Skin),BIOLOGICAL: interferon alfa-2b|OTHER: observation,2017,NCT00003641,Superiority,1150,3/25/1999,1998,Non-Industry,Skin,Immunotherapy,1999
PMID 28139405 CT_Summary_SoE.pdf,1.0,5.0,11.0,19.0,21.0,23.0,1.9166666666666667,28.0,1.0,5.0,11.0,19.0,21.0,23.0,1.9166666666666667,28.0,0.0,0.0,0.0,0.0,0.0,0.0,0.0,28139405,2017.0,INDUSTRY,Yes,Heme,Hematologic,Systemic Therapy,Chronic Lymphocytic Leukemia,DRUG: Idelalisib|DRUG: Rituximab|DRUG: Bendamustine|DRUG: Placebo to match idelalisib,2017,NCT01569295,Superiority,416,6/15/2012,2012,Industry,Heme,Targeted Therapy,2012
PMID 28140392 a_Summary_SoE.pdf,1.0,2.0,4.0,7.0,10.0,14.0,1.1666666666666667,28.0,1.0,3.0,7.0,13.0,20.0,27.0,2.25,28.0,0.0,-1.0,-3.0,-6.0,-10.0,-13.0,-1.0833333333333333,28140392,2017.0,INDUSTRY,Yes,Heme,Hematologic,Systemic Therapy,B-Cell Chronic Lymphocytic Leukemia,DRUG: Lenalidomide|DRUG: Chlorambucil,2017,NCT00910910,Superiority,450,10/13/2009,2009,Industry,Heme,Targeted Therapy,2009
PMID 28146658 a_Summary_SoE.pdf,2.0,22.0,37.0,38.0,39.0,40.0,3.3333333333333335,45.0,2.0,22.0,37.0,38.0,39.0,40.0,3.3333333333333335,45.0,0.0,0.0,0.0,0.0,0.0,0.0,0.0,28146658,2017.0,NETWORK,No,GU,Non-metastatic,Systemic Therapy,Prostate Cancer,DRUG: bicalutamide|RADIATION: radiation therapy|DRUG: placebo,2017,NCT00002874,Superiority,840,1998-02,1998,Non-Industry,GU,Endocrine,1998
PMID 28212060 a_Summary_SoE.pdf,2.0,2.0,5.0,9.0,13.0,18.0,1.5,21.0,2.0,5.0,9.0,13.0,17.0,22.0,1.8333333333333333,21.0,0.0,-3.0,-4.0,-4.0,-4.0,-4.0,-0.3333333333333332,28212060,2017.0,INDUSTRY,Yes,GU,Metastatic,Systemic Therapy,Urothelial Cancer,BIOLOGICAL: pembrolizumab|DRUG: paclitaxel|DRUG: vinflunine|DRUG: docetaxel,2017,NCT02256436,Superiority,542,10/22/2014,2014,Industry,GU,Immunotherapy,2014
PMID 28249141 a_Summary_SoE.pdf,2.0,6.0,15.0,28.0,36.0,42.0,3.5,42.0,2.0,6.0,16.0,27.0,30.0,34.0,2.8333333333333335,28.0,0.0,0.0,-1.0,1.0,6.0,8.0,0.6666666666666665,28249141,2017.0,INDUSTRY,Yes,Heme,Hematologic,Systemic Therapy,Relapsed/Refractory B-precursor Acute Lymphoblastic Leukemia,DRUG: Blinatumomab|DRUG: Standard of Care Chemotherapy,2017,NCT02013167,Superiority,405,1/3/2014,2014,Industry,Heme,Immunotherapy,2014
PMID 28257752 CT_Summary_SoE.pdf,1.0,5.0,9.0,12.0,14.0,16.0,1.3333333333333333,7.0,1.0,5.0,9.0,12.0,14.0,16.0,1.3333333333333333,7.0,0.0,0.0,0.0,0.0,0.0,0.0,0.0,28257752,2017.0,INDUSTRY,Yes,Heme,Hematologic,Systemic Therapy,Chronic Lymphocytic Leukemia,DRUG: Idelalisib|DRUG: Ofatumumab,2017,NCT01659021,Superiority,261,12/4/2012,2012,Industry,Heme,Targeted Therapy,2012
PMID 28296618 a_Summary_SoE.pdf,2.0,16.0,21.0,28.0,34.0,41.0,3.4166666666666665,28.0,2.0,16.0,18.0,19.0,20.0,21.0,1.75,21.0,0.0,0.0,3.0,9.0,14.0,20.0,1.6666666666666663,28296618,2017.0,NETWORK,No,CNS,Solid M0,Systemic Therapy,Brain and Central Nervous System Tumors,DRUG: temozolomide|GENETIC: DNA methylation analysis|PROCEDURE: quality-of-life assessment|RADIATION: Radiation,2017,NCT00482677,Superiority,562,11/14/2007,2007,Non-Industry,CNS,Chemotherapy,2007
PMID 28380315 a_Summary_SoE.pdf,1.0,10.0,18.0,21.0,21.0,22.0,1.8333333333333333,0.0,1.0,11.0,19.0,22.0,22.0,23.0,1.9166666666666667,0.0,0.0,-1.0,-1.0,-1.0,-1.0,-1.0,-0.0833333333333334,28380315,2017.0,OTHER,No,Heme,Hematologic,Systemic Therapy,"Leukemia, Myelocytic, Acute",DRUG: Fludarabine and Busulfan|DRUG: Fludarabine and Melphalan|DRUG: Busulfan and Fludarabine|DRUG: Busulfan and Cyclophosphamide|DRUG: Cyclophosphamide and Total Body Irradiation,2017,NCT01339910,Other,272,2011-06,2011,Non-Industry,Heme,Chemotherapy,2011
PMID 28384065 a_Summary_SoE.pdf,1.0,2.0,5.0,9.0,13.0,18.0,1.5,21.0,1.0,2.0,5.0,9.0,13.0,18.0,1.5,21.0,0.0,0.0,0.0,0.0,0.0,0.0,0.0,28384065,2017.0,NIH,Yes,Other,Metastatic,Systemic Therapy,Colorectal Neuroendocrine Tumor G1|Gastric Neuroendocrine Tumor G1|Neuroendocrine Neoplasm|Neuroendocrine Tumor|Neuroendocrine Tumor G2,BIOLOGICAL: Bevacizumab|OTHER: Laboratory Biomarker Analysis|DRUG: Octreotide Acetate|BIOLOGICAL: Recombinant Interferon Alfa-2b,2017,NCT00569127,Superiority,427,12/1/2007,2007,Industry,Other,Immunotherapy,2007
PMID 28438473 a_Summary_SoE.pdf,1.0,2.0,10.0,23.0,30.0,34.0,2.8333333333333335,21.0,2.0,7.0,15.0,27.0,28.0,29.0,2.4166666666666665,21.0,-1.0,-5.0,-5.0,-4.0,2.0,5.0,0.4166666666666669,28438473,2017.0,NIH,Yes,GYN,"Metastatic, Non-metastatic",Systemic Therapy,Clear Cell Adenocarcinoma|Fallopian Tube Clear Cell Adenocarcinoma|Fallopian Tube Endometrioid Adenocarcinoma|Fallopian Tube Mucinous Adenocarcinoma|Fallopian Tube Serous Adenocarcinoma|Fallopian Tube Transitional Cell Carcinoma|Fallopian Tube Undifferentiated Carcinoma|Mucinous Adenocarcinoma|Ovarian Brenner Tumor|Ovarian Clear Cell Adenocarcinofibroma|Ovarian Clear Cell Adenocarcinoma|Ovarian Endometrioid Adenocarcinoma|Ovarian Seromucinous Carcinoma|Ovarian Serous Adenocarcinoma|Ovarian Transitional Cell Carcinoma|Ovarian Undifferentiated Carcinoma|Primary Peritoneal Clear Cell Adenocarcinoma|Primary Peritoneal Endometrioid Adenocarcinoma|Primary Peritoneal Serous Adenocarcinoma|Primary Peritoneal Transitional Cell Carcinoma|Primary Peritoneal Undifferentiated Carcinoma|Recurrent Fallopian Tube Carcinoma|Recurrent Ovarian Carcinoma|Recurrent Primary Peritoneal Carcinoma|Undifferentiated Carcinoma,BIOLOGICAL: Bevacizumab|DRUG: Carboplatin|DRUG: Docetaxel|DRUG: Gemcitabine Hydrochloride|OTHER: Laboratory Biomarker Analysis|DRUG: Paclitaxel|OTHER: Quality-of-Life Assessment,2017,NCT00565851,Superiority,1052,12/6/2007,2007,Industry,GYN,Targeted Therapy,2007
PMID 28492898 CT_Summary_SoE.pdf,1.0,6.0,12.0,17.0,21.0,26.0,2.1666666666666665,21.0,1.0,6.0,12.0,17.0,21.0,26.0,2.1666666666666665,21.0,0.0,0.0,0.0,0.0,0.0,0.0,0.0,28492898,2017.0,INDUSTRY,Yes,Thor,Metastatic,Systemic Therapy,Locally Advanced or Metastatic Non Small Cell Lung Cancer Stage IIIb - IV,DRUG: Selumetinib|DRUG: Docetaxel|DRUG: Placebo|DRUG: Pegylated G-CSF,2017,NCT01933932,Superiority,510,9/25/2013,2013,Industry,Thor,Targeted Therapy,2013
PMID 28501140 CT_Summary_SoE.pdf,2.0,2.0,3.0,5.0,6.0,8.0,0.6666666666666666,56.0,2.0,2.0,3.0,5.0,6.0,8.0,0.6666666666666666,56.0,0.0,0.0,0.0,0.0,0.0,0.0,0.0,28501140,2017.0,INDUSTRY,Yes,Thor,Metastatic,Systemic Therapy,Non-Small Cell Lung Cancer,DRUG: Alectinib|DRUG: Crizotinib,2017,NCT02075840,Other,303,8/19/2014,2014,Industry,Thor,Targeted Therapy,2014
PMID 28578601 a_Summary_SoE.pdf,2.0,4.0,7.0,11.0,15.0,20.0,1.6666666666666667,21.0,2.0,5.0,10.0,19.0,27.0,37.0,3.0833333333333335,21.0,0.0,-1.0,-3.0,-8.0,-12.0,-17.0,-1.4166666666666667,28578601,2017.0,INDUSTRY,Yes,Breast,Metastatic,Systemic Therapy,Breast Cancer Metastatic|BRCA 1 Gene Mutation|BRCA 2 Gene Mutation,DRUG: Olaparib|DRUG: Physician's choice chemotherapy,2017,NCT02000622,Superiority,302,3/27/2014,2014,Industry,Breast,Targeted Therapy,2014
PMID 28578607 a_Summary_SoE.pdf,2.0,3.0,7.0,10.0,13.0,17.0,1.4166666666666667,28.0,2.0,3.0,7.0,10.0,13.0,17.0,1.4166666666666667,28.0,0.0,0.0,0.0,0.0,0.0,0.0,0.0,28578607,2017.0,INDUSTRY,Yes,GU,Metastatic,Systemic Therapy,Prostate Neoplasms,DRUG: Abiraterone acetate|DRUG: Prednisone|OTHER: Androgen deprivation therapy (ADT)|DRUG: Abiraterone acetate Placebo|DRUG: Prednisone Placebo,2017,NCT01715285,Superiority,1209,2/12/2013,2013,Industry,GU,Endocrine,2013
PMID 28580882 a_Summary_SoE.pdf,2.0,3.0,5.0,8.0,11.0,15.0,1.25,28.0,2.0,3.0,5.0,8.0,11.0,15.0,1.25,28.0,0.0,0.0,0.0,0.0,0.0,0.0,0.0,28580882,2017.0,INDUSTRY,Yes,Breast,Metastatic,Systemic Therapy,Breast Neoplasms,DRUG: Abemaciclib|DRUG: Fulvestrant|DRUG: Placebo,2017,NCT02107703,Superiority,669,7/22/2014,2014,Industry,Breast,Targeted Therapy,2014
PMID 28581356 a_Summary_SoE.pdf,2.0,2.0,5.0,9.0,13.0,18.0,1.5,21.0,2.0,2.0,5.0,9.0,13.0,18.0,1.5,21.0,0.0,0.0,0.0,0.0,0.0,0.0,0.0,28581356,2017.0,INDUSTRY,Yes,Breast,Non-metastatic,Systemic Therapy,Breast Cancer,DRUG: 5-Fluorouracil|DRUG: Carboplatin|DRUG: Cyclophosphamide|DRUG: Docetaxel|DRUG: Doxorubicin|DRUG: Epirubicin|DRUG: Paclitaxel|DRUG: Pertuzumab|DRUG: Placebo|DRUG: Trastuzumab,2017,NCT01358877,Superiority,4804,11/8/2011,2011,Industry,Breast,Targeted Therapy,2011
PMID 28600132 CT_Summary_SoE.pdf,1.0,4.0,9.0,13.0,17.0,21.0,1.75,21.0,1.0,2.0,5.0,9.0,13.0,17.0,1.4166666666666667,21.0,0.0,2.0,4.0,4.0,4.0,4.0,0.3333333333333332,28600132,2017.0,INDUSTRY,Yes,Heme,Hematologic,Systemic Therapy,Primary Cutaneous Anaplastic Large Cell Lymphoma|Mycosis Fungoides|Cutaneous T-Cell Lymphoma,DRUG: Brentuximab Vedotin|DRUG: Methotrexate|DRUG: Bexarotene,2017,NCT01578499,Superiority,131,6/11/2012,2012,Industry,Heme,Targeted Therapy,2012
PMID 28632865 a_Summary_SoE.pdf,2.0,5.0,13.0,26.0,39.0,53.0,4.416666666666667,56.0,2.0,3.0,7.0,13.0,20.0,27.0,2.25,56.0,0.0,2.0,6.0,13.0,19.0,26.0,2.166666666666667,28632865,2017.0,OTHER,No,GI,Metastatic,Systemic Therapy,Colorectal Cancer,BIOLOGICAL: bevacizumab|BIOLOGICAL: cetuximab|DRUG: FOLFOX or|DRUG: FOLFIRI,2017,NCT00265850,Superiority,2334,2005-11,2005,Non-Industry,GI,Targeted Therapy,2005
PMID 28636851 a_Summary_SoE.pdf,2.0,3.0,7.0,13.0,20.0,27.0,2.25,14.0,2.0,4.0,9.0,15.0,18.0,21.0,1.75,21.0,0.0,-1.0,-2.0,-2.0,2.0,6.0,0.5,28636851,2017.0,INDUSTRY,Yes,Thor,Metastatic,Systemic Therapy,Stage IV or Recurrent Non-Small Cell Lung Cancer,BIOLOGICAL: Nivolumab|DRUG: Gemcitabine|DRUG: Cisplatin|DRUG: Carboplatin|DRUG: Paclitaxel|DRUG: Pemetrexed,2017,NCT02041533,Superiority,541,3/27/2014,2014,Industry,Thor,Immunotherapy,2014
PMID 28644114 a_Summary_SoE.pdf,2.0,13.0,30.0,48.0,56.0,66.0,5.5,28.0,2.0,13.0,30.0,48.0,56.0,66.0,5.5,28.0,0.0,0.0,0.0,0.0,0.0,0.0,0.0,28644114,2017.0,OTHER,No,Heme,Hematologic,Systemic Therapy,Leukemia,DRUG: cytarabine|DRUG: daunorubicin|DRUG: midostaurin|OTHER: placebo|DRUG: dexamethasone acetate,2017,NCT00651261,Superiority,717,2008-04,2008,Non-Industry,Heme,Targeted Therapy,2008
PMID 28687830 a_Summary_SoE.pdf,3.0,22.0,29.0,30.0,31.0,32.0,2.6666666666666665,7.0,3.0,22.0,29.0,30.0,31.0,32.0,2.6666666666666665,7.0,0.0,0.0,0.0,0.0,0.0,0.0,0.0,28687830,2017.0,NETWORK,No,GI,Non-metastatic,Systemic Therapy,Esophageal Cancer,DRUG: cetuximab|DRUG: cisplatin|DRUG: paclitaxel|RADIATION: radiation therapy,2017,NCT00655876,Superiority,344,2008-06,2008,Non-Industry,GI,Targeted Therapy,2008
PMID 28746153 CT_Summary_SoE.pdf,1.0,8.0,8.0,8.0,8.0,8.0,0.6666666666666666,0.0,1.0,8.0,8.0,8.0,8.0,8.0,0.6666666666666666,0.0,0.0,0.0,0.0,0.0,0.0,0.0,0.0,28746153,2017.0,OTHER,No,GI,NS,Supportive Care,Liver Cancer|Pancreatic Cancer,PROCEDURE: Intravenous Patient-Controlled Analgesia (IVPCA)|PROCEDURE: Thoracic Epidural Analgesia (TEA)|BEHAVIORAL: Questionnaires|BEHAVIORAL: Pain Assessment,2017,NCT01438476,Superiority,178,1/26/2012,2012,Non-Industry,GI,Procedure,2012
PMID 28753384 a_Summary_SoE.pdf,2.0,5.0,11.0,15.0,19.0,24.0,2.0,21.0,2.0,5.0,11.0,15.0,19.0,24.0,2.0,21.0,0.0,0.0,0.0,0.0,0.0,0.0,0.0,28753384,2017.0,INDUSTRY,Yes,GU,Metastatic,Systemic Therapy,Prostate Cancer,DRUG: Cabazitaxel (XRP6258)|DRUG: Docetaxel (XRP6976)|DRUG: Prednisone,2017,NCT01308567,Superiority,1168,5/5/2011,2011,Industry,GU,Chemotherapy,2011
PMID 28754483 CT_Summary_SoE.pdf,0.0,0.0,0.0,0.0,0.0,0.0,0.0,,0.0,0.0,0.0,0.0,0.0,0.0,0.0,,0.0,0.0,0.0,0.0,0.0,0.0,0.0,28754483,2017.0,INDUSTRY,Yes,GYN,Metastatic,Systemic Therapy,Platinum Sensitive|BRCA Mutated|Relapsed Ovarian Cancer|Following Complete or Partial Response to Platinum Based Chemotherapy,DRUG: Olaparib 300mg tablets|DRUG: Placebo to match olaparib 300mg,2017,NCT01874353,Superiority,327,9/3/2013,2013,Industry,GYN,Targeted Therapy,2013
PMID 28796588 a_Summary_SoE.pdf,2.0,4.0,8.0,12.0,13.0,14.0,1.1666666666666667,21.0,2.0,2.0,6.0,10.0,11.0,12.0,1.0,21.0,0.0,2.0,2.0,2.0,2.0,2.0,0.1666666666666667,28796588,2017.0,INDUSTRY,Yes,Heme,Hematologic,Systemic Therapy,Diffuse Large B-Cell Lymphoma,DRUG: Rituximab|DRUG: Obinutuzumab|DRUG: Cyclophosphamide|DRUG: Doxorubicin|DRUG: Vincristine|DRUG: Prednisone,2017,NCT01287741,Superiority,1418,7/26/2011,2011,Industry,Heme,Targeted Therapy,2011
PMID 28809610 a_Summary_SoE.pdf,2.0,5.0,11.0,15.0,18.0,20.0,1.6666666666666667,21.0,2.0,5.0,11.0,15.0,18.0,20.0,1.6666666666666667,21.0,0.0,0.0,0.0,0.0,0.0,0.0,0.0,28809610,2017.0,INDUSTRY,Yes,GU,Metastatic,Systemic Therapy,Prostate Cancer,DRUG: Cabazitaxel (XRP6258)|DRUG: Prednisone (or Prednisolone),2017,NCT01308580,Other,1200,2011-04,2011,Industry,GU,Chemotherapy,2011
PMID 28854067 a_Summary_SoE.pdf,1.0,2.0,5.0,8.0,9.0,10.0,0.8333333333333334,21.0,1.0,2.0,5.0,8.0,9.0,10.0,0.8333333333333334,21.0,0.0,0.0,0.0,0.0,0.0,0.0,0.0,28854067,2017.0,INDUSTRY,Yes,Thor,Metastatic,Systemic Therapy,Lung Cancer - Non Small Cell Squamous,DRUG: Ipilimumab|DRUG: Placebo|DRUG: Paclitaxel|DRUG: Carboplatin,2017,NCT01285609,Superiority,1289,1/16/2011,2011,Industry,Thor,Immunotherapy,2011
PMID 28885881 a_Summary_SoE.pdf,1.0,3.0,7.0,13.0,20.0,26.0,2.1666666666666665,14.0,1.0,3.0,7.0,13.0,20.0,26.0,2.1666666666666665,14.0,0.0,0.0,0.0,0.0,0.0,0.0,0.0,28885881,2017.0,INDUSTRY,Yes,Thor,Non-metastatic,Systemic Therapy,Non-Small Cell Lung Cancer,DRUG: MEDI4736|OTHER: PLACEBO,2017,NCT02125461,Superiority,713,5/7/2014,2014,Industry,Thor,Other,2014
PMID 28891408 a_Summary_SoE.pdf,2.0,2.0,4.0,7.0,10.0,13.0,1.0833333333333333,28.0,2.0,2.0,4.0,7.0,10.0,13.0,1.0833333333333333,28.0,0.0,0.0,0.0,0.0,0.0,0.0,0.0,28891408,2017.0,INDUSTRY,Yes,Skin,Non-metastatic,Systemic Therapy,Melanoma,DRUG: Dabrafenib|DRUG: Trametinib|DRUG: Placebos,2017,NCT01682083,Superiority,870,1/8/2013,2013,Industry,Skin,Targeted Therapy,2013
PMID 28891423 a_Summary_SoE.pdf,1.0,4.0,9.0,16.0,24.0,31.0,2.5833333333333335,14.0,1.5,4.0,9.0,16.0,24.0,31.0,2.5833333333333335,17.5,-0.5,0.0,0.0,0.0,0.0,0.0,0.0,28891423,2017.0,INDUSTRY,Yes,Skin,Metastatic,Systemic Therapy,Melanoma,DRUG: Ipilimumab|DRUG: Nivolumab|OTHER: Placebo matching Ipilimumab|OTHER: Placebo matching Nivolumab,2017,NCT02388906,Superiority,906,3/19/2015,2015,Industry,Skin,Immunotherapy,2015
PMID 28902533 a_Summary_SoE.pdf,1.0,3.0,7.0,10.0,12.0,14.0,1.1666666666666667,0.0,1.0,3.0,7.0,10.0,12.0,14.0,1.1666666666666667,0.0,0.0,0.0,0.0,0.0,0.0,0.0,0.0,28902533,2017.0,INDUSTRY,Yes,GU,Non-metastatic,Systemic Therapy,Renal Cell Carcinoma (RCC)|Cancer,DRUG: pazopanib|DRUG: placebo|DRUG: pazopanib|DRUG: placebo,2017,NCT01235962,Superiority,1538,11/30/2010,2010,Industry,GU,Targeted Therapy,2010
PMID 28916367 a_Summary_SoE.pdf,2.0,2.0,4.0,7.0,10.0,14.0,1.1666666666666667,28.0,2.0,2.0,4.0,7.0,10.0,14.0,1.1666666666666667,28.0,0.0,0.0,0.0,0.0,0.0,0.0,0.0,28916367,2017.0,INDUSTRY,Yes,GYN,Metastatic,Systemic Therapy,Ovarian Cancer|Fallopian Tube Cancer|Peritoneal Cancer,DRUG: Rucaparib|DRUG: Placebo,2017,NCT01968213,Superiority,564,4/7/2014,2014,Industry,GYN,Targeted Therapy,2014
PMID 28916371 a_Summary_SoE.pdf,2.0,2.0,5.0,9.0,13.0,18.0,1.5,21.0,2.0,2.0,5.0,9.0,13.0,18.0,1.5,21.0,0.0,0.0,0.0,0.0,0.0,0.0,0.0,28916371,2017.0,INDUSTRY,Yes,GU,Metastatic,Systemic Therapy,Urothelial Carcinoma,DRUG: Ramucirumab|DRUG: Docetaxel|DRUG: Placebo,2017,NCT02426125,Superiority,530,7/13/2015,2015,Industry,GU,Targeted Therapy,2015
PMID 28935843 a_Summary_SoE.pdf,1.0,3.0,8.0,10.0,10.0,10.0,0.8333333333333334,14.0,1.0,3.0,8.0,10.0,10.0,10.0,0.8333333333333334,14.0,0.0,0.0,0.0,0.0,0.0,0.0,0.0,28935843,2017.0,INDUSTRY,Yes,Heme,Hematologic,Systemic Therapy,"Lymphoma, Large B-Cell, Diffuse",DRUG: CHOP|DRUG: rituximab [MabThera/Rituxan]|DRUG: rituximab [MabThera/Rituxan],2017,NCT01649856,Superiority,572,8/24/2012,2012,Industry,Heme,Targeted Therapy,2012
PMID 28958469a_Summary_SoE.pdf,2.0,4.0,9.0,13.0,18.0,22.0,1.8333333333333333,28.0,2.0,4.0,9.0,13.0,18.0,22.0,1.8333333333333333,28.0,0.0,0.0,0.0,0.0,0.0,0.0,0.0,28958469,2017.0,INDUSTRY,Yes,Heme,Hematologic,Systemic Therapy,B-cell Chronic Lymphocytic Leukemia,DRUG: Lenalidomide|DRUG: Placebo,2017,NCT00774345,Superiority,317,1/27/2009,2009,Industry,Heme,Targeted Therapy,2009
PMID 28968163 CT a_Summary_SoE.pdf,1.0,2.0,5.0,10.0,14.0,20.0,1.6666666666666667,28.0,1.0,2.0,5.0,10.0,14.0,20.0,1.6666666666666667,28.0,0.0,0.0,0.0,0.0,0.0,0.0,0.0,28968163,2017.0,INDUSTRY,Yes,Breast,Metastatic,Systemic Therapy,Breast Cancer,DRUG: Abemaciclib|DRUG: Anastrozole|DRUG: Letrozole|DRUG: Placebo,2017,NCT02246621,Superiority,493,11/6/2014,2014,Industry,Breast,Targeted Therapy,2014
PMID 28976863 a_Summary_SoE.pdf,2.0,4.0,8.0,12.0,15.0,16.0,1.3333333333333333,21.0,2.0,2.0,6.0,10.0,13.0,14.0,1.1666666666666667,21.0,0.0,2.0,2.0,2.0,2.0,2.0,0.1666666666666665,28976863,2017.0,INDUSTRY,Yes,Heme,Hematologic,Systemic Therapy,Non-Hodgkin's Lymphoma,DRUG: Obinutuzumab|DRUG: Cyclophosphamide|DRUG: Doxorubicin|DRUG: Vincristine|DRUG: Prednisone|DRUG: Bendamustine|DRUG: Rituximab,2017,NCT01332968,Superiority,1401,7/6/2011,2011,Industry,Heme,Targeted Therapy,2011
PMID 29091516 a_Summary_SoE.pdf,3.0,5.0,9.0,12.0,13.0,14.0,1.1666666666666667,28.0,3.0,5.0,9.0,12.0,13.0,14.0,1.1666666666666667,28.0,0.0,0.0,0.0,0.0,0.0,0.0,0.0,29091516,2018.0,INDUSTRY,Yes,Heme,Hematologic,Systemic Therapy,"Leukemia, Myelogenous, Chronic, Breakpoint Cluster Region-Abelson Proto-oncogene (BCR-ABL) Positive",DRUG: Bosutinib|DRUG: Imatinib,2017,NCT02130557,Superiority,536,7/15/2014,2014,Industry,Heme,Other,2014
PMID 29103871 CT_Summary_SoE.pdf,2.0,5.0,12.0,21.0,24.0,28.0,2.3333333333333335,28.0,2.0,5.0,12.0,21.0,24.0,28.0,2.3333333333333335,28.0,0.0,0.0,0.0,0.0,0.0,0.0,0.0,29103871,2017.0,INDUSTRY,Yes,GI,Metastatic,Systemic Therapy,Gastric Cancer,DRUG: Olaparib|DRUG: Paclitaxel|DRUG: Placebo,2017,NCT01924533,Superiority,525,9/3/2013,2013,Industry,GI,Targeted Therapy,2013
PMID 29136387 a_Summary_SoE.pdf,1.0,2.0,4.0,5.0,5.0,5.0,0.4166666666666667,0.0,1.0,2.0,4.0,5.0,5.0,5.0,0.4166666666666667,0.0,0.0,0.0,0.0,0.0,0.0,0.0,0.0,29136387,2018.0,NETWORK,No,Breast,Non-metastatic,Supportive Care,Breast Cancer|Musculoskeletal Complications|Pain,DRUG: duloxetine hydrochloride|OTHER: placebo,2018,NCT01598298,Superiority,299,5/15/2013,2013,Non-Industry,Breast,Other,2013
PMID 29151359 a_Summary_SoE.pdf,1.0,4.0,7.0,10.0,12.0,14.0,1.1666666666666667,21.0,1.0,4.0,7.0,10.0,12.0,14.0,1.1666666666666667,21.0,0.0,0.0,0.0,0.0,0.0,0.0,0.0,29151359,2018.0,INDUSTRY,Yes,Thor,Metastatic,Systemic Therapy,Locally Advanced or Metastatic EGFR Sensitising Mutation Positive Non Small Cell Lung Cancer,DRUG: AZD9291 80 mg/40 mg + placebo|DRUG: Placebo Erlotinib 150/100mg|DRUG: Placebo Gefitinib 250 mg|DRUG: Erlotinib 150/100 mg|DRUG: Gefitinib 250 mg|DRUG: Placebo AZD9291 80 mg/ 40 mg,2018,NCT02296125,Superiority,674,12/3/2014,2014,Industry,Thor,Targeted Therapy,2014
PMID 29158011 CT_Summary_SoE.pdf,1.0,0.0,0.0,1.0,1.0,2.0,0.1666666666666666,0.0,1.0,0.0,0.0,1.0,1.0,2.0,0.1666666666666666,90.0,0.0,0.0,0.0,0.0,0.0,0.0,0.0,29158011,2018.0,NETWORK,No,Breast,Non-metastatic,Systemic Therapy,Breast Cancer,DRUG: Letrozole|DRUG: Letrozole,2018,NCT00553410,Superiority,4884,2007-08,2007,Non-Industry,Breast,Endocrine,2007
PMID 29169877 CT_Summary_SoE.pdf,1.0,5.0,13.0,26.0,39.0,52.0,4.333333333333333,21.0,1.0,2.0,5.0,8.0,10.0,12.0,1.0,21.0,0.0,3.0,8.0,18.0,29.0,40.0,3.333333333333333,29169877,2018.0,NETWORK,No,Thor,Metastatic,Systemic Therapy,Recurrent Large Cell Lung Carcinoma|Recurrent Lung Adenocarcinoma|Recurrent Squamous Cell Lung Carcinoma|Stage IV Large Cell Lung Carcinoma|Stage IV Lung Adenocarcinoma|Stage IV Squamous Cell Lung Carcinoma,BIOLOGICAL: Bevacizumab|DRUG: Carboplatin|BIOLOGICAL: Cetuximab|OTHER: Laboratory Biomarker Analysis|DRUG: Paclitaxel,2018,NCT00946712,Superiority,1333,7/15/2009,2009,Non-Industry,Thor,Targeted Therapy,2009
PMID 29224502 a_Summary_SoE.pdf,1.0,5.0,12.0,17.0,19.0,20.0,1.6666666666666667,28.0,1.0,3.0,8.0,13.0,15.0,16.0,1.3333333333333333,28.0,0.0,2.0,4.0,4.0,4.0,4.0,0.3333333333333335,29224502,2018.0,INDUSTRY,Yes,Heme,Hematologic,Systemic Therapy,Hodgkin Lymphoma,DRUG: brentuximab vedotin|DRUG: doxorubicin|DRUG: bleomycin|DRUG: vinblastine|DRUG: dacarbazine,2018,NCT01712490,Superiority,1334,11/9/2012,2012,Industry,Heme,Targeted Therapy,2012
PMID 29231094 a_Summary_SoE.pdf,1.0,1.0,3.0,4.0,5.0,6.0,0.5,0.0,1.0,1.0,3.0,4.0,5.0,6.0,0.5,0.0,0.0,0.0,0.0,0.0,0.0,0.0,0.0,29231094,2018.0,INDUSTRY,Yes,Multiple,NS,Supportive Care,Venous Thromboembolism (VTE)|Deep Vein Thrombosis (DVT)|Pulmonary Embolism (PE)|Cancer,DRUG: Edoxaban|DRUG: Dalteparin|DRUG: Low molecular weight heparin,2018,NCT02073682,Other,1046,7/16/2015,2015,Industry,Multiple,Other,2015
PMID 29238824 a_Summary_SoE.pdf,1.0,3.0,3.0,3.0,3.0,3.0,0.25,0.0,1.0,3.0,3.0,3.0,3.0,3.0,0.25,0.0,0.0,0.0,0.0,0.0,0.0,0.0,0.0,29238824,2018.0,OTHER,No,All,NS,Supportive Care,Pain|Breast Cancer|Lung Cancer,DRUG: Gabapentin|DRUG: Lorazepam (active control)|DRUG: Placebo (inactive),2018,NCT01067144,Superiority,422,2010-05,2010,Non-Industry,Other,Other,2010
PMID 29244528 a_Summary_SoE.pdf,1.0,2.0,5.0,9.0,11.0,13.0,1.0833333333333333,21.0,1.0,2.0,5.0,9.0,13.0,18.0,1.5,21.0,0.0,0.0,0.0,0.0,-2.0,-5.0,-0.4166666666666667,29244528,2018.0,INDUSTRY,Yes,Breast,Metastatic,Systemic Therapy,"Neoplasms, Breast",DRUG: lapatinib|DRUG: trastuzumab|DRUG: Aromatase inhibitor|DRUG: lapatinib,2018,NCT01160211,Other,369,5/5/2011,2011,Industry,Breast,Targeted Therapy,2011
PMID 29268948 a_Summary_SoE.pdf,2.0,2.0,6.0,11.0,15.0,20.0,1.6666666666666667,21.0,2.0,2.0,6.0,11.0,15.0,20.0,1.6666666666666667,21.0,0.0,0.0,0.0,0.0,0.0,0.0,0.0,29268948,2018.0,INDUSTRY,Yes,GU,Metastatic,Systemic Therapy,Bladder Cancer,"DRUG: Atezolizumab (MPDL3280A) [TECENTRIQ], an engineered anti-PDL1 antibody|DRUG: Docetaxel|DRUG: Paclitaxel|DRUG: Vinflunine",2018,NCT02302807,Other,931,1/13/2015,2015,Industry,GU,Immunotherapy,2015
PMID 29373094 a_Summary_SoE.pdf,2.0,3.0,6.0,11.0,15.0,20.0,1.6666666666666667,21.0,2.0,3.0,6.0,11.0,15.0,20.0,1.6666666666666667,21.0,0.0,0.0,0.0,0.0,0.0,0.0,0.0,29373094,2018.0,INDUSTRY,Yes,Breast,Non-metastatic,Systemic Therapy,HER2 Positive Early or Locally Advanced Breast Cancer,DRUG: Herceptin (trastuzuamb)|DRUG: SB3 (proposed trastuzumab biosimilar),2018,NCT02149524,Other,875,2014-04,2014,Industry,Breast,Targeted Therapy,2014
PMID 29420164 a_Summary_SoE.pdf,1.0,2.0,4.0,7.0,8.0,10.0,0.8333333333333334,28.0,1.0,2.0,4.0,7.0,8.0,10.0,0.8333333333333334,28.0,0.0,0.0,0.0,0.0,0.0,0.0,0.0,29420164,2018.0,INDUSTRY,Yes,GU,Non-metastatic,Systemic Therapy,Prostatic Neoplasms,DRUG: Apalutamide|DRUG: Placebo,2018,NCT01946204,Superiority,1207,2013-10,2013,Industry,GU,Endocrine,2013
PMID 29477665 CT_Summary_SoE.pdf,3.0,5.0,8.0,11.0,14.0,17.0,1.4166666666666667,28.0,3.0,5.0,8.0,11.0,14.0,17.0,1.4166666666666667,28.0,0.0,0.0,0.0,0.0,0.0,0.0,0.0,29477665,2018.0,INDUSTRY,Yes,Skin,Non-metastatic,Systemic Therapy,Melanoma,DRUG: Vemurafenib|DRUG: Placebo,2018,NCT01667419,Superiority,498,9/24/2012,2012,Industry,Skin,Targeted Therapy,2012
PMID 29522138 a_Summary_SoE.pdf,3.0,4.0,6.0,9.0,10.0,11.0,0.9166666666666666,28.0,3.0,4.0,6.0,9.0,10.0,11.0,0.9166666666666666,28.0,0.0,0.0,0.0,0.0,0.0,0.0,0.0,29522138,2018.0,INDUSTRY,Yes,Heme,Hematologic,Systemic Therapy,Primary Myelofibrosis|Post-polycythemia Vera Myelofibrosis|Post-essential Thrombocythemia Myelofibrosis,DRUG: Pacritinib|DRUG: Best Available Therapy,2018,NCT02055781,Superiority,311,2014-02,2014,Industry,Heme,Other,2014
PMID 29528792 a_Summary_SoE.pdf,1.0,4.0,7.0,11.0,15.0,20.0,1.6666666666666667,21.0,1.0,4.0,7.0,11.0,15.0,20.0,1.6666666666666667,21.0,0.0,0.0,0.0,0.0,0.0,0.0,0.0,29528792,2018.0,INDUSTRY,Yes,Other,Metastatic,Systemic Therapy,Metastatic|Uveal Melanoma,DRUG: 75mg selumetinib|DRUG: placebo|DRUG: Dacarbazine,2018,NCT01974752,Superiority,152,2014-04,2014,Industry,Other,Targeted Therapy,2014
PMID 29543933 a_Summary_SoE.pdf,2.0,22.0,45.0,46.0,47.0,48.0,4.0,3.5,2.0,22.0,40.0,41.0,42.0,43.0,3.5833333333333335,3.5,0.0,0.0,5.0,5.0,5.0,5.0,0.4166666666666665,29543933,2018.0,NETWORK,No,GU,Non-metastatic,Local Therapy,Prostate Cancer,RADIATION: 70.2 Gy 3D-CRT/IMRT|RADIATION: 79.2 Gy 3D-CRT/IMRT,2018,NCT00033631,Superiority,1534,2002-03,2002,Non-Industry,GU,Radiation,2002
PMID 29562145 a_Summary_SoE.pdf,2.0,2.0,5.0,11.0,18.0,25.0,2.0833333333333335,42.0,2.0,1.0,3.0,5.0,7.0,9.0,0.75,42.0,0.0,1.0,2.0,6.0,11.0,16.0,1.3333333333333337,29562145,2018.0,INDUSTRY,Yes,GU,Metastatic,Systemic Therapy,Advanced Renal Cell Carcinoma|Metastatic Renal Cell Carcinoma,BIOLOGICAL: Nivolumab|BIOLOGICAL: Ipilimumab|DRUG: Sunitinib,2018,NCT02231749,Superiority,1390,10/16/2014,2014,Industry,GU,Immunotherapy,2014
PMID 29562156 a_Summary_SoE.pdf,1.0,6.0,13.0,19.0,21.0,22.0,1.8333333333333333,28.0,1.0,6.0,14.0,20.0,21.0,22.0,1.8333333333333333,28.0,0.0,0.0,-1.0,-1.0,0.0,0.0,0.0,29562156,2018.0,INDUSTRY,Yes,Heme,Hematologic,Systemic Therapy,Chronic Lymphocytic Leukemia,DRUG: Bendamustine|DRUG: Venetoclax|DRUG: Rituximab,2018,NCT02005471,Superiority,389,3/17/2014,2014,Industry,Heme,Targeted Therapy,2014
PMID 29573941 a_Summary_SoE.pdf,2.0,2.0,4.0,7.0,10.0,14.0,1.1666666666666667,28.0,2.0,2.0,4.0,7.0,10.0,14.0,1.1666666666666667,28.0,0.0,0.0,0.0,0.0,0.0,0.0,0.0,29573941,2018.0,INDUSTRY,Yes,Skin,Metastatic,Systemic Therapy,Melanoma,DRUG: LGX818|DRUG: MEK162|DRUG: vemurafenib,2018,NCT01909453,Superiority,921,9/16/2013,2013,Industry,Skin,Targeted Therapy,2013
PMID 29624463 a_Summary_SoE.pdf,1.0,3.0,9.0,11.0,12.0,14.0,1.1666666666666667,21.0,1.0,1.0,1.0,2.0,3.0,5.0,0.4166666666666667,91.0,0.0,2.0,8.0,9.0,9.0,9.0,0.75,29624463,2018.0,NETWORK,No,GU,Non-metastatic,Systemic Therapy,Prostate Cancer,DRUG: bicalutamide|DRUG: goserelin|DRUG: mitoxantrone hydrochloride|DRUG: prednisone,2018,NCT00004124,Superiority,983,10/15/1999,1999,Non-Industry,GU,Endocrine,1999
PMID 29625879 CT_Summary_SoE.pdf,2.0,8.0,14.0,20.0,27.0,34.0,2.8333333333333335,28.0,2.0,8.0,14.0,20.0,27.0,34.0,2.8333333333333335,28.0,0.0,0.0,0.0,0.0,0.0,0.0,0.0,29625879,2018.0,INDUSTRY,Yes,GI,Non-metastatic,Systemic Therapy,Hepatocellular Carcinoma,DRUG: Tivantinib|DRUG: Placebo,2018,NCT01755767,Superiority,383,12/27/2012,2012,Industry,GI,Other,2012
PMID 29658430 a_Summary_SoE.pdf,3.0,2.0,5.0,9.0,13.0,18.0,1.5,21.0,3.0,2.0,5.0,9.0,13.0,18.0,1.5,21.0,0.0,0.0,0.0,0.0,0.0,0.0,0.0,29658430,2018.0,INDUSTRY,Yes,Skin,Non-metastatic,Systemic Therapy,Melanoma,BIOLOGICAL: pembrolizumab|DRUG: placebo,2018,NCT02362594,Superiority,1019,7/16/2015,2015,Industry,Skin,Immunotherapy,2015
PMID 29658856 a_Summary_SoE.pdf,1.0,2.0,5.0,9.0,13.0,18.0,1.5,21.0,1.0,2.0,5.0,9.0,13.0,18.0,1.5,21.0,0.0,0.0,0.0,0.0,0.0,0.0,0.0,29658856,2018.0,INDUSTRY,Yes,Thor,Metastatic,Systemic Therapy,Non-Small-Cell Lung Carcinoma,BIOLOGICAL: Pembrolizumab 200 mg|DRUG: Cisplatin|DRUG: Carboplatin|DRUG: Pemetrexed|DIETARY_SUPPLEMENT: Folic acid 350-1000 Î¼g|DIETARY_SUPPLEMENT: Vitamin B12 1000 Î¼g|DRUG: Dexamethasone 4 mg|DRUG: Saline solution,2018,NCT02578680,Superiority,616,1/15/2016,2016,Industry,Thor,Immunotherapy,2016
PMID 29668860 a_Summary_SoE.pdf,0.0,0.0,0.0,0.0,0.0,0.0,0.0,,0.0,0.0,0.0,0.0,0.0,0.0,0.0,,0.0,0.0,0.0,0.0,0.0,0.0,0.0,29668860,2018.0,INDUSTRY,Yes,Thor,Metastatic,Systemic Therapy,Non-small Cell Lung Cancer,DRUG: Alectinib|DRUG: Docetaxel|DRUG: Pemetrexed,2018,NCT02604342,Superiority,119,11/3/2015,2015,Industry,Thor,Targeted Therapy,2015
PMID 29726361 CT_Summary_SoE.pdf,2.0,22.0,26.0,26.0,26.0,26.0,2.1666666666666665,0.0,2.0,22.0,26.0,26.0,26.0,26.0,2.1666666666666665,0.0,0.0,0.0,0.0,0.0,0.0,0.0,0.0,29726361,2018.0,OTHER,No,Breast,Metastatic,Systemic Therapy,Invasive Breast Cancer,OTHER: Eucerin|OTHER: Mometasone Furoate 0.1%,2018,NCT01856543,Superiority,143,2013-05,2013,Non-Industry,Breast,Other,2013
PMID 29801011 CT_Summary_SoE.pdf,1.0,4.0,5.0,6.0,7.0,8.0,0.6666666666666666,0.0,1.0,4.0,5.0,6.0,7.0,8.0,0.6666666666666666,0.0,0.0,0.0,0.0,0.0,0.0,0.0,0.0,29801011,2018.0,NETWORK,No,GU,Non-metastatic,Systemic Therapy,Bladder Cancer,DRUG: gemcitabine hydrochloride|OTHER: placebo,2018,NCT00445601,Superiority,406,2007-09,2007,Non-Industry,GU,Chemotherapy,2007
PMID 29804902 CT_Summary_SoE.pdf,2.0,3.0,6.0,9.0,12.0,16.0,1.3333333333333333,28.0,2.0,3.0,6.0,9.0,12.0,16.0,1.3333333333333333,28.0,0.0,0.0,0.0,0.0,0.0,0.0,0.0,29804902,2018.0,INDUSTRY,Yes,Breast,Metastatic,Systemic Therapy,Advanced Metastatic Breast Cancer,DRUG: Ribociclib|DRUG: Tamoxifen|DRUG: Letrozole|DRUG: Anastrozole|DRUG: Goserelin|DRUG: Placebo,2018,NCT02278120,Superiority,672,11/20/2014,2014,Industry,Breast,Targeted Therapy,2014
PMID 29856685 a_Summary_SoE.pdf,1.0,5.0,7.0,13.0,14.0,16.0,1.3333333333333333,7.0,1.0,5.0,7.0,13.0,14.0,16.0,1.3333333333333333,7.0,0.0,0.0,0.0,0.0,0.0,0.0,0.0,29856685,2018.0,INDUSTRY,Yes,Heme,Hematologic,Systemic Therapy,WaldenstrÃ¶m's Macroglobulinemia,DRUG: Ibrutinib|DRUG: Placebo|DRUG: Rituximab,2018,NCT02165397,Superiority,181,7/7/2014,2014,Industry,Heme,Targeted Therapy,2014
PMID 29860922 CT_Summary_SoE.pdf,2.0,3.0,6.0,9.0,12.0,16.0,1.3333333333333333,28.0,2.0,3.0,6.0,9.0,12.0,16.0,1.3333333333333333,28.0,0.0,0.0,0.0,0.0,0.0,0.0,0.0,29860922,2018.0,INDUSTRY,Yes,Breast,Metastatic,Systemic Therapy,Advanced Breast Cancer,DRUG: Ribociclib|DRUG: Fulvestrant|DRUG: Placebo,2018,NCT02422615,Superiority,726,6/9/2015,2015,Industry,Breast,Targeted Therapy,2015
PMID 29863955 a_Summary_SoE.pdf,1.0,2.0,5.0,9.0,13.0,18.0,1.5,21.0,1.0,2.0,5.0,9.0,13.0,18.0,1.5,21.0,0.0,0.0,0.0,0.0,0.0,0.0,0.0,29863955,2018.0,INDUSTRY,Yes,Thor,Metastatic,Systemic Therapy,"Carcinoma, Non-Small-Cell Lung","DRUG: Atezolizumab (MPDL3280A), an engineered anti-PD-L1 antibody|DRUG: Bevacizumab|DRUG: Carboplatin|DRUG: Paclitaxel",2018,NCT02366143,Superiority,1202,3/31/2015,2015,Industry,Thor,Immunotherapy,2015
PMID 29866475 CT_Summary_SoE.pdf,1.0,4.0,10.0,20.0,30.0,40.0,3.3333333333333335,28.0,1.0,8.0,20.0,40.0,60.0,79.0,6.583333333333333,28.0,0.0,-4.0,-10.0,-20.0,-30.0,-39.0,-3.2499999999999996,29866475,2018.0,INDUSTRY,Yes,Heme,Hematologic,Systemic Therapy,Multiple Myeloma,DRUG: Carfilzomib|DRUG: Dexamethasone,2018,NCT02412878,Superiority,478,9/9/2015,2015,Industry,Heme,Targeted Therapy,2015
PMID 29880231 a_Summary_SoE.pdf,1.0,2.0,5.0,9.0,13.0,18.0,1.5,21.0,1.0,4.0,10.0,20.0,30.0,40.0,3.3333333333333335,28.0,0.0,-2.0,-5.0,-11.0,-17.0,-22.0,-1.8333333333333337,29880231,2018.0,INDUSTRY,Yes,GI,Metastatic,Systemic Therapy,Gastric Adenocarcinoma|Gastroesophageal Junction Adenocarcinoma,BIOLOGICAL: pembrolizumab|DRUG: paclitaxel,2018,NCT02370498,Superiority,592,5/11/2015,2015,Industry,GI,Immunotherapy,2015
PMID 29949494 a_Summary_SoE.pdf,2.0,2.0,2.0,3.0,4.0,5.0,0.4166666666666667,112.0,2.0,2.0,2.0,3.0,4.0,5.0,0.4166666666666667,112.0,0.0,0.0,0.0,0.0,0.0,0.0,0.0,29949494,2018.0,INDUSTRY,Yes,GU,Non-metastatic,Systemic Therapy,Nonmetastatic Castration-Resistant Prostate Cancer|Prostate Cancer|Cancer of the Prostate,DRUG: Enzalutamide|DRUG: Placebo,2018,NCT02003924,Superiority,1402,,2013,Industry,GU,Endocrine,2013
PMID 29972759 a_Summary_SoE.pdf,2.0,3.0,6.0,9.0,12.0,16.0,1.3333333333333333,28.0,2.0,3.0,6.0,9.0,12.0,16.0,1.3333333333333333,28.0,0.0,0.0,0.0,0.0,0.0,0.0,0.0,29972759,2018.0,INDUSTRY,Yes,GI,Metastatic,Systemic Therapy,Hepatocellular Carcinoma,DRUG: Cabozantinib tablets|DRUG: Placebo tablets,2018,NCT01908426,Superiority,707,9/26/2013,2013,Industry,GI,Targeted Therapy,2013
PMID 29989857 a_Summary_SoE.pdf,3.0,22.0,31.0,32.0,32.0,33.0,2.75,7.0,3.0,22.0,31.0,32.0,32.0,33.0,2.75,7.0,0.0,0.0,0.0,0.0,0.0,0.0,0.0,29989857,2018.0,NETWORK,No,GYN,Non-metastatic,Local Therapy,Cervical Cancer|Endometrial Cancer|Gastrointestinal Complications|Perioperative/Postoperative Complications|Radiation Toxicity|Urinary Complications|Urinary Tract Toxicity,RADIATION: Standard radiation therapy|RADIATION: intensity-modulated radiation therapy,2018,NCT01672892,Superiority,289,2012-11,2012,Non-Industry,GYN,Radiation,2012
PMID 30010751 a_Summary_SoE.pdf,1.0,3.0,6.0,10.0,14.0,19.0,1.5833333333333333,21.0,1.0,3.0,6.0,10.0,14.0,19.0,1.5833333333333333,21.0,0.0,0.0,0.0,0.0,0.0,0.0,0.0,30010751,2018.0,INDUSTRY,Yes,GI,Metastatic,Systemic Therapy,Colorectal Neoplasms,DRUG: Nintedanib (BIBF 1120)|DRUG: Placebo|DRUG: BSC|DRUG: BSC,2018,NCT02149108,Superiority,768,9/25/2014,2014,Industry,GI,Targeted Therapy,2014
PMID 30024784 a_Summary_SoE.pdf,1.0,8.0,18.0,31.0,34.0,37.0,3.0833333333333335,42.0,1.0,11.0,23.0,40.0,43.0,46.0,3.8333333333333335,42.0,0.0,-3.0,-5.0,-9.0,-9.0,-9.0,-0.75,30024784,2018.0,INDUSTRY,Yes,Heme,Hematologic,Systemic Therapy,High Risk Acute Myeloid Leukemia,DRUG: CPX-351|DRUG: 7+3 (cytarabine and daunorubicin),2018,NCT01696084,Superiority,309,12/13/2012,2012,Industry,Heme,Chemotherapy,2012
PMID 30040523 a_Summary_SoE.pdf,1.0,2.0,5.0,17.0,18.0,19.0,1.5833333333333333,21.0,1.0,2.0,5.0,17.0,18.0,19.0,1.5833333333333333,21.0,0.0,0.0,0.0,0.0,0.0,0.0,0.0,30040523,2018.0,NIH,Yes,Breast,Metastatic,Systemic Therapy,Breast Adenocarcinoma,BIOLOGICAL: Bevacizumab|DRUG: Cyclophosphamide|DRUG: Doxorubicin Hydrochloride|OTHER: Laboratory Biomarker Analysis|DRUG: Paclitaxel|OTHER: Placebo Administration|OTHER: Quality-of-Life Assessment,2018,NCT00433511,Superiority,4994,11/2/2007,2007,Industry,Breast,Targeted Therapy,2007
PMID 30052729 CT_Summary_SoE.pdf,1.0,3.0,7.0,13.0,20.0,27.0,2.25,14.0,1.0,2.0,5.0,9.0,13.0,18.0,1.5,21.0,0.0,1.0,2.0,4.0,7.0,9.0,0.75,30052729,2018.0,INDUSTRY,Yes,GI,Metastatic,Systemic Therapy,"Unresectable, Recurrent, Locally Advanced or Metastatic Gastric or Gastroesophageal Junction Adenocarcinoma|Gastric Cancer Third Line",DRUG: Avelumab|DRUG: Irinotecan|DRUG: Paclitaxel|OTHER: Best Supportive Care (BSC),2018,NCT02625623,Superiority,371,12/28/2015,2015,Industry,GI,Immunotherapy,2015
PMID 30072745 a_Summary_SoE.pdf,2.0,4.0,10.0,18.0,27.0,36.0,3.0,21.0,2.0,4.0,10.0,18.0,27.0,36.0,3.0,21.0,0.0,0.0,0.0,0.0,0.0,0.0,0.0,30072745,2018.0,INDUSTRY,Yes,GYN,Metastatic,Systemic Therapy,Cervical Cancer,DRUG: S-1 + Cisplatin (arm A)|DRUG: Cisplatin (arm B),2018,NCT00770874,Superiority,375,2008-09,2008,Industry,GYN,Chemotherapy,2008
PMID 30100375 CT_Summary_SoE.pdf,1.0,6.0,12.0,21.0,31.0,42.0,3.5,28.0,1.0,6.0,12.0,21.0,31.0,42.0,3.5,28.0,0.0,0.0,0.0,0.0,0.0,0.0,0.0,30100375,2018.0,INDUSTRY,Yes,Heme,Hematologic,Systemic Therapy,Cutaneous T-Cell Lymphoma,BIOLOGICAL: KW-0761|DRUG: Vorinostat,2018,NCT01728805,Superiority,372,2012-11,2012,Industry,Heme,Targeted Therapy,2012
PMID 30110579 a_Summary_SoE.pdf,2.0,5.0,11.0,20.0,28.0,38.0,3.1666666666666665,21.0,2.0,5.0,12.0,21.0,29.0,40.0,3.3333333333333335,21.0,0.0,0.0,-1.0,-1.0,-1.0,-2.0,-0.1666666666666669,30110579,2018.0,INDUSTRY,Yes,Breast,Metastatic,Systemic Therapy,Breast Neoplasms|BRCA 1 Gene Mutation|BRCA 2 Gene Mutation,DRUG: talazoparib|DRUG: Physician's-Choice,2018,NCT01945775,Superiority,431,10/14/2013,2013,Industry,Breast,Targeted Therapy,2013
PMID 30177994 a_Summary_SoE.pdf,2.0,2.0,5.0,9.0,13.0,18.0,1.5,21.0,2.0,2.0,5.0,9.0,13.0,18.0,1.5,21.0,0.0,0.0,0.0,0.0,0.0,0.0,0.0,30177994,2018.0,INDUSTRY,Yes,Thor,Metastatic,Systemic Therapy,Non-Squamous Non-Small Cell Lung Cancer,DRUG: Bevacizumab|DRUG: Docetaxel|DRUG: Erlotinib|DRUG: Pemetrexed,2018,NCT01351415,Superiority,485,6/25/2011,2011,Industry,Thor,Targeted Therapy,2011
PMID 30262187 CT _Summary_SoE.pdf,1.0,3.0,7.0,13.0,20.0,27.0,2.25,14.0,1.0,2.0,5.0,9.0,13.0,18.0,1.5,21.0,0.0,1.0,2.0,4.0,7.0,9.0,0.75,30262187,2018.0,INDUSTRY,Yes,Thor,Metastatic,Systemic Therapy,"Carcinoma, Non-Small-Cell Lung",DRUG: Avelumab|DRUG: Docetaxel,2018,NCT02395172,Superiority,792,3/24/2015,2015,Industry,Thor,Immunotherapy,2015
PMID 30280635 a_Summary_SoE.pdf,1.0,5.0,13.0,17.0,21.0,26.0,2.1666666666666665,21.0,1.0,5.0,13.0,17.0,21.0,26.0,2.1666666666666665,21.0,0.0,0.0,0.0,0.0,0.0,0.0,0.0,30280635,2018.0,INDUSTRY,Yes,Thor,Metastatic,Systemic Therapy,Non-small Cell Lung Cancer,BIOLOGICAL: Pembrolizumab|DRUG: Paclitaxel|DRUG: Nab-paclitaxel|DRUG: Carboplatin|DRUG: Saline placebo for pembrolizumab,2018,NCT02775435,Superiority,559,6/9/2016,2016,Industry,Thor,Immunotherapy,2016
PMID 30280641 a_Summary_SoE.pdf,1.0,6.0,13.0,17.0,21.0,26.0,2.1666666666666665,21.0,1.0,6.0,13.0,17.0,21.0,26.0,2.1666666666666665,21.0,0.0,0.0,0.0,0.0,0.0,0.0,0.0,30280641,2018.0,INDUSTRY,Yes,Thor,Metastatic,Systemic Therapy,Small Cell Lung Carcinoma,"DRUG: Atezolizumab (MPDL3280A), an engineered anti-PD-L1 antibody|DRUG: Carboplatin|DRUG: Etoposide|DRUG: Placebo",2018,NCT02763579,Superiority,503,6/7/2016,2016,Industry,Thor,Immunotherapy,2016
PMID 30280657 a_Summary_SoE.pdf,1.0,4.0,8.0,13.0,17.0,23.0,1.9166666666666667,28.0,1.0,4.0,8.0,13.0,17.0,23.0,1.9166666666666667,28.0,0.0,0.0,0.0,0.0,0.0,0.0,0.0,30280657,2018.0,INDUSTRY,Yes,Thor,Metastatic,Systemic Therapy,Non-small Cell Lung Cancer|Lung Cancer|Advanced Malignancies|Carcinoma,DRUG: Brigatinib|DRUG: Crizotinib,2018,NCT02737501,Superiority,275,5/26/2016,2016,Industry,Thor,Targeted Therapy,2016
PMID 30287523 CT_Summary_SoE.pdf,1.0,3.0,6.0,9.0,10.0,12.0,1.0,28.0,1.0,5.0,9.0,12.0,13.0,15.0,1.25,28.0,0.0,-2.0,-3.0,-3.0,-3.0,-3.0,-0.25,30287523,2018.0,INDUSTRY,Yes,Heme,Hematologic,Systemic Therapy,Chronic Lymphocytic Leukemia|Small Lymphocytic Lymphoma,DRUG: Duvelisib|DRUG: Ofatumumab,2018,NCT02004522,Superiority,319,2013-11,2013,Industry,Heme,Targeted Therapy,2013
PMID 30345884 a_Summary_SoE.pdf,3.0,5.0,7.0,10.0,13.0,17.0,1.4166666666666667,28.0,3.0,5.0,7.0,10.0,13.0,17.0,1.4166666666666667,28.0,0.0,0.0,0.0,0.0,0.0,0.0,0.0,30345884,2018.0,INDUSTRY,Yes,GYN,Metastatic,Systemic Therapy,Newly Diagnosed|Advanced Ovarian Cancer|FIGO Stage III-IV|BRCA Mutation|Complete Response|Partial Response|First Line Platinum Chemotherapy,DRUG: Olaparib 300mg tablets,2018,NCT01844986,Superiority,450,8/26/2013,2013,Industry,GYN,Targeted Therapy,2013
PMID 30345906 a_Summary_SoE.pdf,2.0,4.0,10.0,20.0,30.0,40.0,3.3333333333333335,28.0,2.0,4.0,10.0,20.0,30.0,40.0,3.3333333333333335,28.0,0.0,0.0,0.0,0.0,0.0,0.0,0.0,30345906,2018.0,INDUSTRY,Yes,Breast,Metastatic,Systemic Therapy,Triple Negative Breast Cancer,"DRUG: Atezolizumab (MPDL3280A), an engineered anti-PDL1 antibody|DRUG: Nab-Paclitaxel|DRUG: Placebo",2018,NCT02425891,Superiority,902,6/23/2015,2015,Industry,Breast,Immunotherapy,2015
PMID 30346481 CT_Summary_SoE.pdf,2.0,3.0,5.0,7.0,8.0,10.0,0.8333333333333334,28.0,2.0,3.0,5.0,7.0,8.0,10.0,0.8333333333333334,28.0,0.0,0.0,0.0,0.0,0.0,0.0,0.0,30346481,2018.0,INDUSTRY,Yes,GU,Non-metastatic,Systemic Therapy,Clear Cell Renal Carcinoma,DRUG: Axitinib|DRUG: Placebo,2018,NCT01599754,Superiority,724,2012-04,2012,Industry,GU,Targeted Therapy,2012
PMID 30355453 CT_Summary_SoE.pdf,2.0,3.0,5.0,8.0,11.0,15.0,1.25,28.0,2.0,3.0,5.0,8.0,11.0,15.0,1.25,28.0,0.0,0.0,0.0,0.0,0.0,0.0,0.0,30355453,2018.0,INDUSTRY,Yes,GI,Metastatic,Systemic Therapy,Refractory Metastatic Gastric Cancer,DRUG: TAS-102|DRUG: Placebo,2018,NCT02500043,Other,507,2/24/2016,2016,Industry,GI,Other,2016
PMID 30389036 CT_Summary_SoE.pdf,1.0,4.0,5.0,6.0,8.0,10.0,0.8333333333333334,56.0,1.0,4.0,5.0,6.0,8.0,10.0,0.8333333333333334,56.0,0.0,0.0,0.0,0.0,0.0,0.0,0.0,30389036,2018.0,INDUSTRY,Yes,Heme,Hematologic,Systemic Therapy,Follicular Lymphoma,BIOLOGICAL: CT-P10|BIOLOGICAL: Rituxan,2018,NCT02260804,Other,258,11/9/2015,2015,Industry,Heme,Targeted Therapy,2015
PMID 30415629 a_Summary_SoE.pdf,1.0,0.0,0.0,0.0,0.0,0.0,0.0,0.0,1.0,0.0,0.0,0.0,0.0,0.0,0.0,0.0,0.0,0.0,0.0,0.0,0.0,0.0,0.0,30415629,2019.0,OTHER,No,All,NS,Supportive Care,Cancer|Cardiovascular Disease,DIETARY_SUPPLEMENT: vitamin D3|DRUG: omega-3 fatty acids (fish oil)|DIETARY_SUPPLEMENT: Vitamin D3 placebo|DIETARY_SUPPLEMENT: Fish oil placebo,2018,NCT01169259,Superiority,25871,2010-07,2010,Non-Industry,Other,Other,2010
PMID 30449625 CT_Summary_SoE.pdf,2.0,18.0,33.0,34.0,35.0,36.0,3.0,7.0,2.0,22.0,31.0,32.0,33.0,34.0,2.8333333333333335,21.0,0.0,-4.0,2.0,2.0,2.0,2.0,0.1666666666666665,30449625,2019.0,NETWORK,No,GI,Non-metastatic,Systemic Therapy,Head and Neck Cancer|Precancerous Condition,BIOLOGICAL: cetuximab|DRUG: cisplatin|RADIATION: IMRT,2019,NCT01302834,Other,987,2011-06,2011,Non-Industry,GI,Targeted Therapy,2011
PMID 30501481 a_Summary_SoE.pdf,2.0,2.0,4.0,6.0,7.0,8.0,0.6666666666666666,28.0,2.0,5.0,9.0,13.0,14.0,15.0,1.25,28.0,0.0,-3.0,-5.0,-7.0,-7.0,-7.0,-0.5833333333333334,30501481,2018.0,NIH,Yes,Heme,Hematologic,Systemic Therapy,Stage I Chronic Lymphocytic Leukemia|Stage II Chronic Lymphocytic Leukemia|Stage III Chronic Lymphocytic Leukemia|Stage IV Chronic Lymphocytic Leukemia,DRUG: Bendamustine Hydrochloride|DRUG: Ibrutinib|OTHER: Laboratory Biomarker Analysis|OTHER: Quality-of-Life Assessment|BIOLOGICAL: Rituximab,2018,NCT01886872,Superiority,547,12/9/2013,2013,Industry,Heme,Targeted Therapy,2013
PMID 30509740 a_Summary_SoE.pdf,1.0,2.0,5.0,9.0,13.0,18.0,1.5,21.0,1.0,5.0,13.0,26.0,39.0,53.0,4.416666666666667,21.0,0.0,-3.0,-8.0,-17.0,-26.0,-35.0,-2.916666666666667,30509740,2019.0,INDUSTRY,Yes,HN,Metastatic,Systemic Therapy,Head and Neck Squamous Cell Cancer,BIOLOGICAL: Pembrolizumab|DRUG: Methotrexate|DRUG: Docetaxel|BIOLOGICAL: Cetuximab,2019,NCT02252042,Superiority,495,11/17/2014,2014,Industry,HN,Immunotherapy,2014
PMID 30516102 a_Summary_SoE.pdf,2.0,3.0,7.0,12.0,17.0,20.0,1.6666666666666667,21.0,2.0,3.0,7.0,12.0,17.0,20.0,1.6666666666666667,21.0,0.0,0.0,0.0,0.0,0.0,0.0,0.0,30516102,2019.0,INDUSTRY,Yes,Breast,Non-metastatic,Systemic Therapy,Breast Cancer,DRUG: trastuzumab|DRUG: trastuzumab emtansine,2019,NCT01772472,Superiority,1487,4/3/2013,2013,Industry,Breast,Targeted Therapy,2013
PMID 30522922 CT_Summary_SoE.pdf,2.0,4.0,8.0,13.0,14.0,15.0,1.25,21.0,2.0,4.0,8.0,13.0,14.0,15.0,1.25,21.0,0.0,0.0,0.0,0.0,0.0,0.0,0.0,30522922,2019.0,INDUSTRY,Yes,Heme,Hematologic,Systemic Therapy,Anaplastic Large-Cell Lymphoma|Non-Hodgkin Lymphoma|T-Cell Lymphoma,DRUG: brentuximab vedotin|DRUG: doxorubicin|DRUG: prednisone|DRUG: vincristine|DRUG: cyclophosphamide,2019,NCT01777152,Superiority,452,1/31/2013,2013,Industry,Heme,Targeted Therapy,2013
PMID 30522969 CT_Summary_SoE.pdf,2.0,5.0,7.0,10.0,13.0,17.0,1.4166666666666667,28.0,2.0,5.0,9.0,14.0,15.0,16.0,1.3333333333333333,28.0,0.0,0.0,-2.0,-4.0,-2.0,1.0,0.0833333333333334,30522969,2019.0,INDUSTRY,Yes,Heme,Hematologic,Systemic Therapy,Chronic Lymphocytic Leukemia|Small-Cell Lymphoma,DRUG: Ibrutinib|DRUG: Obinutuzumab|DRUG: Chlorambucil,2019,NCT02264574,Superiority,229,10/6/2014,2014,Industry,Heme,Targeted Therapy,2014
PMID 30545780 CT_Summary_SoE.pdf,1.0,4.0,7.0,10.0,13.0,17.0,1.4166666666666667,28.0,1.0,4.0,7.0,10.0,13.0,17.0,1.4166666666666667,28.0,0.0,0.0,0.0,0.0,0.0,0.0,0.0,30545780,2019.0,INDUSTRY,Yes,Heme,Hematologic,Systemic Therapy,Multiple Myeloma|Autologous Stem Cell Transplant,DRUG: Ixazomib Citrate|DRUG: Placebo,2019,NCT02181413,Superiority,656,7/1/2014,2014,Industry,Heme,Targeted Therapy,2014
PMID 30575484 a_Summary_SoE.pdf,1.0,3.0,5.0,8.0,11.0,15.0,1.25,28.0,1.0,3.0,5.0,8.0,11.0,15.0,1.25,28.0,0.0,0.0,0.0,0.0,0.0,0.0,0.0,30575484,2018.0,NIH,No,Other,Non-metastatic,Systemic Therapy,Desmoid Fibromatosis,OTHER: Laboratory Biomarker Analysis|OTHER: Placebo Administration|OTHER: Quality-of-Life Assessment|DRUG: Sorafenib Tosylate,2018,NCT02066181,Superiority,87,3/21/2014,2014,Non-Industry,Other,Targeted Therapy,2014
PMID 30653422 a_Summary_SoE.pdf,2.0,22.0,24.0,38.0,41.0,42.0,3.5,21.0,2.0,22.0,26.0,31.0,33.0,34.0,2.8333333333333335,28.0,0.0,0.0,-2.0,7.0,8.0,8.0,0.6666666666666665,30653422,2019.0,NIH,Yes,Heme,Hematologic,Systemic Therapy,Multiple Myeloma,"DRUG: Lenalidomide|DRUG: lenalidomide, bortezomib and dexamethasone|DRUG: Lenalidomide",2019,NCT01109004,Superiority,758,2010-05,2010,Industry,Heme,Targeted Therapy,2010
PMID 30659987 CT_Summary_SoE.pdf,2.0,3.0,7.0,13.0,20.0,27.0,2.25,14.0,2.0,2.0,5.0,9.0,13.0,18.0,1.5,21.0,0.0,1.0,2.0,4.0,7.0,9.0,0.75,30659987,2019.0,INDUSTRY,Yes,Thor,Metastatic,Systemic Therapy,Non-Small Cell Lung Cancer,DRUG: Nivolumab|DRUG: Docetaxel,2019,NCT02613507,Superiority,639,12/11/2015,2015,Industry,Thor,Immunotherapy,2015
PMID 30665869 CT_Summary_SoE.pdf,3.0,3.0,7.0,13.0,21.0,29.0,2.4166666666666665,14.0,3.0,3.0,7.0,13.0,21.0,29.0,2.4166666666666665,14.0,0.0,0.0,0.0,0.0,0.0,0.0,0.0,30665869,2019.0,INDUSTRY,Yes,GI,Metastatic,Systemic Therapy,Hepatocellular Carcinoma,DRUG: Ramucirumab|DRUG: Placebo,2019,NCT02435433,Superiority,399,7/20/2015,2015,Industry,GI,Targeted Therapy,2015
PMID 30707661 a_Summary_SoE.pdf,1.0,6.0,14.0,27.0,40.0,54.0,4.5,21.0,1.0,5.0,12.0,23.0,34.0,46.0,3.8333333333333335,49.0,0.0,1.0,2.0,4.0,6.0,8.0,0.6666666666666665,30707661,2019.0,INDUSTRY,Yes,Heme,Hematologic,Systemic Therapy,Relapsed Peripheral T-Cell Lymphoma|Refractory Peripheral T-Cell Lymphoma,DRUG: Alisertib|DRUG: Pralatrexate|DRUG: Gemcitabine|DRUG: Romidepsin,2019,NCT01482962,Superiority,271,6/11/2012,2012,Industry,Heme,Chemotherapy,2012
PMID 30763142 a_Summary_SoE.pdf,1.0,3.0,3.0,4.0,5.0,6.0,0.5,112.0,1.0,3.0,3.0,4.0,5.0,6.0,0.5,112.0,0.0,0.0,0.0,0.0,0.0,0.0,0.0,30763142,2019.0,INDUSTRY,Yes,GU,Non-metastatic,Systemic Therapy,Prostate Cancer Non-Metastatic|Castration-Resistant,"DRUG: Darolutamide (Nubeqa, BAY1841788)|DRUG: Placebo",2019,NCT02200614,Superiority,1509,9/12/2014,2014,Industry,GU,Endocrine,2014
PMID 30763730 CT_Summary_SoE.pdf,2.0,3.0,7.0,13.0,20.0,27.0,2.25,28.0,2.0,2.0,4.0,7.0,10.0,14.0,1.1666666666666667,28.0,0.0,1.0,3.0,6.0,10.0,13.0,1.0833333333333333,30763730,2019.0,INDUSTRY,Yes,Thor,Metastatic,Systemic Therapy,Locally Advanced or Metastatic EGFR T790M+ NSCLC,DRUG: AZD9291|DRUG: MEDI4736,2019,NCT02454933,Other,29,7/15/2015,2015,Industry,Thor,Other,2015
PMID 30777794 a_Summary_SoE.pdf,16.0,5.0,13.0,26.0,39.0,53.0,4.416666666666667,28.0,16.0,3.0,7.0,13.0,19.0,26.0,2.1666666666666665,21.0,0.0,2.0,6.0,13.0,20.0,27.0,2.2500000000000004,30777794,2019.0,INDUSTRY,Yes,Heme,Hematologic,Systemic Therapy,Multiple Myeloma,DRUG: Thalidomide|DRUG: Bortezomib|DRUG: Cyclophosphamide|DRUG: Dexamethasone|DRUG: Prednisolone,2019,NCT01539083,Superiority,256,1/13/2012,2012,Industry,Heme,Targeted Therapy,2012
PMID 30779529 a_Summary_SoE.pdf,1.0,3.0,6.0,10.0,14.0,19.0,1.5833333333333333,21.0,1.0,3.0,6.0,10.0,12.0,14.0,1.1666666666666667,42.0,0.0,0.0,0.0,0.0,2.0,5.0,0.4166666666666665,30779529,2019.0,INDUSTRY,Yes,GU,Metastatic,Systemic Therapy,Renal Cell Carcinoma,BIOLOGICAL: Pembrolizumab|DRUG: Axitinib|DRUG: Sunitinib,2019,NCT02853331,Superiority,861,9/16/2016,2016,Industry,GU,Immunotherapy,2016
PMID 30786186 a_Summary_SoE.pdf,1.0,1.0,2.0,4.0,4.0,4.0,0.3333333333333333,56.0,1.0,1.0,2.0,4.0,4.0,4.0,0.3333333333333333,56.0,0.0,0.0,0.0,0.0,0.0,0.0,0.0,30786186,2019.0,INDUSTRY,Yes,Multiple,Metastatic,Supportive Care,Neoplasms,DRUG: Rivaroxaban|DRUG: Placebo,2019,NCT02555878,Superiority,841,9/11/2015,2015,Industry,Multiple,Other,2015
PMID 30811280 a_Summary_SoE.pdf,2.0,2.0,5.0,9.0,14.0,20.0,1.6666666666666667,21.0,2.0,2.0,5.0,9.0,14.0,20.0,1.6666666666666667,21.0,0.0,0.0,0.0,0.0,0.0,0.0,0.0,30811280,2019.0,INDUSTRY,Yes,Skin,Metastatic,Systemic Therapy,Melanoma,BIOLOGICAL: Nivolumab 3 mg/kg IV|BIOLOGICAL: Ipilimumab 1 mg/kg IV|BIOLOGICAL: Nivolumab 1 mg/kg IV|BIOLOGICAL: Ipilimumab 3 mg/kg IV|BIOLOGICAL: Nivolumab 6 mg/kg IV,2019,NCT02714218,Superiority,387,4/4/2016,2016,Industry,Skin,Immunotherapy,2016
PMID 30817251 CT_Summary_SoE.pdf,1.0,3.0,5.0,8.0,8.0,9.0,0.75,0.0,1.0,3.0,5.0,8.0,8.0,9.0,0.75,0.0,0.0,0.0,0.0,0.0,0.0,0.0,0.0,30817251,2019.0,INDUSTRY,Yes,GU,Metastatic,Systemic Therapy,Prostate Cancer Metastatic,BIOLOGICAL: PROSTVAC-V|BIOLOGICAL: PROSTVAC-F|DRUG: GM-CSF|OTHER: GM-CSF Placebo|BIOLOGICAL: Placebo,2019,NCT01322490,Superiority,1297,11/28/2011,2011,Industry,GU,Targeted Therapy,2011
PMID 30819926 a_Summary_SoE.pdf,2.0,4.0,9.0,18.0,26.0,36.0,3.0,42.0,2.0,4.0,9.0,17.0,21.0,26.0,2.1666666666666665,42.0,0.0,0.0,0.0,1.0,5.0,10.0,0.8333333333333335,30819926,2019.0,INDUSTRY,Yes,Heme,Hematologic,Systemic Therapy,Multiple Myeloma,DRUG: Carfilzomib|DRUG: Bortezomib|DRUG: Melphalan|DRUG: Prednisone,2019,NCT01818752,Superiority,955,7/8/2013,2013,Industry,Heme,Targeted Therapy,2013
PMID 30897038 a_Summary_SoE.pdf,2.0,5.0,9.0,13.0,16.0,19.0,1.5833333333333333,28.0,2.0,5.0,9.0,13.0,16.0,19.0,1.5833333333333333,28.0,0.0,0.0,0.0,0.0,0.0,0.0,0.0,30897038,2019.0,INDUSTRY,Yes,Heme,Hematologic,Systemic Therapy,"Lymphoma, Non-Hodgkin",DRUG: Rituximab|DRUG: Lenalidomide|DRUG: Placebo,2019,NCT01938001,Superiority,358,11/21/2013,2013,Industry,Heme,Targeted Therapy,2013
PMID 30901302 a_Summary_SoE.pdf,1.0,5.0,13.0,25.0,26.0,27.0,2.25,21.0,1.0,5.0,13.0,25.0,26.0,27.0,2.25,21.0,0.0,0.0,0.0,0.0,0.0,0.0,0.0,30901302,2019.0,INDUSTRY,Yes,Heme,Hematologic,Systemic Therapy,Lymphoma,DRUG: Ibrutinib|DRUG: Placebo|DRUG: Rituximab|DRUG: Cyclophosphamide|DRUG: Doxorubicin|DRUG: Vincristine|DRUG: Prednisone (or equivalent),2019,NCT01855750,Superiority,838,9/3/2013,2013,Industry,Heme,Targeted Therapy,2013
PMID 30939090 a_Summary_SoE.pdf,2.0,9.0,27.0,38.0,39.0,40.0,3.3333333333333335,21.0,2.0,2.0,6.5,9.5,10.5,11.5,0.9583333333333334,21.0,0.0,7.0,20.5,28.5,28.5,28.5,2.375,30939090,2019.0,OTHER,No,Heme,Hematologic,Systemic Therapy,Large B Cell Lymphoma,BIOLOGICAL: rituximab|DRUG: cyclophosphamide|DRUG: doxorubicin|DRUG: vincristine|DRUG: prednisone|DRUG: etoposide|DRUG: filgrastim|DRUG: pegfilgrastim,2019,NCT00118209,Superiority,524,2005-05,2005,Non-Industry,Heme,Targeted Therapy,2005
PMID 30955977 a_Summary_SoE.pdf,1.0,2.0,5.0,9.0,13.0,18.0,1.5,21.0,1.0,2.0,5.0,9.0,13.0,18.0,1.5,21.0,0.0,0.0,0.0,0.0,0.0,0.0,0.0,30955977,2019.0,INDUSTRY,Yes,Thor,Metastatic,Systemic Therapy,Non-small Cell Lung Cancer,BIOLOGICAL: pembrolizumab|DRUG: carboplatin|DRUG: paclitaxel|DRUG: pemetrexed,2019,NCT02220894,Superiority,1274,10/30/2014,2014,Industry,Thor,Immunotherapy,2014
PMID 30990550 a_Summary_SoE.pdf,1.0,2.0,2.0,2.0,2.0,2.0,0.1666666666666666,1.0,1.0,2.0,2.0,2.0,2.0,2.0,0.1666666666666666,1.0,0.0,0.0,0.0,0.0,0.0,0.0,0.0,30990550,2019.0,OTHER,No,HN,Non-metastatic,Supportive Care,Acute Oral Mucositis Pain,"DRUG: doxepin hydrochloride oral solution|DRUG: DLA (diphenhydramine, lidocaine and antacids) rinse|OTHER: Placebo",2019,NCT02229539,Superiority,275,2014-11,2014,Non-Industry,HN,Other,2014
PMID 30995174 a_Summary_SoE.pdf,2.0,6.0,13.0,14.0,15.0,16.0,1.3333333333333333,21.0,2.0,20.0,29.0,30.0,31.0,32.0,2.6666666666666665,7.0,0.0,-14.0,-16.0,-16.0,-16.0,-16.0,-1.3333333333333333,30995174,2019.0,NETWORK,No,GYN,Non-metastatic,Local Therapy,Endometrial Clear Cell Adenocarcinoma|Endometrial Serous Adenocarcinoma|Fatigue|Neurotoxicity Syndrome|Obesity|Stage I Uterine Corpus Cancer AJCC v7|Stage II Uterine Corpus Cancer AJCC v7,RADIATION: 3-Dimensional Conformal Radiation Therapy|DRUG: Carboplatin|RADIATION: Intensity-Modulated Radiation Therapy|RADIATION: Internal Radiation Therapy|OTHER: Laboratory Biomarker Analysis|DRUG: Paclitaxel|OTHER: Quality-of-Life Assessment|OTHER: Questionnaire Administration,2019,NCT00807768,Superiority,601,3/23/2009,2009,Non-Industry,GYN,Chemotherapy,2009
PMID 30995176 CT a_Summary_SoE.pdf,1.0,3.0,7.0,10.0,12.0,14.0,1.1666666666666667,7.0,1.0,3.0,7.0,10.0,12.0,14.0,1.1666666666666667,7.0,0.0,0.0,0.0,0.0,0.0,0.0,0.0,30995176,2019.0,INDUSTRY,Yes,Heme,Hematologic,Systemic Therapy,Chronic Lymphocytic Leukemia,DRUG: Idelalisib,2019,NCT01539291,Superiority,161,10/3/2012,2012,Industry,Heme,Targeted Therapy,2012
PMID 31002578 a_Summary_SoE.pdf,2.0,5.0,13.0,21.0,25.0,30.0,2.5,21.0,2.0,5.0,13.0,21.0,25.0,30.0,2.5,21.0,0.0,0.0,0.0,0.0,0.0,0.0,0.0,31002578,2019.0,NIH,Yes,GYN,Non-metastatic,Systemic Therapy,Fallopian Tube Clear Cell Adenocarcinoma|Fallopian Tube Endometrioid Adenocarcinoma|Fallopian Tube Mucinous Adenocarcinoma|Fallopian Tube Serous Adenocarcinoma|Fallopian Tube Transitional Cell Carcinoma|Fallopian Tube Undifferentiated Carcinoma|Malignant Ovarian Brenner Tumor|Ovarian Clear Cell Adenocarcinoma|Ovarian Endometrioid Adenocarcinoma|Ovarian Mucinous Adenocarcinoma|Ovarian Seromucinous Carcinoma|Ovarian Serous Adenocarcinoma|Ovarian Transitional Cell Carcinoma|Ovarian Undifferentiated Carcinoma|Primary Peritoneal Clear Cell Adenocarcinoma|Primary Peritoneal Endometrioid Adenocarcinoma|Primary Peritoneal Serous Adenocarcinoma|Primary Peritoneal Transitional Cell Carcinoma|Primary Peritoneal Undifferentiated Carcinoma|Stage II Fallopian Tube Cancer AJCC v6 and v7|Stage II Ovarian Cancer AJCC v6 and v7|Stage IIA Fallopian Tube Cancer AJCC v6 and v7|Stage IIA Ovarian Cancer AJCC V6 and v7|Stage IIB Fallopian Tube Cancer AJCC v6 and v7|Stage IIB Ovarian Cancer AJCC v6 and v7|Stage IIC Fallopian Tube Cancer AJCC v6 and v7|Stage IIC Ovarian Cancer AJCC v6 and v7|Stage III Ovarian Cancer AJCC v6 and v7|Stage III Primary Peritoneal Cancer AJCC v7|Stage IIIA Ovarian Cancer AJCC v6 and v7|Stage IIIA Primary Peritoneal Cancer AJCC v7|Stage IIIB Ovarian Cancer AJCC v6 and v7|Stage IIIB Primary Peritoneal Cancer AJCC v7|Stage IIIC Ovarian Cancer AJCC v6 and v7|Stage IIIC Primary Peritoneal Cancer AJCC v7|Stage IV Fallopian Tube Cancer AJCC v6 and v7|Stage IV Ovarian Cancer AJCC v6 and v7|Stage IV Primary Peritoneal Cancer AJCC v7,BIOLOGICAL: Bevacizumab|DRUG: Carboplatin|DRUG: Carboplatin|DRUG: Cisplatin|OTHER: Laboratory Biomarker Analysis|DRUG: Paclitaxel|DRUG: Paclitaxel|OTHER: Quality-of-Life Assessment,2019,NCT00951496,Superiority,1560,8/11/2009,2009,Industry,GYN,Targeted Therapy,2009
PMID 31003911 CT_Summary_SoE.pdf,1.0,3.0,6.0,10.0,14.0,19.0,1.5833333333333333,21.0,1.0,5.0,9.0,12.0,15.0,19.0,1.5833333333333333,28.0,0.0,-2.0,-3.0,-2.0,-1.0,0.0,0.0,31003911,2019.0,INDUSTRY,Yes,GI,Metastatic,Systemic Therapy,Colorectal Cancer,"DRUG: Atezolizumab (MPDL3280A), an Engineered Anti-PDL1 Antibody|DRUG: Cobimetinib|DRUG: Regorafenib",2019,NCT02788279,Superiority,363,7/5/2016,2016,Industry,GI,Immunotherapy,2016
PMID 31070709 CT_Summary_SoE.pdf,1.0,3.0,5.0,8.0,9.0,11.0,0.9166666666666666,28.0,1.0,3.0,5.0,8.0,9.0,11.0,0.9166666666666666,28.0,0.0,0.0,0.0,0.0,0.0,0.0,0.0,31070709,2019.0,INDUSTRY,Yes,Thor,Metastatic,Systemic Therapy,Non-small Cell Lung Cancer (NSCLC),DRUG: naquotinib mesilate|DRUG: Erlotinib|DRUG: Gefitinib,2019,NCT02588261,Superiority,530,2/11/2016,2016,Industry,Thor,Targeted Therapy,2016
PMID 31079938 CT_Summary_SoE.pdf,2.0,2.0,5.0,9.0,13.0,18.0,1.5,42.0,2.0,2.0,5.0,9.0,13.0,18.0,1.5,42.0,0.0,0.0,0.0,0.0,0.0,0.0,0.0,31079938,2019.0,INDUSTRY,Yes,GU,Metastatic,Systemic Therapy,Renal Cell Carcinoma,"DRUG: Atezolizumab (MPDL3280A), an engineered anti-PD-L1 antibody|DRUG: Bevacizumab|DRUG: Sunitinib",2019,NCT02420821,Superiority,915,5/20/2015,2015,Industry,GU,Immunotherapy,2015
PMID 31091374 a_Summary_SoE.pdf,2.0,4.0,7.0,10.0,13.0,17.0,1.4166666666666667,28.0,2.0,4.0,7.0,10.0,13.0,17.0,1.4166666666666667,28.0,0.0,0.0,0.0,0.0,0.0,0.0,0.0,31091374,2019.0,INDUSTRY,Yes,Breast,Metastatic,Systemic Therapy,Breast Cancer,DRUG: Fulvestrant|DRUG: Alpelisib|DRUG: Alpelisib placebo,2019,NCT02437318,Superiority,572,7/23/2015,2015,Industry,Breast,Targeted Therapy,2015
PMID 31097405 a_Summary_SoE.pdf,2.0,7.0,18.0,34.0,42.0,52.0,4.333333333333333,21.0,2.0,7.0,18.0,34.0,42.0,52.0,4.333333333333333,21.0,0.0,0.0,0.0,0.0,0.0,0.0,0.0,31097405,2019.0,INDUSTRY,Yes,Heme,Hematologic,Systemic Therapy,Multiple Myeloma,DRUG: Pomalidomide|DRUG: Bortezomib|DRUG: Dexamethasone,2019,NCT01734928,Superiority,559,1/7/2013,2013,Industry,Heme,Targeted Therapy,2013
PMID 31122901 CT_Summary_SoE.pdf,2.0,5.0,13.0,21.0,25.0,30.0,2.5,21.0,2.0,5.0,13.0,21.0,25.0,30.0,2.5,21.0,0.0,0.0,0.0,0.0,0.0,0.0,0.0,31122901,2019.0,INDUSTRY,Yes,Thor,Metastatic,Systemic Therapy,"Carcinoma, Non-Squamous Non-Small Cell Lung","DRUG: Atezolizumab (MPDL3280A), an engineered anti-PD-L1 antibody|DRUG: Carboplatin|DRUG: Nab-Paclitaxel|DRUG: Pemetrexed",2019,NCT02367781,Superiority,723,4/16/2015,2015,Industry,Thor,Immunotherapy,2015
PMID 31141632 a_Summary_SoE.pdf,1.0,5.0,11.0,17.0,20.0,24.0,2.0,28.0,1.0,5.0,11.0,17.0,20.0,24.0,2.0,28.0,0.0,0.0,0.0,0.0,0.0,0.0,0.0,31141632,2019.0,INDUSTRY,Yes,Heme,Hematologic,Systemic Therapy,Multiple Myeloma,DRUG: Daratumumab IV|DRUG: Lenalidomide|DRUG: Dexamethasone|DRUG: Daratumumab SC,2019,NCT02252172,Superiority,737,2/16/2015,2015,Industry,Heme,Targeted Therapy,2015
PMID 31150574 a_Summary_SoE.pdf,2.0,2.0,4.0,7.0,10.0,13.0,1.0833333333333333,28.0,2.0,2.0,4.0,7.0,10.0,13.0,1.0833333333333333,28.0,0.0,0.0,0.0,0.0,0.0,0.0,0.0,31150574,2019.0,INDUSTRY,Yes,GU,Metastatic,Systemic Therapy,Prostate Cancer,DRUG: Apalutamide|DRUG: Placebo|DRUG: Androgen Deprivation Therapy (ADT),2019,NCT02489318,Superiority,1052,11/27/2015,2015,Industry,GU,Endocrine,2015
PMID 31157963 a_Summary_SoE.pdf,2.0,5.0,7.0,10.0,13.0,17.0,1.4166666666666667,28.0,2.0,5.0,7.0,10.0,13.0,17.0,1.4166666666666667,28.0,0.0,0.0,0.0,0.0,0.0,0.0,0.0,31157963,2019.0,INDUSTRY,Yes,GI,Metastatic,Systemic Therapy,Germline BRCA1/2 Mutations and|Metastatic Adenocarcinoma of the Pancreas,DRUG: Olaparib|DRUG: Olaparib|DRUG: Placebo|DRUG: Placebo,2019,NCT02184195,Superiority,154,12/16/2014,2014,Industry,GI,Targeted Therapy,2014
PMID 31166681 a_Summary_SoE.pdf,1.0,6.0,16.0,19.0,22.0,25.0,2.0833333333333335,28.0,1.0,4.0,9.0,15.0,21.0,27.0,2.25,28.0,0.0,2.0,7.0,4.0,1.0,-2.0,-0.1666666666666665,31166681,2019.0,INDUSTRY,Yes,Heme,Hematologic,Systemic Therapy,"Lymphocytic Leukemia, Chronic",DRUG: Chlorambucil|DRUG: Venetoclax|DRUG: Obinutuzumab,2019,NCT02242942,Superiority,445,12/31/2014,2014,Industry,Heme,Targeted Therapy,2014
PMID 31175001 CT_Summary_SoE.pdf,1.0,6.0,9.0,12.0,15.0,19.0,1.5833333333333333,28.0,1.0,13.0,38.0,72.0,102.0,133.0,11.083333333333334,28.0,0.0,-7.0,-29.0,-60.0,-87.0,-114.0,-9.5,31175001,2019.0,INDUSTRY,Yes,Heme,Hematologic,Systemic Therapy,AML,DRUG: Quizartinib|DRUG: Salvage Chemotherapy,2019,NCT02039726,Superiority,367,2014-05,2014,Industry,Heme,Targeted Therapy,2014
PMID 31189035 a_Summary_SoE.pdf,2.0,22.0,26.0,31.0,32.0,33.0,2.75,21.0,2.0,2.0,5.0,7.0,8.0,9.0,0.75,21.0,0.0,20.0,21.0,24.0,24.0,24.0,2.0,31189035,2019.0,NETWORK,No,GYN,Metastatic,Local Therapy,Endometrial Clear Cell Adenocarcinoma|Endometrial Serous Adenocarcinoma|Stage IA Uterine Corpus Cancer AJCC v7|Stage IB Uterine Corpus Cancer AJCC v7|Stage II Uterine Corpus Cancer AJCC v7|Stage IIIA Uterine Corpus Cancer AJCC v7|Stage IIIB Uterine Corpus Cancer AJCC v7|Stage IIIC Uterine Corpus Cancer AJCC v7|Stage IVA Uterine Corpus Cancer AJCC v7,DRUG: Carboplatin|DRUG: Cisplatin|RADIATION: Internal Radiation Therapy|DRUG: Paclitaxel|OTHER: Quality-of-Life Assessment|RADIATION: Radiation Therapy,2019,NCT00942357,Superiority,813,6/29/2009,2009,Non-Industry,GYN,Chemotherapy,2009
PMID 31194247 a_Summary_SoE.pdf,1.0,4.0,6.0,9.0,12.0,16.0,1.3333333333333333,28.0,1.0,4.0,6.0,9.0,12.0,16.0,1.3333333333333333,28.0,0.0,0.0,0.0,0.0,0.0,0.0,0.0,31194247,2019.0,INDUSTRY,Yes,HN,Non-metastatic,Systemic Therapy,Head and Neck Neoplasms,DRUG: Placebo|DRUG: Afatinib,2019,NCT01345669,Superiority,617,10/17/2011,2011,Industry,HN,Targeted Therapy,2011
PMID 31221619 a_Summary_SoE.pdf,1.0,2.0,5.0,9.0,13.0,18.0,1.5,21.0,1.0,2.0,5.0,9.0,13.0,18.0,1.5,21.0,0.0,0.0,0.0,0.0,0.0,0.0,0.0,31221619,2019.0,INDUSTRY,Yes,Skin,Metastatic,Systemic Therapy,Melanoma,DRUG: pembrolizumab + epacadostat|DRUG: pembrolizumab + placebo,2019,NCT02752074,Superiority,706,6/21/2016,2016,Industry,Skin,Immunotherapy,2016
PMID 31240472 CT_Summary_SoE.pdf,2.0,5.0,13.0,26.0,39.0,53.0,4.416666666666667,28.0,2.0,5.0,13.0,26.0,39.0,53.0,4.416666666666667,28.0,0.0,0.0,0.0,0.0,0.0,0.0,0.0,31240472,2019.0,INDUSTRY,Yes,Heme,Hematologic,Systemic Therapy,Relapsed/Refractory Multiple Myeloma,DRUG: Plitidepsin|DRUG: Dexamethasone,2019,NCT01102426,Superiority,255,2010-06,2010,Industry,Heme,Other,2010
PMID 31246522 CT_Summary_SoE.pdf,2.0,9.0,22.0,27.0,28.0,29.0,2.4166666666666665,29.0,2.0,10.0,23.0,28.0,29.0,30.0,2.5,29.0,0.0,-1.0,-1.0,-1.0,-1.0,-1.0,-0.0833333333333334,31246522,2019.0,OTHER,Yes,Heme,Hematologic,Systemic Therapy,Acute Myeloid Leukemia,DRUG: Cytarabine|DRUG: Daunorubicin|DRUG: Etoposide|DRUG: Clofarabine|DEVICE: CliniMACS,2019,NCT00703820,Superiority,324,8/4/2008,2008,Industry,Heme,Chemotherapy,2008
PMID 31248843 CT_Summary_SoE.pdf,2.0,18.0,44.0,47.0,50.0,53.0,4.416666666666667,0.0,2.0,18.0,44.0,47.0,50.0,53.0,4.416666666666667,0.0,0.0,0.0,0.0,0.0,0.0,0.0,0.0,31248843,2019.0,OTHER,No,Heme,Hematologic,Systemic Therapy,"Acute Lymphoblastic Leukemia|Acute Myeloid Leukemia|Aggressive Non-Hodgkin Lymphoma|Chronic Lymphocytic Leukemia|Diffuse Large B-Cell Lymphoma|Hematopoietic and Lymphoid Cell Neoplasm|Indolent Non-Hodgkin Lymphoma|Mantle Cell Lymphoma|Myelodysplastic Syndrome|Myeloproliferative Neoplasm|Prolymphocytic Leukemia|Recurrent Chronic Lymphocytic Leukemia|Recurrent Plasma Cell Myeloma|Refractory Chronic Lymphocytic Leukemia|Refractory Chronic Myelogenous Leukemia, BCR-ABL1 Positive|Refractory Hodgkin Lymphoma|Small Lymphocytic Lymphoma|T-Cell Chronic Lymphocytic Leukemia|Waldenstrom Macroglobulinemia",PROCEDURE: Allogeneic Hematopoietic Stem Cell Transplantation|DRUG: Cyclosporine|DRUG: Fludarabine Phosphate|DRUG: Mycophenolate Mofetil|PROCEDURE: Peripheral Blood Stem Cell Transplantation|DRUG: Sirolimus|RADIATION: Total-Body Irradiation,2019,NCT01231412,Superiority,174,2010-11,2010,Non-Industry,Heme,Chemotherapy,2010
PMID 31327687 CT_Summary_SoE.pdf,1.0,3.0,7.0,13.0,19.0,27.0,2.25,28.0,1.0,2.0,4.0,7.0,10.0,14.0,1.1666666666666667,28.0,0.0,1.0,3.0,6.0,9.0,13.0,1.0833333333333333,31327687,2019.0,INDUSTRY,Yes,Heme,Hematologic,Systemic Therapy,Multiple Myeloma,BIOLOGICAL: Pembrolizumab|DRUG: Pomalidomide|DRUG: Dexamethasone,2019,NCT02576977,Superiority,251,10/19/2015,2015,Industry,Heme,Immunotherapy,2015
PMID 31327689 a_Summary_SoE.pdf,2.0,3.0,7.0,13.0,19.0,27.0,2.25,28.0,2.0,2.0,4.0,7.0,10.0,14.0,1.1666666666666667,28.0,0.0,1.0,3.0,6.0,9.0,13.0,1.0833333333333333,31327689,2019.0,INDUSTRY,Yes,Heme,Hematologic,Systemic Therapy,Multiple Myeloma,BIOLOGICAL: Pembrolizumab|DRUG: Lenalidomide|DRUG: Dexamethasone,2019,NCT02579863,Superiority,310,10/19/2015,2015,Industry,Heme,Immunotherapy,2015
PMID 31329516 a_Summary_SoE.pdf,1.0,2.0,3.0,4.0,5.0,6.0,0.5,84.0,1.0,2.0,3.0,4.0,5.0,6.0,0.5,84.0,0.0,0.0,0.0,0.0,0.0,0.0,0.0,31329516,2019.0,INDUSTRY,Yes,GU,Metastatic,Systemic Therapy,Metastatic Hormone Sensitive Prostate Cancer,DRUG: Enzalutamide|DRUG: Placebo,2019,NCT02677896,Superiority,1150,3/9/2016,2016,Industry,GU,Endocrine,2016
PMID 31338773 CT_Summary_SoE.pdf,1.0,2.0,5.0,9.0,13.0,18.0,1.5,21.0,1.0,2.0,5.0,9.0,13.0,18.0,1.5,21.0,0.0,0.0,0.0,0.0,0.0,0.0,0.0,31338773,2019.0,INDUSTRY,Yes,Thor,Metastatic,Systemic Therapy,Non-Small Cell Lung Cancer,DRUG: Bevacizumab-Pfizer|DRUG: Bevacizumab-EU|DRUG: Paclitaxel|DRUG: Carboplatin,2019,NCT02364999,Other,719,2015-04,2015,Industry,Thor,Targeted Therapy,2015
PMID 31345387 CT_Summary_SoE.pdf,2.0,6.0,26.0,41.0,42.0,43.0,3.5833333333333335,21.0,2.0,6.0,26.0,46.0,47.0,48.0,4.0,21.0,0.0,0.0,0.0,-5.0,-5.0,-5.0,-0.4166666666666665,31345387,2019.0,OTHER,No,HN,Metastatic,Local Therapy,Squamous Cell Carcinomas,RADIATION: Reduced Dose Radiation|RADIATION: Standard Dose Radiation|DRUG: Carboplatin,2019,NCT01706939,Other,23,9/1/2012,2012,Non-Industry,HN,Chemotherapy,2012
PMID 31361535 a_Summary_SoE.pdf,2.0,2.0,6.0,10.0,14.0,19.0,1.5833333333333333,21.0,2.0,2.0,6.0,10.0,14.0,19.0,1.5833333333333333,21.0,0.0,0.0,0.0,0.0,0.0,0.0,0.0,31361535,2019.0,NETWORK,No,Thor,Metastatic,Systemic Therapy,Lung Cancer,DRUG: Paclitaxel|DRUG: Carboplatin|BIOLOGICAL: Bevacizumab|DRUG: Pemetrexed Disodium Heptahydrate,2019,NCT01107626,Superiority,1516,10/25/2010,2010,Non-Industry,Thor,Targeted Therapy,2010
PMID 31365801 a_Summary_SoE.pdf,1.0,3.0,5.0,8.0,9.0,10.0,0.8333333333333334,28.0,1.0,5.0,12.0,19.0,20.0,21.0,1.75,28.0,0.0,-2.0,-7.0,-11.0,-11.0,-11.0,-0.9166666666666666,31365801,2019.0,NIH,Yes,Heme,Hematologic,Systemic Therapy,Anemia|Chronic Lymphocytic Leukemia|Small Lymphocytic Lymphoma,DRUG: Cyclophosphamide|DRUG: Fludarabine Phosphate|DRUG: Ibrutinib|OTHER: Laboratory Biomarker Analysis|OTHER: Pharmacogenomic Study|OTHER: Quality-of-Life Assessment|BIOLOGICAL: Rituximab,2019,NCT02048813,Superiority,529,2/20/2014,2014,Industry,Heme,Targeted Therapy,2014
PMID 31371228 CT_Summary_SoE.pdf,1.0,3.0,7.0,12.0,12.0,13.0,1.0833333333333333,21.0,1.0,1.0,5.0,10.0,11.0,12.0,1.0,21.0,0.0,2.0,2.0,2.0,1.0,1.0,0.0833333333333332,31371228,2019.0,OTHER,No,GI,Metastatic,Systemic Therapy,Colorectal Neoplasms|Peritoneal Neoplasms,PROCEDURE: Adjuvant HIPEC (open/laparoscopic)|DRUG: Standard adjuvant systemic chemotherapy|PROCEDURE: Diagnostic laparoscopy,2019,NCT02231086,Superiority,204,2015-03,2015,Non-Industry,GI,Procedure,2015
PMID 31399378 CT_Summary_SoE.pdf,1.0,1.0,3.0,5.0,5.0,5.0,0.4166666666666667,30.0,1.0,1.0,3.0,5.0,5.0,5.0,0.4166666666666667,30.0,0.0,0.0,0.0,0.0,0.0,0.0,0.0,31399378,2019.0,INDUSTRY,Yes,Multiple,All,Systemic Therapy,Herpes Zoster,BIOLOGICAL: V212|BIOLOGICAL: Placebo,2019,NCT01254630,Superiority,5305,6/24/2011,2011,Industry,Multiple,Targeted Therapy,2011
PMID 31454045 a_Summary_SoE.pdf,3.0,17.0,43.0,68.0,104.0,110.0,9.166666666666666,21.0,3.0,17.0,43.0,68.0,89.0,93.0,7.75,21.0,0.0,0.0,0.0,0.0,15.0,17.0,1.416666666666666,31454045,2019.0,NETWORK,No,Peds,Metastatic,Systemic Therapy,Localized Resectable Neuroblastoma|Localized Unresectable Neuroblastoma|Recurrent Neuroblastoma|Regional Neuroblastoma|Stage 4 Neuroblastoma|Stage 4S Neuroblastoma,PROCEDURE: Autologous Hematopoietic Stem Cell Transplantation|DRUG: Carboplatin|DRUG: Cisplatin|DRUG: Cyclophosphamide|DRUG: Doxorubicin Hydrochloride|DRUG: Etoposide|RADIATION: External Beam Radiation Therapy|BIOLOGICAL: Filgrastim|DRUG: Isotretinoin|OTHER: Laboratory Biomarker Analysis|DRUG: Melphalan|PROCEDURE: Peripheral Blood Stem Cell Transplantation|OTHER: Pharmacological Study|DRUG: Thiotepa|DRUG: Topotecan Hydrochloride|DRUG: Vincristine Sulfate Liposome,2019,NCT00567567,Superiority,665,11/5/2007,2007,Non-Industry,Other,Chemotherapy,2007
PMID 31486832 a_Summary_SoE.pdf,2.0,2.0,5.0,9.0,13.0,18.0,1.5,21.0,2.0,2.0,5.0,9.0,13.0,18.0,1.5,21.0,0.0,0.0,0.0,0.0,0.0,0.0,0.0,31486832,2019.0,NIH,No,GI,Metastatic,Systemic Therapy,Advanced Adult Hepatocellular Carcinoma|Recurrent Hepatocellular Carcinoma|Stage III Hepatocellular Carcinoma AJCC v7|Stage IIIA Hepatocellular Carcinoma AJCC v7|Stage IIIB Hepatocellular Carcinoma AJCC v7|Stage IIIC Hepatocellular Carcinoma AJCC v7|Stage IV Hepatocellular Carcinoma AJCC v7|Stage IVA Hepatocellular Carcinoma AJCC v7|Stage IVB Hepatocellular Carcinoma AJCC v7|Unresectable Hepatocellular Carcinoma,DRUG: Doxorubicin Hydrochloride|OTHER: Laboratory Biomarker Analysis|OTHER: Pharmacogenomic Study|DRUG: Sorafenib Tosylate,2019,NCT01015833,Superiority,356,2/15/2010,2010,Non-Industry,GI,Targeted Therapy,2010
PMID 31562799 a_Summary_SoE.pdf,2.0,5.0,7.0,10.0,13.0,17.0,1.4166666666666667,28.0,2.0,5.0,7.0,10.0,13.0,17.0,1.4166666666666667,28.0,0.0,0.0,0.0,0.0,0.0,0.0,0.0,31562799,2019.0,INDUSTRY,Yes,GYN,Metastatic,Systemic Therapy,Ovarian Neoplasms,DRUG: Niraparib|DRUG: Placebo,2019,NCT02655016,Superiority,733,7/11/2016,2016,Industry,GYN,Targeted Therapy,2016
PMID 31566309 a_Summary_SoE.pdf,2.0,5.0,13.0,26.0,39.0,53.0,4.416666666666667,28.0,2.0,5.0,13.0,26.0,39.0,53.0,4.416666666666667,28.0,0.0,0.0,0.0,0.0,0.0,0.0,0.0,31566309,2019.0,INDUSTRY,Yes,GI,Metastatic,Systemic Therapy,BRAF V600E-mutant Metastatic Colorectal Cancer,DRUG: Encorafenib|DRUG: Binimetinib|DRUG: Cetuximab|DRUG: Irinotecan|DRUG: Folinic Acid|DRUG: 5-Fluorouracil,2019,NCT02928224,Other,702,2016,2016,Industry,GI,Targeted Therapy,2016
PMID 31582355 a_Summary_SoE.pdf,1.0,4.0,8.0,14.0,21.0,28.0,2.3333333333333335,42.0,1.0,3.0,6.0,10.0,14.0,19.0,1.5833333333333333,21.0,0.0,1.0,2.0,4.0,7.0,9.0,0.7500000000000002,31582355,2019.0,INDUSTRY,Yes,GI,Metastatic,Systemic Therapy,Esophageal Cancer,DRUG: Nivolumab|DRUG: Docetaxel/Paclitaxel,2019,NCT02569242,Superiority,419,12/14/2015,2015,Industry,GI,Immunotherapy,2015
PMID 31590988 a_Summary_SoE.pdf,1.0,2.0,5.0,8.0,11.0,15.0,1.25,21.0,1.0,2.0,5.0,7.0,8.0,9.0,0.75,21.0,0.0,0.0,0.0,1.0,3.0,6.0,0.5,31590988,2019.0,INDUSTRY,Yes,Thor,Metastatic,Systemic Therapy,Small Cell Lung Carcinoma Extensive Disease,DRUG: Durvalumab|DRUG: Tremelimumab|DRUG: Carboplatin|DRUG: Cisplatin|DRUG: Etoposide,2019,NCT03043872,Superiority,987,3/27/2017,2017,Industry,Thor,Immunotherapy,2017
PMID 31591063 CT a_Summary_SoE.pdf,2.0,3.0,7.0,13.0,20.0,27.0,2.25,14.0,2.0,3.0,7.0,13.0,20.0,27.0,2.25,14.0,0.0,0.0,0.0,0.0,0.0,0.0,0.0,31591063,2019.0,INDUSTRY,Yes,Thor,Metastatic,Systemic Therapy,Metastatic Non-Small Cell Lung Cancer,DRUG: Ramucirumab|DRUG: Placebo|DRUG: Erlotinib|DRUG: Gefitinib|DRUG: Osimertinib,2019,NCT02411448,Superiority,545,5/6/2015,2015,Industry,Thor,Targeted Therapy,2015
PMID 31618129 a_Summary_SoE.pdf,2.0,2.0,5.0,9.0,13.0,18.0,1.5,21.0,2.0,2.0,5.0,7.0,9.0,10.0,0.8333333333333334,21.0,0.0,0.0,0.0,2.0,4.0,8.0,0.6666666666666666,31618129,2019.0,NIH,No,HN,Metastatic,Systemic Therapy,Neck Squamous Cell Carcinoma of Unknown Primary|Recurrent Hypopharyngeal Squamous Cell Carcinoma|Recurrent Laryngeal Squamous Cell Carcinoma|Recurrent Laryngeal Verrucous Carcinoma|Recurrent Lip and Oral Cavity Squamous Cell Carcinoma|Recurrent Neck Squamous Cell Carcinoma of Unknown Primary|Recurrent Oral Cavity Verrucous Carcinoma|Recurrent Oropharyngeal Squamous Cell Carcinoma|Recurrent Salivary Gland Carcinoma|Recurrent Sinonasal Squamous Cell Carcinoma|Salivary Gland Squamous Cell Carcinoma|Stage IV Hypopharyngeal Squamous Cell Carcinoma AJCC v7|Stage IV Major Salivary Gland Cancer AJCC v7|Stage IVA Laryngeal Squamous Cell Carcinoma AJCC v7|Stage IVA Laryngeal Verrucous Carcinoma AJCC v7|Stage IVA Lip and Oral Cavity Squamous Cell Carcinoma AJCC v6 and v7|Stage IVA Major Salivary Gland Cancer AJCC v7|Stage IVA Oral Cavity Cancer AJCC v6 and v7|Stage IVA Oropharyngeal Squamous Cell Carcinoma AJCC v7|Stage IVA Sinonasal Squamous Cell Carcinoma AJCC v7|Stage IVB Laryngeal Squamous Cell Carcinoma AJCC v7|Stage IVB Laryngeal Verrucous Carcinoma AJCC v7|Stage IVB Lip and Oral Cavity Squamous Cell Carcinoma AJCC v6 and v7|Stage IVB Major Salivary Gland Cancer AJCC v7|Stage IVB Oral Cavity Cancer AJCC v6 and v7|Stage IVB Oropharyngeal Squamous Cell Carcinoma AJCC v7|Stage IVB Sinonasal Squamous Cell Carcinoma AJCC v7|Stage IVC Laryngeal Squamous Cell Carcinoma AJCC v7|Stage IVC Laryngeal Verrucous Carcinoma AJCC v7|Stage IVC Lip and Oral Cavity Squamous Cell Carcinoma AJCC v6 and v7|Stage IVC Major Salivary Gland Cancer AJCC v7|Stage IVC Oral Cavity Cancer AJCC v6 and v7|Stage IVC Oropharyngeal Squamous Cell Carcinoma AJCC v7|Stage IVC Sinonasal Squamous Cell Carcinoma AJCC v7|Tongue Carcinoma,BIOLOGICAL: Bevacizumab|DRUG: Carboplatin|DRUG: Cisplatin|DRUG: Docetaxel|DRUG: Fluorouracil|OTHER: Laboratory Biomarker Analysis,2019,NCT00588770,Superiority,403,8/8/2008,2008,Non-Industry,HN,Targeted Therapy,2008
PMID 31629060 a_Summary_SoE.pdf,1.0,2.0,5.0,9.0,13.0,18.0,1.5,21.0,1.0,2.0,5.0,9.0,13.0,18.0,1.5,21.0,0.0,0.0,0.0,0.0,0.0,0.0,0.0,31629060,2020.0,INDUSTRY,Yes,Thor,Metastatic,Supportive Care,Non-Small Cell Lung Cancer|Anemia|Cancer|Lung Cancer,DRUG: Darbepoetin alfa|DRUG: Placebo,2020,NCT00858364,Other,2549,7/17/2009,2009,Industry,Thor,Other,2009
PMID 31645288 CT_Summary_SoE.pdf,1.0,2.0,2.0,2.0,2.0,3.0,0.25,0.0,1.0,2.0,2.0,2.0,2.0,3.0,0.25,0.0,0.0,0.0,0.0,0.0,0.0,0.0,0.0,31645288,2019.0,OTHER,No,Breast,Non-metastatic,Local Therapy,Breast Neoplasms,DRUG: General anesthesia and opioids|DRUG: Regional analgesia and propofol,2019,NCT00418457,Superiority,2108,2007-01,2007,Non-Industry,Breast,Other,2007
PMID 31647503 a_Summary_SoE.pdf,2.0,3.0,8.0,13.0,17.0,22.0,1.8333333333333333,21.0,2.0,3.0,8.0,13.0,17.0,22.0,1.8333333333333333,21.0,0.0,0.0,0.0,0.0,0.0,0.0,0.0,31647503,2020.0,INDUSTRY,Yes,Breast,Non-metastatic,Systemic Therapy,Breast Cancer,DRUG: FEC Chemotherapy|PROCEDURE: Surgery|DRUG: Docetaxel|DRUG: Pertuzumab|DRUG: Placebo|DRUG: Trastuzumab,2019,NCT02586025,Superiority,329,3/14/2016,2016,Industry,Breast,Targeted Therapy,2016
PMID 31665578 a_Summary_SoE.pdf,1.0,5.0,8.0,11.0,14.0,19.0,1.5833333333333333,28.0,1.0,13.0,38.0,72.0,102.0,133.0,11.083333333333334,28.0,0.0,-8.0,-30.0,-61.0,-88.0,-114.0,-9.5,31665578,2019.0,INDUSTRY,Yes,Heme,Hematologic,Systemic Therapy,"Leukemia, Acute Myeloid (AML)","DRUG: gilteritinib|DRUG: LoDAC (Low Dose Cytarabine)|DRUG: Azacitidine|DRUG: MEC (Mitoxantrone, Etoposide, Cytarabine)|DRUG: FLAG-IDA (Granulocyte-Colony Stimulating Factor (G-CSF), Fludarabine, Cytarabine, Idarubicin)",2019,NCT02421939,Superiority,371,10/20/2015,2015,Industry,Heme,Targeted Therapy,2015
PMID 31679945 a_Summary_SoE.pdf,1.0,2.0,5.0,9.0,13.0,18.0,1.5,21.0,1.0,5.0,13.0,26.0,39.0,53.0,4.416666666666667,21.0,0.0,-3.0,-8.0,-17.0,-26.0,-35.0,-2.916666666666667,31679945,2019.0,INDUSTRY,Yes,HN,Metastatic,Systemic Therapy,Recurrent Head and Neck Cancer|Metastatic Head and Neck Cancer,BIOLOGICAL: Pembrolizumab|DRUG: Cisplatin|DRUG: Carboplatin|DRUG: 5-FU|BIOLOGICAL: Cetuximab,2019,NCT02358031,Superiority,882,3/19/2015,2015,Industry,HN,Immunotherapy,2015
PMID 31688884 a_Summary_SoE.pdf,1.0,22.0,64.0,106.0,106.0,106.0,8.833333333333334,28.0,1.0,9.0,25.0,34.0,35.0,36.0,3.0,28.0,0.0,13.0,39.0,72.0,71.0,70.0,5.833333333333334,31688884,2019.0,NETWORK,No,Heme,Hematologic,Supportive Care,Acute Myeloid Leukemia|Adult Acute Monoblastic Leukemia|Adult Acute Monocytic Leukemia|Adult Acute Myeloid Leukemia in Remission|Adult Acute Myeloid Leukemia With Inv(16)(p13.1q22); CBFB-MYH11|Adult Acute Myeloid Leukemia With Maturation|Adult Acute Myeloid Leukemia With Minimal Differentiation|Adult Acute Myeloid Leukemia With t(16;16)(p13.1;q22); CBFB-MYH11|Adult Acute Myeloid Leukemia With t(8;21); (q22; q22.1); RUNX1-RUNX1T1|Adult Acute Myeloid Leukemia With t(9;11)(p22.3;q23.3); MLLT3-KMT2A|Adult Acute Myeloid Leukemia Without Maturation|Adult Acute Myelomonocytic Leukemia|Alkylating Agent-Related Acute Myeloid Leukemia|Childhood Acute Monoblastic Leukemia|Childhood Acute Monocytic Leukemia|Childhood Acute Myeloid Leukemia in Remission|Childhood Acute Myeloid Leukemia With Maturation|Childhood Acute Myeloid Leukemia With Minimal Differentiation|Childhood Acute Myeloid Leukemia Without Maturation|Childhood Acute Myelomonocytic Leukemia|Fungal Infection|Myeloid Neoplasm|Neutropenia|Recurrent Adult Acute Myeloid Leukemia|Recurrent Childhood Acute Myeloid Leukemia|Secondary Acute Myeloid Leukemia|Untreated Adult Acute Myeloid Leukemia|Untreated Childhood Myeloid Neoplasm,DRUG: Caspofungin Acetate|DRUG: Fluconazole|OTHER: Laboratory Biomarker Analysis,2019,NCT01307579,Superiority,517,4/4/2011,2011,Non-Industry,Heme,Other,2011
PMID 31693129 CT_Summary_SoE.pdf,1.0,1.0,3.0,6.0,7.0,8.0,0.6666666666666666,30.0,1.0,1.0,3.0,6.0,7.0,8.0,0.6666666666666666,30.0,0.0,0.0,0.0,0.0,0.0,0.0,0.0,31693129,2020.0,NETWORK,No,Breast,Non-metastatic,Supportive Care,Breast Cancer,DRUG: clodronate disodium|DRUG: ibandronate sodium|DRUG: zoledronic acid,2020,NCT00127205,Superiority,6097,2005-07,2005,Non-Industry,Breast,Other,2005
PMID 31725692 CT_Summary_SoE.pdf,1.0,2.0,2.0,2.0,2.0,2.0,0.1666666666666666,0.0,1.0,2.0,2.0,2.0,2.0,2.0,0.1666666666666666,0.0,0.0,0.0,0.0,0.0,0.0,0.0,0.0,31725692,2020.0,OTHER,No,Skin,NS,Supportive Care,Non-melanoma Skin Cancer,DRUG: Acetaminophen,2020,NCT03131713,Superiority,101,7/1/2016,2016,Non-Industry,Skin,Other,2016
PMID 31735560 CT_Summary_SoE.pdf,1.0,5.0,9.0,15.0,22.0,29.0,2.4166666666666665,28.0,1.0,5.0,9.0,15.0,22.0,29.0,2.4166666666666665,28.0,0.0,0.0,0.0,0.0,0.0,0.0,0.0,31735560,2019.0,INDUSTRY,Yes,Heme,Hematologic,Systemic Therapy,Plasma Cell Myeloma,DRUG: Isatuximab|DRUG: Pomalidomide|DRUG: Dexamethasone,2019,NCT02990338,Superiority,307,12/22/2016,2016,Industry,Heme,Targeted Therapy,2016
PMID 31800611 a_Summary_SoE.pdf,1.0,2.0,2.0,2.0,2.0,3.0,0.25,0.0,1.0,2.0,2.0,2.0,2.0,3.0,0.25,0.0,0.0,0.0,0.0,0.0,0.0,0.0,0.0,31800611,2019.0,OTHER,No,Breast,Metastatic,Systemic Therapy,Curative Breast Cancer Surgery|Inflammatory Positive/Negative Status|Pre Surgical Incision Administration,DRUG: Ketorolac 30 mg IV|DRUG: Placebos,2019,NCT01806259,Superiority,203,2013-02,2013,Non-Industry,Breast,Other,2013
PMID 31806543 CT_Summary_SoE.pdf,3.0,2.0,4.0,7.0,8.0,9.0,0.75,28.0,3.0,2.0,4.0,7.0,8.0,9.0,0.75,28.0,0.0,0.0,0.0,0.0,0.0,0.0,0.0,31806543,2020.0,INDUSTRY,Yes,Breast,Non-metastatic,Systemic Therapy,Breast Cancer,DRUG: Placebo|DRUG: Denosumab,2020,NCT01077154,Superiority,4509,6/2/2010,2010,Industry,Breast,Targeted Therapy,2010
PMID 31810797 CT_Summary_SoE.pdf,1.0,3.0,5.0,8.0,11.0,15.0,1.25,28.0,1.0,3.0,5.0,8.0,11.0,15.0,1.25,28.0,0.0,0.0,0.0,0.0,0.0,0.0,0.0,31810797,2020.0,INDUSTRY,Yes,GU,Metastatic,Systemic Therapy,"Carcinoma, Renal Cell",DRUG: Tivozanib hydrochloride|DRUG: Sorafenib,2019,NCT02627963,Superiority,350,5/24/2016,2016,Industry,GU,Targeted Therapy,2016
PMID 31820339 CT_Summary_SoE.pdf,1.0,5.0,5.0,6.0,7.0,9.0,0.75,7.0,1.0,5.0,5.0,6.0,7.0,9.0,0.75,7.0,0.0,0.0,0.0,0.0,0.0,0.0,0.0,31820339,2020.0,INDUSTRY,Yes,Heme,Hematologic,Systemic Therapy,Follicular Lymphoma,BIOLOGICAL: PF-05280586|BIOLOGICAL: MabTheraÂ®,2020,NCT02213263,Other,394,9/30/2014,2014,Industry,Heme,Targeted Therapy,2014
PMID 31821109 a_Summary_SoE.pdf,2.0,3.0,8.0,18.0,22.0,28.0,2.3333333333333335,21.0,2.0,3.0,8.0,17.0,17.0,18.0,1.5,14.0,0.0,0.0,0.0,1.0,5.0,10.0,0.8333333333333335,31821109,2020.0,NIH,Yes,Breast,Non-metastatic,Systemic Therapy,HER2/Neu Positive|Progesterone Receptor Positive|Recurrent Breast Carcinoma|Stage IA Breast Cancer AJCC v7|Stage IB Breast Cancer AJCC v7|Stage IIA Breast Cancer AJCC v6 and v7|Stage IIB Breast Cancer AJCC v6 and v7|Stage IIIA Breast Cancer AJCC v7|Stage IIIC Breast Cancer AJCC v7,DRUG: Cyclophosphamide|DRUG: Docetaxel|DRUG: Doxorubicin|DRUG: Doxorubicin Hydrochloride|OTHER: Laboratory Biomarker Analysis|DRUG: Paclitaxel|OTHER: Quality-of-Life Assessment|BIOLOGICAL: Trastuzumab,2019,NCT01275677,Superiority,3270,1/6/2011,2011,Industry,Breast,Targeted Therapy,2011
PMID 31924332 CT_Summary_SoE.pdf,1.0,6.0,14.0,27.0,40.0,54.0,4.5,21.0,1.0,5.0,13.0,26.0,39.0,53.0,4.416666666666667,28.0,0.0,1.0,1.0,1.0,1.0,1.0,0.083333333333333,31924332,2020.0,INDUSTRY,Yes,GYN,Metastatic,Systemic Therapy,Ovarian Neoplasms|Peritoneal Neoplasms|Fallopian Tube Neoplasms,DRUG: Trabectedin|DRUG: DOXIL|DRUG: Dexamethasone|DRUG: DOXIL,2020,NCT01846611,Superiority,581,10/16/2013,2013,Industry,GYN,Chemotherapy,2013
PMID 31935026 a_Summary_SoE.pdf,1.0,0.0,1.0,2.0,3.0,4.0,0.3333333333333333,0.0,1.0,0.0,1.0,2.0,3.0,4.0,0.3333333333333333,0.0,0.0,0.0,0.0,0.0,0.0,0.0,0.0,31935026,2020.0,OTHER,No,GU,Non-metastatic,Supportive Care,Prostate Cancer,OTHER: dietary education and counseling|OTHER: prostate cancer foundation booklet,2020,NCT01238172,Superiority,478,2011-01,2011,Non-Industry,GU,Other,2011
PMID 32010577 a_Summary_SoE.pdf,1.0,2.0,5.0,9.0,13.0,18.0,1.5,21.0,1.0,2.0,5.0,9.0,13.0,18.0,1.5,21.0,0.0,0.0,0.0,0.0,0.0,0.0,0.0,32010577,2019.0,INDUSTRY,Yes,Thor,Metastatic,Systemic Therapy,NSCLC,DRUG: Bevacizumab in Combination With Paclitaxel/Carboplatin|DRUG: IBI305 in Combination with Paclitaxel/Carboplatin,2019,NCT02954172,Other,450,11/28/2016,2016,Industry,Thor,Targeted Therapy,2016
PMID 32031887 CT_Summary_SoE.pdf,1.0,1.0,4.0,7.0,10.0,14.0,1.1666666666666667,28.0,1.0,0.0,2.0,3.0,3.0,3.0,0.25,14.0,0.0,1.0,2.0,4.0,7.0,11.0,0.9166666666666669,32031887,2020.0,OTHER,No,Multiple,Metastatic,Supportive Care,Liver Cancer|Anxiety Disorder|Depression|Small Cell Lung Cancer|Extrahepatic Bile Duct Cancer|Malignant Mesothelioma|Pancreatic Cancer|Esophageal Cancer|Gastric Cancer|Non-small Cell Lung Cancer,OTHER: Early palliative care,2020,NCT02349412,Superiority,405,2015-04,2015,Non-Industry,Multiple,Other,2015
PMID 32058845 a_Summary_SoE.pdf,2.0,10.0,11.0,13.0,13.0,14.0,1.1666666666666667,0.0,2.0,10.0,11.0,13.0,13.0,14.0,1.1666666666666667,0.0,0.0,0.0,0.0,0.0,0.0,0.0,0.0,32058845,2020.0,OTHER,No,CNS,Metastatic,Supportive Care,Cognitive Impairment|Metastatic Malignant Neoplasm in the Brain|Solid Neoplasm,RADIATION: Whole brain radiation therapy with hippocampal avoidance|DRUG: Memantine|RADIATION: Whole brain radiation therapy,2020,NCT02360215,Superiority,518,2015-07,2015,Non-Industry,CNS,Radiation,2015
PMID 32073956 a_Summary_SoE.pdf,1.0,5.0,7.0,10.0,13.0,17.0,1.4166666666666667,28.0,1.0,5.0,13.0,26.0,39.0,53.0,4.416666666666667,28.0,0.0,0.0,-6.0,-16.0,-26.0,-36.0,-3.0,32073956,2020.0,INDUSTRY,Yes,GYN,NS,Systemic Therapy,"Relapsed Ovarian Cancer, BRCA Mutation, Platinum Sensitivity",DRUG: OLAPARIB|DRUG: Single agent chemotherapy,2020,NCT02282020,Superiority,266,2/6/2015,2015,Industry,GYN,Targeted Therapy,2015
PMID 32145827 a_Summary_SoE.pdf,1.0,3.0,7.0,13.0,13.0,14.0,1.1666666666666667,14.0,1.0,3.0,7.0,13.0,13.0,14.0,1.1666666666666667,14.0,0.0,0.0,0.0,0.0,0.0,0.0,0.0,32145827,2020.0,NETWORK,No,GI,Non-metastatic,Systemic Therapy,HIV-1 Infection,DRUG: Etoposide (ET)|DRUG: Bleomycin and Vincristine (BV)|DRUG: Paclitaxel (PTX)|DRUG: Co-formulated Efavirenz/Emtricitabine/Tenofovir Disoproxil Fumarate (EFV/FTC/TDF),2020,NCT01435018,Other,334,10/1/2013,2013,Non-Industry,GI,Chemotherapy,2013
PMID 32201234 a_Summary_SoE.pdf,1.0,2.0,4.0,7.0,9.0,11.0,0.9166666666666666,28.0,1.0,5.0,13.0,26.0,39.0,52.0,4.333333333333333,28.0,0.0,-3.0,-9.0,-19.0,-30.0,-41.0,-3.4166666666666665,32201234,2020.0,INDUSTRY,Yes,Thor,Metastatic,Systemic Therapy,Non - Small Cell Lung Cancer NSCLC,DRUG: MEDI4736 (durvalumab)|DRUG: Vinorelbine|DRUG: Gemcitabine|DRUG: Erlotinib|DRUG: MEDI4736 (durvalumab) in combination with tremelimumab (anti-CTLA4)|DRUG: tremelimumab (anti-CTLA4),2020,NCT02352948,Superiority,597,1/13/2015,2015,Industry,Thor,Immunotherapy,2015
PMID 32213342 a_Summary_SoE.pdf,2.0,6.0,13.0,19.0,22.0,26.0,2.1666666666666665,28.0,2.0,5.0,11.0,17.0,20.0,24.0,2.0,28.0,0.0,1.0,2.0,2.0,2.0,2.0,0.1666666666666665,32213342,2020.0,INDUSTRY,Yes,Heme,Hematologic,Systemic Therapy,Multiple Myeloma,DRUG: Dara SC|DRUG: Dara IV,2020,NCT03277105,Other,522,10/27/2017,2017,Industry,Heme,Other,2017
PMID 32259228 a_Summary_SoE.pdf,2.0,4.0,9.0,18.0,26.0,36.0,3.0,21.0,2.0,4.0,9.0,18.0,26.0,36.0,3.0,21.0,0.0,0.0,0.0,0.0,0.0,0.0,0.0,32259228,2020.0,INDUSTRY,Yes,Other,Metastatic,Systemic Therapy,Soft Tissue Sarcoma,DRUG: Olaratumab|DRUG: Doxorubicin|DRUG: Placebo,2020,NCT02451943,Superiority,509,9/14/2015,2015,Industry,Other,Targeted Therapy,2015
PMID 32271377 a_Summary_SoE.pdf,1.0,2.0,5.0,9.0,13.0,17.0,1.4166666666666667,28.0,1.0,2.0,5.0,9.0,13.0,18.0,1.5,21.0,0.0,0.0,0.0,0.0,0.0,-1.0,-0.0833333333333332,32271377,2020.0,INDUSTRY,Yes,Thor,Metastatic,Systemic Therapy,Non-Small-Cell Lung Carcinoma NSCLC,BIOLOGICAL: MEDI4736 (Durvalumab)|BIOLOGICAL: MEDI4736 (Durvalumab)+Tremelimumab|DRUG: Paclitaxel + Carboplatin|DRUG: Gemcitabine + Cisplatin|DRUG: Gemcitabine + Carboplatin|DRUG: Pemetrexed + Cisplatin|DRUG: Pemetrexed + Carboplatin|BIOLOGICAL: Tremelimumab,2020,NCT02453282,Superiority,1118,7/21/2015,2015,Industry,Thor,Immunotherapy,2015
PMID 32294530 CT_Summary_SoE.pdf,2.0,3.0,7.0,13.0,20.0,27.0,2.25,14.0,2.0,5.0,13.0,26.0,39.0,53.0,4.416666666666667,7.0,0.0,-2.0,-6.0,-13.0,-19.0,-26.0,-2.166666666666667,32294530,2020.0,INDUSTRY,Yes,HN,NS,Systemic Therapy,Recurrent or Metastatic PD-L1-positive or -Negative Squamous Cell Carcinoma of the Head and Neck SCCHN,DRUG: MEDI4736|DRUG: MEDI4736 + Tremelimumab|DRUG: Standard of Care,2020,NCT02369874,Superiority,736,9/9/2015,2015,Industry,HN,Immunotherapy,2015
PMID 32302702 CT_Summary_SoE.pdf,1.0,2.0,5.0,9.0,13.0,18.0,1.5,21.0,1.0,5.0,13.0,16.0,18.0,20.0,1.6666666666666667,21.0,0.0,-3.0,-8.0,-7.0,-5.0,-2.0,-0.1666666666666667,32302702,2020.0,INDUSTRY,Yes,Thor,Metastatic,Systemic Therapy,Squamous Non-Small Cell Lung Cancer,"DRUG: Atezolizumab (MPDL3280A), an engineered anti-programmed death-ligand 1 (anti-PD-L1) antibody|DRUG: Carboplatin|DRUG: Nab-Paclitaxel|DRUG: Paclitaxel",2020,NCT02367794,Superiority,1021,6/11/2015,2015,Industry,Thor,Immunotherapy,2015
PMID 32305093 a_Summary_SoE.pdf,0.0,0.0,0.0,0.0,0.0,0.0,0.0,28.0,0.0,0.0,0.0,0.0,0.0,0.0,0.0,28.0,0.0,0.0,0.0,0.0,0.0,0.0,0.0,32305093,2020.0,INDUSTRY,Yes,Heme,Hematologic,Systemic Therapy,Chronic Lymphocytic Leukemia,DRUG: Acalabrutinib|DRUG: Obinutuzumab|DRUG: Chlorambucil,2020,NCT02475681,Superiority,535,6/26/2015,2015,Industry,Heme,Targeted Therapy,2015
PMID 32343890 a_Summary_SoE.pdf,2.0,2.0,4.0,7.0,8.0,10.0,0.8333333333333334,28.0,2.0,2.0,4.0,7.0,8.0,10.0,0.8333333333333334,28.0,0.0,0.0,0.0,0.0,0.0,0.0,0.0,32343890,2020.0,INDUSTRY,Yes,GU,Metastatic,Systemic Therapy,Metastatic Castration-resistant Prostate Cancer,DRUG: olaparib|DRUG: enzalutamide|DRUG: abiraterone acetate|DRUG: abiraterone acetate|DRUG: enzalutamide,2020,NCT02987543,Superiority,387,2/6/2017,2017,Industry,GU,Targeted Therapy,2017
PMID 32372176 CT_Summary_SoE.pdf,2.0,1.0,2.0,3.0,3.0,3.0,0.25,90.0,2.0,1.0,2.0,3.0,3.0,3.0,0.25,90.0,0.0,0.0,0.0,0.0,0.0,0.0,0.0,32372176,2021.0,OTHER,No,Breast,Non-metastatic,Supportive Care,Arthralgia|Breast Cancer|Hot Flashes|Musculoskeletal Complications|Sexual Dysfunction,DRUG: testosterone|OTHER: placebo,2020,NCT01573442,Superiority,227,2013-08,2013,Non-Industry,Breast,Other,2013
PMID 32379269 a_Summary_SoE.pdf,1.0,2.0,2.0,2.0,2.0,2.0,0.1666666666666666,0.0,1.0,2.0,2.0,2.0,2.0,2.0,0.1666666666666666,0.0,0.0,0.0,0.0,0.0,0.0,0.0,0.0,32379269,2020.0,OTHER,No,All,Metastatic,Supportive Care,Advanced Cancer,DRUG: Olanzapine|OTHER: Placebo,2020,NCT03137121,Superiority,30,7/12/2017,2017,Non-Industry,Other,Other,2017
PMID 32402160 a_Summary_SoE.pdf,2.0,2.0,5.0,9.0,13.0,18.0,1.5,21.0,2.0,2.0,5.0,9.0,13.0,18.0,1.5,21.0,0.0,0.0,0.0,0.0,0.0,0.0,0.0,32402160,2020.0,INDUSTRY,Yes,GI,Metastatic,Systemic Therapy,"Carcinoma, Hepatocellular",DRUG: Atezolizumab|DRUG: Bevacizumab|DRUG: Sorafenib,2020,NCT03434379,Superiority,558,3/15/2018,2018,Industry,GI,Immunotherapy,2018
PMID 32416072 CT a_Summary_SoE.pdf,2.0,3.0,7.0,11.0,15.0,20.0,1.6666666666666667,28.0,2.0,3.0,7.0,11.0,15.0,20.0,1.6666666666666667,28.0,0.0,0.0,0.0,0.0,0.0,0.0,0.0,32416072,2020.0,OTHER,Yes,GI,Metastatic,Systemic Therapy,Advanced Cholangiocarcinoma|Metastatic Cholangiocarcinoma,DRUG: AG-120|DRUG: Placebo,2020,NCT02989857,Superiority,187,2/20/2017,2017,Industry,GI,Other,2017
PMID 32416073 CT_Summary_SoE.pdf,2.0,3.0,7.0,13.0,20.0,27.0,2.25,14.0,2.0,2.0,5.0,9.0,13.0,18.0,1.5,21.0,0.0,1.0,2.0,4.0,7.0,9.0,0.75,32416073,2020.0,INDUSTRY,Yes,GI,Metastatic,Systemic Therapy,Esophageal Carcinoma,BIOLOGICAL: camrelizumab|DRUG: Docetaxel|DRUG: Irinotecan,2020,NCT03099382,Superiority,457,5/5/2017,2017,Industry,GI,Immunotherapy,2017
PMID 32416780 a_Summary_SoE.pdf,2.0,2.0,5.0,9.0,13.0,18.0,1.5,21.0,2.0,5.0,11.0,20.0,28.0,38.0,3.1666666666666665,21.0,0.0,-3.0,-6.0,-11.0,-15.0,-20.0,-1.6666666666666663,32416780,2020.0,INDUSTRY,Yes,GU,Metastatic,Systemic Therapy,Urothelial Carcinoma,DRUG: Atezolizumab|DRUG: Carboplatin|DRUG: Gemcitabine|OTHER: Placebo|DRUG: Cisplatin,2020,NCT02807636,Superiority,1213,6/30/2016,2016,Industry,GU,Immunotherapy,2016
PMID 32437507 a_Summary_SoE.pdf,2.0,2.0,5.0,11.0,18.0,25.0,2.0833333333333335,21.0,2.0,3.0,7.0,13.0,20.0,27.0,2.25,14.0,0.0,-1.0,-2.0,-2.0,-2.0,-2.0,-0.1666666666666665,32437507,2020.0,INDUSTRY,Yes,CNS,Metastatic,Systemic Therapy,Recurrent Glioblastoma,BIOLOGICAL: Nivolumab|BIOLOGICAL: Bevacizumab|BIOLOGICAL: Ipilimumab,2020,NCT02017717,Superiority,529,2/7/2014,2014,Industry,CNS,Immunotherapy,2014
PMID 32459600 a_Summary_SoE.pdf,1.0,4.0,8.0,14.0,15.0,16.0,1.3333333333333333,28.0,1.0,6.0,10.0,14.0,15.0,16.0,1.3333333333333333,28.0,0.0,-2.0,-2.0,0.0,0.0,0.0,0.0,32459600,2020.0,INDUSTRY,Yes,Heme,Hematologic,Systemic Therapy,Chronic Lymphocytic Leukemia,DRUG: Acalabrutinib (ACP-196)|DRUG: Rituximab|DRUG: Idelalisib|DRUG: Bendamustine,2020,NCT02970318,Other,310,2/2/2017,2017,Industry,Heme,Targeted Therapy,2017
PMID 32460997 CT_Summary_SoE.pdf,1.0,12.0,35.0,38.0,41.0,45.0,3.75,14.0,1.0,3.0,7.0,13.0,16.0,19.0,1.5833333333333333,14.0,0.0,9.0,28.0,25.0,25.0,26.0,2.166666666666667,32460997,2020.0,NETWORK,No,GYN,"Metastatic, Non-metastatic",Systemic Therapy,Choriocarcinoma|FIGO Stage I Gestational Trophoblastic Tumor|FIGO Stage II Gestational Trophoblastic Tumor|FIGO Stage III Gestational Trophoblastic Tumor|Hydatidiform Mole,BIOLOGICAL: Dactinomycin|DRUG: Leucovorin Calcium|DRUG: Methotrexate|OTHER: Quality-of-Life Assessment,2020,NCT01535053,Other,57,6/18/2012,2012,Non-Industry,GYN,Targeted Therapy,2012
PMID 32469183 a_Summary_SoE.pdf,1.0,6.0,8.0,11.0,14.0,17.0,1.4166666666666667,28.0,1.0,6.0,8.0,11.0,14.0,17.0,1.4166666666666667,84.0,0.0,0.0,0.0,0.0,0.0,0.0,0.0,32469183,2020.0,INDUSTRY,Yes,GU,Metastatic,Systemic Therapy,Prostate Cancer,DRUG: Relugolix|DRUG: Leuprolide Acetate,2020,NCT03085095,Other,1134,4/18/2017,2017,Industry,GU,Endocrine,2017
PMID 32469384 a_Summary_SoE.pdf,2.0,5.0,13.0,15.0,17.0,19.0,1.5833333333333333,42.0,2.0,5.0,13.0,15.0,17.0,19.0,1.5833333333333333,42.0,0.0,0.0,0.0,0.0,0.0,0.0,0.0,32469384,2020.0,INDUSTRY,Yes,GU,Metastatic,Systemic Therapy,"Carcinoma|Carcinoma, Renal Cell|Kidney Neoplasms|Urologic Neoplasms|Kidney Diseases|Neoplasms by Site|Enzyme Inhibitors|Protein Kinase Inhibitors",DRUG: Savolitinib|DRUG: Sunitinib,2020,NCT03091192,Superiority,60,7/25/2017,2017,Industry,GU,Targeted Therapy,2017
PMID 32496902 a_Summary_SoE.pdf,1.0,7.0,24.0,43.0,62.0,76.0,6.333333333333333,84.0,1.0,7.0,18.0,41.0,62.0,76.0,6.333333333333333,84.0,0.0,0.0,6.0,2.0,0.0,0.0,0.0,32496902,2020.0,NIH,No,Heme,Hematologic,Systemic Therapy,"B Acute Lymphoblastic Leukemia|B Acute Lymphoblastic Leukemia, BCR-ABL1-Like|Central Nervous System Leukemia|Testicular Leukemia",DRUG: Clofarabine|DRUG: Cyclophosphamide|DRUG: Cytarabine|DRUG: Dasatinib|DRUG: Daunorubicin Hydrochloride|DRUG: Dexamethasone|DRUG: Doxorubicin Hydrochloride|DRUG: Etoposide|DRUG: Hydrocortisone Sodium Succinate|OTHER: Laboratory Biomarker Analysis|DRUG: Leucovorin Calcium|DRUG: Mercaptopurine|DRUG: Methotrexate|DRUG: Pegaspargase|DRUG: Prednisone|RADIATION: Radiation Therapy|DRUG: Thioguanine|DRUG: Vincristine Sulfate,2020,NCT02883049,Superiority,5949,2/29/2012,2012,Non-Industry,Heme,Chemotherapy,2012
PMID 32534646 CT_Summary_SoE.pdf,2.0,4.0,12.0,18.0,25.0,32.0,2.6666666666666665,28.0,2.0,4.0,12.0,18.0,25.0,32.0,2.6666666666666665,28.0,0.0,0.0,0.0,0.0,0.0,0.0,0.0,32534646,2020.0,INDUSTRY,Yes,Skin,Metastatic,Systemic Therapy,Melanoma,DRUG: Atezolizumab|DRUG: Atezolizumab Placebo|DRUG: Cobimetinib|DRUG: Vemurafenib|DRUG: Vemurafenib Placebo,2020,NCT02908672,Superiority,514,1/13/2017,2017,Industry,Skin,Immunotherapy,2017
PMID 32564260 CT_Summary_SoE.pdf,2.0,2.0,5.0,9.0,13.0,18.0,1.5,21.0,2.0,2.0,5.0,9.0,13.0,18.0,1.5,21.0,0.0,0.0,0.0,0.0,0.0,0.0,0.0,32564260,2020.0,INDUSTRY,Yes,Breast,Metastatic,Systemic Therapy,Breast Cancer,DRUG: Docetaxel|DRUG: Pertuzumab|DRUG: Placebo|DRUG: Trastuzumab,2020,NCT02896855,Superiority,243,9/13/2016,2016,Industry,Breast,Targeted Therapy,2016
PMID 32678716 CT_Summary_SoE.pdf,2.0,4.0,7.0,11.0,15.0,20.0,1.6666666666666667,21.0,2.0,4.0,7.0,11.0,15.0,20.0,1.6666666666666667,21.0,0.0,0.0,0.0,0.0,0.0,0.0,0.0,32678716,2020.0,INDUSTRY,Yes,Breast,Metastatic,Systemic Therapy,HER2+ Metastatic Breast Cancer (MBC),DRUG: neratinib|DRUG: capecitabine|DRUG: lapatinib,2020,NCT01808573,Superiority,621,3/29/2013,2013,Industry,Breast,Targeted Therapy,2013
PMID 32682457 a_Summary_SoE.pdf,3.0,3.0,7.0,13.0,20.0,27.0,2.25,14.0,3.0,3.0,9.0,18.0,26.0,36.0,3.0,35.0,0.0,0.0,-2.0,-5.0,-6.0,-9.0,-0.75,32682457,2020.0,INDUSTRY,Yes,GI,Metastatic,Systemic Therapy,Gastric Cancer,DRUG: TAS-118 plus Oxaliplatin|DRUG: S-1 plus Cisplatin,2020,NCT02322593,Superiority,711,2014-12,2014,Industry,GI,Chemotherapy,2014
PMID 32682484 a_Summary_SoE.pdf,2.0,9.0,22.0,42.0,62.0,81.0,6.75,28.0,2.0,8.0,20.0,40.0,60.0,79.0,6.583333333333333,28.0,0.0,1.0,2.0,2.0,2.0,2.0,0.1666666666666669,32682484,2020.0,INDUSTRY,Yes,Heme,Hematologic,Systemic Therapy,Relapsed Multiple Myeloma|Refractory Multiple Myeloma,DRUG: Dexamethasone|DRUG: Daratumumab|DRUG: Carfilzomib,2020,NCT03158688,Superiority,466,6/13/2017,2017,Industry,Heme,Targeted Therapy,2017
PMID 32706639 a_Summary_SoE.pdf,2.0,2.0,5.0,9.0,10.0,11.0,0.9166666666666666,21.0,2.0,2.0,3.0,4.0,5.0,6.0,0.5,0.0,0.0,0.0,2.0,5.0,5.0,5.0,0.4166666666666666,32706639,2020.0,OTHER,No,GU,Non-metastatic,Systemic Therapy,Prostate Cancer,DRUG: docetaxel|DRUG: LHRH agonist|PROCEDURE: surgery,2020,NCT00430183,Superiority,788,5/8/2007,2007,Non-Industry,GU,Chemotherapy,2007
PMID 32786187 a_Summary_SoE.pdf,1.0,13.0,31.0,54.0,76.0,100.0,8.333333333333334,28.0,1.0,13.0,31.0,54.0,76.0,100.0,8.333333333333334,28.0,0.0,0.0,0.0,0.0,0.0,0.0,0.0,32786187,2020.0,INDUSTRY,Yes,Heme,Hematologic,Systemic Therapy,Acute Myeloid Leukemia (AML),DRUG: Azacitidine|DRUG: Venetoclax|DRUG: Placebo,2020,NCT02993523,Superiority,443,2/2/2017,2017,Industry,Heme,Targeted Therapy,2017
PMID 32813610 a_Summary_SoE.pdf,1.0,5.0,29.0,44.0,66.0,73.0,6.083333333333333,84.0,1.0,5.0,13.0,33.0,48.0,51.0,4.25,84.0,0.0,0.0,16.0,11.0,18.0,22.0,1.833333333333333,32813610,2020.0,NIH,No,Heme,Hematologic,Systemic Therapy,T Acute Lymphoblastic Leukemia|T Lymphoblastic Lymphoma,DRUG: Asparaginase|DRUG: Cyclophosphamide|DRUG: Cytarabine|DRUG: Daunorubicin Hydrochloride|DRUG: Dexamethasone|DRUG: Doxorubicin Hydrochloride|OTHER: Laboratory Biomarker Analysis|DRUG: Leucovorin Calcium|DRUG: Mercaptopurine|DRUG: Methotrexate|DRUG: Nelarabine|DRUG: Pegaspargase|DRUG: Prednisone|RADIATION: Radiation Therapy|DRUG: Thioguanine|DRUG: Vincristine Sulfate,2020,NCT00408005,Superiority,1895,1/22/2007,2007,Non-Industry,Heme,Chemotherapy,2007
PMID 32822286 a_Summary_SoE.pdf,4.0,3.0,6.0,9.0,12.0,16.0,1.3333333333333333,28.0,4.0,5.0,9.0,12.0,15.0,19.0,1.5833333333333333,28.0,0.0,-2.0,-3.0,-3.0,-3.0,-3.0,-0.25,32822286,2020.0,INDUSTRY,Yes,GYN,NS,Systemic Therapy,Low-grade Serous Ovarian Cancer|Low-grade Serous Fallopian Tube Cancer|Low-grade Serous Peritoneal Cancer,"DRUG: MEK162, MEK inhibitor; oral|DRUG: Physician's choice chemotherapy",2020,NCT01849874,Superiority,341,6/27/2013,2013,Industry,GYN,Other,2013
PMID 32861273 CT_Summary_SoE.pdf,2.0,5.0,13.0,26.0,39.0,53.0,4.416666666666667,21.0,2.0,5.0,13.0,26.0,39.0,53.0,4.416666666666667,21.0,0.0,0.0,0.0,0.0,0.0,0.0,0.0,32861273,2020.0,INDUSTRY,Yes,Breast,Metastatic,Systemic Therapy,Metastatic Breast Cancer,DRUG: Veliparib Placebo|DRUG: Veliparib|DRUG: Carboplatin|DRUG: Paclitaxel,2020,NCT02163694,Superiority,509,7/17/2014,2014,Industry,Breast,Targeted Therapy,2014
PMID 32880601a_Summary_SoE.pdf,2.0,2.0,5.0,9.0,13.0,18.0,1.5,21.0,2.0,4.0,10.0,18.0,26.0,36.0,3.0,21.0,0.0,-2.0,-5.0,-9.0,-13.0,-18.0,-1.5,32880601,2020.0,INDUSTRY,Yes,GI,Metastatic,Systemic Therapy,Gastric Adenocarcinoma,BIOLOGICAL: Pembrolizumab|DRUG: Cisplatin|DRUG: 5-FU|DRUG: Capecitabine|DRUG: Placebo,2020,NCT02494583,Superiority,763,7/31/2015,2015,Industry,GI,Immunotherapy,2015
PMID 32945632 a_Summary_SoE.pdf,1.0,3.0,7.0,13.0,20.0,27.0,2.25,28.0,1.0,2.0,4.0,7.0,10.0,14.0,1.1666666666666667,28.0,0.0,1.0,3.0,6.0,10.0,13.0,1.0833333333333333,32945632,2020.0,INDUSTRY,Yes,GU,Metastatic,Systemic Therapy,Urothelial Cancer,BIOLOGICAL: Avelumab|OTHER: Best Supportive Care|BIOLOGICAL: Following the planned interim analysis for this study: Avelumab,2020,NCT02603432,Superiority,700,4/25/2016,2016,Industry,GU,Immunotherapy,2016
PMID 32954927a_Summary_SoE.pdf,3.0,3.0,6.0,9.0,10.0,11.0,0.9166666666666666,30.0,3.0,3.0,6.0,9.0,10.0,11.0,0.9166666666666666,30.0,0.0,0.0,0.0,0.0,0.0,0.0,0.0,32954927,2020.0,INDUSTRY,Yes,Breast,Non-metastatic,Systemic Therapy,Breast Cancer,DRUG: Abemaciclib|DRUG: Standard Adjuvant Endocrine Therapy,2020,NCT03155997,Superiority,5637,7/12/2017,2017,Industry,Breast,Targeted Therapy,2017
PMID 32971005 CT_Summary_SoE.pdf,1.0,2.0,4.0,7.0,10.0,13.0,1.0833333333333333,28.0,1.0,4.0,10.0,16.0,19.0,23.0,1.9166666666666667,21.0,0.0,-2.0,-6.0,-9.0,-9.0,-10.0,-0.8333333333333335,32971005,2020.0,INDUSTRY,Yes,GU,Metastatic,Systemic Therapy,Urothelial Cancer,DRUG: MEDI4736 (Durvalumab)|DRUG: Tremelimumab|DRUG: Cisplatin|DRUG: Carboplatin|DRUG: Gemcitabine,2020,NCT02516241,Superiority,1126,11/2/2015,2015,Industry,GU,Immunotherapy,2015
PMID 32997907 a_Summary_SoE.pdf,2.0,2.0,5.0,9.0,13.0,18.0,1.5,21.0,2.0,4.0,10.0,14.0,16.0,18.0,1.5,21.0,0.0,-2.0,-5.0,-5.0,-3.0,0.0,0.0,32997907,2020.0,INDUSTRY,Yes,Thor,Metastatic,Systemic Therapy,"Non-Squamous Non-Small Cell Lung Cancer, Squamous Non-Small Cell Lung Cancer","DRUG: Atezolizumab (MPDL3280A) [TECENTRIQ], an engineered anti-PDL1 antibody|DRUG: Carboplatin|DRUG: Cisplatin|DRUG: Gemcitabine|DRUG: Pemetrexed",2020,NCT02409342,Superiority,572,7/20/2015,2015,Industry,Thor,Immunotherapy,2015
PMID 33010094 CT_Summary_SoE.pdf,1.0,0.0,1.0,3.0,4.0,6.0,0.5,60.0,1.0,0.0,1.0,3.0,4.0,5.0,0.4166666666666667,,0.0,0.0,0.0,0.0,0.0,1.0,0.0833333333333333,33010094,2020.0,OTHER,No,Thor,Metastatic,Supportive Care,Malignant Tumors,DRUG: Additive classical homeopathy|DRUG: Homeopathic Placebo globules,2020,NCT01509612,Superiority,150,2/1/2012,2012,Non-Industry,Thor,Other,2012
PMID 33021870 a_Summary_SoE.pdf,1.0,4.0,7.0,11.0,14.0,18.0,1.5,28.0,1.0,4.0,7.0,11.0,14.0,18.0,1.5,28.0,0.0,0.0,0.0,0.0,0.0,0.0,0.0,33021870,2020.0,INDUSTRY,Yes,Heme,Hematologic,Systemic Therapy,Multiple Myeloma,DRUG: Placebo|DRUG: Ixazomib,2020,NCT02312258,Superiority,706,4/9/2015,2015,Industry,Heme,Targeted Therapy,2015
PMID 33026938 CT_Summary_SoE.pdf,1.0,2.0,5.0,9.0,13.0,18.0,1.5,21.0,1.0,2.0,5.0,9.0,13.0,18.0,1.5,21.0,0.0,0.0,0.0,0.0,0.0,0.0,0.0,33026938,2020.0,INDUSTRY,Yes,GI,Metastatic,Systemic Therapy,Esophageal Carcinoma|Esophagogastric Junction Carcinoma,BIOLOGICAL: pembrolizumab|DRUG: paclitaxel|DRUG: docetaxel|DRUG: irinotecan,2020,NCT02564263,Superiority,628,12/1/2015,2015,Industry,GI,Immunotherapy,2015
PMID 33044684 CT_Summary_SoE.pdf,1.0,4.0,5.0,6.0,7.0,7.0,0.5833333333333334,7.0,1.0,4.0,5.0,6.0,7.0,7.0,0.5833333333333334,7.0,0.0,0.0,0.0,0.0,0.0,0.0,0.0,33044684,2020.0,INDUSTRY,Yes,Heme,Hematologic,Systemic Therapy,"Lymphoma, Non-Hodgkin",BIOLOGICAL: ABP 798|BIOLOGICAL: Rituximab,2020,NCT02747043,Other,256,5/25/2016,2016,Industry,Heme,Targeted Therapy,2016
PMID 33078978 a_Summary_SoE.pdf,2.0,5.0,13.0,21.5,23.0,24.0,2.0,21.0,2.0,7.0,17.0,28.0,30.0,31.0,2.5833333333333335,21.0,0.0,-2.0,-4.0,-6.5,-7.0,-7.0,-0.5833333333333335,33078978,2020.0,NETWORK,No,GYN,Metastatic,Systemic Therapy,Recurrent Uterine Corpus Carcinoma|Stage IIIA Uterine Corpus Cancer AJCC v7|Stage IIIB Uterine Corpus Cancer AJCC v7|Stage IIIC Uterine Corpus Cancer AJCC v7|Stage IVA Uterine Corpus Cancer AJCC v7|Stage IVB Uterine Corpus Cancer AJCC v7,DRUG: Carboplatin|DRUG: Cisplatin|DRUG: Doxorubicin Hydrochloride|BIOLOGICAL: Filgrastim|OTHER: Laboratory Biomarker Analysis|DRUG: Paclitaxel|BIOLOGICAL: Pegfilgrastim|OTHER: Quality-of-Life Assessment,2020,NCT00063999,Other,1381,8/25/2003,2003,Non-Industry,GYN,Chemotherapy,2003
PMID 33129376 a_Summary_SoE.pdf,2.0,7.0,18.0,34.0,44.0,56.0,4.666666666666667,21.0,2.0,7.0,18.0,34.0,44.0,56.0,4.666666666666667,21.0,0.0,0.0,0.0,0.0,0.0,0.0,0.0,33129376,2020.0,INDUSTRY,Yes,Heme,Hematologic,Systemic Therapy,Relapsed/Refractory Multiple Myeloma,DRUG: Venetoclax|DRUG: Bortezomib|DRUG: Dexamethasone|DRUG: Placebo for venetoclax,2020,NCT02755597,Superiority,291,7/11/2016,2016,Industry,Heme,Targeted Therapy,2016
PMID 33186740 a_Summary_SoE.pdf,0.0,0.0,0.0,0.0,0.0,0.0,0.0,28.0,0.0,0.0,0.0,0.0,0.0,0.0,0.0,28.0,0.0,0.0,0.0,0.0,0.0,0.0,0.0,33186740,2021.0,INDUSTRY,Yes,Breast,Metastatic,Systemic Therapy,Breast Cancer,DRUG: Taselisib|DRUG: Placebo|DRUG: Fulvestrant,2021,NCT02340221,Superiority,631,4/9/2015,2015,Industry,Breast,Endocrine,2015
PMID 33189178 a_Summary_SoE.pdf,2.0,6.0,14.0,25.0,36.0,47.0,3.9166666666666665,35.0,2.0,9.0,20.0,36.0,47.0,59.0,4.916666666666667,21.0,0.0,-3.0,-6.0,-11.0,-11.0,-12.0,-1.0000000000000004,33189178,2020.0,INDUSTRY,Yes,GU,NS,Systemic Therapy,Multiple Myeloma,DRUG: Selinexor|DRUG: Bortezomib|DRUG: Dexamethasone,2020,NCT03110562,Superiority,402,5/24/2017,2017,Industry,GU,Targeted Therapy,2017
PMID 33194700 CT a_Summary_SoE.pdf,2.0,2.0,4.0,7.0,10.0,14.0,1.1666666666666667,28.0,2.0,2.0,4.0,7.0,10.0,14.0,1.1666666666666667,28.0,0.0,0.0,0.0,0.0,0.0,0.0,0.0,33194700,2020.0,INDUSTRY,Yes,Thor,Metastatic,Systemic Therapy,Non Small Cell Lung Cancer,DRUG: Abemaciclib|DRUG: Erlotinib,2020,NCT02152631,Superiority,453,10/3/2014,2014,Industry,Thor,Targeted Therapy,2014
PMID 33197226 a_Summary_SoE.pdf,2.0,3.0,7.0,14.0,20.0,27.0,2.25,14.0,2.0,3.0,7.0,12.0,16.0,20.0,1.6666666666666667,21.0,0.0,0.0,0.0,2.0,4.0,7.0,0.5833333333333333,33197226,2021.0,INDUSTRY,Yes,GI,Metastatic,Systemic Therapy,"Unresectable, Locally Advanced or Metastatic, Adenocarcinoma of the Stomach, or of the Gastro Esophageal Junction",DRUG: Avelumab|DRUG: Oxaliplatin|DRUG: 5-Fluorouracil|DRUG: Leucovorin|DRUG: Capecitabine|OTHER: Best supportive care|DRUG: Oxaliplatin|DRUG: 5-Fluorouracil|DRUG: Leucovorin|DRUG: Capecitabine,2020,NCT02625610,Superiority,499,12/24/2015,2015,Industry,GI,Immunotherapy,2015
PMID 33207094 a_Summary_SoE.pdf,1.0,4.0,6.0,9.0,12.0,16.0,1.3333333333333333,28.0,1.0,4.0,6.0,9.0,12.0,16.0,1.3333333333333333,28.0,0.0,0.0,0.0,0.0,0.0,0.0,0.0,33207094,2020.0,INDUSTRY,Yes,Thor,Metastatic,Systemic Therapy,"Carcinoma, Non-Small-Cell Lung",DRUG: Lorlatinib|DRUG: Crizotinib,2020,NCT03052608,Superiority,296,4/27/2017,2017,Industry,Thor,Targeted Therapy,2017
PMID 33231285 a_Summary_SoE.pdf,1.0,2.0,5.0,9.0,13.0,18.0,1.5,21.0,1.0,2.0,5.0,9.0,13.0,18.0,1.5,21.0,0.0,0.0,0.0,0.0,0.0,0.0,0.0,33231285,2021.0,INDUSTRY,Yes,Thor,Metastatic,Systemic Therapy,Non-small Cell Lung Cancer,BIOLOGICAL: pembrolizumab|DRUG: carboplatin|DRUG: paclitaxel|DRUG: pemetrexed,2021,NCT03850444,Superiority,262,8/1/2016,2016,Industry,Thor,Immunotherapy,2016
PMID 33278935 a_Summary_SoE.pdf,2.0,4.0,10.0,21.0,30.0,42.0,3.5,28.0,2.0,4.0,10.0,21.0,30.0,42.0,3.5,28.0,0.0,0.0,0.0,0.0,0.0,0.0,0.0,33278935,2020.0,INDUSTRY,Yes,Breast,Metastatic,Systemic Therapy,Triple Negative Breast Cancer (TNBC),BIOLOGICAL: Pembrolizumab|DRUG: Nab-paclitaxel|DRUG: Paclitaxel|DRUG: Gemcitabine|DRUG: Carboplatin|DRUG: Normale Saline Solution,2020,NCT02819518,Superiority,882,7/27/2016,2016,Industry,Breast,Immunotherapy,2016
PMID 33357420 CT_Summary_SoE.pdf,2.0,2.0,6.0,15.0,23.0,28.0,2.3333333333333335,21.0,2.0,2.0,6.0,15.0,23.0,28.0,2.3333333333333335,21.0,0.0,0.0,0.0,0.0,0.0,0.0,0.0,33357420,2021.0,INDUSTRY,Yes,Breast,Non-metastatic,Systemic Therapy,Early Breast Cancer,DRUG: Cyclophosphamide|DRUG: Doxorubicin|DRUG: Docetaxel|DRUG: Paclitaxel|DRUG: Pertuzumab IV|DRUG: FDC of Pertuzumab and Trastuzumab SC|DRUG: Trastuzumab IV|DRUG: Trastuzumab SC|PROCEDURE: Surgery|RADIATION: Post-operative Radiotherapy|DRUG: Hormone Therapy,2020,NCT03493854,Other,500,6/14/2018,2018,Industry,Breast,Targeted Therapy,2018
PMID 33369355 a_Summary_SoE.pdf,1.0,5.0,11.0,17.0,24.0,31.0,2.5833333333333335,28.0,1.0,5.0,11.0,17.0,24.0,31.0,2.5833333333333335,28.0,0.0,0.0,0.0,0.0,0.0,0.0,0.0,33369355,2020.0,INDUSTRY,Yes,Heme,Hematologic,Systemic Therapy,"Leukemia, Myeloid, Acute",DRUG: Oral Azacitidine|DRUG: Placebo,2020,NCT01757535,Superiority,472,4/24/2013,2013,Industry,Heme,Chemotherapy,2013
PMID 33476593 a_Summary_SoE.pdf,2.0,2.0,5.0,9.0,13.0,18.0,1.5,21.0,2.0,2.0,5.0,9.0,13.0,18.0,1.5,21.0,0.0,0.0,0.0,0.0,0.0,0.0,0.0,33476593,2021.0,INDUSTRY,Yes,Thor,Metastatic,Systemic Therapy,Non-Small Cell Lung Cancer,BIOLOGICAL: Ipilimumab|BIOLOGICAL: Nivolumab|DRUG: Carboplatin|DRUG: Paclitaxel|DRUG: Pemetrexed|DRUG: Cisplatin,2021,NCT03215706,Superiority,719,8/24/2017,2017,Industry,Thor,Immunotherapy,2017
PMID 33480963 a_Summary_SoE.pdf,2.0,4.0,9.0,18.0,26.0,36.0,3.0,21.0,2.0,4.0,9.0,18.0,26.0,36.0,3.0,21.0,0.0,0.0,0.0,0.0,0.0,0.0,0.0,33480963,2021.0,INDUSTRY,Yes,Breast,Metastatic,Systemic Therapy,HER-2 Positive Breast Cancer|Metastatic Neoplasm,BIOLOGICAL: Margetuximab|BIOLOGICAL: Trastuzumab|DRUG: Physician's choice of chemotherapy.,2021,NCT02492711,Superiority,624,8/24/2015,2015,Industry,Breast,Targeted Therapy,2015
PMID 33485464 a_Summary_SoE.pdf,2.0,3.0,7.0,13.0,20.0,27.0,2.25,42.0,2.0,2.0,5.0,9.0,12.0,15.0,1.25,21.0,0.0,1.0,2.0,4.0,8.0,12.0,1.0,33485464,2021.0,INDUSTRY,Yes,Other,"Metastatic, Non-metastatic",Systemic Therapy,Mesothelioma,BIOLOGICAL: Nivolumab|BIOLOGICAL: Ipilimumab|DRUG: Pemetrexed|DRUG: Cisplatin|DRUG: Carboplatin,2021,NCT02899299,Superiority,605,11/29/2016,2016,Industry,Other,Immunotherapy,2016
PMID 33513313 a_Summary_SoE.pdf,1.0,2.0,8.0,12.0,16.0,21.0,1.75,21.0,1.0,2.0,8.0,12.0,16.0,21.0,1.75,21.0,0.0,0.0,0.0,0.0,0.0,0.0,0.0,33513313,2021.0,INDUSTRY,Yes,Thor,Metastatic,Systemic Therapy,"Carcinoma, Non-Small-Cell Lung",BIOLOGICAL: Pembrolizumab|BIOLOGICAL: Ipilimumab|OTHER: Placebo,2021,NCT03302234,Other,568,12/14/2017,2017,Industry,Thor,Immunotherapy,2017
PMID 33539945 CT_Summary_SoE.pdf,1.0,4.0,10.0,20.0,30.0,40.0,3.3333333333333335,28.0,1.0,4.0,10.0,20.0,30.0,40.0,3.3333333333333335,28.0,0.0,0.0,0.0,0.0,0.0,0.0,0.0,33539945,2021.0,INDUSTRY,Yes,GI,Metastatic,Systemic Therapy,Metastatic Pancreatic Adenocarcinoma,DRUG: Ibrutinib|DRUG: Gemcitabine|DRUG: Nab-paclitaxel,2021,NCT02436668,Superiority,430,2015-05,2015,Industry,GI,Targeted Therapy,2015
PMID 33555926 a_Summary_SoE.pdf,1.0,5.0,10.0,16.0,20.0,24.0,2.0,14.0,1.0,5.0,9.0,15.0,17.0,17.0,1.4166666666666667,14.0,0.0,0.0,1.0,1.0,3.0,7.0,0.5833333333333333,33555926,2021.0,INDUSTRY,Yes,GI,Metastatic,Systemic Therapy,Pancreatic Cancer,BIOLOGICAL: Pegilodecakin|DRUG: FOLFOX,2021,NCT02923921,Superiority,567,3/1/2017,2017,Industry,GI,Targeted Therapy,2017
PMID 33577358 a_Summary_SoE.pdf,1.0,4.0,9.0,15.0,22.0,29.0,2.4166666666666665,28.0,1.0,4.0,9.0,15.0,22.0,29.0,2.4166666666666665,28.0,0.0,0.0,0.0,0.0,0.0,0.0,0.0,33577358,2021.0,INDUSTRY,Yes,GI,Metastatic,Systemic Therapy,Gastric Adenocarcinoma,DRUG: Andecaliximab|DRUG: Placebo|DRUG: Leucovorin|DRUG: 5-fluorouracil|DRUG: Oxaliplatin,2021,NCT02545504,Superiority,432,10/13/2015,2015,Industry,GI,Chemotherapy,2015
PMID 33577729 a_Summary_SoE.pdf,2.0,4.0,10.0,20.0,30.0,40.0,3.3333333333333335,28.0,2.0,2.0,6.0,10.0,15.0,20.0,1.6666666666666667,21.0,0.0,2.0,4.0,10.0,15.0,20.0,1.6666666666666667,33577729,2021.0,INDUSTRY,Yes,GU,Metastatic,Systemic Therapy,Ureteral Cancer|Urothelial Cancer|Bladder Cancer,DRUG: Enfortumab Vedotin|DRUG: Docetaxel|DRUG: Vinflunine|DRUG: Paclitaxel,2021,NCT03474107,Superiority,608,6/27/2018,2018,Industry,GU,Targeted Therapy,2018
PMID 33616314 a_Summary_SoE.pdf,2.0,3.0,8.0,14.0,19.0,26.0,2.1666666666666665,21.0,2.0,3.0,8.0,14.0,19.0,26.0,2.1666666666666665,21.0,0.0,0.0,0.0,0.0,0.0,0.0,0.0,33616314,2021.0,INDUSTRY,Yes,GU,Metastatic,Systemic Therapy,Renal Cell Carcinoma,DRUG: Lenvatinib|DRUG: Everolimus|DRUG: Pembrolizumab|DRUG: Sunitinib,2021,NCT02811861,Superiority,1069,10/13/2016,2016,Industry,GU,Immunotherapy,2016
PMID 33621109 a_Summary_SoE.pdf,2.0,5.0,12.0,16.0,17.0,18.0,1.5,21.0,2.0,5.0,12.0,16.0,17.0,18.0,1.5,21.0,0.0,0.0,0.0,0.0,0.0,0.0,0.0,33621109,2021.0,INDUSTRY,Yes,Heme,Hematologic,Systemic Therapy,"Lymphoma, Large B-Cell, Diffuse",DRUG: lenalidomide|DRUG: Placebo|DRUG: Rituximab|DRUG: Cyclophosphamide|DRUG: Doxorubicin|DRUG: prednisone|DRUG: vincristine,2021,NCT02285062,Superiority,570,2/17/2015,2015,Industry,Heme,Targeted Therapy,2015
PMID 33631112 CT_Summary_SoE.pdf,1.0,5.0,7.0,9.0,10.0,12.0,1.0,28.0,1.0,4.0,6.0,8.0,9.0,10.0,0.8333333333333334,28.0,0.0,1.0,1.0,1.0,1.0,2.0,0.1666666666666666,33631112,2021.0,INDUSTRY,Yes,Heme,Hematologic,Systemic Therapy,Chronic Lymphocytic Leukemia,DRUG: Ublituximab|DRUG: Ibrutinib,2021,NCT02301156,Superiority,126,1/27/2015,2015,Industry,Heme,Targeted Therapy,2015
PMID 33651090 a_Summary_SoE.pdf,2.0,8.0,37.0,39.0,40.0,41.0,3.4166666666666665,35.0,2.0,8.0,29.0,32.0,33.0,35.0,2.9166666666666665,28.0,0.0,0.0,8.0,7.0,7.0,6.0,0.5,33651090,2021.0,NIH,No,Heme,Hematologic,Systemic Therapy,Recurrent B Acute Lymphoblastic Leukemia,PROCEDURE: Allogeneic Hematopoietic Stem Cell Transplantation|DRUG: Asparaginase|BIOLOGICAL: Blinatumomab|DRUG: Cyclophosphamide|DRUG: Cytarabine|DRUG: Dexamethasone|DRUG: Etoposide|DRUG: Leucovorin Calcium|DRUG: Mercaptopurine|DRUG: Methotrexate|DRUG: Mitoxantrone|DRUG: Mitoxantrone Hydrochloride|DRUG: Pegaspargase|OTHER: Pharmacological Study|RADIATION: Radiation Therapy|DRUG: Therapeutic Hydrocortisone|DRUG: Thioguanine|DRUG: Vincristine|DRUG: Vincristine Sulfate,2021,NCT02101853,Superiority,669,12/17/2014,2014,Non-Industry,Heme,Immunotherapy,2014
PMID 33651091 a_Summary_SoE.pdf,1.0,9.0,11.0,12.0,13.0,14.0,1.1666666666666667,28.0,1.0,8.0,10.0,11.0,12.0,13.0,1.0833333333333333,28.0,0.0,1.0,1.0,1.0,1.0,1.0,0.0833333333333334,33651091,2021.0,INDUSTRY,Yes,Heme,Hematologic,Systemic Therapy,"Leukemia, Acute Lymphoblastic",DRUG: Blinatumomab|DRUG: Dexamethasone|DRUG: Vincrisitne|DRUG: Daunorubicin|DRUG: Methotrexate|DRUG: Ifosfamide|DRUG: PEG-asparaginase|DRUG: Erwinia-asparaginase,2021,NCT02393859,Superiority,111,11/10/2015,2015,Industry,Heme,Immunotherapy,2015
PMID 33657295 a_Summary_SoE.pdf,2.0,2.0,5.0,11.0,18.0,25.0,2.0833333333333335,21.0,2.0,2.0,5.0,9.0,13.0,18.0,1.5,42.0,0.0,0.0,0.0,2.0,5.0,7.0,0.5833333333333335,33657295,2021.0,INDUSTRY,Yes,GU,Metastatic,Systemic Therapy,Renal Cell Carcinoma,BIOLOGICAL: Nivolumab|DRUG: Cabozantinib|DRUG: Sunitinib|BIOLOGICAL: Ipilimumab,2021,NCT03141177,Superiority,701,8/22/2017,2017,Industry,GU,Immunotherapy,2017
PMID 33667670 CT_Summary_SoE.pdf,2.0,6.0,13.0,22.0,30.0,41.0,3.4166666666666665,21.0,2.0,7.0,15.0,28.0,41.0,56.0,4.666666666666667,28.0,0.0,-1.0,-2.0,-6.0,-11.0,-15.0,-1.2500000000000004,33667670,2021.0,INDUSTRY,Yes,GYN,Metastatic,Systemic Therapy,Epithelial Ovarian Cancer|Primary Peritoneal Carcinoma|Fallopian Tube Cancer|Ovarian Cancer,DRUG: Mirvetuximab soravtansine|DRUG: Paclitaxel|DRUG: Pegylated liposomal doxorubicin|DRUG: Topotecan,2021,NCT02631876,Superiority,366,3/2/2016,2016,Industry,GYN,Chemotherapy,2016
PMID 33676601 CT_Summary_SoE.pdf,2.0,2.0,5.0,9.0,13.0,18.0,1.5,21.0,2.0,2.0,5.0,9.0,13.0,18.0,1.5,21.0,0.0,0.0,0.0,0.0,0.0,0.0,0.0,33676601,2021.0,INDUSTRY,Yes,Breast,Metastatic,Systemic Therapy,Metastatic Triple Negative Breast Cancer,BIOLOGICAL: pembrolizumab|DRUG: capecitabine|DRUG: eribulin|DRUG: gemcitabine|DRUG: vinorelbine,2021,NCT02555657,Superiority,622,10/13/2015,2015,Industry,Breast,Immunotherapy,2015
PMID 33683919 a_Summary_SoE.pdf,2.0,4.0,9.0,15.0,22.0,29.0,2.4166666666666665,14.0,2.0,5.0,10.0,16.0,23.0,30.0,2.5,14.0,0.0,-1.0,-1.0,-1.0,-1.0,-1.0,-0.0833333333333334,33683919,2021.0,INDUSTRY,Yes,Thor,Metastatic,Systemic Therapy,Lung Cancer,BIOLOGICAL: Nivolumab|BIOLOGICAL: Ipilimumab|OTHER: Placebo,2021,NCT02538666,Superiority,907,10/13/2015,2015,Industry,Thor,Immunotherapy,2015
PMID 33721560 CT_Summary_SoE.pdf,1.0,2.0,5.0,9.0,13.0,18.0,1.5,21.0,1.0,1.0,3.0,5.0,7.0,10.0,0.8333333333333334,21.0,0.0,1.0,2.0,4.0,6.0,8.0,0.6666666666666666,33721560,2021.0,INDUSTRY,Yes,GU,Non-metastatic,Systemic Therapy,"Carcinoma, Transitional Cell",DRUG: Atezolizumab,2021,NCT02450331,Superiority,809,10/5/2015,2015,Industry,GU,Immunotherapy,2015
PMID 33739848 a_Summary_SoE.pdf,2.0,22.0,26.0,27.0,27.0,28.0,2.3333333333333335,1.0,2.0,22.0,26.0,27.0,27.0,28.0,2.3333333333333335,1.0,0.0,0.0,0.0,0.0,0.0,0.0,0.0,33739848,2021.0,NIH,Yes,Breast,Non-metastatic,Systemic Therapy,Breast Ductal Carcinoma In Situ,OTHER: Laboratory Biomarker Analysis|BIOLOGICAL: Trastuzumab|RADIATION: Whole Breast Irradiation,2021,NCT00769379,Superiority,2014,11/10/2008,2008,Industry,Breast,Targeted Therapy,2008
PMID 33764805 a_Summary_SoE.pdf,2.0,5.0,11.0,17.0,24.0,30.0,2.5,28.0,2.0,5.0,11.0,17.0,24.0,30.0,2.5,28.0,0.0,0.0,0.0,0.0,0.0,0.0,0.0,33764805,2021.0,INDUSTRY,Yes,Heme,Hematologic,Systemic Therapy,Myelodysplastic Syndrome,DRUG: Oral Azacitidine|DRUG: Placebo|OTHER: Best Supportiv Care (BSC),2021,NCT01566695,Superiority,216,2013,2013,Industry,Heme,Chemotherapy,2013
PMID 33789008 a_Summary_SoE.pdf,1.0,3.0,7.0,11.0,14.0,18.0,1.5,14.0,1.0,3.0,7.0,11.0,14.0,18.0,1.5,14.0,0.0,0.0,0.0,0.0,0.0,0.0,0.0,33789008,2021.0,INDUSTRY,Yes,GI,Non-metastatic,Systemic Therapy,Advanced Cancer,DRUG: Nivolumab|OTHER: Placebo,2021,NCT02743494,Superiority,794,7/14/2016,2016,Industry,GI,Immunotherapy,2016
PMID 33792623a_Summary_SoE.pdf,1.0,2.0,5.0,9.0,13.0,18.0,1.5,21.0,1.0,2.0,5.0,10.0,12.0,14.0,1.1666666666666667,21.0,0.0,0.0,0.0,-1.0,1.0,4.0,0.3333333333333332,33792623,2021.0,INDUSTRY,Yes,Thor,Metastatic,Systemic Therapy,Non-Small Cell Lung Cancer,DRUG: Tislelizumab|DRUG: Paclitaxel|DRUG: Nab-paclitaxel|DRUG: Carboplatin,2021,NCT03594747,Superiority,360,7/30/2018,2018,Industry,Thor,Immunotherapy,2018
PMID 33793299 a_Summary_SoE.pdf,1.0,3.0,6.0,9.0,12.0,15.0,1.25,28.0,1.0,3.0,6.0,9.0,12.0,15.0,1.25,28.0,0.0,0.0,0.0,0.0,0.0,0.0,0.0,33793299,2021.0,INDUSTRY,Yes,Breast,Non-metastatic,Systemic Therapy,Breast Cancer|Hormonreceptor Positive|Her2-normal|Postneoadjuvant Treatment With CDK 4/6 Inhibitor|CPS-EG Score,DRUG: Palbociclib PD-0332991|DRUG: Placebo,2021,NCT01864746,Superiority,1250,10/30/2013,2013,Industry,Breast,Targeted Therapy,2013
PMID 33794205 CT_Summary_SoE.pdf,1.0,18.0,37.0,44.0,50.0,57.0,4.75,28.0,1.0,18.0,37.0,44.0,50.0,57.0,4.75,28.0,0.0,0.0,0.0,0.0,0.0,0.0,0.0,33794205,2021.0,INDUSTRY,Yes,HN,Metastatic,Systemic Therapy,Squamous Cell Carcinoma of the Head and Neck,DRUG: Avelumab|OTHER: Chemoradiation,2021,NCT02952586,Superiority,697,11/28/2016,2016,Industry,HN,Immunotherapy,2016
PMID 33821899a_Summary_SoE.pdf,1.0,3.0,7.0,12.0,13.0,14.0,1.1666666666666667,14.0,2.0,3.0,7.0,8.0,9.0,10.0,0.8333333333333334,14.0,-1.0,0.0,0.0,4.0,4.0,4.0,0.3333333333333333,33821899,2021.0,OTHER,No,GI,Non-metastatic,Systemic Therapy,Colorectal Cancer,DRUG: celecoxib|DRUG: 5-fluorouracil|OTHER: placebo|DRUG: oxaliplatin|DRUG: leucovorin,2021,NCT01150045,Superiority,2527,2010-06,2010,Non-Industry,GI,Chemotherapy,2010
PMID 33848462 CT_Summary_SoE.pdf,3.0,6.0,12.0,22.0,32.0,42.0,3.5,28.0,3.0,6.0,12.0,22.0,32.0,42.0,3.5,28.0,0.0,0.0,0.0,0.0,0.0,0.0,0.0,33848462,2021.0,INDUSTRY,Yes,Heme,Hematologic,Systemic Therapy,"Lymphoma,Non-Hodgkin","DRUG: Copanlisib (Aliqopa, BAY80-6946)|DRUG: Placebo|DRUG: Rituximab",2021,NCT02367040,Superiority,458,8/3/2015,2015,Industry,Heme,Targeted Therapy,2015
PMID 33882206 a_Summary_SoE.pdf,2.0,4.0,9.0,18.0,26.0,36.0,3.0,21.0,2.0,4.0,9.0,18.0,26.0,36.0,3.0,21.0,0.0,0.0,0.0,0.0,0.0,0.0,0.0,33882206,2021.0,INDUSTRY,Yes,Breast,Metastatic,Systemic Therapy,Breast Cancer,DRUG: Sacituzumab govitecan|DRUG: Eribulin|DRUG: Capecitabine|DRUG: Gemcitabine|DRUG: Vinorelbine,2021,NCT02574455,Other,529,11/7/2017,2017,Industry,Breast,Targeted Therapy,2017
PMID 33891472 a_Summary_SoE.pdf,2.0,2.0,5.0,9.0,13.0,18.0,1.5,21.0,2.0,2.0,5.0,9.0,13.0,18.0,1.5,21.0,0.0,0.0,0.0,0.0,0.0,0.0,0.0,33891472,2021.0,INDUSTRY,Yes,GYN,Metastatic,Systemic Therapy,Ovarian Cancer|Fallopian Tube Cancer|Peritoneal Neoplasms,DRUG: Paclitaxel|DRUG: Carboplatin|DRUG: Atezolizumab|DRUG: Bevacizumab|DRUG: Atezolizumab Placebo,2021,NCT03038100,Superiority,1301,3/8/2017,2017,Industry,GYN,Immunotherapy,2017
PMID 33914256 CT_Summary_SoE.pdf,2.0,2.0,5.0,9.0,13.0,19.0,1.5833333333333333,21.0,2.0,2.0,5.0,9.0,13.0,19.0,1.5833333333333333,21.0,0.0,0.0,0.0,0.0,0.0,0.0,0.0,33914256,2021.0,INDUSTRY,Yes,Thor,Metastatic,Systemic Therapy,Non-small Cell Lung Cancer,DRUG: MB02 (Bevacizumab Biosimilar Drug)|DRUG: EU-approved AvastinÂ®|DRUG: Carboplatin|DRUG: Paclitaxel,2021,NCT03296163,Other,627,2/6/2018,2018,Industry,Thor,Targeted Therapy,2018
PMID 33971141 CT_Summary_SoE.pdf,1.0,3.0,6.0,9.0,12.0,16.0,1.3333333333333333,28.0,1.0,3.0,6.0,9.0,12.0,16.0,1.3333333333333333,28.0,0.0,0.0,0.0,0.0,0.0,0.0,0.0,33971141,2021.0,INDUSTRY,Yes,GI,Metastatic,Systemic Therapy,"Carcinoma, Hepatocellular",DRUG: Apatinib|DRUG: Placebo,2021,NCT02329860,Superiority,400,3/26/2014,2014,Industry,GI,Other,2014
PMID 33989025 a_Summary_SoE.pdf,2.0,4.0,9.0,15.0,19.0,24.0,2.0,21.0,2.0,4.0,9.0,15.0,19.0,24.0,2.0,21.0,0.0,0.0,0.0,0.0,0.0,0.0,0.0,33989025,2021.0,NIH,No,GU,Metastatic,Systemic Therapy,Advanced Urothelial Carcinoma|Metastatic Bladder Urothelial Carcinoma|Metastatic Prostate Carcinoma|Metastatic Renal Pelvis Urothelial Carcinoma|Metastatic Ureter Urothelial Carcinoma|Metastatic Urethral Urothelial Carcinoma|Metastatic Urothelial Carcinoma|Stage IV Bladder Urothelial Carcinoma AJCC v7|Stage IV Prostate Cancer AJCC v7|Stage IV Renal Pelvis Cancer AJCC v7|Stage IV Ureter Cancer AJCC v7|Stage IV Urethral Cancer AJCC v7|Unresectable Urothelial Carcinoma,BIOLOGICAL: Bevacizumab|DRUG: Cisplatin|DRUG: Gemcitabine Hydrochloride|OTHER: Laboratory Biomarker Analysis|OTHER: Placebo Administration,2021,NCT00942331,Superiority,506,7/15/2009,2009,Non-Industry,GU,Targeted Therapy,2009
PMID 34048947 a_Summary_SoE.pdf,1.0,4.0,9.0,15.0,19.0,24.0,2.0,21.0,1.0,4.0,9.0,15.0,19.0,24.0,2.0,21.0,0.0,0.0,0.0,0.0,0.0,0.0,0.0,34048947,2021.0,INDUSTRY,Yes,Thor,Metastatic,Systemic Therapy,Squamous NSCLC,DRUG: Sintilimab|DRUG: Gemcitabine|DRUG: Cisplatin|DRUG: Placebo|DRUG: Carboplatin,2021,NCT03629925,Superiority,357,9/28/2018,2018,Industry,Thor,Immunotherapy,2018
PMID 34051178a_Summary_SoE.pdf,2.0,2.0,5.0,9.0,13.0,18.0,1.5,21.0,2.0,4.0,9.0,14.0,16.0,17.0,1.4166666666666667,21.0,0.0,-2.0,-4.0,-5.0,-3.0,1.0,0.0833333333333332,34051178,2021.0,INDUSTRY,Yes,GU,Metastatic,Systemic Therapy,"Urothelial Carcinoma Associated 1 RNA, Human",BIOLOGICAL: Pembrolizumab|DRUG: Cisplatin|DRUG: Carboplatin|DRUG: Gemcitabine,2021,NCT02853305,Superiority,1010,9/15/2016,2016,Industry,GU,Immunotherapy,2016
PMID 34077643 a_Summary_SoE.pdf,2.0,3.0,7.0,13.0,20.0,27.0,2.25,14.0,2.0,3.0,7.0,13.0,20.0,27.0,2.25,14.0,0.0,0.0,0.0,0.0,0.0,0.0,0.0,34077643,2021.0,INDUSTRY,Yes,GU,NS,Systemic Therapy,Various Advanced Cancer,BIOLOGICAL: Nivolumab|OTHER: Placebo,2021,NCT02632409,Superiority,709,3/22/2016,2016,Industry,GU,Immunotherapy,2016
PMID 34087126 a_Summary_SoE.pdf,1.0,5.0,11.0,17.0,20.0,24.0,2.0,28.0,1.0,5.0,11.0,17.0,20.0,24.0,2.0,28.0,0.0,0.0,0.0,0.0,0.0,0.0,0.0,34087126,2021.0,NETWORK,Yes,Heme,Hematologic,Systemic Therapy,Multiple Myeloma,DRUG: Daratumumab|DRUG: Pomalidomide|DRUG: Dexamethasone,2021,NCT03180736,Superiority,304,6/12/2017,2017,Industry,Heme,Targeted Therapy,2017
PMID 34092112 a_Summary_SoE.pdf,2.0,2.0,5.0,6.0,7.0,8.0,0.6666666666666666,21.0,2.0,0.0,1.0,2.0,3.0,4.0,0.3333333333333333,21.0,0.0,2.0,4.0,4.0,4.0,4.0,0.3333333333333333,34092112,2021.0,NETWORK,No,Breast,Non-metastatic,Systemic Therapy,Estrogen Receptor Negative|HER2/Neu Negative|Invasive Breast Carcinoma|Progesterone Receptor Negative|Stage II Breast Cancer|Stage IIA Breast Cancer|Stage IIB Breast Cancer|Stage III Breast Cancer|Stage IIIA Breast Cancer|Stage IIIB Breast Cancer|Stage IIIC Breast Cancer|Triple-Negative Breast Carcinoma,DRUG: Capecitabine|DRUG: Carboplatin|DRUG: Cisplatin,2021,NCT02445391,Other,415,10/20/2015,2015,Non-Industry,Breast,Chemotherapy,2015
PMID 34102137 a_Summary_SoE.pdf,2.0,2.0,5.0,9.0,13.0,18.0,1.5,21.0,2.0,6.0,14.0,26.0,40.0,52.0,4.333333333333333,14.0,0.0,-4.0,-9.0,-17.0,-27.0,-34.0,-2.833333333333333,34102137,2021.0,INDUSTRY,Yes,GI,Metastatic,Systemic Therapy,Gastric Cancer|Gastroesophageal Junction Cancer|Esophageal Adenocarcinoma,DRUG: Nivolumab|DRUG: Ipilimumab|DRUG: Oxaliplatin|DRUG: Capecitabine|DRUG: Leucovorin|DRUG: Fluorouracil,2021,NCT02872116,Superiority,2031,10/12/2016,2016,Industry,GI,Immunotherapy,2016
PMID 34110925 a_Summary_SoE.pdf,2.0,20.0,35.0,41.0,51.0,59.0,4.916666666666667,42.0,2.0,20.0,35.0,41.0,51.0,59.0,4.916666666666667,42.0,0.0,0.0,0.0,0.0,0.0,0.0,0.0,34110925,2021.0,NETWORK,No,Peds,Non-metastatic,Local Therapy,Untreated Childhood Medulloblastoma,DRUG: Cisplatin|RADIATION: Craniospinal Irradiation|DRUG: Cyclophosphamide|RADIATION: Involved-Field Radiation Therapy|OTHER: Laboratory Biomarker Analysis|DRUG: Lomustine|OTHER: Quality-of-Life Assessment|RADIATION: Radiation Therapy|DRUG: Vincristine Sulfate,2021,NCT00085735,Other,549,2004-04,2004,Non-Industry,Other,Chemotherapy,2004
PMID 34133211 a_Summary_SoE.pdf,2.0,2.0,6.0,8.0,11.0,14.0,1.1666666666666667,21.0,2.0,2.0,4.0,6.0,9.0,11.0,0.9166666666666666,42.0,0.0,0.0,2.0,2.0,2.0,3.0,0.2500000000000001,34133211,2021.0,INDUSTRY,Yes,GI,Metastatic,Systemic Therapy,Gastric Cancer,"DRUG: Docetaxel (XRP6976)|DRUG: Oxaliplatin (SR96669)|DRUG: S-1 (1-(2-tetrahydrofuryl)-5-fluorouracil + 5-chloro-2, 4-dihydroxypyridine (CDHP) (Gimeracil) + Oxo (Oteracil)",2021,NCT01515748,Superiority,530,12/30/2011,2011,Industry,GI,Chemotherapy,2011
PMID 34134469 CT_Summary_SoE.pdf,1.0,2.0,6.0,10.0,12.0,13.0,1.0833333333333333,21.0,1.0,2.0,6.0,10.0,12.0,13.0,1.0833333333333333,21.0,0.0,0.0,0.0,0.0,0.0,0.0,0.0,34134469,2022.0,INDUSTRY,Yes,Heme,Hematologic,Systemic Therapy,Non-Hodgkin's Lymphoma,DRUG: Chemotherapy (Induction Period)|DRUG: Rituximab,2022,NCT01461928,Superiority,692,12/20/2011,2011,Industry,Heme,Targeted Therapy,2011
PMID 34143970 CT_Summary_SoE.pdf,1.0,3.0,7.0,13.0,20.0,27.0,2.25,28.0,1.0,3.0,7.0,13.0,20.0,27.0,2.25,28.0,0.0,0.0,0.0,0.0,0.0,0.0,0.0,34143970,2021.0,INDUSTRY,Yes,GYN,NS,Systemic Therapy,Ovarian Cancer,BIOLOGICAL: avelumab|DRUG: PLD,2021,NCT02580058,Superiority,566,12/21/2015,2015,Industry,GYN,Immunotherapy,2015
PMID 34161051 a_Summary_SoE.pdf,2.0,5.0,10.0,16.0,23.0,24.0,2.0,42.0,2.0,5.0,10.0,16.0,23.0,24.0,2.0,42.0,0.0,0.0,0.0,0.0,0.0,0.0,0.0,34161051,2021.0,INDUSTRY,Yes,GU,Metastatic,Local Therapy,Prostate Cancer,DRUG: 177Lu-PSMA-617|OTHER: Best supportive/best standard of care,2021,NCT03511664,Superiority,831,5/29/2018,2018,Industry,GU,Other,2018
PMID 34170389 CT_Summary_SoE.pdf,2.0,18.0,33.0,51.0,64.0,78.0,6.5,7.0,2.0,19.0,33.0,51.0,64.0,78.0,6.5,7.0,0.0,-1.0,0.0,0.0,0.0,0.0,0.0,34170389,2021.0,OTHER,Yes,Heme,Hematologic,Systemic Therapy,Acute Lymphoblastic Leukemia,"DRUG: Prednisone, Vincristine, Daunorubicin, PEG-L-asparaginase, Erwinia L-asparaginase, Doxorubicin, Cyclophosphamide, Cytarabine, Thioguanine|DRUG: Clofarabine, Methotrexate, Mercaptopurine, Dexamethasone, Etoposide, Dasatinib",2021,NCT00549848,Superiority,600,10/29/2007,2007,Industry,Heme,Chemotherapy,2007
PMID 34197181 a_Summary_SoE.pdf,2.0,5.0,29.0,52.0,52.0,53.0,4.416666666666667,21.0,2.0,2.0,24.0,47.0,47.0,48.0,4.0,28.0,0.0,3.0,5.0,5.0,5.0,5.0,0.4166666666666669,34197181,2021.0,INDUSTRY,Yes,GU,Metastatic,Systemic Therapy,Prostate Cancer,DRUG: Docetaxel|DRUG: Androgen Hormonal Suppression and Radiation|DRUG: Androgen Suppression Therapy and Radiation Therapy,2021,NCT00116142,Superiority,350,2005-06,2005,Industry,GU,Chemotherapy,2005
PMID 34219000 a_Summary_SoE.pdf,2.0,4.0,10.0,20.0,30.0,40.0,3.3333333333333335,28.0,2.0,4.0,10.0,20.0,30.0,40.0,3.3333333333333335,28.0,0.0,0.0,0.0,0.0,0.0,0.0,0.0,34219000,2021.0,INDUSTRY,Yes,Breast,Metastatic,Systemic Therapy,Triple-Negative Breast Cancer,"DRUG: Atezolizumab (MPDL3280A), an engineered anti-PDL1 antibody|DRUG: Atezolizumab Placebo|DRUG: Paclitaxel",2021,NCT03125902,Superiority,653,8/25/2017,2017,Industry,Breast,Immunotherapy,2017
PMID 34237250 a_Summary_SoE.pdf,2.0,3.0,6.0,9.0,12.0,16.0,1.3333333333333333,28.0,2.0,3.0,6.0,9.0,12.0,16.0,1.3333333333333333,28.0,0.0,0.0,0.0,0.0,0.0,0.0,0.0,34237250,2021.0,INDUSTRY,Yes,Other,NS,Systemic Therapy,Differentiated Thyroid Cancer,DRUG: Cabozantinib|DRUG: Placebo,2021,NCT03690388,Superiority,187,10/5/2018,2018,Industry,Other,Targeted Therapy,2018
PMID 34246347 CT_Summary_SoE.pdf,2.0,5.0,9.0,12.0,15.0,19.0,1.5833333333333333,28.0,2.0,5.0,9.0,12.0,15.0,19.0,1.5833333333333333,28.0,0.0,0.0,0.0,0.0,0.0,0.0,0.0,34246347,2021.0,INDUSTRY,Yes,GU,Metastatic,Systemic Therapy,Metastatic Prostate Cancer,DRUG: Ipatasertib|DRUG: Abiraterone|DRUG: Placebo|DRUG: Prednisone/Prednisolone,2021,NCT03072238,Superiority,1101,6/30/2017,2017,Industry,GU,Endocrine,2017
PMID 34264305 a_Summary_SoE.pdf,1.0,0.0,1.0,2.0,2.0,3.0,0.25,0.0,1.0,0.0,1.0,2.0,2.0,3.0,0.25,0.0,0.0,0.0,0.0,0.0,0.0,0.0,0.0,34264305,2021.0,OTHER,No,Breast,Non-metastatic,Systemic Therapy,Breast Cancer,DRUG: Celecoxib|OTHER: Placebo,2021,NCT02429427,Superiority,2639,2005-12,2005,Non-Industry,Breast,Other,2005
PMID 34264316 a_Summary_SoE.pdf,1.0,3.0,7.0,13.0,20.0,27.0,2.25,14.0,1.0,3.0,7.0,13.0,20.0,27.0,2.25,14.0,0.0,0.0,0.0,0.0,0.0,0.0,0.0,34264316,2021.0,NETWORK,No,Thor,Metastatic,Systemic Therapy,Recurrent Squamous Cell Lung Carcinoma|Stage IV Squamous Cell Lung Carcinoma AJCC v7,BIOLOGICAL: Ipilimumab|OTHER: Laboratory Biomarker Analysis|BIOLOGICAL: Nivolumab|OTHER: Quality-of-Life Assessment|OTHER: Questionnaire Administration,2021,NCT02785952,Superiority,275,12/29/2015,2015,Non-Industry,Thor,Immunotherapy,2015
PMID 34264503 CT_Summary_SoE.pdf,1.0,4.0,7.0,11.0,15.0,20.0,1.6666666666666667,21.0,1.0,4.0,7.0,11.0,15.0,20.0,1.6666666666666667,21.0,0.0,0.0,0.0,0.0,0.0,0.0,0.0,34264503,2021.0,INDUSTRY,Yes,Thor,Metastatic,Systemic Therapy,"Carcinoma, Non-Small-Cell Lung",DRUG: FKB238 (bevacizumab)|DRUG: Avastin (bevacizumab)|DRUG: Paclitaxel|DRUG: Carboplatin,2021,NCT02810457,Other,731,9/7/2016,2016,Industry,Thor,Targeted Therapy,2016
PMID 34309665 a_Summary_SoE.pdf,2.0,8.0,21.0,39.0,43.0,48.0,4.0,14.0,2.0,7.0,15.0,27.0,31.0,36.0,3.0,14.0,0.0,1.0,6.0,12.0,12.0,12.0,1.0,34309665,2021.0,OTHER,No,GI,Metastatic,Systemic Therapy,Colorectal Cancer,DRUG: Bevacizumab|DRUG: Oxaliplatin|DRUG: levo-folinic acid|DRUG: 5-fluorouracil|DRUG: Capecitabine,2021,NCT01718873,Superiority,230,2012-05,2012,Non-Industry,GI,Targeted Therapy,2012
PMID 34320285 a_Summary_SoE.pdf,1.0,0.0,0.0,1.0,1.0,2.0,0.1666666666666666,0.0,1.0,0.0,0.0,1.0,1.0,2.0,0.1666666666666666,0.0,0.0,0.0,0.0,0.0,0.0,0.0,0.0,34320285,2021.0,INDUSTRY,Yes,Breast,Non-metastatic,Systemic Therapy,Breast Cancer,DRUG: Anastrozole,2021,NCT00295620,Superiority,3484,3/1/2004,2004,Industry,Breast,Endocrine,2004
PMID 34341578 CT_Summary_SoE.pdf,2.0,4.0,9.0,15.0,19.0,24.0,2.0,21.0,2.0,4.0,9.0,15.0,19.0,24.0,2.0,21.0,0.0,0.0,0.0,0.0,0.0,0.0,0.0,34341578,2021.0,OTHER,Yes,HN,Metastatic,Systemic Therapy,Recurrent or Metastatic NPC,BIOLOGICAL: TORIPALIMAB INJECTION(JS001 ) combine with chemotherapy|DRUG: Placebos,2021,NCT03581786,Superiority,289,10/18/2018,2018,Industry,HN,Immunotherapy,2018
PMID 34343033 a_Summary_SoE.pdf,1.0,3.0,6.0,8.0,9.0,11.0,0.9166666666666666,28.0,1.0,3.0,6.0,8.0,9.0,11.0,0.9166666666666666,28.0,0.0,0.0,0.0,0.0,0.0,0.0,0.0,34343033,2021.0,INDUSTRY,Yes,GI,Metastatic,Systemic Therapy,GIST,DRUG: avapritinib|DRUG: regorafenib,2021,NCT03465722,Superiority,476,3/26/2018,2018,Industry,GI,Targeted Therapy,2018
PMID 34357781 a_Summary_SoE.pdf,1.0,3.0,5.0,8.0,11.0,15.0,1.25,28.0,1.0,3.0,5.0,8.0,11.0,15.0,1.25,28.0,0.0,0.0,0.0,0.0,0.0,0.0,0.0,34357781,2021.0,NIH,No,Breast,Metastatic,Systemic Therapy,Anatomic Stage III Breast Cancer AJCC v8|Anatomic Stage IV Breast Cancer AJCC v8|Breast Adenocarcinoma|HER2/Neu Negative|Locally Advanced Breast Carcinoma|Metastatic Breast Carcinoma|Recurrent Breast Carcinoma,PROCEDURE: Biospecimen Collection|PROCEDURE: Computed Tomography|DRUG: Entinostat|DRUG: Exemestane|DRUG: Goserelin|DRUG: Goserelin Acetate|PROCEDURE: Magnetic Resonance Imaging|OTHER: Placebo Administration|OTHER: Quality-of-Life Assessment,2021,NCT02115282,Superiority,608,3/29/2014,2014,Non-Industry,Breast,Endocrine,2014
PMID 34363762 CT_Summary_SoE.pdf,1.0,5.0,13.0,22.0,29.0,36.0,3.0,21.0,1.0,5.0,13.0,20.0,22.0,24.0,2.0,21.0,0.0,0.0,0.0,2.0,7.0,12.0,1.0,34363762,2021.0,INDUSTRY,Yes,GYN,Metastatic,Systemic Therapy,Ovarian Cancer,DRUG: carboplatin|DRUG: paclitaxel|DRUG: Avelumab|DRUG: Avelumab,2021,NCT02718417,Superiority,998,5/19/2016,2016,Industry,GYN,Immunotherapy,2016
PMID 34383006a_Summary_SoE.pdf,2.0,15.0,16.0,17.0,18.0,19.0,1.5833333333333333,21.0,2.0,21.0,31.0,32.0,33.0,34.0,2.8333333333333335,42.0,0.0,-6.0,-15.0,-15.0,-15.0,-15.0,-1.2500000000000002,34383006,2021.0,OTHER,No,Thor,Non-metastatic,Local Therapy,Non-small Cell Lung Cancer,RADIATION: Radiation Therapy|RADIATION: Conventional radiation,2021,NCT01459497,Superiority,103,2012-10,2012,Non-Industry,Thor,Radiation,2012
PMID 34407342 a_Summary_SoE.pdf,2.0,2.0,5.0,9.0,13.0,18.0,1.5,21.0,2.0,2.0,5.0,9.0,13.0,18.0,1.5,21.0,0.0,0.0,0.0,0.0,0.0,0.0,0.0,34407342,2021.0,INDUSTRY,Yes,GU,"Metastatic, Non-metastatic",Systemic Therapy,Renal Cell Carcinoma,BIOLOGICAL: Pembrolizumab|DRUG: Placebo,2021,NCT03142334,Superiority,994,6/9/2017,2017,Industry,GU,Immunotherapy,2017
PMID 34407542 a_Summary_SoE.pdf,1.0,3.0,7.0,11.0,14.0,18.0,1.5,7.0,1.0,3.0,7.0,11.0,14.0,18.0,1.5,7.0,0.0,0.0,0.0,0.0,0.0,0.0,0.0,34407542,2021.0,INDUSTRY,Yes,Heme,Hematologic,Systemic Therapy,Chronic Myelogenous Leukemia,DRUG: Asciminib|DRUG: Bosutinib,2021,NCT03106779,Superiority,233,11/29/2016,2016,Industry,Heme,Other,2016
PMID 34418665 CT_Summary_SoE.pdf,1.0,13.0,33.0,50.0,63.0,77.0,6.416666666666667,21.0,1.0,10.0,25.0,31.0,33.0,36.0,3.0,21.0,0.0,3.0,8.0,19.0,30.0,41.0,3.416666666666667,34418665,2021.0,INDUSTRY,Yes,HN,Metastatic,Systemic Therapy,"Carcinoma, Squamous Cell of Head and Neck",DRUG: Cetuximab|DRUG: Cisplatin/Carboplatin|DRUG: 5-fluorouracil,2021,NCT02383966,Other,243,7/31/2015,2015,Industry,HN,Targeted Therapy,2015
PMID 34454674 a_Summary_SoE.pdf,1.0,4.0,10.0,18.0,26.0,36.0,3.0,21.0,1.0,4.0,10.0,18.0,26.0,36.0,3.0,21.0,0.0,0.0,0.0,0.0,0.0,0.0,0.0,34454674,2021.0,INDUSTRY,Yes,GI,Metastatic,Systemic Therapy,Esophageal Neoplasms,BIOLOGICAL: Pembrolizumab|DRUG: Placebo|DRUG: Cisplatin|DRUG: 5-FU,2021,NCT03189719,Superiority,749,7/25/2017,2017,Industry,GI,Immunotherapy,2017
PMID 34459214 CT_Summary_SoE.pdf,1.0,2.0,4.0,7.0,10.0,13.0,1.0833333333333333,28.0,1.0,2.0,4.0,7.0,10.0,13.0,1.0833333333333333,84.0,0.0,0.0,0.0,0.0,0.0,0.0,0.0,34459214,2021.0,INDUSTRY,Yes,GU,Metastatic,Supportive Care,Prostate Cancer,DRUG: Degarelix|DRUG: Leuprolide,2021,NCT02663908,Other,545,4/19/2016,2016,Industry,GU,Endocrine,2016
PMID 34534429 a_Summary_SoE.pdf,2.0,2.0,5.0,9.0,13.0,18.0,1.5,21.0,2.0,2.0,5.0,9.0,13.0,18.0,1.5,21.0,0.0,0.0,0.0,0.0,0.0,0.0,0.0,34534429,2021.0,INDUSTRY,Yes,GYN,Metastatic,Systemic Therapy,Cervical Cancer,BIOLOGICAL: Pembrolizumab|DRUG: Paclitaxel|DRUG: Cisplatin|DRUG: Carboplatin|BIOLOGICAL: Bevacizumab|DRUG: Placebo to pembrolizumab,2021,NCT03635567,Other,617,10/25/2018,2018,Industry,GYN,Immunotherapy,2018
PMID 34600602 a_Summary_SoE.pdf,2.0,3.0,7.0,10.0,13.0,17.0,1.4166666666666667,28.0,2.0,3.0,7.0,10.0,13.0,17.0,1.4166666666666667,28.0,0.0,0.0,0.0,0.0,0.0,0.0,0.0,34600602,2021.0,INDUSTRY,Yes,GU,Metastatic,Systemic Therapy,Prostatic Neoplasms,DRUG: Apalutamide|DRUG: Abiraterone acetate|DRUG: Prednisone|DRUG: Placebo,2021,NCT02257736,Superiority,982,11/26/2014,2014,Industry,GU,Endocrine,2014
PMID 34652968 a_Summary_SoE.pdf,2.0,13.0,30.0,61.0,83.0,84.0,7.0,14.0,2.0,10.0,26.0,50.0,66.0,67.0,5.583333333333333,14.0,0.0,3.0,4.0,11.0,17.0,17.0,1.416666666666667,34652968,2021.0,NETWORK,No,Other,Non-metastatic,Systemic Therapy,Localized Extraskeletal Ewing Sarcoma|Peripheral Primitive Neuroectodermal Tumor of Bone|Peripheral Primitive Neuroectodermal Tumor of Soft Tissues,DRUG: Cyclophosphamide|DRUG: Dexrazoxane|DRUG: Doxorubicin Hydrochloride|DRUG: Etoposide|DRUG: Ifosfamide|OTHER: Laboratory Biomarker Analysis|DRUG: Topotecan Hydrochloride|DRUG: Vincristine Sulfate,2021,NCT01231906,Superiority,642,11/22/2010,2010,Non-Industry,Other,Chemotherapy,2010
PMID 34661177 CT_Summary_SoE.pdf,1.0,5.0,13.0,17.0,21.0,26.0,2.1666666666666665,21.0,1.0,5.0,13.0,17.0,21.0,26.0,2.1666666666666665,21.0,0.0,0.0,0.0,0.0,0.0,0.0,0.0,34661177,2021.0,INDUSTRY,Yes,Thor,Metastatic,Systemic Therapy,Non-small Cell Lung Cancer,BIOLOGICAL: Pembrolizumab|DRUG: Paclitaxel|DRUG: Nab-paclitaxel|DRUG: Carboplatin|DRUG: Saline placebo for pembrolizumab,2021,NCT03875092,Superiority,125,4/21/2017,2017,Industry,Thor,Immunotherapy,2017
PMID 34808255 CT_Summary_SoE.pdf,2.0,22.0,35.0,36.0,36.0,36.0,3.0,7.0,2.0,22.0,35.0,36.0,36.0,36.0,3.0,7.0,0.0,0.0,0.0,0.0,0.0,0.0,0.0,34808255,2022.0,OTHER,Yes,HN,Metastatic,Supportive Care,Oropharynx Cancer,DRUG: Gabapentin|DRUG: Placebo Oral Capsule,2022,NCT03269344,Superiority,65,6/5/2017,2017,Industry,HN,Other,2017
PMID 34855460 a_Summary_SoE.pdf,2.0,11.0,18.0,20.0,21.0,22.0,1.8333333333333333,0.0,2.0,13.0,19.0,22.0,23.0,24.0,2.0,0.0,0.0,-2.0,-1.0,-2.0,-2.0,-2.0,-0.1666666666666667,34855460,2022.0,NIH,Yes,Heme,Hematologic,Supportive Care,Acute Leukemia|Myelodysplasia,PROCEDURE: Unmanipulated Bone Marrow Graft with Tacrolimus/Methotrexate|PROCEDURE: Mobilized CD34-selected Peripheral Blood Stem Cell graft|PROCEDURE: Unmanipulated Bone Marrow Graft with Cyclophosphamide|DRUG: Cyclophosphamide|DRUG: Tacrolimus|DRUG: Methotrexate,2021,NCT02345850,Superiority,346,2015-08,2015,Industry,Heme,Chemotherapy,2015
PMID 34874182 a_Summary_SoE.pdf,0.0,0.0,0.0,0.0,0.0,0.0,0.0,28.0,0.0,0.0,0.0,0.0,0.0,0.0,0.0,,0.0,0.0,0.0,0.0,0.0,0.0,0.0,34874182,2022.0,OTHER,Yes,Breast,Non-metastatic,Systemic Therapy,Breast Cancer,DRUG: Palbociclib|DRUG: Standard Adjuvant Endocrine Therapy,2021,NCT02513394,Superiority,5796,2015-08,2015,Industry,Breast,Targeted Therapy,2015
PMID 34882169 a_Summary_SoE.pdf,2.0,1.0,2.0,2.0,2.0,2.0,0.1666666666666666,28.0,2.0,1.0,2.0,2.0,2.0,2.0,0.1666666666666666,28.0,0.0,0.0,0.0,0.0,0.0,0.0,0.0,34882169,2022.0,OTHER,No,CNS,Solid M0,Supportive Care,Fatigue,DRUG: armodafinil 150 mg|OTHER: Placebo|DRUG: armodafinil 250 mg,2022,NCT01781468,Superiority,328,2013-06,2013,Non-Industry,CNS,Other,2013
PMID 34890060 CT_Summary_SoE.pdf,2.0,1.0,1.0,1.0,1.0,2.0,0.1666666666666666,0.0,2.0,1.0,1.0,1.0,1.0,2.0,0.1666666666666666,0.0,0.0,0.0,0.0,0.0,0.0,0.0,0.0,34890060,2022.0,OTHER,No,GU,Non-metastatic,Supportive Care,Stage II Prostate Cancer|Stage IIA Prostate Cancer|Stage IIB Prostate Cancer|Stage III Prostate Cancer|Stage I Prostate Cancer|PSA Level Five to Ten|PSA Level Less Than Five|PSA Level Ten to Fifty,OTHER: Internet-Based Intervention|OTHER: Internet-Based Intervention|OTHER: Best Practice|OTHER: Quality-of-Life Assessment|OTHER: Questionnaire Administration|OTHER: Survey Administration|OTHER: Laboratory Biomarker Analysis,2022,NCT03103321,Superiority,158,7/14/2017,2017,Non-Industry,GU,Other,2017
PMID 34890214 a_Summary_SoE.pdf,1.0,2.0,5.0,9.0,13.0,18.0,1.5,21.0,1.0,2.0,5.0,17.0,21.0,26.0,2.1666666666666665,21.0,0.0,0.0,0.0,-8.0,-8.0,-8.0,-0.6666666666666665,34890214,2022.0,INDUSTRY,Yes,Breast,Non-metastatic,Systemic Therapy,Breast Cancer,DRUG: Trastuzumab Emtansine|DRUG: Trastuzumab|DRUG: Pertuzumab|DRUG: Paclitaxel|DRUG: Epirubicin|DRUG: Doxorubicin|DRUG: Docetaxel|DRUG: Cyclophosphamide|DRUG: 5-Fluorouracil,2021,NCT01966471,Superiority,1846,1/31/2014,2014,Industry,Breast,Targeted Therapy,2014
PMID 34891224 a_Summary_SoE.pdf,2.0,12.0,13.0,15.0,16.0,17.0,1.4166666666666667,0.0,2.0,6.0,33.0,35.0,36.0,37.0,3.0833333333333335,21.0,0.0,6.0,-20.0,-20.0,-20.0,-20.0,-1.6666666666666667,34891224,2022.0,INDUSTRY,Yes,Heme,Hematologic,Systemic Therapy,Relapsed/Refractory Diffuse Large B-Cell Lymphoma (DLBCL),"BIOLOGICAL: Axicabtagene Ciloleucel|DRUG: Platinum-containing salvage chemotherapy (eg, R-ICE) followed by high dose therapy (eg, BEAM) and autologous stem cell transplant in responders.|DRUG: Cyclophosphamide|DRUG: Fludarabine",2021,NCT03391466,Superiority,359,1/25/2018,2018,Industry,Heme,Targeted Therapy,2018
PMID 34914339 a_Summary_SoE.pdf,3.0,2.0,5.0,7.0,8.0,9.0,0.75,21.0,3.0,1.0,2.0,3.0,4.0,5.0,0.4166666666666667,90.0,0.0,1.0,3.0,4.0,4.0,4.0,0.3333333333333333,34914339,2021.0,NIH,Yes,Breast,Non-metastatic,Systemic Therapy,Breast Ductal Carcinoma In Situ|Invasive Breast Carcinoma|Multicentric Breast Carcinoma|Multifocal Breast Carcinoma|Synchronous Bilateral Breast Carcinoma,DRUG: Anastrozole|DRUG: Exemestane|OTHER: Laboratory Biomarker Analysis|DRUG: Letrozole|OTHER: Quality-of-Life Assessment|DRUG: Systemic Chemotherapy|DRUG: Tamoxifen Citrate,2021,NCT01272037,Superiority,5018,1/15/2011,2011,Industry,Breast,Endocrine,2011
PMID 34914889 a_Summary_SoE.pdf,2.0,3.0,7.0,13.0,20.0,27.0,2.25,14.0,2.0,3.0,7.0,13.0,20.0,27.0,2.25,14.0,0.0,0.0,0.0,0.0,0.0,0.0,0.0,34914889,2022.0,INDUSTRY,Yes,GI,Metastatic,Systemic Therapy,Hepatocellular Carcinoma,DRUG: Nivolumab|DRUG: Sorafenib,2021,NCT02576509,Superiority,743,12/7/2015,2015,Industry,GI,Immunotherapy,2015
PMID 34967844 a_Summary_SoE.pdf,2.0,3.0,9.0,14.0,15.0,16.0,1.3333333333333333,21.0,1.0,2.0,6.0,8.0,9.0,10.0,0.8333333333333334,21.0,1.0,1.0,3.0,6.0,6.0,6.0,0.4999999999999999,34967844,2022.0,OTHER,No,Breast,Non-metastatic,Supportive Care,Breast Cancer,DRUG: GnRHa,2022,NCT02518191,Superiority,345,9/1/2015,2015,Non-Industry,Breast,Other,2015
PMID 34997889 CT_Summary_SoE.pdf,3.0,7.0,21.0,32.0,33.0,33.0,2.75,28.0,3.0,7.0,21.0,32.0,33.0,33.0,2.75,28.0,0.0,0.0,0.0,0.0,0.0,0.0,0.0,34997889,2022.0,OTHER,No,CNS,Metastatic,Systemic Therapy,Choroid Plexus Tumors,DRUG: Carboplatin|DRUG: Cyclophosphamide|DRUG: Etoposide|DRUG: Vincristine|RADIATION: Radiation Therapy,2022,NCT00500890,Superiority,2,9/2/2005,2005,Non-Industry,CNS,Chemotherapy,2005
PMID 35007153 a_Summary_SoE.pdf,2.0,5.0,13.0,18.0,19.0,20.0,1.6666666666666667,21.0,2.0,9.0,23.0,30.0,31.0,32.0,2.6666666666666665,21.0,0.0,-4.0,-10.0,-12.0,-12.0,-12.0,-0.9999999999999998,35007153,2022.0,NETWORK,No,GYN,Metastatic,Systemic Therapy,Mixed Mesodermal (Mullerian) Tumor|Ovarian Carcinosarcoma|Recurrent Fallopian Tube Carcinoma|Recurrent Ovarian Carcinoma|Recurrent Primary Peritoneal Carcinoma|Stage I Ovarian Cancer AJCC v6 and v7|Stage IA Fallopian Tube Cancer AJCC v6 and v7|Stage IA Ovarian Cancer AJCC v6 and v7|Stage IA Uterine Sarcoma AJCC v7|Stage IB Fallopian Tube Cancer AJCC v6 and v7|Stage IB Ovarian Cancer AJCC v6 and v7|Stage IB Uterine Sarcoma AJCC v7|Stage IC Fallopian Tube Cancer AJCC v6 and v7|Stage IC Ovarian Cancer AJCC v6 and v7|Stage IC Uterine Sarcoma AJCC v7|Stage II Ovarian Cancer AJCC v6 and v7|Stage IIA Fallopian Tube Cancer AJCC v6 and v7|Stage IIA Ovarian Cancer AJCC V6 and v7|Stage IIA Uterine Sarcoma AJCC v7|Stage IIB Fallopian Tube Cancer AJCC v6 and v7|Stage IIB Ovarian Cancer AJCC v6 and v7|Stage IIB Uterine Sarcoma AJCC v7|Stage IIC Fallopian Tube Cancer AJCC v6 and v7|Stage IIC Ovarian Cancer AJCC v6 and v7|Stage IIIA Fallopian Tube Cancer AJCC v7|Stage IIIA Ovarian Cancer AJCC v6 and v7|Stage IIIA Primary Peritoneal Cancer AJCC v7|Stage IIIA Uterine Sarcoma AJCC v7|Stage IIIB Fallopian Tube Cancer AJCC v7|Stage IIIB Ovarian Cancer AJCC v6 and v7|Stage IIIB Primary Peritoneal Cancer AJCC v7|Stage IIIB Uterine Sarcoma AJCC v7|Stage IIIC Fallopian Tube Cancer AJCC v7|Stage IIIC Ovarian Cancer AJCC v6 and v7|Stage IIIC Primary Peritoneal Cancer AJCC v7|Stage IIIC Uterine Sarcoma AJCC v7|Stage IV Fallopian Tube Cancer AJCC v6 and v7|Stage IV Ovarian Cancer AJCC v6 and v7|Stage IV Primary Peritoneal Cancer AJCC v7|Stage IVA Uterine Sarcoma AJCC v7|Stage IVB Uterine Sarcoma AJCC v7|Uterine Carcinosarcoma,DRUG: Carboplatin|DRUG: Ifosfamide|DRUG: Paclitaxel|OTHER: Quality-of-Life Assessment,2022,NCT00954174,Other,637,8/17/2009,2009,Non-Industry,GYN,Chemotherapy,2009
PMID 35013615 CT_Summary_SoE.pdf,2.0,2.0,5.0,9.0,13.0,18.0,1.5,21.0,2.0,2.0,5.0,9.0,13.0,18.0,1.5,21.0,0.0,0.0,0.0,0.0,0.0,0.0,0.0,35013615,2022.0,INDUSTRY,Yes,GU,Metastatic,Systemic Therapy,"Prostatic Neoplasms, Castration-Resistant",DRUG: Atezolizumab|DRUG: Enzalutamide,2022,NCT03016312,Superiority,772,1/10/2017,2017,Industry,GU,Immunotherapy,2017
PMID 35030011 a_Summary_SoE.pdf,2.0,3.0,6.0,9.0,12.0,16.0,1.3333333333333333,28.0,2.0,3.0,6.0,9.0,12.0,16.0,1.3333333333333333,28.0,0.0,0.0,0.0,0.0,0.0,0.0,0.0,35030011,2022.0,INDUSTRY,Yes,Skin,Metastatic,Systemic Therapy,Melanoma,BIOLOGICAL: Spartalizumab|OTHER: Placebo|DRUG: Dabrafenib|DRUG: Trametinib,2022,NCT02967692,Superiority,569,2/17/2017,2017,Industry,Skin,Targeted Therapy,2017
PMID 35032434 a_Summary_SoE.pdf,1.0,5.0,13.0,26.0,39.0,53.0,4.416666666666667,28.0,1.0,5.0,13.0,26.0,39.0,53.0,4.416666666666667,28.0,0.0,0.0,0.0,0.0,0.0,0.0,0.0,35032434,2022.0,INDUSTRY,Yes,Heme,Hematologic,Systemic Therapy,Multiple Myeloma,DRUG: Melflufen|DRUG: Pomalidomide|DRUG: Dexamethasone,2022,NCT03151811,Superiority,495,6/12/2017,2017,Industry,Heme,Targeted Therapy,2017
PMID 35038433 CT_Summary_SoE.pdf,3.0,20.0,31.0,34.0,38.0,43.0,3.5833333333333335,21.0,3.0,20.0,30.0,30.0,32.0,33.0,2.75,7.0,0.0,0.0,1.0,4.0,6.0,10.0,0.8333333333333335,35038433,2022.0,NIH,Yes,HN,Non-metastatic,Systemic Therapy,Esophageal Adenocarcinoma|Gastroesophageal Junction Adenocarcinoma|Stage IB Esophageal Cancer AJCC v7|Stage IIA Esophageal Cancer AJCC v7|Stage IIB Esophageal Cancer AJCC v7|Stage IIIA Esophageal Cancer AJCC v7|Stage IIIB Esophageal Cancer AJCC v7,DRUG: Carboplatin|OTHER: Laboratory Biomarker Analysis|DRUG: Paclitaxel|OTHER: Quality-of-Life Assessment|RADIATION: Radiation Therapy|PROCEDURE: Therapeutic Conventional Surgery|BIOLOGICAL: Trastuzumab,2022,NCT01196390,Superiority,203,2/14/2011,2011,Industry,HN,Targeted Therapy,2011
PMID 35045221 a_Summary_SoE.pdf,2.0,3.0,8.0,13.0,18.0,23.0,1.9166666666666667,21.0,2.0,4.0,11.0,23.0,34.0,46.0,3.8333333333333335,28.0,0.0,-1.0,-3.0,-10.0,-16.0,-23.0,-1.9166666666666667,35045221,2022.0,INDUSTRY,Yes,GYN,Metastatic,Systemic Therapy,Endometrial Neoplasms,DRUG: Pembrolizumab|DRUG: Lenvatinib|DRUG: Paclitaxel|DRUG: Doxorubicin,2022,NCT03517449,Superiority,827,6/11/2018,2018,Industry,GYN,Immunotherapy,2018
PMID 35108470 a_Summary_SoE.pdf,2.0,3.0,7.0,13.0,20.0,27.0,2.25,14.0,2.0,7.0,20.0,35.0,50.0,66.0,5.5,28.0,0.0,-4.0,-13.0,-22.0,-30.0,-39.0,-3.25,35108470,2022.0,INDUSTRY,Yes,GI,Metastatic,Systemic Therapy,Various Advanced Cancer,BIOLOGICAL: Nivolumab|BIOLOGICAL: Ipilimumab|DRUG: Cisplatin|DRUG: Fluorouracil,2022,NCT03143153,Superiority,970,6/29/2017,2017,Industry,GI,Immunotherapy,2017
PMID 35142815 a_Summary_SoE.pdf,3.0,2.0,7.0,16.0,20.0,24.0,2.0,21.0,3.0,2.0,7.0,16.0,20.0,24.0,2.0,21.0,0.0,0.0,0.0,0.0,0.0,0.0,0.0,35142815,2022.0,INDUSTRY,Yes,GU,Metastatic,Systemic Therapy,Metastatic Castration-resistant Prostate Cancer,BIOLOGICAL: DCVAC/PCa|BIOLOGICAL: Placebo,2022,NCT02111577,Superiority,1182,5/26/2014,2014,Industry,GU,Targeted Therapy,2014
PMID 35179323 a_Summary_SoE.pdf,2.0,2.0,5.0,7.0,8.0,9.0,0.75,21.0,2.0,2.0,5.0,7.0,8.0,9.0,0.75,21.0,0.0,0.0,0.0,0.0,0.0,0.0,0.0,35179323,2022.0,INDUSTRY,Yes,GU,Metastatic,Systemic Therapy,Metastatic Hormone-sensitive Prostate Cancer,DRUG: BAY1841788 / darolutamide (ODM-201)|DRUG: Standard ADT (androgen deprivation therapy)|DRUG: Docetaxel|DRUG: Placebo,2022,NCT02799602,Superiority,1306,11/30/2016,2016,Industry,GU,Endocrine,2016
PMID 35192411 a_Summary_SoE.pdf,1.0,4.0,8.0,9.0,9.0,10.0,0.8333333333333334,0.0,1.0,4.0,8.0,9.0,9.0,10.0,0.8333333333333334,0.0,0.0,0.0,0.0,0.0,0.0,0.0,0.0,35192411,2022.0,INDUSTRY,Yes,Other,NS,Systemic Therapy,Differentiated Thyroid Cancer,DRUG: Selumetinib|DRUG: Placebo|DRUG: Radioactive Iodine Therapy,2022,NCT01843062,Superiority,233,8/27/2013,2013,Industry,Other,Targeted Therapy,2013
PMID 35213496 CT_Summary_SoE.pdf,1.0,4.0,4.0,4.0,4.0,4.0,0.3333333333333333,0.0,1.0,4.0,4.0,4.0,4.0,4.0,0.3333333333333333,0.0,0.0,0.0,0.0,0.0,0.0,0.0,0.0,35213496,2022.0,OTHER,Yes,GI,NS,Local Therapy,Gastric Cancer|Obesity,DRUG: Sugammadex Sodium,2022,NCT03196791,Superiority,196,10/10/2017,2017,Industry,GI,Other,2017
PMID 35240074a_Summary_SoE.pdf,1.0,7.0,17.0,30.0,42.0,57.0,4.75,28.0,1.0,7.0,17.0,30.0,42.0,57.0,4.75,28.0,0.0,0.0,0.0,0.0,0.0,0.0,0.0,35240074,2022.0,INDUSTRY,Yes,Multiple,NS,Supportive Care,Chemotherapy-induced Thrombocytopenia,DRUG: Avatrombopag|DRUG: Placebo Oral Tablet,2022,NCT03471078,Other,122,10/12/2018,2018,Industry,Multiple,Other,2018
PMID 35245446 CT_Summary_SoE.pdf,2.0,2.0,5.0,9.0,13.0,18.0,1.5,21.0,2.0,2.0,5.0,9.0,13.0,18.0,1.5,21.0,0.0,0.0,0.0,0.0,0.0,0.0,0.0,35245446,2022.0,OTHER,Yes,GI,Metastatic,Systemic Therapy,Advanced or Metastatic Esophageal Squamous Cell Cancer Without Previous Systemic Chemotherapy,BIOLOGICAL: Toripalimab,2022,NCT03829969,Superiority,514,1/31/2019,2019,Industry,GI,Immunotherapy,2019
PMID 35271306 a_Summary_SoE.pdf,2.0,8.0,28.0,47.0,61.0,74.0,6.166666666666667,84.0,2.0,7.0,27.0,45.0,59.0,72.0,6.0,84.0,0.0,1.0,1.0,2.0,2.0,2.0,0.1666666666666669,35271306,2022.0,NIH,No,Heme,Hematologic,Systemic Therapy,Adult T Acute Lymphoblastic Leukemia|Ann Arbor Stage II Adult Lymphoblastic Lymphoma|Ann Arbor Stage II Childhood Lymphoblastic Lymphoma|Ann Arbor Stage III Adult Lymphoblastic Lymphoma|Ann Arbor Stage III Childhood Lymphoblastic Lymphoma|Ann Arbor Stage IV Adult Lymphoblastic Lymphoma|Ann Arbor Stage IV Childhood Lymphoblastic Lymphoma|Childhood T Acute Lymphoblastic Leukemia,DRUG: Bortezomib|DRUG: Cyclophosphamide|DRUG: Cytarabine|DRUG: Daunorubicin|DRUG: Daunorubicin Hydrochloride|DRUG: Dexamethasone|DRUG: Doxorubicin|DRUG: Doxorubicin Hydrochloride|DRUG: Etoposide|DRUG: Hydrocortisone Sodium Succinate|DRUG: Ifosfamide|DRUG: Leucovorin Calcium|DRUG: Mercaptopurine|DRUG: Methotrexate|DRUG: Pegaspargase|RADIATION: Radiation Therapy|DRUG: Thioguanine|DRUG: Vincristine|DRUG: Vincristine Sulfate,2022,NCT02112916,Superiority,847,10/4/2014,2014,Non-Industry,Heme,Targeted Therapy,2014
PMID 35290101 a_Summary_SoE.pdf,2.0,3.0,7.0,12.0,15.0,20.0,1.6666666666666667,28.0,2.0,2.0,5.0,9.0,10.0,12.0,1.0,21.0,0.0,1.0,2.0,3.0,5.0,8.0,0.6666666666666667,35290101,2022.0,NIH,Yes,GYN,NS,Systemic Therapy,Fallopian Tube Clear Cell Adenocarcinoma|Fallopian Tube Transitional Cell Carcinoma|Fallopian Tube Undifferentiated Carcinoma|Ovarian Clear Cell Adenocarcinoma|Ovarian Endometrioid Tumor|Ovarian Seromucinous Carcinoma|Ovarian Serous Tumor|Ovarian Transitional Cell Carcinoma|Ovarian Undifferentiated Carcinoma|Recurrent Fallopian Tube Carcinoma|Recurrent Ovarian Carcinoma|Recurrent Ovarian Endometrioid Adenocarcinoma|Recurrent Primary Peritoneal Carcinoma,PROCEDURE: Biospecimen Collection|DRUG: Carboplatin|DRUG: Cediranib Maleate|PROCEDURE: Computed Tomography|PROCEDURE: Echocardiography|DRUG: Gemcitabine|DRUG: Gemcitabine Hydrochloride|OTHER: Laboratory Biomarker Analysis|PROCEDURE: Magnetic Resonance Imaging|PROCEDURE: Multigated Acquisition Scan|DRUG: Olaparib|DRUG: Paclitaxel|DRUG: Pegylated Liposomal Doxorubicin Hydrochloride|OTHER: Pharmacological Study|OTHER: Quality-of-Life Assessment,2022,NCT02446600,Superiority,579,3/28/2016,2016,Industry,GYN,Targeted Therapy,2016
PMID 35298906 CT_Summary_SoE.pdf,3.0,3.0,6.0,9.0,12.0,16.0,1.3333333333333333,28.0,3.0,4.0,10.0,20.0,26.0,27.0,2.25,28.0,0.0,-1.0,-4.0,-11.0,-14.0,-11.0,-0.9166666666666669,35298906,2022.0,INDUSTRY,Yes,GYN,Non-metastatic,Systemic Therapy,Ovarian Cancer|Epithelial Ovarian Cancer|Fallopian Tube Cancer|Peritoneal Cancer,DRUG: Chemotherapy|DRUG: Rucaparib,2022,NCT02855944,Superiority,349,3/1/2017,2017,Industry,GYN,Targeted Therapy,2017
PMID 35320644 a_Summary_SoE.pdf,2.0,4.0,7.0,11.0,15.0,20.0,1.6666666666666667,21.0,2.0,4.0,7.0,11.0,15.0,20.0,1.6666666666666667,21.0,0.0,0.0,0.0,0.0,0.0,0.0,0.0,35320644,2022.0,INDUSTRY,Yes,Breast,Metastatic,Systemic Therapy,Breast Cancer,DRUG: Trastuzumab deruxtecan (T-DXd)|DRUG: Ado-trastuzumab emtansine (T-DM1),2022,NCT03529110,Superiority,524,8/9/2018,2018,Industry,Breast,Targeted Therapy,2018
PMID 35331641 CT_Summary_SoE.pdf,1.0,4.0,7.0,11.0,15.0,20.0,1.6666666666666667,21.0,1.0,4.0,7.0,11.0,15.0,20.0,1.6666666666666667,21.0,0.0,0.0,0.0,0.0,0.0,0.0,0.0,35331641,2022.0,INDUSTRY,Yes,Thor,Metastatic,Systemic Therapy,Non-squamous Non-small Cell Lung Cancer,DRUG: Paclitaxel|DRUG: Carboplatin|DRUG: Cisplatin|DRUG: Veliparib|DRUG: Pemetrexed,2022,NCT02264990,Superiority,595,9/30/2014,2014,Industry,Thor,Targeted Therapy,2014
PMID 35367007a_Summary_SoE.pdf,1.0,2.0,5.0,9.0,13.0,17.0,1.4166666666666667,21.0,1.0,2.0,5.0,9.0,13.0,17.0,1.4166666666666667,21.0,0.0,0.0,0.0,0.0,0.0,0.0,0.0,35367007,2022.0,INDUSTRY,Yes,Skin,Non-metastatic,Systemic Therapy,Melanoma,BIOLOGICAL: Pembrolizumab|OTHER: Placebo,2022,NCT03553836,Superiority,976,9/12/2018,2018,Industry,Skin,Immunotherapy,2018
PMID 35403841 a_Summary_SoE.pdf,2.0,3.0,6.0,7.0,8.0,9.0,0.75,14.0,2.0,4.0,8.0,10.0,11.0,12.0,1.0,21.0,0.0,-1.0,-2.0,-3.0,-3.0,-3.0,-0.25,35403841,2022.0,INDUSTRY,Yes,Thor,Non-metastatic,Systemic Therapy,Non Small Cell Lung Cancer,BIOLOGICAL: Nivolumab|DRUG: Cisplatin|DRUG: Vinorelbine|DRUG: Gemcitabine|DRUG: Docetaxel|DRUG: Pemetrexed|DRUG: Carboplatin|DRUG: Paclitaxel|BIOLOGICAL: Ipilimumab,2022,NCT02998528,Superiority,505,3/4/2017,2017,Industry,Thor,Immunotherapy,2017
PMID 35419607 CT_Summary_SoE.pdf,1.0,20.0,35.0,41.0,45.0,51.0,4.25,14.0,1.0,20.0,34.0,42.0,48.0,50.0,4.166666666666667,28.0,0.0,0.0,1.0,-1.0,-3.0,1.0,0.083333333333333,35419607,2023.0,INDUSTRY,Yes,CNS,Solid M0,Systemic Therapy,Brain Cancer,DRUG: Nivolumab|DRUG: Temozolomide|RADIATION: Radiotherapy,2023,NCT02617589,Superiority,560,3/1/2016,2016,Industry,CNS,Immunotherapy,2016
PMID 35427471 CT_Summary_SoE.pdf,2.0,2.0,5.0,9.0,13.0,18.0,1.5,21.0,2.0,3.0,7.0,13.0,20.0,27.0,2.25,14.0,0.0,-1.0,-2.0,-4.0,-7.0,-9.0,-0.75,35427471,2022.0,INDUSTRY,Yes,GI,Metastatic,Systemic Therapy,Colorectal Carcinoma,DRUG: mFOLFOX6|DRUG: FOLFIRI|BIOLOGICAL: pembrolizumab|BIOLOGICAL: bevacizumab|BIOLOGICAL: cetuximab,2022,NCT02563002,Other,307,11/30/2015,2015,Industry,GI,Immunotherapy,2015
PMID 35442766 a_Summary_SoE.pdf,1.0,5.0,9.0,13.0,17.0,22.0,1.8333333333333333,21.0,1.0,5.0,9.0,13.0,17.0,22.0,1.8333333333333333,21.0,0.0,0.0,0.0,0.0,0.0,0.0,0.0,35442766,2022.0,INDUSTRY,Yes,HN,Metastatic,Systemic Therapy,Esophageal Squamous Cell Carcinoma (ESCC),DRUG: Tislelizumab|DRUG: Paclitaxel|DRUG: Docetaxel|DRUG: Irinotecan,2022,NCT03430843,Superiority,512,1/26/2018,2018,Industry,HN,Immunotherapy,2018
PMID 35443108 a_Summary_SoE.pdf,1.0,12.0,32.0,55.0,76.0,98.0,8.166666666666666,28.0,1.0,12.0,32.0,55.0,76.0,98.0,8.166666666666666,28.0,0.0,0.0,0.0,0.0,0.0,0.0,0.0,35443108,2022.0,OTHER,Yes,Heme,Hematologic,Systemic Therapy,"Newly Diagnosed Acute Myeloid Leukemia (AML)|Untreated AML|AML Arising From Myelodysplastic Syndrome (MDS)|Leukemia, Myeloid, Acute",DRUG: AG-120|DRUG: Placebo|DRUG: Azacitidine,2022,NCT03173248,Superiority,146,6/26/2017,2017,Industry,Heme,Chemotherapy,2017
PMID 35446628 a_Summary_SoE.pdf,2.0,1.0,3.0,4.0,5.0,7.0,0.5833333333333334,30.0,2.0,1.0,3.0,4.0,5.0,7.0,0.5833333333333334,30.0,0.0,0.0,0.0,0.0,0.0,0.0,0.0,35446628,2022.0,NETWORK,No,GU,Metastatic,Systemic Therapy,Prostate Cancer,DRUG: TAK-700|DRUG: Bicalutamide,2022,NCT01809691,Superiority,1313,3/8/2013,2013,Non-Industry,GU,Endocrine,2013
PMID 35511454 CT_Summary_SoE.pdf,1.0,20.0,37.0,46.0,54.0,61.0,5.083333333333333,14.0,1.0,20.0,37.0,46.0,54.0,61.0,5.083333333333333,14.0,0.0,0.0,0.0,0.0,0.0,0.0,0.0,35511454,2022.0,INDUSTRY,Yes,CNS,Solid M0,Systemic Therapy,Brain Neoplasms,DRUG: Nivolumab|DRUG: Temozolomide|RADIATION: Radiotherapy|OTHER: Nivolumab Placebo,2022,NCT02667587,Superiority,716,5/9/2016,2016,Industry,CNS,Immunotherapy,2016
PMID 35552364 a_Summary_SoE.pdf,2.0,3.0,9.0,17.0,26.0,35.0,2.9166666666666665,21.0,2.0,3.0,9.0,17.0,26.0,35.0,2.9166666666666665,21.0,0.0,0.0,0.0,0.0,0.0,0.0,0.0,35552364,2022.0,INDUSTRY,Yes,Breast,Metastatic,Systemic Therapy,Metastasis|Breast Cancer,DRUG: NKTR-102|DRUG: Eribulin|DRUG: Ixabepilone|DRUG: Vinorelbine|DRUG: Gemcitabine|DRUG: Paclitaxel|DRUG: Docetaxel|DRUG: Nab-paclitaxel,2022,NCT02915744,Superiority,178,2016-11,2016,Industry,Breast,Chemotherapy,2016
PMID 35569466 CT_Summary_SoE.pdf,4.0,1.0,24.0,42.0,43.0,44.0,3.6666666666666665,1.0,4.0,20.0,39.0,41.0,42.0,43.0,3.5833333333333335,1.0,0.0,-19.0,-15.0,1.0,1.0,1.0,0.083333333333333,35569466,2022.0,NETWORK,No,GU,Non-metastatic,Systemic Therapy,Prostate Cancer,RADIATION: PBRT|RADIATION: PLNRT|DRUG: AA|DRUG: LHRH agonist,2022,NCT00567580,Superiority,1792,2008-02,2008,Non-Industry,GU,Radiation,2008
PMID 35580297 a_Summary_SoE.pdf,1.0,4.0,7.0,10.0,12.0,14.0,1.1666666666666667,21.0,1.0,4.0,7.0,10.0,12.0,14.0,1.1666666666666667,21.0,0.0,0.0,0.0,0.0,0.0,0.0,0.0,35580297,2022.0,INDUSTRY,Yes,Thor,Metastatic,Systemic Therapy,Non Small Cell Lung Cancer,DRUG: HS-10296|DRUG: Gefitinib,2022,NCT03849768,Superiority,429,2/1/2019,2019,Industry,Thor,Targeted Therapy,2019
PMID 35584336 a_Summary_SoE.pdf,2.0,3.0,5.0,8.0,11.0,15.0,1.25,28.0,2.0,3.0,5.0,8.0,11.0,15.0,1.25,28.0,0.0,0.0,0.0,0.0,0.0,0.0,0.0,35584336,2022.0,OTHER,Yes,Breast,Metastatic,Systemic Therapy,Breast Cancer,DRUG: Elacestrant|DRUG: Standard of Care,2022,NCT03778931,Superiority,478,5/10/2019,2019,Industry,Breast,Other,2019
PMID 35608580 a_Summary_SoE.pdf,2.0,0.0,0.0,1.0,1.0,2.0,0.1666666666666666,0.0,2.0,0.0,0.0,1.0,1.0,2.0,0.1666666666666666,0.0,0.0,0.0,0.0,0.0,0.0,0.0,0.0,35608580,2022.0,NETWORK,No,Breast,Non-metastatic,Systemic Therapy,Breast Cancer,DRUG: metformin hydrochloride|OTHER: placebo,2022,NCT01101438,Superiority,3649,8/13/2010,2010,Non-Industry,Breast,Other,2010
PMID 35657079 a_Summary_SoE.pdf,2.0,5.0,11.0,19.0,22.0,26.0,2.1666666666666665,28.0,2.0,5.0,11.0,19.0,22.0,26.0,2.1666666666666665,28.0,0.0,0.0,0.0,0.0,0.0,0.0,0.0,35657079,2022.0,INDUSTRY,Yes,Heme,Hematologic,Systemic Therapy,Mantle Cell Lymphoma,DRUG: Bendamustine|DRUG: Rituximab|DRUG: Ibrutinib|DRUG: Placebo,2022,NCT01776840,Superiority,523,5/16/2013,2013,Industry,Heme,Targeted Therapy,2013
PMID 35660812 a_Summary_SoE.pdf,2.0,7.0,14.0,36.0,46.0,50.0,4.166666666666667,21.0,2.0,7.0,19.5,38.0,46.5,50.5,4.208333333333333,21.0,0.0,0.0,-5.5,-2.0,-0.5,-0.5,-0.041666666666666,35660812,2022.0,OTHER,Yes,GU,Non-metastatic,Systemic Therapy,Multiple Myeloma,DRUG: Lenalidomide|DRUG: Bortezomib|DRUG: Dexamethasone|PROCEDURE: Autologous Stem Cell Transplant,2022,NCT01208662,Superiority,729,2010-10,2010,Industry,GU,Targeted Therapy,2010
PMID 35665782 a_Summary_SoE.pdf,2.0,4.0,7.0,11.0,15.0,20.0,1.6666666666666667,21.0,2.0,4.0,7.0,11.0,15.0,20.0,1.6666666666666667,21.0,0.0,0.0,0.0,0.0,0.0,0.0,0.0,35665782,2022.0,INDUSTRY,Yes,Breast,Metastatic,Systemic Therapy,Breast Cancer,DRUG: Trastuzumab deruxtecan (DS-8201a)|DRUG: Capecitabine|DRUG: Eribulin|DRUG: Gemcitabine|DRUG: Paclitaxel|DRUG: Nab-paclitaxel,2022,NCT03734029,Superiority,557,12/27/2018,2018,Industry,Breast,Targeted Therapy,2018
PMID 35704479 a_Summary_SoE.pdf,1.0,1.0,2.0,4.0,4.0,5.0,0.4166666666666667,180.0,1.0,1.0,1.0,2.0,2.0,3.0,0.25,180.0,0.0,0.0,1.0,2.0,2.0,2.0,0.1666666666666666,35704479,2022.0,NETWORK,No,GI,NS,Supportive Care,Anal Cancer|High-grade Squamous Intraepithelial Lesion|HIV Infection|Human Papilloma Virus Infection,DRUG: imiquimod|DRUG: fluorouracil|DEVICE: infrared photocoagulation therapy|DEVICE: thermal ablation therapy|DEVICE: laser therapy|OTHER: clinical observation|OTHER: laboratory biomarker analysis,2022,NCT02135419,Superiority,4446,9/24/2014,2014,Non-Industry,GI,Chemotherapy,2014
PMID 35728048 a_Summary_SoE.pdf,1.0,12.0,31.0,55.0,77.0,100.0,8.333333333333334,28.0,1.0,12.0,31.0,55.0,77.0,100.0,8.333333333333334,28.0,0.0,0.0,0.0,0.0,0.0,0.0,0.0,35728048,2022.0,INDUSTRY,Yes,Heme,Hematologic,Systemic Therapy,"Myelodysplastic Syndrome|Leukemia, Myelomonocytic, Chronic|Leukemia, Myeloid, Acute",DRUG: Azacitidine|DRUG: Pevonedistat,2022,NCT03268954,Superiority,454,11/28/2017,2017,Industry,Heme,Chemotherapy,2017
PMID 35759733a_Summary_SoE.pdf,1.0,3.0,7.0,14.0,20.0,24.0,2.0,28.0,1.0,1.0,3.0,6.0,9.0,12.0,1.0,30.0,0.0,2.0,4.0,8.0,11.0,12.0,1.0,35759733,2022.0,NETWORK,No,GYN,Metastatic,Systemic Therapy,Fallopian Tube Clear Cell Adenocarcinoma|Fallopian Tube Endometrioid Adenocarcinoma|Fallopian Tube Mucinous Adenocarcinoma|Fallopian Tube Serous Adenocarcinoma|Fallopian Tube Transitional Cell Carcinoma|Fallopian Tube Undifferentiated Carcinoma|Ovarian Brenner Tumor|Ovarian Clear Cell Adenocarcinoma|Ovarian Endometrioid Adenocarcinoma|Ovarian Mucinous Adenocarcinoma|Ovarian Seromucinous Carcinoma|Ovarian Serous Adenocarcinoma|Ovarian Transitional Cell Carcinoma|Ovarian Undifferentiated Carcinoma|Primary Peritoneal Serous Adenocarcinoma|Stage IIIA Fallopian Tube Cancer AJCC v7|Stage IIIA Ovarian Cancer AJCC v6 and v7|Stage IIIA Primary Peritoneal Cancer AJCC v7|Stage IIIB Fallopian Tube Cancer AJCC v7|Stage IIIB Ovarian Cancer AJCC v6 and v7|Stage IIIB Primary Peritoneal Cancer AJCC v7|Stage IIIC Fallopian Tube Cancer AJCC v7|Stage IIIC Ovarian Cancer AJCC v6 and v7|Stage IIIC Primary Peritoneal Cancer AJCC v7|Stage IV Fallopian Tube Cancer AJCC v6 and v7|Stage IV Ovarian Cancer AJCC v6 and v7|Stage IV Primary Peritoneal Cancer AJCC v7,OTHER: Clinical Observation|OTHER: Laboratory Biomarker Analysis|DRUG: Paclitaxel|DRUG: Paclitaxel Poliglumex|PROCEDURE: Quality-of-Life Assessment,2022,NCT00108745,Superiority,1157,3/21/2005,2005,Non-Industry,GYN,Chemotherapy,2005
PMID 35763704 a_Summary_SoE.pdf,2.0,3.0,6.0,11.0,16.0,20.0,1.6666666666666667,14.0,2.0,3.0,6.0,11.0,16.0,20.0,1.6666666666666667,14.0,0.0,0.0,0.0,0.0,0.0,0.0,0.0,35763704,2022.0,INDUSTRY,Yes,Breast,Non-metastatic,Systemic Therapy,Breast Cancer,DRUG: Atezolizumab|DRUG: Placebo|DRUG: Doxorubicin|DRUG: Cyclophosphamide|DRUG: Paclitaxel|DRUG: Trastuzumab|DRUG: Pertuzumab|DRUG: Trastuzumab Emtansine,2022,NCT03726879,Superiority,454,1/11/2019,2019,Industry,Breast,Immunotherapy,2019
PMID 35810754 CT_Summary_SoE.pdf,2.0,4.0,6.0,9.0,10.0,11.0,0.9166666666666666,28.0,2.0,6.0,10.0,15.0,16.0,17.0,1.4166666666666667,28.0,0.0,-2.0,-4.0,-6.0,-6.0,-6.0,-0.5000000000000001,35810754,2022.0,INDUSTRY,Yes,Heme,Hematologic,Systemic Therapy,Chronic Lymphocytic Leukemia|Small Lymphocytic Lymphoma,DRUG: Zanubrutinib|DRUG: Bendamustine|DRUG: Rituximab|DRUG: Venetoclax,2022,NCT03336333,Superiority,590,10/31/2017,2017,Industry,Heme,Targeted Therapy,2017
PMID 35857290 a_Summary_SoE.pdf,1.0,10.0,23.0,41.0,44.0,47.0,3.9166666666666665,56.0,1.0,10.0,23.0,41.0,44.0,47.0,3.9166666666666665,56.0,0.0,0.0,0.0,0.0,0.0,0.0,0.0,35857290,2022.0,INDUSTRY,Yes,Heme,Hematologic,Systemic Therapy,Cutaneous T-Cell Lymphoma,DRUG: SGX301 (synthetic hypericin)|DRUG: Placebo,2022,NCT02448381,Superiority,169,2015-12,2015,Industry,Heme,Other,2015
PMID 35922251 CT_Summary_SoE.pdf,1.0,2.0,7.0,13.0,18.0,24.0,2.0,42.0,1.0,5.0,11.0,22.0,32.0,42.0,3.5,42.0,0.0,-3.0,-4.0,-9.0,-14.0,-18.0,-1.5,35922251,2022.0,INDUSTRY,Yes,GYN,Metastatic,Systemic Therapy,"Squamous Cell Carcinoma (SCC)|Recurrent or Metastatic, Platinum-refractory Cervical Cancer",DRUG: Cemiplimab|DRUG: Investigator Choice (IC) Chemotherapy,2022,NCT03257267,Superiority,608,9/5/2017,2017,Industry,GYN,Immunotherapy,2017
PMID 35947817 a_Summary_SoE.pdf,1.0,3.0,6.0,10.0,14.0,19.0,1.5833333333333333,42.0,1.0,3.0,6.0,10.0,14.0,19.0,1.5833333333333333,42.0,0.0,0.0,0.0,0.0,0.0,0.0,0.0,35947817,2022.0,INDUSTRY,Yes,GI,NS,Systemic Therapy,Gastrointestinal Stromal Tumors,DRUG: Ripretinib|DRUG: Sunitinib,2022,NCT03673501,Superiority,453,2/8/2019,2019,Industry,GI,Targeted Therapy,2019
PMID 36070540 a_Summary_SoE.pdf,1.0,3.0,3.0,4.0,4.0,4.0,0.3333333333333333,0.0,1.0,3.0,3.0,4.0,4.0,4.0,0.3333333333333333,0.0,0.0,0.0,0.0,0.0,0.0,0.0,0.0,36070540,2023.0,INDUSTRY,Yes,GYN,"Metastatic, Non-metastatic",Local Therapy,Ovarian Cancer,DRUG: OTL38|DEVICE: near infrared camera imaging system|PROCEDURE: laparotomy,2022,NCT03180307,Superiority,140,1/26/2018,2018,Industry,GYN,Procedure,2018
PMID 36099926 a_Summary_SoE.pdf,1.0,2.0,5.0,9.0,13.0,18.0,1.5,21.0,1.0,2.0,5.0,9.0,13.0,18.0,1.5,21.0,0.0,0.0,0.0,0.0,0.0,0.0,0.0,36099926,2022.0,INDUSTRY,Yes,GU,Non-metastatic,Systemic Therapy,Renal Cell Carcinoma,DRUG: Atezolizumab|OTHER: Placebo,2022,NCT03024996,Superiority,778,1/3/2017,2017,Industry,GU,Immunotherapy,2017
PMID 36108662 CT_Summary_SoE.pdf,3.0,2.0,5.0,9.0,13.0,18.0,1.5,21.0,3.0,2.0,5.0,9.0,13.0,18.0,1.5,21.0,0.0,0.0,0.0,0.0,0.0,0.0,0.0,36108662,2022.0,INDUSTRY,Yes,Thor,Non-metastatic,Systemic Therapy,Non-small Cell Lung Cancer,BIOLOGICAL: Pembrolizumab|OTHER: Placebo,2022,NCT02504372,Superiority,1177,11/6/2015,2015,Industry,Thor,Immunotherapy,2015
PMID 36155117 CT_Summary_SoE.pdf,1.0,4.0,8.0,11.0,14.0,18.0,1.5,28.0,1.0,4.0,8.0,11.0,14.0,18.0,1.5,28.0,0.0,0.0,0.0,0.0,0.0,0.0,0.0,36155117,2022.0,INDUSTRY,Yes,Breast,Metastatic,Systemic Therapy,Breast Neoplasms,DRUG: Palbociclib|DRUG: Letrozole|DRUG: Placebo|DRUG: Letrozole,2022,NCT02297438,Superiority,340,3/23/2015,2015,Industry,Breast,Targeted Therapy,2015
PMID 36162037 a_Summary_SoE.pdf,1.0,3.0,7.0,13.0,20.0,25.0,2.0833333333333335,14.0,1.0,3.0,7.0,13.0,20.0,25.0,2.0833333333333335,14.0,0.0,0.0,0.0,0.0,0.0,0.0,0.0,36162037,2023.0,INDUSTRY,Yes,Skin,Metastatic,Systemic Therapy,Melanoma,BIOLOGICAL: nivolumab|BIOLOGICAL: ipilimumab,2022,NCT03068455,Superiority,1844,4/11/2017,2017,Industry,Skin,Immunotherapy,2017
PMID 36265504 a_Summary_SoE.pdf,1.0,5.0,12.0,21.0,24.0,25.0,2.0833333333333335,21.0,1.0,5.0,12.0,21.0,24.0,25.0,2.0833333333333335,21.0,0.0,0.0,0.0,0.0,0.0,0.0,0.0,36265504,2022.0,INDUSTRY,Yes,GU,Metastatic,Systemic Therapy,Metastatic Castration Resistant Prostate Cancer,DRUG: Enzalutamide|DRUG: Docetaxel|DRUG: Prednisolone|DRUG: Placebo,2022,NCT02288247,Superiority,688,12/1/2014,2014,Industry,GU,Endocrine,2014
PMID 36308441 a_Summary_SoE.pdf,1.0,3.0,8.0,13.0,14.0,15.0,1.25,14.0,1.0,3.0,8.0,13.0,14.0,15.0,1.25,14.0,0.0,0.0,0.0,0.0,0.0,0.0,0.0,36308441,2022.0,INDUSTRY,Yes,GI,Metastatic,Supportive Care,Colorectal Cancer|Chemotherapy-induced Peripheral Neuropathy,DRUG: Calmangafodipir (2 Âµmol/kg)|DRUG: Calmangafodipir (5 Âµmol/kg)|DRUG: Placebo,2022,NCT03654729,Superiority,291,11/7/2018,2018,Industry,GI,Other,2018
PMID 36322844 a_Summary_SoE.pdf,2.0,8.0,20.0,23.0,24.0,25.0,2.0833333333333335,21.0,2.0,8.0,20.0,23.0,24.0,25.0,2.0833333333333335,21.0,0.0,0.0,0.0,0.0,0.0,0.0,0.0,36322844,2022.0,NIH,No,Heme,Hematologic,Systemic Therapy,Ann Arbor Stage IIB Hodgkin Lymphoma|Ann Arbor Stage IIIB Hodgkin Lymphoma|Ann Arbor Stage IVA Hodgkin Lymphoma|Ann Arbor Stage IVB Hodgkin Lymphoma|Childhood Hodgkin Lymphoma|Classic Hodgkin Lymphoma,BIOLOGICAL: Bleomycin Sulfate|DRUG: Brentuximab Vedotin|DRUG: Cyclophosphamide|DRUG: Doxorubicin Hydrochloride|DRUG: Etoposide|OTHER: Laboratory Biomarker Analysis|DRUG: Methylprednisolone|OTHER: Pharmacological Study|DRUG: Prednisone|OTHER: Quality-of-Life Assessment|OTHER: Questionnaire Administration|DRUG: Vincristine Sulfate,2022,NCT02166463,Superiority,600,3/19/2015,2015,Non-Industry,Heme,Targeted Therapy,2015
PMID 36327426 a_Summary_SoE.pdf,2.0,4.0,9.0,12.0,15.0,19.0,1.5833333333333333,21.0,2.0,4.0,9.0,14.0,17.0,21.0,1.75,21.0,0.0,0.0,0.0,-2.0,-2.0,-2.0,-0.1666666666666667,36327426,2023.0,INDUSTRY,Yes,Thor,Metastatic,Systemic Therapy,Non Small Cell Lung Cancer NSCLC,DRUG: Durvalumab|DRUG: Tremelimumab|DRUG: Abraxane + carboplatin|DRUG: Gemcitabine + cisplatin|DRUG: Gemcitabine + carboplatin|DRUG: Pemetrexed + carboplatin|DRUG: Pemetrexed + cisplatin,2022,NCT03164616,Superiority,1186,6/1/2017,2017,Industry,Thor,Immunotherapy,2017
PMID 36346687 CT_Summary_SoE.pdf,1.0,2.0,5.0,8.0,9.0,10.0,0.8333333333333334,21.0,1.0,1.0,2.0,3.0,4.0,5.0,0.4166666666666667,0.0,0.0,1.0,3.0,5.0,5.0,5.0,0.4166666666666667,36346687,2023.0,OTHER,No,Breast,Non-metastatic,Systemic Therapy,Breast Cancer,DRUG: Capecitabine,2023,NCT00130533,Superiority,876,2006-01,2006,Non-Industry,Breast,Chemotherapy,2006
PMID 36455168 a_Summary_SoE.pdf,2.0,2.0,5.0,9.0,13.0,18.0,1.5,21.0,2.0,2.0,5.0,9.0,13.0,18.0,1.5,21.0,0.0,0.0,0.0,0.0,0.0,0.0,0.0,36455168,2023.0,INDUSTRY,Yes,GI,Metastatic,Systemic Therapy,"Carcinoma, Hepatocellular",BIOLOGICAL: pembrolizumab|DRUG: placebo|OTHER: best supportive care (BSC),2022,NCT03062358,Superiority,453,4/27/2017,2017,Industry,GI,Immunotherapy,2017
PMID 36473143 a_Summary_SoE.pdf,2.0,3.0,7.0,13.0,20.0,27.0,2.25,42.0,2.0,5.0,13.0,26.0,39.0,53.0,4.416666666666667,21.0,0.0,-2.0,-6.0,-13.0,-19.0,-26.0,-2.166666666666667,36473143,2023.0,INDUSTRY,Yes,HN,Metastatic,Systemic Therapy,Head and Neck Cancer,BIOLOGICAL: Nivolumab|BIOLOGICAL: Ipilimumab|DRUG: Cetuximab/Erbitux|DRUG: Cisplatin/Platinol|DRUG: Carboplatin/Paraplatin|DRUG: Fluorouracil/Adrucil,2022,NCT02741570,Superiority,947,10/5/2016,2016,Industry,HN,Immunotherapy,2016
PMID 36503738 CT_Summary_SoE.pdf,1.0,3.0,8.0,14.0,21.0,27.0,2.25,14.0,1.0,3.0,7.0,13.0,20.0,27.0,2.25,14.0,0.0,0.0,1.0,1.0,1.0,0.0,0.0,36503738,2023.0,INDUSTRY,Yes,GI,Metastatic,Systemic Therapy,Colorectal Cancer,DRUG: Napabucasin|DRUG: Fluorouracil|DRUG: Leucovorin|DRUG: Irinotecan|DRUG: Bevacizumab,2022,NCT02753127,Superiority,1253,2016-06,2016,Industry,GI,Targeted Therapy,2016
PMID 36521097 a_Summary_SoE.pdf,1.0,4.0,10.0,19.0,20.0,21.0,1.75,28.0,1.0,4.0,10.0,19.0,20.0,21.0,1.75,28.0,0.0,0.0,0.0,0.0,0.0,0.0,0.0,36521097,2023.0,INDUSTRY,Yes,GI,NS,Systemic Therapy,"Pancreatic Neoplasms|Digestive System Neoplasms|Neoplasms by Site|Neoplasms|Endocrine Gland Neoplasms|Pancreatic Diseases|Digestive System Diseases|Endocrine System Diseases|Gemcitabine|Antimetabolites, Antineoplastic",DRUG: nab-Paclitaxel|DRUG: Gemcitabine,2023,NCT01964430,Superiority,866,3/28/2014,2014,Industry,GI,Chemotherapy,2014
PMID 36535566 CT_Summary_SoE.pdf,1.0,5.0,13.0,17.0,21.0,26.0,2.1666666666666665,21.0,1.0,5.0,13.0,22.0,30.0,40.0,3.3333333333333335,21.0,0.0,0.0,0.0,-5.0,-9.0,-14.0,-1.166666666666667,36535566,2023.0,INDUSTRY,Yes,HN,Metastatic,Systemic Therapy,Nasopharyngeal Neoplasms,BIOLOGICAL: Pembrolizumab|DRUG: Capecitabine|DRUG: Gemcitabine|DRUG: Docetaxel,2022,NCT02611960,Superiority,233,4/18/2016,2016,Industry,HN,Immunotherapy,2016
PMID 36541957 a_Summary_SoE.pdf,1.0,11.0,22.0,25.0,26.0,27.0,2.25,28.0,1.0,11.0,22.0,23.0,24.0,25.0,2.0833333333333335,28.0,0.0,0.0,0.0,2.0,2.0,2.0,0.1666666666666665,36541957,2023.0,INDUSTRY,Yes,Heme,Hematologic,Systemic Therapy,"Lymphoma, Non-Hodgkin",DRUG: Ibrutinib|DRUG: Rituximab|DRUG: Ifosfamide|DRUG: Carboplatin|DRUG: Etoposide|DRUG: Vincristine|DRUG: Idarubicin|DRUG: Dexamethasone,2023,NCT02703272,Superiority,72,7/1/2016,2016,Industry,Heme,Targeted Therapy,2016
PMID 36623230 a_Summary_SoE.pdf,2.0,22.0,40.0,50.0,51.0,52.0,4.333333333333333,21.0,2.0,19.0,26.0,36.0,37.0,38.0,3.1666666666666665,21.0,0.0,3.0,14.0,14.0,14.0,14.0,1.1666666666666663,36623230,2023.0,OTHER,No,Thor,Metastatic,Local Therapy,Lung Cancer,RADIATION: Standard Radiation Dose Therapy|DRUG: cisplatin|DRUG: etoposide|RADIATION: High Radiation Dose Therapy|DRUG: carboplatin,2023,NCT00632853,Superiority,731,2008-03,2008,Non-Industry,Thor,Chemotherapy,2008
PMID 36669140 a_Summary_SoE.pdf,2.0,11.0,30.0,57.0,79.0,80.0,6.666666666666667,14.0,2.0,11.0,30.0,57.0,78.0,79.0,6.583333333333333,14.0,0.0,0.0,0.0,0.0,1.0,1.0,0.0833333333333339,36669140,2023.0,NIH,No,Other,Metastatic,Systemic Therapy,Metastatic Ewing Sarcoma|Metastatic Malignant Neoplasm in the Bone|Metastatic Malignant Neoplasm in the Bone Marrow|Metastatic Malignant Neoplasm in the Lung|Metastatic Peripheral Primitive Neuroectodermal Tumor of Bone|Peripheral Primitive Neuroectodermal Tumor of Soft Tissues,DRUG: Cyclophosphamide|DRUG: Doxorubicin|DRUG: Doxorubicin Hydrochloride|DRUG: Etoposide|DRUG: Etoposide Phosphate|RADIATION: External Beam Radiation Therapy|BIOLOGICAL: Ganitumab|DRUG: Ifosfamide|RADIATION: Stereotactic Radiosurgery|PROCEDURE: Therapeutic Surgical Procedure|DRUG: Vincristine|DRUG: Vincristine Sulfate,2023,NCT02306161,Superiority,312,12/12/2014,2014,Non-Industry,Other,Targeted Therapy,2014
PMID 36693773 CT_Summary_SoE.pdf,2.0,2.0,3.0,3.0,3.0,3.0,0.25,0.0,2.0,2.0,3.0,3.0,3.0,3.0,0.25,0.0,0.0,0.0,0.0,0.0,0.0,0.0,0.0,36693773,2023.0,OTHER,No,All,NS,Supportive Care,Malignant Neoplasm,DRUG: Dexamethasone|OTHER: Placebo|OTHER: Questionnaire|OTHER: Quality-of-Life Assessment|DRUG: Everolimus,2023,NCT03839940,Superiority,39,2/15/2019,2019,Non-Industry,Other,Targeted Therapy,2019
PMID 36709073 CT_Summary_SoE.pdf,2.0,3.0,5.0,8.0,11.0,14.0,1.1666666666666667,28.0,2.0,3.0,5.0,8.0,11.0,14.0,1.1666666666666667,28.0,0.0,0.0,0.0,0.0,0.0,0.0,0.0,36709073,2023.0,INDUSTRY,Yes,Heme,Hematologic,Systemic Therapy,Primary Myelofibrosis|Post-polycythemia Vera Myelofibrosis|Post-essential Thrombocythemia Myelofibrosis,DRUG: Momelotinib|DRUG: Placebo to match danazol|DRUG: Danazol|DRUG: Placebo to match momelotinib,2023,NCT04173494,Superiority,195,2/7/2020,2020,Industry,Heme,Other,2020
PMID 36764316 a_Summary_SoE.pdf,2.0,4.0,7.0,11.0,15.0,21.0,1.75,21.0,2.0,2.0,5.0,9.0,14.0,20.0,1.6666666666666667,21.0,0.0,2.0,2.0,2.0,1.0,1.0,0.0833333333333332,36764316,2023.0,INDUSTRY,Yes,Thor,Metastatic,Systemic Therapy,"KRAS p, G12c Mutated /Advanced Metastatic NSCLC",DRUG: AMG 510|DRUG: Docetaxel,2023,NCT04303780,Superiority,345,6/4/2020,2020,Industry,Thor,Chemotherapy,2020
PMID 36795891 a_Summary_SoE.pdf,3.0,3.0,6.0,9.0,12.0,16.0,1.3333333333333333,28.0,3.0,3.0,6.0,11.0,13.0,16.0,1.3333333333333333,21.0,0.0,0.0,0.0,-2.0,-1.0,0.0,0.0,36795891,2023.0,INDUSTRY,Yes,GU,Metastatic,Systemic Therapy,Metastatic Castration Resistant Prostate Cancer,DRUG: Rucaparib|DRUG: Abiraterone acetate or Enzalutamide or Docetaxel,2023,NCT02975934,Superiority,405,6/13/2017,2017,Industry,GU,Targeted Therapy,2017
PMID 36952634 a_Summary_SoE.pdf,2.0,5.0,9.0,12.0,15.0,18.0,1.5,28.0,2.0,5.0,9.0,12.0,15.0,18.0,1.5,28.0,0.0,0.0,0.0,0.0,0.0,0.0,0.0,36952634,2023.0,INDUSTRY,Yes,GU,Metastatic,Systemic Therapy,Castration-Resistant Prostatic Cancer,DRUG: Niraparib|DRUG: Abiraterone Acetate|DRUG: Prednisone|DRUG: Placebo|DRUG: New Formulation of Niraparib and Abiraterone Acetate (AA),2023,NCT03748641,Superiority,765,1/25/2019,2019,Industry,GU,Targeted Therapy,2019
PMID 36969338 a_Summary_SoE.pdf,2.0,4.0,11.0,21.0,31.0,40.0,3.3333333333333335,28.0,2.0,4.0,10.0,20.0,30.0,40.0,3.3333333333333335,28.0,0.0,0.0,1.0,1.0,1.0,0.0,0.0,36969338,2023.0,INDUSTRY,Yes,GI,Metastatic,Systemic Therapy,"Carcinoma, Pancreatic Ductal",DRUG: Napabucasin|DRUG: Nab-paclitaxel|DRUG: Gemcitabine,2023,NCT02993731,Superiority,1134,2016-12,2016,Industry,GI,Chemotherapy,2016
PMID 36996380 a_Summary_SoE.pdf,2.0,3.0,7.0,10.0,13.0,17.0,1.4166666666666667,28.0,2.0,1.0,4.5,8.5,12.0,16.5,1.375,28.0,0.0,2.0,2.5,1.5,1.0,0.5,0.0416666666666667,36996380,2023.0,OTHER,No,GU,Metastatic,Systemic Therapy,Adenocarcinoma of the Prostate|Hormone-resistant Prostate Cancer|Recurrent Prostate Cancer|Stage IV Prostate Cancer,DRUG: enzalutamide|DRUG: abiraterone|DRUG: prednisone,2023,NCT01949337,Superiority,1311,1/22/2014,2014,Non-Industry,GU,Endocrine,2014
PMID 37069359 a_Summary_SoE.pdf,2.0,18.0,41.0,42.0,43.0,44.0,3.6666666666666665,0.0,2.0,18.0,41.0,42.0,43.0,44.0,3.6666666666666665,0.0,0.0,0.0,0.0,0.0,0.0,0.0,0.0,37069359,2023.0,INDUSTRY,Yes,Heme,Hematologic,Systemic Therapy,Multiple Myeloma,DRUG: BL-8040 1.25 mg/kg + G-CSF|DRUG: Placebo +G-CSF,2023,NCT03246529,Superiority,180,3/23/2018,2018,Industry,Heme,Other,2018
PMID 37071094 a_Summary_SoE.pdf,2.0,3.0,7.0,13.0,20.0,27.0,2.25,14.0,2.0,3.0,7.0,13.0,20.0,27.0,2.25,14.0,0.0,0.0,0.0,0.0,0.0,0.0,0.0,37071094,2023.0,INDUSTRY,Yes,GI,NS,Systemic Therapy,Colorectal Cancer,"DRUG: oxaliplatin (OXA), levofolinate calcium (l-LV), 5-FU, panitumumab|DRUG: oxaliplatin (OXA), levofolinate calcium (l-LV), 5-FU, bevacizumab",2023,NCT02394795,Superiority,823,5/29/2015,2015,Industry,GI,Targeted Therapy,2015
PMID 37075781 a_Summary_SoE.pdf,2.0,4.0,9.0,18.0,26.0,36.0,3.0,21.0,2.0,4.0,9.0,18.0,26.0,36.0,3.0,21.0,0.0,0.0,0.0,0.0,0.0,0.0,0.0,37075781,2023.0,INDUSTRY,Yes,GI,Metastatic,Systemic Therapy,Biliary Tract Carcinoma,BIOLOGICAL: Pembrolizumab|DRUG: Gemcitabine|DRUG: Cisplatin|DRUG: Placebo,2023,NCT04003636,Superiority,1069,9/24/2019,2019,Industry,GI,Immunotherapy,2019
PMID 37080222 a_Summary_SoE.pdf,2.0,13.0,31.0,51.0,71.0,96.0,8.0,21.0,2.0,13.0,31.0,51.0,71.0,96.0,8.0,21.0,0.0,0.0,0.0,0.0,0.0,0.0,0.0,37080222,2023.0,INDUSTRY,Yes,GI,Metastatic,Systemic Therapy,Esophageal Squamous Cell Carcinoma (ESCC),DRUG: Cisplatin|DRUG: Oxaliplatin|DRUG: Fluorouracil (5-FU)|DRUG: Capecitabine|DRUG: Paclitaxel|DRUG: Tislelizumab|DRUG: Placebo,2023,NCT03783442,Superiority,649,12/11/2018,2018,Industry,GI,Immunotherapy,2018
PMID 37080223 CT_Summary_SoE.pdf,2.0,22.0,34.0,38.0,39.0,40.0,3.3333333333333335,21.0,2.0,22.0,34.0,35.0,36.0,37.0,3.0833333333333335,7.0,0.0,0.0,0.0,3.0,3.0,3.0,0.25,37080223,2023.0,NETWORK,No,GYN,Metastatic,Systemic Therapy,"Cervical Adenocarcinoma|Cervical Adenosquamous Carcinoma|Cervical Squamous Cell Carcinoma, Not Otherwise Specified|Stage IB Cervical Cancer AJCC v6 and v7|Stage IIA Cervical Cancer AJCC v7|Stage IIB Cervical Cancer AJCC v6 and v7|Stage IIIB Cervical Cancer AJCC v6 and v7|Stage IVA Cervical Cancer AJCC v6 and v7",RADIATION: Brachytherapy|DRUG: Carboplatin|DRUG: Cisplatin|RADIATION: External Beam Radiation Therapy|DRUG: Paclitaxel|OTHER: Quality-of-Life Assessment,2023,NCT01414608,Superiority,926,1/9/2012,2012,Non-Industry,GYN,Chemotherapy,2012
PMID 37086745 a_Summary_SoE.pdf,3.0,4.0,7.0,11.0,15.0,20.0,1.6666666666666667,21.0,3.0,4.0,7.0,11.0,15.0,20.0,1.6666666666666667,21.0,0.0,0.0,0.0,0.0,0.0,0.0,0.0,37086745,2023.0,INDUSTRY,Yes,Breast,Metastatic,Systemic Therapy,Breast Cancer,DRUG: Trastuzumab deruxtecan|DRUG: Capecitabine|DRUG: Lapatinib|DRUG: Trastuzumab,2023,NCT03523585,Superiority,608,8/1/2018,2018,Industry,Breast,Targeted Therapy,2018
PMID 37104748 a_Summary_SoE.pdf,2.0,2.0,27.0,48.0,49.0,50.0,4.166666666666667,28.0,2.0,22.0,44.0,46.0,47.0,48.0,4.0,7.0,0.0,-20.0,-17.0,2.0,2.0,2.0,0.1666666666666669,37104748,2023.0,NETWORK,No,GU,Non-metastatic,Systemic Therapy,Prostate Cancer,DRUG: bicalutamide|DRUG: flutamide|DRUG: LHRH agonist (antagonist) therapy|RADIATION: Dose-Escalated Radiation Therapy,2023,NCT00936390,Superiority,1538,2009-09,2009,Non-Industry,GU,Endocrine,2009
PMID 37116523 a_Summary_SoE.pdf,2.0,15.0,36.0,58.0,63.0,67.0,5.583333333333333,28.0,2.0,15.0,36.0,58.0,63.0,67.0,5.583333333333333,28.0,0.0,0.0,0.0,0.0,0.0,0.0,0.0,37116523,2023.0,INDUSTRY,Yes,Heme,Hematologic,Systemic Therapy,Acute Myeloid Leukemia|Leukemia,DRUG: Chemotherapy|DRUG: Quizartinib|DRUG: Placebo,2023,NCT02668653,Superiority,539,9/1/2016,2016,Industry,Heme,Targeted Therapy,2016
PMID 37133585 a_Summary_SoE.pdf,2.0,3.0,7.0,10.0,11.0,13.0,1.0833333333333333,28.0,2.0,3.0,5.0,7.0,8.0,10.0,0.8333333333333334,28.0,0.0,0.0,2.0,3.0,3.0,3.0,0.2499999999999999,37133585,2023.0,INDUSTRY,Yes,GI,Metastatic,Systemic Therapy,Refractory Metastatic Colorectal Cancer,DRUG: Trifluridine/Tipiracil|DRUG: Bevacizumab,2023,NCT04737187,Superiority,492,11/25/2020,2020,Industry,GI,Targeted Therapy,2020
PMID 37141294 CT_Summary_SoE.pdf,1.0,2.0,5.0,9.0,13.0,18.0,1.5,21.0,1.0,2.0,5.0,9.0,13.0,18.0,1.5,21.0,0.0,0.0,0.0,0.0,0.0,0.0,0.0,37141294,2023.0,INDUSTRY,Yes,Thor,Metastatic,Systemic Therapy,"Carcinoma, Non-Small-Cell Lung",BIOLOGICAL: Pembrolizumab|DRUG: Docetaxel,2023,NCT02864394,Superiority,425,9/7/2016,2016,Industry,Thor,Immunotherapy,2016
PMID 37257422 CT_Summary_SoE.pdf,1.0,22.0,33.0,39.0,46.0,53.0,4.416666666666667,28.0,2.0,22.0,33.0,39.0,46.0,53.0,4.416666666666667,28.0,-1.0,0.0,0.0,0.0,0.0,0.0,0.0,37257422,2023.0,INDUSTRY,Yes,CNS,Metastatic,Supportive Care,Glioblastoma Multiforme,DRUG: Steroid eye drops|DRUG: Vasoconstrictor eye drops|OTHER: Cold compress|DRUG: Ophthalmic steroid ointment|DRUG: Depatuxizumab mafodotin|DRUG: Temozolomide|RADIATION: Radiation,2023,NCT03419403,Superiority,40,7/30/2018,2018,Industry,CNS,Chemotherapy,2018
PMID 37272516 a_Summary_SoE.pdf,2.0,3.0,6.0,9.0,12.0,16.0,1.3333333333333333,28.0,2.0,3.0,6.0,9.0,12.0,16.0,1.3333333333333333,28.0,0.0,0.0,0.0,0.0,0.0,0.0,0.0,37272516,2023.0,OTHER,Yes,CNS,Non-metastatic,Systemic Therapy,Grade 2 Glioma|Residual Glioma|Recurrent Glioma,DRUG: Vorasidenib|DRUG: Matching Placebo,2023,NCT04164901,Superiority,331,1/5/2020,2020,Industry,CNS,Other,2020
PMID 37276510 CT_Summary_SoE.pdf,1.0,10.0,27.0,45.0,60.0,76.0,6.333333333333333,28.0,1.0,14.0,41.0,78.0,108.0,139.0,11.583333333333334,28.0,0.0,-4.0,-14.0,-33.0,-48.0,-63.0,-5.250000000000001,37276510,2023.0,INDUSTRY,Yes,Heme,Hematologic,Systemic Therapy,"Leukemia, Myeloid, Acute",DRUG: SGI-110 (guadecitabine)|DRUG: Treatment Choice,2023,NCT02348489,Superiority,815,3/19/2015,2015,Industry,Heme,Chemotherapy,2015
PMID 37284847 CT_Summary_SoE.pdf,1.0,4.0,4.0,4.0,4.0,4.0,0.3333333333333333,6.0,1.0,4.0,4.0,4.0,4.0,4.0,0.3333333333333333,6.0,0.0,0.0,0.0,0.0,0.0,0.0,0.0,37284847,2023.0,OTHER,No,All,"Metastatic, Non-metastatic",Supportive Care,Malignant Neoplasm,DRUG: Palonosetron Hydrochloride|DRUG: Ondansetron Hydrochloride|DRUG: Dexamethasone|DRUG: Fosaprepitant Dimeglumine|DRUG: Olanzapine|OTHER: Placebo,2023,NCT03578081,Other,690,10/15/2018,2018,Non-Industry,Other,Other,2018
PMID 37285865 a_Summary_SoE.pdf,2.0,3.0,7.0,11.0,14.0,18.0,1.5,14.0,2.0,3.0,7.0,11.0,14.0,18.0,1.5,14.0,0.0,0.0,0.0,0.0,0.0,0.0,0.0,37285865,2023.0,INDUSTRY,Yes,GU,Metastatic,Systemic Therapy,mCRPC,DRUG: Talazoparib with enzalutamide|DRUG: Placebo with enzalutamide,2023,NCT03395197,Superiority,1054,12/18/2017,2017,Industry,GU,Targeted Therapy,2017
PMID 37290035 a_Summary_SoE.pdf,1.0,2.0,5.0,9.0,13.0,18.0,1.5,21.0,1.0,2.0,5.0,9.0,13.0,18.0,1.5,21.0,0.0,0.0,0.0,0.0,0.0,0.0,0.0,37290035,2023.0,INDUSTRY,Yes,GU,Metastatic,Systemic Therapy,Prostatic Neoplasms,BIOLOGICAL: Pembrolizumab|DRUG: Olaparib|DRUG: Abiraterone acetate|DRUG: Prednisone|DRUG: Enzalutamide|DRUG: Prednisolone,2023,NCT03834519,Superiority,793,5/2/2019,2019,Industry,GU,Immunotherapy,2019
PMID 37290461 a_Summary_SoE.pdf,2.0,2.0,5.0,9.0,13.0,18.0,1.5,21.0,2.0,2.0,5.0,9.0,13.0,18.0,1.5,21.0,0.0,0.0,0.0,0.0,0.0,0.0,0.0,37290461,2023.0,INDUSTRY,Yes,GU,Metastatic,Systemic Therapy,"Carcinoma, Renal Cell",DRUG: Atezolizumab|DRUG: Cabozantinib,2023,NCT04338269,Superiority,522,7/28/2020,2020,Industry,GU,Immunotherapy,2020
PMID 37315297 a_Summary_SoE.pdf,2.0,20.0,27.0,29.0,30.0,31.0,2.5833333333333335,7.0,2.0,1.0,2.0,4.0,5.0,6.0,0.5,0.0,0.0,19.0,25.0,25.0,25.0,25.0,2.0833333333333335,37315297,2023.0,NETWORK,No,GU,Non-metastatic,Local Therapy,Prostate Cancer,RADIATION: Brachytherapy (100/110)|RADIATION: Brachytherapy (125/145)|RADIATION: External Beam Radiation Therapy,2023,NCT00063882,Superiority,588,2003-06,2003,Non-Industry,GU,Radiation,2003
PMID 37342922 a_Summary_SoE.pdf,2.0,8.0,16.0,18.0,19.0,20.0,1.6666666666666667,0.0,2.0,9.0,17.0,19.0,20.0,21.0,1.75,0.0,0.0,-1.0,-1.0,-1.0,-1.0,-1.0,-0.0833333333333332,37342922,2023.0,OTHER,No,Heme,Hematologic,Supportive Care,Acute Leukemia|Chronic Myelogenous Leukemia (CML)|Myelodysplasia|Lymphoma,PROCEDURE: Mobilized Peripheral Blood Stem Cell graft with Tacrolimus/Methotrexate|DRUG: Tacrolimus|DRUG: Methotrexate|PROCEDURE: Mobilized Peripheral Blood Stem Cell graft with Tacrolimus/Mycophenolate Mofetil/Post-Transplant Cyclophosphamide|DRUG: Tacrolimus|DRUG: Mycophenolate Mofetil|DRUG: Cyclophosphamide,2023,NCT03959241,Superiority,431,6/25/2019,2019,Non-Industry,Heme,Chemotherapy,2019
PMID 37379502 a_Summary_SoE.pdf,1.0,4.0,7.0,9.0,11.0,13.0,1.0833333333333333,21.0,1.0,4.0,7.0,9.0,11.0,13.0,1.0833333333333333,21.0,0.0,0.0,0.0,0.0,0.0,0.0,0.0,37379502,2023.0,INDUSTRY,Yes,Thor,Metastatic,Systemic Therapy,Non-Small Cell Lung Cancer,DRUG: Lazertinib 240 mg/160 mg|DRUG: Gefitinib 250 mg|DRUG: Lazertinib-matching placebo 240 mg/160 mg|DRUG: Gefitinib-matching placebo 250 mg,2023,NCT04248829,Superiority,393,2/13/2020,2020,Industry,Thor,Targeted Therapy,2020
PMID 37423228 a_Summary_SoE.pdf,2.0,2.0,5.0,9.0,13.0,18.0,1.5,21.0,2.0,4.0,9.0,18.0,26.0,36.0,3.0,21.0,0.0,-2.0,-4.0,-9.0,-13.0,-18.0,-1.5,37423228,2023.0,INDUSTRY,Yes,Thor,Metastatic,Systemic Therapy,Non-Small Cell Lung Cancer,"DRUG: Atezolizumab (MPDL3280A), an engineered anti-PD-L1 antibody|DRUG: Vinorelbine|DRUG: Gemcitabine",2023,NCT03191786,Superiority,453,9/11/2017,2017,Industry,Thor,Immunotherapy,2017
PMID 37478390 a_Summary_SoE.pdf,2.0,2.0,4.0,7.0,10.0,13.0,1.0833333333333333,28.0,2.0,2.0,4.0,7.0,10.0,14.0,1.1666666666666667,28.0,0.0,0.0,0.0,0.0,0.0,-1.0,-0.0833333333333334,37478390,2023.0,INDUSTRY,Yes,Heme,Hematologic,Systemic Therapy,WaldenstrÃ¶m's Macroglobulinemia,DRUG: BGB-3111|DRUG: Ibrutinib,2023,NCT03053440,Superiority,201,1/25/2017,2017,Industry,Heme,Targeted Therapy,2017
PMID 37499670 a_Summary_SoE.pdf,3.0,3.0,7.0,13.0,20.0,27.0,2.25,28.0,3.0,3.0,7.0,10.0,13.0,17.0,1.4166666666666667,28.0,0.0,0.0,0.0,3.0,7.0,10.0,0.8333333333333333,37499670,2023.0,INDUSTRY,Yes,GI,Metastatic,Systemic Therapy,Locally Advanced or Metastatic and Unresectable HCC,DRUG: SHR-1210|DRUG: Apatinib|DRUG: Sorafenib,2023,NCT03764293,Superiority,543,6/10/2019,2019,Industry,GI,Targeted Therapy,2019
PMID 37524096 a_Summary_SoE.pdf,1.0,1.0,3.0,5.0,7.0,9.0,0.75,42.0,1.0,1.0,3.0,5.0,7.0,9.0,0.75,42.0,0.0,0.0,0.0,0.0,0.0,0.0,0.0,37524096,2023.0,NETWORK,No,GU,Non-metastatic,Systemic Therapy,Kidney Cancer,DRUG: everolimus|OTHER: placebo,2023,NCT01120249,Superiority,1545,4/1/2011,2011,Non-Industry,GU,Targeted Therapy,2011
PMID 37604981 CT_Summary_SoE.pdf,2.0,11.0,21.0,32.0,35.0,38.0,3.1666666666666665,28.0,1.5,10.5,20.5,32.0,35.0,38.5,3.2083333333333335,28.0,0.5,0.5,0.5,0.0,0.0,-0.5,-0.0416666666666669,37604981,2023.0,INDUSTRY,Yes,Heme,Hematologic,Systemic Therapy,"Leukemia, Myeloid, Acute",DRUG: glasdegib|DRUG: daunorubicin + cytarabine|DRUG: azacitidine|DRUG: Placebo|DRUG: Placebo|DRUG: glasdegib|DRUG: cytarabine|PROCEDURE: HSCT,2023,NCT03416179,Superiority,730,4/20/2018,2018,Industry,Heme,Targeted Therapy,2018
PMID 37646660 CT_Summary_SoE.pdf,1.0,6.0,15.0,27.0,39.0,55.0,4.583333333333333,28.0,1.0,6.0,13.0,19.0,22.0,26.0,2.1666666666666665,28.0,0.0,0.0,2.0,8.0,17.0,29.0,2.4166666666666665,37646660,2024.0,INDUSTRY,Yes,Heme,Hematologic,Systemic Therapy,Relapsed Multiple Myeloma|Relapsed-Refractory Multiple Myeloma,DRUG: Melflufen|DRUG: Dexamethasone|DRUG: Daratumumab,2024,NCT04649060,Superiority,54,12/21/2020,2020,Industry,Heme,Targeted Therapy,2020
PMID 37647576 a_Summary_SoE.pdf,2.0,5.0,13.0,26.0,39.0,53.0,4.416666666666667,28.0,2.0,5.0,13.0,26.0,39.0,53.0,4.416666666666667,28.0,0.0,0.0,0.0,0.0,0.0,0.0,0.0,37647576,2023.0,OTHER,Yes,GI,Metastatic,Systemic Therapy,Pancreatic Cancer,DRUG: nimotuzumab|DRUG: Gemcitabine|OTHER: Placebo,2023,NCT02395016,Superiority,90,2015-04,2015,Industry,GI,Chemotherapy,2015
PMID 37704166 CT_Summary_SoE.pdf,2.0,3.0,6.0,9.0,12.0,15.0,1.25,21.0,2.0,3.0,6.0,10.0,14.0,19.0,1.5833333333333333,21.0,0.0,0.0,0.0,-1.0,-2.0,-4.0,-0.3333333333333332,37704166,2023.0,INDUSTRY,Yes,Thor,Metastatic,Systemic Therapy,Non Small Cell Lung Cancer,BIOLOGICAL: OSE2101|DRUG: Docetaxel|DRUG: Pemetrexed,2023,NCT02654587,Superiority,219,2/12/2016,2016,Industry,Thor,Targeted Therapy,2016
PMID 37708904 a_Summary_SoE.pdf,0.0,0.0,0.0,0.0,0.0,0.0,0.0,28.0,0.0,0.0,0.0,0.0,0.0,0.0,0.0,28.0,0.0,0.0,0.0,0.0,0.0,0.0,0.0,37708904,2023.0,INDUSTRY,Yes,GI,Metastatic,Systemic Therapy,Metastatic Adenocarcinoma of the Pancreas,DRUG: Irinotecan Liposomal Injection|DRUG: Oxaliplatin|DRUG: 5Fluorouracil|DRUG: Leucovorin|DRUG: Nab-paclitaxel|DRUG: Gemcitabine,2023,NCT04083235,Superiority,770,2/11/2020,2020,Industry,GI,Chemotherapy,2020
PMID 37722354 CT_Summary_SoE.pdf,2.0,4.0,8.0,13.0,14.0,16.0,1.3333333333333333,28.0,2.0,4.0,8.0,13.0,14.0,16.0,1.3333333333333333,28.0,0.0,0.0,0.0,0.0,0.0,0.0,0.0,37722354,2023.0,INDUSTRY,Yes,Heme,Hematologic,Systemic Therapy,Lymphoma,DRUG: Bendamustine|DRUG: Rituximab|DRUG: Cyclophosphamide|DRUG: Doxorubicin|DRUG: Vincristine|DRUG: Prednisone|DRUG: PCI-32765 (Ibrutinib)|DRUG: Placebo,2023,NCT01974440,Superiority,405,1/31/2014,2014,Industry,Heme,Targeted Therapy,2014
PMID 37748693 CT_Summary_SoE.pdf,1.0,3.0,7.0,13.0,20.0,27.0,2.25,14.0,1.0,4.0,9.0,13.0,14.0,16.0,1.3333333333333333,21.0,0.0,-1.0,-2.0,0.0,6.0,11.0,0.9166666666666669,37748693,2024.0,INDUSTRY,Yes,Thor,Metastatic,Systemic Therapy,First Line Non-Small Cell Lung Cancer,DRUG: Avelumab|DRUG: Pemetrexed|DRUG: Paclitaxel|DRUG: Gemcitabine|DRUG: Gemcitabine|DRUG: Carboplatin|DRUG: Cisplatin|DRUG: Carboplatin|DRUG: Avelumab Weekly,2023,NCT02576574,Superiority,1214,10/29/2015,2015,Industry,Thor,Immunotherapy,2015
PMID 37788412 a_Summary_SoE.pdf,1.0,4.0,7.0,11.0,15.0,20.0,1.6666666666666667,21.0,1.0,4.0,7.0,11.0,15.0,20.0,1.6666666666666667,21.0,0.0,0.0,0.0,0.0,0.0,0.0,0.0,37788412,2024.0,INDUSTRY,Yes,Thor,Non-metastatic,Systemic Therapy,Non-Small Cell Lung Cancer,DRUG: Canakinumab|DRUG: Placebo,2023,NCT03447769,Superiority,1382,3/16/2018,2018,Industry,Thor,Other,2018
PMID 37792130 CT_Summary_SoE.pdf,2.0,4.0,7.0,11.0,15.0,17.0,1.4166666666666667,21.0,2.0,4.0,7.0,11.0,15.0,17.0,1.4166666666666667,21.0,0.0,0.0,0.0,0.0,0.0,0.0,0.0,37792130,2023.0,INDUSTRY,Yes,Thor,Metastatic,Systemic Therapy,NSCLC Stage IV,BIOLOGICAL: Bevacizumab as MYL-1402O|BIOLOGICAL: Bevacizumab as Avastin,2023,NCT04633564,Other,671,1/21/2017,2017,Industry,Thor,Targeted Therapy,2017
PMID 37793771 CT_Summary_SoE.pdf,2.0,3.0,7.0,11.0,15.0,20.0,1.6666666666666667,21.0,2.0,5.0,11.0,17.0,23.0,31.0,2.5833333333333335,28.0,0.0,-2.0,-4.0,-6.0,-8.0,-11.0,-0.9166666666666669,37793771,2023.0,INDUSTRY,Yes,Heme,Hematologic,Systemic Therapy,Multiple Myeloma,DRUG: Belantamab mafodotin|DRUG: Pom/dex (Pomalidomide plus low dose Dexamethasone),2023,NCT04162210,Other,325,4/2/2020,2020,Industry,Heme,Targeted Therapy,2020
PMID 37845511 a_Summary_SoE.pdf,2.0,2.0,4.0,7.0,10.0,13.0,1.0833333333333333,28.0,2.0,2.0,4.0,7.0,10.0,13.0,1.0833333333333333,28.0,0.0,0.0,0.0,0.0,0.0,0.0,0.0,37845511,2023.0,INDUSTRY,Yes,Skin,Non-metastatic,Systemic Therapy,Melanoma,BIOLOGICAL: Nivolumab|OTHER: Placebo,2023,NCT04099251,Superiority,790,10/28/2019,2019,Industry,Skin,Immunotherapy,2019
PMID 37870976 a_Summary_SoE.pdf,2.0,5.0,8.0,12.0,16.0,21.0,1.75,21.0,2.0,4.0,7.0,11.0,15.0,20.0,1.6666666666666667,21.0,0.0,1.0,1.0,1.0,1.0,1.0,0.0833333333333332,37870976,2023.0,INDUSTRY,Yes,Thor,Metastatic,Systemic Therapy,"Carcinoma, Non-Small-Cell Lung",DRUG: Amivantamab|DRUG: Pemetrexed|DRUG: Carboplatin|DRUG: Pemetrexed,2023,NCT04538664,Superiority,308,10/13/2020,2020,Industry,Thor,Chemotherapy,2020
PMID 37875143 a_Summary_SoE.pdf,2.0,4.0,10.0,18.0,26.0,36.0,3.0,21.0,2.0,4.0,10.0,18.0,26.0,36.0,3.0,21.0,0.0,0.0,0.0,0.0,0.0,0.0,0.0,37875143,2023.0,INDUSTRY,Yes,GI,Metastatic,Systemic Therapy,Stomach Neoplasms,BIOLOGICAL: Pembrolizumab|DRUG: Cisplatin|DRUG: 5-fluorouracil|DRUG: oxaliplatin|DRUG: capecitabine|DRUG: Placebo for Pembrolizumab,2023,NCT03675737,Superiority,1579,11/8/2018,2018,Industry,GI,Immunotherapy,2018
PMID 37935977 a_Summary_SoE.pdf,1.0,6.0,19.0,34.0,35.0,36.0,3.0,28.0,1.0,10.0,23.0,36.0,37.0,38.0,3.1666666666666665,28.0,0.0,-4.0,-4.0,-2.0,-2.0,-2.0,-0.1666666666666665,37935977,2024.0,NIH,No,Heme,Hematologic,Systemic Therapy,Acute Myeloid Leukemia|Untreated Adult Acute Myeloid Leukemia,PROCEDURE: Allogeneic Hematopoietic Stem Cell Transplantation|DRUG: Cytarabine|DRUG: Daunorubicin Hydrochloride|DRUG: Idarubicin|OTHER: Laboratory Biomarker Analysis|DRUG: Vorinostat,2024,NCT01802333,Other,754,2/12/2013,2013,Non-Industry,Heme,Targeted Therapy,2013
PMID 37980924 a_Summary_SoE.pdf,1.0,5.0,5.0,5.0,5.0,5.0,0.4166666666666667,28.0,1.0,5.0,5.0,5.0,5.0,5.0,0.4166666666666667,28.0,0.0,0.0,0.0,0.0,0.0,0.0,0.0,37980924,2024.0,INDUSTRY,Yes,Heme,Hematologic,Supportive Care,Lymphoma|Acute Lymphoblastic Leukemia,DRUG: Apixaban|OTHER: No systemic anticoagulant prophylaxis,2023,NCT02369653,Superiority,512,10/22/2015,2015,Industry,Heme,Other,2015
PMID 38039991 CT_Summary_SoE.pdf,2.0,22.0,32.0,35.0,38.0,42.0,3.5,28.0,2.0,22.0,32.0,35.0,38.0,42.0,3.5,28.0,0.0,0.0,0.0,0.0,0.0,0.0,0.0,38039991,2023.0,INDUSTRY,Yes,GYN,Metastatic,Systemic Therapy,Locally Advanced Cervical Cancer,BIOLOGICAL: Durvalumab|DRUG: Cisplatin|DRUG: Carboplatin|RADIATION: external beam radiation therapy (EBRT) + brachytherapy,2023,NCT03830866,Superiority,770,2/15/2019,2019,Industry,GYN,Immunotherapy,2019
PMID 38039993 a_Summary_SoE.pdf,2.0,4.0,8.0,12.0,16.0,21.0,1.75,21.0,2.0,4.0,8.0,12.0,16.0,21.0,1.75,21.0,0.0,0.0,0.0,0.0,0.0,0.0,0.0,38039993,2023.0,INDUSTRY,Yes,GI,Metastatic,Systemic Therapy,"Carcinoma, Hepatocellular",DRUG: lenvatinib|BIOLOGICAL: pembrolizumab|DRUG: saline placebo,2023,NCT03713593,Other,794,12/31/2018,2018,Industry,GI,Immunotherapy,2018
PMID 38059497 CT_Summary_SoE.pdf,1.0,3.0,7.0,13.0,20.0,27.0,2.25,14.0,1.0,3.0,7.0,13.0,20.0,27.0,2.25,14.0,0.0,0.0,0.0,0.0,0.0,0.0,0.0,38059497,2024.0,INDUSTRY,Yes,GI,Metastatic,Systemic Therapy,Colo-rectal Cancer,DRUG: Arfolitixorin|DRUG: Leucovorin,2024,NCT03750786,Superiority,490,12/18/2018,2018,Industry,GI,Other,2018
PMID 38060199 CT_Summary_SoE.pdf,1.0,4.0,10.0,20.0,30.0,40.0,3.3333333333333335,28.0,1.0,4.0,10.0,20.0,30.0,40.0,3.3333333333333335,28.0,0.0,0.0,0.0,0.0,0.0,0.0,0.0,38060199,2024.0,INDUSTRY,Yes,Breast,Metastatic,Systemic Therapy,Triple-Negative Breast Cancer,DRUG: Atezolizumab|DRUG: Ipatasertib|DRUG: Paclitaxel|DRUG: Placebo for Atezolizumab|DRUG: Placebo for Ipatasertib,2024,NCT04177108,Superiority,242,11/25/2019,2019,Industry,Breast,Immunotherapy,2019
PMID 38103088 CT_Summary_SoE.pdf,1.0,22.0,51.0,51.0,51.0,51.0,4.25,21.0,1.0,23.0,51.0,51.0,51.0,51.0,4.25,21.0,0.0,-1.0,0.0,0.0,0.0,0.0,0.0,38103088,2023.0,INDUSTRY,Yes,Breast,Metastatic,Supportive Care,Breast Cancer|Neutropenia,DRUG: F-627|DRUG: Placebo,2023,NCT02872103,Superiority,122,2016-08,2016,Industry,Breast,Other,2016
PMID 38159809 CT_Summary_SoE.pdf,2.0,2.0,5.0,9.0,13.0,18.0,1.5,21.0,2.0,2.0,5.0,9.0,13.0,18.0,1.5,21.0,0.0,0.0,0.0,0.0,0.0,0.0,0.0,38159809,2024.0,INDUSTRY,Yes,Thor,Metastatic,Systemic Therapy,Non-small Cell Lung Cancer,BIOLOGICAL: Pembrolizumab|DRUG: Lenvatinib|DRUG: Placebo for lenvatinib,2023,NCT04676412,Superiority,27,10/23/2019,2019,Industry,Thor,Immunotherapy,2019
PMID 38231126 a_Summary_SoE.pdf,1.0,14.0,37.0,51.0,66.0,86.0,7.166666666666667,28.0,1.0,14.0,42.0,70.0,100.0,140.0,11.666666666666666,28.0,0.0,0.0,-5.0,-19.0,-34.0,-54.0,-4.499999999999999,38231126,2024.0,INDUSTRY,Yes,Heme,Hematologic,Systemic Therapy,Acute Myeloid Leukemia,DRUG: guadecitabine|DRUG: Treatment Choice (TC),2024,NCT02920008,Superiority,302,3/16/2017,2017,Industry,Heme,Chemotherapy,2017
PMID 38252907 a_Summary_SoE.pdf,2.0,2.0,5.0,9.0,13.0,18.0,1.5,21.0,2.0,2.0,5.0,9.0,13.0,18.0,1.5,21.0,0.0,0.0,0.0,0.0,0.0,0.0,0.0,38252907,2024.0,INDUSTRY,Yes,Thor,Metastatic,Systemic Therapy,Non-Small-Cell Lung Carcinoma,BIOLOGICAL: Nivolumab|BIOLOGICAL: Ipilimumab|DRUG: Pemetrexed|DRUG: Cisplatin|DRUG: Carboplatin,2024,NCT02864251,Superiority,367,3/17/2017,2017,Industry,Thor,Immunotherapy,2017
PMID 38319255 a_Summary_SoE.pdf,1.0,2.0,5.0,11.0,14.0,18.0,1.5,28.0,1.0,5.0,9.0,15.0,16.0,17.0,1.4166666666666667,28.0,0.0,-3.0,-4.0,-4.0,-2.0,1.0,0.0833333333333332,38319255,2022.0,INDUSTRY,Yes,Heme,Hematologic,Systemic Therapy,"Leukemia, Lymphocytic, Chronic, B-Cell",DRUG: Ibrutinib|DRUG: Venetoclax|DRUG: Chlorambucil|DRUG: Obinutuzumab|DRUG: Ibrutinib (as Subsequent Therapy),2022,NCT03462719,Superiority,211,4/17/2018,2018,Industry,Heme,Targeted Therapy,2018
PMID 38319800 a_Summary_SoE.pdf,1.0,3.0,7.0,10.0,13.0,17.0,1.4166666666666667,28.0,1.0,3.0,7.0,10.0,13.0,17.0,1.4166666666666667,28.0,0.0,0.0,0.0,0.0,0.0,0.0,0.0,38319800,2022.0,INDUSTRY,Yes,GU,Metastatic,Systemic Therapy,Metastatic Castration-resistant Prostate Cancer,DRUG: olaparib|DRUG: abiraterone acetate,2022,NCT03732820,Superiority,895,10/31/2018,2018,Industry,GU,Targeted Therapy,2018
PMID 38319892 a_Summary_SoE.pdf,2.0,2.0,4.0,7.0,10.0,15.0,1.25,28.0,2.0,2.0,4.0,7.0,10.0,15.0,1.25,28.0,0.0,0.0,0.0,0.0,0.0,0.0,0.0,38319892,2022.0,INDUSTRY,Yes,GI,Metastatic,Systemic Therapy,Hepatocellular Carcinoma,DRUG: Durvalumab|DRUG: Tremelimumab (Regimen 1)|DRUG: Tremelimumab (Regimen 2)|DRUG: Sorafenib|DRUG: Durvalumab (Regimen 1)|DRUG: Durvalumab (Regimen 2),2022,NCT03298451,Superiority,1324,10/11/2017,2017,Industry,GI,Immunotherapy,2017
PMID 38319896 a_Summary_SoE.pdf,1.0,4.0,9.0,17.0,20.0,24.0,2.0,21.0,1.0,4.0,9.0,17.0,20.0,24.0,2.0,21.0,0.0,0.0,0.0,0.0,0.0,0.0,0.0,38319896,2022.0,INDUSTRY,Yes,GI,Metastatic,Systemic Therapy,Biliary Tract Neoplasms,DRUG: Durvalumab|DRUG: Placebo,2022,NCT03875235,Superiority,810,4/16/2019,2019,Industry,GI,Immunotherapy,2019
PMID 38320161 a_Summary_SoE.pdf,1.0,2.0,2.0,2.0,2.0,2.0,0.1666666666666666,0.0,1.0,2.0,2.0,2.0,2.0,2.0,0.1666666666666666,0.0,0.0,0.0,0.0,0.0,0.0,0.0,0.0,38320161,2023.0,INDUSTRY,Yes,Breast,Non-metastatic,Local Therapy,Breast Cancer,COMBINATION_PRODUCT: Study Device Arm,2023,NCT03686215,Superiority,406,11/4/2019,2019,Industry,Breast,Other,2019
PMID 38483412 a_Summary_SoE.pdf,3.0,20.0,25.0,26.0,26.0,27.0,2.25,1.0,3.0,20.0,37.0,38.0,38.0,39.0,3.25,1.0,0.0,0.0,-12.0,-12.0,-12.0,-12.0,-1.0,38483412,2024.0,OTHER,No,GU,Non-metastatic,Local Therapy,Prostate Adenocarcinoma|Stage I Prostate Adenocarcinoma|Stage II Prostate Adenocarcinoma|Stage III Prostate Adenocarcinoma,RADIATION: Hypofractionated radiation therapy|RADIATION: Conventional radiation therapy|DRUG: Optional androgen deprivation therapy,2024,NCT03274687,Other,296,7/28/2017,2017,Non-Industry,GU,Radiation,2017
PMID 38499457 CT_Summary_SoE.pdf,2.0,10.0,30.0,55.0,77.0,101.0,8.416666666666666,28.0,2.0,10.0,30.0,55.0,77.0,101.0,8.416666666666666,28.0,0.0,0.0,0.0,0.0,0.0,0.0,0.0,38499457,2024.0,INDUSTRY,Yes,Heme,Hematologic,Systemic Therapy,Acute Myeloid Leukemia,DRUG: Pracinostat|DRUG: Placebos|DRUG: Azacitidine,2024,NCT03151408,Superiority,406,6/23/2017,2017,Industry,Heme,Chemotherapy,2017
PMID 38531002 a_Summary_SoE.pdf,2.0,3.0,7.0,11.0,14.0,18.0,1.5,28.0,2.0,3.0,7.0,11.0,14.0,18.0,1.5,28.0,0.0,0.0,0.0,0.0,0.0,0.0,0.0,38531002,2024.0,NIH,No,GU,Metastatic,Systemic Therapy,Clear Cell Renal Cell Carcinoma|Stage IV Renal Cell Cancer AJCC v7,PROCEDURE: Computed Tomography|PROCEDURE: Magnetic Resonance Imaging|DRUG: Pazopanib Hydrochloride|OTHER: Placebo Administration|OTHER: Questionnaire Administration,2024,NCT01575548,Superiority,129,8/8/2012,2012,Non-Industry,GU,Targeted Therapy,2012
PMID 38552197 a_Summary_SoE.pdf,1.0,2.0,5.0,9.0,13.0,18.0,1.5,21.0,1.0,2.0,5.0,9.0,13.0,18.0,1.5,21.0,0.0,0.0,0.0,0.0,0.0,0.0,0.0,38552197,2024.0,INDUSTRY,Yes,Thor,Metastatic,Systemic Therapy,"Carcinoma, Non-Small-Cell Lung",DRUG: Cabozantinib|DRUG: Atezolizumab|DRUG: Docetaxel,2024,NCT04471428,Superiority,366,10/1/2020,2020,Industry,Thor,Immunotherapy,2020
PMID 38561010 a_Summary_SoE.pdf,2.0,18.0,38.0,43.0,47.0,51.0,4.25,21.0,2.0,18.0,38.0,43.0,47.0,51.0,4.25,21.0,0.0,0.0,0.0,0.0,0.0,0.0,0.0,38561010,2024.0,INDUSTRY,Yes,HN,Metastatic,Systemic Therapy,Head and Neck Neoplasms,BIOLOGICAL: Pembrolizumab|DRUG: Placebo|DRUG: Cisplatin|RADIATION: Accelerated Fractionation (AFX) Radiotherapy|RADIATION: Standard Fractionation (SFX) Radiotherapy,2024,NCT03040999,Superiority,804,4/5/2017,2017,Industry,HN,Immunotherapy,2017
PMID 38648575 a_Summary_SoE.pdf,1.0,5.0,11.0,19.0,28.0,38.0,3.1666666666666665,42.0,1.0,13.0,31.0,55.0,80.0,110.0,9.166666666666666,42.0,0.0,-8.0,-20.0,-36.0,-52.0,-72.0,-6.0,38648575,2024.0,INDUSTRY,Yes,Thor,NS,Systemic Therapy,Small Cell Lung Cancer,DRUG: Irinotecan liposome injection|DRUG: Topotecan,2024,NCT03088813,Other,491,4/25/2018,2018,Industry,Thor,Chemotherapy,2018
PMID 38683596 a_Summary_SoE.pdf,1.0,0.0,0.0,1.0,1.0,2.0,0.1666666666666666,180.0,1.0,0.0,0.0,1.0,1.0,2.0,0.1666666666666666,180.0,0.0,0.0,0.0,0.0,0.0,0.0,0.0,38683596,2024.0,OTHER,No,Breast,Non-metastatic,Systemic Therapy,Node Positive HER2 Negative Breast Cancer,OTHER: Placebo|DRUG: Aspirin,2024,NCT02927249,Superiority,3021,12/8/2016,2016,Non-Industry,Breast,Other,2016
PMID 38833643 a_Summary_SoE.pdf,1.0,1.0,3.0,4.0,5.0,6.0,0.5,42.0,1.0,1.0,3.0,4.0,5.0,6.0,0.5,42.0,0.0,0.0,0.0,0.0,0.0,0.0,0.0,38833643,2024.0,NETWORK,No,Breast,Non-metastatic,Systemic Therapy,Breast Cancer,DRUG: anastrozole|DRUG: everolimus|DRUG: exemestane|DRUG: goserelin acetate|DRUG: letrozole|DRUG: leuprolide acetate|DRUG: tamoxifen citrate|OTHER: placebo,2024,NCT01674140,Superiority,1939,9/12/2013,2013,Non-Industry,Breast,Targeted Therapy,2013
PMID 38833658 a_Summary_SoE.pdf,1.0,3.0,7.0,13.0,20.0,27.0,2.25,28.0,1.0,4.0,8.0,14.0,21.0,28.0,2.3333333333333335,28.0,0.0,-1.0,-1.0,-1.0,-1.0,-1.0,-0.0833333333333334,38833658,2024.0,INDUSTRY,Yes,GI,Metastatic,Systemic Therapy,Colorectal Neoplasms,DRUG: pembrolizumab|DRUG: lenvatinib|DRUG: regorafenib|DRUG: TAS-102 (trifluridine and tipiracil),2024,NCT04776148,Superiority,480,3/29/2021,2021,Industry,GI,Immunotherapy,2021
PMID 38838287a_Summary_SoE.pdf,2.0,5.0,8.0,12.0,16.0,21.0,1.75,42.0,2.0,3.0,6.0,10.0,14.0,19.0,1.5833333333333333,42.0,0.0,2.0,2.0,2.0,2.0,2.0,0.1666666666666667,38838287,2024.0,INDUSTRY,Yes,GI,Metastatic,Systemic Therapy,Renal Cell Carcinoma|Metastatic Renal Cell Carcinoma,BIOLOGICAL: bempegaldesleukin|DRUG: sunitinib|BIOLOGICAL: nivolumab|DRUG: cabozantinib,2024,NCT03729245,Superiority,623,12/18/2018,2018,Industry,GI,Immunotherapy,2018
PMID 38849283 CT_Summary_SoE.pdf,2.0,2.0,7.0,11.0,14.0,18.0,1.5,28.0,2.0,2.0,7.0,11.0,14.0,18.0,1.5,28.0,0.0,0.0,0.0,0.0,0.0,0.0,0.0,38849283,2024.0,INDUSTRY,Yes,Heme,Hematologic,Systemic Therapy,Multiple Myeloma,BIOLOGICAL: Nivolumab|BIOLOGICAL: Elotuzumab|DRUG: Pomalidomide|DRUG: Dexamethasone,2024,NCT02726581,Superiority,170,8/10/2016,2016,Industry,Heme,Immunotherapy,2016
PMID 38872480 a_Summary_SoE.pdf,0.0,0.0,0.0,0.0,0.0,0.0,0.0,,0.0,0.0,0.0,0.0,0.0,0.0,0.0,,0.0,0.0,0.0,0.0,0.0,0.0,0.0,38872480,2024.0,INDUSTRY,Yes,GYN,Metastatic,Systemic Therapy,Ovarian Cancer|Fallopian Tube Cancer|Primary Peritoneal Cancer,DRUG: Paclitaxel|DRUG: Bevacizumab|DRUG: Carboplatin|DRUG: Placebo,2024,NCT03635489,Superiority,100,8/15/2018,2018,Industry,GYN,Targeted Therapy,2018
PMID 38889373 a_Summary_SoE.pdf,2.0,3.0,6.0,9.0,12.0,16.0,1.3333333333333333,28.0,2.0,3.0,6.0,9.0,12.0,16.0,1.3333333333333333,28.0,0.0,0.0,0.0,0.0,0.0,0.0,0.0,38889373,2024.0,INDUSTRY,Yes,Breast,Metastatic,Systemic Therapy,Breast Cancer,DRUG: Amcenestrant-matching placebo|DRUG: SAR439859|DRUG: Palbociclib|DRUG: Letrozole|DRUG: Goserelin|DRUG: Letrozole-matching placebo,2024,NCT04478266,Superiority,1068,10/14/2020,2020,Industry,Breast,Targeted Therapy,2020
PMID 38942046 a_Summary_SoE.pdf,2.0,2.0,4.0,7.0,10.0,12.0,1.0,28.0,1.0,1.0,2.0,3.0,4.0,5.0,0.4166666666666667,42.0,1.0,1.0,2.0,4.0,6.0,7.0,0.5833333333333333,38942046,2024.0,NIH,Yes,GU,"Metastatic, Non-metastatic",Systemic Therapy,Metastatic Renal Cell Carcinoma|Sarcomatoid Renal Cell Carcinoma|Stage II Renal Cell Cancer AJCC v7|Stage III Renal Cell Cancer AJCC v7|Unclassified Renal Cell Carcinoma,PROCEDURE: Nephrectomy|BIOLOGICAL: Nivolumab|OTHER: Patient Observation,2024,NCT03055013,Superiority,819,4/28/2017,2017,Industry,GU,Immunotherapy,2017
PMId 32955177 a_Summary_SoE.pdf,2.0,3.0,4.0,5.0,6.0,7.0,0.5833333333333334,84.0,2.0,3.0,4.0,5.0,6.0,7.0,0.5833333333333334,84.0,0.0,0.0,0.0,0.0,0.0,0.0,0.0,32955177,2020.0,INDUSTRY,Yes,Thor,Non-metastatic,Systemic Therapy,Stage IB-IIIA Non-small Cell Lung Carcinoma,DRUG: AZD9291 80 mg/40 mg|DRUG: Placebo AZD9291 80 mg/40 mg|DRUG: Open-label AZD9291 80 mg/40 mg,2020,NCT02511106,Superiority,682,10/21/2015,2015,Industry,Thor,Other,2015
PMId 32966830 a_Summary_SoE.pdf,2.0,5.0,13.0,19.0,23.0,28.0,2.3333333333333335,28.0,2.0,5.0,13.0,19.0,23.0,28.0,2.3333333333333335,28.0,0.0,0.0,0.0,0.0,0.0,0.0,0.0,32966830,2020.0,INDUSTRY,Yes,Breast,Non-metastatic,Systemic Therapy,Triple-negative Breast Cancer,"DRUG: Atezolizumab (MPDL3280A), an engineered anti-PDL1 antibody|DRUG: Placebo|DRUG: Nab-paclitaxel|DRUG: Doxorubicin|DRUG: Cyclophosphamide|DRUG: Filgrastim|DRUG: Pegfilgrastim",2020,NCT03197935,Superiority,333,7/24/2017,2017,Industry,Breast,Immunotherapy,2017
PMId 36395435 a_Summary_SoE.pdf,2.0,2.0,4.0,7.0,10.0,14.0,1.1666666666666667,28.0,2.0,2.0,4.0,7.0,10.0,14.0,1.1666666666666667,28.0,0.0,0.0,0.0,0.0,0.0,0.0,0.0,36395435,2023.0,INDUSTRY,Yes,Heme,Hematologic,Systemic Therapy,Chronic Lymphocytic Leukemia|Small Lymphocytic Lymphoma,DRUG: Zanubrutinib|DRUG: Ibrutinib,2022,NCT03734016,Superiority,652,11/1/2018,2018,Industry,Heme,Targeted Therapy,2018
PMId 37331369 a_Summary_SoE.pdf,1.0,3.0,7.0,10.0,13.0,17.0,1.4166666666666667,28.0,1.0,3.0,7.0,10.0,13.0,17.0,1.4166666666666667,28.0,0.0,0.0,0.0,0.0,0.0,0.0,0.0,37331369,2023.0,INDUSTRY,Yes,GI,Metastatic,Systemic Therapy,Metastatic Colorectal Cancer|Metastatic Colon Cancer,DRUG: Fruquintinib|DRUG: Placebo,2023,NCT04322539,Superiority,691,8/12/2020,2020,Industry,GI,Other,2020
