filename,intervention_type,pos_idx,screening,1_month,3_months,6_months,9_months,12_months,cycle_length,n_runs,arm_name,intensity_score,pmid,sponsor_binary,Funder,disease_site,Disease Stage,treatment_modality,start_year
30738780 CT_Summary_SoE.pdf,control,0,2.0,3.0,7.0,10.0,13.0,17.0,28.0,3,Arm B (Placebo + abiraterone acetate + prednisone/prednisolone),1.4166666666666667,30738780,Industry,INDUSTRY,GU,Metastatic,Endocrine,2014
30738780 CT_Summary_SoE.pdf,intervention,0,2.0,3.0,7.0,10.0,13.0,17.0,28.0,3,Arm A (Radium-223 dichloride + abiraterone acetate + prednisone/prednisolone),1.4166666666666667,30738780,Industry,INDUSTRY,GU,Metastatic,Endocrine,2014
PIMD 27718847 a_Summary_SoE.pdf,control,0,1.0,4.0,9.0,15.0,19.0,24.0,21.0,3,Arm B (Standard of Care Platinum-based Chemotherapy),2.0,27718847,Industry,INDUSTRY,Thor,Metastatic,Immunotherapy,2014
PIMD 27718847 a_Summary_SoE.pdf,intervention,0,1.0,2.0,5.0,9.0,13.0,18.0,21.0,3,Arm A (Pembrolizumab Monotherapy),1.5,27718847,Industry,INDUSTRY,Thor,Metastatic,Immunotherapy,2014
PMID 19213681 a_Summary_SoE.pdf,control,0,1.0,1.0,1.0,2.0,2.0,3.0,180.0,3,Arm A (Nolvadex alone),0.25,19213681,Industry,INDUSTRY,Breast,Non-metastatic,Endocrine,1999
PMID 19213681 a_Summary_SoE.pdf,control,1,1.0,1.0,1.0,2.0,2.0,3.0,180.0,1,Arm C (Arimidex alone),0.25,19213681,Industry,INDUSTRY,Breast,Non-metastatic,Endocrine,1999
PMID 19213681 a_Summary_SoE.pdf,control,2,1.0,1.0,1.0,2.0,2.0,3.0,180.0,3,Arm C (Arimidex alone),0.25,19213681,Industry,INDUSTRY,Breast,Non-metastatic,Endocrine,1999
PMID 19213681 a_Summary_SoE.pdf,intervention,0,1.0,1.0,1.0,2.0,2.0,3.0,180.0,3,Arm B (Nolvadex plus zoledronate),0.25,19213681,Industry,INDUSTRY,Breast,Non-metastatic,Endocrine,1999
PMID 19213681 a_Summary_SoE.pdf,intervention,1,1.0,1.5,2.5,4.5,6.0,8.5,104.0,2,Arm D (Arimidex plus zoledronate),0.7083333333333334,19213681,Industry,INDUSTRY,Breast,Non-metastatic,Endocrine,1999
PMID 20525992 a_Summary_SoE.pdf,control,0,2.0,2.0,5.0,8.0,10.0,11.0,21.0,3,Arm A (Melanoma Peptide Vaccine Monotherapy),0.9166666666666666,20525992,Industry,INDUSTRY,Skin,Metastatic,Targeted Therapy,2004
PMID 20525992 a_Summary_SoE.pdf,intervention,0,2.0,2.0,5.0,8.0,10.0,11.0,21.0,3,Arm B (MDX-010 + Melanoma Peptide Vaccine),0.9166666666666666,20525992,Industry,INDUSTRY,Skin,Metastatic,Targeted Therapy,2004
PMID 20525992 a_Summary_SoE.pdf,intervention,1,2.0,2.0,5.0,8.0,10.0,11.0,21.0,3,Arm C (MDX-010 Monotherapy),0.9166666666666666,20525992,Industry,INDUSTRY,Skin,Metastatic,Targeted Therapy,2004
PMID 20525993 a_Summary_SoE.pdf,control,0,1.0,4.0,6.0,9.0,10.0,11.0,28.0,3,Arm C (Imatinib 400 mg QD),0.9166666666666666,20525993,Industry,INDUSTRY,Heme,Hematologic,Other,2007
PMID 20525993 a_Summary_SoE.pdf,intervention,0,1.0,4.0,6.0,9.0,10.0,11.0,28.0,3,Arm A (Nilotinib 300 mg BID),0.9166666666666666,20525993,Industry,INDUSTRY,Heme,Hematologic,Other,2007
PMID 20525993 a_Summary_SoE.pdf,intervention,1,1.0,4.0,6.0,9.0,10.0,11.0,28.0,3,Arm B (Nilotinib 400 mg BID),0.9166666666666666,20525993,Industry,INDUSTRY,Heme,Hematologic,Other,2007
PMID 20525995 a_Summary_SoE.pdf,control,0,2.0,3.0,5.0,6.0,7.0,8.0,0.0,3,Imatinib (400 mg daily),0.6666666666666666,20525995,Industry,INDUSTRY,Heme,Hematologic,Other,2007
PMID 20525995 a_Summary_SoE.pdf,intervention,0,2.0,3.0,5.0,6.0,7.0,8.0,0.0,3,Dasatinib (100 mg daily),0.6666666666666666,20525995,Industry,INDUSTRY,Heme,Hematologic,Other,2007
PMID 20570559 CT a_Summary_SoE.pdf,control,0,1.0,2.0,5.0,9.0,13.0,18.0,21.0,3,Placebo + Docetaxel,1.5,20570559,Industry,INDUSTRY,Thor,Metastatic,Targeted Therapy,2006
PMID 20570559 CT a_Summary_SoE.pdf,intervention,0,1.0,2.0,5.0,9.0,13.0,18.0,21.0,3,Vandetanib + Docetaxel,1.5,20570559,Industry,INDUSTRY,Thor,Metastatic,Targeted Therapy,2006
PMID 20818862 a_Summary_SoE.pdf,control,0,3.0,5.0,7.0,9.0,11.0,12.0,14.0,3,Arm B (Placebo),1.0,20818862,Industry,INDUSTRY,GU,Metastatic,Immunotherapy,2003
PMID 20818862 a_Summary_SoE.pdf,intervention,0,3.0,5.0,7.0,9.0,11.0,12.0,14.0,3,Arm A (Sipuleucel-T),1.0,20818862,Industry,INDUSTRY,GU,Metastatic,Immunotherapy,2003
PMID 20826719 a_Summary_SoE.pdf,control,0,2.0,1.0,1.0,3.0,3.0,4.0,0.0,3,Fluconazole,0.3333333333333333,20826719,Industry,OTHER,Heme,Hematologic,Other,2003
PMID 20826719 a_Summary_SoE.pdf,intervention,0,2.0,1.0,1.0,3.0,3.0,4.0,0.0,3,Voriconazole,0.3333333333333333,20826719,Industry,OTHER,Heme,Hematologic,Other,2003
PMID 21121833 a_Summary_SoE.pdf,control,0,2.0,2.0,5.0,7.0,8.0,9.0,21.0,3,Arm B (FAC),0.75,21121833,Non-Industry,OTHER,Breast,Non-metastatic,Chemotherapy,1999
PMID 21121833 a_Summary_SoE.pdf,intervention,0,2.0,2.0,5.0,7.0,8.0,9.0,21.0,3,Arm A (TAC),0.75,21121833,Non-Industry,OTHER,Breast,Non-metastatic,Chemotherapy,1999
PMID 21282542 CT_Summary_SoE.pdf,control,0,2.0,4.0,6.0,9.0,12.0,16.0,28.0,3,Arm B (Erlotinib / TARCEVA),1.3333333333333333,21282542,Industry,INDUSTRY,Thor,Metastatic,Targeted Therapy,2006
PMID 21282542 CT_Summary_SoE.pdf,intervention,0,2.0,4.0,6.0,9.0,12.0,16.0,28.0,3,Arm A (ZD6474 / ZACTIMA),1.3333333333333333,21282542,Industry,INDUSTRY,Thor,Metastatic,Targeted Therapy,2006
PMID 21306237 a_Summary_SoE.pdf,control,0,1.0,3.0,5.0,8.0,11.0,15.0,28.0,3,Arm B (Placebo),1.25,21306237,Industry,INDUSTRY,Other,Metastatic,Targeted Therapy,2007
PMID 21306237 a_Summary_SoE.pdf,intervention,0,1.0,3.0,5.0,8.0,11.0,15.0,28.0,3,Arm A (Sunitinib),1.25,21306237,Industry,INDUSTRY,Other,Metastatic,Targeted Therapy,2007
PMID 21306238 a_Summary_SoE.pdf,control,0,1.0,3.0,5.0,8.0,11.0,15.0,28.0,3,Arm B (Placebo plus best supportive care),1.25,21306238,Industry,INDUSTRY,GI,Metastatic,Targeted Therapy,2007
PMID 21306238 a_Summary_SoE.pdf,intervention,0,1.0,3.0,5.0,8.0,11.0,15.0,28.0,3,Arm A (RAD001 10 mg/d plus best supportive care),1.25,21306238,Industry,INDUSTRY,GI,Metastatic,Targeted Therapy,2007
PMID 21410393 a_Summary_SoE.pdf,control,0,2.0,1.0,1.0,2.0,3.0,5.0,45.5,3,Placebo,0.4166666666666667,21410393,Industry,OTHER,Thor,NS,Other,2006
PMID 21410393 a_Summary_SoE.pdf,intervention,0,2.0,1.0,1.0,2.0,3.0,5.0,45.5,3,Sirolimus (Rapamycin),0.4166666666666667,21410393,Industry,OTHER,Thor,NS,Other,2006
PMID 21612468 a_Summary_SoE.pdf,control,0,1.0,3.0,7.0,10.0,13.0,17.0,28.0,3,Arm B (Placebo + Prednisone),1.4166666666666667,21612468,Industry,INDUSTRY,GU,Metastatic,Endocrine,2008
PMID 21612468 a_Summary_SoE.pdf,intervention,0,1.0,3.0,7.0,10.0,13.0,17.0,28.0,3,Arm A (Abiraterone Acetate + Prednisone),1.4166666666666667,21612468,Industry,INDUSTRY,GU,Metastatic,Endocrine,2008
PMID 21621716 CT_Summary_SoE.pdf,control,0,2.0,2.0,5.0,9.0,13.0,18.0,21.0,3,Arm 1 (Tarceva + placebo),1.5,21621716,Industry,INDUSTRY,Thor,Metastatic,Targeted Therapy,2005
PMID 21621716 CT_Summary_SoE.pdf,intervention,0,2.0,2.0,5.0,9.0,13.0,18.0,21.0,3,Arm 2 (Tarceva + bevacizumab),1.5,21621716,Industry,INDUSTRY,Thor,Metastatic,Targeted Therapy,2005
PMID 21631324 a_Summary_SoE.pdf,control,0,2.0,16.0,33.0,67.0,97.0,103.0,21.0,3,Arm 2: High-dose IL-2 alone,8.583333333333334,21631324,Industry,NIH,Skin,Metastatic,Targeted Therapy,1999
PMID 21631324 a_Summary_SoE.pdf,intervention,0,2.0,16.0,33.0,67.0,97.0,103.0,21.0,3,Arm 1: gp100:209-217(210M) peptide vaccine + high-dose IL-2,8.583333333333334,21631324,Industry,NIH,Skin,Metastatic,Targeted Therapy,1999
PMID 21639808 a_Summary_SoE.pdf,control,0,2.0,3.0,6.0,10.0,14.0,19.0,21.0,3,Arm B (Dacarbazine),1.5833333333333333,21639808,Industry,INDUSTRY,Skin,Metastatic,Targeted Therapy,2010
PMID 21639808 a_Summary_SoE.pdf,intervention,0,2.0,3.0,6.0,10.0,14.0,19.0,21.0,3,Arm A (RO5185426),1.5833333333333333,21639808,Industry,INDUSTRY,Skin,Metastatic,Targeted Therapy,2010
PMID 21639810 a_Summary_SoE.pdf,control,0,2.0,2.0,8.0,13.0,15.0,17.0,21.0,3,Arm B (Placebo + Dacarbazine),1.4166666666666667,21639810,Industry,INDUSTRY,Skin,Metastatic,Immunotherapy,2006
PMID 21639810 a_Summary_SoE.pdf,intervention,0,2.0,2.0,8.0,13.0,15.0,17.0,21.0,3,Arm A (Ipilimumab + Dacarbazine),1.4166666666666667,21639810,Industry,INDUSTRY,Skin,Metastatic,Immunotherapy,2006
PMID 21751904 a_Summary_SoE.pdf,control,0,2.0,22.0,38.0,39.0,40.0,41.0,7.0,3,Arm 2 (Radiation Therapy Alone),3.4166666666666665,21751904,Non-Industry,NETWORK,GU,Non-metastatic,Endocrine,1994
PMID 21751904 a_Summary_SoE.pdf,intervention,0,2.0,1.0,24.0,40.0,41.0,42.0,28.0,3,Arm 1 (Neoadjuvant TAS + Radiation Therapy),3.5,21751904,Non-Industry,NETWORK,GU,Non-metastatic,Endocrine,1994
PMID 21962393 CT_Summary_SoE.pdf,control,0,3.0,15.0,24.0,34.0,35.0,36.0,14.0,3,Arm B2 (Auto-Auto + Observation),3.0,21962393,Non-Industry,NIH,Heme,Hematologic,Targeted Therapy,2003
PMID 21962393 CT_Summary_SoE.pdf,control,1,3.0,15.0,24.0,42.0,46.0,51.0,28.0,3,Arm B1 (Auto-Auto + Maintenance),4.25,21962393,Non-Industry,NIH,Heme,Hematologic,Targeted Therapy,2003
PMID 21962393 CT_Summary_SoE.pdf,intervention,0,3.0,15.0,24.0,35.0,44.0,45.0,14.0,3,Arm A (Auto-Allo: ASCT followed by NMSCT),3.75,21962393,Non-Industry,NIH,Heme,Hematologic,Targeted Therapy,2003
PMID 21990397 a_Summary_SoE.pdf,control,0,2.0,2.0,5.0,9.0,13.0,18.0,21.0,3,Arm B (Chemotherapy + Placebo),1.5,21990397,Industry,INDUSTRY,Breast,Metastatic,Targeted Therapy,2006
PMID 21990397 a_Summary_SoE.pdf,intervention,0,2.0,2.0,5.0,9.0,13.0,18.0,21.0,3,Arm A (Chemotherapy + Bevacizumab),1.5,21990397,Industry,INDUSTRY,Breast,Metastatic,Targeted Therapy,2006
PMID 21991949 a_Summary_SoE.pdf,control,0,2.0,2.0,5.0,8.0,10.0,11.0,21.0,3,AC→T (Doxorubicin and Cyclophosphamide followed by Docetaxel),0.9166666666666666,21991949,Industry,INDUSTRY,Breast,Non-metastatic,Chemotherapy,2001
PMID 21991949 a_Summary_SoE.pdf,intervention,0,2.0,2.0,6.0,18.0,22.0,26.0,21.0,3,AC→TH (Doxorubicin and Cyclophosphamide followed by Docetaxel and Trastuzumab),2.1666666666666665,21991949,Industry,INDUSTRY,Breast,Non-metastatic,Chemotherapy,2001
PMID 21991949 a_Summary_SoE.pdf,intervention,1,2.0,6.0,14.0,22.0,26.0,31.0,21.0,3,"TCH (Docetaxel, Carboplatin and Trastuzumab)",2.5833333333333335,21991949,Industry,INDUSTRY,Breast,Non-metastatic,Chemotherapy,2001
PMID 22025146 CT_Summary_SoE.pdf,control,0,1.0,3.0,5.0,6.0,7.0,8.0,84.0,3,Placebo,0.6666666666666666,22025146,Industry,INDUSTRY,HN,Metastatic,Targeted Therapy,2006
PMID 22025146 CT_Summary_SoE.pdf,intervention,0,1.0,3.0,5.0,6.0,7.0,8.0,84.0,3,Vandetanib 300 mg,0.6666666666666666,22025146,Industry,INDUSTRY,HN,Metastatic,Targeted Therapy,2006
PMID 22119496 a_Summary_SoE.pdf,control,0,1.0,3.0,5.0,8.0,11.0,15.0,28.0,3,Arm B (Placebo + Sandostatin LAR Depot),1.25,22119496,Industry,INDUSTRY,Other,Metastatic,Targeted Therapy,2006
PMID 22119496 a_Summary_SoE.pdf,intervention,0,1.0,3.0,5.0,8.0,11.0,15.0,28.0,3,Arm A (Everolimus 10 mg/d + Sandostatin LAR Depot),1.25,22119496,Industry,INDUSTRY,Other,Metastatic,Targeted Therapy,2006
PMID 22149875 a_Summary_SoE.pdf,control,0,2.0,5.0,10.0,16.0,20.0,25.0,21.0,3,Arm A (Placebo + Trastuzumab + Docetaxel),2.0833333333333335,22149875,Industry,INDUSTRY,Breast,Metastatic,Targeted Therapy,2008
PMID 22149875 a_Summary_SoE.pdf,intervention,0,2.0,5.0,10.0,16.0,20.0,25.0,21.0,3,Arm B (Pertuzumab + Trastuzumab + Docetaxel),2.0833333333333335,22149875,Industry,INDUSTRY,Breast,Metastatic,Targeted Therapy,2008
PMID 22149876 a_Summary_SoE.pdf,control,0,1.0,3.0,5.0,7.0,9.0,11.0,42.0,3,Arm B (Placebo + Exemestane),0.9166666666666666,22149876,Industry,INDUSTRY,Breast,Metastatic,Targeted Therapy,2009
PMID 22149876 a_Summary_SoE.pdf,intervention,0,1.0,3.0,5.0,7.0,9.0,11.0,42.0,3,Arm A (Everolimus + Exemestane),0.9166666666666666,22149876,Industry,INDUSTRY,Breast,Metastatic,Targeted Therapy,2009
PMID 22204724 a_Summary_SoE.pdf,control,0,2.0,5.0,13.0,21.0,25.0,30.0,21.0,3,Arm I (Standard Chemotherapy + Placebo),2.5,22204724,Industry,NIH,GYN,Metastatic,Targeted Therapy,2005
PMID 22204724 a_Summary_SoE.pdf,intervention,0,2.0,5.0,13.0,21.0,25.0,30.0,21.0,3,Arm II (Concurrent Bevacizumab + Placebo Maintenance),2.5,22204724,Industry,NIH,GYN,Metastatic,Targeted Therapy,2005
PMID 22204724 a_Summary_SoE.pdf,intervention,1,2.0,5.0,13.0,21.0,25.0,30.0,21.0,3,Arm III (Extended Bevacizumab),2.5,22204724,Industry,NIH,GYN,Metastatic,Targeted Therapy,2005
PMID 22257673 a_Summary_SoE.pdf,control,0,1.0,2.0,8.0,13.0,18.0,22.0,21.0,3,Trastuzumab alone,1.8333333333333333,22257673,Industry,INDUSTRY,Breast,Metastatic,Targeted Therapy,2008
PMID 22257673 a_Summary_SoE.pdf,intervention,0,1.0,2.0,8.0,13.0,17.0,21.0,21.0,3,Lapatinib alone,1.75,22257673,Industry,INDUSTRY,Breast,Metastatic,Targeted Therapy,2008
PMID 22257673 a_Summary_SoE.pdf,intervention,1,1.0,2.0,8.0,13.0,18.0,22.0,21.0,3,Lapatinib + Trastuzumab,1.8333333333333333,22257673,Industry,INDUSTRY,Breast,Metastatic,Targeted Therapy,2008
PMID 22271472 a_Summary_SoE.pdf,control,0,1.0,2.0,33.0,34.0,35.0,36.0,21.0,3,Arm A (Standard Treatment: Induction Chemo + Concurrent Chemoradiotherapy),3.0,22271472,Non-Industry,NIH,Thor,Metastatic,Targeted Therapy,2000
PMID 22271472 a_Summary_SoE.pdf,intervention,0,1.0,5.0,36.0,41.0,44.0,47.0,21.0,3,Arm B (Induction Chemo + Concurrent Chemoradiotherapy + Thalidomide),3.9166666666666665,22271472,Non-Industry,NIH,Thor,Metastatic,Targeted Therapy,2000
PMID 22375970 a_Summary_SoE.pdf,control,0,2.0,3.0,6.0,9.0,11.0,13.0,28.0,3,Best-available therapy (BAT),1.0833333333333333,22375970,Industry,INDUSTRY,Heme,Hematologic,Targeted Therapy,2009
PMID 22375970 a_Summary_SoE.pdf,intervention,0,2.0,4.0,7.0,10.0,12.0,14.0,28.0,3,INC424 (Ruxolitinib),1.1666666666666667,22375970,Industry,INDUSTRY,Heme,Hematologic,Targeted Therapy,2009
PMID 22375971 a_Summary_SoE.pdf,control,0,2.0,4.0,7.0,10.0,12.0,14.0,28.0,3,Placebo,1.1666666666666667,22375971,Industry,INDUSTRY,Heme,Hematologic,Targeted Therapy,2009
PMID 22375971 a_Summary_SoE.pdf,intervention,0,2.0,4.0,7.0,10.0,12.0,14.0,28.0,3,INCB018424,1.1666666666666667,22375971,Industry,INDUSTRY,Heme,Hematologic,Targeted Therapy,2009
PMID 22454414 a_Summary_SoE.pdf,control,0,3.0,2.0,5.0,9.0,13.0,18.0,21.0,3,Arm A (Docetaxel + Prednisone + Placebo),1.5,22454414,Industry,NIH,GU,Metastatic,Targeted Therapy,2005
PMID 22454414 a_Summary_SoE.pdf,intervention,0,3.0,2.0,5.0,9.0,13.0,18.0,21.0,3,Arm B (Docetaxel + Prednisone + Bevacizumab),1.5,22454414,Industry,NIH,GU,Metastatic,Targeted Therapy,2005
PMID 22508813 a_Summary_SoE.pdf,control,0,1.0,2.0,2.0,2.0,2.0,2.0,21.0,3,Matching Placebo,0.1666666666666666,22508813,Non-Industry,OTHER,Multiple,NS,Other,2008
PMID 22508813 a_Summary_SoE.pdf,intervention,0,1.0,2.0,2.0,2.0,2.0,2.0,21.0,3,Naproxen 500mg twice daily,0.1666666666666666,22508813,Non-Industry,OTHER,Multiple,NS,Other,2008
PMID 22529265 a_Summary_SoE.pdf,control,0,1.0,4.0,9.0,15.0,19.0,24.0,21.0,3,Arm B (Placebo + Carboplatin + Gemcitabine),2.0,22529265,Industry,INDUSTRY,GYN,Non-metastatic,Targeted Therapy,2007
PMID 22529265 a_Summary_SoE.pdf,intervention,0,1.0,4.0,9.0,15.0,19.0,24.0,21.0,3,Arm A (Bevacizumab + Carboplatin + Gemcitabine),2.0,22529265,Industry,INDUSTRY,GYN,Non-metastatic,Targeted Therapy,2007
PMID 22551107 a_Summary_SoE.pdf,control,0,1.0,7.0,12.0,19.0,25.0,32.0,21.0,3,"Arm B (Sz/M: Streptozotocin, Mitotane)",2.6666666666666665,22551107,Non-Industry,OTHER,Other,Metastatic,Chemotherapy,2004
PMID 22551107 a_Summary_SoE.pdf,intervention,0,1.0,8.0,23.0,42.0,60.0,78.0,28.0,3,"Arm A (EDP/M: Etoposide, Doxorubicin, Cisplatin, Mitotane)",6.5,22551107,Non-Industry,OTHER,Other,Metastatic,Chemotherapy,2004
PMID 22564989 a_Summary_SoE.pdf,control,0,1.0,3.0,8.0,12.0,15.0,19.0,28.0,3,Placebo + Erlotinib,1.5833333333333333,22564989,Industry,INDUSTRY,Thor,Metastatic,Targeted Therapy,2007
PMID 22564989 a_Summary_SoE.pdf,intervention,0,1.0,3.0,8.0,12.0,15.0,19.0,28.0,3,Sunitinib + Erlotinib,1.5833333333333333,22564989,Industry,INDUSTRY,Thor,Metastatic,Targeted Therapy,2007
PMID 22571200 a_Summary_SoE.pdf,control,0,1.0,5.0,9.0,15.0,21.0,25.0,28.0,3,Arm C (MP plus placebo induction followed by placebo maintenance),2.0833333333333335,22571200,Industry,INDUSTRY,Heme,Hematologic,Targeted Therapy,2007
PMID 22571200 a_Summary_SoE.pdf,intervention,0,1.0,5.0,9.0,15.0,21.0,25.0,28.0,3,Arm A (MPR induction followed by lenalidomide maintenance),2.0833333333333335,22571200,Industry,INDUSTRY,Heme,Hematologic,Targeted Therapy,2007
PMID 22571200 a_Summary_SoE.pdf,intervention,1,1.0,5.0,9.0,15.0,21.0,25.0,28.0,3,Arm B (MPR induction followed by placebo maintenance),2.0833333333333335,22571200,Industry,INDUSTRY,Heme,Hematologic,Targeted Therapy,2007
PMID 22571201 a_Summary_SoE.pdf,control,0,24.0,4.0,7.0,13.0,16.0,19.0,28.0,3,Arm B (Placebo),1.5833333333333333,22571201,Non-Industry,NIH,Heme,Hematologic,Targeted Therapy,2004
PMID 22571201 a_Summary_SoE.pdf,intervention,0,24.0,4.0,7.0,13.0,16.0,19.0,28.0,3,Arm A (CC-5013 / Lenalidomide),1.5833333333333333,22571201,Non-Industry,NIH,Heme,Hematologic,Targeted Therapy,2004
PMID 22585697 a_Summary_SoE.pdf,control,0,2.0,11.0,23.0,25.0,28.0,31.0,28.0,3,Arm A (Placebo + Intermediate Dose cytarabine [IDAC]),2.5833333333333335,22585697,Industry,INDUSTRY,Heme,Hematologic,Chemotherapy,2006
PMID 22585697 a_Summary_SoE.pdf,intervention,0,2.0,11.0,23.0,25.0,28.0,31.0,28.0,3,Arm B (Clofarabine + Intermediate Dose cytarabine [IDAC]),2.5833333333333335,22585697,Industry,INDUSTRY,Heme,Hematologic,Chemotherapy,2006
PMID 22663011 a_Summary_SoE.pdf,control,0,1.0,2.0,5.0,9.0,13.0,19.0,21.0,3,Arm B (Chemotherapy - Dacarbazine or Paclitaxel),1.5833333333333333,22663011,Industry,INDUSTRY,Skin,Metastatic,Other,2010
PMID 22663011 a_Summary_SoE.pdf,intervention,0,1.0,2.0,5.0,9.0,13.0,19.0,21.0,3,Arm A (GSK1120212 / Trametinib),1.5833333333333333,22663011,Industry,INDUSTRY,Skin,Metastatic,Other,2010
PMID 22663011 a_Summary_SoE.pdf,intervention,1,1.0,3.0,6.0,10.0,14.0,20.0,21.0,1,Arm C (Extension Arm - Crossover to GSK1120212),1.6666666666666667,22663011,Industry,INDUSTRY,Skin,Metastatic,Other,2010
PMID 22689805 a_Summary_SoE.pdf,control,0,1.0,11.0,39.0,76.0,110.0,144.0,28.0,3,Arm A (Supportive Care or Low-dose Cytarabine),12.0,22689805,Industry,INDUSTRY,Heme,Hematologic,Chemotherapy,2005
PMID 22689805 a_Summary_SoE.pdf,intervention,0,1.0,6.0,23.0,41.0,60.0,79.0,28.0,3,Arm B (Decitabine),6.583333333333333,22689805,Industry,INDUSTRY,Heme,Hematologic,Chemotherapy,2005
PMID 22735384 a_Summary_SoE.pdf,control,0,1.0,3.0,6.0,10.0,14.0,20.0,21.0,3,Arm B (DTIC),1.6666666666666667,22735384,Industry,INDUSTRY,Skin,Metastatic,Chemotherapy,2010
PMID 22735384 a_Summary_SoE.pdf,intervention,0,1.0,3.0,6.0,10.0,14.0,20.0,21.0,3,Arm A (GSK2118436),1.6666666666666667,22735384,Industry,INDUSTRY,Skin,Metastatic,Chemotherapy,2010
PMID 22808955 a_Summary_SoE.pdf,control,0,1.0,1.0,3.0,4.0,5.0,6.0,0.0,3,Expectant Management (Watchful Waiting),0.5,22808955,Non-Industry,FED,GU,Non-metastatic,Procedure,1994
PMID 22808955 a_Summary_SoE.pdf,intervention,0,1.0,1.0,3.0,4.0,5.0,6.0,0.0,3,Radical Prostatectomy,0.5,22808955,Non-Industry,FED,GU,Non-metastatic,Procedure,1994
PMID 22851564 a_Summary_SoE.pdf,control,0,2.0,5.0,13.0,21.0,25.0,30.0,21.0,3,Placebo + Gemcitabine + Cisplatin,2.5,22851564,Industry,INDUSTRY,Thor,Metastatic,Targeted Therapy,2007
PMID 22851564 a_Summary_SoE.pdf,intervention,0,2.0,5.0,13.0,21.0,25.0,30.0,21.0,3,Sorafenib + Gemcitabine + Cisplatin,2.5,22851564,Industry,INDUSTRY,Thor,Metastatic,Targeted Therapy,2007
PMID 22853014 a_Summary_SoE.pdf,control,0,1.0,2.0,4.0,7.0,10.0,14.0,28.0,3,Arm 1 (Anastrozole alone),1.1666666666666667,22853014,Non-Industry,NETWORK,Breast,Metastatic,Endocrine,2004
PMID 22853014 a_Summary_SoE.pdf,intervention,0,1.0,3.0,5.0,8.0,11.0,15.0,28.0,3,Arm 2 (Anastrozole and Fulvestrant),1.25,22853014,Non-Industry,NETWORK,Breast,Metastatic,Endocrine,2004
PMID 22894553 a_Summary_SoE.pdf,control,0,1.0,3.0,5.0,8.0,9.0,10.0,28.0,3,Arm B (Placebo),0.8333333333333334,22894553,Industry,INDUSTRY,GU,Metastatic,Endocrine,2009
PMID 22894553 a_Summary_SoE.pdf,intervention,0,1.0,3.0,5.0,8.0,9.0,10.0,28.0,3,Arm A (MDV3100),0.8333333333333334,22894553,Industry,INDUSTRY,GU,Metastatic,Endocrine,2009
PMID 22915657 a_Summary_SoE.pdf,control,0,1.0,1.0,1.0,1.0,1.0,1.0,21.0,1,"Arm 2: Granisetron + Dexamethasone (Day 1), Compazine + Placebo (Days 2 & 3)",0.0833333333333333,22915657,Non-Industry,OTHER,Other,Metastatic,Other,2006
PMID 22915657 a_Summary_SoE.pdf,intervention,0,1.0,1.0,1.0,1.0,1.0,1.0,21.0,3,Arm 3 (Aprepitant + Palonosetron + Dexamethasone),0.0833333333333333,22915657,Non-Industry,OTHER,Other,Metastatic,Other,2006
PMID 22915657 a_Summary_SoE.pdf,intervention,1,1.0,1.0,1.0,1.0,1.0,1.0,21.0,3,Arm 1 (Palonosetron + Dexamethasone + Compazine),0.0833333333333333,22915657,Non-Industry,OTHER,Other,Metastatic,Other,2006
PMID 22915657 a_Summary_SoE.pdf,intervention,2,1.0,1.0,1.0,1.0,1.0,1.0,21.0,3,Arm 2 (Granisetron + Dexamethasone + Compazine),0.0833333333333333,22915657,Non-Industry,OTHER,Other,Metastatic,Other,2006
PMID 22915657 a_Summary_SoE.pdf,intervention,3,1.0,1.5,1.5,1.5,1.5,1.5,21.0,2,Arm 4 (Palonosetron + Dexamethasone + Compazine + Dexamethasone),0.125,22915657,Non-Industry,OTHER,Other,Metastatic,Other,2006
PMID 22949154 a_Summary_SoE.pdf,control,0,2.0,2.0,4.0,7.0,8.0,9.0,28.0,3,Arm 2 (Imatinib 400mg daily),0.75,22949154,Industry,INDUSTRY,Heme,Hematologic,Other,2008
PMID 22949154 a_Summary_SoE.pdf,intervention,0,2.0,2.0,4.0,7.0,8.0,9.0,28.0,3,Arm 1 (Bosutinib 500mg daily),0.75,22949154,Industry,INDUSTRY,Heme,Hematologic,Other,2008
PMID 22965961 a_Summary_SoE.pdf,control,0,1.0,4.0,8.0,14.0,21.0,28.0,14.0,3,Bevacizumab + FOLFOX (Arm C),2.3333333333333335,22965961,Industry,INDUSTRY,GI,Metastatic,Targeted Therapy,2006
PMID 22965961 a_Summary_SoE.pdf,intervention,0,1.0,4.0,8.0,14.0,21.0,28.0,14.0,3,Cediranib + FOLFOX (Arm A/B),2.3333333333333335,22965961,Industry,INDUSTRY,GI,Metastatic,Targeted Therapy,2006
PMID 22965962 a_Summary_SoE.pdf,control,0,2.0,4.0,9.0,18.0,26.0,36.0,21.0,3,Arm B (Placebo + Docetaxel),3.0,22965962,Industry,INDUSTRY,Thor,Metastatic,Chemotherapy,2007
PMID 22965962 a_Summary_SoE.pdf,intervention,0,2.0,4.0,9.0,18.0,26.0,36.0,21.0,3,Arm A (Aflibercept + Docetaxel),3.0,22965962,Industry,INDUSTRY,Thor,Metastatic,Chemotherapy,2007
PMID 22965965 a_Summary_SoE.pdf,control,0,1.0,4.0,7.0,11.0,15.0,20.0,21.0,2,"Placebo + XELOX (Arms C, E)",1.6666666666666667,22965965,Industry,INDUSTRY,GI,Metastatic,Targeted Therapy,2006
PMID 22965965 a_Summary_SoE.pdf,control,1,1.0,4.0,8.0,14.0,21.0,28.0,14.0,2,"Placebo + FOLFOX (Arms C, E)",2.3333333333333335,22965965,Industry,INDUSTRY,GI,Metastatic,Targeted Therapy,2006
PMID 22965965 a_Summary_SoE.pdf,intervention,0,1.0,4.0,7.0,11.0,15.0,20.0,21.0,3,"Cediranib + XELOX (Arms A, B, D)",1.6666666666666667,22965965,Industry,INDUSTRY,GI,Metastatic,Targeted Therapy,2006
PMID 22965965 a_Summary_SoE.pdf,intervention,1,1.0,4.0,8.0,14.0,21.0,28.0,14.0,3,"Cediranib + FOLFOX (Arms A, B, D)",2.3333333333333335,22965965,Industry,INDUSTRY,GI,Metastatic,Targeted Therapy,2006
PMID 22987089 a_Summary_SoE.pdf,control,0,1.0,2.0,3.0,3.0,3.0,3.0,28.0,3,Arm B (Placebo),0.25,22987089,Non-Industry,NETWORK,Multiple,Metastatic,Other,2005
PMID 22987089 a_Summary_SoE.pdf,intervention,0,1.0,2.0,3.0,3.0,3.0,3.0,28.0,3,Arm A (Levocarnitine),0.25,22987089,Non-Industry,NETWORK,Multiple,Metastatic,Other,2005
PMID 23075175 a_Summary_SoE.pdf,control,0,1.0,11.0,20.0,25.0,27.0,29.0,0.0,3,Arm B (Marrow Transplantation),2.4166666666666665,23075175,Non-Industry,OTHER,Heme,Hematologic,Targeted Therapy,2004
PMID 23075175 a_Summary_SoE.pdf,intervention,0,1.0,11.0,20.0,25.0,27.0,29.0,0.0,3,Arm A (PBSC Transplantation),2.4166666666666665,23075175,Non-Industry,OTHER,Heme,Hematologic,Targeted Therapy,2004
PMID 23177515 a_Summary_SoE.pdf,control,0,1.0,0.0,0.0,0.0,0.0,0.0,,3,Placebo,0.0,23177515,Industry,INDUSTRY,GI,Metastatic,Targeted Therapy,2011
PMID 23177515 a_Summary_SoE.pdf,intervention,0,1.0,0.0,0.0,0.0,0.0,0.0,,3,Regorafenib,0.0,23177515,Industry,INDUSTRY,GI,Metastatic,Targeted Therapy,2011
PMID 23228172 a_Summary_SoE.pdf,control,0,1.0,3.0,7.0,10.0,13.0,17.0,28.0,3,Arm B (Placebo + Prednisone),1.4166666666666667,23228172,Industry,INDUSTRY,GU,Metastatic,Endocrine,2009
PMID 23228172 a_Summary_SoE.pdf,intervention,0,1.0,3.0,7.0,10.0,13.0,17.0,28.0,3,Arm A (Abiraterone Acetate + Prednisone),1.4166666666666667,23228172,Industry,INDUSTRY,GU,Metastatic,Endocrine,2009
PMID 23234763 a_Summary_SoE.pdf,control,0,1.0,1.0,1.0,1.0,1.0,1.0,90.0,3,Placebo,0.0833333333333333,23234763,Industry,INDUSTRY,Breast,Non-metastatic,Targeted Therapy,2006
PMID 23234763 a_Summary_SoE.pdf,intervention,0,1.0,1.0,1.0,1.0,1.0,1.0,90.0,3,Lapatinib,0.0833333333333333,23234763,Industry,INDUSTRY,Breast,Non-metastatic,Targeted Therapy,2006
PMID 23248256 a_Summary_SoE.pdf,control,0,2.0,2.0,5.0,9.0,13.0,18.0,21.0,3,Arm 1 (Carboplatin and Paclitaxel plus Placebo),1.5,23248256,Non-Industry,NIH,Skin,Metastatic,Targeted Therapy,2005
PMID 23248256 a_Summary_SoE.pdf,intervention,0,2.0,2.0,5.0,9.0,13.0,18.0,21.0,3,Arm 2 (Carboplatin and Paclitaxel plus Sorafenib),1.5,23248256,Non-Industry,NIH,Skin,Metastatic,Targeted Therapy,2005
PMID 23295789 a_Summary_SoE.pdf,control,0,2.0,5.0,10.0,16.0,17.0,18.0,28.0,3,Arm A (Chlorambucil alone),1.5,23295789,Non-Industry,OTHER,Heme,Hematologic,Targeted Therapy,2003
PMID 23295789 a_Summary_SoE.pdf,intervention,0,2.0,5.0,10.0,18.0,18.0,19.0,28.0,3,Arm B (Chlorambucil plus Rituximab),1.5833333333333333,23295789,Non-Industry,OTHER,Heme,Hematologic,Targeted Therapy,2003
PMID 23295789 a_Summary_SoE.pdf,intervention,1,2.0,5.0,10.0,18.0,18.0,19.0,28.0,3,Arm C (Rituximab alone),1.5833333333333333,23295789,Non-Industry,OTHER,Heme,Hematologic,Targeted Therapy,2003
PMID 23295793 a_Summary_SoE.pdf,control,0,1.0,1.0,2.0,3.0,3.0,4.0,1.0,3,Arm B (Placebo),0.3333333333333333,23295793,Industry,INDUSTRY,GU,Non-metastatic,Other,2005
PMID 23295793 a_Summary_SoE.pdf,intervention,0,1.0,1.0,2.0,3.0,3.0,4.0,1.0,3,Arm A (Toremifene Citrate 20 mg),0.3333333333333333,23295793,Industry,INDUSTRY,GU,Non-metastatic,Other,2005
PMID 23358971 a_Summary_SoE.pdf,control,0,1.0,1.0,2.0,3.0,4.0,5.0,1.0,3,Arm 4: Anastrozole + Placebo,0.4166666666666667,23358971,Industry,NETWORK,Breast,Non-metastatic,Endocrine,2003
PMID 23358971 a_Summary_SoE.pdf,control,1,1.0,1.0,2.0,3.0,4.0,5.0,1.0,3,Arm 3: Anastrozole + Celecoxib,0.4166666666666667,23358971,Industry,NETWORK,Breast,Non-metastatic,Endocrine,2003
PMID 23358971 a_Summary_SoE.pdf,intervention,0,1.0,1.0,2.0,3.0,4.0,5.0,1.0,3,Arm 2: Exemestane + Placebo,0.4166666666666667,23358971,Industry,NETWORK,Breast,Non-metastatic,Endocrine,2003
PMID 23358971 a_Summary_SoE.pdf,intervention,1,1.0,1.0,2.0,3.0,4.0,5.0,1.0,3,Arm 1: Exemestane + Celecoxib,0.4166666666666667,23358971,Industry,NETWORK,Breast,Non-metastatic,Endocrine,2003
PMID 23358972_Summary_SoE.pdf,control,0,2.0,5.0,9.0,15.0,22.0,29.0,42.0,3,Arm B (FOLFIRI + Placebo),2.4166666666666665,23358972,Industry,INDUSTRY,GI,Metastatic,Targeted Therapy,2007
PMID 23358972_Summary_SoE.pdf,intervention,0,2.0,5.0,9.0,15.0,22.0,29.0,42.0,3,Arm A (FOLFIRI + sunitinib),2.4166666666666665,23358972,Industry,INDUSTRY,GI,Metastatic,Targeted Therapy,2007
PMID 23460714 a_Summary_SoE.pdf,control,0,2.0,4.0,10.0,20.0,30.0,40.0,28.0,3,Arm A (Docetaxel + Placebo),3.3333333333333335,23460714,Industry,NIH,HN,Metastatic,Targeted Therapy,2004
PMID 23460714 a_Summary_SoE.pdf,intervention,0,2.0,4.0,10.0,20.0,30.0,40.0,28.0,3,Arm B (Docetaxel + ZD1839),3.3333333333333335,23460714,Industry,NIH,HN,Metastatic,Targeted Therapy,2004
PMID 23478059 a_Summary_SoE.pdf,control,0,1.0,3.0,5.0,8.0,12.0,15.0,28.0,3,Arm B (Placebo),1.25,23478059,Industry,INDUSTRY,GYN,Metastatic,Targeted Therapy,2006
PMID 23478059 a_Summary_SoE.pdf,intervention,0,1.0,3.0,5.0,8.0,12.0,15.0,28.0,3,Arm A (Abagovomab),1.25,23478059,Industry,INDUSTRY,GYN,Metastatic,Targeted Therapy,2006
PMID 23509322 a_Summary_SoE.pdf,control,0,1.0,4.0,10.0,19.0,20.0,22.0,28.0,3,Paclitaxel + Placebo,1.8333333333333333,23509322,Industry,INDUSTRY,Breast,Metastatic,Targeted Therapy,2006
PMID 23509322 a_Summary_SoE.pdf,intervention,0,1.0,4.0,10.0,19.0,20.0,22.0,28.0,3,Paclitaxel + Lapatinib,1.8333333333333333,23509322,Industry,INDUSTRY,Breast,Metastatic,Targeted Therapy,2006
PMID 23509322 a_Summary_SoE.pdf,intervention,1,1.0,4.0,10.0,19.0,20.0,22.0,28.0,1,Arm A (Lapatinib + Paclitaxel),1.8333333333333333,23509322,Industry,INDUSTRY,Breast,Metastatic,Targeted Therapy,2006
PMID 23569308 a_Summary_SoE.pdf,control,0,1.0,5.0,9.0,13.0,16.0,21.0,21.0,3,Arm B (Placebo + Docetaxel),1.75,23569308,Industry,INDUSTRY,GU,Metastatic,Chemotherapy,2008
PMID 23569308 a_Summary_SoE.pdf,intervention,0,1.0,5.0,9.0,13.0,16.0,21.0,21.0,3,Arm A (Zibotentan + Docetaxel),1.75,23569308,Industry,INDUSTRY,GU,Metastatic,Chemotherapy,2008
PMID 23690416 a_Summary_SoE.pdf,control,0,2.0,4.0,9.0,13.0,15.0,17.0,21.0,3,Arm B (Standard Gemcitabine/Carboplatin),1.4166666666666667,23690416,Industry,OTHER,Thor,Metastatic,Chemotherapy,2007
PMID 23690416 a_Summary_SoE.pdf,intervention,0,2.0,4.0,11.0,17.0,19.0,21.0,28.0,3,Arm A (Personalized Chemotherapy based on RRM1/ERCC1),1.75,23690416,Industry,OTHER,Thor,Metastatic,Chemotherapy,2007
PMID 23724913 a_Summary_SoE.pdf,control,0,1.0,3.0,6.0,10.0,14.0,19.0,21.0,3,Arm B (Standard of Care Chemotherapy),1.5833333333333333,23724913,Industry,INDUSTRY,Thor,Metastatic,Chemotherapy,2009
PMID 23724913 a_Summary_SoE.pdf,intervention,0,1.0,3.0,6.0,10.0,14.0,19.0,21.0,3,Arm A (PF-02341066),1.5833333333333333,23724913,Industry,INDUSTRY,Thor,Metastatic,Chemotherapy,2009
PMID 23733756 a_Summary_SoE.pdf,control,0,1.0,5.0,12.0,13.0,14.0,15.0,7.0,3,Placebo + Taxane,1.25,23733756,Non-Industry,NETWORK,Breast,Non-metastatic,Other,2009
PMID 23733756 a_Summary_SoE.pdf,intervention,0,1.0,5.0,12.0,13.0,14.0,15.0,7.0,3,Acetyl-L-Carnitine + Taxane,1.25,23733756,Non-Industry,NETWORK,Breast,Non-metastatic,Other,2009
PMID 23733779 a_Summary_SoE.pdf,control,0,2.0,2.0,5.0,7.0,8.0,9.0,21.0,3,Arm A (6 cycles of FAC),0.75,23733779,Non-Industry,OTHER,Breast,Non-metastatic,Chemotherapy,2003
PMID 23733779 a_Summary_SoE.pdf,intervention,0,2.0,2.0,5.0,13.0,14.0,15.0,21.0,3,Arm B (4 cycles of FAC followed by 8 weekly Taxol),1.25,23733779,Non-Industry,OTHER,Breast,Non-metastatic,Chemotherapy,2003
PMID 23816960 a_Summary_SoE.pdf,control,0,2.0,4.0,7.0,11.0,15.0,20.0,21.0,3,Arm B (Pemetrexed/Cisplatin),1.6666666666666667,23816960,Industry,INDUSTRY,Thor,Metastatic,Chemotherapy,2009
PMID 23816960 a_Summary_SoE.pdf,intervention,0,2.0,4.0,7.0,11.0,15.0,20.0,21.0,3,Arm A (Afatinib),1.6666666666666667,23816960,Industry,INDUSTRY,Thor,Metastatic,Chemotherapy,2009
PMID 23835708 a_Summary_SoE.pdf,control,0,1.0,2.0,5.0,9.0,13.0,18.0,21.0,3,Arm A (Bevacizumab Maintenance),1.5,23835708,Industry,INDUSTRY,Thor,Metastatic,Targeted Therapy,2009
PMID 23835708 a_Summary_SoE.pdf,intervention,0,1.0,2.0,5.0,9.0,13.0,18.0,21.0,3,Arm B (Bevacizumab + Pemetrexed Maintenance),1.5,23835708,Industry,INDUSTRY,Thor,Metastatic,Targeted Therapy,2009
PMID 23857972 a_Summary_SoE.pdf,control,0,1.0,4.0,7.0,11.0,15.0,20.0,21.0,3,Arm B (Capecitabine Monotherapy),1.6666666666666667,23857972,Industry,INDUSTRY,Breast,Metastatic,Targeted Therapy,2007
PMID 23857972 a_Summary_SoE.pdf,intervention,0,1.0,4.0,7.0,11.0,15.0,20.0,21.0,3,Arm A (Sunitinib + Capecitabine),1.6666666666666667,23857972,Industry,INDUSTRY,Breast,Metastatic,Targeted Therapy,2007
PMID 23863050 a_Summary_SoE.pdf,control,0,2.0,3.0,5.0,8.0,9.0,11.0,28.0,3,Placebo + Best Standard of Care,0.9166666666666666,23863050,Industry,INDUSTRY,GU,Metastatic,Radiation,2008
PMID 23863050 a_Summary_SoE.pdf,intervention,0,2.0,3.0,5.0,8.0,9.0,11.0,28.0,3,Alpharadin (Radium-223 chloride) + Best Standard of Care,0.9166666666666666,23863050,Industry,INDUSTRY,GU,Metastatic,Radiation,2008
PMID 23940216 a_Summary_SoE.pdf,control,0,1.0,5.0,9.0,13.0,17.0,22.0,42.0,3,Arm C (Lomustine + Placebo),1.8333333333333333,23940216,Industry,INDUSTRY,CNS,Solid M0,Targeted Therapy,2008
PMID 23940216 a_Summary_SoE.pdf,intervention,0,1.0,5.0,9.0,13.0,17.0,22.0,42.0,3,Arm A (Cediranib 30 mg Monotherapy),1.8333333333333333,23940216,Industry,INDUSTRY,CNS,Solid M0,Targeted Therapy,2008
PMID 23940216 a_Summary_SoE.pdf,intervention,1,1.0,5.0,9.0,13.0,17.0,22.0,42.0,3,Arm B (Cediranib 20 mg + Lomustine),1.8333333333333333,23940216,Industry,INDUSTRY,CNS,Solid M0,Targeted Therapy,2008
PMID 23940225 a_Summary_SoE.pdf,control,0,3.0,4.0,8.0,10.0,10.0,11.0,21.0,3,Group 1 (TAC),0.9166666666666666,23940225,Non-Industry,NETWORK,Breast,Non-metastatic,Chemotherapy,2004
PMID 23940225 a_Summary_SoE.pdf,control,1,3.0,6.0,10.0,12.0,12.0,13.0,14.0,3,Group 2 (DD AC -> P),1.0833333333333333,23940225,Non-Industry,NETWORK,Breast,Non-metastatic,Chemotherapy,2004
PMID 23940225 a_Summary_SoE.pdf,intervention,0,3.0,6.0,10.0,12.0,12.0,13.0,14.0,3,Group 3 (DD AC -> PG),1.0833333333333333,23940225,Non-Industry,NETWORK,Breast,Non-metastatic,Chemotherapy,2004
PMID 23960180 a_Summary_SoE.pdf,control,0,2.0,6.0,18.0,25.0,26.0,27.0,28.0,3,Arm B (No further therapy/Observation),2.25,23960180,Industry,INDUSTRY,Heme,Hematologic,Targeted Therapy,2004
PMID 23960180 a_Summary_SoE.pdf,intervention,0,2.0,6.0,18.0,25.0,27.0,29.0,28.0,3,Arm A (Maintenance Rituximab),2.4166666666666665,23960180,Industry,INDUSTRY,Heme,Hematologic,Targeted Therapy,2004
PMID 23980091 a_Summary_SoE.pdf,control,0,1.0,1.0,2.0,3.0,4.0,5.0,,3,Arm 2 - Placebo,0.4166666666666667,23980091,Non-Industry,NIH,Thor,Non-metastatic,Targeted Therapy,2002
PMID 23980091 a_Summary_SoE.pdf,intervention,0,1.0,1.0,2.0,3.0,4.0,5.0,,3,Arm 1 - ZD1839 (IRESSA),0.4166666666666667,23980091,Non-Industry,NIH,Thor,Non-metastatic,Targeted Therapy,2002
PMID 24043745 a_Summary_SoE.pdf,control,0,2.0,3.0,6.0,10.0,14.0,19.0,28.0,3,Arm B (Placebo + Best Supportive Care),1.5833333333333333,24043745,Industry,INDUSTRY,GI,Metastatic,Targeted Therapy,2009
PMID 24043745 a_Summary_SoE.pdf,intervention,0,2.0,3.0,6.0,10.0,14.0,19.0,28.0,3,Arm A (Everolimus (RAD001) + Best Supportive Care),1.5833333333333333,24043745,Industry,INDUSTRY,GI,Metastatic,Targeted Therapy,2009
PMID 24081940 a_Summary_SoE.pdf,control,0,1.0,1.0,1.0,1.0,1.0,1.0,0.0,3,Arm D (Casein protein powder + Placebo pill),0.0833333333333333,24081940,Non-Industry,OTHER,GU,Metastatic,Other,2007
PMID 24081940 a_Summary_SoE.pdf,intervention,0,1.0,1.0,1.0,1.0,1.0,1.0,0.0,3,Arm A (Soy protein powder + Placebo pill),0.0833333333333333,24081940,Non-Industry,OTHER,GU,Metastatic,Other,2007
PMID 24081940 a_Summary_SoE.pdf,intervention,1,1.0,1.0,1.0,1.0,1.0,1.0,0.0,3,Arm B (Casein protein powder + Effexor XR),0.0833333333333333,24081940,Non-Industry,OTHER,GU,Metastatic,Other,2007
PMID 24081940 a_Summary_SoE.pdf,intervention,2,1.0,1.0,1.0,1.0,1.0,1.0,0.0,3,Arm C (Soy protein powder + Effexor XR),0.0833333333333333,24081940,Non-Industry,OTHER,GU,Metastatic,Other,2007
PMID 24101040 a_Summary_SoE.pdf,control,0,2.0,22.0,33.0,44.0,52.0,54.0,28.0,3,Arm 1 (Standard Arm: RT + TMZ 5/28),4.5,24101040,Non-Industry,NETWORK,CNS,Non-metastatic,Chemotherapy,2006
PMID 24101040 a_Summary_SoE.pdf,intervention,0,2.0,22.0,34.0,46.0,56.0,63.0,28.0,3,Arm 2 (Experimental Arm: RT + TMZ 21/28),5.25,24101040,Non-Industry,NETWORK,CNS,Non-metastatic,Chemotherapy,2006
PMID 24101054 a_Summary_SoE.pdf,control,0,1.0,2.0,6.0,10.0,14.0,19.0,21.0,3,Arm 1 (Bevacizumab + Erlotinib-placebo),1.5833333333333333,24101054,Industry,INDUSTRY,Thor,Metastatic,Targeted Therapy,2006
PMID 24101054 a_Summary_SoE.pdf,intervention,0,1.0,2.0,6.0,10.0,14.0,19.0,21.0,3,Arm 2 (Bevacizumab + Erlotinib),1.5833333333333333,24101054,Industry,INDUSTRY,Thor,Metastatic,Targeted Therapy,2006
PMID 24131140 a_Summary_SoE.pdf,control,0,1.0,5.0,12.0,22.0,32.0,42.0,28.0,3,Arm B (Gemcitabine Alone),3.5,24131140,Industry,INDUSTRY,GI,Metastatic,Chemotherapy,2009
PMID 24131140 a_Summary_SoE.pdf,intervention,0,1.0,5.0,11.0,21.0,31.0,42.0,28.0,3,Arm A (ABI-007 plus Gemcitabine),3.5,24131140,Industry,INDUSTRY,GI,Metastatic,Chemotherapy,2009
PMID 24145346 a_Summary_SoE.pdf,control,0,1.0,5.0,13.0,17.0,21.0,26.0,21.0,3,Arm B (Paclitaxel + Carboplatin + Bevacizumab),2.1666666666666665,24145346,Industry,INDUSTRY,Thor,Metastatic,Targeted Therapy,2008
PMID 24145346 a_Summary_SoE.pdf,intervention,0,1.0,5.0,13.0,17.0,21.0,26.0,21.0,3,Arm A (Pemetrexed + Carboplatin + Bevacizumab),2.1666666666666665,24145346,Industry,INDUSTRY,Thor,Metastatic,Targeted Therapy,2008
PMID 24297945 a_Summary_SoE.pdf,control,0,2.0,5.0,13.0,26.0,39.0,53.0,28.0,3,Arm B (bevacizumab + interferon-alfa),4.416666666666667,24297945,Industry,INDUSTRY,GU,Metastatic,Immunotherapy,2008
PMID 24297945 a_Summary_SoE.pdf,intervention,0,2.0,5.0,13.0,26.0,39.0,53.0,28.0,3,Arm A (bevacizumab + temsirolimus),4.416666666666667,24297945,Industry,INDUSTRY,GU,Metastatic,Immunotherapy,2008
PMID 24297950 a_Summary_SoE.pdf,control,0,1.0,3.0,7.0,13.0,20.0,27.0,42.0,3,Arm B (Sorafenib),2.25,24297950,Industry,INDUSTRY,GU,Metastatic,Targeted Therapy,2007
PMID 24297950 a_Summary_SoE.pdf,intervention,0,1.0,5.0,13.0,26.0,39.0,53.0,42.0,3,Arm A (Temsirolimus),4.416666666666667,24297950,Industry,INDUSTRY,GU,Metastatic,Targeted Therapy,2007
PMID 24297951 a_Summary_SoE.pdf,control,0,1.0,3.0,7.0,13.0,14.0,15.0,14.0,3,Arm 2: Placebo before and after FOLFOX,1.25,24297951,Non-Industry,OTHER,GI,Non-metastatic,Chemotherapy,2010
PMID 24297951 a_Summary_SoE.pdf,intervention,0,1.0,3.0,7.0,13.0,14.0,15.0,14.0,3,Arm 1: CaMg before and after FOLFOX,1.25,24297951,Non-Industry,OTHER,GI,Non-metastatic,Chemotherapy,2010
PMID 24297951 a_Summary_SoE.pdf,intervention,1,1.0,3.0,7.0,13.0,14.0,15.0,14.0,3,Arm 3: CaMg before and placebo after FOLFOX,1.25,24297951,Non-Industry,OTHER,GI,Non-metastatic,Chemotherapy,2010
PMID 24323035 a_Summary_SoE.pdf,control,0,1.0,3.0,5.0,8.0,11.0,15.0,28.0,3,Arm B (Placebo plus Prednisone),1.25,24323035,Industry,INDUSTRY,GU,Metastatic,Targeted Therapy,2008
PMID 24323035 a_Summary_SoE.pdf,intervention,0,1.0,3.0,5.0,8.0,11.0,15.0,28.0,3,Arm A (Sunitinib plus Prednisone),1.25,24323035,Industry,INDUSTRY,GU,Metastatic,Targeted Therapy,2008
PMID 24395863 a_Summary_SoE.pdf,control,0,2.0,22.0,41.0,42.0,43.0,44.0,7.0,3,Regimen I (Weekly Cisplatin and Radiation Therapy),3.6666666666666665,24395863,Non-Industry,NIH,GYN,Non-metastatic,Chemotherapy,2006
PMID 24395863 a_Summary_SoE.pdf,intervention,0,2.0,22.0,41.0,42.0,43.0,44.0,7.0,3,"Regimen II (Cisplatin, Tirapazamine (TPZ), and Radiation Therapy)",3.6666666666666665,24395863,Non-Industry,NIH,GYN,Non-metastatic,Chemotherapy,2006
PMID 24401022 a_Summary_SoE.pdf,control,0,1.0,3.0,7.0,12.0,14.0,15.0,28.0,3,Arm C (Clb: Chlorambucil alone),1.25,24401022,Industry,INDUSTRY,Heme,Hematologic,Targeted Therapy,2009
PMID 24401022 a_Summary_SoE.pdf,control,1,1.0,3.0,7.0,12.0,14.0,15.0,28.0,3,Arm B (RClb: Rituximab + Chlorambucil),1.25,24401022,Industry,INDUSTRY,Heme,Hematologic,Targeted Therapy,2009
PMID 24401022 a_Summary_SoE.pdf,intervention,0,1.0,5.0,9.0,14.0,16.0,17.0,28.0,3,Arm A (GClb: Obinutuzumab + Chlorambucil),1.4166666666666667,24401022,Industry,INDUSTRY,Heme,Hematologic,Targeted Therapy,2009
PMID 24439929 CT_Summary_SoE.pdf,control,0,2.0,4.0,9.0,15.0,19.0,24.0,21.0,3,Arm B (Gemcitabine / Cisplatin),2.0,24439929,Industry,INDUSTRY,Thor,Non-metastatic,Chemotherapy,2010
PMID 24439929 CT_Summary_SoE.pdf,intervention,0,2.0,4.0,7.0,11.0,15.0,20.0,21.0,3,Arm A (BIBW 2992 / Afatinib),1.6666666666666667,24439929,Industry,INDUSTRY,Thor,Non-metastatic,Chemotherapy,2010
PMID 24450857 a_Summary_SoE.pdf,control,0,1.0,3.0,7.0,10.0,12.0,14.0,0.0,3,Arm B (Placebo + Rituximab),1.1666666666666667,24450857,Industry,INDUSTRY,Heme,Hematologic,Targeted Therapy,2012
PMID 24450857 a_Summary_SoE.pdf,intervention,0,1.0,3.0,7.0,10.0,12.0,14.0,0.0,3,Arm A (Idelalisib + Rituximab),1.1666666666666667,24450857,Industry,INDUSTRY,Heme,Hematologic,Targeted Therapy,2012
PMID 24552317 a_Summary_SoE.pdf,control,0,2.0,22.0,33.0,44.0,54.0,64.0,28.0,3,Arm 1 (Conventional Chemoradiation + Placebo),5.333333333333333,24552317,Non-Industry,NIH,CNS,Solid M0,Targeted Therapy,2009
PMID 24552317 a_Summary_SoE.pdf,intervention,0,2.0,22.0,33.0,44.0,54.0,64.0,28.0,3,Arm 2 (Conventional Chemoradiation + Bevacizumab),5.333333333333333,24552317,Non-Industry,NIH,CNS,Solid M0,Targeted Therapy,2009
PMID 24552318 a_Summary_SoE.pdf,control,0,2.0,22.0,33.0,39.0,45.0,50.0,28.0,3,Arm A (Placebo + Radiotherapy + Temozolomide),4.166666666666667,24552318,Industry,INDUSTRY,CNS,Solid M0,Targeted Therapy,2009
PMID 24552318 a_Summary_SoE.pdf,intervention,0,2.0,22.0,33.0,39.0,45.0,50.0,28.0,3,Arm B (Bevacizumab + Radiotherapy + Temozolomide),4.166666666666667,24552318,Industry,INDUSTRY,CNS,Solid M0,Targeted Therapy,2009
PMID 24552320 a_Summary_SoE.pdf,control,0,2.0,7.0,18.0,35.0,52.0,71.0,21.0,3,Regimen I (Cisplatin + Paclitaxel),5.916666666666667,24552320,Non-Industry,NIH,GYN,Metastatic,Targeted Therapy,2009
PMID 24552320 a_Summary_SoE.pdf,intervention,0,2.0,7.0,20.0,39.0,58.0,79.0,21.0,3,Regimen II (Cisplatin + Paclitaxel + Bevacizumab),6.583333333333333,24552320,Non-Industry,NIH,GYN,Metastatic,Targeted Therapy,2009
PMID 24552320 a_Summary_SoE.pdf,intervention,1,2.0,9.0,24.0,46.0,68.0,93.0,21.0,2,Regimen III (Topotecan + Paclitaxel),7.75,24552320,Non-Industry,NIH,GYN,Metastatic,Targeted Therapy,2009
PMID 24552320 a_Summary_SoE.pdf,intervention,2,2.0,9.0,24.0,46.0,68.0,93.0,21.0,2,Regimen IV (Topotecan + Paclitaxel + Bevacizumab),7.75,24552320,Non-Industry,NIH,GYN,Metastatic,Targeted Therapy,2009
PMID 24590644 a_Summary_SoE.pdf,control,0,2.0,2.0,4.0,7.0,10.0,14.0,28.0,3,Arm B (Placebo),1.1666666666666667,24590644,Non-Industry,OTHER,GU,Metastatic,Other,2004
PMID 24590644 a_Summary_SoE.pdf,intervention,0,2.0,2.0,4.0,7.0,10.0,14.0,28.0,3,Arm A (Early Zoledronic Acid),1.1666666666666667,24590644,Non-Industry,OTHER,GU,Metastatic,Other,2004
PMID 24637997 a_Summary_SoE.pdf,control,0,2.0,5.0,13.0,26.0,39.0,53.0,28.0,3,Arm 1 (Chemotherapy alone),4.416666666666667,24637997,Industry,INDUSTRY,GYN,Metastatic,Targeted Therapy,2009
PMID 24637997 a_Summary_SoE.pdf,intervention,0,2.0,5.0,13.0,26.0,39.0,53.0,28.0,3,Arm 2 (Chemotherapy plus bevacizumab),4.416666666666667,24637997,Industry,INDUSTRY,GYN,Metastatic,Targeted Therapy,2009
PMID 24733799 a_Summary_SoE.pdf,control,0,1.0,6.0,11.0,11.0,11.0,11.0,7.0,3,Placebo then Doxepin Crossover,0.9166666666666666,24733799,Non-Industry,OTHER,HN,NS,Other,2010
PMID 24733799 a_Summary_SoE.pdf,intervention,0,1.0,6.0,11.0,11.0,11.0,11.0,7.0,3,Doxepin then Placebo Crossover,0.9166666666666666,24733799,Non-Industry,OTHER,HN,NS,Other,2010
PMID 24768112 a_Summary_SoE.pdf,control,0,1.0,1.0,2.0,4.0,5.0,7.0,56.0,3,Placebo,0.5833333333333334,24768112,Industry,INDUSTRY,HN,Metastatic,Targeted Therapy,2009
PMID 24768112 a_Summary_SoE.pdf,intervention,0,1.0,1.0,2.0,4.0,5.0,7.0,56.0,3,Sorafenib,0.5833333333333334,24768112,Industry,INDUSTRY,HN,Metastatic,Targeted Therapy,2009
PMID 24868024 a_Summary_SoE.pdf,control,0,1.0,4.0,10.0,20.0,30.0,40.0,28.0,3,Arm B (Paclitaxel alone),3.3333333333333335,24868024,Industry,INDUSTRY,GI,Metastatic,Targeted Therapy,2007
PMID 24868024 a_Summary_SoE.pdf,intervention,0,1.0,4.0,10.0,20.0,30.0,40.0,28.0,3,Arm A (Lapatinib plus Paclitaxel),3.3333333333333335,24868024,Industry,INDUSTRY,GI,Metastatic,Targeted Therapy,2007
PMID 24881463 a_Summary_SoE.pdf,control,0,1.0,1.0,2.0,3.0,4.0,5.0,45.0,3,SOFT Arm A (Tamoxifen alone),0.4166666666666667,24881463,Industry,NETWORK,Breast,Non-metastatic,Endocrine,2003
PMID 24881463 a_Summary_SoE.pdf,control,1,1.0,2.0,4.0,7.0,10.0,14.0,28.0,1,TEXT Arm A (GnRH analogue + Tamoxifen),1.1666666666666667,24881463,Industry,NETWORK,Breast,Non-metastatic,Endocrine,2003
PMID 24881463 a_Summary_SoE.pdf,control,2,1.0,2.0,4.0,7.0,10.0,14.0,28.0,1,TEXT Arm A (GnRH analogue plus Tamoxifen),1.1666666666666667,24881463,Industry,NETWORK,Breast,Non-metastatic,Endocrine,2003
PMID 24881463 a_Summary_SoE.pdf,intervention,0,1.0,2.0,4.0,7.0,10.0,14.0,28.0,3,SOFT Arm B & C (OFS + Tamoxifen/Exemestane),1.1666666666666667,24881463,Industry,NETWORK,Breast,Non-metastatic,Endocrine,2003
PMID 24881463 a_Summary_SoE.pdf,intervention,1,1.0,2.0,4.0,7.0,10.0,14.0,28.0,3,TEXT Arm A & B (GnRH analogue + Tamoxifen/Exemestane),1.1666666666666667,24881463,Industry,NETWORK,Breast,Non-metastatic,Endocrine,2003
PMID 24881463 a_Summary_SoE.pdf,intervention,2,1.0,2.0,4.0,7.0,10.0,14.0,28.0,1,TEXT Arm B (GnRH analogue plus Exemestane),1.1666666666666667,24881463,Industry,NETWORK,Breast,Non-metastatic,Endocrine,2003
PMID 24881631 a_Summary_SoE.pdf,control,0,2.0,5.0,9.0,13.0,14.0,15.0,7.0,3,Arm A (Ofatumumab IV),1.25,24881631,Industry,INDUSTRY,Heme,Hematologic,Targeted Therapy,2012
PMID 24881631 a_Summary_SoE.pdf,intervention,0,2.0,5.0,9.0,12.0,13.0,14.0,7.0,3,Arm B (Ibrutinib PO),1.1666666666666667,24881631,Industry,INDUSTRY,Heme,Hematologic,Targeted Therapy,2012
PMID 24881730 a_Summary_SoE.pdf,control,0,1.0,2.0,4.0,7.0,8.0,9.0,28.0,3,Arm B (Placebo),0.75,24881730,Industry,INDUSTRY,GU,Metastatic,Endocrine,2010
PMID 24881730 a_Summary_SoE.pdf,intervention,0,1.0,2.0,4.0,7.0,8.0,9.0,28.0,3,Arm A (Enzalutamide / MDV3100),0.75,24881730,Industry,INDUSTRY,GU,Metastatic,Endocrine,2010
PMID 24888818 a_Summary_SoE.pdf,control,0,1.0,1.0,2.0,3.0,4.0,5.0,21.0,3,Arm A (Low Risk Group - Regular Treatment),0.4166666666666667,24888818,Non-Industry,NETWORK,Breast,Metastatic,Other,2006
PMID 24888818 a_Summary_SoE.pdf,control,1,1.0,2.0,4.0,5.0,6.0,7.0,21.0,3,Arm B (Moderate Risk Group - Maintain Current Therapy),0.5833333333333334,24888818,Non-Industry,NETWORK,Breast,Metastatic,Other,2006
PMID 24888818 a_Summary_SoE.pdf,control,2,1.0,3.0,5.5,9.0,12.0,15.5,21.0,2,Arm C1 (High Risk Group - Maintain Current Therapy),1.2916666666666667,24888818,Non-Industry,NETWORK,Breast,Metastatic,Other,2006
PMID 24888818 a_Summary_SoE.pdf,intervention,0,1.0,3.0,5.0,6.0,7.0,8.0,21.0,3,Arm C2 (High Risk Group - Switch Therapy),0.6666666666666666,24888818,Non-Industry,NETWORK,Breast,Metastatic,Other,2006
PMID 24898665 CT_Summary_SoE.pdf,control,0,1.0,5.0,13.0,14.0,15.0,17.0,7.0,3,Arm A (Rituximab),1.4166666666666667,24898665,Industry,INDUSTRY,Heme,Hematologic,Targeted Therapy,2004
PMID 24898665 CT_Summary_SoE.pdf,intervention,0,2.0,7.0,15.0,16.0,17.0,19.0,14.0,3,Arm B (Iodine I 131 Tositumomab),1.5833333333333333,24898665,Industry,INDUSTRY,Heme,Hematologic,Targeted Therapy,2004
PMID 24933332 a_Summary_SoE.pdf,control,0,2.0,2.0,5.0,9.0,13.0,18.0,21.0,3,Arm B (Placebo + Docetaxel),1.5,24933332,Industry,INDUSTRY,Thor,Metastatic,Targeted Therapy,2010
PMID 24933332 a_Summary_SoE.pdf,intervention,0,2.0,2.0,5.0,9.0,13.0,18.0,21.0,3,Arm A (Ramucirumab + Docetaxel),1.5,24933332,Industry,INDUSTRY,Thor,Metastatic,Targeted Therapy,2010
PMID 24934787 a_Summary_SoE.pdf,control,0,2.0,3.0,5.0,6.0,6.0,7.0,14.0,2,Arm 1: Cyclophosphamide and Doxorubicin (CA),0.5833333333333334,24934787,Non-Industry,OTHER,Breast,Non-metastatic,Chemotherapy,2002
PMID 24934787 a_Summary_SoE.pdf,intervention,0,2.0,3.0,5.0,6.0,6.0,7.0,14.0,3,Arm 2: Paclitaxel (T),0.5833333333333334,24934787,Non-Industry,OTHER,Breast,Non-metastatic,Chemotherapy,2002
PMID 24934787 a_Summary_SoE.pdf,intervention,1,2.0,3.0,5.0,6.0,6.0,7.0,14.0,1,Arm 2: Paclitaxel,0.5833333333333334,24934787,Non-Industry,OTHER,Breast,Non-metastatic,Chemotherapy,2002
PMID 24982457 a_Summary_SoE.pdf,control,0,1.0,1.0,2.0,3.0,3.0,4.0,0.0,3,Arm 1: Sublobar Resection (SR),0.3333333333333333,24982457,Non-Industry,OTHER,Thor,Non-metastatic,Radiation,2005
PMID 24982457 a_Summary_SoE.pdf,intervention,0,1.0,2.0,3.0,4.0,4.0,5.0,0.0,3,Arm 2: Sublobar Resection + Brachytherapy (SR + BX),0.4166666666666667,24982457,Non-Industry,OTHER,Thor,Non-metastatic,Radiation,2005
PMID 24982504 CT_Summary_SoE.pdf,control,0,2.0,20.0,28.0,32.0,33.0,34.0,0.0,3,Arm B (Tacrolimus/Methotrexate),2.8333333333333335,24982504,Non-Industry,OTHER,Heme,Hematologic,Chemotherapy,2006
PMID 24982504 CT_Summary_SoE.pdf,intervention,0,2.0,20.0,28.0,32.0,33.0,34.0,0.0,3,Arm A (Sirolimus/Tacrolimus),2.8333333333333335,24982504,Non-Industry,OTHER,Heme,Hematologic,Chemotherapy,2006
PMID 25014687 a_Summary_SoE.pdf,control,0,3.0,4.0,6.0,11.0,14.0,18.0,28.0,3,Arm B (Placebo),1.5,25014687,Industry,INDUSTRY,GI,Metastatic,Endocrine,2006
PMID 25014687 a_Summary_SoE.pdf,intervention,0,3.0,4.0,6.0,11.0,14.0,18.0,28.0,3,Arm A (Lanreotide Autogel 120 mg),1.5,25014687,Industry,INDUSTRY,GI,Metastatic,Endocrine,2006
PMID 25092781 a_Summary_SoE.pdf,control,0,2.0,12.0,26.0,40.0,43.0,46.0,30.0,3,Arm A (Standard chemotherapy),3.8333333333333335,25092781,Non-Industry,NETWORK,Other,NS,Targeted Therapy,2006
PMID 25092781 a_Summary_SoE.pdf,intervention,0,2.0,12.0,26.0,41.0,44.0,47.0,30.0,3,Arm B (Standard chemotherapy + GMTZ),3.9166666666666665,25092781,Non-Industry,NETWORK,Other,NS,Targeted Therapy,2006
PMID 25154829 a_Summary_SoE.pdf,control,0,2.0,4.0,4.0,5.0,6.0,8.0,91.0,3,Arm A (Rituximab Retreatment),0.6666666666666666,25154829,Non-Industry,NETWORK,Heme,Hematologic,Targeted Therapy,2004
PMID 25154829 a_Summary_SoE.pdf,intervention,0,2.0,4.0,4.0,5.0,6.0,8.0,91.0,3,Arm B (Rituximab Scheduled Dosing),0.6666666666666666,25154829,Non-Industry,NETWORK,Heme,Hematologic,Targeted Therapy,2004
PMID 25184863 a_Summary_SoE.pdf,control,0,1.0,5.0,13.0,17.0,19.0,21.0,42.0,3,Arm C (MPT for 12 cycles),1.75,25184863,Industry,INDUSTRY,Heme,Hematologic,Targeted Therapy,2008
PMID 25184863 a_Summary_SoE.pdf,intervention,0,1.0,5.0,11.0,14.0,17.0,21.0,28.0,3,Arm A (Rd until PD),1.75,25184863,Industry,INDUSTRY,Heme,Hematologic,Targeted Therapy,2008
PMID 25184863 a_Summary_SoE.pdf,intervention,1,1.0,5.0,11.0,14.0,17.0,21.0,28.0,3,Arm B (Rd for 18 cycles),1.75,25184863,Industry,INDUSTRY,Heme,Hematologic,Targeted Therapy,2008
PMID 25225436 a_Summary_SoE.pdf,control,0,1.0,4.0,7.0,7.0,8.0,10.0,28.0,3,Arm B (Placebo),0.8333333333333334,25225436,Industry,INDUSTRY,GYN,Metastatic,Targeted Therapy,2009
PMID 25225436 a_Summary_SoE.pdf,intervention,0,1.0,4.0,7.0,7.0,8.0,10.0,28.0,3,Arm A (Pazopanib),0.8333333333333334,25225436,Industry,INDUSTRY,GYN,Metastatic,Targeted Therapy,2009
PMID 25265494 a_Summary_SoE.pdf,control,0,2.0,3.0,7.0,11.0,15.0,20.0,28.0,3,Arm A (Vemurafenib + Placebo),1.6666666666666667,25265494,Industry,INDUSTRY,Skin,Metastatic,Targeted Therapy,2013
PMID 25265494 a_Summary_SoE.pdf,intervention,0,2.0,3.0,7.0,11.0,15.0,20.0,28.0,3,Arm B (Vemurafenib + Cobimetinib),1.6666666666666667,25265494,Industry,INDUSTRY,Skin,Metastatic,Targeted Therapy,2013
PMID 25267740 a_Summary_SoE.pdf,control,0,2.0,4.0,6.0,7.0,8.0,9.0,21.0,1,Arm S2 (DHAP +/- Rituximab),0.75,25267740,Industry,NETWORK,Heme,Hematologic,Targeted Therapy,2003
PMID 25267740 a_Summary_SoE.pdf,control,1,2.5,5.0,16.5,19.5,20.0,20.5,21.0,2,Arm S2 (DHAP),1.7083333333333333,25267740,Industry,NETWORK,Heme,Hematologic,Targeted Therapy,2003
PMID 25267740 a_Summary_SoE.pdf,intervention,0,2.0,4.0,7.0,7.0,8.0,9.0,21.0,3,Arm S1 (GDP),0.75,25267740,Industry,NETWORK,Heme,Hematologic,Targeted Therapy,2003
PMID 25311218 a_Summary_SoE.pdf,control,0,2.0,9.0,20.0,34.5,35.5,36.5,21.0,2,SER Standard (ABVE-PC x4 + IFRT),3.0416666666666665,25311218,Non-Industry,NETWORK,Other,NS,Chemotherapy,2002
PMID 25311218 a_Summary_SoE.pdf,control,1,2.0,8.0,20.0,35.0,36.0,37.0,21.0,3,RER Standard (ABVE-PC x4 + IFRT),3.0833333333333335,25311218,Non-Industry,NETWORK,Other,NS,Chemotherapy,2002
PMID 25311218 a_Summary_SoE.pdf,intervention,0,2.0,8.0,20.0,22.0,23.0,24.0,21.0,3,RER Reduced (ABVE-PC x4),2.0,25311218,Non-Industry,NETWORK,Other,NS,Chemotherapy,2002
PMID 25311218 a_Summary_SoE.pdf,intervention,1,2.0,8.0,18.0,41.0,42.0,43.0,21.0,3,SER Augmented (ABVE-PC x2 + DECA x2 + ABVE-PC x2 + IFRT),3.5833333333333335,25311218,Non-Industry,NETWORK,Other,NS,Chemotherapy,2002
PMID 25332243 a_Summary_SoE.pdf,control,0,1.0,21.0,25.0,26.0,27.0,29.0,28.0,1,Arm 1 (High-Dose Interferon Alpha-2b),2.4166666666666665,25332243,Non-Industry,NETWORK,Skin,Non-metastatic,Immunotherapy,2000
PMID 25332243 a_Summary_SoE.pdf,control,1,2.0,20.5,47.0,86.0,125.0,164.0,7.0,2,Arm 1 (One Year High-Dose Interferon Alpha-2b),13.666666666666666,25332243,Non-Industry,NETWORK,Skin,Non-metastatic,Immunotherapy,2000
PMID 25332243 a_Summary_SoE.pdf,intervention,0,2.0,24.0,46.0,47.0,48.0,49.0,21.0,3,Arm 2 (Biochemotherapy: CVD + IL-2 + IFN + G-CSF),4.083333333333333,25332243,Non-Industry,NETWORK,Skin,Non-metastatic,Immunotherapy,2000
PMID 25348000 a_Summary_SoE.pdf,control,0,2.0,3.0,5.0,8.0,11.0,15.0,28.0,3,Arm B (Fulvestrant + Placebo),1.25,25348000,Non-Industry,NIH,Breast,Metastatic,Targeted Therapy,2006
PMID 25348000 a_Summary_SoE.pdf,intervention,0,2.0,3.0,5.0,8.0,11.0,15.0,28.0,3,Arm A (Fulvestrant + Lapatinib),1.25,25348000,Non-Industry,NIH,Breast,Metastatic,Targeted Therapy,2006
PMID 25354103 a_Summary_SoE.pdf,control,0,2.0,30.0,45.0,48.0,49.0,49.0,,3,Arm A (Single Umbilical Cord Blood Transplantation),4.083333333333333,25354103,Non-Industry,OTHER,Heme,Hematologic,Targeted Therapy,2006
PMID 25354103 a_Summary_SoE.pdf,intervention,0,2.0,30.0,45.0,48.0,49.0,49.0,,3,Arm B (Double Umbilical Cord Blood Transplantation),4.083333333333333,25354103,Non-Industry,OTHER,Heme,Hematologic,Targeted Therapy,2006
PMID 25366680 a_Summary_SoE.pdf,control,0,2.0,22.0,36.0,38.0,39.0,40.0,7.0,3,Arm 1 (Standard Fractionation + Cisplatin),3.3333333333333335,25366680,Non-Industry,NETWORK,HN,Non-metastatic,Chemotherapy,2002
PMID 25366680 a_Summary_SoE.pdf,intervention,0,2.0,22.0,32.0,33.0,34.0,35.0,7.0,3,Arm 2 (Accelerated Fractionation + Cisplatin),2.9166666666666665,25366680,Non-Industry,NETWORK,HN,Non-metastatic,Chemotherapy,2002
PMID 25399551 a_Summary_SoE.pdf,control,0,1.0,3.0,5.0,8.0,11.0,15.0,28.0,3,Arm B (Vemurafenib),1.25,25399551,Industry,INDUSTRY,Skin,Metastatic,Targeted Therapy,2012
PMID 25399551 a_Summary_SoE.pdf,intervention,0,1.0,3.0,5.0,8.0,11.0,15.0,28.0,3,Arm A (Dabrafenib + Trametinib),1.25,25399551,Industry,INDUSTRY,Skin,Metastatic,Targeted Therapy,2012
PMID 25399552 a_Summary_SoE.pdf,control,0,2.0,4.0,9.0,17.0,26.0,36.0,42.0,3,Arm B (Dacarbazine),3.0,25399552,Industry,INDUSTRY,Skin,Metastatic,Immunotherapy,2013
PMID 25399552 a_Summary_SoE.pdf,intervention,0,2.0,4.0,9.0,17.0,26.0,36.0,42.0,3,Arm A (Nivolumab),3.0,25399552,Industry,INDUSTRY,Skin,Metastatic,Immunotherapy,2013
PMID 25422488 a_Summary_SoE.pdf,control,0,2.0,6.0,14.0,21.0,21.0,22.0,14.0,3,Arm 5 (AC q2w x 4 -> Paclitaxel q2w x 6),1.8333333333333333,25422488,Non-Industry,NETWORK,Breast,Non-metastatic,Chemotherapy,2003
PMID 25422488 a_Summary_SoE.pdf,intervention,0,2.0,6.0,13.0,21.0,21.0,22.0,14.0,3,Arm 6 (AC q2w x 4 -> Paclitaxel weekly x 12),1.8333333333333333,25422488,Non-Industry,NETWORK,Breast,Non-metastatic,Chemotherapy,2003
PMID 25470694 a_Summary_SoE.pdf,control,0,1.0,3.0,6.0,9.0,11.0,13.0,21.0,3,Arm B (Chemotherapy - Pemetrexed/Cisplatin or Pemetrexed/Carboplatin),1.0833333333333333,25470694,Industry,INDUSTRY,Thor,Metastatic,Other,2011
PMID 25470694 a_Summary_SoE.pdf,intervention,0,1.0,3.0,6.0,10.0,14.0,19.0,21.0,3,Arm A (Crizotinib),1.5833333333333333,25470694,Industry,INDUSTRY,Thor,Metastatic,Other,2011
PMID 25482145 a_Summary_SoE.pdf,control,0,2.0,3.0,7.0,13.0,20.0,26.0,28.0,3,Rd Arm (Lenalidomide and Dexamethasone),2.1666666666666665,25482145,Industry,INDUSTRY,Heme,Hematologic,Targeted Therapy,2010
PMID 25482145 a_Summary_SoE.pdf,intervention,0,2.0,8.0,20.0,40.0,60.0,77.0,28.0,3,"CRd Arm (Carfilzomib, Lenalidomide, and Dexamethasone)",6.416666666666667,25482145,Industry,INDUSTRY,Heme,Hematologic,Targeted Therapy,2010
PMID 25495490 a_Summary_SoE.pdf,control,0,1.0,1.0,2.0,3.0,4.0,5.0,90.0,3,Arm A (Tamoxifen alone),0.4166666666666667,25495490,Industry,NETWORK,Breast,Non-metastatic,Endocrine,2003
PMID 25495490 a_Summary_SoE.pdf,intervention,0,1.0,2.0,4.0,7.0,10.0,14.0,28.0,3,Arm B (OFS plus Tamoxifen),1.1666666666666667,25495490,Industry,NETWORK,Breast,Non-metastatic,Endocrine,2003
PMID 25495490 a_Summary_SoE.pdf,intervention,1,1.0,2.0,4.0,7.0,10.0,14.0,28.0,3,Arm C (OFS plus Exemestane),1.1666666666666667,25495490,Industry,NETWORK,Breast,Non-metastatic,Endocrine,2003
PMID 25547503 a_Summary_SoE.pdf,control,0,1.0,2.0,5.0,9.0,13.0,18.0,42.0,3,Arm B (Sorafenib + Placebo),1.5,25547503,Industry,INDUSTRY,GI,Metastatic,Targeted Therapy,2009
PMID 25547503 a_Summary_SoE.pdf,intervention,0,1.0,2.0,5.0,9.0,13.0,18.0,42.0,3,Arm A (Sorafenib + Erlotinib),1.5,25547503,Industry,INDUSTRY,GI,Metastatic,Targeted Therapy,2009
PMID 25605862 a_Summary_SoE.pdf,control,0,1.0,5.0,12.0,23.0,33.0,45.0,21.0,3,Arm B (Capecitabine),3.75,25605862,Industry,INDUSTRY,Breast,Metastatic,Chemotherapy,2006
PMID 25605862 a_Summary_SoE.pdf,intervention,0,1.0,5.0,12.0,23.0,33.0,45.0,21.0,3,Arm A (E7389 / Eribulin),3.75,25605862,Industry,INDUSTRY,Breast,Metastatic,Chemotherapy,2006
PMID 25629741 a_Summary_SoE.pdf,control,0,3.0,3.0,7.0,10.0,12.0,14.0,28.0,3,Arm 2 (Best Available Therapy),1.1666666666666667,25629741,Industry,INDUSTRY,Heme,Hematologic,Targeted Therapy,2010
PMID 25629741 a_Summary_SoE.pdf,intervention,0,3.0,3.0,7.0,10.0,12.0,14.0,28.0,3,Arm 1 (INC424/ruxolitinib),1.1666666666666667,25629741,Industry,INDUSTRY,Heme,Hematologic,Targeted Therapy,2010
PMID 25671254 a_Summary_SoE.pdf,control,0,2.0,3.0,6.0,9.0,12.0,16.0,28.0,3,Arm B (Placebo),1.3333333333333333,25671254,Industry,INDUSTRY,HN,Metastatic,Targeted Therapy,2011
PMID 25671254 a_Summary_SoE.pdf,intervention,0,2.0,3.0,6.0,9.0,12.0,16.0,28.0,3,Arm A (Lenvatinib),1.3333333333333333,25671254,Industry,INDUSTRY,HN,Metastatic,Targeted Therapy,2011
PMID 25682602 a_Summary_SoE.pdf,control,0,1.0,4.0,12.0,14.0,14.0,14.5,7.0,2,Higher-dose prednisone (1 or 2 mg/kg/day),1.2083333333333333,25682602,Non-Industry,OTHER,Multiple,NS,Other,2009
PMID 25682602 a_Summary_SoE.pdf,control,1,1.0,5.0,13.0,15.0,15.0,16.0,7.0,1,Higher-dose prednisone (1 or 2 mg/kg/day),1.3333333333333333,25682602,Non-Industry,OTHER,Multiple,NS,Other,2009
PMID 25682602 a_Summary_SoE.pdf,intervention,0,1.0,4.0,12.0,14.0,14.0,15.0,7.0,3,Lower-dose prednisone (0.5 or 1 mg/kg/day),1.25,25682602,Non-Industry,OTHER,Multiple,NS,Other,2009
PMID 25713428 a_Summary_SoE.pdf,control,0,2.0,7.0,16.0,32.0,46.0,62.0,21.0,3,Regimen I (Gemcitabine + Docetaxel + Placebo + G-CSF),5.166666666666667,25713428,Non-Industry,NIH,GYN,Metastatic,Targeted Therapy,2009
PMID 25713428 a_Summary_SoE.pdf,intervention,0,2.0,7.0,16.0,32.0,46.0,62.0,21.0,3,Regimen II (Gemcitabine + Docetaxel + Bevacizumab + G-CSF),5.166666666666667,25713428,Non-Industry,NIH,GYN,Metastatic,Targeted Therapy,2009
PMID 25738668 a_Summary_SoE.pdf,control,0,1.0,2.0,5.0,7.0,7.0,8.0,21.0,3,Arm 1 (Standard cyclophosphamide-containing adjuvant chemotherapy),0.6666666666666666,25738668,Non-Industry,NETWORK,Breast,Non-metastatic,Endocrine,2003
PMID 25738668 a_Summary_SoE.pdf,intervention,0,2.0,3.0,7.0,8.0,8.0,9.0,21.0,3,Arm 2 (Goserelin + Standard cyclophosphamide-containing adjuvant chemotherapy),0.75,25738668,Non-Industry,NETWORK,Breast,Non-metastatic,Endocrine,2003
PMID 25738670 a_Summary_SoE.pdf,control,0,2.0,3.0,9.0,12.0,14.0,16.0,21.0,3,Arm B (R-CHOP),1.3333333333333333,25738670,Industry,INDUSTRY,Heme,Hematologic,Targeted Therapy,2008
PMID 25738670 a_Summary_SoE.pdf,intervention,0,2.0,7.0,20.0,27.0,29.0,31.0,21.0,3,Arm A (VcR-CAP),2.5833333333333335,25738670,Industry,INDUSTRY,Heme,Hematologic,Targeted Therapy,2008
PMID 25779558 a_Summary_SoE.pdf,control,0,2.0,7.0,15.0,26.0,30.0,35.0,28.0,3,Arm 2 (Trastuzumab + Taxane),2.9166666666666665,25779558,Industry,INDUSTRY,Breast,Metastatic,Targeted Therapy,2008
PMID 25779558 a_Summary_SoE.pdf,intervention,0,2.0,6.0,12.0,20.0,21.0,22.0,28.0,3,Arm 1 (Lapatinib + Taxane),1.8333333333333333,25779558,Industry,INDUSTRY,Breast,Metastatic,Targeted Therapy,2008
PMID 25891173 a_Summary_SoE.pdf,control,0,1.0,2.0,5.0,9.0,13.0,18.0,21.0,3,Ipilimumab Q3W (3 mg/kg every 3 weeks for 4 doses),1.5,25891173,Industry,INDUSTRY,Skin,Metastatic,Immunotherapy,2013
PMID 25891173 a_Summary_SoE.pdf,intervention,0,1.0,3.0,6.0,10.0,14.0,19.0,21.0,3,MK-3475 Q3W (10 mg/kg every 3 weeks),1.5833333333333333,25891173,Industry,INDUSTRY,Skin,Metastatic,Immunotherapy,2013
PMID 25891173 a_Summary_SoE.pdf,intervention,1,1.0,4.0,8.0,14.0,21.0,28.0,14.0,3,MK-3475 Q2W (10 mg/kg every 2 weeks),2.3333333333333335,25891173,Industry,INDUSTRY,Skin,Metastatic,Immunotherapy,2013
PMID 25897156 a_Summary_SoE.pdf,control,0,2.0,0.0,1.0,2.0,2.0,2.0,0.0,3,Placebo,0.1666666666666666,25897156,Non-Industry,OTHER,HN,Metastatic,Other,2008
PMID 25897156 a_Summary_SoE.pdf,intervention,0,2.0,0.0,1.0,2.0,2.0,2.0,0.0,3,Donepezil,0.1666666666666666,25897156,Non-Industry,OTHER,HN,Metastatic,Other,2008
PMID 25940724 a_Summary_SoE.pdf,control,0,1.0,1.0,3.0,4.0,4.0,4.0,0.0,3,Arm B (Placebo),0.3333333333333333,25940724,Non-Industry,NETWORK,Breast,Non-metastatic,Other,2012
PMID 25940724 a_Summary_SoE.pdf,intervention,0,1.0,1.0,3.0,4.0,4.0,4.0,0.0,3,Arm A (Omega-3-Fatty Acid),0.3333333333333333,25940724,Non-Industry,NETWORK,Breast,Non-metastatic,Other,2012
PMID 25970050 a_Summary_SoE.pdf,control,0,2.0,4.0,8.0,14.0,21.0,28.0,28.0,3,Arm B (Placebo + Best Supportive Care),2.3333333333333335,25970050,Industry,INDUSTRY,GI,Metastatic,Other,2012
PMID 25970050 a_Summary_SoE.pdf,intervention,0,2.0,4.0,8.0,14.0,21.0,28.0,28.0,3,Arm A (TAS-102 + Best Supportive Care),2.3333333333333335,25970050,Industry,INDUSTRY,GI,Metastatic,Other,2012
PMID 26014293 a_Summary_SoE.pdf,control,0,1.0,3.0,7.0,13.0,20.0,27.0,28.0,3,Arm B (GM-CSF),2.25,26014293,Industry,INDUSTRY,Skin,Metastatic,Immunotherapy,2009
PMID 26014293 a_Summary_SoE.pdf,intervention,0,1.0,2.0,6.0,13.0,19.0,26.0,28.0,3,Arm A (OncoVEXGM-CSF),2.1666666666666665,26014293,Industry,INDUSTRY,Skin,Metastatic,Immunotherapy,2009
PMID 26027431 a_Summary_SoE.pdf,control,0,2.0,4.0,10.0,18.0,27.0,36.0,42.0,3,Arm C (Ipilimumab monotherapy),3.0,26027431,Industry,INDUSTRY,Skin,Metastatic,Immunotherapy,2013
PMID 26027431 a_Summary_SoE.pdf,intervention,0,2.0,4.0,10.0,18.0,27.0,36.0,42.0,3,Arm A (Nivolumab monotherapy),3.0,26027431,Industry,INDUSTRY,Skin,Metastatic,Immunotherapy,2013
PMID 26027431 a_Summary_SoE.pdf,intervention,1,2.0,4.0,10.0,18.0,27.0,36.0,42.0,3,Arm B (Nivolumab + Ipilimumab),3.0,26027431,Industry,INDUSTRY,Skin,Metastatic,Immunotherapy,2013
PMID 26028407 a_Summary_SoE.pdf,control,0,1.0,3.0,6.0,10.0,14.0,19.0,21.0,3,Arm B (Docetaxel),1.5833333333333333,26028407,Industry,INDUSTRY,Thor,Metastatic,Immunotherapy,2012
PMID 26028407 a_Summary_SoE.pdf,intervention,0,1.0,4.0,9.0,17.0,26.0,36.0,14.0,3,Arm A (Nivolumab),3.0,26028407,Industry,INDUSTRY,Thor,Metastatic,Immunotherapy,2012
PMID 26030518 a_Summary_SoE.pdf,control,0,1.0,3.0,6.0,9.0,12.0,16.0,28.0,3,Arm B (Placebo + Fulvestrant),1.3333333333333333,26030518,Industry,INDUSTRY,Breast,Metastatic,Targeted Therapy,2013
PMID 26030518 a_Summary_SoE.pdf,intervention,0,1.0,3.0,6.0,9.0,12.0,16.0,28.0,3,Arm A (Palbociclib + Fulvestrant),1.3333333333333333,26030518,Industry,INDUSTRY,Breast,Metastatic,Targeted Therapy,2013
PMID 26035255 a_Summary_SoE.pdf,control,0,2.0,6.0,12.0,18.0,25.0,32.0,28.0,3,Arm B (Lenalidomide + Dexamethasone),2.6666666666666665,26035255,Industry,INDUSTRY,Heme,Hematologic,Targeted Therapy,2011
PMID 26035255 a_Summary_SoE.pdf,intervention,0,2.0,6.0,12.0,18.0,25.0,32.0,28.0,3,Arm A (Elotuzumab + Lenalidomide + Dexamethasone),2.6666666666666665,26035255,Industry,INDUSTRY,Heme,Hematologic,Targeted Therapy,2011
PMID 26040499 a_Summary_SoE.pdf,control,0,1.0,1.0,1.0,2.0,2.0,3.0,180.0,3,Placebo (Q6M),0.25,26040499,Industry,INDUSTRY,Breast,Non-metastatic,Targeted Therapy,2006
PMID 26040499 a_Summary_SoE.pdf,intervention,0,1.0,1.0,1.0,2.0,2.0,3.0,180.0,3,Denosumab (60mg Q6M),0.25,26040499,Industry,INDUSTRY,Breast,Non-metastatic,Targeted Therapy,2006
PMID 26056177 a_Summary_SoE.pdf,control,0,1.0,7.0,18.0,34.0,44.0,53.0,21.0,3,VD (VELCADE and Dexamethasone),4.416666666666667,26056177,Industry,INDUSTRY,Heme,Hematologic,Targeted Therapy,2007
PMID 26056177 a_Summary_SoE.pdf,intervention,0,2.0,7.0,18.0,34.0,44.0,53.0,21.0,3,"VTD (VELCADE, Thalidomide, and Dexamethasone)",4.416666666666667,26056177,Industry,INDUSTRY,Heme,Hematologic,Targeted Therapy,2007
PMID 26056177 a_Summary_SoE.pdf,intervention,1,1.0,7.0,18.0,34.0,44.0,53.0,21.0,3,"VMP (VELCADE, Melphalan, and Prednisone)",4.416666666666667,26056177,Industry,INDUSTRY,Heme,Hematologic,Targeted Therapy,2007
PMID 26159065 CT_Summary_SoE.pdf,control,0,1.0,2.0,5.0,8.0,10.0,12.0,21.0,3,Arm B (Placebo + Cisplatin/Pemetrexed),1.0,26159065,Industry,INDUSTRY,Thor,Metastatic,Targeted Therapy,2012
PMID 26159065 CT_Summary_SoE.pdf,intervention,0,1.0,2.0,5.0,8.0,10.0,12.0,21.0,3,Arm A (Gefitinib + Cisplatin/Pemetrexed),1.0,26159065,Industry,INDUSTRY,Thor,Metastatic,Targeted Therapy,2012
PMID 26169611 a_Summary_SoE.pdf,control,0,1.0,5.0,9.0,14.0,15.0,16.0,28.0,3,Arm 2: Placebo plus Erlotinib,1.3333333333333333,26169611,Industry,INDUSTRY,Thor,Metastatic,Targeted Therapy,2011
PMID 26169611 a_Summary_SoE.pdf,intervention,0,1.0,5.0,9.0,14.0,15.0,16.0,28.0,3,Arm 1: Tivantinib (ARQ 197) plus Erlotinib,1.3333333333333333,26169611,Industry,INDUSTRY,Thor,Metastatic,Targeted Therapy,2011
PMID 26206652 CT_Summary_SoE.pdf,control,0,1.0,9.0,9.0,9.0,9.0,9.0,0.0,3,Group 1 (Standard fluid management),0.75,26206652,Non-Industry,OTHER,GI,Metastatic,Procedure,2012
PMID 26206652 CT_Summary_SoE.pdf,intervention,0,1.0,9.0,9.0,9.0,9.0,9.0,0.0,3,Group 2 (Goal-directed fluid therapy - GDT),0.75,26206652,Non-Industry,OTHER,GI,Metastatic,Procedure,2012
PMID 26244877 a_Summary_SoE.pdf,control,0,2.0,1.0,2.0,3.0,4.0,5.0,84.0,3,Arm B (Androgen Deprivation Therapy alone),0.4166666666666667,26244877,Industry,NETWORK,GU,Metastatic,Chemotherapy,2006
PMID 26244877 a_Summary_SoE.pdf,intervention,0,2.0,2.0,5.0,7.0,8.0,9.0,21.0,3,Arm A (Androgen Deprivation Therapy + Docetaxel),0.75,26244877,Industry,NETWORK,GU,Metastatic,Chemotherapy,2006
PMID 26351350 a_Summary_SoE.pdf,control,0,2.0,2.0,4.0,7.0,10.0,14.0,28.0,3,Arm F: GM-CSF Placebo (HLA-A2-),1.1666666666666667,26351350,Non-Industry,NIH,Skin,Metastatic,Targeted Therapy,2000
PMID 26351350 a_Summary_SoE.pdf,control,1,2.0,3.0,5.0,8.0,11.0,14.5,28.0,2,Arm D: GM-CSF Placebo + Peptide Placebo (HLA-A2+),1.2083333333333333,26351350,Non-Industry,NIH,Skin,Metastatic,Targeted Therapy,2000
PMID 26351350 a_Summary_SoE.pdf,intervention,0,2.0,2.0,4.0,7.0,10.0,14.0,28.0,3,Arm E: GM-CSF (HLA-A2-),1.1666666666666667,26351350,Non-Industry,NIH,Skin,Metastatic,Targeted Therapy,2000
PMID 26351350 a_Summary_SoE.pdf,intervention,1,2.0,3.0,5.0,8.0,11.0,14.5,28.0,2,Arm A: GM-CSF + Peptide Vaccination (HLA-A2+),1.2083333333333333,26351350,Non-Industry,NIH,Skin,Metastatic,Targeted Therapy,2000
PMID 26351350 a_Summary_SoE.pdf,intervention,2,2.0,3.0,5.0,8.0,11.0,14.5,28.0,2,Arm B: GM-CSF Placebo + Peptide Vaccination (HLA-A2+),1.2083333333333333,26351350,Non-Industry,NIH,Skin,Metastatic,Targeted Therapy,2000
PMID 26351350 a_Summary_SoE.pdf,intervention,3,2.0,3.0,5.0,8.0,11.0,14.5,28.0,2,Arm C: GM-CSF + Peptide Placebo (HLA-A2+),1.2083333333333333,26351350,Non-Industry,NIH,Skin,Metastatic,Targeted Therapy,2000
PMID 26371143 a_Summary_SoE.pdf,control,0,2.0,5.0,13.0,26.0,39.0,53.0,21.0,3,Dacarbazine (DTIC),4.416666666666667,26371143,Industry,INDUSTRY,Other,Metastatic,Chemotherapy,2011
PMID 26371143 a_Summary_SoE.pdf,intervention,0,2.0,7.0,18.0,35.0,52.0,71.0,21.0,3,Trabectedin (YONDELIS),5.916666666666667,26371143,Industry,INDUSTRY,Other,Metastatic,Chemotherapy,2011
PMID 26377300 CT_Summary_SoE.pdf,control,0,1.0,2.0,3.0,5.0,6.0,8.0,56.0,3,Arm B (Observation only),0.6666666666666666,26377300,Industry,INDUSTRY,Heme,Hematologic,Targeted Therapy,2010
PMID 26377300 CT_Summary_SoE.pdf,intervention,0,1.0,2.0,3.0,5.0,6.0,8.0,56.0,3,Arm A (Ofatumumab maintenance),0.6666666666666666,26377300,Industry,INDUSTRY,Heme,Hematologic,Targeted Therapy,2010
PMID 26406148 a_Summary_SoE.pdf,control,0,2.0,2.0,4.0,7.0,10.0,14.0,28.0,3,Arm B (Everolimus),1.1666666666666667,26406148,Industry,INDUSTRY,GU,Metastatic,Immunotherapy,2012
PMID 26406148 a_Summary_SoE.pdf,intervention,0,2.0,3.0,7.0,13.0,20.0,27.0,28.0,3,Arm A (Nivolumab),2.25,26406148,Industry,INDUSTRY,GU,Metastatic,Immunotherapy,2012
PMID 26406150 a_Summary_SoE.pdf,control,0,1.0,3.0,6.0,9.0,12.0,16.0,28.0,3,Everolimus (Afinitor),1.3333333333333333,26406150,Industry,INDUSTRY,GU,Metastatic,Targeted Therapy,2013
PMID 26406150 a_Summary_SoE.pdf,intervention,0,1.0,3.0,6.0,9.0,12.0,16.0,28.0,3,Cabozantinib (XL184),1.3333333333333333,26406150,Industry,INDUSTRY,GU,Metastatic,Targeted Therapy,2013
PMID 26412349 a_Summary_SoE.pdf,control,0,2.0,2.0,5.0,6.0,7.0,8.0,21.0,3,Arm C (Chemotherapy + Hormonal Therapy),0.6666666666666666,26412349,Non-Industry,NIH,Breast,Non-metastatic,Endocrine,2006
PMID 26412349 a_Summary_SoE.pdf,intervention,0,2.0,0.0,1.0,2.0,3.0,4.0,0.0,3,Arm B (Hormonal Therapy Alone),0.3333333333333333,26412349,Non-Industry,NIH,Breast,Non-metastatic,Endocrine,2006
PMID 26412456 a_Summary_SoE.pdf,control,0,1.0,3.0,6.0,10.0,14.0,19.0,21.0,3,Arm B (Docetaxel),1.5833333333333333,26412456,Industry,INDUSTRY,Thor,Metastatic,Immunotherapy,2012
PMID 26412456 a_Summary_SoE.pdf,intervention,0,1.0,4.0,8.0,14.0,21.0,28.0,14.0,3,Arm A (BMS-936558 / Nivolumab),2.3333333333333335,26412456,Industry,INDUSTRY,Thor,Metastatic,Immunotherapy,2012
PMID 26416999 a_Summary_SoE.pdf,control,0,2.0,2.0,5.0,8.0,9.0,10.0,21.0,3,Arm A (EC-T: Epirubicin/Cyclophosphamide followed by Docetaxel),0.8333333333333334,26416999,Non-Industry,OTHER,Breast,Non-metastatic,Chemotherapy,2004
PMID 26416999 a_Summary_SoE.pdf,intervention,0,2.0,2.0,5.0,8.0,9.0,10.0,21.0,3,Arm B (ET-X: Epirubicin/Docetaxel followed by Capecitabine),0.8333333333333334,26416999,Non-Industry,OTHER,Breast,Non-metastatic,Chemotherapy,2004
PMID 26527790 a_Summary_SoE.pdf,control,0,2.0,18.0,36.0,38.0,39.0,41.0,56.0,3,Arm A (Placebo + Chemoradiotherapy followed by Placebo Maintenance),3.4166666666666665,26527790,Industry,INDUSTRY,HN,Metastatic,Targeted Therapy,2006
PMID 26527790 a_Summary_SoE.pdf,intervention,0,2.0,18.0,36.0,38.0,39.0,41.0,56.0,3,Arm B (Lapatinib + Chemoradiotherapy followed by Lapatinib Maintenance),3.4166666666666665,26527790,Industry,INDUSTRY,HN,Metastatic,Targeted Therapy,2006
PMID 26540028 a_Summary_SoE.pdf,control,0,1.0,2.0,3.0,4.0,5.0,6.0,30.0,3,Arm B (Placebo po QD),0.5,26540028,Industry,OTHER,HN,NS,Targeted Therapy,2006
PMID 26540028 a_Summary_SoE.pdf,intervention,0,1.0,2.0,3.0,4.0,5.0,6.0,30.0,3,Arm A (Erlotinib 150 mg po QD),0.5,26540028,Industry,OTHER,HN,NS,Targeted Therapy,2006
PMID 26598744 a_Summary_SoE.pdf,control,0,2.0,4.0,7.0,11.0,15.0,20.0,21.0,3,Arm 1 (Trastuzumab alone),1.6666666666666667,26598744,Industry,INDUSTRY,Breast,Non-metastatic,Targeted Therapy,2007
PMID 26598744 a_Summary_SoE.pdf,intervention,0,2.0,3.0,5.0,7.0,8.0,9.0,46.0,3,Arm 2 (Lapatinib alone),0.75,26598744,Industry,INDUSTRY,Breast,Non-metastatic,Targeted Therapy,2007
PMID 26598744 a_Summary_SoE.pdf,intervention,1,2.0,6.0,14.0,16.0,17.0,18.0,7.0,3,Arm 3 (Sequence: Trastuzumab then Lapatinib),1.5,26598744,Industry,INDUSTRY,Breast,Non-metastatic,Targeted Therapy,2007
PMID 26598744 a_Summary_SoE.pdf,intervention,2,2.0,4.0,7.0,11.0,15.0,20.0,21.0,3,Arm 4 (Combination: Lapatinib and Trastuzumab),1.6666666666666667,26598744,Industry,INDUSTRY,Breast,Non-metastatic,Targeted Therapy,2007
PMID 26628478 a_Summary_SoE.pdf,control,0,2.0,2.0,5.0,9.0,11.0,13.0,21.0,3,Arm B (CapeOx + Placebo),1.0833333333333333,26628478,Industry,INDUSTRY,GI,Metastatic,Targeted Therapy,2008
PMID 26628478 a_Summary_SoE.pdf,intervention,0,2.0,2.0,5.0,9.0,11.0,13.0,21.0,3,Arm A (CapeOx + Lapatinib),1.0833333333333333,26628478,Industry,INDUSTRY,GI,Metastatic,Targeted Therapy,2008
PMID 26639149 a_Summary_SoE.pdf,control,0,1.0,3.0,7.0,13.0,17.0,20.0,28.0,3,Arm A (Chlorambucil),1.6666666666666667,26639149,Industry,INDUSTRY,Heme,Hematologic,Targeted Therapy,2013
PMID 26639149 a_Summary_SoE.pdf,intervention,0,1.0,3.0,7.0,13.0,17.0,20.0,28.0,3,Arm B (PCI-32765 / Ibrutinib),1.6666666666666667,26639149,Industry,INDUSTRY,Heme,Hematologic,Targeted Therapy,2013
PMID 26655421 CT_Summary_SoE.pdf,control,0,1.0,6.0,13.0,21.0,24.0,27.0,28.0,3,Arm A (Placebo + Bendamustine and Rituximab),2.25,26655421,Industry,INDUSTRY,Heme,Hematologic,Targeted Therapy,2012
PMID 26655421 CT_Summary_SoE.pdf,intervention,0,1.0,6.0,13.0,21.0,24.0,27.0,28.0,3,Arm B (Ibrutinib + Bendamustine and Rituximab),2.25,26655421,Industry,INDUSTRY,Heme,Hematologic,Targeted Therapy,2012
PMID 26673811 a_Summary_SoE.pdf,control,0,1.0,5.0,13.0,26.0,39.0,53.0,21.0,3,Arm B (Temsirolimus),4.416666666666667,26673811,Industry,INDUSTRY,Heme,Hematologic,Targeted Therapy,2012
PMID 26673811 a_Summary_SoE.pdf,intervention,0,1.0,2.0,5.0,9.0,13.0,18.0,21.0,3,Arm A (Ibrutinib),1.5,26673811,Industry,INDUSTRY,Heme,Hematologic,Targeted Therapy,2012
PMID 26703889 a_Summary_SoE.pdf,control,0,1.0,2.0,4.0,7.0,10.0,14.0,28.0,3,Arm B (Placebo + Best Supportive Care),1.1666666666666667,26703889,Industry,INDUSTRY,Other,Metastatic,Targeted Therapy,2012
PMID 26703889 a_Summary_SoE.pdf,intervention,0,1.0,2.0,4.0,7.0,10.0,14.0,28.0,3,Arm A (Everolimus + Best Supportive Care),1.1666666666666667,26703889,Industry,INDUSTRY,Other,Metastatic,Targeted Therapy,2012
PMID 26712084b_Summary_SoE.pdf,control,0,1.0,2.0,5.0,9.0,13.0,18.0,21.0,3,Docetaxel 75 mg/m2 Q3W,1.5,26712084,Industry,INDUSTRY,Thor,NS,Immunotherapy,2013
PMID 26712084b_Summary_SoE.pdf,intervention,0,1.0,2.0,5.0,9.0,13.0,18.0,21.0,3,MK-3475 10 mg/kg Q3W,1.5,26712084,Industry,INDUSTRY,Thor,NS,Immunotherapy,2013
PMID 26712084b_Summary_SoE.pdf,intervention,1,1.0,2.0,5.0,9.0,13.0,18.0,21.0,2,MK-3475 2 mg/kg Q3W,1.5,26712084,Industry,INDUSTRY,Thor,NS,Immunotherapy,2013
PMID 26811519 a_Summary_SoE.pdf,control,0,1.0,22.0,38.0,44.0,45.0,46.0,28.0,3,Arm B (Etoposide + Cisplatin + TRT followed by Platinum-doublet consolidation),3.8333333333333335,26811519,Industry,INDUSTRY,Thor,Non-metastatic,Chemotherapy,2008
PMID 26811519 a_Summary_SoE.pdf,intervention,0,1.0,22.0,38.0,47.0,49.0,50.0,21.0,3,Arm A (Pemetrexed + Cisplatin + TRT followed by Pemetrexed consolidation),4.166666666666667,26811519,Industry,INDUSTRY,Thor,Non-metastatic,Chemotherapy,2008
PMID 26858335 a_Summary_SoE.pdf,control,0,1.0,5.0,13.0,26.0,39.0,52.0,7.0,3,Arm B (Standard Supportive Care alone),4.333333333333333,26858335,Industry,INDUSTRY,Breast,Metastatic,Other,2006
PMID 26858335 a_Summary_SoE.pdf,intervention,0,1.0,5.0,13.0,26.0,39.0,52.0,7.0,3,Arm A (Epoetin Alfa plus Standard Supportive Care),4.333333333333333,26858335,Industry,INDUSTRY,Breast,Metastatic,Other,2006
PMID 26884585 a_Summary_SoE.pdf,control,0,2.0,5.0,13.0,21.0,30.0,39.0,28.0,3,Placebo,3.25,26884585,Industry,INDUSTRY,GI,Metastatic,Other,2011
PMID 26884585 a_Summary_SoE.pdf,intervention,0,2.0,5.0,13.0,21.0,30.0,39.0,28.0,3,Apatinib (850 mg once daily),3.25,26884585,Industry,INDUSTRY,GI,Metastatic,Other,2011
PMID 26933849 a_Summary_SoE.pdf,control,0,1.0,2.0,5.0,7.0,8.0,9.0,21.0,3,Every-3-week Paclitaxel + Carboplatin,0.75,26933849,Industry,NIH,GYN,Metastatic,Targeted Therapy,2010
PMID 26933849 a_Summary_SoE.pdf,intervention,0,1.0,5.0,13.0,19.0,20.0,21.0,21.0,3,Weekly Paclitaxel + Carboplatin,1.75,26933849,Industry,NIH,GYN,Metastatic,Targeted Therapy,2010
PMID 26997579 a _Summary_SoE.pdf,control,0,1.0,2.0,2.0,2.0,2.0,2.0,0.0,3,Ondansetron + fosaprepitant + dexamethasone,0.1666666666666666,26997579,Industry,INDUSTRY,Multiple,Metastatic,Other,2014
PMID 26997579 a _Summary_SoE.pdf,intervention,0,1.0,2.0,2.0,2.0,2.0,2.0,0.0,3,APF530 (granisetron extended-release) + fosaprepitant + dexamethasone,0.1666666666666666,26997579,Industry,INDUSTRY,Multiple,Metastatic,Other,2014
PMID 27044935 a_Summary_SoE.pdf,control,0,3.0,22.0,42.0,43.0,44.0,45.0,7.0,3,Arm 1 (Conventionally Fractionated 3D-CRT/IMRT),3.75,27044935,Non-Industry,NETWORK,GU,Non-metastatic,Radiation,2006
PMID 27044935 a_Summary_SoE.pdf,intervention,0,3.0,22.0,29.0,30.0,31.0,32.0,7.0,3,Arm 2 (Hypofractionated 3D-CRT/IMRT),2.6666666666666665,27044935,Non-Industry,NETWORK,GU,Non-metastatic,Radiation,2006
PMID 27119237 a_Summary_SoE.pdf,control,0,1.0,5.0,11.0,14.0,17.0,21.0,28.0,3,Placebo + Lenalidomide + Dexamethasone,1.75,27119237,Industry,INDUSTRY,Heme,Hematologic,Targeted Therapy,2012
PMID 27119237 a_Summary_SoE.pdf,intervention,0,1.0,5.0,11.0,14.0,17.0,21.0,28.0,3,MLN9708 + Lenalidomide + Dexamethasone,1.75,27119237,Industry,INDUSTRY,Heme,Hematologic,Targeted Therapy,2012
PMID 27264120 a_Summary_SoE.pdf,control,0,1.0,0.0,0.0,1.0,1.0,2.0,1.0,3,Arm 2 (Placebo),0.1666666666666666,27264120,Non-Industry,NETWORK,Breast,Non-metastatic,Endocrine,2004
PMID 27264120 a_Summary_SoE.pdf,control,1,1.0,1.0,1.0,2.0,2.0,3.0,0.0,1,Arm 2: Placebo (MA.17 Core Study),0.25,27264120,Non-Industry,NETWORK,Breast,Non-metastatic,Endocrine,2004
PMID 27264120 a_Summary_SoE.pdf,intervention,0,1.0,0.0,0.0,1.0,1.0,2.0,1.0,3,Arm 1 (Letrozole),0.1666666666666666,27264120,Non-Industry,NETWORK,Breast,Non-metastatic,Endocrine,2004
PMID 27264120 a_Summary_SoE.pdf,intervention,1,1.0,1.0,1.0,2.0,2.0,3.0,0.0,1,Arm 1: Letrozole (MA.17 Core Study),0.25,27264120,Non-Industry,NETWORK,Breast,Non-metastatic,Endocrine,2004
PMID 27354480 a_Summary_SoE.pdf,control,0,1.0,1.0,4.0,7.0,7.0,7.0,28.0,3,Placebo,0.5833333333333334,27354480,Industry,INDUSTRY,Heme,Hematologic,Targeted Therapy,2010
PMID 27354480 a_Summary_SoE.pdf,intervention,0,1.0,1.0,4.0,7.0,7.0,7.0,28.0,3,Lenalidomide,0.5833333333333334,27354480,Industry,INDUSTRY,Heme,Hematologic,Targeted Therapy,2010
PMID 27458307 a_Summary_SoE.pdf,control,0,1.0,6.0,13.0,16.0,17.0,18.0,21.0,3,Arm B (Placebo + Etoposide/Platinum),1.5,27458307,Industry,INDUSTRY,Thor,Metastatic,Immunotherapy,2011
PMID 27458307 a_Summary_SoE.pdf,intervention,0,1.0,6.0,13.0,16.0,17.0,18.0,21.0,3,Arm A (Ipilimumab + Etoposide/Platinum),1.5,27458307,Industry,INDUSTRY,Thor,Metastatic,Immunotherapy,2011
PMID 27458945 a_Summary_SoE.pdf,control,0,2.0,13.0,15.0,16.0,17.0,18.0,0.0,3,Arm B (Radiosurgery + Whole Brain Radiation Therapy),1.5,27458945,Non-Industry,OTHER,Multiple,Metastatic,Radiation,2006
PMID 27458945 a_Summary_SoE.pdf,intervention,0,2.0,1.0,3.0,4.0,5.0,6.0,0.0,3,Arm A (Radiosurgery alone),0.5,27458945,Non-Industry,OTHER,Multiple,Metastatic,Radiation,2006
PMID 27557302 a_Summary_SoE.pdf,control,0,1.0,7.0,18.0,33.0,36.0,40.0,21.0,3,Vd (Bortezomib and Dexamethasone),3.3333333333333335,27557302,Industry,INDUSTRY,Heme,Hematologic,Targeted Therapy,2014
PMID 27557302 a_Summary_SoE.pdf,intervention,0,1.0,8.0,21.0,36.0,39.0,43.0,21.0,3,"DVd (Daratumumab, Bortezomib, and Dexamethasone)",3.5833333333333335,27557302,Industry,INDUSTRY,Heme,Hematologic,Targeted Therapy,2014
PMID 27569442 CT_Summary_SoE.pdf,control,0,2.0,4.0,15.0,31.0,38.0,41.0,35.0,3,Arm A & C (MAP - Control),3.4166666666666665,27569442,Non-Industry,NETWORK,Other,"Metastatic, Non-metastatic",Immunotherapy,2005
PMID 27569442 CT_Summary_SoE.pdf,intervention,0,2.0,4.0,15.0,34.0,52.0,56.0,28.0,3,Arm B (MAP + Pegylated Interferon alfa-2b),4.666666666666667,27569442,Non-Industry,NETWORK,Other,"Metastatic, Non-metastatic",Immunotherapy,2005
PMID 27569442 CT_Summary_SoE.pdf,intervention,1,2.0,4.0,15.0,31.0,47.0,61.0,35.0,3,Arm D (MAP + Ifosfamide/Etoposide),5.083333333333333,27569442,Non-Industry,NETWORK,Other,"Metastatic, Non-metastatic",Immunotherapy,2005
PMID 27705267 a_Summary_SoE.pdf,control,0,2.0,5.0,11.0,17.0,20.0,24.0,28.0,3,Arm B (Rd: Lenalidomide and Dexamethasone),2.0,27705267,Industry,INDUSTRY,Heme,Hematologic,Targeted Therapy,2014
PMID 27705267 a_Summary_SoE.pdf,intervention,0,2.0,5.0,11.0,17.0,20.0,24.0,28.0,3,"Arm A (DRd: Daratumumab, Lenalidomide, and Dexamethasone)",2.0,27705267,Industry,INDUSTRY,Heme,Hematologic,Targeted Therapy,2014
PMID 27717299 a_Summary_SoE.pdf,control,0,1.0,5.0,7.0,10.0,13.0,17.0,28.0,3,Placebo,1.4166666666666667,27717299,Industry,INDUSTRY,GYN,Metastatic,Targeted Therapy,2013
PMID 27717299 a_Summary_SoE.pdf,intervention,0,1.0,5.0,7.0,10.0,13.0,17.0,28.0,3,Niraparib,1.4166666666666667,27717299,Industry,INDUSTRY,GYN,Metastatic,Targeted Therapy,2013
PMID 27717299 a_Summary_SoE.pdf,intervention,1,1.0,14.0,16.0,19.0,23.0,26.0,28.0,1,Niraparib (Food Effect Sub-Study),2.1666666666666665,27717299,Industry,INDUSTRY,GYN,Metastatic,Targeted Therapy,2013
PMID 27717303 a_Summary_SoE.pdf,control,0,2.0,3.0,5.0,8.0,11.0,15.0,28.0,3,Arm B (Placebo + Letrozole),1.25,27717303,Industry,INDUSTRY,Breast,Metastatic,Endocrine,2013
PMID 27717303 a_Summary_SoE.pdf,intervention,0,2.0,3.0,5.0,8.0,11.0,15.0,28.0,3,Arm A (LEE011 + Letrozole),1.25,27717303,Industry,INDUSTRY,Breast,Metastatic,Endocrine,2013
PMID 27718781 a_Summary_SoE.pdf,control,0,2.0,2.0,4.0,6.0,8.0,10.0,42.0,3,Arm B (Placebo),0.8333333333333334,27718781,Industry,INDUSTRY,GU,Metastatic,Targeted Therapy,2007
PMID 27718781 a_Summary_SoE.pdf,intervention,0,2.0,2.0,4.0,6.0,8.0,10.0,42.0,3,Arm A (Sunitinib),0.8333333333333334,27718781,Industry,INDUSTRY,GU,Metastatic,Targeted Therapy,2007
PMID 27718784 a_Summary_SoE.pdf,control,0,2.0,5.0,13.0,26.0,39.0,53.0,7.0,3,Arm IC (Investigator's Choice),4.416666666666667,27718784,Industry,INDUSTRY,HN,Metastatic,Immunotherapy,2014
PMID 27718784 a_Summary_SoE.pdf,intervention,0,2.0,3.0,7.0,13.0,20.0,27.0,14.0,3,Arm N (Nivolumab),2.25,27718784,Industry,INDUSTRY,HN,Metastatic,Immunotherapy,2014
PMID 27731748 a_Summary_SoE.pdf,control,0,1.0,0.0,0.0,0.0,0.0,0.0,28.0,3,FC (fludarabine and cyclophosphamide),0.0,27731748,Industry,INDUSTRY,Heme,Hematologic,Other,2009
PMID 27731748 a_Summary_SoE.pdf,intervention,0,1.0,0.0,0.0,0.0,0.0,0.0,28.0,3,OFA+FC (Ofatumumab plus fludarabine and cyclophosphamide),0.0,27731748,Industry,INDUSTRY,Heme,Hematologic,Other,2009
PMID 27787547 a_Summary_SoE.pdf,control,0,1.0,5.0,13.0,24.0,25.0,26.0,7.0,3,Placebo,2.1666666666666665,27787547,Industry,INDUSTRY,GU,Non-metastatic,Targeted Therapy,2004
PMID 27787547 a_Summary_SoE.pdf,intervention,0,1.0,5.0,13.0,24.0,25.0,26.0,7.0,3,cG250,2.1666666666666665,27787547,Industry,INDUSTRY,GU,Non-metastatic,Targeted Therapy,2004
PMID 27908454 CT_Summary_SoE.pdf,control,0,1.0,3.0,5.0,8.0,11.0,15.0,28.0,3,Arm B (Anastrozole 1 mg),1.25,27908454,Industry,INDUSTRY,Breast,Metastatic,Other,2012
PMID 27908454 CT_Summary_SoE.pdf,intervention,0,1.0,3.0,5.0,8.0,11.0,15.0,28.0,3,Arm A (Fulvestrant 500 mg),1.25,27908454,Industry,INDUSTRY,Breast,Metastatic,Other,2012
PMID 27914822_Summary_SoE.pdf,control,0,1.0,4.0,8.0,9.0,10.0,10.0,21.0,3,Observation Arm (Control),0.8333333333333334,27914822,Non-Industry,NETWORK,Other,NS,Procedure,2008
PMID 27914822_Summary_SoE.pdf,intervention,0,1.0,4.0,8.0,9.0,10.0,10.0,21.0,3,STS Arm (Sodium Thiosulfate),0.8333333333333334,27914822,Non-Industry,NETWORK,Other,NS,Procedure,2008
PMID 27918724 a_Summary_SoE.pdf,control,0,1.0,2.0,5.0,9.0,10.0,13.0,14.0,3,Arm B (Placebo),1.0833333333333333,27918724,Industry,INDUSTRY,Other,Metastatic,Other,2013
PMID 27918724 a_Summary_SoE.pdf,intervention,0,1.0,2.0,5.0,9.0,10.0,13.0,14.0,3,Arm A (Telotristat etiprate 250 mg or 500 mg tid),1.0833333333333333,27918724,Industry,INDUSTRY,Other,Metastatic,Other,2013
PMID 27918724 a_Summary_SoE.pdf,intervention,1,1.0,2.0,5.0,9.0,10.0,13.0,14.0,2,Telotristat etiprate 500 mg tid,1.0833333333333333,27918724,Industry,INDUSTRY,Other,Metastatic,Other,2013
PMID 27918780 a_Summary_SoE.pdf,control,0,1.0,4.0,7.0,11.0,15.0,20.0,21.0,3,Arm B (Herceptin plus taxane),1.6666666666666667,27918780,Industry,INDUSTRY,Breast,Metastatic,Targeted Therapy,2012
PMID 27918780 a_Summary_SoE.pdf,intervention,0,1.0,4.0,7.0,11.0,15.0,20.0,21.0,3,Arm A (Hercules plus taxane),1.6666666666666667,27918780,Industry,INDUSTRY,Breast,Metastatic,Targeted Therapy,2012
PMID 27959613 a_Summary_SoE.pdf,control,0,1.0,3.0,6.0,9.0,12.0,16.0,28.0,3,Arm B (Placebo + Letrozole),1.3333333333333333,27959613,Industry,INDUSTRY,Breast,Metastatic,Endocrine,2013
PMID 27959613 a_Summary_SoE.pdf,intervention,0,1.0,3.0,6.0,9.0,12.0,16.0,28.0,3,Arm A (PD-0332991 + Letrozole),1.3333333333333333,27959613,Industry,INDUSTRY,Breast,Metastatic,Endocrine,2013
PMID 27959700 a_Summary_SoE.pdf,control,0,1.0,4.0,7.0,10.0,12.0,14.0,21.0,3,Arm B (Platinum-based Doublet Chemotherapy),1.1666666666666667,27959700,Industry,INDUSTRY,Thor,Metastatic,Targeted Therapy,2014
PMID 27959700 a_Summary_SoE.pdf,intervention,0,1.0,4.0,7.0,10.0,12.0,14.0,21.0,3,Arm A (AZD9291 / Osimertinib),1.1666666666666667,27959700,Industry,INDUSTRY,Thor,Metastatic,Targeted Therapy,2014
PMID 27979383 a_Summary_SoE.pdf,control,0,0.0,0.0,0.0,0.0,0.0,0.0,,2,Docetaxel,0.0,27979383,Industry,INDUSTRY,Thor,Metastatic,Immunotherapy,2014
PMID 27979383 a_Summary_SoE.pdf,intervention,0,0.0,0.0,0.0,0.0,0.0,0.0,,2,Atezolizumab,0.0,27979383,Industry,INDUSTRY,Thor,Metastatic,Immunotherapy,2014
PMID 28029326 a_Summary_SoE.pdf,control,0,2.0,13.0,28.0,50.0,52.0,53.0,21.0,3,Arm B (Rituximab + DHAP),4.416666666666667,28029326,Industry,INDUSTRY,Heme,Hematologic,Targeted Therapy,2010
PMID 28029326 a_Summary_SoE.pdf,intervention,0,2.0,13.0,28.0,50.0,52.0,53.0,21.0,3,Arm A (Ofatumumab + DHAP),4.416666666666667,28029326,Industry,INDUSTRY,Heme,Hematologic,Targeted Therapy,2010
PMID 28030702 a_Summary_SoE.pdf,control,0,2.0,2.0,4.0,7.0,10.0,14.0,28.0,2,Arm A (Zoledronic acid every 4 weeks),1.1666666666666667,28030702,Non-Industry,OTHER,Multiple,Metastatic,Other,2009
PMID 28030702 a_Summary_SoE.pdf,intervention,0,2.0,2.0,4.0,7.0,10.0,14.0,28.0,3,Arm B (Zoledronic acid every 12 weeks),1.1666666666666667,28030702,Non-Industry,OTHER,Multiple,Metastatic,Other,2009
PMID 28030702 a_Summary_SoE.pdf,intervention,1,1.0,2.0,4.0,7.0,10.0,14.0,84.0,1,Arm B (Zoledronic acid 4 mg IV every 12 weeks),1.1666666666666667,28030702,Non-Industry,OTHER,Multiple,Metastatic,Other,2009
PMID 28034081 a_Summary_SoE.pdf,control,0,1.0,2.0,5.0,7.0,8.0,9.0,21.0,3,Arm B (Placebo),0.75,28034081,Industry,INDUSTRY,GU,Metastatic,Immunotherapy,2010
PMID 28034081 a_Summary_SoE.pdf,intervention,0,1.0,2.0,5.0,7.0,8.0,9.0,21.0,3,Arm A (Ipilimumab 10 mg/kg),0.75,28034081,Industry,INDUSTRY,GU,Metastatic,Immunotherapy,2010
PMID 28056202 a_Summary_SoE.pdf,control,0,1.0,5.0,13.0,26.0,39.0,53.0,21.0,3,Arm A (Trastuzumab + Taxane),4.416666666666667,28056202,Industry,INDUSTRY,Breast,Metastatic,Targeted Therapy,2010
PMID 28056202 a_Summary_SoE.pdf,intervention,0,1.0,5.0,11.0,15.0,19.0,24.0,21.0,3,Arm B (Trastuzumab emtansine + Pertuzumab),2.0,28056202,Industry,INDUSTRY,Breast,Metastatic,Targeted Therapy,2010
PMID 28056202 a_Summary_SoE.pdf,intervention,1,1.0,5.5,12.0,16.0,20.0,25.0,21.0,2,Arm C (Trastuzumab emtansine + Pertuzumab-placebo),2.0833333333333335,28056202,Industry,INDUSTRY,Breast,Metastatic,Targeted Therapy,2010
PMID 28076709 a_Summary_SoE.pdf,control,0,2.0,2.0,4.0,7.0,10.0,14.0,28.0,3,Arm B (60 mg Octreotide LAR),1.1666666666666667,28076709,Industry,INDUSTRY,Other,Metastatic,Endocrine,2012
PMID 28076709 a_Summary_SoE.pdf,intervention,0,2.0,3.0,7.0,14.0,17.0,21.0,56.0,3,Arm A (177Lu-DOTA0-Tyr3-Octreotate + 30 mg Octreotide LAR),1.75,28076709,Industry,INDUSTRY,Other,Metastatic,Endocrine,2012
PMID 28125763 a_Summary_SoE.pdf,control,0,1.0,2.0,4.0,7.0,10.0,14.0,28.0,3,Arm A (Zometa 4 mg every 4 weeks),1.1666666666666667,28125763,Industry,INDUSTRY,Breast,Metastatic,Other,2006
PMID 28125763 a_Summary_SoE.pdf,intervention,0,1.0,2.0,4.0,7.0,10.0,14.0,28.0,3,Arm B (Zometa 4 mg every 12 weeks),1.1666666666666667,28125763,Industry,INDUSTRY,Breast,Metastatic,Other,2006
PMID 28126333 a_Summary_SoE.pdf,control,0,2.0,3.0,6.0,10.0,14.0,20.0,21.0,3,Arm 2 (Reference Chemotherapy),1.6666666666666667,28126333,Industry,INDUSTRY,Thor,Metastatic,Targeted Therapy,2013
PMID 28126333 a_Summary_SoE.pdf,intervention,0,2.0,3.0,6.0,10.0,14.0,20.0,21.0,3,Arm 1 (LDK378),1.6666666666666667,28126333,Industry,INDUSTRY,Thor,Metastatic,Targeted Therapy,2013
PMID 28135150 a_Summary_SoE.pdf,control,0,2.0,1.0,2.0,3.0,4.0,5.0,0.0,3,Arm A (Observation),0.4166666666666667,28135150,Non-Industry,NETWORK,Skin,Non-metastatic,Immunotherapy,1999
PMID 28135150 a_Summary_SoE.pdf,intervention,0,2.0,21.0,22.0,23.0,24.0,25.0,7.0,3,Arm B (Four Weeks High-dose IFN Alfa-2b),2.0833333333333335,28135150,Non-Industry,NETWORK,Skin,Non-metastatic,Immunotherapy,1999
PMID 28139405 CT_Summary_SoE.pdf,control,0,1.0,5.0,11.0,19.0,21.0,23.0,28.0,3,Arm B (Placebo + Bendamustine/Rituximab),1.9166666666666667,28139405,Industry,INDUSTRY,Heme,Hematologic,Targeted Therapy,2012
PMID 28139405 CT_Summary_SoE.pdf,intervention,0,1.0,5.0,11.0,19.0,21.0,23.0,28.0,3,Arm A (Idelalisib + Bendamustine/Rituximab),1.9166666666666667,28139405,Industry,INDUSTRY,Heme,Hematologic,Targeted Therapy,2012
PMID 28140392 a_Summary_SoE.pdf,control,0,1.0,3.0,7.0,13.0,20.0,27.0,28.0,3,Chlorambucil (CHB) Arm,2.25,28140392,Industry,INDUSTRY,Heme,Hematologic,Targeted Therapy,2009
PMID 28140392 a_Summary_SoE.pdf,intervention,0,1.0,2.0,4.0,7.0,10.0,14.0,28.0,3,Lenalidomide (LEN) Arm,1.1666666666666667,28140392,Industry,INDUSTRY,Heme,Hematologic,Targeted Therapy,2009
PMID 28146658 a_Summary_SoE.pdf,control,0,2.0,22.0,37.0,38.0,39.0,40.0,45.0,3,Arm 2 (Radiation Therapy + Placebo),3.3333333333333335,28146658,Non-Industry,NETWORK,GU,Non-metastatic,Endocrine,1998
PMID 28146658 a_Summary_SoE.pdf,intervention,0,2.0,22.0,37.0,38.0,39.0,40.0,45.0,3,Arm 1 (Radiation Therapy + Casodex),3.3333333333333335,28146658,Non-Industry,NETWORK,GU,Non-metastatic,Endocrine,1998
PMID 28212060 a_Summary_SoE.pdf,control,0,2.0,5.0,9.0,13.0,17.0,22.0,21.0,3,"Arm B (Investigator's Choice: Paclitaxel, Docetaxel, or Vinflunine)",1.8333333333333333,28212060,Industry,INDUSTRY,GU,Metastatic,Immunotherapy,2014
PMID 28212060 a_Summary_SoE.pdf,intervention,0,2.0,2.0,5.0,9.0,13.0,18.0,21.0,3,Arm A (Pembrolizumab),1.5,28212060,Industry,INDUSTRY,GU,Metastatic,Immunotherapy,2014
PMID 28249141 a_Summary_SoE.pdf,control,0,2.0,6.0,16.0,27.0,30.0,34.0,28.0,3,Arm 2 (Standard of Care Chemotherapy),2.8333333333333335,28249141,Industry,INDUSTRY,Heme,Hematologic,Immunotherapy,2014
PMID 28249141 a_Summary_SoE.pdf,intervention,0,2.0,6.0,15.0,28.0,36.0,42.0,42.0,3,Arm 1 (Blinatumomab),3.5,28249141,Industry,INDUSTRY,Heme,Hematologic,Immunotherapy,2014
PMID 28257752 CT_Summary_SoE.pdf,control,0,1.0,5.0,9.0,12.0,14.0,16.0,7.0,3,Arm B (Ofatumumab),1.3333333333333333,28257752,Industry,INDUSTRY,Heme,Hematologic,Targeted Therapy,2012
PMID 28257752 CT_Summary_SoE.pdf,intervention,0,1.0,5.0,9.0,12.0,14.0,16.0,7.0,3,Arm A (Idelalisib + Ofatumumab),1.3333333333333333,28257752,Industry,INDUSTRY,Heme,Hematologic,Targeted Therapy,2012
PMID 28296618 a_Summary_SoE.pdf,control,0,2.0,16.0,18.0,19.0,20.0,21.0,21.0,3,Arm 1 (Short-course Radiation Therapy alone),1.75,28296618,Non-Industry,NETWORK,CNS,Solid M0,Chemotherapy,2007
PMID 28296618 a_Summary_SoE.pdf,intervention,0,2.0,16.0,21.0,28.0,34.0,41.0,28.0,3,Arm 2 (Short-course Radiation Therapy + Temozolomide),3.4166666666666665,28296618,Non-Industry,NETWORK,CNS,Solid M0,Chemotherapy,2007
PMID 28380315 a_Summary_SoE.pdf,control,0,1.0,11.0,19.0,22.0,22.0,23.0,0.0,3,Arm B: Myeloablative Conditioning (MAC),1.9166666666666667,28380315,Non-Industry,OTHER,Heme,Hematologic,Chemotherapy,2011
PMID 28380315 a_Summary_SoE.pdf,intervention,0,1.0,10.0,18.0,21.0,21.0,22.0,0.0,3,Arm A: Reduced Intensity Conditioning (RIC),1.8333333333333333,28380315,Non-Industry,OTHER,Heme,Hematologic,Chemotherapy,2011
PMID 28384065 a_Summary_SoE.pdf,control,0,1.0,2.0,5.0,9.0,13.0,18.0,21.0,3,Arm 2 (Depot Octreotide Plus Interferon Alpha-2b),1.5,28384065,Industry,NIH,Other,Metastatic,Immunotherapy,2007
PMID 28384065 a_Summary_SoE.pdf,intervention,0,1.0,2.0,5.0,9.0,13.0,18.0,21.0,3,Arm 1 (Depot Octreotide Plus Bevacizumab),1.5,28384065,Industry,NIH,Other,Metastatic,Immunotherapy,2007
PMID 28438473 a_Summary_SoE.pdf,control,0,2.0,7.0,15.0,27.0,28.0,29.0,21.0,3,Arm I/V (No Surgery + Chemotherapy),2.4166666666666665,28438473,Industry,NIH,GYN,"Metastatic, Non-metastatic",Targeted Therapy,2007
PMID 28438473 a_Summary_SoE.pdf,control,1,4.0,9.0,17.0,29.0,30.0,31.0,21.0,1,Arm III/VII (Surgery + CT/GC),2.5833333333333335,28438473,Industry,NIH,GYN,"Metastatic, Non-metastatic",Targeted Therapy,2007
PMID 28438473 a_Summary_SoE.pdf,intervention,0,1.0,2.0,10.0,23.0,30.0,34.0,21.0,1,Arm IV (Surgery + Carboplatin + Paclitaxel + Bevacizumab),2.8333333333333335,28438473,Industry,NIH,GYN,"Metastatic, Non-metastatic",Targeted Therapy,2007
PMID 28438473 a_Summary_SoE.pdf,intervention,1,2.0,7.0,15.0,27.0,31.0,36.0,21.0,3,Arm IV/VIII (Surgery + Chemotherapy + Bevacizumab),3.0,28438473,Industry,NIH,GYN,"Metastatic, Non-metastatic",Targeted Therapy,2007
PMID 28438473 a_Summary_SoE.pdf,intervention,2,2.5,7.0,15.0,27.0,31.0,36.0,21.0,2,Arm II (Carboplatin + Paclitaxel + Bevacizumab),3.0,28438473,Industry,NIH,GYN,"Metastatic, Non-metastatic",Targeted Therapy,2007
PMID 28492898 CT_Summary_SoE.pdf,control,0,1.0,6.0,12.0,17.0,21.0,26.0,21.0,3,Arm B (Placebo + Docetaxel),2.1666666666666665,28492898,Industry,INDUSTRY,Thor,Metastatic,Targeted Therapy,2013
PMID 28492898 CT_Summary_SoE.pdf,intervention,0,1.0,6.0,12.0,17.0,21.0,26.0,21.0,3,Arm A (Selumetinib + Docetaxel),2.1666666666666665,28492898,Industry,INDUSTRY,Thor,Metastatic,Targeted Therapy,2013
PMID 28501140 CT_Summary_SoE.pdf,control,0,2.0,2.0,3.0,5.0,6.0,8.0,56.0,3,Arm B (Crizotinib),0.6666666666666666,28501140,Industry,INDUSTRY,Thor,Metastatic,Targeted Therapy,2014
PMID 28501140 CT_Summary_SoE.pdf,intervention,0,2.0,2.0,3.0,5.0,6.0,8.0,56.0,3,Arm A (Alectinib),0.6666666666666666,28501140,Industry,INDUSTRY,Thor,Metastatic,Targeted Therapy,2014
PMID 28578601 a_Summary_SoE.pdf,control,0,2.0,5.0,10.0,19.0,27.0,37.0,21.0,3,Arm B (Physician's Choice Chemotherapy),3.0833333333333335,28578601,Industry,INDUSTRY,Breast,Metastatic,Targeted Therapy,2014
PMID 28578601 a_Summary_SoE.pdf,intervention,0,2.0,4.0,7.0,11.0,15.0,20.0,21.0,3,Arm A (Olaparib Monotherapy),1.6666666666666667,28578601,Industry,INDUSTRY,Breast,Metastatic,Targeted Therapy,2014
PMID 28578607 a_Summary_SoE.pdf,control,0,2.0,3.0,7.0,10.0,13.0,17.0,28.0,3,Arm B (ADT + Placebos),1.4166666666666667,28578607,Industry,INDUSTRY,GU,Metastatic,Endocrine,2013
PMID 28578607 a_Summary_SoE.pdf,intervention,0,2.0,3.0,7.0,10.0,13.0,17.0,28.0,3,Arm A (Abiraterone Acetate + Prednisone + ADT),1.4166666666666667,28578607,Industry,INDUSTRY,GU,Metastatic,Endocrine,2013
PMID 28580882 a_Summary_SoE.pdf,control,0,2.0,3.0,5.0,8.0,11.0,15.0,28.0,3,Arm B (Placebo + Fulvestrant),1.25,28580882,Industry,INDUSTRY,Breast,Metastatic,Targeted Therapy,2014
PMID 28580882 a_Summary_SoE.pdf,intervention,0,2.0,3.0,5.0,8.0,11.0,15.0,28.0,3,Arm A (Abemaciclib + Fulvestrant),1.25,28580882,Industry,INDUSTRY,Breast,Metastatic,Targeted Therapy,2014
PMID 28581356 a_Summary_SoE.pdf,control,0,2.0,2.0,5.0,9.0,13.0,18.0,21.0,3,Arm 2 (Placebo + Trastuzumab + Chemotherapy),1.5,28581356,Industry,INDUSTRY,Breast,Non-metastatic,Targeted Therapy,2011
PMID 28581356 a_Summary_SoE.pdf,intervention,0,2.0,2.0,5.0,9.0,13.0,18.0,21.0,3,Arm 1 (Pertuzumab + Trastuzumab + Chemotherapy),1.5,28581356,Industry,INDUSTRY,Breast,Non-metastatic,Targeted Therapy,2011
PMID 28600132 CT_Summary_SoE.pdf,control,0,1.0,2.0,5.0,9.0,13.0,17.0,21.0,3,Arm 2: Physician's Choice (Methotrexate or Bexarotene),1.4166666666666667,28600132,Industry,INDUSTRY,Heme,Hematologic,Targeted Therapy,2012
PMID 28600132 CT_Summary_SoE.pdf,intervention,0,1.0,4.0,9.0,13.0,17.0,21.0,21.0,3,Arm 1: Brentuximab vedotin (SGN-35),1.75,28600132,Industry,INDUSTRY,Heme,Hematologic,Targeted Therapy,2012
PMID 28632865 a_Summary_SoE.pdf,control,0,2.0,3.0,7.0,13.0,20.0,27.0,56.0,3,Arm A (Bevacizumab + FOLFOX/FOLFIRI),2.25,28632865,Non-Industry,OTHER,GI,Metastatic,Targeted Therapy,2005
PMID 28632865 a_Summary_SoE.pdf,intervention,0,2.0,5.0,13.0,26.0,39.0,53.0,56.0,3,Arm B (Cetuximab + FOLFOX/FOLFIRI),4.416666666666667,28632865,Non-Industry,OTHER,GI,Metastatic,Targeted Therapy,2005
PMID 28636851 a_Summary_SoE.pdf,control,0,2.0,4.0,9.0,15.0,18.0,21.0,21.0,3,Arm B (Investigator's Choice Chemotherapy),1.75,28636851,Industry,INDUSTRY,Thor,Metastatic,Immunotherapy,2014
PMID 28636851 a_Summary_SoE.pdf,intervention,0,2.0,3.0,7.0,13.0,20.0,27.0,14.0,3,Arm A (Nivolumab),2.25,28636851,Industry,INDUSTRY,Thor,Metastatic,Immunotherapy,2014
PMID 28644114 a_Summary_SoE.pdf,control,0,2.0,13.0,30.0,48.0,56.0,66.0,28.0,3,Arm B (Placebo + Chemotherapy),5.5,28644114,Non-Industry,OTHER,Heme,Hematologic,Targeted Therapy,2008
PMID 28644114 a_Summary_SoE.pdf,intervention,0,2.0,13.0,30.0,48.0,56.0,66.0,28.0,3,Arm A (Midostaurin + Chemotherapy),5.5,28644114,Non-Industry,OTHER,Heme,Hematologic,Targeted Therapy,2008
PMID 28687830 a_Summary_SoE.pdf,control,0,3.0,22.0,29.0,30.0,31.0,32.0,7.0,3,Arm 2 (Radiation Therapy + Paclitaxel + Cisplatin),2.6666666666666665,28687830,Non-Industry,NETWORK,GI,Non-metastatic,Targeted Therapy,2008
PMID 28687830 a_Summary_SoE.pdf,intervention,0,3.0,22.0,29.0,30.0,31.0,32.0,7.0,3,Arm 1 (Radiation Therapy + Paclitaxel + Cisplatin + Cetuximab),2.6666666666666665,28687830,Non-Industry,NETWORK,GI,Non-metastatic,Targeted Therapy,2008
PMID 28746153 CT_Summary_SoE.pdf,control,0,1.0,8.0,8.0,8.0,8.0,8.0,0.0,3,Intravenous Patient Controlled Analgesia (IVPCA),0.6666666666666666,28746153,Non-Industry,OTHER,GI,NS,Procedure,2012
PMID 28746153 CT_Summary_SoE.pdf,intervention,0,1.0,8.0,8.0,8.0,8.0,8.0,0.0,3,Thoracic Epidural Analgesia (TEA),0.6666666666666666,28746153,Non-Industry,OTHER,GI,NS,Procedure,2012
PMID 28753384 a_Summary_SoE.pdf,control,0,2.0,5.0,11.0,15.0,19.0,24.0,21.0,3,Arm C (Docetaxel 75 mg/m² + Prednisone),2.0,28753384,Industry,INDUSTRY,GU,Metastatic,Chemotherapy,2011
PMID 28753384 a_Summary_SoE.pdf,intervention,0,2.0,5.0,11.0,15.0,19.0,24.0,21.0,3,Arm A (Cabazitaxel 25 mg/m² + Prednisone),2.0,28753384,Industry,INDUSTRY,GU,Metastatic,Chemotherapy,2011
PMID 28753384 a_Summary_SoE.pdf,intervention,1,2.0,5.0,11.0,15.0,19.0,24.0,21.0,3,Arm B (Cabazitaxel 20 mg/m² + Prednisone),2.0,28753384,Industry,INDUSTRY,GU,Metastatic,Chemotherapy,2011
PMID 28754483 CT_Summary_SoE.pdf,control,0,0.0,0.0,0.0,0.0,0.0,0.0,,3,Matching Placebo,0.0,28754483,Industry,INDUSTRY,GYN,Metastatic,Targeted Therapy,2013
PMID 28754483 CT_Summary_SoE.pdf,intervention,0,0.0,0.0,0.0,0.0,0.0,0.0,,3,Olaparib 300 mg bd tablets,0.0,28754483,Industry,INDUSTRY,GYN,Metastatic,Targeted Therapy,2013
PMID 28796588 a_Summary_SoE.pdf,control,0,2.0,2.0,6.0,10.0,11.0,12.0,21.0,3,R-CHOP (Rituximab plus CHOP),1.0,28796588,Industry,INDUSTRY,Heme,Hematologic,Targeted Therapy,2011
PMID 28796588 a_Summary_SoE.pdf,intervention,0,2.0,4.0,8.0,12.0,13.0,14.0,21.0,3,G-CHOP (GA101 plus CHOP),1.1666666666666667,28796588,Industry,INDUSTRY,Heme,Hematologic,Targeted Therapy,2011
PMID 28809610 a_Summary_SoE.pdf,control,0,2.0,5.0,11.0,15.0,18.0,20.0,21.0,1,Arm B (Cabazitaxel 25 mg/m²),1.6666666666666667,28809610,Industry,INDUSTRY,GU,Metastatic,Chemotherapy,2011
PMID 28809610 a_Summary_SoE.pdf,control,1,2.0,5.0,11.0,15.0,18.0,20.5,21.0,2,Arm B (Cabazitaxel 25 mg/m² + Prednisone),1.7083333333333333,28809610,Industry,INDUSTRY,GU,Metastatic,Chemotherapy,2011
PMID 28809610 a_Summary_SoE.pdf,intervention,0,2.0,5.0,11.0,15.0,18.0,20.0,21.0,3,Arm A (Cabazitaxel 20 mg/m²),1.6666666666666667,28809610,Industry,INDUSTRY,GU,Metastatic,Chemotherapy,2011
PMID 28854067 a_Summary_SoE.pdf,control,0,1.0,2.0,5.0,8.0,9.0,10.0,21.0,3,Arm B (Placebo + Paclitaxel + Carboplatin),0.8333333333333334,28854067,Industry,INDUSTRY,Thor,Metastatic,Immunotherapy,2011
PMID 28854067 a_Summary_SoE.pdf,intervention,0,1.0,2.0,5.0,8.0,9.0,10.0,21.0,3,Arm A (Ipilimumab + Paclitaxel + Carboplatin),0.8333333333333334,28854067,Industry,INDUSTRY,Thor,Metastatic,Immunotherapy,2011
PMID 28885881 a_Summary_SoE.pdf,control,0,1.0,3.0,7.0,13.0,20.0,26.0,14.0,3,Arm B (Placebo),2.1666666666666665,28885881,Industry,INDUSTRY,Thor,Non-metastatic,Other,2014
PMID 28885881 a_Summary_SoE.pdf,intervention,0,1.0,3.0,7.0,13.0,20.0,26.0,14.0,3,Arm A (MEDI4736 / Durvalumab),2.1666666666666665,28885881,Industry,INDUSTRY,Thor,Non-metastatic,Other,2014
PMID 28891408 a_Summary_SoE.pdf,control,0,2.0,2.0,4.0,7.0,10.0,13.0,28.0,3,Arm B (Placebo),1.0833333333333333,28891408,Industry,INDUSTRY,Skin,Non-metastatic,Targeted Therapy,2013
PMID 28891408 a_Summary_SoE.pdf,intervention,0,2.0,2.0,4.0,7.0,10.0,13.0,28.0,3,Arm A (Dabrafenib + Trametinib),1.0833333333333333,28891408,Industry,INDUSTRY,Skin,Non-metastatic,Targeted Therapy,2013
PMID 28891423 a_Summary_SoE.pdf,control,0,1.5,4.0,9.0,16.0,24.0,31.0,17.5,2,Arm A (Ipilimumab 10 mg/kg + Nivolumab Placebo),2.5833333333333335,28891423,Industry,INDUSTRY,Skin,Metastatic,Immunotherapy,2015
PMID 28891423 a_Summary_SoE.pdf,intervention,0,1.0,4.0,9.0,16.0,24.0,31.0,14.0,3,Arm B (Nivolumab 3 mg/kg + Ipilimumab Placebo),2.5833333333333335,28891423,Industry,INDUSTRY,Skin,Metastatic,Immunotherapy,2015
PMID 28891423 a_Summary_SoE.pdf,intervention,1,1.0,4.0,9.0,16.0,24.0,31.0,14.0,1,Arm B (Nivolumab 3 mg/kg),2.5833333333333335,28891423,Industry,INDUSTRY,Skin,Metastatic,Immunotherapy,2015
PMID 28902533 a_Summary_SoE.pdf,control,0,1.0,3.0,7.0,10.0,12.0,14.0,0.0,3,Matching Placebo,1.1666666666666667,28902533,Industry,INDUSTRY,GU,Non-metastatic,Targeted Therapy,2010
PMID 28902533 a_Summary_SoE.pdf,intervention,0,1.0,3.0,7.0,10.0,12.0,14.0,0.0,3,Pazopanib (600 mg or 800 mg daily),1.1666666666666667,28902533,Industry,INDUSTRY,GU,Non-metastatic,Targeted Therapy,2010
PMID 28916367 a_Summary_SoE.pdf,control,0,2.0,2.0,4.0,7.0,10.0,14.0,28.0,3,Placebo,1.1666666666666667,28916367,Industry,INDUSTRY,GYN,Metastatic,Targeted Therapy,2014
PMID 28916367 a_Summary_SoE.pdf,intervention,0,2.0,2.0,4.0,7.0,10.0,14.0,28.0,3,Rucaparib,1.1666666666666667,28916367,Industry,INDUSTRY,GYN,Metastatic,Targeted Therapy,2014
PMID 28916371 a_Summary_SoE.pdf,control,0,2.0,2.0,5.0,9.0,13.0,18.0,21.0,3,Arm B (Placebo plus Docetaxel),1.5,28916371,Industry,INDUSTRY,GU,Metastatic,Targeted Therapy,2015
PMID 28916371 a_Summary_SoE.pdf,intervention,0,2.0,2.0,5.0,9.0,13.0,18.0,21.0,3,Arm A (Ramucirumab plus Docetaxel),1.5,28916371,Industry,INDUSTRY,GU,Metastatic,Targeted Therapy,2015
PMID 28935843 a_Summary_SoE.pdf,control,0,1.0,3.0,8.0,10.0,10.0,10.0,14.0,3,Rituximab IV plus CHOP,0.8333333333333334,28935843,Industry,INDUSTRY,Heme,Hematologic,Targeted Therapy,2012
PMID 28935843 a_Summary_SoE.pdf,intervention,0,1.0,3.0,8.0,10.0,10.0,10.0,14.0,3,Rituximab SC plus CHOP,0.8333333333333334,28935843,Industry,INDUSTRY,Heme,Hematologic,Targeted Therapy,2012
PMID 28958469a_Summary_SoE.pdf,control,0,2.0,4.0,9.0,13.0,18.0,22.0,28.0,3,Placebo,1.8333333333333333,28958469,Industry,INDUSTRY,Heme,Hematologic,Targeted Therapy,2009
PMID 28958469a_Summary_SoE.pdf,intervention,0,2.0,4.0,9.0,13.0,18.0,22.0,28.0,3,Lenalidomide,1.8333333333333333,28958469,Industry,INDUSTRY,Heme,Hematologic,Targeted Therapy,2009
PMID 28968163 CT a_Summary_SoE.pdf,control,0,1.0,2.0,5.0,10.0,14.0,20.0,28.0,3,Control Arm B (Placebo + NSAI),1.6666666666666667,28968163,Industry,INDUSTRY,Breast,Metastatic,Targeted Therapy,2014
PMID 28968163 CT a_Summary_SoE.pdf,intervention,0,1.0,2.0,5.0,10.0,14.0,20.0,28.0,3,Experimental Arm A (LY2835219 + NSAI),1.6666666666666667,28968163,Industry,INDUSTRY,Breast,Metastatic,Targeted Therapy,2014
PMID 28976863 a_Summary_SoE.pdf,control,0,2.0,2.0,6.0,10.0,13.0,14.0,21.0,3,Arm A (Rituximab + Chemotherapy),1.1666666666666667,28976863,Industry,INDUSTRY,Heme,Hematologic,Targeted Therapy,2011
PMID 28976863 a_Summary_SoE.pdf,intervention,0,2.0,4.0,8.0,12.0,15.0,16.0,21.0,3,Arm B (Obinutuzumab + Chemotherapy),1.3333333333333333,28976863,Industry,INDUSTRY,Heme,Hematologic,Targeted Therapy,2011
PMID 29091516 a_Summary_SoE.pdf,control,0,3.0,5.0,9.0,12.0,13.0,14.0,28.0,3,Imatinib,1.1666666666666667,29091516,Industry,INDUSTRY,Heme,Hematologic,Other,2014
PMID 29091516 a_Summary_SoE.pdf,intervention,0,3.0,5.0,9.0,12.0,13.0,14.0,28.0,3,Bosutinib,1.1666666666666667,29091516,Industry,INDUSTRY,Heme,Hematologic,Other,2014
PMID 29103871 CT_Summary_SoE.pdf,control,0,2.0,5.0,12.0,21.0,24.0,28.0,28.0,3,Arm B (Placebo + Paclitaxel),2.3333333333333335,29103871,Industry,INDUSTRY,GI,Metastatic,Targeted Therapy,2013
PMID 29103871 CT_Summary_SoE.pdf,intervention,0,2.0,5.0,12.0,21.0,24.0,28.0,28.0,3,Arm A (Olaparib + Paclitaxel),2.3333333333333335,29103871,Industry,INDUSTRY,GI,Metastatic,Targeted Therapy,2013
PMID 29136387 a_Summary_SoE.pdf,control,0,1.0,2.0,4.0,5.0,5.0,5.0,0.0,3,Placebo,0.4166666666666667,29136387,Non-Industry,NETWORK,Breast,Non-metastatic,Other,2013
PMID 29136387 a_Summary_SoE.pdf,intervention,0,1.0,2.0,4.0,5.0,5.0,5.0,0.0,3,Duloxetine,0.4166666666666667,29136387,Non-Industry,NETWORK,Breast,Non-metastatic,Other,2013
PMID 29151359 a_Summary_SoE.pdf,control,0,1.0,4.0,7.0,10.0,12.0,14.0,21.0,3,Arm B (Standard of Care EGFR-TKI: gefitinib or erlotinib),1.1666666666666667,29151359,Industry,INDUSTRY,Thor,Metastatic,Targeted Therapy,2014
PMID 29151359 a_Summary_SoE.pdf,intervention,0,1.0,4.0,7.0,10.0,12.0,14.0,21.0,3,Arm A (AZD9291/osimertinib),1.1666666666666667,29151359,Industry,INDUSTRY,Thor,Metastatic,Targeted Therapy,2014
PMID 29158011 CT_Summary_SoE.pdf,control,0,1.0,0.0,0.0,1.0,1.0,2.0,90.0,2,Arm A (Continuous Letrozole),0.1666666666666666,29158011,Non-Industry,NETWORK,Breast,Non-metastatic,Endocrine,2007
PMID 29158011 CT_Summary_SoE.pdf,control,1,1.0,0.0,0.0,1.0,1.0,2.0,0.0,3,Arm A (Continuous letrozole),0.1666666666666666,29158011,Non-Industry,NETWORK,Breast,Non-metastatic,Endocrine,2007
PMID 29158011 CT_Summary_SoE.pdf,intervention,0,1.0,0.0,0.0,1.0,1.0,2.0,0.0,1,Arm B (Intermittent letrozole),0.1666666666666666,29158011,Non-Industry,NETWORK,Breast,Non-metastatic,Endocrine,2007
PMID 29169877 CT_Summary_SoE.pdf,control,0,1.0,2.0,5.0,8.0,10.0,12.0,21.0,3,Arm 1b (Carboplatin/Paclitaxel),1.0,29169877,Non-Industry,NETWORK,Thor,Metastatic,Targeted Therapy,2009
PMID 29169877 CT_Summary_SoE.pdf,control,1,1.5,2.0,5.0,9.0,13.0,18.0,21.0,2,Arm 1a (Carboplatin/Paclitaxel/Bevacizumab),1.5,29169877,Non-Industry,NETWORK,Thor,Metastatic,Targeted Therapy,2009
PMID 29169877 CT_Summary_SoE.pdf,control,2,1.0,5.0,13.0,26.0,39.0,53.0,21.0,3,Arm 1a (Carboplatin/Paclitaxel/Bevacizumab),4.416666666666667,29169877,Non-Industry,NETWORK,Thor,Metastatic,Targeted Therapy,2009
PMID 29169877 CT_Summary_SoE.pdf,intervention,0,1.0,5.0,13.0,26.0,39.0,52.0,21.0,1,Arm 2b (Carboplatin/Paclitaxel/Cetuximab),4.333333333333333,29169877,Non-Industry,NETWORK,Thor,Metastatic,Targeted Therapy,2009
PMID 29169877 CT_Summary_SoE.pdf,intervention,1,1.0,5.0,13.0,26.0,39.0,53.0,21.0,3,Arm 2a (Carboplatin/Paclitaxel/Bevacizumab/Cetuximab),4.416666666666667,29169877,Non-Industry,NETWORK,Thor,Metastatic,Targeted Therapy,2009
PMID 29224502 a_Summary_SoE.pdf,control,0,1.0,3.0,8.0,13.0,15.0,16.0,28.0,3,"Arm B (ABVD: doxorubicin, bleomycin, vinblastine, and dacarbazine)",1.3333333333333333,29224502,Industry,INDUSTRY,Heme,Hematologic,Targeted Therapy,2012
PMID 29224502 a_Summary_SoE.pdf,intervention,0,1.0,5.0,12.0,17.0,19.0,20.0,28.0,3,"Arm A (A+AVD: Brentuximab vedotin plus doxorubicin, vinblastine, and dacarbazine)",1.6666666666666667,29224502,Industry,INDUSTRY,Heme,Hematologic,Targeted Therapy,2012
PMID 29231094 a_Summary_SoE.pdf,control,0,1.0,1.0,3.0,4.0,5.0,6.0,0.0,3,Dalteparin,0.5,29231094,Industry,INDUSTRY,Multiple,NS,Other,2015
PMID 29231094 a_Summary_SoE.pdf,intervention,0,1.0,1.0,3.0,4.0,5.0,6.0,0.0,3,LMWH/Edoxaban,0.5,29231094,Industry,INDUSTRY,Multiple,NS,Other,2015
PMID 29238824 a_Summary_SoE.pdf,control,0,1.0,3.0,3.0,3.0,3.0,3.0,0.0,3,Placebo Arm,0.25,29238824,Non-Industry,OTHER,Other,NS,Other,2010
PMID 29238824 a_Summary_SoE.pdf,control,1,1.0,3.0,3.0,3.0,3.0,3.0,0.0,3,Observational Arm,0.25,29238824,Non-Industry,OTHER,Other,NS,Other,2010
PMID 29238824 a_Summary_SoE.pdf,intervention,0,1.0,3.0,3.0,3.0,3.0,3.0,0.0,3,Gabapentin Arm,0.25,29238824,Non-Industry,OTHER,Other,NS,Other,2010
PMID 29244528 a_Summary_SoE.pdf,control,0,1.0,2.0,5.0,9.0,13.0,18.0,21.0,3,Arm B (Trastuzumab + AI),1.5,29244528,Industry,INDUSTRY,Breast,Metastatic,Targeted Therapy,2011
PMID 29244528 a_Summary_SoE.pdf,intervention,0,1.0,2.0,5.0,9.0,11.0,13.0,21.0,3,Arm C (Lapatinib + AI),1.0833333333333333,29244528,Industry,INDUSTRY,Breast,Metastatic,Targeted Therapy,2011
PMID 29244528 a_Summary_SoE.pdf,intervention,1,1.0,2.0,5.0,9.0,13.0,18.0,21.0,3,Arm A (Lapatinib + Trastuzumab + AI),1.5,29244528,Industry,INDUSTRY,Breast,Metastatic,Targeted Therapy,2011
PMID 29268948 a_Summary_SoE.pdf,control,0,2.0,2.0,6.0,11.0,15.0,20.0,21.0,3,"Arm B (Chemotherapy: Vinflunine, Paclitaxel, or Docetaxel)",1.6666666666666667,29268948,Industry,INDUSTRY,GU,Metastatic,Immunotherapy,2015
PMID 29268948 a_Summary_SoE.pdf,intervention,0,2.0,2.0,6.0,11.0,15.0,20.0,21.0,3,Arm A (Atezolizumab),1.6666666666666667,29268948,Industry,INDUSTRY,GU,Metastatic,Immunotherapy,2015
PMID 29373094 a_Summary_SoE.pdf,control,0,2.0,3.0,6.0,11.0,15.0,20.0,21.0,3,Herceptin (trastuzumab),1.6666666666666667,29373094,Industry,INDUSTRY,Breast,Non-metastatic,Targeted Therapy,2014
PMID 29373094 a_Summary_SoE.pdf,intervention,0,2.0,3.0,6.0,11.0,15.0,20.0,21.0,3,SB3 (proposed trastuzumab biosimilar),1.6666666666666667,29373094,Industry,INDUSTRY,Breast,Non-metastatic,Targeted Therapy,2014
PMID 29420164 a_Summary_SoE.pdf,control,0,1.0,2.0,4.0,7.0,8.0,10.0,28.0,3,Arm B (Placebo),0.8333333333333334,29420164,Industry,INDUSTRY,GU,Non-metastatic,Endocrine,2013
PMID 29420164 a_Summary_SoE.pdf,intervention,0,1.0,2.0,4.0,7.0,8.0,10.0,28.0,3,Arm A (Apalutamide/ARN-509),0.8333333333333334,29420164,Industry,INDUSTRY,GU,Non-metastatic,Endocrine,2013
PMID 29477665 CT_Summary_SoE.pdf,control,0,3.0,5.0,8.0,11.0,14.0,17.0,28.0,3,Arm A (Placebo),1.4166666666666667,29477665,Industry,INDUSTRY,Skin,Non-metastatic,Targeted Therapy,2012
PMID 29477665 CT_Summary_SoE.pdf,intervention,0,3.0,5.0,8.0,11.0,14.0,17.0,28.0,3,Arm B (Vemurafenib),1.4166666666666667,29477665,Industry,INDUSTRY,Skin,Non-metastatic,Targeted Therapy,2012
PMID 29522138 a_Summary_SoE.pdf,control,0,3.0,4.0,6.0,9.0,10.0,11.0,28.0,3,Arm C (Best Available Therapy [BAT]),0.9166666666666666,29522138,Industry,INDUSTRY,Heme,Hematologic,Other,2014
PMID 29522138 a_Summary_SoE.pdf,intervention,0,3.0,4.0,6.0,9.0,10.0,11.0,28.0,3,Arm A (Pacritinib 400 mg QD),0.9166666666666666,29522138,Industry,INDUSTRY,Heme,Hematologic,Other,2014
PMID 29522138 a_Summary_SoE.pdf,intervention,1,3.0,4.0,6.0,9.0,10.0,11.0,28.0,2,Arm B (Pacritinib 200 mg BID),0.9166666666666666,29522138,Industry,INDUSTRY,Heme,Hematologic,Other,2014
PMID 29528792 a_Summary_SoE.pdf,control,0,1.0,4.0,7.0,11.0,15.0,20.0,21.0,3,Arm B (Placebo + Dacarbazine),1.6666666666666667,29528792,Industry,INDUSTRY,Other,Metastatic,Targeted Therapy,2014
PMID 29528792 a_Summary_SoE.pdf,intervention,0,1.0,4.0,7.0,11.0,15.0,20.0,21.0,3,Arm A (Selumetinib + Dacarbazine),1.6666666666666667,29528792,Industry,INDUSTRY,Other,Metastatic,Targeted Therapy,2014
PMID 29543933 a_Summary_SoE.pdf,control,0,2.0,22.0,40.0,41.0,42.0,43.0,3.5,3,Arm 1 (Standard-dose 3D-CRT/IMRT: 70.2 Gy in 39 fractions),3.5833333333333335,29543933,Non-Industry,NETWORK,GU,Non-metastatic,Radiation,2002
PMID 29543933 a_Summary_SoE.pdf,intervention,0,2.0,22.0,45.0,46.0,47.0,48.0,3.5,3,Arm 2 (High-dose 3D-CRT/IMRT: 79.2 Gy in 44 fractions),4.0,29543933,Non-Industry,NETWORK,GU,Non-metastatic,Radiation,2002
PMID 29562145 a_Summary_SoE.pdf,control,0,2.0,1.0,3.0,5.0,7.0,9.0,42.0,3,Arm B (Sunitinib),0.75,29562145,Industry,INDUSTRY,GU,Metastatic,Immunotherapy,2014
PMID 29562145 a_Summary_SoE.pdf,intervention,0,2.0,2.0,5.0,11.0,18.0,25.0,42.0,3,Arm A (Nivolumab + Ipilimumab),2.0833333333333335,29562145,Industry,INDUSTRY,GU,Metastatic,Immunotherapy,2014
PMID 29562156 a_Summary_SoE.pdf,control,0,1.0,6.0,14.0,20.0,21.0,22.0,28.0,3,Arm B (Bendamustine + Rituximab),1.8333333333333333,29562156,Industry,INDUSTRY,Heme,Hematologic,Targeted Therapy,2014
PMID 29562156 a_Summary_SoE.pdf,intervention,0,1.0,6.0,13.0,19.0,21.0,22.0,28.0,3,Arm A (Venetoclax + Rituximab),1.8333333333333333,29562156,Industry,INDUSTRY,Heme,Hematologic,Targeted Therapy,2014
PMID 29573941 a_Summary_SoE.pdf,control,0,2.0,2.0,4.0,7.0,10.0,14.0,28.0,3,Vemurafenib (960mg BID),1.1666666666666667,29573941,Industry,INDUSTRY,Skin,Metastatic,Targeted Therapy,2013
PMID 29573941 a_Summary_SoE.pdf,control,1,2.0,2.0,4.0,7.0,10.0,14.0,28.0,1,Vemurafenib (960mg BID),1.1666666666666667,29573941,Industry,INDUSTRY,Skin,Metastatic,Targeted Therapy,2013
PMID 29573941 a_Summary_SoE.pdf,intervention,0,2.0,2.0,4.0,7.0,10.0,14.0,28.0,3,Combo 450 (Encorafenib 450mg QD + Binimetinib 45mg BID),1.1666666666666667,29573941,Industry,INDUSTRY,Skin,Metastatic,Targeted Therapy,2013
PMID 29573941 a_Summary_SoE.pdf,intervention,1,2.0,2.0,4.0,7.0,10.0,14.0,28.0,3,LGX818 (Encorafenib 300mg QD),1.1666666666666667,29573941,Industry,INDUSTRY,Skin,Metastatic,Targeted Therapy,2013
PMID 29573941 a_Summary_SoE.pdf,intervention,2,2.0,2.0,4.0,7.0,10.0,14.0,28.0,2,Combo 300 (Encorafenib 300mg QD + Binimetinib 45mg BID),1.1666666666666667,29573941,Industry,INDUSTRY,Skin,Metastatic,Targeted Therapy,2013
PMID 29624463 a_Summary_SoE.pdf,control,0,1.0,1.0,1.0,2.0,3.0,5.0,91.0,3,Arm 1: Adjuvant Hormonal Therapy (Casodex and Zoladex),0.4166666666666667,29624463,Non-Industry,NETWORK,GU,Non-metastatic,Endocrine,1999
PMID 29624463 a_Summary_SoE.pdf,intervention,0,1.0,3.0,9.0,11.0,12.0,14.0,21.0,3,"Arm 2: Adjuvant Chemohormonal Therapy (Mitoxantrone, Prednisone, Casodex, Zoladex)",1.1666666666666667,29624463,Non-Industry,NETWORK,GU,Non-metastatic,Endocrine,1999
PMID 29625879 CT_Summary_SoE.pdf,control,0,2.0,8.0,14.0,20.0,27.0,34.0,28.0,3,Placebo,2.8333333333333335,29625879,Industry,INDUSTRY,GI,Non-metastatic,Other,2012
PMID 29625879 CT_Summary_SoE.pdf,intervention,0,2.0,8.0,14.0,20.0,27.0,34.0,28.0,3,Tivantinib (ARQ 197),2.8333333333333335,29625879,Industry,INDUSTRY,GI,Non-metastatic,Other,2012
PMID 29658430 a_Summary_SoE.pdf,control,0,3.0,2.0,5.0,9.0,13.0,18.0,21.0,3,Arm B (Placebo),1.5,29658430,Industry,INDUSTRY,Skin,Non-metastatic,Immunotherapy,2015
PMID 29658430 a_Summary_SoE.pdf,intervention,0,3.0,2.0,5.0,9.0,13.0,18.0,21.0,3,Arm A (Pembrolizumab),1.5,29658430,Industry,INDUSTRY,Skin,Non-metastatic,Immunotherapy,2015
PMID 29658856 a_Summary_SoE.pdf,control,0,1.0,2.0,5.0,9.0,13.0,18.0,21.0,3,Arm 2 (Saline Placebo + Pemetrexed + Platinum),1.5,29658856,Industry,INDUSTRY,Thor,Metastatic,Immunotherapy,2016
PMID 29658856 a_Summary_SoE.pdf,intervention,0,1.0,2.0,5.0,9.0,13.0,18.0,21.0,3,Arm 1 (Pembrolizumab + Pemetrexed + Platinum),1.5,29658856,Industry,INDUSTRY,Thor,Metastatic,Immunotherapy,2016
PMID 29668860 a_Summary_SoE.pdf,control,0,0.0,0.0,0.0,0.0,0.0,0.0,,3,Chemotherapy,0.0,29668860,Industry,INDUSTRY,Thor,Metastatic,Targeted Therapy,2015
PMID 29668860 a_Summary_SoE.pdf,intervention,0,0.0,0.0,0.0,0.0,0.0,0.0,,3,Alectinib,0.0,29668860,Industry,INDUSTRY,Thor,Metastatic,Targeted Therapy,2015
PMID 29726361 CT_Summary_SoE.pdf,control,0,2.0,22.0,26.0,26.0,26.0,26.0,0.0,3,Arm 1 (Standard emollient skin care - Eucerin),2.1666666666666665,29726361,Non-Industry,OTHER,Breast,Metastatic,Other,2013
PMID 29726361 CT_Summary_SoE.pdf,intervention,0,2.0,22.0,26.0,26.0,26.0,26.0,0.0,3,Arm 2 (Mometasone furoate 0.1% cream - MF),2.1666666666666665,29726361,Non-Industry,OTHER,Breast,Metastatic,Other,2013
PMID 29801011 CT_Summary_SoE.pdf,control,0,1.0,4.0,5.0,6.0,7.0,8.0,0.0,3,Arm 2 (Saline),0.6666666666666666,29801011,Non-Industry,NETWORK,GU,Non-metastatic,Chemotherapy,2007
PMID 29801011 CT_Summary_SoE.pdf,intervention,0,1.0,4.0,5.0,6.0,7.0,8.0,0.0,3,Arm 1 (Gemcitabine),0.6666666666666666,29801011,Non-Industry,NETWORK,GU,Non-metastatic,Chemotherapy,2007
PMID 29804902 CT_Summary_SoE.pdf,control,0,2.0,3.0,6.0,9.0,12.0,16.0,28.0,3,Arm B (Placebo + Tamoxifen/NSAI + Goserelin),1.3333333333333333,29804902,Industry,INDUSTRY,Breast,Metastatic,Targeted Therapy,2014
PMID 29804902 CT_Summary_SoE.pdf,intervention,0,2.0,3.0,6.0,9.0,12.0,16.0,28.0,3,Arm A (LEE011 + Tamoxifen/NSAI + Goserelin),1.3333333333333333,29804902,Industry,INDUSTRY,Breast,Metastatic,Targeted Therapy,2014
PMID 29856685 a_Summary_SoE.pdf,control,0,1.0,5.0,7.0,13.0,14.0,16.0,7.0,3,Arm B (Placebo + Rituximab),1.3333333333333333,29856685,Industry,INDUSTRY,Heme,Hematologic,Targeted Therapy,2014
PMID 29856685 a_Summary_SoE.pdf,intervention,0,1.0,5.0,7.0,13.0,14.0,16.0,7.0,3,Arm A (Ibrutinib + Rituximab),1.3333333333333333,29856685,Industry,INDUSTRY,Heme,Hematologic,Targeted Therapy,2014
PMID 29860922 CT_Summary_SoE.pdf,control,0,2.0,3.0,6.0,9.0,12.0,16.0,28.0,3,Arm B (Placebo + Fulvestrant),1.3333333333333333,29860922,Industry,INDUSTRY,Breast,Metastatic,Targeted Therapy,2015
PMID 29860922 CT_Summary_SoE.pdf,intervention,0,2.0,3.0,6.0,9.0,12.0,16.0,28.0,3,Arm A (Ribociclib + Fulvestrant),1.3333333333333333,29860922,Industry,INDUSTRY,Breast,Metastatic,Targeted Therapy,2015
PMID 29863955 a_Summary_SoE.pdf,control,0,1.0,2.0,5.0,9.0,13.0,18.0,21.0,3,Arm C (Carboplatin + Paclitaxel + Bevacizumab),1.5,29863955,Industry,INDUSTRY,Thor,Metastatic,Immunotherapy,2015
PMID 29863955 a_Summary_SoE.pdf,intervention,0,1.0,2.0,5.0,9.0,13.0,18.0,21.0,3,Arm A (Atezolizumab + Carboplatin + Paclitaxel),1.5,29863955,Industry,INDUSTRY,Thor,Metastatic,Immunotherapy,2015
PMID 29863955 a_Summary_SoE.pdf,intervention,1,1.0,2.0,5.0,9.0,13.0,18.0,21.0,3,Arm B (Atezolizumab + Carboplatin + Paclitaxel + Bevacizumab),1.5,29863955,Industry,INDUSTRY,Thor,Metastatic,Immunotherapy,2015
PMID 29866475 CT_Summary_SoE.pdf,control,0,1.0,8.0,20.0,40.0,60.0,79.0,28.0,3,Arm B (Twice-weekly Carfilzomib with Dexamethasone),6.583333333333333,29866475,Industry,INDUSTRY,Heme,Hematologic,Targeted Therapy,2015
PMID 29866475 CT_Summary_SoE.pdf,intervention,0,1.0,4.0,10.0,20.0,30.0,40.0,28.0,3,Arm A (Once-weekly Carfilzomib with Dexamethasone),3.3333333333333335,29866475,Industry,INDUSTRY,Heme,Hematologic,Targeted Therapy,2015
PMID 29880231 a_Summary_SoE.pdf,control,0,1.0,4.0,10.0,20.0,30.0,40.0,28.0,3,Arm 2: Paclitaxel,3.3333333333333335,29880231,Industry,INDUSTRY,GI,Metastatic,Immunotherapy,2015
PMID 29880231 a_Summary_SoE.pdf,intervention,0,1.0,2.0,5.0,9.0,13.0,18.0,21.0,3,Arm 1: Pembrolizumab (MK-3475),1.5,29880231,Industry,INDUSTRY,GI,Metastatic,Immunotherapy,2015
PMID 29949494 a_Summary_SoE.pdf,control,0,2.0,2.0,2.0,3.0,4.0,5.0,112.0,3,Placebo,0.4166666666666667,29949494,Industry,INDUSTRY,GU,Non-metastatic,Endocrine,2013
PMID 29949494 a_Summary_SoE.pdf,intervention,0,2.0,2.0,2.0,3.0,4.0,5.0,112.0,3,Enzalutamide,0.4166666666666667,29949494,Industry,INDUSTRY,GU,Non-metastatic,Endocrine,2013
PMID 29972759 a_Summary_SoE.pdf,control,0,2.0,3.0,6.0,9.0,12.0,16.0,28.0,3,Arm B (Placebo),1.3333333333333333,29972759,Industry,INDUSTRY,GI,Metastatic,Targeted Therapy,2013
PMID 29972759 a_Summary_SoE.pdf,intervention,0,2.0,3.0,6.0,9.0,12.0,16.0,28.0,3,Arm A (Cabozantinib),1.3333333333333333,29972759,Industry,INDUSTRY,GI,Metastatic,Targeted Therapy,2013
PMID 29989857 a_Summary_SoE.pdf,control,0,3.0,22.0,31.0,32.0,32.0,33.0,7.0,3,Arm 2 (4-field pelvic radiation treatment),2.75,29989857,Non-Industry,NETWORK,GYN,Non-metastatic,Radiation,2012
PMID 29989857 a_Summary_SoE.pdf,intervention,0,3.0,22.0,31.0,32.0,32.0,33.0,7.0,3,Arm 1 (IMRT pelvic radiation treatment),2.75,29989857,Non-Industry,NETWORK,GYN,Non-metastatic,Radiation,2012
PMID 30010751 a_Summary_SoE.pdf,control,0,1.0,3.0,6.0,10.0,14.0,19.0,21.0,3,Arm B (Placebo + Best Supportive Care),1.5833333333333333,30010751,Industry,INDUSTRY,GI,Metastatic,Targeted Therapy,2014
PMID 30010751 a_Summary_SoE.pdf,intervention,0,1.0,3.0,6.0,10.0,14.0,19.0,21.0,3,Arm A (Nintedanib + Best Supportive Care),1.5833333333333333,30010751,Industry,INDUSTRY,GI,Metastatic,Targeted Therapy,2014
PMID 30024784 a_Summary_SoE.pdf,control,0,1.0,11.0,23.0,40.0,43.0,46.0,42.0,3,Arm B (Conventional 7+3 Regimen),3.8333333333333335,30024784,Industry,INDUSTRY,Heme,Hematologic,Chemotherapy,2012
PMID 30024784 a_Summary_SoE.pdf,intervention,0,1.0,8.0,18.0,31.0,34.0,37.0,42.0,3,Arm A (CPX-351 Liposome Injection),3.0833333333333335,30024784,Industry,INDUSTRY,Heme,Hematologic,Chemotherapy,2012
PMID 30040523 a_Summary_SoE.pdf,control,0,1.0,2.0,5.0,17.0,18.0,19.0,21.0,3,Arm A (Placebo + AC -> Placebo + Paclitaxel),1.5833333333333333,30040523,Industry,NIH,Breast,Metastatic,Targeted Therapy,2007
PMID 30040523 a_Summary_SoE.pdf,intervention,0,1.0,2.0,5.0,17.0,18.0,19.0,21.0,3,Arm B (Bevacizumab + AC -> Bevacizumab + Paclitaxel),1.5833333333333333,30040523,Industry,NIH,Breast,Metastatic,Targeted Therapy,2007
PMID 30040523 a_Summary_SoE.pdf,intervention,1,1.0,2.0,5.0,17.0,21.0,26.0,21.0,3,Arm C/D (Bevacizumab + AC -> Bevacizumab + Paclitaxel -> Bevacizumab Monotherapy),2.1666666666666665,30040523,Industry,NIH,Breast,Metastatic,Targeted Therapy,2007
PMID 30052729 CT_Summary_SoE.pdf,control,0,1.0,2.0,5.0,9.0,13.0,18.0,21.0,3,Arm D (Physician's Choice - BSC Only),1.5,30052729,Industry,INDUSTRY,GI,Metastatic,Immunotherapy,2015
PMID 30052729 CT_Summary_SoE.pdf,control,1,1.0,3.0,7.0,13.0,20.0,27.0,28.0,3,Arm C (Physician's Choice - Irinotecan + BSC),2.25,30052729,Industry,INDUSTRY,GI,Metastatic,Immunotherapy,2015
PMID 30052729 CT_Summary_SoE.pdf,control,2,1.0,4.0,10.0,20.0,30.0,40.0,28.0,3,Arm B (Physician's Choice - Paclitaxel + BSC),3.3333333333333335,30052729,Industry,INDUSTRY,GI,Metastatic,Immunotherapy,2015
PMID 30052729 CT_Summary_SoE.pdf,intervention,0,1.0,3.0,7.0,13.0,20.0,27.0,14.0,3,Arm A (Avelumab + Best Supportive Care),2.25,30052729,Industry,INDUSTRY,GI,Metastatic,Immunotherapy,2015
PMID 30072745 a_Summary_SoE.pdf,control,0,2.0,4.0,10.0,18.0,27.0,36.0,21.0,3,Arm B (single-agent Cisplatin),3.0,30072745,Industry,INDUSTRY,GYN,Metastatic,Chemotherapy,2008
PMID 30072745 a_Summary_SoE.pdf,intervention,0,2.0,4.0,10.0,18.0,27.0,36.0,21.0,3,Arm A (S-1 + Cisplatin),3.0,30072745,Industry,INDUSTRY,GYN,Metastatic,Chemotherapy,2008
PMID 30100375 CT_Summary_SoE.pdf,control,0,1.0,6.0,12.0,21.0,31.0,42.0,28.0,3,Arm B (Vorinostat / ZOLINZA),3.5,30100375,Industry,INDUSTRY,Heme,Hematologic,Targeted Therapy,2012
PMID 30100375 CT_Summary_SoE.pdf,intervention,0,1.0,6.0,12.0,21.0,31.0,42.0,28.0,3,Arm A (KW-0761 / mogamulizumab),3.5,30100375,Industry,INDUSTRY,Heme,Hematologic,Targeted Therapy,2012
PMID 30110579 a_Summary_SoE.pdf,control,0,2.0,5.0,12.0,21.0,29.0,40.0,21.0,3,Arm B (Physician's Choice),3.3333333333333335,30110579,Industry,INDUSTRY,Breast,Metastatic,Targeted Therapy,2013
PMID 30110579 a_Summary_SoE.pdf,intervention,0,2.0,5.0,11.0,20.0,28.0,38.0,21.0,3,Arm A (Talazoparib),3.1666666666666665,30110579,Industry,INDUSTRY,Breast,Metastatic,Targeted Therapy,2013
PMID 30177994 a_Summary_SoE.pdf,control,0,2.0,2.0,5.0,9.0,13.0,18.0,21.0,3,"Arm B (Standard of Care - Erlotinib, Docetaxel, or Pemetrexed)",1.5,30177994,Industry,INDUSTRY,Thor,Metastatic,Targeted Therapy,2011
PMID 30177994 a_Summary_SoE.pdf,intervention,0,2.0,2.0,5.0,9.0,13.0,18.0,21.0,3,Arm A (Bevacizumab + Platinum Doublet / Bevacizumab monotherapy),1.5,30177994,Industry,INDUSTRY,Thor,Metastatic,Targeted Therapy,2011
PMID 30262187 CT _Summary_SoE.pdf,control,0,1.0,2.0,5.0,9.0,13.0,18.0,21.0,3,Docetaxel Arm,1.5,30262187,Industry,INDUSTRY,Thor,Metastatic,Immunotherapy,2015
PMID 30262187 CT _Summary_SoE.pdf,intervention,0,1.0,3.0,7.0,13.0,20.0,27.0,14.0,3,Avelumab Arm,2.25,30262187,Industry,INDUSTRY,Thor,Metastatic,Immunotherapy,2015
PMID 30280635 a_Summary_SoE.pdf,control,0,1.0,5.0,13.0,17.0,21.0,26.0,21.0,3,Arm 2 (Placebo + Carboplatin + Paclitaxel/Nab-paclitaxel),2.1666666666666665,30280635,Industry,INDUSTRY,Thor,Metastatic,Immunotherapy,2016
PMID 30280635 a_Summary_SoE.pdf,intervention,0,1.0,5.0,13.0,17.0,21.0,26.0,21.0,3,Arm 1 (Pembrolizumab + Carboplatin + Paclitaxel/Nab-paclitaxel),2.1666666666666665,30280635,Industry,INDUSTRY,Thor,Metastatic,Immunotherapy,2016
PMID 30280641 a_Summary_SoE.pdf,control,0,1.0,6.0,13.0,17.0,21.0,26.0,21.0,3,Arm B (Placebo + Carboplatin + Etoposide),2.1666666666666665,30280641,Industry,INDUSTRY,Thor,Metastatic,Immunotherapy,2016
PMID 30280641 a_Summary_SoE.pdf,intervention,0,1.0,6.0,13.0,17.0,21.0,26.0,21.0,3,Arm A (Atezolizumab + Carboplatin + Etoposide),2.1666666666666665,30280641,Industry,INDUSTRY,Thor,Metastatic,Immunotherapy,2016
PMID 30280657 a_Summary_SoE.pdf,control,0,1.0,4.0,8.0,13.0,17.0,23.0,28.0,3,Arm B (Crizotinib),1.9166666666666667,30280657,Industry,INDUSTRY,Thor,Metastatic,Targeted Therapy,2016
PMID 30280657 a_Summary_SoE.pdf,intervention,0,1.0,4.0,8.0,13.0,17.0,23.0,28.0,3,Arm A (Brigatinib),1.9166666666666667,30280657,Industry,INDUSTRY,Thor,Metastatic,Targeted Therapy,2016
PMID 30287523 CT_Summary_SoE.pdf,control,0,1.0,5.0,9.0,12.0,13.0,15.0,28.0,3,Arm B (Ofatumumab),1.25,30287523,Industry,INDUSTRY,Heme,Hematologic,Targeted Therapy,2013
PMID 30287523 CT_Summary_SoE.pdf,intervention,0,1.0,3.0,6.0,9.0,10.0,12.0,28.0,3,Arm A (Duvelisib),1.0,30287523,Industry,INDUSTRY,Heme,Hematologic,Targeted Therapy,2013
PMID 30345884 a_Summary_SoE.pdf,control,0,3.0,5.0,7.0,10.0,13.0,17.0,28.0,3,Matching Placebo,1.4166666666666667,30345884,Industry,INDUSTRY,GYN,Metastatic,Targeted Therapy,2013
PMID 30345884 a_Summary_SoE.pdf,intervention,0,3.0,5.0,7.0,10.0,13.0,17.0,28.0,3,Olaparib Maintenance Monotherapy,1.4166666666666667,30345884,Industry,INDUSTRY,GYN,Metastatic,Targeted Therapy,2013
PMID 30345906 a_Summary_SoE.pdf,control,0,2.0,4.0,10.0,20.0,30.0,40.0,28.0,3,Arm B (Placebo + nab-paclitaxel),3.3333333333333335,30345906,Industry,INDUSTRY,Breast,Metastatic,Immunotherapy,2015
PMID 30345906 a_Summary_SoE.pdf,intervention,0,2.0,4.0,10.0,20.0,30.0,40.0,28.0,3,Arm A (Atezolizumab + nab-paclitaxel),3.3333333333333335,30345906,Industry,INDUSTRY,Breast,Metastatic,Immunotherapy,2015
PMID 30346481 CT_Summary_SoE.pdf,control,0,2.0,3.0,5.0,7.0,8.0,10.0,28.0,3,Arm B (placebo),0.8333333333333334,30346481,Industry,INDUSTRY,GU,Non-metastatic,Targeted Therapy,2012
PMID 30346481 CT_Summary_SoE.pdf,intervention,0,2.0,3.0,5.0,7.0,8.0,10.0,28.0,3,Arm A (axitinib),0.8333333333333334,30346481,Industry,INDUSTRY,GU,Non-metastatic,Targeted Therapy,2012
PMID 30355453 CT_Summary_SoE.pdf,control,0,2.0,3.0,5.0,8.0,11.0,15.0,28.0,3,Placebo + Best Supportive Care (BSC),1.25,30355453,Industry,INDUSTRY,GI,Metastatic,Other,2016
PMID 30355453 CT_Summary_SoE.pdf,intervention,0,2.0,3.0,5.0,8.0,11.0,15.0,28.0,3,TAS-102 + Best Supportive Care (BSC),1.25,30355453,Industry,INDUSTRY,GI,Metastatic,Other,2016
PMID 30389036 CT_Summary_SoE.pdf,control,0,1.0,4.0,5.0,6.0,8.0,10.0,56.0,3,US-licensed Rituxan (375 mg/m² IV),0.8333333333333334,30389036,Industry,INDUSTRY,Heme,Hematologic,Targeted Therapy,2015
PMID 30389036 CT_Summary_SoE.pdf,intervention,0,1.0,4.0,5.0,6.0,8.0,10.0,56.0,3,CT-P10 (375 mg/m² IV),0.8333333333333334,30389036,Industry,INDUSTRY,Heme,Hematologic,Targeted Therapy,2015
PMID 30415629 a_Summary_SoE.pdf,control,0,1.0,0.0,0.0,0.0,0.0,0.0,0.0,3,Arm 4: Placebo Vitamin D3 + Placebo Fish Oil,0.0,30415629,Non-Industry,OTHER,Other,NS,Other,2010
PMID 30415629 a_Summary_SoE.pdf,intervention,0,1.0,0.0,0.0,0.0,0.0,0.0,0.0,3,Arm 1: Vitamin D3 (2000 IU/d) + Omacor® Fish Oil (840 mg EPA+DHA),0.0,30415629,Non-Industry,OTHER,Other,NS,Other,2010
PMID 30415629 a_Summary_SoE.pdf,intervention,1,1.0,0.0,0.0,0.0,0.0,0.0,0.0,3,Arm 2: Vitamin D3 (2000 IU/d) + Fish Oil Placebo,0.0,30415629,Non-Industry,OTHER,Other,NS,Other,2010
PMID 30415629 a_Summary_SoE.pdf,intervention,2,1.0,0.0,0.0,0.0,0.0,0.0,0.0,3,Arm 3: Placebo Vitamin D3 + Omacor® Fish Oil (840 mg EPA+DHA),0.0,30415629,Non-Industry,OTHER,Other,NS,Other,2010
PMID 30449625 CT_Summary_SoE.pdf,control,0,2.0,22.0,31.0,32.0,33.0,34.0,21.0,3,Arm 1 (Accelerated IMRT + Cisplatin),2.8333333333333335,30449625,Non-Industry,NETWORK,GI,Non-metastatic,Targeted Therapy,2011
PMID 30449625 CT_Summary_SoE.pdf,intervention,0,2.0,18.0,33.0,34.0,35.0,36.0,7.0,3,Arm 2 (Accelerated IMRT + Cetuximab),3.0,30449625,Non-Industry,NETWORK,GI,Non-metastatic,Targeted Therapy,2011
PMID 30501481 a_Summary_SoE.pdf,control,0,2.0,5.0,9.0,13.0,14.0,15.0,28.0,3,Arm 1 (Bendamustine plus Rituximab),1.25,30501481,Industry,NIH,Heme,Hematologic,Targeted Therapy,2013
PMID 30501481 a_Summary_SoE.pdf,intervention,0,2.0,2.0,4.0,6.0,7.0,8.0,28.0,3,Arm 2 (Ibrutinib Alone),0.6666666666666666,30501481,Industry,NIH,Heme,Hematologic,Targeted Therapy,2013
PMID 30501481 a_Summary_SoE.pdf,intervention,1,2.0,2.0,7.0,9.0,10.0,11.0,28.0,3,Arm 3 (Ibrutinib plus Rituximab),0.9166666666666666,30501481,Industry,NIH,Heme,Hematologic,Targeted Therapy,2013
PMID 30509740 a_Summary_SoE.pdf,control,0,1.0,5.0,13.0,26.0,39.0,53.0,21.0,3,"Standard Treatment (Methotrexate, Docetaxel, or Cetuximab)",4.416666666666667,30509740,Industry,INDUSTRY,HN,Metastatic,Immunotherapy,2014
PMID 30509740 a_Summary_SoE.pdf,intervention,0,1.0,2.0,5.0,9.0,13.0,18.0,21.0,3,Pembrolizumab (MK-3475),1.5,30509740,Industry,INDUSTRY,HN,Metastatic,Immunotherapy,2014
PMID 30516102 a_Summary_SoE.pdf,control,0,2.0,3.0,7.0,12.0,17.0,20.0,21.0,3,Arm B (Trastuzumab),1.6666666666666667,30516102,Industry,INDUSTRY,Breast,Non-metastatic,Targeted Therapy,2013
PMID 30516102 a_Summary_SoE.pdf,intervention,0,2.0,3.0,7.0,12.0,17.0,20.0,21.0,3,Arm A (Trastuzumab emtansine),1.6666666666666667,30516102,Industry,INDUSTRY,Breast,Non-metastatic,Targeted Therapy,2013
PMID 30522922 CT_Summary_SoE.pdf,control,0,2.0,4.0,8.0,13.0,14.0,15.0,21.0,3,Standard-of-care Arm (CHOP),1.25,30522922,Industry,INDUSTRY,Heme,Hematologic,Targeted Therapy,2013
PMID 30522922 CT_Summary_SoE.pdf,intervention,0,2.0,4.0,8.0,13.0,14.0,15.0,21.0,3,Experimental Arm (Brentuximab vedotin + CHP),1.25,30522922,Industry,INDUSTRY,Heme,Hematologic,Targeted Therapy,2013
PMID 30522969 CT_Summary_SoE.pdf,control,0,2.0,5.0,9.0,14.0,15.0,16.0,28.0,3,Arm B (Chlorambucil + Obinutuzumab),1.3333333333333333,30522969,Industry,INDUSTRY,Heme,Hematologic,Targeted Therapy,2014
PMID 30522969 CT_Summary_SoE.pdf,intervention,0,2.0,5.0,7.0,10.0,13.0,17.0,28.0,3,Arm A (Ibrutinib + Obinutuzumab),1.4166666666666667,30522969,Industry,INDUSTRY,Heme,Hematologic,Targeted Therapy,2014
PMID 30545780 CT_Summary_SoE.pdf,control,0,1.0,4.0,7.0,10.0,13.0,17.0,28.0,3,Placebo,1.4166666666666667,30545780,Industry,INDUSTRY,Heme,Hematologic,Targeted Therapy,2014
PMID 30545780 CT_Summary_SoE.pdf,intervention,0,1.0,4.0,7.0,10.0,13.0,17.0,28.0,3,Ixazomib,1.4166666666666667,30545780,Industry,INDUSTRY,Heme,Hematologic,Targeted Therapy,2014
PMID 30575484 a_Summary_SoE.pdf,control,0,1.0,3.0,5.0,8.0,11.0,15.0,28.0,3,Arm 2 (Placebo),1.25,30575484,Non-Industry,NIH,Other,Non-metastatic,Targeted Therapy,2014
PMID 30575484 a_Summary_SoE.pdf,intervention,0,1.0,3.0,5.0,8.0,11.0,15.0,28.0,3,Arm 1 (Sorafenib),1.25,30575484,Non-Industry,NIH,Other,Non-metastatic,Targeted Therapy,2014
PMID 30653422 a_Summary_SoE.pdf,control,0,2.0,22.0,26.0,31.0,33.0,34.0,28.0,3,Arm B (Single Autologous Transplant followed by Lenalidomide Maintenance),2.8333333333333335,30653422,Industry,NIH,Heme,Hematologic,Targeted Therapy,2010
PMID 30653422 a_Summary_SoE.pdf,intervention,0,2.0,22.0,24.0,38.0,41.0,42.0,21.0,3,Arm A (Tandem Autologous Transplants followed by Lenalidomide Maintenance),3.5,30653422,Industry,NIH,Heme,Hematologic,Targeted Therapy,2010
PMID 30653422 a_Summary_SoE.pdf,intervention,1,2.0,22.0,24.0,50.0,52.0,53.0,28.0,3,Arm C (Single Autologous Transplant plus RVD Consolidation followed by Lenalidomide Maintenance),4.416666666666667,30653422,Industry,NIH,Heme,Hematologic,Targeted Therapy,2010
PMID 30659987 CT_Summary_SoE.pdf,control,0,2.0,2.0,5.0,9.0,13.0,18.0,21.0,3,Arm B (Docetaxel),1.5,30659987,Industry,INDUSTRY,Thor,Metastatic,Immunotherapy,2015
PMID 30659987 CT_Summary_SoE.pdf,intervention,0,2.0,3.0,7.0,13.0,20.0,27.0,14.0,3,Arm A (Nivolumab),2.25,30659987,Industry,INDUSTRY,Thor,Metastatic,Immunotherapy,2015
PMID 30665869 CT_Summary_SoE.pdf,control,0,3.0,3.0,7.0,13.0,21.0,29.0,14.0,3,Arm B (Placebo + Best Supportive Care),2.4166666666666665,30665869,Industry,INDUSTRY,GI,Metastatic,Targeted Therapy,2015
PMID 30665869 CT_Summary_SoE.pdf,intervention,0,3.0,3.0,7.0,13.0,21.0,29.0,14.0,3,Arm A (Ramucirumab + Best Supportive Care),2.4166666666666665,30665869,Industry,INDUSTRY,GI,Metastatic,Targeted Therapy,2015
PMID 30707661 a_Summary_SoE.pdf,control,0,1.0,5.0,12.0,23.0,34.0,46.0,49.0,3,Arm B (Pralatrexate),3.8333333333333335,30707661,Industry,INDUSTRY,Heme,Hematologic,Chemotherapy,2012
PMID 30707661 a_Summary_SoE.pdf,intervention,0,1.0,6.0,14.0,27.0,40.0,54.0,21.0,3,Arm A (Alisertib),4.5,30707661,Industry,INDUSTRY,Heme,Hematologic,Chemotherapy,2012
PMID 30763142 a_Summary_SoE.pdf,control,0,1.0,3.0,3.0,4.0,5.0,6.0,112.0,3,Arm B (Placebo),0.5,30763142,Industry,INDUSTRY,GU,Non-metastatic,Endocrine,2014
PMID 30763142 a_Summary_SoE.pdf,intervention,0,1.0,3.0,3.0,4.0,5.0,6.0,112.0,3,Arm A (Darolutamide),0.5,30763142,Industry,INDUSTRY,GU,Non-metastatic,Endocrine,2014
PMID 30763730 CT_Summary_SoE.pdf,control,0,2.0,2.0,4.0,7.0,10.0,14.0,28.0,3,Arm A (AZD9291 Monotherapy),1.1666666666666667,30763730,Industry,INDUSTRY,Thor,Metastatic,Other,2015
PMID 30763730 CT_Summary_SoE.pdf,intervention,0,2.0,3.0,7.0,13.0,20.0,27.0,28.0,3,Arm B (AZD9291 + MEDI4736 Combination),2.25,30763730,Industry,INDUSTRY,Thor,Metastatic,Other,2015
PMID 30777794 a_Summary_SoE.pdf,control,0,16.0,3.0,7.0,13.0,19.0,26.0,21.0,3,Arm A (Thalidomide-Prednisolone),2.1666666666666665,30777794,Industry,INDUSTRY,Heme,Hematologic,Targeted Therapy,2012
PMID 30777794 a_Summary_SoE.pdf,intervention,0,16.0,5.0,13.0,26.0,39.0,53.0,28.0,3,Arm B (Bortezomib-Thalidomide-Prednisolone),4.416666666666667,30777794,Industry,INDUSTRY,Heme,Hematologic,Targeted Therapy,2012
PMID 30779529 a_Summary_SoE.pdf,control,0,1.0,3.0,6.0,10.0,12.0,14.0,42.0,3,Arm 2 (Sunitinib),1.1666666666666667,30779529,Industry,INDUSTRY,GU,Metastatic,Immunotherapy,2016
PMID 30779529 a_Summary_SoE.pdf,intervention,0,1.0,3.0,6.0,10.0,14.0,19.0,21.0,3,Arm 1 (Pembrolizumab + Axitinib),1.5833333333333333,30779529,Industry,INDUSTRY,GU,Metastatic,Immunotherapy,2016
PMID 30786186 a_Summary_SoE.pdf,control,0,1.0,1.0,2.0,4.0,4.0,4.0,56.0,3,Arm B (Placebo),0.3333333333333333,30786186,Industry,INDUSTRY,Multiple,Metastatic,Other,2015
PMID 30786186 a_Summary_SoE.pdf,intervention,0,1.0,1.0,2.0,4.0,4.0,4.0,56.0,3,Arm A (Rivaroxaban),0.3333333333333333,30786186,Industry,INDUSTRY,Multiple,Metastatic,Other,2015
PMID 30811280 a_Summary_SoE.pdf,control,0,2.0,2.0,5.0,9.0,14.0,20.0,21.0,3,Arm B (N1I3: Nivolumab 1 mg/kg + Ipilimumab 3 mg/kg),1.6666666666666667,30811280,Industry,INDUSTRY,Skin,Metastatic,Immunotherapy,2016
PMID 30811280 a_Summary_SoE.pdf,intervention,0,2.0,2.0,5.0,9.0,14.0,20.0,21.0,3,Arm A (N3I1: Nivolumab 3 mg/kg + Ipilimumab 1 mg/kg),1.6666666666666667,30811280,Industry,INDUSTRY,Skin,Metastatic,Immunotherapy,2016
PMID 30817251 CT_Summary_SoE.pdf,control,0,1.0,3.0,5.0,8.0,8.0,9.0,0.0,3,Arm P (Double placebo),0.75,30817251,Industry,INDUSTRY,GU,Metastatic,Targeted Therapy,2011
PMID 30817251 CT_Summary_SoE.pdf,intervention,0,1.0,3.0,5.0,8.0,8.0,9.0,0.0,3,Arm V+G (PROSTVAC-V/F plus GM-CSF),0.75,30817251,Industry,INDUSTRY,GU,Metastatic,Targeted Therapy,2011
PMID 30817251 CT_Summary_SoE.pdf,intervention,1,1.0,3.0,5.0,8.0,8.0,9.0,0.0,3,Arm V (PROSTVAC-V/F plus GM-CSF placebo),0.75,30817251,Industry,INDUSTRY,GU,Metastatic,Targeted Therapy,2011
PMID 30819926 a_Summary_SoE.pdf,control,0,2.0,4.0,9.0,17.0,21.0,26.0,42.0,3,Bortezomib group (VMP),2.1666666666666665,30819926,Industry,INDUSTRY,Heme,Hematologic,Targeted Therapy,2013
PMID 30819926 a_Summary_SoE.pdf,intervention,0,2.0,4.0,9.0,18.0,26.0,36.0,42.0,3,Carfilzomib group (KMP),3.0,30819926,Industry,INDUSTRY,Heme,Hematologic,Targeted Therapy,2013
PMID 30897038 a_Summary_SoE.pdf,control,0,2.0,5.0,9.0,13.0,16.0,19.0,28.0,3,Control: Rituximab plus Placebo,1.5833333333333333,30897038,Industry,INDUSTRY,Heme,Hematologic,Targeted Therapy,2013
PMID 30897038 a_Summary_SoE.pdf,intervention,0,2.0,5.0,9.0,13.0,16.0,19.0,28.0,3,Experimental: Rituximab plus Lenalidomide (CC-5013),1.5833333333333333,30897038,Industry,INDUSTRY,Heme,Hematologic,Targeted Therapy,2013
PMID 30901302 a_Summary_SoE.pdf,control,0,1.0,5.0,13.0,25.0,26.0,27.0,21.0,3,Arm A (Placebo + R-CHOP),2.25,30901302,Industry,INDUSTRY,Heme,Hematologic,Targeted Therapy,2013
PMID 30901302 a_Summary_SoE.pdf,intervention,0,1.0,5.0,13.0,25.0,26.0,27.0,21.0,3,Arm B (Ibrutinib + R-CHOP),2.25,30901302,Industry,INDUSTRY,Heme,Hematologic,Targeted Therapy,2013
PMID 30939090 a_Summary_SoE.pdf,control,0,2.0,2.0,6.5,9.5,10.5,11.5,21.0,2,Arm A (R-CHOP),0.9583333333333334,30939090,Non-Industry,OTHER,Heme,Hematologic,Targeted Therapy,2005
PMID 30939090 a_Summary_SoE.pdf,control,1,2.0,9.0,27.0,39.0,40.0,41.0,21.0,3,Arm A (R-CHOP),3.4166666666666665,30939090,Non-Industry,OTHER,Heme,Hematologic,Targeted Therapy,2005
PMID 30939090 a_Summary_SoE.pdf,intervention,0,2.0,9.0,27.0,38.0,39.0,40.0,21.0,1,Arm B (DA-EPOCH-R),3.3333333333333335,30939090,Non-Industry,OTHER,Heme,Hematologic,Targeted Therapy,2005
PMID 30955977 a_Summary_SoE.pdf,control,0,1.0,2.0,5.0,9.0,13.0,18.0,21.0,3,Arm B (Standard of Care Platinum-based Chemotherapy),1.5,30955977,Industry,INDUSTRY,Thor,Metastatic,Immunotherapy,2014
PMID 30955977 a_Summary_SoE.pdf,intervention,0,1.0,2.0,5.0,9.0,13.0,18.0,21.0,3,Arm A (Pembrolizumab),1.5,30955977,Industry,INDUSTRY,Thor,Metastatic,Immunotherapy,2014
PMID 30990550 a_Summary_SoE.pdf,control,0,1.0,2.0,2.0,2.0,2.0,2.0,1.0,3,Arm C (Placebo mouthwash),0.1666666666666666,30990550,Non-Industry,OTHER,HN,Non-metastatic,Other,2014
PMID 30990550 a_Summary_SoE.pdf,intervention,0,1.0,2.0,2.0,2.0,2.0,2.0,1.0,3,Arm A (Doxepin mouthwash),0.1666666666666666,30990550,Non-Industry,OTHER,HN,Non-metastatic,Other,2014
PMID 30990550 a_Summary_SoE.pdf,intervention,1,1.0,2.0,2.0,2.0,2.0,2.0,1.0,3,Arm B (DLA mouthwash),0.1666666666666666,30990550,Non-Industry,OTHER,HN,Non-metastatic,Other,2014
PMID 30995174 a_Summary_SoE.pdf,control,0,2.0,20.0,29.0,30.0,31.0,32.0,7.0,3,Regimen I (Pelvic Radiation Therapy),2.6666666666666665,30995174,Non-Industry,NETWORK,GYN,Non-metastatic,Chemotherapy,2009
PMID 30995174 a_Summary_SoE.pdf,intervention,0,2.0,6.0,13.0,14.0,15.0,16.0,21.0,3,Regimen II (Vaginal Cuff Brachytherapy + Chemotherapy),1.3333333333333333,30995174,Non-Industry,NETWORK,GYN,Non-metastatic,Chemotherapy,2009
PMID 30995176 CT a_Summary_SoE.pdf,control,0,1.0,3.0,7.0,10.0,12.0,14.0,7.0,3,Arm B (Standard-dose GS-1101),1.1666666666666667,30995176,Industry,INDUSTRY,Heme,Hematologic,Targeted Therapy,2012
PMID 30995176 CT a_Summary_SoE.pdf,intervention,0,1.0,3.0,7.0,10.0,12.0,14.0,7.0,3,Arm A (High-dose GS-1101),1.1666666666666667,30995176,Industry,INDUSTRY,Heme,Hematologic,Targeted Therapy,2012
PMID 31002578 a_Summary_SoE.pdf,control,0,2.0,5.0,13.0,21.0,25.0,30.0,21.0,3,"Arm I (TJIV: IV paclitaxel, IV carboplatin, IV bevacizumab)",2.5,31002578,Industry,NIH,GYN,Non-metastatic,Targeted Therapy,2009
PMID 31002578 a_Summary_SoE.pdf,intervention,0,2.0,5.0,13.0,21.0,25.0,30.0,21.0,3,"Arm II (TJIP: IV paclitaxel, IP carboplatin, IV bevacizumab)",2.5,31002578,Industry,NIH,GYN,Non-metastatic,Targeted Therapy,2009
PMID 31002578 a_Summary_SoE.pdf,intervention,1,2.0,7.0,18.0,27.0,31.0,36.0,21.0,3,"Arm III (TCTIP: IV paclitaxel, IP cisplatin, IP paclitaxel, IV bevacizumab)",3.0,31002578,Industry,NIH,GYN,Non-metastatic,Targeted Therapy,2009
PMID 31003911 CT_Summary_SoE.pdf,control,0,1.0,5.0,9.0,12.0,15.0,19.0,28.0,3,Arm C (Regorafenib),1.5833333333333333,31003911,Industry,INDUSTRY,GI,Metastatic,Immunotherapy,2016
PMID 31003911 CT_Summary_SoE.pdf,intervention,0,1.0,3.0,6.0,10.0,14.0,19.0,21.0,3,Arm B (Atezolizumab Monotherapy),1.5833333333333333,31003911,Industry,INDUSTRY,GI,Metastatic,Immunotherapy,2016
PMID 31003911 CT_Summary_SoE.pdf,intervention,1,1.0,3.0,7.0,13.0,19.0,27.0,28.0,3,Arm A (Cobimetinib + Atezolizumab),2.25,31003911,Industry,INDUSTRY,GI,Metastatic,Immunotherapy,2016
PMID 31070709 CT_Summary_SoE.pdf,control,0,1.0,3.0,5.0,8.0,9.0,11.0,28.0,3,Arm B (Erlotinib or Gefitinib),0.9166666666666666,31070709,Industry,INDUSTRY,Thor,Metastatic,Targeted Therapy,2016
PMID 31070709 CT_Summary_SoE.pdf,intervention,0,1.0,3.0,5.0,8.0,9.0,11.0,28.0,3,Arm A (ASP8273),0.9166666666666666,31070709,Industry,INDUSTRY,Thor,Metastatic,Targeted Therapy,2016
PMID 31079938 CT_Summary_SoE.pdf,control,0,2.0,2.0,5.0,9.0,13.0,18.0,42.0,3,Arm B (Sunitinib),1.5,31079938,Industry,INDUSTRY,GU,Metastatic,Immunotherapy,2015
PMID 31079938 CT_Summary_SoE.pdf,intervention,0,2.0,2.0,5.0,9.0,13.0,18.0,42.0,3,Arm A (Atezolizumab + Bevacizumab),1.5,31079938,Industry,INDUSTRY,GU,Metastatic,Immunotherapy,2015
PMID 31091374 a_Summary_SoE.pdf,control,0,2.0,4.0,7.0,10.0,13.0,17.0,28.0,3,Arm A (Placebo + Fulvestrant),1.4166666666666667,31091374,Industry,INDUSTRY,Breast,Metastatic,Targeted Therapy,2015
PMID 31091374 a_Summary_SoE.pdf,intervention,0,2.0,4.0,7.0,10.0,13.0,17.0,28.0,3,Arm B (Alpelisib + Fulvestrant),1.4166666666666667,31091374,Industry,INDUSTRY,Breast,Metastatic,Targeted Therapy,2015
PMID 31097405 a_Summary_SoE.pdf,control,0,2.0,7.0,18.0,34.0,42.0,52.0,21.0,3,Arm B (Bortezomib and low-dose Dexamethasone),4.333333333333333,31097405,Industry,INDUSTRY,Heme,Hematologic,Targeted Therapy,2013
PMID 31097405 a_Summary_SoE.pdf,intervention,0,2.0,7.0,18.0,34.0,42.0,52.0,21.0,3,"Arm A (Pomalidomide, Bortezomib, and low-dose Dexamethasone)",4.333333333333333,31097405,Industry,INDUSTRY,Heme,Hematologic,Targeted Therapy,2013
PMID 31122901 CT_Summary_SoE.pdf,control,0,2.0,5.0,13.0,21.0,25.0,30.0,21.0,3,Arm B (Carboplatin + nab-Paclitaxel),2.5,31122901,Industry,INDUSTRY,Thor,Metastatic,Immunotherapy,2015
PMID 31122901 CT_Summary_SoE.pdf,intervention,0,2.0,5.0,13.0,21.0,25.0,30.0,21.0,3,Arm A (Atezolizumab + Carboplatin + nab-Paclitaxel),2.5,31122901,Industry,INDUSTRY,Thor,Metastatic,Immunotherapy,2015
PMID 31141632 a_Summary_SoE.pdf,control,0,1.0,5.0,11.0,17.0,20.0,24.0,28.0,3,Arm A (Rd: Lenalidomide and Dexamethasone),2.0,31141632,Industry,INDUSTRY,Heme,Hematologic,Targeted Therapy,2015
PMID 31141632 a_Summary_SoE.pdf,intervention,0,1.0,5.0,11.0,17.0,20.0,24.0,28.0,3,"Arm B (DRd: Daratumumab, Lenalidomide, and Dexamethasone)",2.0,31141632,Industry,INDUSTRY,Heme,Hematologic,Targeted Therapy,2015
PMID 31150574 a_Summary_SoE.pdf,control,0,2.0,2.0,4.0,7.0,10.0,13.0,28.0,3,Arm B (Placebo + ADT),1.0833333333333333,31150574,Industry,INDUSTRY,GU,Metastatic,Endocrine,2015
PMID 31150574 a_Summary_SoE.pdf,intervention,0,2.0,2.0,4.0,7.0,10.0,13.0,28.0,3,Arm A (Apalutamide + ADT),1.0833333333333333,31150574,Industry,INDUSTRY,GU,Metastatic,Endocrine,2015
PMID 31157963 a_Summary_SoE.pdf,control,0,2.0,5.0,7.0,10.0,13.0,17.0,28.0,3,Arm B (Placebo),1.4166666666666667,31157963,Industry,INDUSTRY,GI,Metastatic,Targeted Therapy,2014
PMID 31157963 a_Summary_SoE.pdf,intervention,0,2.0,5.0,7.0,10.0,13.0,17.0,28.0,3,Arm A (Olaparib),1.4166666666666667,31157963,Industry,INDUSTRY,GI,Metastatic,Targeted Therapy,2014
PMID 31166681 a_Summary_SoE.pdf,control,0,1.0,4.0,9.0,15.0,21.0,27.0,28.0,3,Arm B (Obinutuzumab + Chlorambucil),2.25,31166681,Industry,INDUSTRY,Heme,Hematologic,Targeted Therapy,2014
PMID 31166681 a_Summary_SoE.pdf,intervention,0,1.0,6.0,16.0,19.0,22.0,25.0,28.0,3,Arm A (Obinutuzumab + Venetoclax),2.0833333333333335,31166681,Industry,INDUSTRY,Heme,Hematologic,Targeted Therapy,2014
PMID 31175001 CT_Summary_SoE.pdf,control,0,1.0,13.0,38.0,72.0,102.0,133.0,28.0,3,Arm B (Salvage Chemotherapy - LoDAC),11.083333333333334,31175001,Industry,INDUSTRY,Heme,Hematologic,Targeted Therapy,2014
PMID 31175001 CT_Summary_SoE.pdf,intervention,0,1.0,6.0,9.0,12.0,15.0,19.0,28.0,3,Arm A (Quizartinib Monotherapy),1.5833333333333333,31175001,Industry,INDUSTRY,Heme,Hematologic,Targeted Therapy,2014
PMID 31189035 a_Summary_SoE.pdf,control,0,2.0,2.0,5.0,7.0,8.0,9.0,21.0,3,Regimen II (Carboplatin + Paclitaxel),0.75,31189035,Non-Industry,NETWORK,GYN,Metastatic,Chemotherapy,2009
PMID 31189035 a_Summary_SoE.pdf,intervention,0,2.0,22.0,26.0,31.0,32.0,33.0,21.0,3,Regimen I (Cisplatin + RT followed by Carboplatin + Paclitaxel),2.75,31189035,Non-Industry,NETWORK,GYN,Metastatic,Chemotherapy,2009
PMID 31194247 a_Summary_SoE.pdf,control,0,1.0,4.0,6.0,9.0,12.0,16.0,28.0,3,Arm B (Placebo),1.3333333333333333,31194247,Industry,INDUSTRY,HN,Non-metastatic,Targeted Therapy,2011
PMID 31194247 a_Summary_SoE.pdf,intervention,0,1.0,4.0,6.0,9.0,12.0,16.0,28.0,3,Arm A (Afatinib),1.3333333333333333,31194247,Industry,INDUSTRY,HN,Non-metastatic,Targeted Therapy,2011
PMID 31221619 a_Summary_SoE.pdf,control,0,1.0,2.0,5.0,9.0,13.0,18.0,21.0,3,Arm B (Pembrolizumab + Placebo),1.5,31221619,Industry,INDUSTRY,Skin,Metastatic,Immunotherapy,2016
PMID 31221619 a_Summary_SoE.pdf,intervention,0,1.0,2.0,5.0,9.0,13.0,18.0,21.0,3,Arm A (Pembrolizumab + Epacadostat),1.5,31221619,Industry,INDUSTRY,Skin,Metastatic,Immunotherapy,2016
PMID 31240472 CT_Summary_SoE.pdf,control,0,2.0,5.0,13.0,26.0,39.0,53.0,28.0,3,Arm B (Dexamethasone Alone),4.416666666666667,31240472,Industry,INDUSTRY,Heme,Hematologic,Other,2010
PMID 31240472 CT_Summary_SoE.pdf,intervention,0,2.0,5.0,13.0,26.0,39.0,53.0,28.0,3,Arm A (Plitidepsin + Dexamethasone),4.416666666666667,31240472,Industry,INDUSTRY,Heme,Hematologic,Other,2010
PMID 31246522 CT_Summary_SoE.pdf,control,0,2.0,10.0,23.0,28.0,29.0,30.0,29.0,3,Arm A: Conventional Induction (HD-ADE),2.5,31246522,Industry,OTHER,Heme,Hematologic,Chemotherapy,2008
PMID 31246522 CT_Summary_SoE.pdf,intervention,0,2.0,9.0,22.0,27.0,28.0,29.0,29.0,3,Arm B: Experimental Induction (Clo/AraC),2.4166666666666665,31246522,Industry,OTHER,Heme,Hematologic,Chemotherapy,2008
PMID 31248843 CT_Summary_SoE.pdf,control,0,2.0,18.0,44.0,47.0,50.0,53.0,0.0,3,Arm 1 (Cyclosporine + Mycophenolate Mofetil),4.416666666666667,31248843,Non-Industry,OTHER,Heme,Hematologic,Chemotherapy,2010
PMID 31248843 CT_Summary_SoE.pdf,intervention,0,2.0,18.0,44.0,47.0,50.0,53.0,0.0,3,Arm 2 (Cyclosporine + Mycophenolate Mofetil + Sirolimus),4.416666666666667,31248843,Non-Industry,OTHER,Heme,Hematologic,Chemotherapy,2010
PMID 31327687 CT_Summary_SoE.pdf,control,0,1.0,2.0,4.0,7.0,10.0,14.0,28.0,3,Arm B (Pomalidomide + Low Dose Dexamethasone),1.1666666666666667,31327687,Industry,INDUSTRY,Heme,Hematologic,Immunotherapy,2015
PMID 31327687 CT_Summary_SoE.pdf,intervention,0,1.0,3.0,7.0,13.0,19.0,27.0,28.0,3,Arm A (Pembrolizumab + Pomalidomide + Low Dose Dexamethasone),2.25,31327687,Industry,INDUSTRY,Heme,Hematologic,Immunotherapy,2015
PMID 31327689 a_Summary_SoE.pdf,control,0,2.0,2.0,4.0,7.0,10.0,14.0,28.0,3,Arm B (Lenalidomide + Dexamethasone),1.1666666666666667,31327689,Industry,INDUSTRY,Heme,Hematologic,Immunotherapy,2015
PMID 31327689 a_Summary_SoE.pdf,intervention,0,2.0,3.0,7.0,13.0,19.0,27.0,28.0,3,Arm A (Pembrolizumab + Lenalidomide + Dexamethasone),2.25,31327689,Industry,INDUSTRY,Heme,Hematologic,Immunotherapy,2015
PMID 31329516 a_Summary_SoE.pdf,control,0,1.0,2.0,3.0,4.0,5.0,6.0,84.0,3,Arm B (Placebo + ADT),0.5,31329516,Industry,INDUSTRY,GU,Metastatic,Endocrine,2016
PMID 31329516 a_Summary_SoE.pdf,intervention,0,1.0,2.0,3.0,4.0,5.0,6.0,84.0,3,Arm A (Enzalutamide + ADT),0.5,31329516,Industry,INDUSTRY,GU,Metastatic,Endocrine,2016
PMID 31338773 CT_Summary_SoE.pdf,control,0,1.0,2.0,5.0,9.0,13.0,18.0,21.0,3,Arm B (bevacizumab-EU + paclitaxel + carboplatin),1.5,31338773,Industry,INDUSTRY,Thor,Metastatic,Targeted Therapy,2015
PMID 31338773 CT_Summary_SoE.pdf,intervention,0,1.0,2.0,5.0,9.0,13.0,18.0,21.0,3,Arm A (bevacizumab-Pfizer + paclitaxel + carboplatin),1.5,31338773,Industry,INDUSTRY,Thor,Metastatic,Targeted Therapy,2015
PMID 31345387 CT_Summary_SoE.pdf,control,0,2.0,6.0,26.0,46.0,47.0,48.0,21.0,3,Arm B (Standard Dose Radiation + Carboplatin),4.0,31345387,Non-Industry,OTHER,HN,Metastatic,Chemotherapy,2012
PMID 31345387 CT_Summary_SoE.pdf,control,1,3.0,6.0,26.0,46.0,47.0,48.0,21.0,1,Arm C (Non-responders: Standard CRT + Carboplatin + Erbitux + Paclitaxel),4.0,31345387,Non-Industry,OTHER,HN,Metastatic,Chemotherapy,2012
PMID 31345387 CT_Summary_SoE.pdf,intervention,0,2.0,6.0,26.0,41.0,42.0,43.0,21.0,3,Arm A (Reduced Dose Radiation + Carboplatin),3.5833333333333335,31345387,Non-Industry,OTHER,HN,Metastatic,Chemotherapy,2012
PMID 31361535 a_Summary_SoE.pdf,control,0,2.0,2.0,6.0,10.0,14.0,19.0,21.0,3,Arm A (Bevacizumab Maintenance),1.5833333333333333,31361535,Non-Industry,NETWORK,Thor,Metastatic,Targeted Therapy,2010
PMID 31361535 a_Summary_SoE.pdf,intervention,0,2.0,2.0,6.0,10.0,14.0,19.0,21.0,3,Arm B (Pemetrexed Maintenance),1.5833333333333333,31361535,Non-Industry,NETWORK,Thor,Metastatic,Targeted Therapy,2010
PMID 31361535 a_Summary_SoE.pdf,intervention,1,2.0,2.0,6.0,10.0,14.0,19.0,21.0,3,Arm C (Bevacizumab + Pemetrexed Maintenance),1.5833333333333333,31361535,Non-Industry,NETWORK,Thor,Metastatic,Targeted Therapy,2010
PMID 31365801 a_Summary_SoE.pdf,control,0,1.0,5.0,12.0,19.0,20.0,21.0,28.0,3,Arm B (FCR),1.75,31365801,Industry,NIH,Heme,Hematologic,Targeted Therapy,2014
PMID 31365801 a_Summary_SoE.pdf,intervention,0,1.0,3.0,5.0,8.0,9.0,10.0,28.0,3,Arm A (Ibrutinib + Rituximab),0.8333333333333334,31365801,Industry,NIH,Heme,Hematologic,Targeted Therapy,2014
PMID 31371228 CT_Summary_SoE.pdf,control,0,1.0,1.0,5.0,10.0,11.0,12.0,21.0,3,Group A (Standard Adjuvant Systemic Chemotherapy),1.0,31371228,Non-Industry,OTHER,GI,Metastatic,Procedure,2015
PMID 31371228 CT_Summary_SoE.pdf,intervention,0,1.0,3.0,7.0,12.0,12.0,13.0,21.0,3,Group B (Adjuvant HIPEC + Standard Adjuvant Systemic Chemotherapy),1.0833333333333333,31371228,Non-Industry,OTHER,GI,Metastatic,Procedure,2015
PMID 31399378 CT_Summary_SoE.pdf,control,0,1.0,1.0,3.0,5.0,5.0,5.0,30.0,3,Placebo,0.4166666666666667,31399378,Industry,INDUSTRY,Multiple,All,Targeted Therapy,2011
PMID 31399378 CT_Summary_SoE.pdf,intervention,0,1.0,1.0,3.0,5.0,5.0,5.0,30.0,3,V212 (Inactivated Varicella-Zoster Virus Vaccine),0.4166666666666667,31399378,Industry,INDUSTRY,Multiple,All,Targeted Therapy,2011
PMID 31454045 a_Summary_SoE.pdf,control,0,3.0,17.0,43.0,68.0,89.0,93.0,21.0,3,Regimen A (Single Myeloablative Consolidation),7.75,31454045,Non-Industry,NETWORK,Other,Metastatic,Chemotherapy,2007
PMID 31454045 a_Summary_SoE.pdf,intervention,0,3.0,17.0,43.0,68.0,104.0,110.0,21.0,3,Regimen B (Tandem Myeloablative Consolidation),9.166666666666666,31454045,Non-Industry,NETWORK,Other,Metastatic,Chemotherapy,2007
PMID 31486832 a_Summary_SoE.pdf,control,0,2.0,2.0,5.0,9.0,13.0,18.0,21.0,3,Arm B (Sorafenib alone),1.5,31486832,Non-Industry,NIH,GI,Metastatic,Targeted Therapy,2010
PMID 31486832 a_Summary_SoE.pdf,intervention,0,2.0,2.0,5.0,9.0,13.0,18.0,21.0,3,Arm A (Sorafenib plus Doxorubicin),1.5,31486832,Non-Industry,NIH,GI,Metastatic,Targeted Therapy,2010
PMID 31562799 a_Summary_SoE.pdf,control,0,2.0,5.0,7.0,10.0,13.0,17.0,28.0,3,Arm B (Placebo),1.4166666666666667,31562799,Industry,INDUSTRY,GYN,Metastatic,Targeted Therapy,2016
PMID 31562799 a_Summary_SoE.pdf,intervention,0,2.0,5.0,7.0,10.0,13.0,17.0,28.0,3,Arm A (Niraparib),1.4166666666666667,31562799,Industry,INDUSTRY,GYN,Metastatic,Targeted Therapy,2016
PMID 31566309 a_Summary_SoE.pdf,control,0,2.0,5.0,13.0,26.0,39.0,53.0,28.0,3,Control Arm (Irinotecan/Cetuximab or FOLFIRI/Cetuximab),4.416666666666667,31566309,Industry,INDUSTRY,GI,Metastatic,Targeted Therapy,2016
PMID 31566309 a_Summary_SoE.pdf,intervention,0,2.0,5.0,13.0,26.0,39.0,53.0,28.0,3,Triplet Arm (Encorafenib + Binimetinib + Cetuximab),4.416666666666667,31566309,Industry,INDUSTRY,GI,Metastatic,Targeted Therapy,2016
PMID 31566309 a_Summary_SoE.pdf,intervention,1,2.0,5.0,13.0,26.0,39.0,53.0,28.0,3,Doublet Arm (Encorafenib + Cetuximab),4.416666666666667,31566309,Industry,INDUSTRY,GI,Metastatic,Targeted Therapy,2016
PMID 31582355 a_Summary_SoE.pdf,control,0,1.0,3.0,6.0,10.0,14.0,19.0,21.0,3,Arm B (Control - Paclitaxel),1.5833333333333333,31582355,Industry,INDUSTRY,GI,Metastatic,Immunotherapy,2015
PMID 31582355 a_Summary_SoE.pdf,control,1,1.0,5.0,13.0,25.0,37.5,50.5,56.0,2,Paclitaxel,4.208333333333333,31582355,Industry,INDUSTRY,GI,Metastatic,Immunotherapy,2015
PMID 31582355 a_Summary_SoE.pdf,intervention,0,1.0,4.0,8.0,14.0,21.0,28.0,42.0,3,Arm A (ONO-4538 / Nivolumab),2.3333333333333335,31582355,Industry,INDUSTRY,GI,Metastatic,Immunotherapy,2015
PMID 31590988 a_Summary_SoE.pdf,control,0,1.0,2.0,5.0,7.0,8.0,9.0,21.0,3,EP alone,0.75,31590988,Industry,INDUSTRY,Thor,Metastatic,Immunotherapy,2017
PMID 31590988 a_Summary_SoE.pdf,intervention,0,1.0,2.0,5.0,8.0,11.0,15.0,21.0,3,Durvalumab + platinum-etoposide (EP),1.25,31590988,Industry,INDUSTRY,Thor,Metastatic,Immunotherapy,2017
PMID 31590988 a_Summary_SoE.pdf,intervention,1,1.0,2.0,5.0,8.0,11.0,15.0,21.0,3,Durvalumab + tremelimumab + EP,1.25,31590988,Industry,INDUSTRY,Thor,Metastatic,Immunotherapy,2017
PMID 31591063 CT a_Summary_SoE.pdf,control,0,2.0,3.0,7.0,13.0,20.0,27.0,14.0,3,Arm B (Erlotinib + Placebo),2.25,31591063,Industry,INDUSTRY,Thor,Metastatic,Targeted Therapy,2015
PMID 31591063 CT a_Summary_SoE.pdf,intervention,0,2.0,3.0,7.0,13.0,20.0,27.0,14.0,3,Arm A (Erlotinib + Ramucirumab),2.25,31591063,Industry,INDUSTRY,Thor,Metastatic,Targeted Therapy,2015
PMID 31618129 a_Summary_SoE.pdf,control,0,2.0,2.0,5.0,7.0,9.0,10.0,21.0,3,Arm A (Platinum-doublet chemotherapy alone),0.8333333333333334,31618129,Non-Industry,NIH,HN,Metastatic,Targeted Therapy,2008
PMID 31618129 a_Summary_SoE.pdf,intervention,0,2.0,2.0,5.0,9.0,13.0,18.0,21.0,3,Arm B (Platinum-doublet chemotherapy plus Bevacizumab),1.5,31618129,Non-Industry,NIH,HN,Metastatic,Targeted Therapy,2008
PMID 31629060 a_Summary_SoE.pdf,control,0,1.0,2.0,5.0,9.0,13.0,18.0,21.0,3,Group B (Placebo),1.5,31629060,Industry,INDUSTRY,Thor,Metastatic,Other,2009
PMID 31629060 a_Summary_SoE.pdf,intervention,0,1.0,2.0,5.0,9.0,13.0,18.0,21.0,3,Group A (Darbepoetin alfa),1.5,31629060,Industry,INDUSTRY,Thor,Metastatic,Other,2009
PMID 31645288 CT_Summary_SoE.pdf,control,0,1.0,2.0,2.0,2.0,2.0,3.0,0.0,3,General Anesthesia and Opioid Analgesia,0.25,31645288,Non-Industry,OTHER,Breast,Non-metastatic,Other,2007
PMID 31645288 CT_Summary_SoE.pdf,intervention,0,1.0,2.0,2.0,2.0,2.0,3.0,0.0,3,Regional Anesthesia and Analgesia,0.25,31645288,Non-Industry,OTHER,Breast,Non-metastatic,Other,2007
PMID 31647503 a_Summary_SoE.pdf,control,0,2.0,3.0,8.0,13.0,17.0,22.0,21.0,3,Arm B (Placebo + Trastuzumab + Docetaxel),1.8333333333333333,31647503,Industry,INDUSTRY,Breast,Non-metastatic,Targeted Therapy,2016
PMID 31647503 a_Summary_SoE.pdf,intervention,0,2.0,3.0,8.0,13.0,17.0,22.0,21.0,3,Arm A (Pertuzumab + Trastuzumab + Docetaxel),1.8333333333333333,31647503,Industry,INDUSTRY,Breast,Non-metastatic,Targeted Therapy,2016
PMID 31665578 a_Summary_SoE.pdf,control,0,1.0,13.0,38.0,72.0,102.0,133.0,28.0,3,Arm 2 (Salvage Chemotherapy),11.083333333333334,31665578,Industry,INDUSTRY,Heme,Hematologic,Targeted Therapy,2015
PMID 31665578 a_Summary_SoE.pdf,intervention,0,1.0,5.0,8.0,11.0,14.0,19.0,28.0,3,Arm 1 (ASP2215 / Gilteritinib),1.5833333333333333,31665578,Industry,INDUSTRY,Heme,Hematologic,Targeted Therapy,2015
PMID 31679945 a_Summary_SoE.pdf,control,0,1.0,5.0,13.0,26.0,39.0,53.0,21.0,3,Cetuximab + Platinum + 5-FU (Standard Treatment),4.416666666666667,31679945,Industry,INDUSTRY,HN,Metastatic,Immunotherapy,2015
PMID 31679945 a_Summary_SoE.pdf,intervention,0,1.0,2.0,5.0,9.0,13.0,18.0,21.0,3,Pembrolizumab Monotherapy,1.5,31679945,Industry,INDUSTRY,HN,Metastatic,Immunotherapy,2015
PMID 31679945 a_Summary_SoE.pdf,intervention,1,1.0,2.0,5.0,9.0,13.0,18.0,21.0,3,Pembrolizumab + Platinum + 5-FU,1.5,31679945,Industry,INDUSTRY,HN,Metastatic,Immunotherapy,2015
PMID 31688884 a_Summary_SoE.pdf,control,0,1.0,9.0,25.0,34.0,35.0,36.0,28.0,3,Fluconazole Arm (Standard),3.0,31688884,Non-Industry,NETWORK,Heme,Hematologic,Other,2011
PMID 31688884 a_Summary_SoE.pdf,intervention,0,1.0,22.0,64.0,106.0,106.0,106.0,28.0,3,Caspofungin Arm (Experimental),8.833333333333334,31688884,Non-Industry,NETWORK,Heme,Hematologic,Other,2011
PMID 31693129 CT_Summary_SoE.pdf,control,0,1.0,1.0,3.0,6.0,7.0,8.0,30.0,2,Arm 2 (Clodronate),0.6666666666666666,31693129,Non-Industry,NETWORK,Breast,Non-metastatic,Other,2005
PMID 31693129 CT_Summary_SoE.pdf,control,1,1.0,1.0,3.0,6.0,7.0,8.0,30.0,3,Arm 3 (Ibandronate),0.6666666666666666,31693129,Non-Industry,NETWORK,Breast,Non-metastatic,Other,2005
PMID 31693129 CT_Summary_SoE.pdf,control,2,1.0,1.0,3.0,6.0,7.0,8.0,30.0,1,Arm 3 (Ibandronate),0.6666666666666666,31693129,Non-Industry,NETWORK,Breast,Non-metastatic,Other,2005
PMID 31693129 CT_Summary_SoE.pdf,intervention,0,1.0,1.0,3.0,6.0,7.0,8.0,30.0,3,Arm 1 (Zoledronic Acid),0.6666666666666666,31693129,Non-Industry,NETWORK,Breast,Non-metastatic,Other,2005
PMID 31725692 CT_Summary_SoE.pdf,control,0,1.0,2.0,2.0,2.0,2.0,2.0,0.0,3,Control Group (Usual Perioperative Care),0.1666666666666666,31725692,Non-Industry,OTHER,Skin,NS,Other,2016
PMID 31725692 CT_Summary_SoE.pdf,intervention,0,1.0,2.0,2.0,2.0,2.0,2.0,0.0,3,Intervention Group (Acetaminophen and Carbohydrate Loading),0.1666666666666666,31725692,Non-Industry,OTHER,Skin,NS,Other,2016
PMID 31735560 CT_Summary_SoE.pdf,control,0,1.0,5.0,9.0,15.0,22.0,29.0,28.0,3,Arm B: Pd (Pomalidomide + Dexamethasone),2.4166666666666665,31735560,Industry,INDUSTRY,Heme,Hematologic,Targeted Therapy,2016
PMID 31735560 CT_Summary_SoE.pdf,intervention,0,1.0,5.0,9.0,15.0,22.0,29.0,28.0,3,Arm A: IPd (Isatuximab + Pomalidomide + Dexamethasone),2.4166666666666665,31735560,Industry,INDUSTRY,Heme,Hematologic,Targeted Therapy,2016
PMID 31800611 a_Summary_SoE.pdf,control,0,1.0,2.0,2.0,2.0,2.0,3.0,0.0,3,Arm B (Placebo),0.25,31800611,Non-Industry,OTHER,Breast,Metastatic,Other,2013
PMID 31800611 a_Summary_SoE.pdf,intervention,0,1.0,2.0,2.0,2.0,2.0,3.0,0.0,3,Arm A (Ketorolac),0.25,31800611,Non-Industry,OTHER,Breast,Metastatic,Other,2013
PMID 31806543 CT_Summary_SoE.pdf,control,0,3.0,2.0,4.0,7.0,8.0,9.0,28.0,3,Matching Placebo,0.75,31806543,Industry,INDUSTRY,Breast,Non-metastatic,Targeted Therapy,2010
PMID 31806543 CT_Summary_SoE.pdf,intervention,0,3.0,2.0,4.0,7.0,8.0,9.0,28.0,3,Denosumab 120 mg,0.75,31806543,Industry,INDUSTRY,Breast,Non-metastatic,Targeted Therapy,2010
PMID 31810797 CT_Summary_SoE.pdf,control,0,1.0,3.0,5.0,8.0,11.0,15.0,28.0,3,Sorafenib,1.25,31810797,Industry,INDUSTRY,GU,Metastatic,Targeted Therapy,2016
PMID 31810797 CT_Summary_SoE.pdf,intervention,0,1.0,3.0,5.0,8.0,11.0,15.0,28.0,3,Tivozanib Hydrochloride (tivozanib),1.25,31810797,Industry,INDUSTRY,GU,Metastatic,Targeted Therapy,2016
PMID 31820339 CT_Summary_SoE.pdf,control,0,1.0,5.0,5.0,6.0,7.0,9.0,7.0,3,Arm B (rituximab-EU / MabThera),0.75,31820339,Industry,INDUSTRY,Heme,Hematologic,Targeted Therapy,2014
PMID 31820339 CT_Summary_SoE.pdf,intervention,0,1.0,5.0,5.0,6.0,7.0,9.0,7.0,3,Arm A (PF-05280586 / rituximab-Pfizer),0.75,31820339,Industry,INDUSTRY,Heme,Hematologic,Targeted Therapy,2014
PMID 31821109 a_Summary_SoE.pdf,control,0,2.0,3.0,8.0,17.0,17.0,18.0,14.0,3,Arm 1 (Chemotherapy Alone - AC→WP),1.5,31821109,Industry,NIH,Breast,Non-metastatic,Targeted Therapy,2011
PMID 31821109 a_Summary_SoE.pdf,intervention,0,2.0,3.0,8.0,18.0,22.0,28.0,21.0,3,Arm 2 (Chemotherapy + Trastuzumab - AC→WP+H→H),2.3333333333333335,31821109,Industry,NIH,Breast,Non-metastatic,Targeted Therapy,2011
PMID 31924332 CT_Summary_SoE.pdf,control,0,1.0,5.0,13.0,26.0,39.0,53.0,28.0,3,Arm B (DOXIL Monotherapy),4.416666666666667,31924332,Industry,INDUSTRY,GYN,Metastatic,Chemotherapy,2013
PMID 31924332 CT_Summary_SoE.pdf,intervention,0,1.0,6.0,14.0,27.0,40.0,54.0,21.0,3,Arm A (Trabectedin + DOXIL),4.5,31924332,Industry,INDUSTRY,GYN,Metastatic,Chemotherapy,2013
PMID 31935026 a_Summary_SoE.pdf,control,0,1.0,0.0,1.0,2.0,3.0,4.0,0.0,3,Arm B (Control Group),0.3333333333333333,31935026,Non-Industry,OTHER,GU,Non-metastatic,Other,2011
PMID 31935026 a_Summary_SoE.pdf,intervention,0,1.0,0.0,1.0,2.0,3.0,4.0,0.0,3,Arm A (MEAL Program Intervention),0.3333333333333333,31935026,Non-Industry,OTHER,GU,Non-metastatic,Other,2011
PMID 32010577 a_Summary_SoE.pdf,control,0,1.0,2.0,5.0,9.0,13.0,18.0,21.0,3,Bevacizumab + Paclitaxel/Carboplatin,1.5,32010577,Industry,INDUSTRY,Thor,Metastatic,Targeted Therapy,2016
PMID 32010577 a_Summary_SoE.pdf,intervention,0,1.0,2.0,5.0,9.0,13.0,18.0,21.0,3,IBI305 + Paclitaxel/Carboplatin,1.5,32010577,Industry,INDUSTRY,Thor,Metastatic,Targeted Therapy,2016
PMID 32031887 CT_Summary_SoE.pdf,control,0,1.0,0.0,2.0,3.0,3.0,3.0,14.0,3,Arm 2 (Standard Oncology Care),0.25,32031887,Non-Industry,OTHER,Multiple,Metastatic,Other,2015
PMID 32031887 CT_Summary_SoE.pdf,intervention,0,1.0,1.0,4.0,7.0,10.0,14.0,28.0,3,Arm 1 (Early Palliative Care),1.1666666666666667,32031887,Non-Industry,OTHER,Multiple,Metastatic,Other,2015
PMID 32058845 a_Summary_SoE.pdf,control,0,2.0,10.0,11.0,13.0,13.0,14.0,0.0,3,Arm 1 (WBRT + Memantine),1.1666666666666667,32058845,Non-Industry,OTHER,CNS,Metastatic,Radiation,2015
PMID 32058845 a_Summary_SoE.pdf,intervention,0,2.0,10.0,11.0,13.0,13.0,14.0,0.0,3,Arm 2 (HA-WBRT + Memantine),1.1666666666666667,32058845,Non-Industry,OTHER,CNS,Metastatic,Radiation,2015
PMID 32073956 a_Summary_SoE.pdf,control,0,1.0,5.0,13.0,26.0,39.0,53.0,28.0,3,Arm B (Physician’s Choice Single Agent Chemotherapy),4.416666666666667,32073956,Industry,INDUSTRY,GYN,NS,Targeted Therapy,2015
PMID 32073956 a_Summary_SoE.pdf,intervention,0,1.0,5.0,7.0,10.0,13.0,17.0,28.0,3,Arm A (Olaparib Monotherapy),1.4166666666666667,32073956,Industry,INDUSTRY,GYN,NS,Targeted Therapy,2015
PMID 32145827 a_Summary_SoE.pdf,control,0,1.0,3.0,7.0,13.0,13.0,14.0,14.0,3,Arm 1C (Paclitaxel plus ART),1.1666666666666667,32145827,Non-Industry,NETWORK,GI,Non-metastatic,Chemotherapy,2013
PMID 32145827 a_Summary_SoE.pdf,intervention,0,1.0,3.0,7.0,13.0,13.0,14.0,14.0,3,Arm 1A (Etoposide plus ART),1.1666666666666667,32145827,Non-Industry,NETWORK,GI,Non-metastatic,Chemotherapy,2013
PMID 32145827 a_Summary_SoE.pdf,intervention,1,1.0,3.0,7.0,13.0,13.0,14.0,14.0,2,Arm 1B (Bleomycin and vincristine plus ART),1.1666666666666667,32145827,Non-Industry,NETWORK,GI,Non-metastatic,Chemotherapy,2013
PMID 32145827 a_Summary_SoE.pdf,intervention,2,1.0,3.0,7.0,13.0,19.0,25.0,14.0,1,Etoposide plus ART (ET+ART),2.0833333333333335,32145827,Non-Industry,NETWORK,GI,Non-metastatic,Chemotherapy,2013
PMID 32201234 a_Summary_SoE.pdf,control,0,1.0,5.0,13.0,26.0,39.0,52.0,28.0,3,Arm 4: Standard of Care (SoC),4.333333333333333,32201234,Industry,INDUSTRY,Thor,Metastatic,Immunotherapy,2015
PMID 32201234 a_Summary_SoE.pdf,intervention,0,1.0,2.0,4.0,7.0,9.0,11.0,28.0,3,Arm 3: Tremelimumab Monotherapy,0.9166666666666666,32201234,Industry,INDUSTRY,Thor,Metastatic,Immunotherapy,2015
PMID 32201234 a_Summary_SoE.pdf,intervention,1,1.0,2.0,4.0,10.0,17.0,21.0,28.0,3,Arm 2: Durvalumab + Tremelimumab,1.75,32201234,Industry,INDUSTRY,Thor,Metastatic,Immunotherapy,2015
PMID 32201234 a_Summary_SoE.pdf,intervention,2,1.0,3.0,7.0,13.0,20.0,27.0,14.0,3,Arm 1: Durvalumab Monotherapy,2.25,32201234,Industry,INDUSTRY,Thor,Metastatic,Immunotherapy,2015
PMID 32213342 a_Summary_SoE.pdf,control,0,2.0,5.0,11.0,17.0,20.0,24.0,28.0,3,Arm B (Dara-IV),2.0,32213342,Industry,INDUSTRY,Heme,Hematologic,Other,2017
PMID 32213342 a_Summary_SoE.pdf,intervention,0,2.0,6.0,13.0,19.0,22.0,26.0,28.0,3,Arm A (Dara-SC),2.1666666666666665,32213342,Industry,INDUSTRY,Heme,Hematologic,Other,2017
PMID 32259228 a_Summary_SoE.pdf,control,0,2.0,4.0,9.0,18.0,26.0,36.0,21.0,3,Arm B (Doxorubicin plus Placebo),3.0,32259228,Industry,INDUSTRY,Other,Metastatic,Targeted Therapy,2015
PMID 32259228 a_Summary_SoE.pdf,intervention,0,2.0,4.0,9.0,18.0,26.0,36.0,21.0,3,Arm A (Doxorubicin plus Olaratumab),3.0,32259228,Industry,INDUSTRY,Other,Metastatic,Targeted Therapy,2015
PMID 32271377 a_Summary_SoE.pdf,control,0,1.0,2.0,5.0,9.0,13.0,18.0,21.0,3,Standard of Care (SoC) Platinum-Based Chemotherapy,1.5,32271377,Industry,INDUSTRY,Thor,Metastatic,Immunotherapy,2015
PMID 32271377 a_Summary_SoE.pdf,intervention,0,1.0,2.0,5.0,9.0,13.0,17.0,28.0,3,MEDI4736 + tremelimumab combination therapy,1.4166666666666667,32271377,Industry,INDUSTRY,Thor,Metastatic,Immunotherapy,2015
PMID 32271377 a_Summary_SoE.pdf,intervention,1,1.0,2.0,5.0,9.0,13.0,17.0,28.0,3,MEDI4736 monotherapy,1.4166666666666667,32271377,Industry,INDUSTRY,Thor,Metastatic,Immunotherapy,2015
PMID 32294530 CT_Summary_SoE.pdf,control,0,2.0,5.0,13.0,26.0,39.0,53.0,7.0,3,Standard of Care (SoC),4.416666666666667,32294530,Industry,INDUSTRY,HN,NS,Immunotherapy,2015
PMID 32294530 CT_Summary_SoE.pdf,intervention,0,2.0,3.0,7.0,13.0,20.0,27.0,14.0,3,MEDI4736 Monotherapy (Durvalumab),2.25,32294530,Industry,INDUSTRY,HN,NS,Immunotherapy,2015
PMID 32294530 CT_Summary_SoE.pdf,intervention,1,2.0,3.0,7.0,13.0,20.0,27.0,14.0,3,MEDI4736 + Tremelimumab Combination,2.25,32294530,Industry,INDUSTRY,HN,NS,Immunotherapy,2015
PMID 32302702 CT_Summary_SoE.pdf,control,0,1.0,5.0,13.0,16.0,18.0,20.0,21.0,3,Arm C (Carboplatin + nab-Paclitaxel),1.6666666666666667,32302702,Industry,INDUSTRY,Thor,Metastatic,Immunotherapy,2015
PMID 32302702 CT_Summary_SoE.pdf,intervention,0,1.0,2.0,5.0,9.0,13.0,18.0,21.0,3,Arm A (Atezolizumab + Carboplatin + Paclitaxel),1.5,32302702,Industry,INDUSTRY,Thor,Metastatic,Immunotherapy,2015
PMID 32302702 CT_Summary_SoE.pdf,intervention,1,1.0,5.0,13.0,17.0,21.0,26.0,21.0,3,Arm B (Atezolizumab + Carboplatin + nab-Paclitaxel),2.1666666666666665,32302702,Industry,INDUSTRY,Thor,Metastatic,Immunotherapy,2015
PMID 32305093 a_Summary_SoE.pdf,control,0,0.0,0.0,0.0,0.0,0.0,0.0,28.0,2,obinutuzumab-chlorambucil,0.0,32305093,Industry,INDUSTRY,Heme,Hematologic,Targeted Therapy,2015
PMID 32305093 a_Summary_SoE.pdf,intervention,0,0.0,0.0,0.0,0.0,0.0,0.0,28.0,2,acalabrutinib-obinutuzumab,0.0,32305093,Industry,INDUSTRY,Heme,Hematologic,Targeted Therapy,2015
PMID 32305093 a_Summary_SoE.pdf,intervention,1,0.0,0.0,0.0,0.0,0.0,0.0,28.0,2,acalabrutinib monotherapy,0.0,32305093,Industry,INDUSTRY,Heme,Hematologic,Targeted Therapy,2015
PMID 32343890 a_Summary_SoE.pdf,control,0,2.0,2.0,4.0,7.0,8.0,10.0,28.0,3,Arm B (Investigator's Choice: Enzalutamide or Abiraterone),0.8333333333333334,32343890,Industry,INDUSTRY,GU,Metastatic,Targeted Therapy,2017
PMID 32343890 a_Summary_SoE.pdf,intervention,0,2.0,2.0,4.0,7.0,8.0,10.0,28.0,3,Arm A (Olaparib),0.8333333333333334,32343890,Industry,INDUSTRY,GU,Metastatic,Targeted Therapy,2017
PMID 32372176 CT_Summary_SoE.pdf,control,0,2.0,1.0,2.0,3.0,3.0,3.0,90.0,3,Arm B (Placebo Topical Gel),0.25,32372176,Non-Industry,OTHER,Breast,Non-metastatic,Other,2013
PMID 32372176 CT_Summary_SoE.pdf,control,1,2.0,1.0,2.0,3.0,3.0,3.0,90.0,1,Arm D (Placebo Subcutaneous Pellet),0.25,32372176,Non-Industry,OTHER,Breast,Non-metastatic,Other,2013
PMID 32372176 CT_Summary_SoE.pdf,intervention,0,2.0,1.0,2.0,3.0,3.0,3.0,90.0,3,Arm A (Testosterone Topical Gel),0.25,32372176,Non-Industry,OTHER,Breast,Non-metastatic,Other,2013
PMID 32372176 CT_Summary_SoE.pdf,intervention,1,2.0,1.0,2.0,3.0,3.0,3.0,90.0,1,Arm C (Testosterone Subcutaneous Pellet),0.25,32372176,Non-Industry,OTHER,Breast,Non-metastatic,Other,2013
PMID 32379269 a_Summary_SoE.pdf,control,0,1.0,2.0,2.0,2.0,2.0,2.0,0.0,3,Placebo,0.1666666666666666,32379269,Non-Industry,OTHER,Other,Metastatic,Other,2017
PMID 32379269 a_Summary_SoE.pdf,intervention,0,1.0,2.0,2.0,2.0,2.0,2.0,0.0,3,Olanzapine,0.1666666666666666,32379269,Non-Industry,OTHER,Other,Metastatic,Other,2017
PMID 32402160 a_Summary_SoE.pdf,control,0,2.0,2.0,5.0,9.0,13.0,18.0,21.0,3,Arm B (Sorafenib),1.5,32402160,Industry,INDUSTRY,GI,Metastatic,Immunotherapy,2018
PMID 32402160 a_Summary_SoE.pdf,intervention,0,2.0,2.0,5.0,9.0,13.0,18.0,21.0,3,Arm A (Atezolizumab + Bevacizumab),1.5,32402160,Industry,INDUSTRY,GI,Metastatic,Immunotherapy,2018
PMID 32416072 CT a_Summary_SoE.pdf,control,0,2.0,3.0,7.0,11.0,15.0,20.0,28.0,3,Arm B (Placebo),1.6666666666666667,32416072,Industry,OTHER,GI,Metastatic,Other,2017
PMID 32416072 CT a_Summary_SoE.pdf,intervention,0,2.0,3.0,7.0,11.0,15.0,20.0,28.0,3,Arm A (AG-120 / Ivosidenib),1.6666666666666667,32416072,Industry,OTHER,GI,Metastatic,Other,2017
PMID 32416073 CT_Summary_SoE.pdf,control,0,2.0,2.0,5.0,9.0,13.0,18.0,21.0,3,Control Arm (Docetaxel),1.5,32416073,Industry,INDUSTRY,GI,Metastatic,Immunotherapy,2017
PMID 32416073 CT_Summary_SoE.pdf,control,1,2.0,3.0,7.0,13.0,20.0,27.0,14.0,3,Control Arm (Irinotecan),2.25,32416073,Industry,INDUSTRY,GI,Metastatic,Immunotherapy,2017
PMID 32416073 CT_Summary_SoE.pdf,intervention,0,2.0,3.0,7.0,13.0,20.0,27.0,14.0,3,Investigational Arm (SHR-1210),2.25,32416073,Industry,INDUSTRY,GI,Metastatic,Immunotherapy,2017
PMID 32416780 a_Summary_SoE.pdf,control,0,2.0,5.0,11.0,20.0,28.0,38.0,21.0,3,Arm C (Placebo + Platinum/Gemcitabine),3.1666666666666665,32416780,Industry,INDUSTRY,GU,Metastatic,Immunotherapy,2016
PMID 32416780 a_Summary_SoE.pdf,intervention,0,2.0,2.0,5.0,9.0,13.0,18.0,21.0,3,Arm B (Atezolizumab Monotherapy),1.5,32416780,Industry,INDUSTRY,GU,Metastatic,Immunotherapy,2016
PMID 32416780 a_Summary_SoE.pdf,intervention,1,2.0,5.0,11.0,20.0,28.0,38.0,21.0,3,Arm A (Atezolizumab + Platinum/Gemcitabine),3.1666666666666665,32416780,Industry,INDUSTRY,GU,Metastatic,Immunotherapy,2016
PMID 32437507 a_Summary_SoE.pdf,control,0,2.0,3.0,7.0,13.0,20.0,27.0,14.0,3,Arm B (Bevacizumab Monotherapy),2.25,32437507,Industry,INDUSTRY,CNS,Metastatic,Immunotherapy,2014
PMID 32437507 a_Summary_SoE.pdf,intervention,0,2.0,2.0,5.0,11.0,18.0,25.0,21.0,3,Arm C (Nivolumab + Ipilimumab Combination),2.0833333333333335,32437507,Industry,INDUSTRY,CNS,Metastatic,Immunotherapy,2014
PMID 32437507 a_Summary_SoE.pdf,intervention,1,2.0,3.0,7.0,13.0,20.0,27.0,14.0,3,Arm A (Nivolumab Monotherapy),2.25,32437507,Industry,INDUSTRY,CNS,Metastatic,Immunotherapy,2014
PMID 32459600 a_Summary_SoE.pdf,control,0,1.0,6.0,10.0,14.0,15.0,16.0,28.0,3,Arm B (Idelalisib plus Rituximab),1.3333333333333333,32459600,Industry,INDUSTRY,Heme,Hematologic,Targeted Therapy,2017
PMID 32459600 a_Summary_SoE.pdf,control,1,1.0,6.0,10.0,15.0,16.0,17.0,28.0,1,Arm B (Bendamustine plus Rituximab),1.4166666666666667,32459600,Industry,INDUSTRY,Heme,Hematologic,Targeted Therapy,2017
PMID 32459600 a_Summary_SoE.pdf,intervention,0,1.0,4.0,8.0,14.0,15.0,16.0,28.0,3,Arm A (Acalabrutinib monotherapy),1.3333333333333333,32459600,Industry,INDUSTRY,Heme,Hematologic,Targeted Therapy,2017
PMID 32460997 CT_Summary_SoE.pdf,control,0,1.0,3.0,7.0,13.0,16.0,19.0,14.0,3,Regimen 1 (IV pulse actinomycin-D),1.5833333333333333,32460997,Non-Industry,NETWORK,GYN,"Metastatic, Non-metastatic",Targeted Therapy,2012
PMID 32460997 CT_Summary_SoE.pdf,intervention,0,1.0,12.0,35.0,38.0,41.0,45.0,14.0,1,Regimen 2: IV Methotrexate (5-day regimen),3.75,32460997,Non-Industry,NETWORK,GYN,"Metastatic, Non-metastatic",Targeted Therapy,2012
PMID 32460997 CT_Summary_SoE.pdf,intervention,1,1.0,12.0,35.0,65.0,68.0,71.0,14.0,3,Regimen 2 (IV methotrexate 5-day),5.916666666666667,32460997,Non-Industry,NETWORK,GYN,"Metastatic, Non-metastatic",Targeted Therapy,2012
PMID 32469183 a_Summary_SoE.pdf,control,0,1.0,6.0,8.0,11.0,14.0,17.0,84.0,3,Arm B (Leuprolide Acetate),1.4166666666666667,32469183,Industry,INDUSTRY,GU,Metastatic,Endocrine,2017
PMID 32469183 a_Summary_SoE.pdf,intervention,0,1.0,6.0,8.0,11.0,14.0,17.0,28.0,3,Arm A (Relugolix),1.4166666666666667,32469183,Industry,INDUSTRY,GU,Metastatic,Endocrine,2017
PMID 32469384 a_Summary_SoE.pdf,control,0,2.0,5.0,13.0,15.0,17.0,19.0,42.0,3,Arm B (Sunitinib),1.5833333333333333,32469384,Industry,INDUSTRY,GU,Metastatic,Targeted Therapy,2017
PMID 32469384 a_Summary_SoE.pdf,intervention,0,2.0,5.0,13.0,15.0,17.0,19.0,42.0,3,Arm A (Savolitinib),1.5833333333333333,32469384,Industry,INDUSTRY,GU,Metastatic,Targeted Therapy,2017
PMID 32496902 a_Summary_SoE.pdf,control,0,1.0,7.0,18.0,41.0,62.0,76.0,84.0,3,Very High Risk (VHR) B-ALL (Control Arm),6.333333333333333,32496902,Non-Industry,NIH,Heme,Hematologic,Chemotherapy,2012
PMID 32496902 a_Summary_SoE.pdf,control,1,1.0,7.0,23.0,51.0,73.0,90.0,84.0,1,Very High Risk (VHR) B-ALL - Control Arm,7.5,32496902,Non-Industry,NIH,Heme,Hematologic,Chemotherapy,2012
PMID 32496902 a_Summary_SoE.pdf,intervention,0,1.0,7.0,24.0,43.0,62.0,76.0,84.0,3,High Risk (HR) B-ALL (Arm A/B),6.333333333333333,32496902,Non-Industry,NIH,Heme,Hematologic,Chemotherapy,2012
PMID 32496902 a_Summary_SoE.pdf,intervention,1,1.0,7.0,26.0,53.0,69.0,83.0,84.0,3,Ph-like Dasatinib Arm,6.916666666666667,32496902,Non-Industry,NIH,Heme,Hematologic,Chemotherapy,2012
PMID 32496902 a_Summary_SoE.pdf,intervention,2,1.0,9.5,30.5,55.0,69.5,83.0,84.0,2,Down Syndrome (DS) HR B-ALL,6.916666666666667,32496902,Non-Industry,NIH,Heme,Hematologic,Chemotherapy,2012
PMID 32496902 a_Summary_SoE.pdf,intervention,3,1.0,8.0,34.0,51.0,73.0,84.0,84.0,1,Down Syndrome HR B-ALL Arm,7.0,32496902,Non-Industry,NIH,Heme,Hematologic,Chemotherapy,2012
PMID 32534646 CT_Summary_SoE.pdf,control,0,2.0,4.0,12.0,18.0,25.0,32.0,28.0,3,Arm A (Placebo + Cobimetinib + Vemurafenib),2.6666666666666665,32534646,Industry,INDUSTRY,Skin,Metastatic,Immunotherapy,2017
PMID 32534646 CT_Summary_SoE.pdf,intervention,0,2.0,4.0,12.0,18.0,25.0,32.0,28.0,3,Arm B (Atezolizumab + Cobimetinib + Vemurafenib),2.6666666666666665,32534646,Industry,INDUSTRY,Skin,Metastatic,Immunotherapy,2017
PMID 32564260 CT_Summary_SoE.pdf,control,0,2.0,2.0,5.0,9.0,13.0,18.0,21.0,3,Arm A (Placebo + Herceptin + Docetaxel),1.5,32564260,Industry,INDUSTRY,Breast,Metastatic,Targeted Therapy,2016
PMID 32564260 CT_Summary_SoE.pdf,intervention,0,2.0,2.0,5.0,9.0,13.0,18.0,21.0,3,Arm B (Pertuzumab + Herceptin + Docetaxel),1.5,32564260,Industry,INDUSTRY,Breast,Metastatic,Targeted Therapy,2016
PMID 32678716 CT_Summary_SoE.pdf,control,0,2.0,4.0,7.0,11.0,15.0,20.0,21.0,3,Arm B (Lapatinib + Capecitabine),1.6666666666666667,32678716,Industry,INDUSTRY,Breast,Metastatic,Targeted Therapy,2013
PMID 32678716 CT_Summary_SoE.pdf,intervention,0,2.0,4.0,7.0,11.0,15.0,20.0,21.0,3,Arm A (Neratinib + Capecitabine),1.6666666666666667,32678716,Industry,INDUSTRY,Breast,Metastatic,Targeted Therapy,2013
PMID 32682457 a_Summary_SoE.pdf,control,0,3.0,3.0,9.0,18.0,26.0,36.0,35.0,3,Arm B (S-1 plus Cisplatin),3.0,32682457,Industry,INDUSTRY,GI,Metastatic,Chemotherapy,2014
PMID 32682457 a_Summary_SoE.pdf,intervention,0,3.0,3.0,7.0,13.0,20.0,27.0,14.0,3,Arm A (TAS-118 plus Oxaliplatin),2.25,32682457,Industry,INDUSTRY,GI,Metastatic,Chemotherapy,2014
PMID 32682484 a_Summary_SoE.pdf,control,0,2.0,8.0,20.0,40.0,60.0,79.0,28.0,3,Arm 2: Kd (Carfilzomib and Dexamethasone),6.583333333333333,32682484,Industry,INDUSTRY,Heme,Hematologic,Targeted Therapy,2017
PMID 32682484 a_Summary_SoE.pdf,intervention,0,2.0,9.0,22.0,42.0,62.0,81.0,28.0,3,"Arm 1: KdD (Carfilzomib, Dexamethasone, and Daratumumab)",6.75,32682484,Industry,INDUSTRY,Heme,Hematologic,Targeted Therapy,2017
PMID 32706639 a_Summary_SoE.pdf,control,0,2.0,2.0,3.0,4.0,5.0,6.0,0.0,3,Arm B (Immediate Radical Prostatectomy),0.5,32706639,Non-Industry,OTHER,GU,Non-metastatic,Chemotherapy,2007
PMID 32706639 a_Summary_SoE.pdf,intervention,0,2.0,2.0,5.0,9.0,10.0,11.0,21.0,3,Arm A (Neo-adjuvant Docetaxel + LHRH Agonist + Radical Prostatectomy),0.9166666666666666,32706639,Non-Industry,OTHER,GU,Non-metastatic,Chemotherapy,2007
PMID 32786187 a_Summary_SoE.pdf,control,0,1.0,13.0,31.0,54.0,76.0,100.0,28.0,3,Arm B (Placebo plus Azacitidine),8.333333333333334,32786187,Industry,INDUSTRY,Heme,Hematologic,Targeted Therapy,2017
PMID 32786187 a_Summary_SoE.pdf,intervention,0,1.0,13.0,31.0,54.0,76.0,100.0,28.0,3,Arm A (Venetoclax plus Azacitidine),8.333333333333334,32786187,Industry,INDUSTRY,Heme,Hematologic,Targeted Therapy,2017
PMID 32813610 a_Summary_SoE.pdf,control,0,1.0,5.0,13.0,33.0,48.0,51.0,84.0,3,Arm A (Capizzi MTX - Control),4.25,32813610,Non-Industry,NIH,Heme,Hematologic,Chemotherapy,2007
PMID 32813610 a_Summary_SoE.pdf,control,1,1.0,5.0,13.0,40.0,49.0,52.0,84.0,3,Arm C (High Dose MTX),4.333333333333333,32813610,Non-Industry,NIH,Heme,Hematologic,Chemotherapy,2007
PMID 32813610 a_Summary_SoE.pdf,intervention,0,1.0,5.0,29.0,44.0,66.0,73.0,84.0,3,Arm B (Capizzi MTX + Nelarabine),6.083333333333333,32813610,Non-Industry,NIH,Heme,Hematologic,Chemotherapy,2007
PMID 32813610 a_Summary_SoE.pdf,intervention,1,1.0,5.0,29.0,45.0,67.0,74.0,84.0,3,Arm D (High Dose MTX + Nelarabine),6.166666666666667,32813610,Non-Industry,NIH,Heme,Hematologic,Chemotherapy,2007
PMID 32822286 a_Summary_SoE.pdf,control,0,4.0,5.0,9.0,12.0,15.0,19.0,28.0,3,Physician's Choice: Liposomal Doxorubicin,1.5833333333333333,32822286,Industry,INDUSTRY,GYN,NS,Other,2013
PMID 32822286 a_Summary_SoE.pdf,control,1,4.0,5.0,11.0,20.0,31.0,41.0,28.0,3,Physician's Choice: Paclitaxel,3.4166666666666665,32822286,Industry,INDUSTRY,GYN,NS,Other,2013
PMID 32822286 a_Summary_SoE.pdf,control,2,4.0,13.0,29.0,49.0,69.0,94.0,21.0,3,Physician's Choice: Topotecan,7.833333333333333,32822286,Industry,INDUSTRY,GYN,NS,Other,2013
PMID 32822286 a_Summary_SoE.pdf,intervention,0,4.0,3.0,6.0,9.0,12.0,16.0,28.0,3,MEK162 (Binimetinib),1.3333333333333333,32822286,Industry,INDUSTRY,GYN,NS,Other,2013
PMID 32861273 CT_Summary_SoE.pdf,control,0,2.0,5.0,13.0,26.0,39.0,53.0,21.0,3,Arm B (Placebo + Carboplatin + Paclitaxel),4.416666666666667,32861273,Industry,INDUSTRY,Breast,Metastatic,Targeted Therapy,2014
PMID 32861273 CT_Summary_SoE.pdf,intervention,0,2.0,5.0,13.0,26.0,39.0,53.0,21.0,3,Arm A (Veliparib + Carboplatin + Paclitaxel),4.416666666666667,32861273,Industry,INDUSTRY,Breast,Metastatic,Targeted Therapy,2014
PMID 32880601a_Summary_SoE.pdf,control,0,2.0,4.0,10.0,18.0,26.0,36.0,21.0,3,Arm 3 (Placebo + Chemotherapy),3.0,32880601,Industry,INDUSTRY,GI,Metastatic,Immunotherapy,2015
PMID 32880601a_Summary_SoE.pdf,intervention,0,2.0,2.0,5.0,9.0,13.0,18.0,21.0,3,Arm 1 (Pembrolizumab Monotherapy),1.5,32880601,Industry,INDUSTRY,GI,Metastatic,Immunotherapy,2015
PMID 32880601a_Summary_SoE.pdf,intervention,1,2.0,4.0,10.0,18.0,26.0,36.0,21.0,3,Arm 2 (Pembrolizumab + Chemotherapy),3.0,32880601,Industry,INDUSTRY,GI,Metastatic,Immunotherapy,2015
PMID 32945632 a_Summary_SoE.pdf,control,0,1.0,2.0,4.0,7.0,10.0,14.0,28.0,3,Arm B (Best Supportive Care Alone),1.1666666666666667,32945632,Industry,INDUSTRY,GU,Metastatic,Immunotherapy,2016
PMID 32945632 a_Summary_SoE.pdf,intervention,0,1.0,3.0,7.0,13.0,20.0,27.0,28.0,3,Arm A (Avelumab + Best Supportive Care),2.25,32945632,Industry,INDUSTRY,GU,Metastatic,Immunotherapy,2016
PMID 32954927a_Summary_SoE.pdf,control,0,3.0,3.0,6.0,9.0,10.0,11.0,30.0,3,Arm B (Standard adjuvant endocrine therapy alone),0.9166666666666666,32954927,Industry,INDUSTRY,Breast,Non-metastatic,Targeted Therapy,2017
PMID 32954927a_Summary_SoE.pdf,intervention,0,3.0,3.0,6.0,9.0,10.0,11.0,30.0,3,Arm A (Abemaciclib plus standard adjuvant endocrine therapy),0.9166666666666666,32954927,Industry,INDUSTRY,Breast,Non-metastatic,Targeted Therapy,2017
PMID 32971005 CT_Summary_SoE.pdf,control,0,1.0,4.0,10.0,16.0,19.0,23.0,21.0,3,Standard of Care (SoC) - Cisplatin + Gemcitabine,1.9166666666666667,32971005,Industry,INDUSTRY,GU,Metastatic,Immunotherapy,2015
PMID 32971005 CT_Summary_SoE.pdf,control,1,1.0,6.0,14.0,25.0,28.5,31.5,28.0,2,"Standard of Care (Cisplatin + Gemcitabine, 28-day cycle)",2.625,32971005,Industry,INDUSTRY,GU,Metastatic,Immunotherapy,2015
PMID 32971005 CT_Summary_SoE.pdf,intervention,0,1.0,2.0,4.0,7.0,10.0,13.0,28.0,3,MEDI4736 + tremelimumab combination therapy,1.0833333333333333,32971005,Industry,INDUSTRY,GU,Metastatic,Immunotherapy,2015
PMID 32971005 CT_Summary_SoE.pdf,intervention,1,1.0,2.0,4.0,7.0,10.0,13.0,28.0,2,MEDI4736 monotherapy,1.0833333333333333,32971005,Industry,INDUSTRY,GU,Metastatic,Immunotherapy,2015
PMID 32997907 a_Summary_SoE.pdf,control,0,2.0,4.0,10.0,14.0,16.0,18.0,21.0,3,Arm B (Platinum-based Chemotherapy),1.5,32997907,Industry,INDUSTRY,Thor,Metastatic,Immunotherapy,2015
PMID 32997907 a_Summary_SoE.pdf,control,1,1.0,4.0,9.0,14.0,16.0,18.0,21.0,1,Platinum-based Chemotherapy - Squamous (Control),1.5,32997907,Industry,INDUSTRY,Thor,Metastatic,Immunotherapy,2015
PMID 32997907 a_Summary_SoE.pdf,intervention,0,2.0,2.0,5.0,9.0,13.0,18.0,21.0,3,Arm A (Atezolizumab),1.5,32997907,Industry,INDUSTRY,Thor,Metastatic,Immunotherapy,2015
PMID 33010094 CT_Summary_SoE.pdf,control,0,1.0,0.0,1.0,3.0,4.0,5.0,,1,Arm 3 (Standard Care Control),0.4166666666666667,33010094,Non-Industry,OTHER,Thor,Metastatic,Other,2012
PMID 33010094 CT_Summary_SoE.pdf,control,1,1.0,0.0,1.0,3.0,4.0,6.0,60.0,3,Arm 2 (Placebo Homeopathic Treatment),0.5,33010094,Non-Industry,OTHER,Thor,Metastatic,Other,2012
PMID 33010094 CT_Summary_SoE.pdf,control,2,1.0,0.0,1.0,2.5,4.0,6.0,60.0,2,Arm 2 (Placebo Homeopathic Treatment),0.5,33010094,Non-Industry,OTHER,Thor,Metastatic,Other,2012
PMID 33010094 CT_Summary_SoE.pdf,intervention,0,1.0,0.0,1.0,3.0,4.0,6.0,60.0,3,Arm 1 (Verum Homeopathic Treatment),0.5,33010094,Non-Industry,OTHER,Thor,Metastatic,Other,2012
PMID 33021870 a_Summary_SoE.pdf,control,0,1.0,4.0,7.0,11.0,14.0,18.0,28.0,3,Placebo,1.5,33021870,Industry,INDUSTRY,Heme,Hematologic,Targeted Therapy,2015
PMID 33021870 a_Summary_SoE.pdf,intervention,0,1.0,4.0,7.0,11.0,14.0,18.0,28.0,3,Ixazomib,1.5,33021870,Industry,INDUSTRY,Heme,Hematologic,Targeted Therapy,2015
PMID 33026938 CT_Summary_SoE.pdf,control,0,1.0,2.0,5.0,9.0,13.0,18.0,21.0,3,Docetaxel,1.5,33026938,Industry,INDUSTRY,GI,Metastatic,Immunotherapy,2015
PMID 33026938 CT_Summary_SoE.pdf,control,1,1.0,3.0,7.0,13.0,20.0,27.0,14.0,2,Irinotecan,2.25,33026938,Industry,INDUSTRY,GI,Metastatic,Immunotherapy,2015
PMID 33026938 CT_Summary_SoE.pdf,control,2,1.0,4.0,10.0,19.0,29.0,40.0,28.0,2,Paclitaxel,3.3333333333333335,33026938,Industry,INDUSTRY,GI,Metastatic,Immunotherapy,2015
PMID 33026938 CT_Summary_SoE.pdf,intervention,0,1.0,2.0,5.0,9.0,13.0,18.0,21.0,3,Pembrolizumab (MK-3475),1.5,33026938,Industry,INDUSTRY,GI,Metastatic,Immunotherapy,2015
PMID 33044684 CT_Summary_SoE.pdf,control,0,1.0,4.0,5.0,6.0,7.0,7.0,7.0,3,Rituximab,0.5833333333333334,33044684,Industry,INDUSTRY,Heme,Hematologic,Targeted Therapy,2016
PMID 33044684 CT_Summary_SoE.pdf,intervention,0,1.0,4.0,5.0,6.0,7.0,7.0,7.0,3,ABP 798,0.5833333333333334,33044684,Industry,INDUSTRY,Heme,Hematologic,Targeted Therapy,2016
PMID 33078978 a_Summary_SoE.pdf,control,0,2.0,7.0,17.0,28.0,30.0,31.0,21.0,1,Regimen I (Doxorubicin/Cisplatin/Paclitaxel + G-CSF),2.5833333333333335,33078978,Non-Industry,NETWORK,GYN,Metastatic,Chemotherapy,2003
PMID 33078978 a_Summary_SoE.pdf,intervention,0,2.0,5.0,13.0,21.5,23.0,24.0,21.0,2,Regimen II (Carboplatin/Paclitaxel),2.0,33078978,Non-Industry,NETWORK,GYN,Metastatic,Chemotherapy,2003
PMID 33078978 a_Summary_SoE.pdf,intervention,1,2.0,9.0,23.0,35.0,37.0,38.0,21.0,3,Regimen II (Carboplatin/Paclitaxel),3.1666666666666665,33078978,Non-Industry,NETWORK,GYN,Metastatic,Chemotherapy,2003
PMID 33129376 a_Summary_SoE.pdf,control,0,2.0,7.0,18.0,34.0,44.0,56.0,21.0,3,Arm 2 (Placebo plus Bd),4.666666666666667,33129376,Industry,INDUSTRY,Heme,Hematologic,Targeted Therapy,2016
PMID 33129376 a_Summary_SoE.pdf,intervention,0,2.0,7.0,18.0,34.0,44.0,56.0,21.0,3,Arm 1 (Venetoclax plus Bd),4.666666666666667,33129376,Industry,INDUSTRY,Heme,Hematologic,Targeted Therapy,2016
PMID 33186740 a_Summary_SoE.pdf,control,0,0.0,0.0,0.0,0.0,0.0,0.0,28.0,3,Placebo plus fulvestrant,0.0,33186740,Industry,INDUSTRY,Breast,Metastatic,Endocrine,2015
PMID 33186740 a_Summary_SoE.pdf,intervention,0,0.0,0.0,0.0,0.0,0.0,0.0,28.0,3,Taselisib plus fulvestrant,0.0,33186740,Industry,INDUSTRY,Breast,Metastatic,Endocrine,2015
PMID 33189178 a_Summary_SoE.pdf,control,0,2.0,9.0,20.0,36.0,47.0,59.0,21.0,3,Vd (Bortezomib + Dexamethasone),4.916666666666667,33189178,Industry,INDUSTRY,GU,NS,Targeted Therapy,2017
PMID 33189178 a_Summary_SoE.pdf,intervention,0,2.0,6.0,14.0,25.0,36.0,47.0,35.0,3,SVd (Selinexor + Bortezomib + Dexamethasone),3.9166666666666665,33189178,Industry,INDUSTRY,GU,NS,Targeted Therapy,2017
PMID 33194700 CT a_Summary_SoE.pdf,control,0,2.0,2.0,4.0,7.0,10.0,14.0,28.0,3,Arm B (Erlotinib + Best Supportive Care),1.1666666666666667,33194700,Industry,INDUSTRY,Thor,Metastatic,Targeted Therapy,2014
PMID 33194700 CT a_Summary_SoE.pdf,intervention,0,2.0,2.0,4.0,7.0,10.0,14.0,28.0,3,Arm A (LY2835219 + Best Supportive Care),1.1666666666666667,33194700,Industry,INDUSTRY,Thor,Metastatic,Targeted Therapy,2014
PMID 33197226 a_Summary_SoE.pdf,control,0,2.0,3.0,7.0,12.0,16.0,20.0,21.0,3,Best Supportive Care (BSC) Only,1.6666666666666667,33197226,Industry,INDUSTRY,GI,Metastatic,Immunotherapy,2015
PMID 33197226 a_Summary_SoE.pdf,control,1,2.0,3.0,7.0,14.0,20.0,27.0,14.0,3,Chemotherapy Maintenance (Oxaliplatin + 5-FU),2.25,33197226,Industry,INDUSTRY,GI,Metastatic,Immunotherapy,2015
PMID 33197226 a_Summary_SoE.pdf,intervention,0,2.0,3.0,7.0,14.0,20.0,27.0,14.0,3,Avelumab Maintenance,2.25,33197226,Industry,INDUSTRY,GI,Metastatic,Immunotherapy,2015
PMID 33207094 a_Summary_SoE.pdf,control,0,1.0,4.0,6.0,9.0,12.0,16.0,28.0,3,Arm B (Crizotinib),1.3333333333333333,33207094,Industry,INDUSTRY,Thor,Metastatic,Targeted Therapy,2017
PMID 33207094 a_Summary_SoE.pdf,intervention,0,1.0,4.0,6.0,9.0,12.0,16.0,28.0,3,Arm A (Lorlatinib),1.3333333333333333,33207094,Industry,INDUSTRY,Thor,Metastatic,Targeted Therapy,2017
PMID 33231285 a_Summary_SoE.pdf,control,0,1.0,2.0,5.0,9.0,13.0,18.0,21.0,3,Standard of Care (SOC) Platinum-based Chemotherapy,1.5,33231285,Industry,INDUSTRY,Thor,Metastatic,Immunotherapy,2016
PMID 33231285 a_Summary_SoE.pdf,intervention,0,1.0,2.0,5.0,9.0,13.0,18.0,21.0,3,Pembrolizumab (MK-3475),1.5,33231285,Industry,INDUSTRY,Thor,Metastatic,Immunotherapy,2016
PMID 33278935 a_Summary_SoE.pdf,control,0,2.0,4.0,10.0,21.0,30.0,42.0,28.0,3,Arm B (Placebo + Chemotherapy),3.5,33278935,Industry,INDUSTRY,Breast,Metastatic,Immunotherapy,2016
PMID 33278935 a_Summary_SoE.pdf,intervention,0,2.0,4.0,10.0,21.0,30.0,42.0,28.0,3,Arm A (Pembrolizumab + Chemotherapy),3.5,33278935,Industry,INDUSTRY,Breast,Metastatic,Immunotherapy,2016
PMID 33357420 CT_Summary_SoE.pdf,control,0,2.0,2.0,6.0,15.0,23.0,28.0,21.0,3,Arm A (Perjeta IV + Herceptin IV + Chemotherapy),2.3333333333333335,33357420,Industry,INDUSTRY,Breast,Non-metastatic,Targeted Therapy,2018
PMID 33357420 CT_Summary_SoE.pdf,intervention,0,2.0,2.0,6.0,15.0,23.0,28.0,21.0,3,Arm B (FDC SC + Chemotherapy),2.3333333333333335,33357420,Industry,INDUSTRY,Breast,Non-metastatic,Targeted Therapy,2018
PMID 33369355 a_Summary_SoE.pdf,control,0,1.0,5.0,11.0,17.0,24.0,31.0,28.0,3,Arm B (Placebo + BSC),2.5833333333333335,33369355,Industry,INDUSTRY,Heme,Hematologic,Chemotherapy,2013
PMID 33369355 a_Summary_SoE.pdf,intervention,0,1.0,5.0,11.0,17.0,24.0,31.0,28.0,3,Arm A (Oral Azacitidine + BSC),2.5833333333333335,33369355,Industry,INDUSTRY,Heme,Hematologic,Chemotherapy,2013
PMID 33476593 a_Summary_SoE.pdf,control,0,2.0,2.0,5.0,9.0,13.0,18.0,21.0,3,Arm B (Platinum Doublet Chemotherapy),1.5,33476593,Industry,INDUSTRY,Thor,Metastatic,Immunotherapy,2017
PMID 33476593 a_Summary_SoE.pdf,intervention,0,2.0,2.0,5.0,9.0,13.0,18.0,21.0,3,Arm A (Nivolumab + Ipilimumab + Platinum Doublet Chemotherapy),1.5,33476593,Industry,INDUSTRY,Thor,Metastatic,Immunotherapy,2017
PMID 33480963 a_Summary_SoE.pdf,control,0,2.0,4.0,9.0,18.0,26.0,36.0,21.0,3,Arm B (Trastuzumab plus Chemotherapy),3.0,33480963,Industry,INDUSTRY,Breast,Metastatic,Targeted Therapy,2015
PMID 33480963 a_Summary_SoE.pdf,intervention,0,2.0,4.0,9.0,18.0,26.0,36.0,21.0,3,Arm A (Margetuximab plus Chemotherapy),3.0,33480963,Industry,INDUSTRY,Breast,Metastatic,Targeted Therapy,2015
PMID 33485464 a_Summary_SoE.pdf,control,0,2.0,2.0,5.0,9.0,12.0,15.0,21.0,3,Arm B (Pemetrexed + Cisplatin/Carboplatin),1.25,33485464,Industry,INDUSTRY,Other,"Metastatic, Non-metastatic",Immunotherapy,2016
PMID 33485464 a_Summary_SoE.pdf,intervention,0,2.0,3.0,7.0,13.0,20.0,27.0,42.0,3,Arm A (Nivolumab + Ipilimumab),2.25,33485464,Industry,INDUSTRY,Other,"Metastatic, Non-metastatic",Immunotherapy,2016
PMID 33513313 a_Summary_SoE.pdf,control,0,1.0,2.0,8.0,12.0,16.0,21.0,21.0,3,Arm 2 (Pembrolizumab + Placebo),1.75,33513313,Industry,INDUSTRY,Thor,Metastatic,Immunotherapy,2017
PMID 33513313 a_Summary_SoE.pdf,intervention,0,1.0,2.0,8.0,12.0,16.0,21.0,21.0,3,Arm 1 (Pembrolizumab + Ipilimumab),1.75,33513313,Industry,INDUSTRY,Thor,Metastatic,Immunotherapy,2017
PMID 33539945 CT_Summary_SoE.pdf,control,0,1.0,4.0,10.0,20.0,30.0,40.0,28.0,3,Arm B (Placebo in combination with nab-paclitaxel and gemcitabine),3.3333333333333335,33539945,Industry,INDUSTRY,GI,Metastatic,Targeted Therapy,2015
PMID 33539945 CT_Summary_SoE.pdf,intervention,0,1.0,4.0,10.0,20.0,30.0,40.0,28.0,3,Arm A (Ibrutinib in combination with nab-paclitaxel and gemcitabine),3.3333333333333335,33539945,Industry,INDUSTRY,GI,Metastatic,Targeted Therapy,2015
PMID 33555926 a_Summary_SoE.pdf,control,0,1.0,5.0,9.0,15.0,17.0,17.0,14.0,3,Arm 2 (FOLFOX alone),1.4166666666666667,33555926,Industry,INDUSTRY,GI,Metastatic,Targeted Therapy,2017
PMID 33555926 a_Summary_SoE.pdf,intervention,0,1.0,5.0,10.0,16.0,20.0,24.0,14.0,3,Arm 1 (AM0010 + FOLFOX),2.0,33555926,Industry,INDUSTRY,GI,Metastatic,Targeted Therapy,2017
PMID 33577358 a_Summary_SoE.pdf,control,0,1.0,4.0,9.0,15.0,22.0,29.0,28.0,3,Arm B (Placebo + mFOLFOX6),2.4166666666666665,33577358,Industry,INDUSTRY,GI,Metastatic,Chemotherapy,2015
PMID 33577358 a_Summary_SoE.pdf,intervention,0,1.0,4.0,9.0,15.0,22.0,29.0,28.0,3,Arm A (GS-5745 + mFOLFOX6),2.4166666666666665,33577358,Industry,INDUSTRY,GI,Metastatic,Chemotherapy,2015
PMID 33577729 a_Summary_SoE.pdf,control,0,2.0,2.0,6.0,10.0,15.0,20.0,21.0,3,"Arm B (Chemotherapy: Docetaxel, Paclitaxel, or Vinflunine)",1.6666666666666667,33577729,Industry,INDUSTRY,GU,Metastatic,Targeted Therapy,2018
PMID 33577729 a_Summary_SoE.pdf,intervention,0,2.0,4.0,10.0,20.0,30.0,40.0,28.0,3,Arm A (Enfortumab Vedotin),3.3333333333333335,33577729,Industry,INDUSTRY,GU,Metastatic,Targeted Therapy,2018
PMID 33616314 a_Summary_SoE.pdf,control,0,2.0,3.0,8.0,14.0,19.0,26.0,21.0,3,Arm C (Sunitinib),2.1666666666666665,33616314,Industry,INDUSTRY,GU,Metastatic,Immunotherapy,2016
PMID 33616314 a_Summary_SoE.pdf,intervention,0,2.0,3.0,8.0,14.0,19.0,26.0,21.0,3,Arm A (Lenvatinib + Everolimus),2.1666666666666665,33616314,Industry,INDUSTRY,GU,Metastatic,Immunotherapy,2016
PMID 33616314 a_Summary_SoE.pdf,intervention,1,2.0,3.0,8.0,14.0,19.0,26.0,21.0,3,Arm B (Lenvatinib + Pembrolizumab),2.1666666666666665,33616314,Industry,INDUSTRY,GU,Metastatic,Immunotherapy,2016
PMID 33621109 a_Summary_SoE.pdf,control,0,2.0,5.0,12.0,16.0,17.0,18.0,21.0,3,Placebo-R-CHOP (Placebo + R-CHOP),1.5,33621109,Industry,INDUSTRY,Heme,Hematologic,Targeted Therapy,2015
PMID 33621109 a_Summary_SoE.pdf,intervention,0,2.0,5.0,12.0,16.0,17.0,18.0,21.0,3,R2-CHOP (Lenalidomide + R-CHOP),1.5,33621109,Industry,INDUSTRY,Heme,Hematologic,Targeted Therapy,2015
PMID 33631112 CT_Summary_SoE.pdf,control,0,1.0,4.0,6.0,8.0,9.0,10.0,28.0,3,Arm B (Ibrutinib),0.8333333333333334,33631112,Industry,INDUSTRY,Heme,Hematologic,Targeted Therapy,2015
PMID 33631112 CT_Summary_SoE.pdf,intervention,0,1.0,5.0,7.0,9.0,10.0,12.0,28.0,3,Arm A (Ublituximab + Ibrutinib),1.0,33631112,Industry,INDUSTRY,Heme,Hematologic,Targeted Therapy,2015
PMID 33651090 a_Summary_SoE.pdf,control,0,2.0,8.0,29.0,32.0,33.0,35.0,28.0,3,Arm A (HR/IR Control - Chemotherapy),2.9166666666666665,33651090,Non-Industry,NIH,Heme,Hematologic,Immunotherapy,2014
PMID 33651090 a_Summary_SoE.pdf,control,1,2.0,8.0,29.0,56.0,76.0,93.0,56.0,3,Arm C (LR Control - Chemotherapy),7.75,33651090,Non-Industry,NIH,Heme,Hematologic,Immunotherapy,2014
PMID 33651090 a_Summary_SoE.pdf,intervention,0,2.0,8.0,37.0,39.0,40.0,41.0,35.0,3,Arm B (HR/IR Experimental - Blinatumomab),3.4166666666666665,33651090,Non-Industry,NIH,Heme,Hematologic,Immunotherapy,2014
PMID 33651090 a_Summary_SoE.pdf,intervention,1,2.0,8.0,34.0,71.0,105.0,115.0,35.0,3,Arm D (LR Experimental - Blinatumomab),9.583333333333334,33651090,Non-Industry,NIH,Heme,Hematologic,Immunotherapy,2014
PMID 33651091 a_Summary_SoE.pdf,control,0,1.0,8.0,10.0,11.0,12.0,13.0,28.0,3,Arm 2A (HC3 Chemotherapy),1.0833333333333333,33651091,Industry,INDUSTRY,Heme,Hematologic,Immunotherapy,2015
PMID 33651091 a_Summary_SoE.pdf,intervention,0,1.0,9.0,11.0,12.0,13.0,14.0,28.0,3,Arm 1A (Blinatumomab),1.1666666666666667,33651091,Industry,INDUSTRY,Heme,Hematologic,Immunotherapy,2015
PMID 33657295 a_Summary_SoE.pdf,control,0,2.0,2.0,5.0,9.0,13.0,18.0,42.0,3,Arm C (Sunitinib),1.5,33657295,Industry,INDUSTRY,GU,Metastatic,Immunotherapy,2017
PMID 33657295 a_Summary_SoE.pdf,intervention,0,2.0,2.0,5.0,11.0,18.0,25.0,21.0,3,Arm B (Nivolumab + Ipilimumab + Cabozantinib),2.0833333333333335,33657295,Industry,INDUSTRY,GU,Metastatic,Immunotherapy,2017
PMID 33657295 a_Summary_SoE.pdf,intervention,1,2.0,3.0,7.0,13.0,20.0,27.0,14.0,3,Arm A (Nivolumab + Cabozantinib),2.25,33657295,Industry,INDUSTRY,GU,Metastatic,Immunotherapy,2017
PMID 33667670 CT_Summary_SoE.pdf,control,0,2.0,7.0,15.0,28.0,41.0,56.0,28.0,3,Arm 2 (Investigator's Choice - Paclitaxel),4.666666666666667,33667670,Industry,INDUSTRY,GYN,Metastatic,Chemotherapy,2016
PMID 33667670 CT_Summary_SoE.pdf,intervention,0,2.0,6.0,13.0,22.0,30.0,41.0,21.0,3,Arm 1 (Mirvetuximab Soravtansine),3.4166666666666665,33667670,Industry,INDUSTRY,GYN,Metastatic,Chemotherapy,2016
PMID 33676601 CT_Summary_SoE.pdf,control,0,2.0,2.0,5.0,9.0,13.0,18.0,21.0,3,TPC Arm (Capecitabine),1.5,33676601,Industry,INDUSTRY,Breast,Metastatic,Immunotherapy,2015
PMID 33676601 CT_Summary_SoE.pdf,control,1,2.0,4.0,9.0,18.0,26.0,36.0,21.0,3,TPC Arm (Gemcitabine or Eribulin),3.0,33676601,Industry,INDUSTRY,Breast,Metastatic,Immunotherapy,2015
PMID 33676601 CT_Summary_SoE.pdf,control,2,2.0,5.0,13.0,26.0,39.0,53.0,21.0,3,TPC Arm (Vinorelbine),4.416666666666667,33676601,Industry,INDUSTRY,Breast,Metastatic,Immunotherapy,2015
PMID 33676601 CT_Summary_SoE.pdf,intervention,0,2.0,2.0,5.0,9.0,13.0,18.0,21.0,3,Pembrolizumab Arm,1.5,33676601,Industry,INDUSTRY,Breast,Metastatic,Immunotherapy,2015
PMID 33683919 a_Summary_SoE.pdf,control,0,2.0,5.0,10.0,16.0,23.0,30.0,14.0,3,Arm C (Placebo),2.5,33683919,Industry,INDUSTRY,Thor,Metastatic,Immunotherapy,2015
PMID 33683919 a_Summary_SoE.pdf,intervention,0,2.0,4.0,9.0,15.0,22.0,29.0,14.0,3,Arm B (Nivolumab + Ipilimumab),2.4166666666666665,33683919,Industry,INDUSTRY,Thor,Metastatic,Immunotherapy,2015
PMID 33683919 a_Summary_SoE.pdf,intervention,1,2.0,5.0,10.0,16.0,23.0,30.0,14.0,3,Arm A (Nivolumab monotherapy),2.5,33683919,Industry,INDUSTRY,Thor,Metastatic,Immunotherapy,2015
PMID 33721560 CT_Summary_SoE.pdf,control,0,1.0,1.0,3.0,5.0,7.0,10.0,21.0,3,Arm B (Observation),0.8333333333333334,33721560,Industry,INDUSTRY,GU,Non-metastatic,Immunotherapy,2015
PMID 33721560 CT_Summary_SoE.pdf,intervention,0,1.0,2.0,5.0,9.0,13.0,18.0,21.0,3,Arm A (Atezolizumab),1.5,33721560,Industry,INDUSTRY,GU,Non-metastatic,Immunotherapy,2015
PMID 33739848 a_Summary_SoE.pdf,control,0,2.0,22.0,26.0,27.0,27.0,28.0,1.0,3,Group 1 (Radiation Therapy alone),2.3333333333333335,33739848,Industry,NIH,Breast,Non-metastatic,Targeted Therapy,2008
PMID 33739848 a_Summary_SoE.pdf,intervention,0,2.0,22.0,26.0,27.0,27.0,28.0,1.0,3,Group 2 (Radiation Therapy + Trastuzumab),2.3333333333333335,33739848,Industry,NIH,Breast,Non-metastatic,Targeted Therapy,2008
PMID 33764805 a_Summary_SoE.pdf,control,0,2.0,5.0,11.0,17.0,24.0,30.0,28.0,3,Arm B (Placebo + Best Supportive Care),2.5,33764805,Industry,INDUSTRY,Heme,Hematologic,Chemotherapy,2013
PMID 33764805 a_Summary_SoE.pdf,intervention,0,2.0,5.0,11.0,17.0,24.0,30.0,28.0,3,Arm A (Oral Azacitidine + Best Supportive Care),2.5,33764805,Industry,INDUSTRY,Heme,Hematologic,Chemotherapy,2013
PMID 33789008 a_Summary_SoE.pdf,control,0,1.0,3.0,7.0,11.0,14.0,18.0,14.0,3,Arm B (Placebo),1.5,33789008,Industry,INDUSTRY,GI,Non-metastatic,Immunotherapy,2016
PMID 33789008 a_Summary_SoE.pdf,intervention,0,1.0,3.0,7.0,11.0,14.0,18.0,14.0,3,Arm A (Nivolumab),1.5,33789008,Industry,INDUSTRY,GI,Non-metastatic,Immunotherapy,2016
PMID 33792623a_Summary_SoE.pdf,control,0,1.0,2.0,5.0,10.0,12.0,14.0,21.0,3,Arm C (Paclitaxel + Carboplatin),1.1666666666666667,33792623,Industry,INDUSTRY,Thor,Metastatic,Immunotherapy,2018
PMID 33792623a_Summary_SoE.pdf,intervention,0,1.0,2.0,5.0,9.0,13.0,18.0,21.0,3,Arm A (Tislelizumab + Paclitaxel + Carboplatin),1.5,33792623,Industry,INDUSTRY,Thor,Metastatic,Immunotherapy,2018
PMID 33792623a_Summary_SoE.pdf,intervention,1,1.0,5.0,13.0,21.0,25.0,30.0,21.0,3,Arm B (Tislelizumab + nab-paclitaxel + Carboplatin),2.5,33792623,Industry,INDUSTRY,Thor,Metastatic,Immunotherapy,2018
PMID 33793299 a_Summary_SoE.pdf,control,0,1.0,3.0,6.0,9.0,12.0,15.0,28.0,3,Arm B (Placebo + Endocrine Therapy),1.25,33793299,Industry,INDUSTRY,Breast,Non-metastatic,Targeted Therapy,2013
PMID 33793299 a_Summary_SoE.pdf,intervention,0,1.0,3.0,6.0,9.0,12.0,15.0,28.0,3,Arm A (Palbociclib + Endocrine Therapy),1.25,33793299,Industry,INDUSTRY,Breast,Non-metastatic,Targeted Therapy,2013
PMID 33794205 CT_Summary_SoE.pdf,control,0,1.0,18.0,37.0,44.0,50.0,57.0,28.0,3,Arm B (Placebo + SOC CRT),4.75,33794205,Industry,INDUSTRY,HN,Metastatic,Immunotherapy,2016
PMID 33794205 CT_Summary_SoE.pdf,intervention,0,1.0,18.0,37.0,44.0,50.0,57.0,28.0,3,Arm A (Avelumab + SOC CRT),4.75,33794205,Industry,INDUSTRY,HN,Metastatic,Immunotherapy,2016
PMID 33821899a_Summary_SoE.pdf,control,0,2.0,3.0,7.0,8.0,9.0,10.0,14.0,3,Arm C (6 cycles FOLFOX + Placebo),0.8333333333333334,33821899,Non-Industry,OTHER,GI,Non-metastatic,Chemotherapy,2010
PMID 33821899a_Summary_SoE.pdf,control,1,2.0,3.0,7.0,9.0,10.0,11.0,14.0,3,Arm A (12 cycles FOLFOX + Placebo),0.9166666666666666,33821899,Non-Industry,OTHER,GI,Non-metastatic,Chemotherapy,2010
PMID 33821899a_Summary_SoE.pdf,control,2,2.0,3.5,8.0,13.5,14.5,15.5,14.0,2,Arm A (12 cycles of FOLFOX + placebo daily),1.2916666666666667,33821899,Non-Industry,OTHER,GI,Non-metastatic,Chemotherapy,2010
PMID 33821899a_Summary_SoE.pdf,intervention,0,1.0,3.0,7.0,12.0,13.0,14.0,14.0,1,Arm B (12 cycles FOLFOX + Celecoxib),1.1666666666666667,33821899,Non-Industry,OTHER,GI,Non-metastatic,Chemotherapy,2010
PMID 33821899a_Summary_SoE.pdf,intervention,1,2.0,3.0,7.0,13.0,14.0,15.0,14.0,3,Arm D (6 cycles FOLFOX + Celecoxib),1.25,33821899,Non-Industry,OTHER,GI,Non-metastatic,Chemotherapy,2010
PMID 33848462 CT_Summary_SoE.pdf,control,0,3.0,6.0,12.0,22.0,32.0,42.0,28.0,3,Arm B (Placebo + Rituximab),3.5,33848462,Industry,INDUSTRY,Heme,Hematologic,Targeted Therapy,2015
PMID 33848462 CT_Summary_SoE.pdf,intervention,0,3.0,6.0,12.0,22.0,32.0,42.0,28.0,3,Arm A (Copanlisib + Rituximab),3.5,33848462,Industry,INDUSTRY,Heme,Hematologic,Targeted Therapy,2015
PMID 33882206 a_Summary_SoE.pdf,control,0,2.0,4.0,9.0,18.0,26.0,36.0,21.0,3,Arm B (Treatment of Physician's Choice - TPC),3.0,33882206,Industry,INDUSTRY,Breast,Metastatic,Targeted Therapy,2017
PMID 33882206 a_Summary_SoE.pdf,intervention,0,2.0,4.0,9.0,18.0,26.0,36.0,21.0,3,Arm A (Sacituzumab Govitecan),3.0,33882206,Industry,INDUSTRY,Breast,Metastatic,Targeted Therapy,2017
PMID 33891472 a_Summary_SoE.pdf,control,0,2.0,2.0,5.0,9.0,13.0,18.0,21.0,3,Arm B (Placebo + Paclitaxel + Carboplatin + Bevacizumab),1.5,33891472,Industry,INDUSTRY,GYN,Metastatic,Immunotherapy,2017
PMID 33891472 a_Summary_SoE.pdf,intervention,0,2.0,2.0,5.0,9.0,13.0,18.0,21.0,3,Arm A (Atezolizumab + Paclitaxel + Carboplatin + Bevacizumab),1.5,33891472,Industry,INDUSTRY,GYN,Metastatic,Immunotherapy,2017
PMID 33914256 CT_Summary_SoE.pdf,control,0,2.0,2.0,5.0,9.0,13.0,19.0,21.0,3,Arm B (Avastin + Chemotherapy),1.5833333333333333,33914256,Industry,INDUSTRY,Thor,Metastatic,Targeted Therapy,2018
PMID 33914256 CT_Summary_SoE.pdf,intervention,0,2.0,2.0,5.0,9.0,13.0,19.0,21.0,3,Arm A (MB02 + Chemotherapy),1.5833333333333333,33914256,Industry,INDUSTRY,Thor,Metastatic,Targeted Therapy,2018
PMID 33971141 CT_Summary_SoE.pdf,control,0,1.0,3.0,6.0,9.0,12.0,16.0,28.0,3,Arm B (Placebo),1.3333333333333333,33971141,Industry,INDUSTRY,GI,Metastatic,Other,2014
PMID 33971141 CT_Summary_SoE.pdf,intervention,0,1.0,3.0,6.0,9.0,12.0,16.0,28.0,3,Arm A (Apatinib Mesylate Tablets),1.3333333333333333,33971141,Industry,INDUSTRY,GI,Metastatic,Other,2014
PMID 33989025 a_Summary_SoE.pdf,control,0,2.0,4.0,9.0,15.0,19.0,24.0,21.0,3,"Arm A (Gemcitabine, Cisplatin, and Placebo)",2.0,33989025,Non-Industry,NIH,GU,Metastatic,Targeted Therapy,2009
PMID 33989025 a_Summary_SoE.pdf,intervention,0,2.0,4.0,9.0,15.0,19.0,24.0,21.0,3,"Arm B (Gemcitabine, Cisplatin, and Bevacizumab)",2.0,33989025,Non-Industry,NIH,GU,Metastatic,Targeted Therapy,2009
PMID 34048947 a_Summary_SoE.pdf,control,0,1.0,4.0,9.0,15.0,19.0,24.0,21.0,3,Control Group (Placebo + Gemcitabine + Platinum),2.0,34048947,Industry,INDUSTRY,Thor,Metastatic,Immunotherapy,2018
PMID 34048947 a_Summary_SoE.pdf,intervention,0,1.0,4.0,9.0,15.0,19.0,24.0,21.0,3,Test Group (IBI308 + Gemcitabine + Platinum),2.0,34048947,Industry,INDUSTRY,Thor,Metastatic,Immunotherapy,2018
PMID 34051178a_Summary_SoE.pdf,control,0,2.0,4.0,9.0,14.0,16.0,17.0,21.0,3,Chemotherapy Alone,1.4166666666666667,34051178,Industry,INDUSTRY,GU,Metastatic,Immunotherapy,2016
PMID 34051178a_Summary_SoE.pdf,intervention,0,2.0,2.0,5.0,9.0,13.0,18.0,21.0,3,Pembrolizumab Monotherapy,1.5,34051178,Industry,INDUSTRY,GU,Metastatic,Immunotherapy,2016
PMID 34051178a_Summary_SoE.pdf,intervention,1,2.0,4.0,9.0,15.0,19.0,24.0,21.0,3,Pembrolizumab plus Chemotherapy,2.0,34051178,Industry,INDUSTRY,GU,Metastatic,Immunotherapy,2016
PMID 34077643 a_Summary_SoE.pdf,control,0,2.0,3.0,7.0,13.0,20.0,27.0,14.0,3,Arm B (Placebo),2.25,34077643,Industry,INDUSTRY,GU,NS,Immunotherapy,2016
PMID 34077643 a_Summary_SoE.pdf,intervention,0,2.0,3.0,7.0,13.0,20.0,27.0,14.0,3,Arm A (Nivolumab),2.25,34077643,Industry,INDUSTRY,GU,NS,Immunotherapy,2016
PMID 34087126 a_Summary_SoE.pdf,control,0,1.0,5.0,11.0,17.0,20.0,24.0,28.0,3,PomDex (Pomalidomide + Dexamethasone),2.0,34087126,Industry,NETWORK,Heme,Hematologic,Targeted Therapy,2017
PMID 34087126 a_Summary_SoE.pdf,intervention,0,1.0,5.0,11.0,17.0,20.0,24.0,28.0,3,DaraPomDex (Daratumumab + Pomalidomide + Dexamethasone),2.0,34087126,Industry,NETWORK,Heme,Hematologic,Targeted Therapy,2017
PMID 34092112 a_Summary_SoE.pdf,control,0,2.0,0.0,1.0,2.0,3.0,4.0,21.0,3,Arm A (Observation),0.3333333333333333,34092112,Non-Industry,NETWORK,Breast,Non-metastatic,Chemotherapy,2015
PMID 34092112 a_Summary_SoE.pdf,control,1,2.0,2.0,5.0,8.0,9.0,10.0,21.0,3,Arm C (Capecitabine),0.8333333333333334,34092112,Non-Industry,NETWORK,Breast,Non-metastatic,Chemotherapy,2015
PMID 34092112 a_Summary_SoE.pdf,intervention,0,2.0,2.0,5.0,6.0,7.0,8.0,21.0,3,Arm B (Platinum-based chemotherapy),0.6666666666666666,34092112,Non-Industry,NETWORK,Breast,Non-metastatic,Chemotherapy,2015
PMID 34102137 a_Summary_SoE.pdf,control,0,2.0,6.0,14.0,26.0,40.0,52.0,14.0,3,XELOX alone,4.333333333333333,34102137,Industry,INDUSTRY,GI,Metastatic,Immunotherapy,2016
PMID 34102137 a_Summary_SoE.pdf,control,1,1.0,5.0,13.0,26.0,40.0,52.0,14.0,1,FOLFOX alone,4.333333333333333,34102137,Industry,INDUSTRY,GI,Metastatic,Immunotherapy,2016
PMID 34102137 a_Summary_SoE.pdf,intervention,0,2.0,2.0,5.0,9.0,13.0,18.0,21.0,3,Nivolumab + XELOX,1.5,34102137,Industry,INDUSTRY,GI,Metastatic,Immunotherapy,2016
PMID 34102137 a_Summary_SoE.pdf,intervention,1,2.0,5.0,13.0,26.0,40.0,52.0,14.0,3,Nivolumab + FOLFOX,4.333333333333333,34102137,Industry,INDUSTRY,GI,Metastatic,Immunotherapy,2016
PMID 34102137 a_Summary_SoE.pdf,intervention,2,2.0,6.0,14.0,26.0,40.0,52.0,14.0,1,Nivolumab + FOLFOX,4.333333333333333,34102137,Industry,INDUSTRY,GI,Metastatic,Immunotherapy,2016
PMID 34110925 a_Summary_SoE.pdf,control,0,2.0,20.0,35.0,41.0,51.0,59.0,42.0,3,Arm A (Standard-dose CSRT 23.40 Gy + Standard Volume Boost),4.916666666666667,34110925,Non-Industry,NETWORK,Other,Non-metastatic,Chemotherapy,2004
PMID 34110925 a_Summary_SoE.pdf,intervention,0,2.0,20.0,35.0,41.0,51.0,59.0,42.0,3,Arm B (Reduced-dose CSRT 18.00 Gy + Limited Target Volume Boost),4.916666666666667,34110925,Non-Industry,NETWORK,Other,Non-metastatic,Chemotherapy,2004
PMID 34133211 a_Summary_SoE.pdf,control,0,2.0,2.0,4.0,6.0,9.0,11.0,42.0,3,Arm 2 (SC Arm: Surgery + Chemotherapy),0.9166666666666666,34133211,Industry,INDUSTRY,GI,Metastatic,Chemotherapy,2011
PMID 34133211 a_Summary_SoE.pdf,intervention,0,2.0,2.0,6.0,8.0,11.0,14.0,21.0,3,Arm 1 (CSC Arm: Chemotherapy + Surgery + Chemotherapy),1.1666666666666667,34133211,Industry,INDUSTRY,GI,Metastatic,Chemotherapy,2011
PMID 34134469 CT_Summary_SoE.pdf,control,0,1.0,2.0,6.0,10.0,12.0,13.0,21.0,3,Arm B (Observation),1.0833333333333333,34134469,Industry,INDUSTRY,Heme,Hematologic,Targeted Therapy,2011
PMID 34134469 CT_Summary_SoE.pdf,intervention,0,1.0,2.0,6.0,10.0,12.0,13.0,21.0,3,Arm A (Prolonged SC Rituximab Maintenance),1.0833333333333333,34134469,Industry,INDUSTRY,Heme,Hematologic,Targeted Therapy,2011
PMID 34143970 CT_Summary_SoE.pdf,control,0,1.0,3.0,7.0,13.0,20.0,27.0,28.0,3,Arm C (PLD alone),2.25,34143970,Industry,INDUSTRY,GYN,NS,Immunotherapy,2015
PMID 34143970 CT_Summary_SoE.pdf,intervention,0,1.0,3.0,7.0,13.0,20.0,27.0,28.0,3,Arm A (avelumab alone),2.25,34143970,Industry,INDUSTRY,GYN,NS,Immunotherapy,2015
PMID 34143970 CT_Summary_SoE.pdf,intervention,1,1.0,3.0,7.0,13.0,20.0,27.0,28.0,3,Arm B (avelumab plus PLD),2.25,34143970,Industry,INDUSTRY,GYN,NS,Immunotherapy,2015
PMID 34161051 a_Summary_SoE.pdf,control,0,2.0,5.0,10.0,16.0,23.0,24.0,42.0,3,Control Arm (Best Supportive Care Alone),2.0,34161051,Industry,INDUSTRY,GU,Metastatic,Other,2018
PMID 34161051 a_Summary_SoE.pdf,intervention,0,2.0,5.0,10.0,16.0,23.0,24.0,42.0,3,Investigational Arm (177Lu-PSMA-617 + BSoC),2.0,34161051,Industry,INDUSTRY,GU,Metastatic,Other,2018
PMID 34170389 CT_Summary_SoE.pdf,control,0,2.0,19.0,33.0,51.0,64.0,78.0,7.0,1,Low-Risk (LR),6.5,34170389,Industry,OTHER,Heme,Hematologic,Chemotherapy,2007
PMID 34170389 CT_Summary_SoE.pdf,control,1,2.0,15.5,32.5,49.5,66.0,79.5,7.0,2,"Arm B (Conventional Dose PEG-asparaginase, Standard/High-Risk)",6.625,34170389,Industry,OTHER,Heme,Hematologic,Chemotherapy,2007
PMID 34170389 CT_Summary_SoE.pdf,intervention,0,2.0,18.0,33.0,51.0,64.0,78.0,7.0,3,"Arm A (Higher Dose PEG-asparaginase, Standard/High-Risk)",6.5,34170389,Industry,OTHER,Heme,Hematologic,Chemotherapy,2007
PMID 34197181 a_Summary_SoE.pdf,control,0,2.0,2.0,24.0,47.0,47.0,48.0,28.0,3,Group 1 (AST + EBRT),4.0,34197181,Industry,INDUSTRY,GU,Metastatic,Chemotherapy,2005
PMID 34197181 a_Summary_SoE.pdf,intervention,0,2.0,5.0,29.0,52.0,52.0,53.0,21.0,3,Group 2 (AST + EBRT + Docetaxel),4.416666666666667,34197181,Industry,INDUSTRY,GU,Metastatic,Chemotherapy,2005
PMID 34219000 a_Summary_SoE.pdf,control,0,2.0,4.0,10.0,20.0,30.0,40.0,28.0,3,Arm B (Placebo + Paclitaxel),3.3333333333333335,34219000,Industry,INDUSTRY,Breast,Metastatic,Immunotherapy,2017
PMID 34219000 a_Summary_SoE.pdf,intervention,0,2.0,4.0,10.0,20.0,30.0,40.0,28.0,3,Arm A (Atezolizumab + Paclitaxel),3.3333333333333335,34219000,Industry,INDUSTRY,Breast,Metastatic,Immunotherapy,2017
PMID 34237250 a_Summary_SoE.pdf,control,0,2.0,3.0,6.0,9.0,12.0,16.0,28.0,3,Placebo,1.3333333333333333,34237250,Industry,INDUSTRY,Other,NS,Targeted Therapy,2018
PMID 34237250 a_Summary_SoE.pdf,intervention,0,2.0,3.0,6.0,9.0,12.0,16.0,28.0,3,Cabozantinib,1.3333333333333333,34237250,Industry,INDUSTRY,Other,NS,Targeted Therapy,2018
PMID 34246347 CT_Summary_SoE.pdf,control,0,2.0,5.0,9.0,12.0,15.0,19.0,28.0,3,Arm 2 (Placebo + Abiraterone + Prednisone/Prednisolone),1.5833333333333333,34246347,Industry,INDUSTRY,GU,Metastatic,Endocrine,2017
PMID 34246347 CT_Summary_SoE.pdf,intervention,0,2.0,5.0,9.0,12.0,15.0,19.0,28.0,3,Arm 1 (Ipatasertib + Abiraterone + Prednisone/Prednisolone),1.5833333333333333,34246347,Industry,INDUSTRY,GU,Metastatic,Endocrine,2017
PMID 34264305 a_Summary_SoE.pdf,control,0,1.0,0.0,1.0,2.0,2.0,3.0,0.0,3,Placebo,0.25,34264305,Non-Industry,OTHER,Breast,Non-metastatic,Other,2005
PMID 34264305 a_Summary_SoE.pdf,intervention,0,1.0,0.0,1.0,2.0,2.0,3.0,0.0,3,Celecoxib,0.25,34264305,Non-Industry,OTHER,Breast,Non-metastatic,Other,2005
PMID 34264316 a_Summary_SoE.pdf,control,0,1.0,3.0,7.0,13.0,20.0,27.0,14.0,3,Arm 2: Nivolumab monotherapy,2.25,34264316,Non-Industry,NETWORK,Thor,Metastatic,Immunotherapy,2015
PMID 34264316 a_Summary_SoE.pdf,intervention,0,1.0,3.0,7.0,13.0,20.0,27.0,14.0,3,Arm 1: Nivolumab plus Ipilimumab,2.25,34264316,Non-Industry,NETWORK,Thor,Metastatic,Immunotherapy,2015
PMID 34264503 CT_Summary_SoE.pdf,control,0,1.0,4.0,7.0,11.0,15.0,20.0,21.0,3,Arm B (Avastin group),1.6666666666666667,34264503,Industry,INDUSTRY,Thor,Metastatic,Targeted Therapy,2016
PMID 34264503 CT_Summary_SoE.pdf,intervention,0,1.0,4.0,7.0,11.0,15.0,20.0,21.0,3,Arm A (FKB238 group),1.6666666666666667,34264503,Industry,INDUSTRY,Thor,Metastatic,Targeted Therapy,2016
PMID 34309665 a_Summary_SoE.pdf,control,0,2.0,7.0,15.0,27.0,31.0,36.0,14.0,3,Standard Arm (Bevacizumab + FOLFOX/OXXEL),3.0,34309665,Non-Industry,OTHER,GI,Metastatic,Targeted Therapy,2012
PMID 34309665 a_Summary_SoE.pdf,intervention,0,2.0,8.0,21.0,39.0,43.0,48.0,14.0,3,Experimental Arm (Sequential Bevacizumab + FOLFOX/OXXEL),4.0,34309665,Non-Industry,OTHER,GI,Metastatic,Targeted Therapy,2012
PMID 34320285 a_Summary_SoE.pdf,control,0,1.0,0.0,0.0,1.0,1.0,2.0,0.0,3,Arm A (Anastrozole 2 years),0.1666666666666666,34320285,Industry,INDUSTRY,Breast,Non-metastatic,Endocrine,2004
PMID 34320285 a_Summary_SoE.pdf,intervention,0,1.0,0.0,0.0,1.0,1.0,2.0,0.0,3,Arm B (Anastrozole 5 years),0.1666666666666666,34320285,Industry,INDUSTRY,Breast,Non-metastatic,Endocrine,2004
PMID 34341578 CT_Summary_SoE.pdf,control,0,2.0,4.0,9.0,15.0,19.0,24.0,21.0,3,Arm B (Placebo + Chemotherapy),2.0,34341578,Industry,OTHER,HN,Metastatic,Immunotherapy,2018
PMID 34341578 CT_Summary_SoE.pdf,intervention,0,2.0,4.0,9.0,15.0,19.0,24.0,21.0,3,Arm A (Toripalimab + Chemotherapy),2.0,34341578,Industry,OTHER,HN,Metastatic,Immunotherapy,2018
PMID 34343033 a_Summary_SoE.pdf,control,0,1.0,3.0,6.0,8.0,9.0,11.0,28.0,3,Arm B (Regorafenib),0.9166666666666666,34343033,Industry,INDUSTRY,GI,Metastatic,Targeted Therapy,2018
PMID 34343033 a_Summary_SoE.pdf,intervention,0,1.0,3.0,6.0,8.0,9.0,11.0,28.0,3,Arm A (Avapritinib),0.9166666666666666,34343033,Industry,INDUSTRY,GI,Metastatic,Targeted Therapy,2018
PMID 34357781 a_Summary_SoE.pdf,control,0,1.0,3.0,5.0,8.0,11.0,15.0,28.0,3,Arm B (Exemestane + Placebo),1.25,34357781,Non-Industry,NIH,Breast,Metastatic,Endocrine,2014
PMID 34357781 a_Summary_SoE.pdf,intervention,0,1.0,3.0,5.0,8.0,11.0,15.0,28.0,3,Arm A (Exemestane + Entinostat),1.25,34357781,Non-Industry,NIH,Breast,Metastatic,Endocrine,2014
PMID 34363762 CT_Summary_SoE.pdf,control,0,1.0,5.0,13.0,20.0,22.0,24.0,21.0,3,Arm A (Chemotherapy alone followed by observation),2.0,34363762,Industry,INDUSTRY,GYN,Metastatic,Immunotherapy,2016
PMID 34363762 CT_Summary_SoE.pdf,intervention,0,1.0,5.0,13.0,22.0,29.0,36.0,21.0,3,Arm B (Chemotherapy alone followed by avelumab maintenance),3.0,34363762,Industry,INDUSTRY,GYN,Metastatic,Immunotherapy,2016
PMID 34363762 CT_Summary_SoE.pdf,intervention,1,1.0,5.0,13.0,22.0,29.0,36.0,21.0,3,Arm C (Avelumab in combination with chemotherapy followed by avelumab maintenance),3.0,34363762,Industry,INDUSTRY,GYN,Metastatic,Immunotherapy,2016
PMID 34383006a_Summary_SoE.pdf,control,0,2.0,21.0,31.0,32.0,33.0,34.0,42.0,3,Arm B (Conventional radiation),2.8333333333333335,34383006,Non-Industry,OTHER,Thor,Non-metastatic,Radiation,2012
PMID 34383006a_Summary_SoE.pdf,intervention,0,2.0,15.0,16.0,17.0,18.0,19.0,21.0,3,Arm A (Accelerated hypofractionated IGRT),1.5833333333333333,34383006,Non-Industry,OTHER,Thor,Non-metastatic,Radiation,2012
PMID 34407342 a_Summary_SoE.pdf,control,0,2.0,2.0,5.0,9.0,13.0,18.0,21.0,3,Arm B (Placebo),1.5,34407342,Industry,INDUSTRY,GU,"Metastatic, Non-metastatic",Immunotherapy,2017
PMID 34407342 a_Summary_SoE.pdf,intervention,0,2.0,2.0,5.0,9.0,13.0,18.0,21.0,3,Arm A (Pembrolizumab),1.5,34407342,Industry,INDUSTRY,GU,"Metastatic, Non-metastatic",Immunotherapy,2017
PMID 34407542 a_Summary_SoE.pdf,control,0,1.0,3.0,7.0,11.0,14.0,18.0,7.0,3,Bosutinib 500 mg once daily,1.5,34407542,Industry,INDUSTRY,Heme,Hematologic,Other,2016
PMID 34407542 a_Summary_SoE.pdf,intervention,0,1.0,3.0,7.0,11.0,14.0,18.0,7.0,3,Asciminib 40 mg twice daily,1.5,34407542,Industry,INDUSTRY,Heme,Hematologic,Other,2016
PMID 34418665 CT_Summary_SoE.pdf,control,0,1.0,10.0,25.0,31.0,33.0,36.0,21.0,3,Arm B (Cisplatin + 5-FU),3.0,34418665,Industry,INDUSTRY,HN,Metastatic,Targeted Therapy,2015
PMID 34418665 CT_Summary_SoE.pdf,intervention,0,1.0,13.0,33.0,50.0,63.0,77.0,21.0,3,Arm A (Cetuximab + Cisplatin + 5-FU),6.416666666666667,34418665,Industry,INDUSTRY,HN,Metastatic,Targeted Therapy,2015
PMID 34454674 a_Summary_SoE.pdf,control,0,1.0,4.0,10.0,18.0,26.0,36.0,21.0,3,Arm 2 (Placebo + Cisplatin + 5-FU),3.0,34454674,Industry,INDUSTRY,GI,Metastatic,Immunotherapy,2017
PMID 34454674 a_Summary_SoE.pdf,intervention,0,1.0,4.0,10.0,18.0,26.0,36.0,21.0,3,Arm 1 (Pembrolizumab + Cisplatin + 5-FU),3.0,34454674,Industry,INDUSTRY,GI,Metastatic,Immunotherapy,2017
PMID 34459214 CT_Summary_SoE.pdf,control,0,1.0,2.0,4.0,7.0,10.0,13.0,84.0,3,Leuprolide (GnRH Receptor Agonist),1.0833333333333333,34459214,Industry,INDUSTRY,GU,Metastatic,Endocrine,2016
PMID 34459214 CT_Summary_SoE.pdf,intervention,0,1.0,2.0,4.0,7.0,10.0,13.0,28.0,3,Degarelix (GnRH Receptor Antagonist),1.0833333333333333,34459214,Industry,INDUSTRY,GU,Metastatic,Endocrine,2016
PMID 34534429 a_Summary_SoE.pdf,control,0,2.0,2.0,5.0,9.0,13.0,18.0,21.0,3,Arm 2 (Placebo + Chemotherapy),1.5,34534429,Industry,INDUSTRY,GYN,Metastatic,Immunotherapy,2018
PMID 34534429 a_Summary_SoE.pdf,intervention,0,2.0,2.0,5.0,9.0,13.0,18.0,21.0,3,Arm 1 (Pembrolizumab + Chemotherapy),1.5,34534429,Industry,INDUSTRY,GYN,Metastatic,Immunotherapy,2018
PMID 34600602 a_Summary_SoE.pdf,control,0,2.0,3.0,7.0,10.0,13.0,17.0,28.0,3,Arm B (Placebo + Abiraterone Acetate + Prednisone),1.4166666666666667,34600602,Industry,INDUSTRY,GU,Metastatic,Endocrine,2014
PMID 34600602 a_Summary_SoE.pdf,intervention,0,2.0,3.0,7.0,10.0,13.0,17.0,28.0,3,Arm A (Apalutamide + Abiraterone Acetate + Prednisone),1.4166666666666667,34600602,Industry,INDUSTRY,GU,Metastatic,Endocrine,2014
PMID 34652968 a_Summary_SoE.pdf,control,0,2.0,10.0,26.0,50.0,66.0,67.0,14.0,3,Regimen A (VDC1200/IE),5.583333333333333,34652968,Non-Industry,NETWORK,Other,Non-metastatic,Chemotherapy,2010
PMID 34652968 a_Summary_SoE.pdf,intervention,0,2.0,13.0,30.0,61.0,83.0,84.0,14.0,3,Regimen B (VTC250/IE/VDC1200),7.0,34652968,Non-Industry,NETWORK,Other,Non-metastatic,Chemotherapy,2010
PMID 34661177 CT_Summary_SoE.pdf,control,0,1.0,5.0,13.0,17.0,21.0,26.0,21.0,3,Arm 2 (Saline Placebo + Carboplatin + Paclitaxel/nab-paclitaxel),2.1666666666666665,34661177,Industry,INDUSTRY,Thor,Metastatic,Immunotherapy,2017
PMID 34661177 CT_Summary_SoE.pdf,intervention,0,1.0,5.0,13.0,17.0,21.0,26.0,21.0,3,Arm 1 (Pembrolizumab + Carboplatin + Paclitaxel/nab-paclitaxel),2.1666666666666665,34661177,Industry,INDUSTRY,Thor,Metastatic,Immunotherapy,2017
PMID 34808255 CT_Summary_SoE.pdf,control,0,2.0,22.0,35.0,36.0,36.0,36.0,7.0,3,Arm 1 (Placebo Control),3.0,34808255,Industry,OTHER,HN,Metastatic,Other,2017
PMID 34808255 CT_Summary_SoE.pdf,intervention,0,2.0,22.0,35.0,36.0,36.0,36.0,7.0,3,Arm 2 (Gabapentin),3.0,34808255,Industry,OTHER,HN,Metastatic,Other,2017
PMID 34855460 a_Summary_SoE.pdf,control,0,2.0,13.0,19.0,22.0,23.0,24.0,0.0,3,Arm C (Control - BM/Tac/Mtx),2.0,34855460,Industry,NIH,Heme,Hematologic,Chemotherapy,2015
PMID 34855460 a_Summary_SoE.pdf,intervention,0,2.0,11.0,18.0,20.0,21.0,22.0,0.0,3,Arm A (CD34 Selected PBSC),1.8333333333333333,34855460,Industry,NIH,Heme,Hematologic,Chemotherapy,2015
PMID 34855460 a_Summary_SoE.pdf,intervention,1,2.0,12.0,18.0,20.0,21.0,22.0,0.0,3,Arm B (BM/PTCy),1.8333333333333333,34855460,Industry,NIH,Heme,Hematologic,Chemotherapy,2015
PMID 34874182 a_Summary_SoE.pdf,control,0,0.0,0.0,0.0,0.0,0.0,0.0,,3,Arm B (Endocrine Therapy alone),0.0,34874182,Industry,OTHER,Breast,Non-metastatic,Targeted Therapy,2015
PMID 34874182 a_Summary_SoE.pdf,intervention,0,0.0,0.0,0.0,0.0,0.0,0.0,28.0,3,Arm A (Palbociclib + Endocrine Therapy),0.0,34874182,Industry,OTHER,Breast,Non-metastatic,Targeted Therapy,2015
PMID 34882169 a_Summary_SoE.pdf,control,0,2.0,1.0,2.0,2.0,2.0,2.0,28.0,3,Placebo,0.1666666666666666,34882169,Non-Industry,OTHER,CNS,Solid M0,Other,2013
PMID 34882169 a_Summary_SoE.pdf,intervention,0,2.0,1.0,2.0,2.0,2.0,2.0,28.0,3,Armodafinil 150mg,0.1666666666666666,34882169,Non-Industry,OTHER,CNS,Solid M0,Other,2013
PMID 34882169 a_Summary_SoE.pdf,intervention,1,2.0,1.0,2.0,2.0,2.0,2.0,28.0,3,Armodafinil 250mg,0.1666666666666666,34882169,Non-Industry,OTHER,CNS,Solid M0,Other,2013
PMID 34890060 CT_Summary_SoE.pdf,control,0,2.0,1.0,1.0,1.0,1.0,2.0,0.0,3,Arm D (Usual Care),0.1666666666666666,34890060,Non-Industry,OTHER,GU,Non-metastatic,Other,2017
PMID 34890060 CT_Summary_SoE.pdf,intervention,0,2.0,1.0,1.0,1.0,1.0,2.0,0.0,3,Arm A (Pre- and During-consultation Decision Aids),0.1666666666666666,34890060,Non-Industry,OTHER,GU,Non-metastatic,Other,2017
PMID 34890060 CT_Summary_SoE.pdf,intervention,1,2.0,1.0,1.0,1.0,1.0,2.0,0.0,3,Arm B (Pre-consultation Decision Aid only),0.1666666666666666,34890060,Non-Industry,OTHER,GU,Non-metastatic,Other,2017
PMID 34890060 CT_Summary_SoE.pdf,intervention,2,2.0,1.0,1.0,1.0,1.0,2.0,0.0,3,Arm C (During-consultation Decision Aid only),0.1666666666666666,34890060,Non-Industry,OTHER,GU,Non-metastatic,Other,2017
PMID 34890214 a_Summary_SoE.pdf,control,0,1.0,2.0,5.0,17.0,21.0,26.0,21.0,3,Arm 1 (Trastuzumab + Pertuzumab + Taxane),2.1666666666666665,34890214,Industry,INDUSTRY,Breast,Non-metastatic,Targeted Therapy,2014
PMID 34890214 a_Summary_SoE.pdf,intervention,0,1.0,2.0,5.0,9.0,13.0,18.0,21.0,3,Arm 2 (Trastuzumab Emtansine + Pertuzumab),1.5,34890214,Industry,INDUSTRY,Breast,Non-metastatic,Targeted Therapy,2014
PMID 34891224 a_Summary_SoE.pdf,control,0,2.0,6.0,33.0,35.0,36.0,37.0,21.0,3,"Standard of Care (SOC) therapy (R-ICE, R-DHAP, R-ESHAP, or R-GDP)",3.0833333333333335,34891224,Industry,INDUSTRY,Heme,Hematologic,Targeted Therapy,2018
PMID 34891224 a_Summary_SoE.pdf,intervention,0,2.0,12.0,13.0,15.0,16.0,17.0,0.0,3,Axicabtagene Ciloleucel,1.4166666666666667,34891224,Industry,INDUSTRY,Heme,Hematologic,Targeted Therapy,2018
PMID 34914339 a_Summary_SoE.pdf,control,0,3.0,1.0,2.0,3.0,4.0,5.0,90.0,3,Arm 2 (Endocrine Therapy alone),0.4166666666666667,34914339,Industry,NIH,Breast,Non-metastatic,Endocrine,2011
PMID 34914339 a_Summary_SoE.pdf,intervention,0,3.0,2.0,5.0,7.0,8.0,9.0,21.0,3,Arm 1 (Chemotherapy plus Endocrine Therapy),0.75,34914339,Industry,NIH,Breast,Non-metastatic,Endocrine,2011
PMID 34914889 a_Summary_SoE.pdf,control,0,2.0,3.0,7.0,13.0,20.0,27.0,14.0,3,Sorafenib (400 mg PO BID),2.25,34914889,Industry,INDUSTRY,GI,Metastatic,Immunotherapy,2015
PMID 34914889 a_Summary_SoE.pdf,intervention,0,2.0,3.0,7.0,13.0,20.0,27.0,14.0,3,Nivolumab (240 mg IV every 2 weeks),2.25,34914889,Industry,INDUSTRY,GI,Metastatic,Immunotherapy,2015
PMID 34967844 a_Summary_SoE.pdf,control,0,1.0,2.0,6.0,8.0,9.0,10.0,21.0,3,Control Group (Conventional Chemotherapy),0.8333333333333334,34967844,Non-Industry,OTHER,Breast,Non-metastatic,Other,2015
PMID 34967844 a_Summary_SoE.pdf,intervention,0,2.0,3.0,9.0,14.0,15.0,16.0,21.0,3,Intervention Group (GnRHa + Chemotherapy),1.3333333333333333,34967844,Non-Industry,OTHER,Breast,Non-metastatic,Other,2015
PMID 34997889 CT_Summary_SoE.pdf,control,0,3.0,7.0,21.0,32.0,33.0,33.0,28.0,3,"Carboplatin Arm (Carboplatin, Etoposide, Vincristine)",2.75,34997889,Non-Industry,OTHER,CNS,Metastatic,Chemotherapy,2005
PMID 34997889 CT_Summary_SoE.pdf,intervention,0,3.0,7.0,21.0,32.0,33.0,33.0,28.0,3,"Cyclophosphamide Arm (Cyclophosphamide, Etoposide, Vincristine)",2.75,34997889,Non-Industry,OTHER,CNS,Metastatic,Chemotherapy,2005
PMID 35007153 a_Summary_SoE.pdf,control,0,2.0,9.0,23.0,30.0,31.0,32.0,21.0,3,"Regimen II (Ifosfamide, Mesna, and Paclitaxel)",2.6666666666666665,35007153,Non-Industry,NETWORK,GYN,Metastatic,Chemotherapy,2009
PMID 35007153 a_Summary_SoE.pdf,intervention,0,2.0,5.0,13.0,18.0,19.0,20.0,21.0,3,Regimen I (Paclitaxel plus Carboplatin),1.6666666666666667,35007153,Non-Industry,NETWORK,GYN,Metastatic,Chemotherapy,2009
PMID 35013615 CT_Summary_SoE.pdf,control,0,2.0,2.0,5.0,9.0,13.0,18.0,21.0,3,Arm B (Enzalutamide Alone),1.5,35013615,Industry,INDUSTRY,GU,Metastatic,Immunotherapy,2017
PMID 35013615 CT_Summary_SoE.pdf,intervention,0,2.0,2.0,5.0,9.0,13.0,18.0,21.0,3,Arm A (Atezolizumab + Enzalutamide),1.5,35013615,Industry,INDUSTRY,GU,Metastatic,Immunotherapy,2017
PMID 35030011 a_Summary_SoE.pdf,control,0,2.0,3.0,6.0,9.0,12.0,16.0,28.0,3,Arm 2 (Placebo + Dabrafenib + Trametinib),1.3333333333333333,35030011,Industry,INDUSTRY,Skin,Metastatic,Targeted Therapy,2017
PMID 35030011 a_Summary_SoE.pdf,intervention,0,2.0,3.0,6.0,9.0,12.0,16.0,28.0,3,Arm 1 (PDR001 + Dabrafenib + Trametinib),1.3333333333333333,35030011,Industry,INDUSTRY,Skin,Metastatic,Targeted Therapy,2017
PMID 35032434 a_Summary_SoE.pdf,control,0,1.0,5.0,13.0,26.0,39.0,53.0,28.0,3,Arm B (Pomalidomide + Dexamethasone),4.416666666666667,35032434,Industry,INDUSTRY,Heme,Hematologic,Targeted Therapy,2017
PMID 35032434 a_Summary_SoE.pdf,intervention,0,1.0,5.0,13.0,26.0,39.0,53.0,28.0,3,Arm A (Melflufen + Dexamethasone),4.416666666666667,35032434,Industry,INDUSTRY,Heme,Hematologic,Targeted Therapy,2017
PMID 35038433 CT_Summary_SoE.pdf,control,0,3.0,20.0,30.0,30.0,32.0,33.0,7.0,3,Arm 2 (Chemoradiation + Surgery),2.75,35038433,Industry,NIH,HN,Non-metastatic,Targeted Therapy,2011
PMID 35038433 CT_Summary_SoE.pdf,intervention,0,3.0,20.0,31.0,34.0,38.0,43.0,21.0,3,Arm 1 (Trastuzumab + Chemoradiation + Surgery + Maintenance Trastuzumab),3.5833333333333335,35038433,Industry,NIH,HN,Non-metastatic,Targeted Therapy,2011
PMID 35045221 a_Summary_SoE.pdf,control,0,2.0,4.0,11.0,23.0,34.0,46.0,28.0,3,Arm B (TPC - Paclitaxel),3.8333333333333335,35045221,Industry,INDUSTRY,GYN,Metastatic,Immunotherapy,2018
PMID 35045221 a_Summary_SoE.pdf,intervention,0,2.0,3.0,8.0,13.0,18.0,23.0,21.0,3,Arm A (Lenvatinib + Pembrolizumab),1.9166666666666667,35045221,Industry,INDUSTRY,GYN,Metastatic,Immunotherapy,2018
PMID 35108470 a_Summary_SoE.pdf,control,0,2.0,7.0,20.0,35.0,50.0,66.0,28.0,3,Arm C (Fluorouracil + Cisplatin),5.5,35108470,Industry,INDUSTRY,GI,Metastatic,Immunotherapy,2017
PMID 35108470 a_Summary_SoE.pdf,intervention,0,2.0,3.0,7.0,13.0,20.0,27.0,14.0,3,Arm A (Nivolumab + Ipilimumab),2.25,35108470,Industry,INDUSTRY,GI,Metastatic,Immunotherapy,2017
PMID 35108470 a_Summary_SoE.pdf,intervention,1,2.0,8.0,23.0,41.0,60.0,79.0,28.0,3,Arm B (Nivolumab + Fluorouracil + Cisplatin),6.583333333333333,35108470,Industry,INDUSTRY,GI,Metastatic,Immunotherapy,2017
PMID 35142815 a_Summary_SoE.pdf,control,0,3.0,2.0,7.0,16.0,20.0,24.0,21.0,3,Arm B (Placebo + Standard of Care),2.0,35142815,Industry,INDUSTRY,GU,Metastatic,Targeted Therapy,2014
PMID 35142815 a_Summary_SoE.pdf,intervention,0,3.0,2.0,7.0,16.0,20.0,24.0,21.0,3,Arm A (DCVAC/PCa + Standard of Care),2.0,35142815,Industry,INDUSTRY,GU,Metastatic,Targeted Therapy,2014
PMID 35179323 a_Summary_SoE.pdf,control,0,2.0,2.0,5.0,7.0,8.0,9.0,21.0,3,Placebo + ADT + Docetaxel,0.75,35179323,Industry,INDUSTRY,GU,Metastatic,Endocrine,2016
PMID 35179323 a_Summary_SoE.pdf,intervention,0,2.0,2.0,5.0,7.0,8.0,9.0,21.0,3,Darolutamide + ADT + Docetaxel,0.75,35179323,Industry,INDUSTRY,GU,Metastatic,Endocrine,2016
PMID 35192411 a_Summary_SoE.pdf,control,0,1.0,4.0,8.0,9.0,9.0,10.0,0.0,3,Arm B (Placebo + RAI),0.8333333333333334,35192411,Industry,INDUSTRY,Other,NS,Targeted Therapy,2013
PMID 35192411 a_Summary_SoE.pdf,intervention,0,1.0,4.0,8.0,9.0,9.0,10.0,0.0,3,Arm A (Selumetinib + RAI),0.8333333333333334,35192411,Industry,INDUSTRY,Other,NS,Targeted Therapy,2013
PMID 35213496 CT_Summary_SoE.pdf,control,0,1.0,4.0,4.0,4.0,4.0,4.0,0.0,3,Group MB (Moderate Neuromuscular block),0.3333333333333333,35213496,Industry,OTHER,GI,NS,Other,2017
PMID 35213496 CT_Summary_SoE.pdf,intervention,0,1.0,4.0,4.0,4.0,4.0,4.0,0.0,3,Group DB (Deep Neuromuscular block),0.3333333333333333,35213496,Industry,OTHER,GI,NS,Other,2017
PMID 35240074a_Summary_SoE.pdf,control,0,1.0,7.0,17.0,30.0,42.0,57.0,28.0,3,Placebo,4.75,35240074,Industry,INDUSTRY,Multiple,NS,Other,2018
PMID 35240074a_Summary_SoE.pdf,intervention,0,1.0,7.0,17.0,30.0,42.0,57.0,28.0,3,Avatrombopag,4.75,35240074,Industry,INDUSTRY,Multiple,NS,Other,2018
PMID 35245446 CT_Summary_SoE.pdf,control,0,2.0,2.0,5.0,9.0,13.0,18.0,21.0,3,Group B (Placebo + Paclitaxel + Cisplatin),1.5,35245446,Industry,OTHER,GI,Metastatic,Immunotherapy,2019
PMID 35245446 CT_Summary_SoE.pdf,intervention,0,2.0,2.0,5.0,9.0,13.0,18.0,21.0,3,Group A (Toripalimab + Paclitaxel + Cisplatin),1.5,35245446,Industry,OTHER,GI,Metastatic,Immunotherapy,2019
PMID 35271306 a_Summary_SoE.pdf,control,0,2.0,7.0,27.0,45.0,59.0,72.0,84.0,3,Arm A (Modified ABFM Backbone),6.0,35271306,Non-Industry,NIH,Heme,Hematologic,Targeted Therapy,2014
PMID 35271306 a_Summary_SoE.pdf,intervention,0,2.0,8.0,28.0,47.0,61.0,74.0,84.0,3,Arm B (ABFM + Bortezomib),6.166666666666667,35271306,Non-Industry,NIH,Heme,Hematologic,Targeted Therapy,2014
PMID 35290101 a_Summary_SoE.pdf,control,0,2.0,2.0,5.0,9.0,10.0,12.0,21.0,3,Arm I (Standard platinum-based chemotherapy),1.0,35290101,Industry,NIH,GYN,NS,Targeted Therapy,2016
PMID 35290101 a_Summary_SoE.pdf,intervention,0,2.0,3.0,7.0,12.0,15.0,20.0,28.0,3,Arm II (Single-agent olaparib),1.6666666666666667,35290101,Industry,NIH,GYN,NS,Targeted Therapy,2016
PMID 35290101 a_Summary_SoE.pdf,intervention,1,2.0,5.0,12.0,17.0,20.0,25.0,28.0,3,Arm III (Combination of olaparib and cediranib),2.0833333333333335,35290101,Industry,NIH,GYN,NS,Targeted Therapy,2016
PMID 35298906 CT_Summary_SoE.pdf,control,0,3.0,4.0,10.0,20.0,26.0,27.0,28.0,3,Arm B (Chemotherapy),2.25,35298906,Industry,INDUSTRY,GYN,Non-metastatic,Targeted Therapy,2017
PMID 35298906 CT_Summary_SoE.pdf,intervention,0,3.0,3.0,6.0,9.0,12.0,16.0,28.0,3,Arm A (Rucaparib),1.3333333333333333,35298906,Industry,INDUSTRY,GYN,Non-metastatic,Targeted Therapy,2017
PMID 35320644 a_Summary_SoE.pdf,control,0,2.0,4.0,7.0,11.0,15.0,20.0,21.0,3,Arm B (T-DM1 / Ado-trastuzumab emtansine),1.6666666666666667,35320644,Industry,INDUSTRY,Breast,Metastatic,Targeted Therapy,2018
PMID 35320644 a_Summary_SoE.pdf,intervention,0,2.0,4.0,7.0,11.0,15.0,20.0,21.0,3,Arm A (DS-8201a / Trastuzumab deruxtecan),1.6666666666666667,35320644,Industry,INDUSTRY,Breast,Metastatic,Targeted Therapy,2018
PMID 35331641 CT_Summary_SoE.pdf,control,0,1.0,4.0,7.0,11.0,15.0,20.0,21.0,3,Arm B (Investigator's Choice Platinum Doublet),1.6666666666666667,35331641,Industry,INDUSTRY,Thor,Metastatic,Targeted Therapy,2014
PMID 35331641 CT_Summary_SoE.pdf,intervention,0,1.0,4.0,7.0,11.0,15.0,20.0,21.0,3,Arm A (Veliparib + Carboplatin + Paclitaxel),1.6666666666666667,35331641,Industry,INDUSTRY,Thor,Metastatic,Targeted Therapy,2014
PMID 35367007a_Summary_SoE.pdf,control,0,1.0,2.0,5.0,9.0,13.0,17.0,21.0,3,Arm B (Placebo),1.4166666666666667,35367007,Industry,INDUSTRY,Skin,Non-metastatic,Immunotherapy,2018
PMID 35367007a_Summary_SoE.pdf,intervention,0,1.0,2.0,5.0,9.0,13.0,17.0,21.0,3,Arm A (Pembrolizumab),1.4166666666666667,35367007,Industry,INDUSTRY,Skin,Non-metastatic,Immunotherapy,2018
PMID 35403841 a_Summary_SoE.pdf,control,0,2.0,4.0,8.0,10.0,11.0,12.0,21.0,3,Arm B (Platinum-Doublet Chemotherapy),1.0,35403841,Industry,INDUSTRY,Thor,Non-metastatic,Immunotherapy,2017
PMID 35403841 a_Summary_SoE.pdf,intervention,0,2.0,3.0,6.0,7.0,8.0,9.0,14.0,3,Arm A (Nivolumab plus Ipilimumab),0.75,35403841,Industry,INDUSTRY,Thor,Non-metastatic,Immunotherapy,2017
PMID 35403841 a_Summary_SoE.pdf,intervention,1,2.0,4.0,8.0,10.0,11.0,12.0,21.0,3,Arm C (Nivolumab plus Platinum-Doublet Chemotherapy),1.0,35403841,Industry,INDUSTRY,Thor,Non-metastatic,Immunotherapy,2017
PMID 35419607 CT_Summary_SoE.pdf,control,0,1.0,20.0,34.0,42.0,48.0,50.0,28.0,3,RT + Temozolomide,4.166666666666667,35419607,Industry,INDUSTRY,CNS,Solid M0,Immunotherapy,2016
PMID 35419607 CT_Summary_SoE.pdf,intervention,0,1.0,20.0,35.0,41.0,45.0,51.0,14.0,3,RT + Nivolumab,4.25,35419607,Industry,INDUSTRY,CNS,Solid M0,Immunotherapy,2016
PMID 35427471 CT_Summary_SoE.pdf,control,0,2.0,3.0,7.0,13.0,20.0,27.0,14.0,3,Arm 2: Standard of Care (SOC) Chemotherapy,2.25,35427471,Industry,INDUSTRY,GI,Metastatic,Immunotherapy,2015
PMID 35427471 CT_Summary_SoE.pdf,intervention,0,2.0,2.0,5.0,9.0,13.0,18.0,21.0,3,Arm 1: Pembrolizumab (MK-3475),1.5,35427471,Industry,INDUSTRY,GI,Metastatic,Immunotherapy,2015
PMID 35442766 a_Summary_SoE.pdf,control,0,1.0,5.0,9.0,13.0,17.0,22.0,21.0,3,Arm B (Investigator-Chosen Chemotherapy),1.8333333333333333,35442766,Industry,INDUSTRY,HN,Metastatic,Immunotherapy,2018
PMID 35442766 a_Summary_SoE.pdf,intervention,0,1.0,5.0,9.0,13.0,17.0,22.0,21.0,3,Arm A (Tislelizumab),1.8333333333333333,35442766,Industry,INDUSTRY,HN,Metastatic,Immunotherapy,2018
PMID 35443108 a_Summary_SoE.pdf,control,0,1.0,12.0,32.0,55.0,76.0,98.0,28.0,3,Arm B (Placebo + Azacitidine),8.166666666666666,35443108,Industry,OTHER,Heme,Hematologic,Chemotherapy,2017
PMID 35443108 a_Summary_SoE.pdf,intervention,0,1.0,12.0,32.0,55.0,76.0,98.0,28.0,3,Arm A (AG-120 + Azacitidine),8.166666666666666,35443108,Industry,OTHER,Heme,Hematologic,Chemotherapy,2017
PMID 35446628 a_Summary_SoE.pdf,control,0,2.0,1.0,3.0,4.0,5.0,7.0,30.0,3,Arm 2 (ADT + Bicalutamide),0.5833333333333334,35446628,Non-Industry,NETWORK,GU,Metastatic,Endocrine,2013
PMID 35446628 a_Summary_SoE.pdf,intervention,0,2.0,1.0,3.0,4.0,5.0,7.0,30.0,3,Arm 1 (ADT + TAK-700),0.5833333333333334,35446628,Non-Industry,NETWORK,GU,Metastatic,Endocrine,2013
PMID 35511454 CT_Summary_SoE.pdf,control,0,1.0,20.0,37.0,46.0,54.0,61.0,14.0,3,Arm B (RT + TMZ + Placebo),5.083333333333333,35511454,Industry,INDUSTRY,CNS,Solid M0,Immunotherapy,2016
PMID 35511454 CT_Summary_SoE.pdf,intervention,0,1.0,20.0,37.0,46.0,54.0,61.0,14.0,3,Arm A (RT + TMZ + Nivolumab),5.083333333333333,35511454,Industry,INDUSTRY,CNS,Solid M0,Immunotherapy,2016
PMID 35552364 a_Summary_SoE.pdf,control,0,2.0,3.0,9.0,17.0,26.0,35.0,21.0,3,Arm B (Treatment of Physician's Choice [TPC]),2.9166666666666665,35552364,Industry,INDUSTRY,Breast,Metastatic,Chemotherapy,2016
PMID 35552364 a_Summary_SoE.pdf,intervention,0,2.0,3.0,9.0,17.0,26.0,35.0,21.0,3,Arm A (NKTR-102 [etirinotecan pegol]),2.9166666666666665,35552364,Industry,INDUSTRY,Breast,Metastatic,Chemotherapy,2016
PMID 35569466 CT_Summary_SoE.pdf,control,0,4.0,20.0,39.0,41.0,42.0,43.0,1.0,3,Arm 1 (Prostate Bed Radiotherapy alone),3.5833333333333335,35569466,Non-Industry,NETWORK,GU,Non-metastatic,Radiation,2008
PMID 35569466 CT_Summary_SoE.pdf,intervention,0,4.0,1.0,24.0,42.0,43.0,44.0,1.0,3,Arm 2 (Prostate Bed Radiotherapy + NC-STAD),3.6666666666666665,35569466,Non-Industry,NETWORK,GU,Non-metastatic,Radiation,2008
PMID 35569466 CT_Summary_SoE.pdf,intervention,1,4.0,1.0,24.0,42.0,43.0,44.0,1.0,3,Arm 3 (Pelvic Lymph Node Radiotherapy + PBRT + NC-STAD),3.6666666666666665,35569466,Non-Industry,NETWORK,GU,Non-metastatic,Radiation,2008
PMID 35580297 a_Summary_SoE.pdf,control,0,1.0,4.0,7.0,10.0,12.0,14.0,21.0,3,Gefitinib,1.1666666666666667,35580297,Industry,INDUSTRY,Thor,Metastatic,Targeted Therapy,2019
PMID 35580297 a_Summary_SoE.pdf,intervention,0,1.0,4.0,7.0,10.0,12.0,14.0,21.0,3,HS-10296,1.1666666666666667,35580297,Industry,INDUSTRY,Thor,Metastatic,Targeted Therapy,2019
PMID 35584336 a_Summary_SoE.pdf,control,0,2.0,3.0,5.0,8.0,11.0,15.0,28.0,3,Standard of Care (Fulvestrant or Aromatase Inhibitor),1.25,35584336,Industry,OTHER,Breast,Metastatic,Other,2019
PMID 35584336 a_Summary_SoE.pdf,intervention,0,2.0,3.0,5.0,8.0,11.0,15.0,28.0,3,Elacestrant,1.25,35584336,Industry,OTHER,Breast,Metastatic,Other,2019
PMID 35608580 a_Summary_SoE.pdf,control,0,2.0,0.0,0.0,1.0,1.0,2.0,0.0,3,Arm 2 (Placebo),0.1666666666666666,35608580,Non-Industry,NETWORK,Breast,Non-metastatic,Other,2010
PMID 35608580 a_Summary_SoE.pdf,intervention,0,2.0,0.0,0.0,1.0,1.0,2.0,0.0,3,Arm 1 (Metformin),0.1666666666666666,35608580,Non-Industry,NETWORK,Breast,Non-metastatic,Other,2010
PMID 35657079 a_Summary_SoE.pdf,control,0,2.0,5.0,11.0,19.0,22.0,26.0,28.0,3,Arm A (Placebo + BR),2.1666666666666665,35657079,Industry,INDUSTRY,Heme,Hematologic,Targeted Therapy,2013
PMID 35657079 a_Summary_SoE.pdf,intervention,0,2.0,5.0,11.0,19.0,22.0,26.0,28.0,3,Arm B (Ibrutinib + BR),2.1666666666666665,35657079,Industry,INDUSTRY,Heme,Hematologic,Targeted Therapy,2013
PMID 35660812 a_Summary_SoE.pdf,control,0,2.0,7.0,19.5,38.0,46.5,50.5,21.0,2,Arm A (Conventional Dose RVD),4.208333333333333,35660812,Industry,OTHER,GU,Non-metastatic,Targeted Therapy,2010
PMID 35660812 a_Summary_SoE.pdf,intervention,0,2.0,7.0,14.0,36.0,46.0,50.0,21.0,3,Arm B (RVD plus HDT/PBSCT),4.166666666666667,35660812,Industry,OTHER,GU,Non-metastatic,Targeted Therapy,2010
PMID 35660812 a_Summary_SoE.pdf,intervention,1,1.0,7.0,13.0,46.0,50.0,53.0,21.0,1,Arm B (RVD + PBSCT),4.416666666666667,35660812,Industry,OTHER,GU,Non-metastatic,Targeted Therapy,2010
PMID 35665782 a_Summary_SoE.pdf,control,0,2.0,4.0,7.0,11.0,15.0,20.0,21.0,3,Arm B (Physician's Choice),1.6666666666666667,35665782,Industry,INDUSTRY,Breast,Metastatic,Targeted Therapy,2018
PMID 35665782 a_Summary_SoE.pdf,intervention,0,2.0,4.0,7.0,11.0,15.0,20.0,21.0,3,Arm A (DS-8201a),1.6666666666666667,35665782,Industry,INDUSTRY,Breast,Metastatic,Targeted Therapy,2018
PMID 35704479 a_Summary_SoE.pdf,control,0,1.0,1.0,1.0,2.0,2.0,3.0,180.0,3,Active Monitoring Arm,0.25,35704479,Non-Industry,NETWORK,GI,NS,Chemotherapy,2014
PMID 35704479 a_Summary_SoE.pdf,intervention,0,1.0,1.0,2.0,4.0,4.0,5.0,180.0,3,Treatment Arm (Topical/Ablative/Surgery),0.4166666666666667,35704479,Non-Industry,NETWORK,GI,NS,Chemotherapy,2014
PMID 35728048 a_Summary_SoE.pdf,control,0,1.0,12.0,31.0,55.0,77.0,100.0,28.0,3,Arm B (Azacitidine alone),8.333333333333334,35728048,Industry,INDUSTRY,Heme,Hematologic,Chemotherapy,2017
PMID 35728048 a_Summary_SoE.pdf,intervention,0,1.0,12.0,31.0,55.0,77.0,100.0,28.0,3,Arm A (Pevonedistat + Azacitidine),8.333333333333334,35728048,Industry,INDUSTRY,Heme,Hematologic,Chemotherapy,2017
PMID 35759733a_Summary_SoE.pdf,control,0,1.0,1.0,3.0,6.0,9.0,12.0,30.0,3,Regimen III (No treatment / Surveillance),1.0,35759733,Non-Industry,NETWORK,GYN,Metastatic,Chemotherapy,2005
PMID 35759733a_Summary_SoE.pdf,intervention,0,1.0,3.0,7.0,14.0,20.0,24.0,28.0,3,Regimen I (CT-2103),2.0,35759733,Non-Industry,NETWORK,GYN,Metastatic,Chemotherapy,2005
PMID 35759733a_Summary_SoE.pdf,intervention,1,1.0,3.0,7.0,14.0,20.0,24.0,28.0,3,Regimen II (Paclitaxel),2.0,35759733,Non-Industry,NETWORK,GYN,Metastatic,Chemotherapy,2005
PMID 35763704 a_Summary_SoE.pdf,control,0,2.0,3.0,6.0,11.0,16.0,20.0,14.0,3,Arm B (Placebo + ddAC-PacHP),1.6666666666666667,35763704,Industry,INDUSTRY,Breast,Non-metastatic,Immunotherapy,2019
PMID 35763704 a_Summary_SoE.pdf,intervention,0,2.0,3.0,6.0,11.0,16.0,20.0,14.0,3,Arm A (Atezolizumab + ddAC-PacHP),1.6666666666666667,35763704,Industry,INDUSTRY,Breast,Non-metastatic,Immunotherapy,2019
PMID 35810754 CT_Summary_SoE.pdf,control,0,2.0,6.0,10.0,15.0,16.0,17.0,28.0,3,Arm B (Bendamustine + Rituximab),1.4166666666666667,35810754,Industry,INDUSTRY,Heme,Hematologic,Targeted Therapy,2017
PMID 35810754 CT_Summary_SoE.pdf,intervention,0,2.0,4.0,6.0,9.0,10.0,11.0,28.0,3,Arm A/C (Zanubrutinib),0.9166666666666666,35810754,Industry,INDUSTRY,Heme,Hematologic,Targeted Therapy,2017
PMID 35810754 CT_Summary_SoE.pdf,intervention,1,2.0,4.0,6.0,15.0,16.0,17.0,28.0,3,Arm D (Venetoclax + Zanubrutinib),1.4166666666666667,35810754,Industry,INDUSTRY,Heme,Hematologic,Targeted Therapy,2017
PMID 35857290 a_Summary_SoE.pdf,control,0,1.0,10.0,23.0,41.0,44.0,47.0,56.0,3,Arm B (Placebo + Light),3.9166666666666665,35857290,Industry,INDUSTRY,Heme,Hematologic,Other,2015
PMID 35857290 a_Summary_SoE.pdf,intervention,0,1.0,10.0,23.0,41.0,44.0,47.0,56.0,3,Arm A (SGX301 + Light),3.9166666666666665,35857290,Industry,INDUSTRY,Heme,Hematologic,Other,2015
PMID 35922251 CT_Summary_SoE.pdf,control,0,1.0,5.0,11.0,22.0,32.0,42.0,42.0,3,Arm B (Investigator's Choice Chemotherapy),3.5,35922251,Industry,INDUSTRY,GYN,Metastatic,Immunotherapy,2017
PMID 35922251 CT_Summary_SoE.pdf,intervention,0,1.0,2.0,7.0,13.0,18.0,24.0,42.0,3,Arm A (Cemiplimab),2.0,35922251,Industry,INDUSTRY,GYN,Metastatic,Immunotherapy,2017
PMID 35947817 a_Summary_SoE.pdf,control,0,1.0,3.0,6.0,10.0,14.0,19.0,42.0,3,Arm B (Sunitinib),1.5833333333333333,35947817,Industry,INDUSTRY,GI,NS,Targeted Therapy,2019
PMID 35947817 a_Summary_SoE.pdf,intervention,0,1.0,3.0,6.0,10.0,14.0,19.0,42.0,3,Arm A (DCC-2618),1.5833333333333333,35947817,Industry,INDUSTRY,GI,NS,Targeted Therapy,2019
PMID 36070540 a_Summary_SoE.pdf,control,0,1.0,3.0,3.0,4.0,4.0,4.0,0.0,3,Arm 2 (OTL38 + No-Fluorescent Imaging),0.3333333333333333,36070540,Industry,INDUSTRY,GYN,"Metastatic, Non-metastatic",Procedure,2018
PMID 36070540 a_Summary_SoE.pdf,intervention,0,1.0,3.0,3.0,4.0,4.0,4.0,0.0,3,Arm 1 (OTL38 + Fluorescent Imaging),0.3333333333333333,36070540,Industry,INDUSTRY,GYN,"Metastatic, Non-metastatic",Procedure,2018
PMID 36099926 a_Summary_SoE.pdf,control,0,1.0,2.0,5.0,9.0,13.0,18.0,21.0,3,Arm B (Placebo),1.5,36099926,Industry,INDUSTRY,GU,Non-metastatic,Immunotherapy,2017
PMID 36099926 a_Summary_SoE.pdf,intervention,0,1.0,2.0,5.0,9.0,13.0,18.0,21.0,3,Arm A (Atezolizumab),1.5,36099926,Industry,INDUSTRY,GU,Non-metastatic,Immunotherapy,2017
PMID 36108662 CT_Summary_SoE.pdf,control,0,3.0,2.0,5.0,9.0,13.0,18.0,21.0,3,Control Arm (Placebo),1.5,36108662,Industry,INDUSTRY,Thor,Non-metastatic,Immunotherapy,2015
PMID 36108662 CT_Summary_SoE.pdf,intervention,0,3.0,2.0,5.0,9.0,13.0,18.0,21.0,3,Experimental Arm (Pembrolizumab),1.5,36108662,Industry,INDUSTRY,Thor,Non-metastatic,Immunotherapy,2015
PMID 36155117 CT_Summary_SoE.pdf,control,0,1.0,4.0,8.0,11.0,14.0,18.0,28.0,3,Arm B (Placebo plus letrozole),1.5,36155117,Industry,INDUSTRY,Breast,Metastatic,Targeted Therapy,2015
PMID 36155117 CT_Summary_SoE.pdf,intervention,0,1.0,4.0,8.0,11.0,14.0,18.0,28.0,3,Arm A (Palbociclib plus letrozole),1.5,36155117,Industry,INDUSTRY,Breast,Metastatic,Targeted Therapy,2015
PMID 36162037 a_Summary_SoE.pdf,control,0,1.0,3.0,7.0,13.0,20.0,25.0,14.0,3,Arm B (Nivolumab Monotherapy),2.0833333333333335,36162037,Industry,INDUSTRY,Skin,Metastatic,Immunotherapy,2017
PMID 36162037 a_Summary_SoE.pdf,intervention,0,1.0,3.0,7.0,13.0,20.0,25.0,14.0,3,Arm A (Nivolumab + Ipilimumab),2.0833333333333335,36162037,Industry,INDUSTRY,Skin,Metastatic,Immunotherapy,2017
PMID 36265504 a_Summary_SoE.pdf,control,0,1.0,5.0,12.0,21.0,24.0,25.0,21.0,3,Arm B (Placebo + Docetaxel + Prednisolone),2.0833333333333335,36265504,Industry,INDUSTRY,GU,Metastatic,Endocrine,2014
PMID 36265504 a_Summary_SoE.pdf,intervention,0,1.0,5.0,12.0,21.0,24.0,25.0,21.0,3,Arm A (Enzalutamide + Docetaxel + Prednisolone),2.0833333333333335,36265504,Industry,INDUSTRY,GU,Metastatic,Endocrine,2014
PMID 36308441 a_Summary_SoE.pdf,control,0,1.0,3.0,8.0,13.0,14.0,15.0,14.0,3,Placebo + mFOLFOX6,1.25,36308441,Industry,INDUSTRY,GI,Metastatic,Other,2018
PMID 36308441 a_Summary_SoE.pdf,intervention,0,1.0,3.0,8.0,13.0,14.0,15.0,14.0,3,CaM 5 µmol/kg + mFOLFOX6,1.25,36308441,Industry,INDUSTRY,GI,Metastatic,Other,2018
PMID 36308441 a_Summary_SoE.pdf,intervention,1,1.0,3.0,8.0,13.0,14.0,15.0,14.0,3,CaM 2 µmol/kg + mFOLFOX6,1.25,36308441,Industry,INDUSTRY,GI,Metastatic,Other,2018
PMID 36322844 a_Summary_SoE.pdf,control,0,2.0,8.0,20.0,23.0,24.0,25.0,21.0,3,Arm A (ABVE-PC),2.0833333333333335,36322844,Non-Industry,NIH,Heme,Hematologic,Targeted Therapy,2015
PMID 36322844 a_Summary_SoE.pdf,intervention,0,2.0,8.0,20.0,23.0,24.0,25.0,21.0,3,Arm B (Bv-AVEPC),2.0833333333333335,36322844,Non-Industry,NIH,Heme,Hematologic,Targeted Therapy,2015
PMID 36327426 a_Summary_SoE.pdf,control,0,2.0,4.0,9.0,14.0,17.0,21.0,21.0,3,Arm 3 (SoC Chemotherapy),1.75,36327426,Industry,INDUSTRY,Thor,Metastatic,Immunotherapy,2017
PMID 36327426 a_Summary_SoE.pdf,intervention,0,2.0,4.0,9.0,12.0,15.0,19.0,21.0,3,Arm 1 (Durvalumab + Tremelimumab + SoC Chemotherapy),1.5833333333333333,36327426,Industry,INDUSTRY,Thor,Metastatic,Immunotherapy,2017
PMID 36327426 a_Summary_SoE.pdf,intervention,1,2.0,4.0,9.0,12.0,15.0,19.0,21.0,3,Arm 2 (Durvalumab + SoC Chemotherapy),1.5833333333333333,36327426,Industry,INDUSTRY,Thor,Metastatic,Immunotherapy,2017
PMID 36346687 CT_Summary_SoE.pdf,control,0,1.0,1.0,2.0,3.0,4.0,5.0,0.0,3,Arm B (Observation),0.4166666666666667,36346687,Non-Industry,OTHER,Breast,Non-metastatic,Chemotherapy,2006
PMID 36346687 CT_Summary_SoE.pdf,intervention,0,1.0,2.0,5.0,8.0,9.0,10.0,21.0,3,Arm A (Capecitabine),0.8333333333333334,36346687,Non-Industry,OTHER,Breast,Non-metastatic,Chemotherapy,2006
PMID 36455168 a_Summary_SoE.pdf,control,0,2.0,2.0,5.0,9.0,13.0,18.0,21.0,3,Arm B (Placebo + BSC),1.5,36455168,Industry,INDUSTRY,GI,Metastatic,Immunotherapy,2017
PMID 36455168 a_Summary_SoE.pdf,intervention,0,2.0,2.0,5.0,9.0,13.0,18.0,21.0,3,Arm A (Pembrolizumab + BSC),1.5,36455168,Industry,INDUSTRY,GI,Metastatic,Immunotherapy,2017
PMID 36473143 a_Summary_SoE.pdf,control,0,2.0,5.0,13.0,26.0,39.0,53.0,21.0,3,Arm B (EXTREME Regimen),4.416666666666667,36473143,Industry,INDUSTRY,HN,Metastatic,Immunotherapy,2016
PMID 36473143 a_Summary_SoE.pdf,intervention,0,2.0,3.0,7.0,13.0,20.0,27.0,42.0,3,Arm A (Nivolumab + Ipilimumab),2.25,36473143,Industry,INDUSTRY,HN,Metastatic,Immunotherapy,2016
PMID 36503738 CT_Summary_SoE.pdf,control,0,1.0,3.0,7.0,13.0,20.0,27.0,14.0,3,Arm 2 (FOLFIRI),2.25,36503738,Industry,INDUSTRY,GI,Metastatic,Targeted Therapy,2016
PMID 36503738 CT_Summary_SoE.pdf,intervention,0,1.0,3.0,8.0,14.0,21.0,27.0,14.0,3,Arm 1 (BBI-608 + FOLFIRI),2.25,36503738,Industry,INDUSTRY,GI,Metastatic,Targeted Therapy,2016
PMID 36521097 a_Summary_SoE.pdf,control,0,1.0,4.0,10.0,19.0,20.0,21.0,28.0,3,Arm B (Gemcitabine alone),1.75,36521097,Industry,INDUSTRY,GI,NS,Chemotherapy,2014
PMID 36521097 a_Summary_SoE.pdf,intervention,0,1.0,4.0,10.0,19.0,20.0,21.0,28.0,3,Arm A (nab-Paclitaxel + Gemcitabine),1.75,36521097,Industry,INDUSTRY,GI,NS,Chemotherapy,2014
PMID 36535566 CT_Summary_SoE.pdf,control,0,1.0,5.0,13.0,22.0,30.0,40.0,21.0,3,Arm 2 (Standard of Care - Gemcitabine),3.3333333333333335,36535566,Industry,INDUSTRY,HN,Metastatic,Immunotherapy,2016
PMID 36535566 CT_Summary_SoE.pdf,intervention,0,1.0,5.0,13.0,17.0,21.0,26.0,21.0,3,Arm 1 (Pembrolizumab),2.1666666666666665,36535566,Industry,INDUSTRY,HN,Metastatic,Immunotherapy,2016
PMID 36541957 a_Summary_SoE.pdf,control,0,1.0,11.0,22.0,23.0,24.0,25.0,28.0,3,Arm B (CIT alone),2.0833333333333335,36541957,Industry,INDUSTRY,Heme,Hematologic,Targeted Therapy,2016
PMID 36541957 a_Summary_SoE.pdf,intervention,0,1.0,11.0,22.0,25.0,26.0,27.0,28.0,3,Arm A (Ibrutinib + CIT),2.25,36541957,Industry,INDUSTRY,Heme,Hematologic,Targeted Therapy,2016
PMID 36623230 a_Summary_SoE.pdf,control,0,2.0,19.0,26.0,36.0,37.0,38.0,21.0,3,Arm A (Standard Thoracic Radiotherapy),3.1666666666666665,36623230,Non-Industry,OTHER,Thor,Metastatic,Chemotherapy,2008
PMID 36623230 a_Summary_SoE.pdf,intervention,0,2.0,22.0,40.0,50.0,51.0,52.0,21.0,3,Arm B (Higher-dose Thoracic Radiotherapy),4.333333333333333,36623230,Non-Industry,OTHER,Thor,Metastatic,Chemotherapy,2008
PMID 36669140 a_Summary_SoE.pdf,control,0,2.0,11.0,30.0,57.0,78.0,79.0,14.0,3,Arm A (Regimen A: VDC/IE Chemotherapy),6.583333333333333,36669140,Non-Industry,NIH,Other,Metastatic,Targeted Therapy,2014
PMID 36669140 a_Summary_SoE.pdf,intervention,0,2.0,11.0,30.0,57.0,79.0,80.0,14.0,3,Arm B (Regimen B: VDC/IE + Ganitumab),6.666666666666667,36669140,Non-Industry,NIH,Other,Metastatic,Targeted Therapy,2014
PMID 36693773 CT_Summary_SoE.pdf,control,0,2.0,2.0,3.0,3.0,3.0,3.0,0.0,3,Control Group (Placebo mouthwash),0.25,36693773,Non-Industry,OTHER,Other,NS,Targeted Therapy,2019
PMID 36693773 CT_Summary_SoE.pdf,intervention,0,2.0,2.0,3.0,3.0,3.0,3.0,0.0,3,Intervention Group (Dexamethasone mouthwash),0.25,36693773,Non-Industry,OTHER,Other,NS,Targeted Therapy,2019
PMID 36709073 CT_Summary_SoE.pdf,control,0,2.0,3.0,5.0,8.0,11.0,14.0,28.0,3,Arm B (Danazol),1.1666666666666667,36709073,Industry,INDUSTRY,Heme,Hematologic,Other,2020
PMID 36709073 CT_Summary_SoE.pdf,intervention,0,2.0,3.0,5.0,8.0,11.0,14.0,28.0,3,Arm A (Momelotinib),1.1666666666666667,36709073,Industry,INDUSTRY,Heme,Hematologic,Other,2020
PMID 36764316 a_Summary_SoE.pdf,control,0,2.0,2.0,5.0,9.0,14.0,20.0,21.0,3,Docetaxel,1.6666666666666667,36764316,Industry,INDUSTRY,Thor,Metastatic,Chemotherapy,2020
PMID 36764316 a_Summary_SoE.pdf,intervention,0,2.0,4.0,7.0,11.0,15.0,21.0,21.0,3,AMG 510 (Sotorasib),1.75,36764316,Industry,INDUSTRY,Thor,Metastatic,Chemotherapy,2020
PMID 36795891 a_Summary_SoE.pdf,control,0,3.0,3.0,6.0,11.0,13.0,16.0,21.0,3,Arm B (AR-directed therapy: Abiraterone Acetate or Enzalutamide),1.3333333333333333,36795891,Industry,INDUSTRY,GU,Metastatic,Targeted Therapy,2017
PMID 36795891 a_Summary_SoE.pdf,control,1,3.0,3.0,6.5,11.0,14.5,18.5,24.5,2,Arm C (Docetaxel),1.5416666666666667,36795891,Industry,INDUSTRY,GU,Metastatic,Targeted Therapy,2017
PMID 36795891 a_Summary_SoE.pdf,intervention,0,3.0,3.0,6.0,9.0,12.0,16.0,28.0,3,Arm A (Rucaparib),1.3333333333333333,36795891,Industry,INDUSTRY,GU,Metastatic,Targeted Therapy,2017
PMID 36952634 a_Summary_SoE.pdf,control,0,2.0,5.0,9.0,12.0,15.0,18.0,28.0,3,Placebo + Abiraterone Acetate + Prednisone (AAP),1.5,36952634,Industry,INDUSTRY,GU,Metastatic,Targeted Therapy,2019
PMID 36952634 a_Summary_SoE.pdf,intervention,0,2.0,5.0,9.0,12.0,15.0,18.0,28.0,3,Niraparib + Abiraterone Acetate + Prednisone (AAP),1.5,36952634,Industry,INDUSTRY,GU,Metastatic,Targeted Therapy,2019
PMID 36952634 a_Summary_SoE.pdf,intervention,1,2.0,5.0,9.0,12.0,15.0,18.0,28.0,2,Arm C (Cohort 3: FDC Niraparib/AA + Prednisone),1.5,36952634,Industry,INDUSTRY,GU,Metastatic,Targeted Therapy,2019
PMID 36969338 a_Summary_SoE.pdf,control,0,2.0,4.0,10.0,20.0,30.0,40.0,28.0,3,Arm 2 (nab-Paclitaxel with Gemcitabine alone),3.3333333333333335,36969338,Industry,INDUSTRY,GI,Metastatic,Chemotherapy,2016
PMID 36969338 a_Summary_SoE.pdf,intervention,0,2.0,4.0,11.0,21.0,31.0,40.0,28.0,3,Arm 1 (BBI-608 plus nab-Paclitaxel with Gemcitabine),3.3333333333333335,36969338,Industry,INDUSTRY,GI,Metastatic,Chemotherapy,2016
PMID 36996380 a_Summary_SoE.pdf,control,0,2.0,1.0,4.5,8.5,12.0,16.5,28.0,2,Arm A (Enzalutamide),1.375,36996380,Non-Industry,OTHER,GU,Metastatic,Endocrine,2014
PMID 36996380 a_Summary_SoE.pdf,control,1,2.0,3.0,7.0,10.0,13.0,17.0,28.0,3,Arm A (Enzalutamide alone),1.4166666666666667,36996380,Non-Industry,OTHER,GU,Metastatic,Endocrine,2014
PMID 36996380 a_Summary_SoE.pdf,intervention,0,2.0,3.0,7.0,10.0,13.0,17.0,28.0,1,"Arm B (Enzalutamide, Abiraterone, and Prednisone)",1.4166666666666667,36996380,Non-Industry,OTHER,GU,Metastatic,Endocrine,2014
PMID 37069359 a_Summary_SoE.pdf,control,0,2.0,18.0,41.0,42.0,43.0,44.0,0.0,3,Arm B (Placebo + G-CSF),3.6666666666666665,37069359,Industry,INDUSTRY,Heme,Hematologic,Other,2018
PMID 37069359 a_Summary_SoE.pdf,intervention,0,2.0,18.0,41.0,42.0,43.0,44.0,0.0,3,Arm A (BL-8040 + G-CSF),3.6666666666666665,37069359,Industry,INDUSTRY,Heme,Hematologic,Other,2018
PMID 37071094 a_Summary_SoE.pdf,control,0,2.0,3.0,7.0,13.0,20.0,27.0,14.0,3,mFOLFOX6 + bevacizumab,2.25,37071094,Industry,INDUSTRY,GI,NS,Targeted Therapy,2015
PMID 37071094 a_Summary_SoE.pdf,intervention,0,2.0,3.0,7.0,13.0,20.0,27.0,14.0,3,mFOLFOX6 + panitumumab,2.25,37071094,Industry,INDUSTRY,GI,NS,Targeted Therapy,2015
PMID 37075781 a_Summary_SoE.pdf,control,0,2.0,4.0,9.0,18.0,26.0,36.0,21.0,3,Arm B (Placebo + Gemcitabine/Cisplatin),3.0,37075781,Industry,INDUSTRY,GI,Metastatic,Immunotherapy,2019
PMID 37075781 a_Summary_SoE.pdf,intervention,0,2.0,4.0,9.0,18.0,26.0,36.0,21.0,3,Arm A (Pembrolizumab + Gemcitabine/Cisplatin),3.0,37075781,Industry,INDUSTRY,GI,Metastatic,Immunotherapy,2019
PMID 37080222 a_Summary_SoE.pdf,control,0,2.0,13.0,31.0,51.0,71.0,96.0,21.0,3,Arm B (Placebo + Chemotherapy Doublet),8.0,37080222,Industry,INDUSTRY,GI,Metastatic,Immunotherapy,2018
PMID 37080222 a_Summary_SoE.pdf,intervention,0,2.0,13.0,31.0,51.0,71.0,96.0,21.0,3,Arm A (Tislelizumab + Chemotherapy Doublet),8.0,37080222,Industry,INDUSTRY,GI,Metastatic,Immunotherapy,2018
PMID 37080223 CT_Summary_SoE.pdf,control,0,2.0,22.0,34.0,35.0,36.0,37.0,7.0,3,Arm A (Standard Cisplatin-based Chemoradiation),3.0833333333333335,37080223,Non-Industry,NETWORK,GYN,Metastatic,Chemotherapy,2012
PMID 37080223 CT_Summary_SoE.pdf,intervention,0,2.0,22.0,34.0,38.0,39.0,40.0,21.0,3,Arm B (Standard Cisplatin-based Chemoradiation + Adjuvant Carboplatin/Paclitaxel),3.3333333333333335,37080223,Non-Industry,NETWORK,GYN,Metastatic,Chemotherapy,2012
PMID 37086745 a_Summary_SoE.pdf,control,0,3.0,4.0,7.0,11.0,15.0,20.0,21.0,3,Arm B (Investigator's Choice),1.6666666666666667,37086745,Industry,INDUSTRY,Breast,Metastatic,Targeted Therapy,2018
PMID 37086745 a_Summary_SoE.pdf,intervention,0,3.0,4.0,7.0,11.0,15.0,20.0,21.0,3,Arm A (Trastuzumab deruxtecan),1.6666666666666667,37086745,Industry,INDUSTRY,Breast,Metastatic,Targeted Therapy,2018
PMID 37104748 a_Summary_SoE.pdf,control,0,2.0,22.0,44.0,46.0,47.0,48.0,7.0,3,Arm 1 (Dose-escalated RT alone),4.0,37104748,Non-Industry,NETWORK,GU,Non-metastatic,Endocrine,2009
PMID 37104748 a_Summary_SoE.pdf,intervention,0,2.0,2.0,27.0,48.0,49.0,50.0,28.0,3,Arm 2 (Dose-escalated RT + short-term ADT),4.166666666666667,37104748,Non-Industry,NETWORK,GU,Non-metastatic,Endocrine,2009
PMID 37116523 a_Summary_SoE.pdf,control,0,2.0,15.0,36.0,58.0,63.0,67.0,28.0,3,Arm B (Placebo + Chemotherapy),5.583333333333333,37116523,Industry,INDUSTRY,Heme,Hematologic,Targeted Therapy,2016
PMID 37116523 a_Summary_SoE.pdf,intervention,0,2.0,15.0,36.0,58.0,63.0,67.0,28.0,3,Arm A (Quizartinib + Chemotherapy),5.583333333333333,37116523,Industry,INDUSTRY,Heme,Hematologic,Targeted Therapy,2016
PMID 37133585 a_Summary_SoE.pdf,control,0,2.0,3.0,5.0,7.0,8.0,10.0,28.0,3,Control Arm (Trifluridine/tipiracil monotherapy),0.8333333333333334,37133585,Industry,INDUSTRY,GI,Metastatic,Targeted Therapy,2020
PMID 37133585 a_Summary_SoE.pdf,intervention,0,2.0,3.0,7.0,10.0,11.0,13.0,28.0,3,Experimental Arm (Trifluridine/tipiracil + bevacizumab),1.0833333333333333,37133585,Industry,INDUSTRY,GI,Metastatic,Targeted Therapy,2020
PMID 37141294 CT_Summary_SoE.pdf,control,0,1.0,2.0,5.0,9.0,13.0,18.0,21.0,3,Docetaxel,1.5,37141294,Industry,INDUSTRY,Thor,Metastatic,Immunotherapy,2016
PMID 37141294 CT_Summary_SoE.pdf,intervention,0,1.0,2.0,5.0,9.0,13.0,18.0,21.0,3,Pembrolizumab (MK-3475),1.5,37141294,Industry,INDUSTRY,Thor,Metastatic,Immunotherapy,2016
PMID 37257422 CT_Summary_SoE.pdf,control,0,2.0,22.0,33.0,39.0,46.0,53.0,28.0,1,Arm A (Standard Steroids),4.416666666666667,37257422,Industry,INDUSTRY,CNS,Metastatic,Chemotherapy,2018
PMID 37257422 CT_Summary_SoE.pdf,control,1,1.0,22.0,33.0,39.0,46.0,53.0,28.0,3,Arm A (Standard Steroids),4.416666666666667,37257422,Industry,INDUSTRY,CNS,Metastatic,Chemotherapy,2018
PMID 37257422 CT_Summary_SoE.pdf,intervention,0,1.0,22.0,33.0,39.0,46.0,53.0,28.0,3,Arm B (Standard Steroids + Vasoconstrictor + Cold Compress),4.416666666666667,37257422,Industry,INDUSTRY,CNS,Metastatic,Chemotherapy,2018
PMID 37257422 CT_Summary_SoE.pdf,intervention,1,1.0,21.0,33.5,41.5,50.0,58.5,28.0,2,Arm C (Enhanced Steroids + Vasoconstrictor + Cold Compress),4.875,37257422,Industry,INDUSTRY,CNS,Metastatic,Chemotherapy,2018
PMID 37272516 a_Summary_SoE.pdf,control,0,2.0,3.0,6.0,9.0,12.0,16.0,28.0,3,Arm B (Placebo),1.3333333333333333,37272516,Industry,OTHER,CNS,Non-metastatic,Other,2020
PMID 37272516 a_Summary_SoE.pdf,intervention,0,2.0,3.0,6.0,9.0,12.0,16.0,28.0,3,Arm A (Vorasidenib),1.3333333333333333,37272516,Industry,OTHER,CNS,Non-metastatic,Other,2020
PMID 37276510 CT_Summary_SoE.pdf,control,0,1.0,14.0,41.0,78.0,108.0,139.0,28.0,3,Treatment Choice (TC) - Cytarabine Regimen,11.583333333333334,37276510,Industry,INDUSTRY,Heme,Hematologic,Chemotherapy,2015
PMID 37276510 CT_Summary_SoE.pdf,intervention,0,1.0,10.0,27.0,45.0,60.0,76.0,28.0,3,SGI-110,6.333333333333333,37276510,Industry,INDUSTRY,Heme,Hematologic,Chemotherapy,2015
PMID 37284847 CT_Summary_SoE.pdf,control,0,1.0,4.0,4.0,4.0,4.0,4.0,6.0,3,Group 2 (Olanzapine + Placebo),0.3333333333333333,37284847,Non-Industry,OTHER,Other,"Metastatic, Non-metastatic",Other,2018
PMID 37284847 CT_Summary_SoE.pdf,intervention,0,1.0,4.0,4.0,4.0,4.0,4.0,6.0,3,Group 1 (Olanzapine + Fosaprepitant/Aprepitant),0.3333333333333333,37284847,Non-Industry,OTHER,Other,"Metastatic, Non-metastatic",Other,2018
PMID 37285865 a_Summary_SoE.pdf,control,0,2.0,3.0,7.0,11.0,14.0,18.0,14.0,3,Arm B (Placebo + Enzalutamide),1.5,37285865,Industry,INDUSTRY,GU,Metastatic,Targeted Therapy,2017
PMID 37285865 a_Summary_SoE.pdf,intervention,0,2.0,3.0,7.0,11.0,14.0,18.0,14.0,3,Arm A (Talazoparib + Enzalutamide),1.5,37285865,Industry,INDUSTRY,GU,Metastatic,Targeted Therapy,2017
PMID 37290035 a_Summary_SoE.pdf,control,0,1.0,2.0,5.0,9.0,13.0,18.0,21.0,3,Arm 2 (Abiraterone Acetate or Enzalutamide),1.5,37290035,Industry,INDUSTRY,GU,Metastatic,Immunotherapy,2019
PMID 37290035 a_Summary_SoE.pdf,intervention,0,1.0,2.0,5.0,9.0,13.0,18.0,21.0,3,Arm 1 (Pembrolizumab + Olaparib),1.5,37290035,Industry,INDUSTRY,GU,Metastatic,Immunotherapy,2019
PMID 37290461 a_Summary_SoE.pdf,control,0,2.0,2.0,5.0,9.0,13.0,18.0,21.0,3,Control Arm (Cabozantinib),1.5,37290461,Industry,INDUSTRY,GU,Metastatic,Immunotherapy,2020
PMID 37290461 a_Summary_SoE.pdf,intervention,0,2.0,2.0,5.0,9.0,13.0,18.0,21.0,3,Experimental Arm (Atezolizumab + Cabozantinib),1.5,37290461,Industry,INDUSTRY,GU,Metastatic,Immunotherapy,2020
PMID 37315297 a_Summary_SoE.pdf,control,0,2.0,1.0,2.0,4.0,5.0,6.0,0.0,3,Arm 2 (Brachytherapy Alone),0.5,37315297,Non-Industry,NETWORK,GU,Non-metastatic,Radiation,2003
PMID 37315297 a_Summary_SoE.pdf,intervention,0,2.0,20.0,27.0,29.0,30.0,31.0,7.0,3,Arm 1 (EBRT + Brachytherapy),2.5833333333333335,37315297,Non-Industry,NETWORK,GU,Non-metastatic,Radiation,2003
PMID 37342922 a_Summary_SoE.pdf,control,0,2.0,9.0,17.0,19.0,20.0,21.0,0.0,3,Arm A (Tacrolimus/Methotrexate),1.75,37342922,Non-Industry,OTHER,Heme,Hematologic,Chemotherapy,2019
PMID 37342922 a_Summary_SoE.pdf,intervention,0,2.0,8.0,16.0,18.0,19.0,20.0,0.0,3,Arm B (PTCy/Tac/MMF),1.6666666666666667,37342922,Non-Industry,OTHER,Heme,Hematologic,Chemotherapy,2019
PMID 37379502 a_Summary_SoE.pdf,control,0,1.0,4.0,7.0,9.0,11.0,13.0,21.0,3,Gefitinib 250 mg,1.0833333333333333,37379502,Industry,INDUSTRY,Thor,Metastatic,Targeted Therapy,2020
PMID 37379502 a_Summary_SoE.pdf,intervention,0,1.0,4.0,7.0,9.0,11.0,13.0,21.0,3,Lazertinib 240 mg,1.0833333333333333,37379502,Industry,INDUSTRY,Thor,Metastatic,Targeted Therapy,2020
PMID 37379502 a_Summary_SoE.pdf,intervention,1,1.0,4.0,7.0,9.0,11.0,13.0,21.0,1,Open-label Lazertinib 240 mg (Cross-over),1.0833333333333333,37379502,Industry,INDUSTRY,Thor,Metastatic,Targeted Therapy,2020
PMID 37423228 a_Summary_SoE.pdf,control,0,2.0,4.0,9.0,18.0,26.0,36.0,21.0,3,Arm B (Single-agent Chemotherapy),3.0,37423228,Industry,INDUSTRY,Thor,Metastatic,Immunotherapy,2017
PMID 37423228 a_Summary_SoE.pdf,intervention,0,2.0,2.0,5.0,9.0,13.0,18.0,21.0,3,Arm A (Atezolizumab),1.5,37423228,Industry,INDUSTRY,Thor,Metastatic,Immunotherapy,2017
PMID 37478390 a_Summary_SoE.pdf,control,0,2.0,2.0,4.0,7.0,10.0,14.0,28.0,3,Arm B (Ibrutinib),1.1666666666666667,37478390,Industry,INDUSTRY,Heme,Hematologic,Targeted Therapy,2017
PMID 37478390 a_Summary_SoE.pdf,intervention,0,2.0,2.0,4.0,7.0,10.0,13.0,28.0,1,Arm C (Zanubrutinib - Cohort 2),1.0833333333333333,37478390,Industry,INDUSTRY,Heme,Hematologic,Targeted Therapy,2017
PMID 37478390 a_Summary_SoE.pdf,intervention,1,2.0,2.0,4.0,7.0,10.0,14.0,28.0,3,Arm A (Zanubrutinib),1.1666666666666667,37478390,Industry,INDUSTRY,Heme,Hematologic,Targeted Therapy,2017
PMID 37499670 a_Summary_SoE.pdf,control,0,3.0,3.0,7.0,10.0,13.0,17.0,28.0,3,Arm B (Sorafenib),1.4166666666666667,37499670,Industry,INDUSTRY,GI,Metastatic,Targeted Therapy,2019
PMID 37499670 a_Summary_SoE.pdf,intervention,0,3.0,3.0,7.0,13.0,20.0,27.0,28.0,3,Arm A (SHR-1210 + Rivoceranib),2.25,37499670,Industry,INDUSTRY,GI,Metastatic,Targeted Therapy,2019
PMID 37524096 a_Summary_SoE.pdf,control,0,1.0,1.0,3.0,5.0,7.0,9.0,42.0,3,Placebo,0.75,37524096,Non-Industry,NETWORK,GU,Non-metastatic,Targeted Therapy,2011
PMID 37524096 a_Summary_SoE.pdf,intervention,0,1.0,1.0,3.0,5.0,7.0,9.0,42.0,3,Everolimus,0.75,37524096,Non-Industry,NETWORK,GU,Non-metastatic,Targeted Therapy,2011
PMID 37604981 CT_Summary_SoE.pdf,control,0,1.5,10.5,20.5,32.0,35.0,38.5,28.0,2,Arm B (Intensive: Placebo + Cytarabine/Daunorubicin),3.2083333333333335,37604981,Industry,INDUSTRY,Heme,Hematologic,Targeted Therapy,2018
PMID 37604981 CT_Summary_SoE.pdf,control,1,1.5,9.0,25.0,46.5,67.5,89.0,28.0,2,Arm B (Non-Intensive: Placebo + Azacitidine),7.416666666666667,37604981,Industry,INDUSTRY,Heme,Hematologic,Targeted Therapy,2018
PMID 37604981 CT_Summary_SoE.pdf,intervention,0,2.0,11.0,21.0,32.0,35.0,38.0,28.0,3,Arm A (Intensive: Glasdegib + Cytarabine/Daunorubicin),3.1666666666666665,37604981,Industry,INDUSTRY,Heme,Hematologic,Targeted Therapy,2018
PMID 37604981 CT_Summary_SoE.pdf,intervention,1,2.0,9.0,23.0,45.0,67.0,89.0,28.0,3,Arm A (Non-Intensive: Glasdegib + Azacitidine),7.416666666666667,37604981,Industry,INDUSTRY,Heme,Hematologic,Targeted Therapy,2018
PMID 37646660 CT_Summary_SoE.pdf,control,0,1.0,6.0,13.0,19.0,22.0,26.0,28.0,3,Arm B (Daratumumab),2.1666666666666665,37646660,Industry,INDUSTRY,Heme,Hematologic,Targeted Therapy,2020
PMID 37646660 CT_Summary_SoE.pdf,intervention,0,1.0,6.0,15.0,27.0,39.0,55.0,28.0,3,Arm A (Melflufen + Daratumumab + Dexamethasone),4.583333333333333,37646660,Industry,INDUSTRY,Heme,Hematologic,Targeted Therapy,2020
PMID 37647576 a_Summary_SoE.pdf,control,0,2.0,5.0,13.0,26.0,39.0,53.0,28.0,3,Control Group (Placebo + Gemcitabine),4.416666666666667,37647576,Industry,OTHER,GI,Metastatic,Chemotherapy,2015
PMID 37647576 a_Summary_SoE.pdf,intervention,0,2.0,5.0,13.0,26.0,39.0,53.0,28.0,3,Trial Group (Nimotuzumab + Gemcitabine),4.416666666666667,37647576,Industry,OTHER,GI,Metastatic,Chemotherapy,2015
PMID 37704166 CT_Summary_SoE.pdf,control,0,2.0,3.0,6.0,10.0,14.0,19.0,21.0,3,Arm B (Standard of Care: Docetaxel or Pemetrexed),1.5833333333333333,37704166,Industry,INDUSTRY,Thor,Metastatic,Targeted Therapy,2016
PMID 37704166 CT_Summary_SoE.pdf,intervention,0,2.0,3.0,6.0,9.0,12.0,15.0,21.0,3,Arm A (OSE2101),1.25,37704166,Industry,INDUSTRY,Thor,Metastatic,Targeted Therapy,2016
PMID 37708904 a_Summary_SoE.pdf,control,0,0.0,0.0,0.0,0.0,0.0,0.0,28.0,3,Arm B (nab-paclitaxel + gemcitabine),0.0,37708904,Industry,INDUSTRY,GI,Metastatic,Chemotherapy,2020
PMID 37708904 a_Summary_SoE.pdf,intervention,0,0.0,0.0,0.0,0.0,0.0,0.0,28.0,3,Arm A (NALIRIFOX),0.0,37708904,Industry,INDUSTRY,GI,Metastatic,Chemotherapy,2020
PMID 37722354 CT_Summary_SoE.pdf,control,0,2.0,4.0,8.0,13.0,14.0,16.0,28.0,3,Arm A (Placebo + Background Chemotherapy),1.3333333333333333,37722354,Industry,INDUSTRY,Heme,Hematologic,Targeted Therapy,2014
PMID 37722354 CT_Summary_SoE.pdf,intervention,0,2.0,4.0,8.0,13.0,14.0,16.0,28.0,3,Arm B (Ibrutinib + Background Chemotherapy),1.3333333333333333,37722354,Industry,INDUSTRY,Heme,Hematologic,Targeted Therapy,2014
PMID 37748693 CT_Summary_SoE.pdf,control,0,1.0,4.0,9.0,13.0,14.0,16.0,21.0,3,Arm B (SOC Chemotherapy),1.3333333333333333,37748693,Industry,INDUSTRY,Thor,Metastatic,Immunotherapy,2015
PMID 37748693 CT_Summary_SoE.pdf,intervention,0,1.0,3.0,7.0,13.0,20.0,27.0,14.0,3,Arm A (Avelumab 10 mg/kg Q2W),2.25,37748693,Industry,INDUSTRY,Thor,Metastatic,Immunotherapy,2015
PMID 37748693 CT_Summary_SoE.pdf,intervention,1,1.0,5.0,13.0,19.0,26.0,33.0,7.0,3,Arm C (Avelumab 10 mg/kg Q1W then Q2W),2.75,37748693,Industry,INDUSTRY,Thor,Metastatic,Immunotherapy,2015
PMID 37788412 a_Summary_SoE.pdf,control,0,1.0,4.0,7.0,11.0,15.0,20.0,21.0,3,Placebo,1.6666666666666667,37788412,Industry,INDUSTRY,Thor,Non-metastatic,Other,2018
PMID 37788412 a_Summary_SoE.pdf,intervention,0,1.0,4.0,7.0,11.0,15.0,20.0,21.0,3,Canakinumab 200 mg,1.6666666666666667,37788412,Industry,INDUSTRY,Thor,Non-metastatic,Other,2018
PMID 37792130 CT_Summary_SoE.pdf,control,0,2.0,4.0,7.0,11.0,15.0,17.0,21.0,3,Arm B (Avastin + Carboplatin/Paclitaxel),1.4166666666666667,37792130,Industry,INDUSTRY,Thor,Metastatic,Targeted Therapy,2017
PMID 37792130 CT_Summary_SoE.pdf,intervention,0,2.0,4.0,7.0,11.0,15.0,17.0,21.0,3,Arm A (MYL-1402O + Carboplatin/Paclitaxel),1.4166666666666667,37792130,Industry,INDUSTRY,Thor,Metastatic,Targeted Therapy,2017
PMID 37793771 CT_Summary_SoE.pdf,control,0,2.0,5.0,11.0,17.0,23.0,31.0,28.0,3,Arm 2 (Pomalidomide plus Low-dose Dexamethasone),2.5833333333333335,37793771,Industry,INDUSTRY,Heme,Hematologic,Targeted Therapy,2020
PMID 37793771 CT_Summary_SoE.pdf,intervention,0,2.0,3.0,7.0,11.0,15.0,20.0,21.0,3,Arm 1 (Belantamab Mafodotin),1.6666666666666667,37793771,Industry,INDUSTRY,Heme,Hematologic,Targeted Therapy,2020
PMID 37845511 a_Summary_SoE.pdf,control,0,2.0,2.0,4.0,7.0,10.0,13.0,28.0,3,Arm B (Placebo),1.0833333333333333,37845511,Industry,INDUSTRY,Skin,Non-metastatic,Immunotherapy,2019
PMID 37845511 a_Summary_SoE.pdf,intervention,0,2.0,2.0,4.0,7.0,10.0,13.0,28.0,3,Arm A (Nivolumab),1.0833333333333333,37845511,Industry,INDUSTRY,Skin,Non-metastatic,Immunotherapy,2019
PMID 37870976 a_Summary_SoE.pdf,control,0,2.0,4.0,7.0,11.0,15.0,20.0,21.0,3,Arm B (Carboplatin-Pemetrexed),1.6666666666666667,37870976,Industry,INDUSTRY,Thor,Metastatic,Chemotherapy,2020
PMID 37870976 a_Summary_SoE.pdf,intervention,0,2.0,5.0,8.0,12.0,16.0,21.0,21.0,3,Arm A (Amivantamab + Carboplatin-Pemetrexed),1.75,37870976,Industry,INDUSTRY,Thor,Metastatic,Chemotherapy,2020
PMID 37875143 a_Summary_SoE.pdf,control,0,2.0,4.0,10.0,18.0,26.0,36.0,21.0,3,Arm B (Placebo + Chemotherapy),3.0,37875143,Industry,INDUSTRY,GI,Metastatic,Immunotherapy,2018
PMID 37875143 a_Summary_SoE.pdf,intervention,0,2.0,4.0,10.0,18.0,26.0,36.0,21.0,3,Arm A (Pembrolizumab + Chemotherapy),3.0,37875143,Industry,INDUSTRY,GI,Metastatic,Immunotherapy,2018
PMID 37935977 a_Summary_SoE.pdf,control,0,1.0,10.0,23.0,36.0,37.0,38.0,28.0,3,Arm 1 (7+3: Daunorubicin + AraC),3.1666666666666665,37935977,Non-Industry,NIH,Heme,Hematologic,Targeted Therapy,2013
PMID 37935977 a_Summary_SoE.pdf,intervention,0,1.0,6.0,19.0,34.0,35.0,36.0,28.0,3,Arm 2 (IA: Idarubicin + AraC),3.0,37935977,Non-Industry,NIH,Heme,Hematologic,Targeted Therapy,2013
PMID 37935977 a_Summary_SoE.pdf,intervention,1,1.0,9.0,28.0,48.0,49.0,50.0,28.0,3,Arm 3 (IA+V: IA + Vorinostat),4.166666666666667,37935977,Non-Industry,NIH,Heme,Hematologic,Targeted Therapy,2013
PMID 37980924 a_Summary_SoE.pdf,control,0,1.0,5.0,5.0,5.0,5.0,5.0,28.0,3,No systemic anticoagulant prophylaxis,0.4166666666666667,37980924,Industry,INDUSTRY,Heme,Hematologic,Other,2015
PMID 37980924 a_Summary_SoE.pdf,intervention,0,1.0,5.0,5.0,5.0,5.0,5.0,28.0,3,Apixaban,0.4166666666666667,37980924,Industry,INDUSTRY,Heme,Hematologic,Other,2015
PMID 38039991 CT_Summary_SoE.pdf,control,0,2.0,22.0,32.0,35.0,38.0,42.0,28.0,3,Arm B (Placebo + SoC CCRT),3.5,38039991,Industry,INDUSTRY,GYN,Metastatic,Immunotherapy,2019
PMID 38039991 CT_Summary_SoE.pdf,intervention,0,2.0,22.0,32.0,35.0,38.0,42.0,28.0,3,Arm A (Durvalumab + SoC CCRT),3.5,38039991,Industry,INDUSTRY,GYN,Metastatic,Immunotherapy,2019
PMID 38039993 a_Summary_SoE.pdf,control,0,2.0,4.0,8.0,12.0,16.0,21.0,21.0,3,Arm B (Lenvatinib + Placebo),1.75,38039993,Industry,INDUSTRY,GI,Metastatic,Immunotherapy,2018
PMID 38039993 a_Summary_SoE.pdf,intervention,0,2.0,4.0,8.0,12.0,16.0,21.0,21.0,3,Arm A (Lenvatinib + Pembrolizumab),1.75,38039993,Industry,INDUSTRY,GI,Metastatic,Immunotherapy,2018
PMID 38059497 CT_Summary_SoE.pdf,control,0,1.0,3.0,7.0,13.0,20.0,27.0,14.0,3,Group B (modified FOLFOX-6 + bevacizumab),2.25,38059497,Industry,INDUSTRY,GI,Metastatic,Other,2018
PMID 38059497 CT_Summary_SoE.pdf,intervention,0,1.0,3.0,7.0,13.0,20.0,27.0,14.0,3,Group A (ARFOX + bevacizumab),2.25,38059497,Industry,INDUSTRY,GI,Metastatic,Other,2018
PMID 38060199 CT_Summary_SoE.pdf,control,0,1.0,4.0,10.0,20.0,30.0,40.0,28.0,3,Arm C (Paclitaxel + Placebo + Placebo),3.3333333333333335,38060199,Industry,INDUSTRY,Breast,Metastatic,Immunotherapy,2019
PMID 38060199 CT_Summary_SoE.pdf,control,1,1.0,4.0,10.0,20.0,30.0,40.0,28.0,1,Arm B - Cohort 2 (Atezolizumab + Paclitaxel + Placebo),3.3333333333333335,38060199,Industry,INDUSTRY,Breast,Metastatic,Immunotherapy,2019
PMID 38060199 CT_Summary_SoE.pdf,intervention,0,1.0,4.0,10.0,20.0,30.0,40.0,28.0,3,Arm A (Ipatasertib + Atezolizumab + Paclitaxel),3.3333333333333335,38060199,Industry,INDUSTRY,Breast,Metastatic,Immunotherapy,2019
PMID 38060199 CT_Summary_SoE.pdf,intervention,1,1.0,4.0,10.0,20.5,31.0,41.5,28.0,2,Arm B (Ipatasertib + Paclitaxel / Atezolizumab + Paclitaxel),3.4583333333333335,38060199,Industry,INDUSTRY,Breast,Metastatic,Immunotherapy,2019
PMID 38103088 CT_Summary_SoE.pdf,control,0,1.0,23.0,51.0,51.0,51.0,51.0,21.0,3,Arm 2 (Placebo / F-627 20 mg),4.25,38103088,Industry,INDUSTRY,Breast,Metastatic,Other,2016
PMID 38103088 CT_Summary_SoE.pdf,intervention,0,1.0,22.0,51.0,51.0,51.0,51.0,21.0,3,Arm 1 (F-627 20 mg),4.25,38103088,Industry,INDUSTRY,Breast,Metastatic,Other,2016
PMID 38159809 CT_Summary_SoE.pdf,control,0,2.0,2.0,5.0,9.0,13.0,18.0,21.0,3,Arm B (Pembrolizumab + Placebo),1.5,38159809,Industry,INDUSTRY,Thor,Metastatic,Immunotherapy,2019
PMID 38159809 CT_Summary_SoE.pdf,intervention,0,2.0,2.0,5.0,9.0,13.0,18.0,21.0,3,Arm A (Pembrolizumab + Lenvatinib),1.5,38159809,Industry,INDUSTRY,Thor,Metastatic,Immunotherapy,2019
PMID 38231126 a_Summary_SoE.pdf,control,0,1.0,14.0,42.0,70.0,100.0,140.0,28.0,3,Treatment Choice (TC),11.666666666666666,38231126,Industry,INDUSTRY,Heme,Hematologic,Chemotherapy,2017
PMID 38231126 a_Summary_SoE.pdf,intervention,0,1.0,14.0,37.0,51.0,66.0,86.0,28.0,3,Guadecitabine (SGI-110),7.166666666666667,38231126,Industry,INDUSTRY,Heme,Hematologic,Chemotherapy,2017
PMID 38252907 a_Summary_SoE.pdf,control,0,2.0,2.0,5.0,9.0,13.0,18.0,21.0,3,Arm C (Pemetrexed plus Platinum),1.5,38252907,Industry,INDUSTRY,Thor,Metastatic,Immunotherapy,2017
PMID 38252907 a_Summary_SoE.pdf,intervention,0,2.0,2.0,5.0,9.0,13.0,18.0,21.0,3,Arm A (Nivolumab plus Pemetrexed/Platinum),1.5,38252907,Industry,INDUSTRY,Thor,Metastatic,Immunotherapy,2017
PMID 38252907 a_Summary_SoE.pdf,intervention,1,2.0,3.0,7.0,13.0,20.0,27.0,14.0,3,Arm B (Nivolumab plus Ipilimumab),2.25,38252907,Industry,INDUSTRY,Thor,Metastatic,Immunotherapy,2017
PMID 38319255 a_Summary_SoE.pdf,control,0,1.0,5.0,9.0,15.0,16.0,17.0,28.0,3,Arm B (Chlorambucil + Obinutuzumab),1.4166666666666667,38319255,Industry,INDUSTRY,Heme,Hematologic,Targeted Therapy,2018
PMID 38319255 a_Summary_SoE.pdf,intervention,0,1.0,2.0,5.0,11.0,14.0,18.0,28.0,3,Arm A (Ibrutinib + Venetoclax),1.5,38319255,Industry,INDUSTRY,Heme,Hematologic,Targeted Therapy,2018
PMID 38319800 a_Summary_SoE.pdf,control,0,1.0,3.0,7.0,10.0,13.0,17.0,28.0,3,Arm B (Placebo + Abiraterone),1.4166666666666667,38319800,Industry,INDUSTRY,GU,Metastatic,Targeted Therapy,2018
PMID 38319800 a_Summary_SoE.pdf,intervention,0,1.0,3.0,7.0,10.0,13.0,17.0,28.0,3,Arm A (Olaparib + Abiraterone),1.4166666666666667,38319800,Industry,INDUSTRY,GU,Metastatic,Targeted Therapy,2018
PMID 38319892 a_Summary_SoE.pdf,control,0,2.0,2.0,4.0,7.0,10.0,15.0,28.0,3,Arm D (Sorafenib 400 mg BID),1.25,38319892,Industry,INDUSTRY,GI,Metastatic,Immunotherapy,2017
PMID 38319892 a_Summary_SoE.pdf,intervention,0,2.0,2.0,4.0,7.0,10.0,15.0,28.0,3,Arm A (Durvalumab 1500 mg monotherapy),1.25,38319892,Industry,INDUSTRY,GI,Metastatic,Immunotherapy,2017
PMID 38319892 a_Summary_SoE.pdf,intervention,1,2.0,2.0,4.0,7.0,10.0,15.0,28.0,3,Arm B (Durvalumab 1500 mg + Tremelimumab 75 mg x 4 doses),1.25,38319892,Industry,INDUSTRY,GI,Metastatic,Immunotherapy,2017
PMID 38319892 a_Summary_SoE.pdf,intervention,2,2.0,2.0,4.0,7.0,10.0,15.0,28.0,3,Arm C (Durvalumab 1500 mg + Tremelimumab 300 mg x 1 dose),1.25,38319892,Industry,INDUSTRY,GI,Metastatic,Immunotherapy,2017
PMID 38319896 a_Summary_SoE.pdf,control,0,1.0,4.0,9.0,17.0,20.0,24.0,21.0,3,Arm B (Placebo plus Gemcitabine and Cisplatin),2.0,38319896,Industry,INDUSTRY,GI,Metastatic,Immunotherapy,2019
PMID 38319896 a_Summary_SoE.pdf,intervention,0,1.0,4.0,9.0,17.0,20.0,24.0,21.0,3,Arm A (Durvalumab plus Gemcitabine and Cisplatin),2.0,38319896,Industry,INDUSTRY,GI,Metastatic,Immunotherapy,2019
PMID 38320161 a_Summary_SoE.pdf,control,0,1.0,2.0,2.0,2.0,2.0,2.0,0.0,3,Control Arm (Standard of Care),0.1666666666666666,38320161,Industry,INDUSTRY,Breast,Non-metastatic,Other,2019
PMID 38320161 a_Summary_SoE.pdf,intervention,0,1.0,2.0,2.0,2.0,2.0,2.0,0.0,3,Treatment Arm (LUM Imaging System),0.1666666666666666,38320161,Industry,INDUSTRY,Breast,Non-metastatic,Other,2019
PMID 38483412 a_Summary_SoE.pdf,control,0,3.0,20.0,37.0,38.0,38.0,39.0,1.0,3,Arm I (COPORT),3.25,38483412,Non-Industry,OTHER,GU,Non-metastatic,Radiation,2017
PMID 38483412 a_Summary_SoE.pdf,intervention,0,3.0,20.0,25.0,26.0,26.0,27.0,1.0,3,Arm II (HYPORT),2.25,38483412,Non-Industry,OTHER,GU,Non-metastatic,Radiation,2017
PMID 38499457 CT_Summary_SoE.pdf,control,0,2.0,10.0,30.0,55.0,77.0,101.0,28.0,3,Group B (Placebo + Azacitidine),8.416666666666666,38499457,Industry,INDUSTRY,Heme,Hematologic,Chemotherapy,2017
PMID 38499457 CT_Summary_SoE.pdf,intervention,0,2.0,10.0,30.0,55.0,77.0,101.0,28.0,3,Group A (Pracinostat + Azacitidine),8.416666666666666,38499457,Industry,INDUSTRY,Heme,Hematologic,Chemotherapy,2017
PMID 38531002 a_Summary_SoE.pdf,control,0,2.0,3.0,7.0,11.0,14.0,18.0,28.0,3,Arm B (Placebo),1.5,38531002,Non-Industry,NIH,GU,Metastatic,Targeted Therapy,2012
PMID 38531002 a_Summary_SoE.pdf,intervention,0,2.0,3.0,7.0,11.0,14.0,18.0,28.0,3,Arm A (Pazopanib),1.5,38531002,Non-Industry,NIH,GU,Metastatic,Targeted Therapy,2012
PMID 38552197 a_Summary_SoE.pdf,control,0,1.0,2.0,5.0,9.0,13.0,18.0,21.0,3,Control Arm (Docetaxel),1.5,38552197,Industry,INDUSTRY,Thor,Metastatic,Immunotherapy,2020
PMID 38552197 a_Summary_SoE.pdf,intervention,0,1.0,2.0,5.0,9.0,13.0,18.0,21.0,3,Experimental Arm (Atezolizumab + Cabozantinib),1.5,38552197,Industry,INDUSTRY,Thor,Metastatic,Immunotherapy,2020
PMID 38561010 a_Summary_SoE.pdf,control,0,2.0,18.0,38.0,43.0,47.0,51.0,21.0,3,Arm 2 (Placebo + CRT),4.25,38561010,Industry,INDUSTRY,HN,Metastatic,Immunotherapy,2017
PMID 38561010 a_Summary_SoE.pdf,intervention,0,2.0,18.0,38.0,43.0,47.0,51.0,21.0,3,Arm 1 (Pembrolizumab + CRT),4.25,38561010,Industry,INDUSTRY,HN,Metastatic,Immunotherapy,2017
PMID 38648575 a_Summary_SoE.pdf,control,0,1.0,13.0,31.0,55.0,80.0,110.0,42.0,3,Arm B (IV Topotecan),9.166666666666666,38648575,Industry,INDUSTRY,Thor,NS,Chemotherapy,2018
PMID 38648575 a_Summary_SoE.pdf,intervention,0,1.0,5.0,11.0,19.0,28.0,38.0,42.0,3,Arm A (Irinotecan Liposome Injection),3.1666666666666665,38648575,Industry,INDUSTRY,Thor,NS,Chemotherapy,2018
PMID 38683596 a_Summary_SoE.pdf,control,0,1.0,0.0,0.0,1.0,1.0,2.0,180.0,3,Arm 2 (Placebo),0.1666666666666666,38683596,Non-Industry,OTHER,Breast,Non-metastatic,Other,2016
PMID 38683596 a_Summary_SoE.pdf,intervention,0,1.0,0.0,0.0,1.0,1.0,2.0,180.0,3,Arm 1 (Aspirin),0.1666666666666666,38683596,Non-Industry,OTHER,Breast,Non-metastatic,Other,2016
PMID 38833643 a_Summary_SoE.pdf,control,0,1.0,1.0,3.0,4.0,5.0,6.0,42.0,3,Arm 2 (Placebo + Endocrine Therapy),0.5,38833643,Non-Industry,NETWORK,Breast,Non-metastatic,Targeted Therapy,2013
PMID 38833643 a_Summary_SoE.pdf,intervention,0,1.0,1.0,3.0,4.0,5.0,6.0,42.0,3,Arm 1 (Everolimus + Endocrine Therapy),0.5,38833643,Non-Industry,NETWORK,Breast,Non-metastatic,Targeted Therapy,2013
PMID 38833658 a_Summary_SoE.pdf,control,0,1.0,4.0,8.0,14.0,21.0,28.0,28.0,3,Arm B (Investigator's Choice SOC - Regorafenib),2.3333333333333335,38833658,Industry,INDUSTRY,GI,Metastatic,Immunotherapy,2021
PMID 38833658 a_Summary_SoE.pdf,intervention,0,1.0,3.0,7.0,13.0,20.0,27.0,28.0,3,Arm A (Lenvatinib + Pembrolizumab),2.25,38833658,Industry,INDUSTRY,GI,Metastatic,Immunotherapy,2021
PMID 38838287a_Summary_SoE.pdf,control,0,2.0,3.0,6.0,10.0,14.0,19.0,42.0,3,Arm B (Sunitinib or Cabozantinib),1.5833333333333333,38838287,Industry,INDUSTRY,GI,Metastatic,Immunotherapy,2018
PMID 38838287a_Summary_SoE.pdf,intervention,0,2.0,5.0,8.0,12.0,16.0,21.0,42.0,3,Arm A (NKTR-214 + Nivolumab),1.75,38838287,Industry,INDUSTRY,GI,Metastatic,Immunotherapy,2018
PMID 38849283 CT_Summary_SoE.pdf,control,0,2.0,2.0,7.0,11.0,14.0,18.0,28.0,3,Arm B (Pd: Pomalidomide + Dexamethasone),1.5,38849283,Industry,INDUSTRY,Heme,Hematologic,Immunotherapy,2016
PMID 38849283 CT_Summary_SoE.pdf,intervention,0,2.0,2.0,7.0,11.0,14.0,18.0,28.0,3,Arm A (N-Pd: Nivolumab + Pomalidomide + Dexamethasone),1.5,38849283,Industry,INDUSTRY,Heme,Hematologic,Immunotherapy,2016
PMID 38849283 CT_Summary_SoE.pdf,intervention,1,2.0,4.0,11.0,15.0,18.0,22.0,28.0,3,Arm C (NE-Pd: Nivolumab + Elotuzumab + Pomalidomide + Dexamethasone),1.8333333333333333,38849283,Industry,INDUSTRY,Heme,Hematologic,Immunotherapy,2016
PMID 38872480 a_Summary_SoE.pdf,control,0,0.0,0.0,0.0,0.0,0.0,0.0,,2,Placebo Group,0.0,38872480,Industry,INDUSTRY,GYN,Metastatic,Targeted Therapy,2018
PMID 38872480 a_Summary_SoE.pdf,intervention,0,0.0,0.0,0.0,0.0,0.0,0.0,,2,Bevacizumab Group,0.0,38872480,Industry,INDUSTRY,GYN,Metastatic,Targeted Therapy,2018
PMID 38889373 a_Summary_SoE.pdf,control,0,2.0,3.0,6.0,9.0,12.0,16.0,28.0,3,Arm B (Letrozole plus Palbociclib),1.3333333333333333,38889373,Industry,INDUSTRY,Breast,Metastatic,Targeted Therapy,2020
PMID 38889373 a_Summary_SoE.pdf,intervention,0,2.0,3.0,6.0,9.0,12.0,16.0,28.0,3,Arm A (Amcenestrant plus Palbociclib),1.3333333333333333,38889373,Industry,INDUSTRY,Breast,Metastatic,Targeted Therapy,2020
PMID 38942046 a_Summary_SoE.pdf,control,0,1.0,1.0,2.0,3.0,4.0,5.0,42.0,3,Arm B (Observation),0.4166666666666667,38942046,Industry,NIH,GU,"Metastatic, Non-metastatic",Immunotherapy,2017
PMID 38942046 a_Summary_SoE.pdf,intervention,0,2.0,2.0,4.0,7.0,10.0,12.0,28.0,3,Arm A (Perioperative Nivolumab),1.0,38942046,Industry,NIH,GU,"Metastatic, Non-metastatic",Immunotherapy,2017
PMId 32955177 a_Summary_SoE.pdf,control,0,2.0,3.0,4.0,5.0,6.0,7.0,84.0,3,Arm B (Placebo),0.5833333333333334,32955177,Industry,INDUSTRY,Thor,Non-metastatic,Other,2015
PMId 32955177 a_Summary_SoE.pdf,intervention,0,2.0,3.0,4.0,5.0,6.0,7.0,84.0,3,Arm A (AZD9291),0.5833333333333334,32955177,Industry,INDUSTRY,Thor,Non-metastatic,Other,2015
PMId 32966830 a_Summary_SoE.pdf,control,0,2.0,5.0,13.0,19.0,23.0,28.0,28.0,3,Arm B (Placebo + nab-paclitaxel + AC),2.3333333333333335,32966830,Industry,INDUSTRY,Breast,Non-metastatic,Immunotherapy,2017
PMId 32966830 a_Summary_SoE.pdf,intervention,0,2.0,5.0,13.0,19.0,23.0,28.0,28.0,3,Arm A (Atezolizumab + nab-paclitaxel + AC),2.3333333333333335,32966830,Industry,INDUSTRY,Breast,Non-metastatic,Immunotherapy,2017
PMId 36395435 a_Summary_SoE.pdf,control,0,2.0,2.0,4.0,7.0,10.0,14.0,28.0,3,Arm B (Ibrutinib 420 mg orally once daily),1.1666666666666667,36395435,Industry,INDUSTRY,Heme,Hematologic,Targeted Therapy,2018
PMId 36395435 a_Summary_SoE.pdf,intervention,0,2.0,2.0,4.0,7.0,10.0,14.0,28.0,3,Arm A (Zanubrutinib 160 mg orally twice daily),1.1666666666666667,36395435,Industry,INDUSTRY,Heme,Hematologic,Targeted Therapy,2018
PMId 37331369 a_Summary_SoE.pdf,control,0,1.0,3.0,7.0,10.0,13.0,17.0,28.0,3,Placebo + BSC,1.4166666666666667,37331369,Industry,INDUSTRY,GI,Metastatic,Other,2020
PMId 37331369 a_Summary_SoE.pdf,intervention,0,1.0,3.0,7.0,10.0,13.0,17.0,28.0,3,Fruquintinib + BSC,1.4166666666666667,37331369,Industry,INDUSTRY,GI,Metastatic,Other,2020
